date,000001.SZ,000002.SZ,000063.SZ,000069.SZ,000100.SZ,000157.SZ,000166.SZ,000301.SZ,000333.SZ,000338.SZ,000408.SZ,000425.SZ,000538.SZ,000568.SZ,000596.SZ,000617.SZ,000625.SZ,000651.SZ,000661.SZ,000708.SZ,000725.SZ,000733.SZ,000768.SZ,000776.SZ,000786.SZ,000792.SZ,000800.SZ,000858.SZ,000876.SZ,000877.SZ,000895.SZ,000938.SZ,000963.SZ,000977.SZ,000983.SZ,000999.SZ,001289.SZ,001979.SZ,002001.SZ,002007.SZ,002027.SZ,002049.SZ,002050.SZ,002074.SZ,002129.SZ,002142.SZ,002179.SZ,002180.SZ,002202.SZ,002230.SZ,002236.SZ,002241.SZ,002252.SZ,002271.SZ,002304.SZ,002311.SZ,002352.SZ,002371.SZ,002410.SZ,002415.SZ,002459.SZ,002460.SZ,002466.SZ,002475.SZ,002493.SZ,002555.SZ,002594.SZ,002601.SZ,002603.SZ,002648.SZ,002709.SZ,002714.SZ,002736.SZ,002812.SZ,002821.SZ,002841.SZ,002916.SZ,002920.SZ,002938.SZ,003816.SZ,300014.SZ,300015.SZ,300033.SZ,300059.SZ,300122.SZ,300124.SZ,300142.SZ,300223.SZ,300274.SZ,300308.SZ,300316.SZ,300347.SZ,300408.SZ,300413.SZ,300433.SZ,300450.SZ,300454.SZ,300496.SZ,300498.SZ,300628.SZ,300661.SZ,300750.SZ,300751.SZ,300759.SZ,300760.SZ,300763.SZ,300782.SZ,300896.SZ,300919.SZ,300957.SZ,300979.SZ,300999.SZ,301269.SZ,600000.SH,600009.SH,600010.SH,600011.SH,600015.SH,600016.SH,600018.SH,600019.SH,600023.SH,600025.SH,600028.SH,600029.SH,600030.SH,600031.SH,600036.SH,600039.SH,600048.SH,600050.SH,600061.SH,600085.SH,600089.SH,600104.SH,600111.SH,600115.SH,600132.SH,600150.SH,600176.SH,600183.SH,600188.SH,600196.SH,600219.SH,600233.SH,600276.SH,600309.SH,600332.SH,600346.SH,600362.SH,600372.SH,600406.SH,600426.SH,600436.SH,600438.SH,600460.SH,600489.SH,600515.SH,600519.SH,600547.SH,600570.SH,600584.SH,600585.SH,600588.SH,600600.SH,600606.SH,600660.SH,600674.SH,600690.SH,600732.SH,600741.SH,600745.SH,600754.SH,600760.SH,600795.SH,600803.SH,600809.SH,600837.SH,600845.SH,600875.SH,600886.SH,600887.SH,600893.SH,600900.SH,600905.SH,600918.SH,600919.SH,600926.SH,600938.SH,600941.SH,600958.SH,600989.SH,600999.SH,601006.SH,601009.SH,601012.SH,601021.SH,601059.SH,601066.SH,601088.SH,601100.SH,601111.SH,601117.SH,601138.SH,601155.SH,601166.SH,601169.SH,601186.SH,601211.SH,601225.SH,601229.SH,601236.SH,601238.SH,601288.SH,601318.SH,601319.SH,601328.SH,601336.SH,601360.SH,601377.SH,601390.SH,601398.SH,601600.SH,601601.SH,601607.SH,601615.SH,601618.SH,601628.SH,601633.SH,601658.SH,601668.SH,601669.SH,601688.SH,601689.SH,601698.SH,601699.SH,601728.SH,601766.SH,601788.SH,601799.SH,601800.SH,601808.SH,601816.SH,601818.SH,601838.SH,601857.SH,601865.SH,601868.SH,601872.SH,601877.SH,601878.SH,601881.SH,601888.SH,601898.SH,601899.SH,601901.SH,601916.SH,601919.SH,601939.SH,601985.SH,601988.SH,601989.SH,601995.SH,601998.SH,603019.SH,603195.SH,603259.SH,603260.SH,603288.SH,603290.SH,603369.SH,603392.SH,603486.SH,603501.SH,603659.SH,603799.SH,603806.SH,603833.SH,603899.SH,603986.SH,603993.SH,605117.SH,605499.SH,688008.SH,688012.SH,688036.SH,688041.SH,688065.SH,688111.SH,688126.SH,688187.SH,688223.SH,688256.SH,688271.SH,688303.SH,688363.SH,688396.SH,688561.SH,688599.SH,688981.SH
2024-01-02,,,,,,,,,,,,,,,,,,,,,,,,,,,,,,,,,,,,,,,,,,,,,,,,,,,,,,,,,,,,,,,,,,,,,,,,,,,,,,,,,,,,,,,,,,,,,,,,,,,,,,,,,,,,,,,,,,-0.0033333333333333335,,,,,,,,,,,,,,,,,,,,,,,,,,,,,,,,,,,,,,,,,,,,,,,,,,,,,,,,,,,,,,,,,,,,,,,,,,,,,,,,,,,,,,,,,,,,,,,,,,,,,,,,,,,,,,,,,,,,,,,,,,,,,,,,,,,,,,,,,,,,,,,,,,,,,,,,,,,,,,,,,,,,,,,,,,,,,,,,,,,,,,,,,,
2024-01-03,,,,,,,,,,,,,,,,,,,,,,,,,,,,,,,,,,,,,,,,,,,,,,,,,,,,,,,,,,,,,,,,,,,,,,,,,,,,,,,,,,,,,,,,,,,,,,,,,,,,,,,,,,,,,,,,,,-1.0,,,,,,,,,,,,,,,,,,,,,,,,,,,,,,,,,,,,,,,,,,,,,,,,,,,,,,,,,,,,,,,,,,,,,,,,,,,,,,,,,,,,,,,,,,,,,,,,,,,,,,,,,,,,,,,,,,,,,,,,,,,,,,,,,,,,,,,,,,,,,,,,,,,,,,,,,,,,,,,,,,,,,,,,,,,,,,,,,,,,,,,,,,
2024-01-04,,,,,,,,,,,,,,,,,,,,,,,,,,,,,,,,,,,,,,,,,,,,,,,,,,,,,,,,,,,,,,,,,,,,,,,,,,,,,,,,,,,,,,,,,,,,,,,,,,,,,,,,,,,,,,,,,,-0.0033333333333333335,,,,,,,,,,,,,,,,,,,,,,,,,,,,,,,,,,,,,,,,,,,,,,,,,,,,,,,,,,,,,,,,,,,,,,,,,,,,,,,,,,,,,,,,,,,,,,,,,,,,,,,,,,,,,,,,,,,,,,,,,,,,,,,,,,,,,,,,,,,,,,,,,,,,,,,,,,,,,,,,,,,,,,,,,,,,,,,,,,,,,,,,,,
2024-01-05,,,,,,,,,,,,,,,,,,,,,,,,,,,,,,,,,,,,,,,,,,,,,,,,,,,,,,,,,,,,,,,,,,,,,,,,,,,,,,,,,,,,,,,,,,,,,,,,,,,,,,,,,,,,,,,,,,-1.0,,,,,,,,,,,,,,,,,,,,,,,,,,,,,,,,,,,,,,,,,,,,,,,,,,,,,,,,,,,,,,,,,,,,,,,,,,,,,,,,,,,,,,,,,,,,,,,,,,,,,,,,,,,,,,,,,,,,,,,,,,,,,,,,,,,,,,,,,,,,,,,,,,,,,,,,,,,,,,,,,,,,,,,,,,,,,,,,,,,,,,,,,,
2024-01-08,,,,,,,,,,,,,,,,,,,,,,,,,,,,,,,,,,,,,,,,,,,,,,,,,,,,,,,,,,,,,,,,,,,,,,,,,,,,,,,,,,,,,,,,,,,,,,,,,,,,,,,,,,,,,,,,,,-0.0033333333333333335,,,,,,,,,,,,,,,,,,,,,,,,,,,,,,,,,,,,,,,,,,,,,,,,,,,,,,,,,,,,,,,,,,,,,,,,,,,,,,,,,,,,,,,,,,,,,,,,,,,,,,,,,,,,,,,,,,,,,,,,,,,,,,,,,,,,,,,,,,,,,,,,,,,,,,,,,,,,,,,,,,,,,,,,,,,,,,,,,,,,,,,,,,
2024-01-09,,,,,,,,,,,,,,,,,,,,,,,,,,,,,,,,,,,,,,,,,,,,,,,,,,,,,,,,,,,,,,,,,,,,,,,,,,,,,,,,,,,,,,,,,,,,,,,,,,,,,,,,,,,,,,,,,,-1.0,,,,,,,,,,,,,,,,,,,,,,,,,,,,,,,,,,,,,,,,,,,,,,,,,,,,,,,,,,,,,,,,,,,,,,,,,,,,,,,,,,,,,,,,,,,,,,,,,,,,,,,,,,,,,,,,,,,,,,,,,,,,,,,,,,,,,,,,,,,,,,,,,,,,,,,,,,,,,,,,,,,,,,,,,,,,,,,,,,,,,,,,,,
2024-01-10,,,,,,,,,,,,,,,,,,,,,,,,,,,,,,,,,,,,,,,,,,,,,,,,,,,,,,,,,,,,,,,,,,,,,,,,,,,,,,,,,,,,,,,,,,,,,,,,,,,,,,,,,,,,,,,,,,-0.0033333333333333335,,,,,,,,,,,,,,,,,,,,,,,,,,,,,,,,,,,,,,,,,,,,,,,,,,,,,,,,,,,,,,,,,,,,,,,,,,,,,,,,,,,,,,,,,,,,,,,,,,,,,,,,,,,,,,,,,,,,,,,,,,,,,,,,,,,,,,,,,,,,,,,,,,,,,,,,,,,,,,,,,,,,,,,,,,,,,,,,,,,,,,,,,,
2024-01-11,,,,,,,,,,,,,,,,,,,,,,,,,,,,,,,,,,,,,,,,,,,,,,,,,,,,,,,,,,,,,,,,,,,,,,,,,,,,,,,,,,,,,,,,,,,,,,,,,,,,,,,,,,,,,,,,,,-0.0033333333333333335,,,,,,,,,,,,,,,,,,,,,,,,,,,,,,,,,,,,,,,,,,,,,,,,,,,,,,,,,,,,,,,,,,,,,,,,,,,,,,,,,,,,,,,,,,,,,,,,,,,,,,,,,,,,,,,,,,,,,,,,,,,,,,,,,,,,,,,,,,,,,,,,,,,,,,,,,,,,,,,,,,,,,,,,,,,,,,,,,,,,,,,,,,
2024-01-12,,,,,,,,,,,,,,,,,,,,,,,,,,,,,,,,,,,,,,,,,,,,,,,,,,,,,,,,,,,,,,,,,,,,,,,,,,,,,,,,,,,,,,,,,,,,,,,,,,,,,,,,,,,,,,,,,,-0.0033333333333333335,,,,,,,,,,,,,,,,,,,,,,,,,,,,,,,,,,,,,,,,,,,,,,,,,,,,,,,,,,,,,,,,,,,,,,,,,,,,,,,,,,,,,,,,,,,,,,,,,,,,,,,,,,,,,,,,,,,,,,,,,,,,,,,,,,,,,,,,,,,,,,,,,,,,,,,,,,,,,,,,,,,,,,,,,,,,,,,,,,,,,,,,,,
2024-01-15,,,,,,,,,,,,,,,,,,,,,,,,,,,,,,,,,,,,,,,,,,,,,,,,,,,,,,,,,,,,,,,,,,,,,,,,,,,,,,,,,,,,,,,,,,,,,,,,,,,,,,,,,,,,,,,,,,-1.0,,,,,,,,,,,,,,,,,,,,,,,,,,,,,,,,,,,,,,,,,,,,,,,,,,,,,,,,,,,,,,,,,,,,,,,,,,,,,,,,,,,,,,,,,,,,,,,,,,,,,,,,,,,,,,,,,,,,,,,,,,,,,,,,,,,,,,,,,,,,,,,,,,,,,,,,,,,,,,,,,,,,,,,,,,,,,,,,,,,,,,,,,,
2024-01-16,,,,,,,,,,,,,,,,,,,,,,,,,,,,,,,,,,,,,,,,,,,,,,,,,,,,,,,,,,,,,,,,,,,,,,,,,,,,,,,,,,,,,,,,,,,,,,,,,,,,,,,,,,,,,,,,,,-1.0,,,,,,,,,,,,,,,,,,,,,,,,,,,,,,,,,,,,,,,,,,,,,,,,,,,,,,,,,,,,,,,,,,,,,,,,,,,,,,,,,,,,,,,,,,,,,,,,,,,,,,,,,,,,,,,,,,,,,,,,,,,,,,,,,,,,,,,,,,,,,,,,,,,,,,,,,,,,,,,,,,,,,,,,,,,,,,,,,,,,,,,,,,
2024-01-17,,,,,,,,,,,,,,,,,,,,,,,,,,,,,,,,,,,,,,,,,,,,,,,,,,,,,,,,,,,,,,,,,,,,,,,,,,,,,,,,,,,,,,,,,,,,,,,,,,,,,,,,,,,,,,,,,,-0.0033333333333333335,,,,,,,,,,,,,,,,,,,,,,,,,,,,,,,,,,,,,,,,,,,,,,,,,,,,,,,,,,,,,,,,,,,,,,,,,,,,,,,,,,,,,,,,,,,,,,,,,,,,,,,,,,,,,,,,,,,,,,,,,,,,,,,,,,,,,,,,,,,,,,,,,,,,,,,,,,,,,,,,,,,,,,,,,,,,,,,,,,,,,,,,,,
2024-01-18,,,,,,,,,,,,,,,,,,,,,,,,,,,,,,,,,,,,,,,,,,,,,,,,,,,,,,,,,,,,,,,,,,,,,,,,,,,,,,,,,,,,,,,,,,,,,,,,,,,,,,,,,,,,,,,,,,-1.0,,,,,,,,,,,,,,,,,,,,,,,,,,,,,,,,,,,,,,,,,,,,,,,,,,,,,,,,,,,,,,,,,,,,,,,,,,,,,,,,,,,,,,,,,,,,,,,,,,,,,,,,,,,,,,,,,,,,,,,,,,,,,,,,,,,,,,,,,,,,,,,,,,,,,,,,,,,,,,,,,,,,,,,,,,,,,,,,,,,,,,,,,,
2024-01-19,,,,,,,,,,,,,,,,,,,,,,,,,,,,,,,,,,,,,,,,,,,,,,,,,,,,,,,,,,,,,,,,,,,,,,,,,,,,,,,,,,,,,,,,,,,,,,,,,,,,,,,,,,,,,,,,,,-1.0,,,,,,,,,,,,,,,,,,,,,,,,,,,,,,,,,,,,,,,,,,,,,,,,,,,,,,,,,,,,,,,,,,,,,,,,,,,,,,,,,,,,,,,,,,,,,,,,,,,,,,,,,,,,,,,,,,,,,,,,,,,,,,,,,,,,,,,,,,,,,,,,,,,,,,,,,,,,,,,,,,,,,,,,,,,,,,,,,,,,,,,,,,
2024-01-22,,,,,,,,,,,,,,,,,,,,,,,,,,,,,,,,,,,,,,,,,,,,,,,,,,,,,,,,,,,,,,,,,,,,,,,,,,,,,,,,,,,,,,,,,,,,,,,,,,,,,,,,,,,,,,,,,,-1.0,,,,,,,,,,,,,,,,,,,,,,,,,,,,,,,,,,,,,,,,,,,,,,,,,,,,,,,,,,,,,,,,,,,,,,,,,,,,,,,,,,,,,,,,,,,,,,,,,,,,,,,,,,,,,,,,,,,,,,,,,,,,,,,,,,,,,,,,,,,,,,,,,,,,,,,,,,,,,,,,,,,,,,,,,,,,,,,,,,,,,,,,,,
2024-01-23,,,,,,,,,,,,,,,,,,,,,,,,,,,,,,,,,,,,,,,,,,,,,,,,,,,,,,,,,,,,,,,,,,,,,,,,,,,,,,,,,,,,,,,,,,,,,,,,,,,,,,,,,,,,,,,,,,-1.0,,,,,,,,,,,,,,,,,,,,,,,,,,,,,,,,,,,,,,,,,,,,,,,,,,,,,,,,,,,,,,,,,,,,,,,,,,,,,,,,,,,,,,,,,,,,,,,,,,,,,,,,,,,,,,,,,,,,,,,,,,,,,,,,,,,,,,,,,,,,,,,,,,,,,,,,,,,,,,,,,,,,,,,,,,,,,,,,,,,,,,,,,,
2024-01-24,,,,,,,,,,,,,,,,,,,,,,,,,,,,,,,,,,,,,,,,,,,,,,,,,,,,,,,,,,,,,,,,,,,,,,,,,,,,,,,,,,,,,,,,,,,,,,,,,,,,,,,,,,,,,,,,,,-1.0,,,,,,,,,,,,,,,,,,,,,,,,,,,,,,,,,,,,,,,,,,,,,,,,,,,,,,,,,,,,,,,,,,,,,,,,,,,,,,,,,,,,,,,,,,,,,,,,,,,,,,,,,,,,,,,,,,,,,,,,,,,,,,,,,,,,,,,,,,,,,,,,,,,,,,,,,,,,,,,,,,,,,,,,,,,,,,,,,,,,,,,,,,
2024-01-25,,,,,,,,,,,,,,,,,,,,,,,,,,,,,,,,,,,,,,,,,,,,,,,,,,,,,,,,,,,,,,,,,,,,,,,,,,,,,,,,,,,,,,,,,,,,,,,,,,,,,,,,,,,,,,,,,,-1.0,,,,,,,,,,,,,,,,,,,,,,,,,,,,,,,,,,,,,,,,,,,,,,,,,,,,,,,,,,,,,,,,,,,,,,,,,,,,,,,,,,,,,,,,,,,,,,,,,,,,,,,,,,,,,,,,,,,,,,,,,,,,,,,,,,,,,,,,,,,,,,,,,,,,,,,,,,,,,,,,,,,,,,,,,,,,,,,,,,,,,,,,,,
2024-01-26,,,,,,,,,,,,,,,,,,,,,,,,,,,,,,,,,,,,,,,,,,,,,,,,,,,,,,,,,,,,,,,,,,,,,,,,,,,,,,,,,,,,,,,,,,,,,,,,,,,,,,,,,,,,,,,,,,-1.0,,,,,,,,,,,,,,,,,,,,,,,,,,,,,,,,,,,,,,,,,,,,,,,,,,,,,,,,,,,,,,,,,,,,,,,,,,,,,,,,,,,,,,,,,,,,,,,,,,,,,,,,,,,,,,,,,,,,,,,,,,,,,,,,,,,,,,,,,,,,,,,,,,,,,,,,,,,,,,,,,,,,,,,,,,,,,,,,,,,,,,,,,,
2024-01-29,,,,,,,,,,,,,,,,,,,,,,,,,,,,,,,,,,,,,,,,,,,,,,,,,,,,,,,,,,,,,,,,,,,,,,,,,,,,,,,,,,,,,,,,,,,,,,,,,,,,,,,,,,,,,,,,,,-1.0,,,,,,,,,,,,,,,,,,,,,,,,,,,,,,,,,,,,,,,,,,,,,,,,,,,,,,,,,,,,,,,,,,,,,,,,,,,,,,,,,,,,,,,,,,,,,,,,,,,,,,,,,,,,,,,,,,,,,,,,,,,,,,,,,,,,,,,,,,,,,,,,,,,,,,,,,,,,,,,,,,,,,,,,,,,,,,,,,,,,,,,,,,
2024-01-30,,,,,,,,,,,,,,,,,,,,,,,,,,,,,,,,,,,,,,,,,,,,,,,,,,,,,,,,,,,,,,,,,,,,,,,,,,,,,,,,,,,,,,,,,,,,,,,,,,,,,,,,,,,,,,,,,,-0.0033333333333333335,,,,,,,,,,,,,,,,,,,,,,,,,,,,,,,,,,,,,,,,,,,,,,,,,,,,,,,,,,,,,,,,,,,,,,,,,,,,,,,,,,,,,,,,,,,,,,,,,,,,,,,,,,,,,,,,,,,,,,,,,,,,,,,,,,,,,,,,,,,,,,,,,,,,,,,,,,,,,,,,,,,,,,,,,,,,,,,,,,,,,,,,,,
2024-01-31,,,,,,,,,,,,,,,,,,,,,,,,,,,,,,,,,,,,,,,,,,,,,,,,,,,,,,,,,,,,,,,,,,,,,,,,,,,,,,,,,,,,,,,,,,,,,,,,,,,,,,,,,,,,,,,,,,-1.0,,,,,,,,,,,,,,,,,,,,,,,,,,,,,,,,,,,,,,,,,,,,,,,,,,,,,,,,,,,,,,,,,,,,,,,,,,,,,,,,,,,,,,,,,,,,,,,,,,,,,,,,,,,,,,,,,,,,,,,,,,,,,,,,,,,,,,,,,,,,,,,,,,,,,,,,,,,,,,,,,,,,,,,,,,,,,,,,,,,,,,,,,,
2024-02-01,,,,,,,,,,,,,,,,,,,,,,,,,,,,,,,,,,,,,,,,,,,,,,,,,,,,,,,,,,,,,,,,,,,,,,,,,,,,,,,,,,,,,,,,,,,,,,,,,,,,,,,,,,,,,,,,,,-0.0033333333333333335,,,,,,,,,,,,,,,,,,,,,,,,,,,,,,,,,,,,,,,,,,,,,,,,,,,,,,,,,,,,,,,,,,,,,,,,,,,,,,,,,,,,,,,,,,,,,,,,,,,,,,,,,,,,,,,,,,,,,,,,,,,,,,,,,,,,,,,,,,,,,,,,,,,,,,,,,,,,,,,,,,,,,,,,,,,,,,,,,,,,,,,,,,
2024-02-02,,,,,,,,,,,,,,,,,,,,,,,,,,,,,,,,,,,,,,,,,,,,,,,,,,,,,,,,,,,,,,,,,,,,,,,,,,,,,,,,,,,,,,,,,,,,,,,,,,,,,,,,,,,,,,,,,,-1.0,,,,,,,,,,,,,,,,,,,,,,,,,,,,,,,,,,,,,,,,,,,,,,,,,,,,,,,,,,,,,,,,,,,,,,,,,,,,,,,,,,,,,,,,,,,,,,,,,,,,,,,,,,,,,,,,,,,,,,,,,,,,,,,,,,,,,,,,,,,,,,,,,,,,,,,,,,,,,,,,,,,,,,,,,,,,,,,,,,,,,,,,,,
2024-02-05,,,,,,,,,,,,,,,,,,,,,,,,,,,,,,,,,,,,,,,,,,,,,,,,,,,,,,,,,,,,,,,,,,,,,,,,,,,,,,,,,,,,,,,,,,,,,,,,,,,,,,,,,,,,,,,,,,-1.0,,,,,,,,,,,,,,,,,,,,,,,,,,,,,,,,,,,,,,,,,,,,,,,,,,,,,,,,,,,,,,,,,,,,,,,,,,,,,,,,,,,,,,,,,,,,,,,,,,,,,,,,,,,,,,,,,,,,,,,,,,,,,,,,,,,,,,,,,,,,,,,,,,,,,,,,,,,,,,,,,,,,,,,,,,,,,,,,,,,,,,,,,,
2024-02-06,,,,,,,,,,,,,,,,,,,,,,,,,,,,,,,,,,,,,,,,,,,,,,,,,,,,,,,,,,,,,,,,,,,,,,,,,,,,,,,,,,,,,,,,,,,,,,,,,,,,,,,,,,,,,,,,,,-1.0,,,,,,,,,,,,,,,,,,,,,,,,,,,,,,,,,,,,,,,,,,,,,,,,,,,,,,,,,,,,,,,,,,,,,,,,,,,,,,,,,,,,,,,,,,,,,,,,,,,,,,,,,,,,,,,,,,,,,,,,,,,,,,,,,,,,,,,,,,,,,,,,,,,,,,,,,,,,,,,,,,,,,,,,,,,,,,,,,,,,,,,,,,
2024-02-07,,,,,,,,,,,,,,,,,,,,,,,,,,,,,,,,,,,,,,,,,,,,,,,,,,,,,,,,,,,,,,,,,,,,,,,,,,,,,,,,,,,,,,,,,,,,,,,,,,,,,,,,,,,,,,,,,,-0.0033333333333333335,,,,,,,,,,,,,,,,,,,,,,,,,,,,,,,,,,,,,,,,,,,,,,,,,,,,,,,,,,,,,,,,,,,,,,,,,,,,,,,,,,,,,,,,,,,,,,,,,,,,,,,,,,,,,,,,,,,,,,,,,,,,,,,,,,,,,,,,,,,,,,,,,,,,,,,,,,,,,,,,,,,,,,,,,,,,,,,,,,,,,,,,,,
2024-02-08,,,,,,,,,,,,,,,,,,,,,,,,,,,,,,,,,,,,,,,,,,,,,,,,,,,,,,,,,,,,,,,,,,,,,,,,,,,,,,,,,,,,,,,,,,,,,,,,,,,,,,,,,,,,,,,,,,-1.0,,,,,,,,,,,,,,,,,,,,,,,,,,,,,,,,,,,,,,,,,,,,,,,,,,,,,,,,,,,,,,,,,,,,,,,,,,,,,,,,,,,,,,,,,,,,,,,,,,,,,,,,,,,,,,,,,,,,,,,,,,,,,,,,,,,,,,,,,,,,,,,,,,,,,,,,,,,,,,,,,,,,,,,,,,,,,,,,,,,,,,,,,,
2024-02-19,,,,,,,,,,,,,,,,,,,,,,,,,,,,,,,,,,,,,,,,,,,,,,,,,,,,,,,,,,,,,,,,,,,,,,,,,,,,,,,,,,,,,,,,,,,,,,,,,,,,,,,,,,,,,,,,,,-1.0,,,,,,,,,,,,,,,,,,,,,,,,,,,,,,,,,,,,,,,,,,,,,,,,,,,,,,,,,,,,,,,,,,,,,,,,,,,,,,,,,,,,,,,,,,,,,,,,,,,,,,,,,,,,,,,,,,,,,,,,,,,,,,,,,,,,,,,,,,,,,,,,,,,,,,,,,,,,,,,,,,,,,,,,,,,,,,,,,,,,,,,,,,
2024-02-20,,,,,,,,,,,,,,,,,,,,,,,,,,,,,,,,,,,,,,,,,,,,,,,,,,,,,,,,,,,,,,,,,,,,,,,,,,,,,,,,,,,,,,,,,,,,,,,,,,,,,,,,,,,,,,,,,,-0.0033333333333333335,,,,,,,,,,,,,,,,,,,,,,,,,,,,,,,,,,,,,,,,,,,,,,,,,,,,,,,,,,,,,,,,,,,,,,,,,,,,,,,,,,,,,,,,,,,,,,,,,,,,,,,,,,,,,,,,,,,,,,,,,,,,,,,,,,,,,,,,,,,,,,,,,,,,,,,,,,,,,,,,,,,,,,,,,,,,,,,,,,,,,,,,,,
2024-02-21,,,,,,,,,,,,,,,,,,,,,,,,,,,,,,,,,,,,,,,,,,,,,,,,,,,,,,,,,,,,,,,,,,,,,,,,,,,,,,,,,,,,,,,,,,,,,,,,,,,,,,,,,,,,,,,,,,-1.0,,,,,,,,,,,,,,,,,,,,,,,,,,,,,,,,,,,,,,,,,,,,,,,,,,,,,,,,,,,,,,,,,,,,,,,,,,,,,,,,,,,,,,,,,,,,,,,,,,,,,,,,,,,,,,,,,,,,,,,,,,,,,,,,,,,,,,,,,,,,,,,,,,,,,,,,,,,,,,,,,,,,,,,,,,,,,,,,,,,,,,,,,,
2024-02-22,,,,,,,,,,,,,,,,,,,,,,,,,,,,,,,,,,,,,,,,,,,,,,,,,,,,,,,,,,,,,,,,,,,,,,,,,,,,,,,,,,,,,,,,,,,,,,,,,,,,,,,,,,,,,,,,,,-0.0033333333333333335,,,,,,,,,,,,,,,,,,,,,,,,,,,,,,,,,,,,,,,,,,,,,,,,,,,,,,,,,,,,,,,,,,,,,,,,,,,,,,,,,,,,,,,,,,,,,,,,,,,,,,,,,,,,,,,,,,,,,,,,,,,,,,,,,,,,,,,,,,,,,,,,,,,,,,,,,,,,,,,,,,,,,,,,,,,,,,,,,,,,,,,,,,
2024-02-23,,,,,,,,,,,,,,,,,,,,,,,,,,,,,,,,,,,,,,,,,,,,,,,,,,,,,,,,,,,,,,,,,,,,,,,,,,,,,,,,,,,,,,,,,,,,,,,,,,,,,,,,,,,,,,,,,,-1.0,,,,,,,,,,,,,,,,,,,,,,,,,,,,,,,,,,,,,,,,,,,,,,,,,,,,,,,,,,,,,,,,,,,,,,,,,,,,,,,,,,,,,,,,,,,,,,,,,,,,,,,,,,,,,,,,,,,,,,,,,,,,,,,,,,,,,,,,,,,,,,,,,,,,,,,,,,,,,,,,,,,,,,,,,,,,,,,,,,,,,,,,,,
2024-02-26,,,,,,,,,,,,,,,,,,,,,,,,,,,,,,,,,,,,,,,,,,,,,,,,,,,,,,,,,,,,,,,,,,,,,,,,,,,,,,,,,,,,,,,,,,,,,,,,,,,,,,,,,,,,,,,,,,-0.0033333333333333335,,,,,,,,,,,,,,,,,,,,,,,,,,,,,,,,,,,,,,,,,,,,,,,,,,,,,,,,,,,,,,,,,,,,,,,,,,,,,,,,,,,,,,,,,,,,,,,,,,,,,,,,,,,,,,,,,,,,,,,,,,,,,,,,,,,,,,,,,,,,,,,,,,,,,,,,,,,,,,,,,,,,,,,,,,,,,,,,,,,,,,,,,,
2024-02-27,,,,,,,,,,,,,,,,,,,,,,,,,,,,,,,,,,,,,,,,,,,,,,,,,,,,,,,,,,,,,,,,,,,,,,,,,,,,,,,,,,,,,,,,,,,,,,,,,,,,,,,,,,,,,,,,,,-1.0,,,,,,,,,,,,,,,,,,,,,,,,,,,,,,,,,,,,,,,,,,,,,,,,,,,,,,,,,,,,,,,,,,,,,,,,,,,,,,,,,,,,,,,,,,,,,,,,,,,,,,,,,,,,,,,,,,,,,,,,,,,,,,,,,,,,,,,,,,,,,,,,,,,,,,,,,,,,,,,,,,,,,,,,,,,,,,,,,,,,,,,,,,
2024-02-28,,,,,,,,,,,,,,,,,,,,,,,,,,,,,,,,,,,,,,,,,,,,,,,,,,,,,,,,,,,,,,,,,,,,,,,,,,,,,,,,,,,,,,,,,,,,,,,,,,,,,,,,,,,,,,,,,,-0.0033333333333333335,,,,,,,,,,,,,,,,,,,,,,,,,,,,,,,,,,,,,,,,,,,,,,,,,,,,,,,,,,,,,,,,,,,,,,,,,,,,,,,,,,,,,,,,,,,,,,,,,,,,,,,,,,,,,,,,,,,,,,,,,,,,,,,,,,,,,,,,,,,,,,,,,,,,,,,,,,,,,,,,,,,,,,,,,,,,,,,,,,,,,,,,,,
2024-02-29,,,,,,,,,,,,,,,,,,,,,,,,,,,,,,,,,,,,,,,,,,,,,,,,,,,,,,,,,,,,,,,,,,,,,,,,,,,,,,,,,,,,,,,,,,,,,,,,,,,,,,,,,,,,,,,,,,-1.0,,,,,,,,,,,,,,,,,,,,,,,,,,,,,,,,,,,,,,,,,,,,,,,,,,,,,,,,,,,,,,,,,,,,,,,,,,,,,,,,,,,,,,,,,,,,,,,,,,,,,,,,,,,,,,,,,,,,,,,,,,,,,,,,,,,,,,,,,,,,,,,,,,,,,,,,,,,,,,,,,,,,,,,,,,,,,,,,,,,,,,,,,,
2024-03-01,,,,,,,,,,,,,,,,,,,,,,,,,,,,,,,,,,,,,,,,,,,,,,,,,,,,,,,,,,,,,,,,,,,,,,,,,,,,,,,,,,,,,,,,,,,,,,,,,,,,,,,,,,,,,,,,,,-0.0033333333333333335,,,,,,,,,,,,,,,,,,,,,,,,,,,,,,,,,,,,,,,,,,,,,,,,,,,,,,,,,,,,,,,,,,,,,,,,,,,,,,,,,,,,,,,,,,,,,,,,,,,,,,,,,,,,,,,,,,,,,,,,,,,,,,,,,,,,,,,,,,,,,,,,,,,,,,,,,,,,,,,,,,,,,,,,,,,,,,,,,,,,,,,,,,
2024-03-04,,,,,,,,,,,,,,,,,,,,,,,,,,,,,,,,,,,,,,,,,,,,,,,,,,,,,,,,,,,,,,,,,,,,,,,,,,,,,,,,,,,,,,,,,,,,,,,,,,,,,,,,,,,,,,,,,,-0.0033333333333333335,,,,,,,,,,,,,,,,,,,,,,,,,,,,,,,,,,,,,,,,,,,,,,,,,,,,,,,,,,,,,,,,,,,,,,,,,,,,,,,,,,,,,,,,,,,,,,,,,,,,,,,,,,,,,,,,,,,,,,,,,,,,,,,,,,,,,,,,,,,,,,,,,,,,,,,,,,,,,,,,,,,,,,,,,,,,,,,,,,,,,,,,,,
2024-03-05,,,,,,,,,,,,,,,,,,,,,,,,,,,,,,,,,,,,,,,,,,,,,,,,,,,,,,,,,,,,,,,,,,,,,,,,,,,,,,,,,,,,,,,,,,,,,,,,,,,,,,,,,,,,,,,,,,-1.0,,,,,,,,,,,,,,,,,,,,,,,,,,,,,,,,,,,,,,,,,,,,,,,,,,,,,,,,,,,,,,,,,,,,,,,,,,,,,,,,,,,,,,,,,,,,,,,,,,,,,,,,,,,,,,,,,,,,,,,,,,,,,,,,,,,,,,,,,,,,,,,,,,,,,,,,,,,,,,,,,,,,,,,,,,,,,,,,,,,,,,,,,,
2024-03-06,,,,,,,,,,,,,,,,,,,,,,,,,,,,,,,,,,,,,,,,,,,,,,,,,,,,,,,,,,,,,,,,,,,,,,,,,,,,,,,,,,,,,,,,,,,,,,,,,,,,,,,,,,,,,,,,,,-0.0033333333333333335,,,,,,,,,,,,,,,,,,,,,,,,,,,,,,,,,,,,,,,,,,,,,,,,,,,,,,,,,,,,,,,,,,,,,,,,,,,,,,,,,,,,,,,,,,,,,,,,,,,,,,,,,,,,,,,,,,,,,,,,,,,,,,,,,,,,,,,,,,,,,,,,,,,,,,,,,,,,,,,,,,,,,,,,,,,,,,,,,,,,,,,,,,
2024-03-07,,,,,,,,,,,,,,,,,,,,,,,,,,,,,,,,,,,,,,,,,,,,,,,,,,,,,,,,,,,,,,,,,,,,,,,,,,,,,,,,,,,,,,,,,,,,,,,,,,,,,,,,,,,,,,,,,,-1.0,,,,,,,,,,,,,,,,,,,,,,,,,,,,,,,,,,,,,,,,,,,,,,,,,,,,,,,,,,,,,,,,,,,,,,,,,,,,,,,,,,,,,,,,,,,,,,,,,,,,,,,,,,,,,,,,,,,,,,,,,,,,,,,,,,,,,,,,,,,,,,,,,,,,,,,,,,,,,,,,,,,,,,,,,,,,,,,,,,,,,,,,,,
2024-03-08,,,,,,,,,,,,,,,,,,,,,,,,,,,,,,,,,,,,,,,,,,,,,,,,,,,,,,,,,,,,,,,,,,,,,,,,,,,,,,,,,,,,,,,,,,,,,,,,,,,,,,,,,,,,,,,,,,-0.0033333333333333335,,,,,,,,,,,,,,,,,,,,,,,,,,,,,,,,,,,,,,,,,,,,,,,,,,,,,,,,,,,,,,,,,,,,,,,,,,,,,,,,,,,,,,,,,,,,,,,,,,,,,,,,,,,,,,,,,,,,,,,,,,,,,,,,,,,,,,,,,,,,,,,,,,,,,,,,,,,,,,,,,,,,,,,,,,,,,,,,,,,,,,,,,,
2024-03-11,,,,,,,,,,,,,,,,,,,,,,,,,,,,,,,,,,,,,,,,,,,,,,,,,,,,,,,,,,,,,,,,,,,,,,,,,,,,,,,,,,,,,,,,,,,,,,,,,,,,,,,,,,,,,,,,,,-0.0033333333333333335,,,,,,,,,,,,,,,,,,,,,,,,,,,,,,,,,,,,,,,,,,,,,,,,,,,,,,,,,,,,,,,,,,,,,,,,,,,,,,,,,,,,,,,,,,,,,,,,,,,,,,,,,,,,,,,,,,,,,,,,,,,,,,,,,,,,,,,,,,,,,,,,,,,,,,,,,,,,,,,,,,,,,,,,,,,,,,,,,,,,,,,,,,
2024-03-12,,,,,,,,,,,,,,,,,,,,,,,,,,,,,,,,,,,,,,,,,,,,,,,,,,,,,,,,,,,,,,,,,,,,,,,,,,,,,,,,,,,,,,,,,,,,,,,,,,,,,,,,,,,,,,,,,,-0.0033333333333333335,,,,,,,,,,,,,,,,,,,,,,,,,,,,,,,,,,,,,,,,,,,,,,,,,,,,,,,,,,,,,,,,,,,,,,,,,,,,,,,,,,,,,,,,,,,,,,,,,,,,,,,,,,,,,,,,,,,,,,,,,,,,,,,,,,,,,,,,,,,,,,,,,,,,,,,,,,,,,,,,,,,,,,,,,,,,,,,,,,,,,,,,,,
2024-03-13,,,,,,,,,,,,,,,,,,,,,,,,,,,,,,,,,,,,,,,,,,,,,,,,,,,,,,,,,,,,,,,,,,,,,,,,,,,,,,,,,,,,,,,,,,,,,,,,,,,,,,,,,,,,,,,,,,-0.0033333333333333335,,,,,,,,,,,,,,,,,,,,,,,,,,,,,,,,,,,,,,,,,,,,,,,,,,,,,,,,,,,,,,,,,,,,,,,,,,,,,,,,,,,,,,,,,,,,,,,,,,,,,,,,,,,,,,,,,,,,,,,,,,,,,,,,,,,,,,,,,,,,,,,,,,,,,,,,,,,,,,,,,,,,,,,,,,,,,,,,,,,,,,,,,,
2024-03-14,,,,,,,,,,,,,,,,,,,,,,,,,,,,,,,,,,,,,,,,,,,,,,,,,,,,,,,,,,,,,,,,,,,,,,,,,,,,,,,,,,,,,,,,,,,,,,,,,,,,,,,,,,,,,,,,,,-0.0033333333333333335,,,,,,,,,,,,,,,,,,,,,,,,,,,,,,,,,,,,,,,,,,,,,,,,,,,,,,,,,,,,,,,,,,,,,,,,,,,,,,,,,,,,,,,,,,,,,,,,,,,,,,,,,,,,,,,,,,,,,,,,,,,,,,,,,,,,,,,,,,,,,,,,,,,,,,,,,,,,,,,,,,,,,,,,,,,,,,,,,,,,,,,,,,
2024-03-15,,,,,,,,,,,,,,,,,,,,,,,,,,,,,,,,,,,,,,,,,,,,,,,,,,,,,,,,,,,,,,,,,,,,,,,,,,,,,,,,,,,,,,,,,,,,,,,,,,,,,,,,,,,,,,,,,,-1.0,,,,,,,,,,,,,,,,,,,,,,,,,,,,,,,,,,,,,,,,,,,,,,,,,,,,,,,,,,,,,,,,,,,,,,,,,,,,,,,,,,,,,,,,,,,,,,,,,,,,,,,,,,,,,,,,,,,,,,,,,,,,,,,,,,,,,,,,,,,,,,,,,,,,,,,,,,,,,,,,,,,,,,,,,,,,,,,,,,,,,,,,,,
2024-03-18,,,,,,,,,,,,,,,,,,,,,,,,,,,,,,,,,,,,,,,,,,,,,,,,,,,,,,,,,,,,,,,,,,,,,,,,,,,,,,,,,,,,,,,,,,,,,,,,,,,,,,,,,,,,,,,,,,-1.0,,,,,,,,,,,,,,,,,,,,,,,,,,,,,,,,,,,,,,,,,,,,,,,,,,,,,,,,,,,,,,,,,,,,,,,,,,,,,,,,,,,,,,,,,,,,,,,,,,,,,,,,,,,,,,,,,,,,,,,,,,,,,,,,,,,,,,,,,,,,,,,,,,,,,,,,,,,,,,,,,,,,,,,,,,,,,,,,,,,,,,,,,,
2024-03-19,,,,,,,,,,,,,,,,,,,,,,,,,,,,,,,,,,,,,,,,,,,,,,,,,,,,,,,,,,,,,,,,,,,,,,,,,,,,,,,,,,,,,,,,,,,,,,,,,,,,,,,,,,,,,,,,,,-0.0033333333333333335,,,,,,,,,,,,,,,,,,,,,,,,,,,,,,,,,,,,,,,,,,,,,,,,,,,,,,,,,,,,,,,,,,,,,,,,,,,,,,,,,,,,,,,,,,,,,,,,,,,,,,,,,,,,,,,,,,,,,,,,,,,,,,,,,,,,,,,,,,,,,,,,,,,,,,,,,,,,,,,,,,,,,,,,,,,,,,,,,,,,,,,,,,
2024-03-20,,,,,,,,,,,,,,,,,,,,,,,,,,,,,,,,,,,,,,,,,,,,,,,,,,,,,,,,,,,,,,,,,,,,,,,,,,,,,,,,,,,,,,,,,,,,,,,,,,,,,,,,,,,,,,,,,,-1.0,,,,,,,,,,,,,,,,,,,,,,,,,,,,,,,,,,,,,,,,,,,,,,,,,,,,,,,,,,,,,,,,,,,,,,,,,,,,,,,,,,,,,,,,,,,,,,,,,,,,,,,,,,,,,,,,,,,,,,,,,,,,,,,,,,,,,,,,,,,,,,,,,,,,,,,,,,,,,,,,,,,,,,,,,,,,,,,,,,,,,,,,,,
2024-03-21,,,,,,,,,,,,,,,,,,,,,,,,,,,,,,,,,,,,,,,,,,,,,,,,,,,,,,,,,,,,,,,,,,,,,,,,,,,,,,,,,,,,,,,,,,,,,,,,,,,,,,,,,,,,,,,,,,-1.0,,,,,,,,,,,,,,,,,,,,,,,,,,,,,,,,,,,,,,,,,,,,,,,,,,,,,,,,,,,,,,,,,,,,,,,,,,,,,,,,,,,,,,,,,,,,,,,,,,,,,,,,,,,,,,,,,,,,,,,,,,,,,,,,,,,,,,,,,,,,,,,,,,,,,,,,,,,,,,,,,,,,,,,,,,,,,,,,,,,,,,,,,,
2024-03-22,,,,,,,,,,,,,,,,,,,,,,,,,,,,,,,,,,,,,,,,,,,,,,,,,,,,,,,,,,,,,,,,,,,,,,,,,,,,,,,,,,,,,,,,,,,,,,,,,,,,,,,,,,,,,,,,,,-0.0033333333333333335,,,,,,,,,,,,,,,,,,,,,,,,,,,,,,,,,,,,,,,,,,,,,,,,,,,,,,,,,,,,,,,,,,,,,,,,,,,,,,,,,,,,,,,,,,,,,,,,,,,,,,,,,,,,,,,,,,,,,,,,,,,,,,,,,,,,,,,,,,,,,,,,,,,,,,,,,,,,,,,,,,,,,,,,,,,,,,,,,,,,,,,,,,
2024-03-25,,,,,,,,,,,,,,,,,,,,,,,,,,,,,,,,,,,,,,,,,,,,,,,,,,,,,,,,,,,,,,,,,,,,,,,,,,,,,,,,,,,,,,,,,,,,,,,,,,,,,,,,,,,,,,,,,,-0.0033333333333333335,,,,,,,,,,,,,,,,,,,,,,,,,,,,,,,,,,,,,,,,,,,,,,,,,,,,,,,,,,,,,,,,,,,,,,,,,,,,,,,,,,,,,,,,,,,,,,,,,,,,,,,,,,,,,,,,,,,,,,,,,,,,,,,,,,,,,,,,,,,,,,,,,,,,,,,,,,,,,,,,,,,,,,,,,,,,,,,,,,,,,,,,,,
2024-03-26,,,,,,,,,,,,,,,,,,,,,,,,,,,,,,,,,,,,,,,,,,,,,,,,,,,,,,,,,,,,,,,,,,,,,,,,,,,,,,,,,,,,,,,,,,,,,,,,,,,,,,,,,,,,,,,,,,-1.0,,,,,,,,,,,,,,,,,,,,,,,,,,,,,,,,,,,,,,,,,,,,,,,,,,,,,,,,,,,,,,,,,,,,,,,,,,,,,,,,,,,,,,,,,,,,,,,,,,,,,,,,,,,,,,,,,,,,,,,,,,,,,,,,,,,,,,,,,,,,,,,,,,,,,,,,,,,,,,,,,,,,,,,,,,,,,,,,,,,,,,,,,,
2024-03-27,,,,,,,,,,,,,,,,,,,,,,,,,,,,,,,,,,,,,,,,,,,,,,,,,,,,,,,,,,,,,,,,,,,,,,,,,,,,,,,,,,,,,,,,,,,,,,,,,,,,,,,,,,,,,,,,,,-1.0,,,,,,,,,,,,,,,,,,,,,,,,,,,,,,,,,,,,,,,,,,,,,,,,,,,,,,,,,,,,,,,,,,,,,,,,,,,,,,,,,,,,,,,,,,,,,,,,,,,,,,,,,,,,,,,,,,,,,,,,,,,,,,,,,,,,,,,,,,,,,,,,,,,,,,,,,,,,,,,,,,,,,,,,,,,,,,,,,,,,,,,,,,
2024-03-28,,,,,,,,,,,,,,,,,,,,,,,,,,,,,,,,,,,,,,,,,,,,,,,,,,,,,,,,,,,,,,,,,,,,,,,,,,,,,,,,,,,,,,,,,,,,,,,,,,,,,,,,,,,,,,,,,,-0.0033333333333333335,,,,,,,,,,,,,,,,,,,,,,,,,,,,,,,,,,,,,,,,,,,,,,,,,,,,,,,,,,,,,,,,,,,,,,,,,,,,,,,,,,,,,,,,,,,,,,,,,,,,,,,,,,,,,,,,,,,,,,,,,,,,,,,,,,,,,,,,,,,,,,,,,,,,,,,,,,,,,,,,,,,,,,,,,,,,,,,,,,,,,,,,,,
2024-03-29,,,,,,,,,,,,,,,,,,,,,,,,,,,,,,,,,,,,,,,,,,,,,,,,,,,,,,,,,,,,,,,,,,,,,,,,,,,,,,,,,,,,,,,,,,,,,,,,,,,,,,,,,,,,,,,,,,-0.0033333333333333335,,,,,,,,,,,,,,,,,,,,,,,,,,,,,,,,,,,,,,,,,,,,,,,,,,,,,,,,,,,,,,,,,,,,,,,,,,,,,,,,,,,,,,,,,,,,,,,,,,,,,,,,,,,,,,,,,,,,,,,,,,,,,,,,,,,,,,,,,,,,,,,,,,,,,,,,,,,,,,,,,,,,,,,,,,,,,,,,,,,,,,,,,,
2024-04-01,,,,,,,,,,,,,,,,,,,,,,,,,,,,,,,,,,,,,,,,,,,,,,,,,,,,,,,,,,,,,,,,,,,,,,,,,,,,,,,,,,,,,,,,,,,,,,,,,,,,,,,,,,,,,,,,,,-1.0,,,,,,,,,,,,,,,,,,,,,,,,,,,,,,,,,,,,,,,,,,,,,,,,,,,,,,,,,,,,,,,,,,,,,,,,,,,,,,,,,,,,,,,,,,,,,,,,,,,,,,,,,,,,,,,,,,,,,,,,,,,,,,,,,,,,,,,,,,,,,,,,,,,,,,,,,,,,,,,,,,,,,,,,,,,,,,,,,,,,,,,,,,
2024-04-02,,,,,,,,,,,,,,,,,,,,,,,,,,,,,,,,,,,,,,,,,,,,,,,,,,,,,,,,,,,,,,,,,,,,,,,,,,,,,,,,,,,,,,,,,,,,,,,,,,,,,,,,,,,,,,,,,,-1.0,,,,,,,,,,,,,,,,,,,,,,,,,,,,,,,,,,,,,,,,,,,,,,,,,,,,,,,,,,,,,,,,,,,,,,,,,,,,,,,,,,,,,,,,,,,,,,,,,,,,,,,,,,,,,,,,,,,,,,,,,,,,,,,,,,,,,,,,,,,,,,,,,,,,,,,,,,,,,,,,,,,,,,,,,,,,,,,,,,,,,,,,,,
2024-04-03,,,,,,,,,,,,,,,,,,,,,,,,,,,,,,,,,,,,,,,,,,,,,,,,,,,,,,,,,,,,,,,,,,,,,,,,,,,,,,,,,,,,,,,,,,,,,,,,,,,,,,,,,,,,,,,,,,-0.0033333333333333335,,,,,,,,,,,,,,,,,,,,,,,,,,,,,,,,,,,,,,,,,,,,,,,,,,,,,,,,,,,,,,,,,,,,,,,,,,,,,,,,,,,,,,,,,,,,,,,,,,,,,,,,,,,,,,,,,,,,,,,,,,,,,,,,,,,,,,,,,,,,,,,,,,,,,,,,,,,,,,,,,,,,,,,,,,,,,,,,,,,,,,,,,,
2024-04-08,,,,,,,,,,,,,,,,,,,,,,,,,,,,,,,,,,,,,,,,,,,,,,,,,,,,,,,,,,,,,,,,,,,,,,,,,,,,,,,,,,,,,,,,,,,,,,,,,,,,,,,,,,,,,,,,,,-1.0,,,,,,,,,,,,,,,,,,,,,,,,,,,,,,,,,,,,,,,,,,,,,,,,,,,,,,,,,,,,,,,,,,,,,,,,,,,,,,,,,,,,,,,,,,,,,,,,,,,,,,,,,,,,,,,,,,,,,,,,,,,,,,,,,,,,,,,,,,,,,,,,,,,,,,,,,,,,,,,,,,,,,,,,,,,,,,,,,,,,,,,,,,
2024-04-09,,,,,,,,,,,,,,,,,,,,,,,,,,,,,,,,,,,,,,,,,,,,,,,,,,,,,,,,,,,,,,,,,,,,,,,,,,,,,,,,,,,,,,,,,,,,,,,,,,,,,,,,,,,,,,,,,,-0.0033333333333333335,,,,,,,,,,,,,,,,,,,,,,,,,,,,,,,,,,,,,,,,,,,,,,,,,,,,,,,,,,,,,,,,,,,,,,,,,,,,,,,,,,,,,,,,,,,,,,,,,,,,,,,,,,,,,,,,,,,,,,,,,,,,,,,,,,,,,,,,,,,,,,,,,,,,,,,,,,,,,,,,,,,,,,,,,,,,,,,,,,,,,,,,,,
2024-04-10,,,,,,,,,,,,,,,,,,,,,,,,,,,,,,,,,,,,,,,,,,,,,,,,,,,,,,,,,,,,,,,,,,,,,,,,,,,,,,,,,,,,,,,,,,,,,,,,,,,,,,,,,,,,,,,,,,-1.0,,,,,,,,,,,,,,,,,,,,,,,,,,,,,,,,,,,,,,,,,,,,,,,,,,,,,,,,,,,,,,,,,,,,,,,,,,,,,,,,,,,,,,,,,,,,,,,,,,,,,,,,,,,,,,,,,,,,,,,,,,,,,,,,,,,,,,,,,,,,,,,,,,,,,,,,,,,,,,,,,,,,,,,,,,,,,,,,,,,,,,,,,,
2024-04-11,,,,,,,,,,,,,,,,,,,,,,,,,,,,,,,,,,,,,,,,,,,,,,,,,,,,,,,,,,,,,,,,,,,,,,,,,,,,,,,,,,,,,,,,,,,,,,,,,,,,,,,,,,,,,,,,,,-1.0,,,,,,,,,,,,,,,,,,,,,,,,,,,,,,,,,,,,,,,,,,,,,,,,,,,,,,,,,,,,,,,,,,,,,,,,,,,,,,,,,,,,,,,,,,,,,,,,,,,,,,,,,,,,,,,,,,,,,,,,,,,,,,,,,,,,,,,,,,,,,,,,,,,,,,,,,,,,,,,,,,,,,,,,,,,,,,,,,,,,,,,,,,
2024-04-12,,,,,,,,,,,,,,,,,,,,,,,,,,,,,,,,,,,,,,,,,,,,,,,,,,,,,,,,,,,,,,,,,,,,,,,,,,,,,,,,,,,,,,,,,,,,,,,,,,,,,,,,,,,,,,,,,,-0.0033333333333333335,,,,,,,,,,,,,,,,,,,,,,,,,,,,,,,,,,,,,,,,,,,,,,,,,,,,,,,,,,,,,,,,,,,,,,,,,,,,,,,,,,,,,,,,,,,,,,,,,,,,,,,,,,,,,,,,,,,,,,,,,,,,,,,,,,,,,,,,,,,,,,,,,,,,,,,,,,,,,,,,,,,,,,,,,,,,,,,,,,,,,,,,,,
2024-04-15,,,,,,,,,,,,,,,,,,,,,,,,,,,,,,,,,,,,,,,,,,,,,,,,,,,,,,,,,,,,,,,,,,,,,,,,,,,,,,,,,,,,,,,,,,,,,,,,,,,,,,,,,,,,,,,,,,-1.0,,,,,,,,,,,,,,,,,,,,,,,,,,,,,,,,,,,,,,,,,,,,,,,,,,,,,,,,,,,,,,,,,,,,,,,,,,,,,,,,,,,,,,,,,,,,,,,,,,,,,,,,,,,,,,,,,,,,,,,,,,,,,,,,,,,,,,,,,,,,,,,,,,,,,,,,,,,,,,,,,,,,,,,,,,,,,,,,,,,,,,,,,,
2024-04-16,,,,,,,,,,,,,,,,,,,,,,,,,,,,,,,,,,,,,,,,,,,,,,,,,,,,,,,,,,,,,,,,,,,,,,,,,,,,,,,,,,,,,,,,,,,,,,,,,,,,,,,,,,,,,,,,,,-1.0,,,,,,,,,,,,,,,,,,,,,,,,,,,,,,,,,,,,,,,,,,,,,,,,,,,,,,,,,,,,,,,,,,,,,,,,,,,,,,,,,,,,,,,,,,,,,,,,,,,,,,,,,,,,,,,,,,,,,,,,,,,,,,,,,,,,,,,,,,,,,,,,,,,,,,,,,,,,,,,,,,,,,,,,,,,,,,,,,,,,,,,,,,
2024-04-17,,,,,,,,,,,,,,,,,,,,,,,,,,,,,,,,,,,,,,,,,,,,,,,,,,,,,,,,,,,,,,,,,,,,,,,,,,,,,,,,,,,,,,,,,,,,,,,,,,,,,,,,,,,,,,,,,,-1.0,,,,,,,,,,,,,,,,,,,,,,,,,,,,,,,,,,,,,,,,,,,,,,,,,,,,,,,,,,,,,,,,,,,,,,,,,,,,,,,,,,,,,,,,,,,,,,,,,,,,,,,,,,,,,,,,,,,,,,,,,,,,,,,,,,,,,,,,,,,,,,,,,,,,,,,,,,,,,,,,,,,,,,,,,,,,,,,,,,,,,,,,,,
2024-04-18,,,,,,,,,,,,,,,,,,,,,,,,,,,,,,,,,,,,,,,,,,,,,,,,,,,,,,,,,,,,,,,,,,,,,,,,,,,,,,,,,,,,,,,,,,,,,,,,,,,,,,,,,,,,,,,,,,-0.0033333333333333335,,,,,,,,,,,,,,,,,,,,,,,,,,,,,,,,,,,,,,,,,,,,,,,,,,,,,,,,,,,,,,,,,,,,,,,,,,,,,,,,,,,,,,,,,,,,,,,,,,,,,,,,,,,,,,,,,,,,,,,,,,,,,,,,,,,,,,,,,,,,,,,,,,,,,,,,,,,,,,,,,,,,,,,,,,,,,,,,,,,,,,,,,,
2024-04-19,,,,,,,,,,,,,,,,,,,,,,,,,,,,,,,,,,,,,,,,,,,,,,,,,,,,,,,,,,,,,,,,,,,,,,,,,,,,,,,,,,,,,,,,,,,,,,,,,,,,,,,,,,,,,,,,,,-1.0,,,,,,,,,,,,,,,,,,,,,,,,,,,,,,,,,,,,,,,,,,,,,,,,,,,,,,,,,,,,,,,,,,,,,,,,,,,,,,,,,,,,,,,,,,,,,,,,,,,,,,,,,,,,,,,,,,,,,,,,,,,,,,,,,,,,,,,,,,,,,,,,,,,,,,,,,,,,,,,,,,,,,,,,,,,,,,,,,,,,,,,,,,
2024-04-22,,,,,,,,,,,,,,,,,,,,,,,,,,,,,,,,,,,,,,,,,,,,,,,,,,,,,,,,,,,,,,,,,,,,,,,,,,,,,,,,,,,,,,,,,,,,,,,,,,,,,,,,,,,,,,,,,,-0.0033333333333333335,,,,,,,,,,,,,,,,,,,,,,,,,,,,,,,,,,,,,,,,,,,,,,,,,,,,,,,,,,,,,,,,,,,,,,,,,,,,,,,,,,,,,,,,,,,,,,,,,,,,,,,,,,,,,,,,,,,,,,,,,,,,,,,,,,,,,,,,,,,,,,,,,,,,,,,,,,,,,,,,,,,,,,,,,,,,,,,,,,,,,,,,,,
2024-04-23,,,,,,,,,,,,,,,,,,,,,,,,,,,,,,,,,,,,,,,,,,,,,,,,,,,,,,,,,,,,,,,,,,,,,,,,,,,,,,,,,,,,,,,,,,,,,,,,,,,,,,,,,,,,,,,,,,-1.0,,,,,,,,,,,,,,,,,,,,,,,,,,,,,,,,,,,,,,,,,,,,,,,,,,,,,,,,,,,,,,,,,,,,,,,,,,,,,,,,,,,,,,,,,,,,,,,,,,,,,,,,,,,,,,,,,,,,,,,,,,,,,,,,,,,,,,,,,,,,,,,,,,,,,,,,,,,,,,,,,,,,,,,,,,,,,,,,,,,,,,,,,,
2024-04-24,,,,,,,,,,,,,,,,,,,,,,,,,,,,,,,,,,,,,,,,,,,,,,,,,,,,,,,,,,,,,,,,,,,,,,,,,,,,,,,,,,,,,,,,,,,,,,,,,,,,,,,,,,,,,,,,,,-0.0033333333333333335,,,,,,,,,,,,,,,,,,,,,,,,,,,,,,,,,,,,,,,,,,,,,,,,,,,,,,,,,,,,,,,,,,,,,,,,,,,,,,,,,,,,,,,,,,,,,,,,,,,,,,,,,,,,,,,,,,,,,,,,,,,,,,,,,,,,,,,,,,,,,,,,,,,,,,,,,,,,,,,,,,,,,,,,,,,,,,,,,,,,,,,,,,
2024-04-25,,,,,,,,,,,,,,,,,,,,,,,,,,,,,,,,,,,,,,,,,,,,,,,,,,,,,,,,,,,,,,,,,,,,,,,,,,,,,,,,,,,,,,,,,,,,,,,,,,,,,,,,,,,,,,,,,,-1.0,,,,,,,,,,,,,,,,,,,,,,,,,,,,,,,,,,,,,,,,,,,,,,,,,,,,,,,,,,,,,,,,,,,,,,,,,,,,,,,,,,,,,,,,,,,,,,,,,,,,,,,,,,,,,,,,,,,,,,,,,,,,,,,,,,,,,,,,,,,,,,,,,,,,,,,,,,,,,,,,,,,,,,,,,,,,,,,,,,,,,,,,,,
2024-04-26,,,,,,,,,,,,,,,,,,,,,,,,,,,,,,,,,,,,,,,,,,,,,,,,,,,,,,,,,,,,,,,,,,,,,,,,,,,,,,,,,,,,,,,,,,,,,,,,,,,,,,,,,,,,,,,,,,-1.0,,,,,,,,,,,,,,,,,,,,,,,,,,,,,,,,,,,,,,,,,,,,,,,,,,,,,,,,,,,,,,,,,,,,,,,,,,,,,,,,,,,,,,,,,,,,,,,,,,,,,,,,,,,,,,,,,,,,,,,,,,,,,,,,,,,,,,,,,,,,,,,,,,,,,,,,,,,,,,,,,,,,,,,,,,,,,,,,,,,,,,,,,,
2024-04-29,,,,,,,,,,,,,,,,,,,,,,,,,,,,,,,,,,,,,,,,,,,,,,,,,,,,,,,,,,,,,,,,,,,,,,,,,,,,,,,,,,,,,,,,,,,,,,,,,,,,,,,,,,,,,,,,,,-1.0,,,,,,,,,,,,,,,,,,,,,,,,,,,,,,,,,,,,,,,,,,,,,,,,,,,,,,,,,,,,,,,,,,,,,,,,,,,,,,,,,,,,,,,,,,,,,,,,,,,,,,,,,,,,,,,,,,,,,,,,,,,,,,,,,,,,,,,,,,,,,,,,,,,,,,,,,,,,,,,,,,,,,,,,,,,,,,,,,,,,,,,,,,
2024-04-30,,,,,,,,,,,,,,,,,,,,,,,,,,,,,,,,,,,,,,,,,,,,,,,,,,,,,,,,,,,,,,,,,,,,,,,,,,,,,,,,,,,,,,,,,,,,,,,,,,,,,,,,,,,,,,,,,,-1.0,,,,,,,,,,,,,,,,,,,,,,,,,,,,,,,,,,,,,,,,,,,,,,,,,,,,,,,,,,,,,,,,,,,,,,,,,,,,,,,,,,,,,,,,,,,,,,,,,,,,,,,,,,,,,,,,,,,,,,,,,,,,,,,,,,,,,,,,,,,,,,,,,,,,,,,,,,,,,,,,,,,,,,,,,,,,,,,,,,,,,,,,,,
2024-05-06,,,,,,,,,,,,,,,,,,,,,,,,,,,,,,,,,,,,,,,,,,,,,,,,,,,,,,,,,,,,,,,,,,,,,,,,,,,,,,,,,,,,,,,,,,,,,,,,,,,,,,,,,,,,,,,,,,-0.59,,,,,,,,,,,,,,,,,,,,,,,,,,,,,,,,,,,,,,,,,,,,,,,,,,,,,,,,,,,,,,,,,,,,,,,,,,,,,,,,,,,,,,,,,,,,,,,,,,,,,,,,,,,,,,,,,,,,,,,,,,,,,,,,,,,,,,,,,,,,,,,,,,,,,,,,,,,,,,,,,,,,,,,,,,,,,,,,,,,,,,,,,,
2024-05-07,,,,,,,,,,,,,,,,,,,,,,,,,,,,,,,,,,,,,,,,,,,,,,,,,,,,,,,,,,,,,,,,,,,,,,,,,,,,,,,,,,,,,,,,,,,,,,,,,,,,,,,,,,,,,,,,,,-0.2866666666666667,,,,,,,,,,,,,,,,,,,,,,,,,,,,,,,,,,,,,,,,,,,,,,,,,,,,,,,,,,,,,,,,,,,,,,,,,,,,,,,,,,,,,,,,,,,,,,,,,,,,,,,,,,,,,,,,,,,,,,,,,,,,,,,,,,,,,,,,,,,,,,,,,,,,,,,,,,,,,,,,,,,,,,,,,,,,,,,,,,,,,,,,,,
2024-05-08,,,,,,,,,,,,,,,,,,,,,,,,,,,,,,,,,,,,,,,,,,,,,,,,,,,,,,,,,,,,,,,,,,,,,,,,,,,,,,,,,,,,,,,,,,,,,,,,,,,,,,,,,,,,,,,,,,-0.7133333333333334,,,,,,,,,,,,,,,,,,,,,,,,,,,,,,,,,,,,,,,,,,,,,,,,,,,,,,,,,,,,,,,,,,,,,,,,,,,,,,,,,,,,,,,,,,,,,,,,,,,,,,,,,,,,,,,,,,,,,,,,,,,,,,,,,,,,,,,,,,,,,,,,,,,,,,,,,,,,,,,,,,,,,,,,,,,,,,,,,,,,,,,,,,
2024-05-09,,,,,,,,,,,,,,,,,,,,,,,,,,,,,,,,,,,,,,,,,,,,,,,,,,,,,,,,,,,,,,,,,,,,,,,,,,,,,,,,,,,,,,,,,,,,,,,,,,,,,,,,,,,,,,,,,,-0.18,,,,,,,,,,,,,,,,,,,,,,,,,,,,,,,,,,,,,,,,,,,,,,,,,,,,,,,,,,,,,,,,,,,,,,,,,,,,,,,,,,,,,,,,,,,,,,,,,,,,,,,,,,,,,,,,,,,,,,,,,,,,,,,,,,,,,,,,,,,,,,,,,,,,,,,,,,,,,,,,,,,,,,,,,,,,,,,,,,,,,,,,,,
2024-05-10,,,,,,,,,,,,,,,,,,,,,,,,,,,,,,,,,,,,,,,,,,,,,,,,,,,,,,,,,,,,,,,,,,,,,,,,,,,,,,,,,,,,,,,,,,,,,,,,,,,,,,,,,,,,,,,,,,-0.8866666666666667,,,,,,,,,,,,,,,,,,,,,,,,,,,,,,,,,,,,,,,,,,,,,,,,,,,,,,,,,,,,,,,,,,,,,,,,,,,,,,,,,,,,,,,,,,,,,,,,,,,,,,,,,,,,,,,,,,,,,,,,,,,,,,,,,,,,,,,,,,,,,,,,,,,,,,,,,,,,,,,,,,,,,,,,,,,,,,,,,,,,,,,,,,
2024-05-13,,,,,,,,,,,,,,,,,,,,,,,,,,,,,,,,,,,,,,,,,,,,,,,,,,,,,,,,,,,,,,,,,,,,,,,,,,,,,,,,,,,,,,,,,,,,,,,,,,,,,,,,,,,,,,,,,,-0.47,,,,,,,,,,,,,,,,,,,,,,,,,,,,,,,,,,,,,,,,,,,,,,,,,,,,,,,,,,,,,,,,,,,,,,,,,,,,,,,,,,,,,,,,,,,,,,,,,,,,,,,,,,,,,,,,,,,,,,,,,,,,,,,,,,,,,,,,,,,,,,,,,,,,,,,,,,,,,,,,,,,,,,,,,,,,,,,,,,,,,,,,,,
2024-05-14,,,,,,,,,,,,,,,,,,,,,,,,,,,,,,,,,,,,,,,,,,,,,,,,,,,,,,,,,,,,,,,,,,,,,,,,,,,,,,,,,,,,,,,,,,,,,,,,,,,,,,,,,,,,,,,,,,-0.14666666666666667,,,,,,,,,,,,,,,,,,,,,,,,,,,,,,,,,,,,,,,,,,,,,,,,,,,,,,,,,,,,,,,,,,,,,,,,,,,,,,,,,,,,,,,,,,,,,,,,,,,,,,,,,,,,,,,,,,,,,,,,,,,,,,,,,,,,,,,,,,,,,,,,,,,,,,,,,,,,,,,,,,,,,,,,,,,,,,,,,,,,,,,,,,
2024-05-15,,,,,,,,,,,,,,,,,,,,,,,,,,,,,,,,,,,,,,,,,,,,,,,,,,,,,,,,,,,,,,,,,,,,,,,,,,,,,,,,,,,,,,,,,,,,,,,,,,,,,,,,,,,,,,,,,,-0.7666666666666667,,,,,,,,,,,,,,,,,,,,,,,,,,,,,,,,,,,,,,,,,,,,,,,,,,,,,,,,,,,,,,,,,,,,,,,,,,,,,,,,,,,,,,,,,,,,,,,,,,,,,,,,,,,,,,,,,,,,,,,,,,,,,,,,,,,,,,,,,,,,,,,,,,,,,,,,,,,,,,,,,,,,,,,,,,,,,,,,,,,,,,,,,,
2024-05-16,,,,,,,,,,,,,,,,,,,,,,,,,,,,,,,,,,,,,,,,,,,,,,,,,,,,,,,,,,,,,,,,,,,,,,,,,,,,,,,,,,,,,,,,,,,,,,,,,,,,,,,,,,,,,,,,,,-0.8666666666666667,,,,,,,,,,,,,,,,,,,,,,,,,,,,,,,,,,,,,,,,,,,,,,,,,,,,,,,,,,,,,,,,,,,,,,,,,,,,,,,,,,,,,,,,,,,,,,,,,,,,,,,,,,,,,,,,,,,,,,,,,,,,,,,,,,,,,,,,,,,,,,,,,,,,,,,,,,,,,,,,,,,,,,,,,,,,,,,,,,,,,,,,,,
2024-05-17,-0.7355111111111111,-0.8784444444444444,-0.09077777777777778,-0.8844,-0.002788888888888889,-0.0055000000000000005,-0.0020444444444444442,-0.0022222222222222222,-0.028600000000000004,-0.027733333333333336,-0.07973333333333334,-0.14566666666666667,-0.12133333333333333,-0.468,-0.3309333333333333,-0.16675555555555555,-0.0013444444444444445,-0.0006555555555555556,-0.001511111111111111,-0.04533333333333334,-0.002966666666666667,-0.0030555555555555557,-0.44839999999999997,-0.002377777777777778,-0.1905777777777778,-0.2629,-0.000488888888888889,-0.45599999999999996,-0.7864666666666666,-0.6699,-0.001388888888888889,-0.36626666666666663,-0.0638,-0.0649,-0.09922222222222223,-0.008366666666666666,-0.0023333333333333335,-0.8814222222222222,-0.12033333333333333,-0.09790000000000001,-0.3182666666666667,-0.2585,-0.5026666666666667,-0.3289,-0.001288888888888889,-0.25906666666666667,-0.7334777777777778,-0.0616,-0.2176,-0.0019111111111111113,-0.0014,-0.11713333333333334,-0.1298,-0.8724888888888889,-0.4855555555555556,-0.1446666666666667,-0.0032,-0.0671,-0.8099555555555555,-0.40040000000000003,-0.0023222222222222225,-0.0023666666666666667,-0.0012444444444444445,-0.23147777777777778,-0.0024222222222222223,-0.08008888888888889,-0.07150000000000001,-0.35596666666666665,-0.14946666666666666,-0.0015444444444444444,-0.001888888888888889,-0.5024444444444445,-0.0029111111111111113,-0.0021222222222222224,-0.013866666666666668,-0.6654666666666668,-0.11635555555555555,-0.0020777777777777778,-0.03593333333333334,-0.0014222222222222225,-0.002577777777777778,-0.0029444444444444444,-0.3047,-0.0028666666666666667,-0.0014333333333333333,-0.09240000000000001,-0.0017222222222222224,-0.0015333333333333336,-4.444444444444445e-05,-0.24640000000000004,-0.10555555555555554,-0.01813333333333333,-0.0017444444444444445,-0.22868888888888889,-0.29977777777777775,-0.0016666666666666668,-0.002988888888888889,-0.2574,-0.5030666666666667,-0.0231,-0.027444444444444445,-0.38653333333333334,-0.6100111111111112,-0.26522222222222225,-0.06414444444444443,-0.6101111111111112,-0.10560000000000001,-0.2912,-0.003188888888888889,-0.0025222222222222226,-0.04363333333333333,-0.002188888888888889,-0.0019666666666666665,-0.6164,-0.0027222222222222222,-0.1188,-0.0003444444444444445,-0.5538666666666666,-0.46199999999999997,-0.0018333333333333335,-0.19530000000000003,-0.024200000000000003,-0.0008222222222222223,-0.0012333333333333335,-0.0028333333333333335,-0.002777777777777778,-0.22905555555555557,-0.6312888888888889,-0.27888888888888885,-0.8873777777777777,-0.0020555555555555557,-0.0024444444444444444,-0.07443333333333334,-0.20846666666666666,-0.0015222222222222223,-0.1683,-0.31460000000000005,-0.1711888888888889,-0.0001666666666666667,-0.0868,-0.4517333333333333,-0.2132222222222222,-0.0008333333333333334,-0.6365333333333334,-0.3625555555555556,-0.01511111111111111,-0.002688888888888889,-0.13261111111111112,-0.0011555555555555557,-0.46655555555555556,-0.2644444444444444,-0.12844444444444444,-0.0013222222222222222,-0.001,-0.040799999999999996,-0.001488888888888889,-0.32630000000000003,-0.5932222222222222,-0.0015666666666666667,-0.16466666666666666,-0.3687111111111111,-0.0014666666666666667,-0.20248888888888888,-0.5231333333333333,-0.18893333333333334,-0.8933333333333333,-2.2222222222222227e-05,-0.12877777777777777,-0.0434,-0.0385,-0.1463,-0.002166666666666667,-0.42764444444444444,-0.35813333333333336,-0.07276666666666666,-0.06293333333333333,-0.11770000000000001,-0.3672,-0.0025444444444444447,-0.3124444444444444,-0.15946666666666667,-0.0022,-0.3225333333333333,-0.3154666666666667,-0.0010111111111111113,-0.0021555555555555555,-0.3632888888888889,-0.44343333333333335,-0.0495,-0.00045555555555555556,-0.002388888888888889,-0.35208888888888884,-0.0017777777777777779,-0.1928888888888889,-0.2918222222222222,-0.2222,-0.5467777777777777,-0.002766666666666667,-0.264,-0.16060000000000002,-0.3007111111111111,-0.0028,-0.002977777777777778,-0.6185666666666667,-0.8695111111111111,-0.6610666666666667,-0.35733333333333334,-0.5657777777777777,-0.21230000000000002,-0.19586666666666666,-0.4824,-0.002511111111111111,-0.17930000000000001,-0.16293333333333335,-0.8486666666666666,-0.5236000000000001,-0.3904444444444444,-0.8129333333333334,-0.0020333333333333336,-0.0018555555555555556,-0.48253333333333337,-0.4337666666666667,-0.4267666666666667,-0.8308,-0.13346666666666668,-0.21744444444444444,-0.5287333333333333,-0.7027555555555555,-0.24896666666666664,-0.31266666666666665,-0.7980444444444444,-0.3781777777777778,-0.22110000000000002,-0.3058,-0.1617,-0.26897777777777776,-0.0019222222222222223,-0.10573333333333335,-0.0021333333333333334,-0.0031555555555555555,-0.40040000000000003,-0.21533333333333335,-0.3028666666666666,-0.4239111111111111,-0.10597777777777778,-0.0016555555555555555,-0.0015,-0.4043888888888889,-0.2222333333333333,-0.1441,-0.1716,-0.0028555555555555556,-0.5784444444444444,-0.08493333333333333,-0.6519333333333334,-0.0023444444444444446,-0.2772777777777778,-0.09482222222222222,-0.15186666666666668,-0.0025,-0.1612,-0.2121777777777778,-0.19690000000000002,-0.3335555555555555,-0.11937777777777776,-0.05277777777777777,-0.05893333333333333,-0.3018888888888889,-0.0020888888888888893,-0.15411111111111112,-0.29810000000000003,-0.1771,-0.13933333333333334,-0.00044444444444444447,-0.0003111111111111111,-0.308,-0.00021111111111111113,-0.8665333333333333,-0.1302,-0.3605333333333334,-0.034666666666666665,-0.00023333333333333336,-0.12995555555555555,-0.0016777777777777778,-0.0018444444444444446,-0.0005333333333333334,-0.44373333333333337,-0.0008,-0.002255555555555556,-0.0029333333333333334,-0.0007444444444444445,-0.00012222222222222224,-0.8199333333333333,-0.0118,-0.0027333333333333333,-0.28600000000000003,-0.43277777777777776,-0.0019333333333333333,-7.777777777777778e-05,-0.0019
2024-05-20,-0.21487777777777778,-0.6627555555555555,-0.08188888888888889,-0.02588888888888889,-0.0032,-0.0021333333333333334,-0.13599999999999998,-0.03666666666666667,-0.0007,-5.555555555555556e-05,-0.39092222222222217,-0.02097777777777778,-0.11626666666666667,-0.4253333333333333,-0.04851111111111111,-0.2268,-0.06957777777777778,-0.023222222222222224,-0.13627777777777775,-0.0016222222222222224,-0.03866666666666666,-0.16805555555555554,-0.5859000000000001,-0.3549,-0.0077666666666666665,-0.1302,-0.002455555555555556,-0.4634111111111111,-0.7714888888888888,-0.10614444444444443,-0.11916666666666666,-0.6006222222222222,-0.0020777777777777778,-0.17355555555555555,-0.3867777777777777,-0.36,-0.25920000000000004,-0.044011111111111105,-0.18133333333333332,-0.15827777777777777,-0.4326,-0.25828888888888885,-0.126,-0.04918888888888889,-0.10816666666666665,-0.08284444444444444,-0.35208888888888884,-0.48,-0.25697777777777775,-0.07164444444444444,-0.28053333333333336,-0.10719999999999999,-0.04583333333333333,-0.06731111111111111,-0.2331,-0.3744,-0.4452888888888889,-0.05511111111111111,-0.023299999999999998,-0.4556444444444444,-0.013433333333333334,-0.09961111111111111,-0.0025666666666666667,-0.38639999999999997,-0.032,-0.0017222222222222224,-0.0028555555555555556,-0.6174,-0.17437777777777777,-0.09506666666666667,-0.05717777777777778,-0.6603333333333333,-0.1491,-0.026888888888888886,-0.002766666666666667,-0.23558888888888888,-0.18239999999999998,-0.17044444444444445,-0.2766444444444444,-0.07474444444444445,-0.0384,-0.40406666666666663,-0.4048,-0.20266666666666666,-0.11855555555555554,-0.08005555555555555,-0.07272222222222222,-0.03788888888888889,-0.0026333333333333334,-0.17905555555555555,-0.2112,-0.09127777777777778,-0.1696,-0.42560000000000003,-0.19675555555555557,-0.028933333333333335,-0.40319999999999995,-0.12193333333333332,-0.6679333333333333,-0.2464888888888889,-0.027533333333333333,-0.034999999999999996,-0.7740777777777778,-0.13766666666666666,-0.09571111111111111,-0.21,-0.0935,-0.3461333333333333,-0.26239999999999997,-0.05438888888888889,-0.03306666666666667,-0.376,-0.08433333333333333,-0.603211111111111,-0.12955555555555553,-0.1560222222222222,-0.002788888888888889,-0.12944444444444442,-0.3080777777777778,-0.0899,-0.2499,-0.0028333333333333335,-0.07887777777777777,-0.13566666666666666,-0.7507777777777778,-0.40599999999999997,-0.11793333333333333,-0.0724888888888889,-0.3080777777777778,-0.16827777777777778,-0.12527777777777777,-0.16746666666666665,-0.1408,-0.29,-0.044,-0.14605555555555555,-0.6472222222222223,-0.3402,-0.0025222222222222226,-0.19526666666666664,-0.63,-0.4496,-0.06538888888888889,-0.44787777777777776,-0.16568888888888889,-0.00044444444444444447,-0.11213333333333332,-0.28,-0.031,-0.6368666666666666,-0.3168,-0.030933333333333334,-0.0715,-0.08738888888888889,-0.0013222222222222222,-0.011,-0.6782888888888888,-0.5203666666666666,-0.10226666666666666,-0.5693333333333334,-0.6731111111111111,-0.06573333333333332,-0.13462222222222223,-0.5319999999999999,-0.16799999999999998,-0.002588888888888889,-0.0011,-0.3968,-0.004266666666666667,-0.0021000000000000003,-0.11406666666666665,-0.014666666666666666,-0.6109777777777777,-0.2709,-0.07336666666666666,-0.0024333333333333334,-0.16426666666666667,-0.12167777777777777,-0.24106666666666665,-0.42719999999999997,-0.23729999999999998,-0.39199999999999996,-0.368,-0.5540222222222222,-0.048911111111111114,-0.04827777777777777,-0.14238888888888887,-0.13203333333333334,-0.0030444444444444447,-0.001288888888888889,-0.2499,-0.18173333333333333,-0.1568,-0.22399999999999998,-0.26665555555555553,-0.07272222222222222,-0.6533333333333333,-0.05063333333333333,-0.1547111111111111,-0.1656111111111111,-0.03624444444444445,-0.6253333333333333,-0.261,-0.6649999999999999,-0.12685555555555555,-0.5255444444444444,-0.10873333333333333,-0.08543333333333333,-0.3738,-0.4592,-0.06989999999999999,-0.0928888888888889,-0.1901111111111111,-0.18666666666666665,-0.19934444444444444,-0.35985555555555554,-0.17863333333333334,-0.0906111111111111,-0.11672222222222223,-0.20586666666666667,-0.2459444444444444,-0.2744222222222222,-0.6276666666666666,-0.7171222222222222,-0.26486666666666664,-0.2576,-0.4685888888888889,-0.626511111111111,-0.13299999999999998,-0.47117777777777775,-0.1372111111111111,-0.3624444444444444,-0.43166666666666664,-0.42,-0.22933333333333333,-0.3815333333333333,-0.09655555555555553,-0.058666666666666666,-0.16988888888888887,-0.0064,-0.105,-0.5733,-0.2776666666666667,-0.5436666666666666,-0.0903,-0.3566222222222222,-0.03582222222222222,-0.21228888888888886,-0.5451999999999999,-0.38808888888888887,-0.25706666666666667,-0.1507777777777778,-0.5281333333333333,-0.3168,-0.36503333333333327,-0.062,-0.5591999999999999,-0.5187,-0.16333333333333333,-0.49106666666666665,-0.189,-0.1088,-0.17920000000000003,-0.20066666666666666,-0.08197777777777777,-0.017044444444444445,-0.0016,-0.23839999999999997,-0.07129999999999999,-0.43306666666666666,-0.05833333333333333,-0.14684444444444444,-0.028844444444444443,-0.0006222222222222223,-0.0024222222222222223,-0.2776666666666667,-0.0032,-0.028477777777777775,-0.03679999999999999,-0.1632,-0.14946666666666666,-0.0032444444444444448,-0.013533333333333333,-0.08266666666666667,-0.09533333333333333,-0.0018555555555555556,-0.2928,-0.06406666666666666,-0.09954444444444445,-0.056222222222222215,-0.002755555555555556,-0.0016444444444444447,-0.7404222222222222,-0.00013333333333333334,-0.029333333333333333,-0.09659999999999999,-0.1056,-0.1216111111111111,-0.0008222222222222223,-0.17600000000000002
2024-05-21,-0.6623999999999999,-0.6692999999999999,-0.021155555555555556,-0.5519999999999999,-0.0026555555555555555,-0.07342222222222222,-0.18516666666666667,-0.009644444444444445,-0.002488888888888889,-0.003144444444444445,-0.0983888888888889,-0.11611111111111111,-0.18088888888888888,-0.4300999999999999,-0.09222222222222222,-0.17013333333333333,-0.21871111111111113,-0.001977777777777778,-0.0888,-0.03515555555555556,-0.12666666666666665,-0.1012,-0.5369222222222223,-0.3726,-0.4071111111111111,-0.2030888888888889,-0.050088888888888884,-0.4722666666666667,-0.759,-0.14029999999999998,-0.14553333333333332,-0.8039777777777779,-0.023955555555555556,-0.3059,-0.7084,-0.13493333333333332,-0.14259999999999998,-0.20009999999999997,-0.19897777777777778,-0.0069,-0.25299999999999995,-0.09244444444444444,-0.07359999999999998,-0.69,-0.03206666666666667,-0.5622222222222222,-0.17377777777777775,-0.41885555555555554,-0.17893333333333333,-0.15262222222222221,-0.24609999999999999,-0.26035555555555556,-0.002455555555555556,-0.4508,-0.2514666666666666,-0.4129777777777778,-0.6808,-0.16055555555555556,-0.0506,-0.11222222222222222,-0.0006333333333333334,-0.05723333333333334,-0.03782222222222222,-0.5376888888888889,-0.0008666666666666667,-0.0007444444444444445,-0.04522222222222222,-0.0730888888888889,-0.08304444444444445,-0.014666666666666666,-0.012755555555555555,-0.48069999999999996,-0.20386666666666667,-0.022711111111111112,-0.06166666666666667,-0.6600999999999999,-0.33442222222222223,-0.0018666666666666669,-0.43119999999999997,-0.09888888888888889,-0.0017333333333333335,-0.13084444444444443,-0.14400000000000002,-0.3111111111111111,-0.06742222222222222,-0.032777777777777774,-0.018888888888888886,-0.0364,-0.03235555555555556,-0.6381222222222223,-0.1414,-0.18292222222222224,-0.24091111111111113,-0.04906666666666666,-0.5560888888888889,-0.0168,-0.21389999999999998,-0.08962222222222223,-0.7365111111111111,-0.16496666666666668,-0.12004444444444445,-0.12613333333333335,-0.18272222222222223,-0.07466666666666667,-0.13466666666666668,-0.04977777777777778,-0.015622222222222223,-0.26424444444444445,-0.30044444444444446,-0.10777777777777776,-0.15055555555555555,-0.4610222222222222,-0.03864444444444445,-0.7561888888888889,-0.06284444444444445,-0.13915555555555556,-0.07777777777777778,-0.5405,-0.5819,-0.3893333333333333,-0.26106666666666667,-0.40186666666666665,-0.39466666666666667,-0.22293333333333334,-0.5003777777777778,-0.5313,-0.1562222222222222,-0.345,-0.11499999999999999,-0.6531999999999999,-0.4,-0.11895555555555555,-0.2670888888888889,-0.15822222222222224,-0.06564444444444445,-0.059288888888888884,-0.5819,-0.17955555555555555,-0.05413333333333333,-0.06222222222222222,-0.0506,-0.6915333333333333,-0.0009222222222222223,-0.030922222222222222,-0.6669999999999999,-0.002255555555555556,-0.049999999999999996,-0.128,-0.04791111111111111,-0.0253,-0.10017777777777777,-0.0010555555555555557,-0.008977777777777779,-0.06408888888888889,-0.0005888888888888889,-0.0010111111111111113,-0.04778888888888889,-0.3519,-0.1874111111111111,-0.0092,-0.1265,-0.15935555555555556,-0.4293333333333333,-0.32327777777777783,-0.23903333333333332,-0.4094,-0.0015,-0.6003,-0.0024222222222222223,-0.06333333333333332,-0.05351111111111111,-0.0008888888888888889,-0.2754888888888889,-0.3431111111111111,-0.20973333333333335,-0.18582222222222222,-0.0028222222222222225,-0.20853333333333332,-0.7533777777777778,-0.05289999999999999,-0.35933333333333334,-0.7449444444444444,-0.06577777777777778,-0.5734666666666668,-0.06722222222222221,-0.03666666666666667,-0.5070222222222222,-0.49777777777777776,-0.13354444444444444,-0.0028666666666666667,-0.24355555555555555,-0.037033333333333335,-0.23111111111111113,-0.22332222222222223,-0.6416999999999999,-0.02986666666666667,-0.36263333333333336,-0.04293333333333334,-0.057222222222222216,-0.6784999999999999,-0.1628,-0.5566000000000001,-0.3276888888888889,-0.27830000000000005,-0.5642666666666667,-0.7421333333333334,-0.529511111111111,-0.36391111111111113,-0.29209999999999997,-0.7927333333333333,-0.5233777777777777,-0.10524444444444446,-0.23466666666666666,-0.21131111111111112,-0.5589,-0.5358999999999999,-0.5131555555555555,-0.6141,-0.09426666666666668,-0.26311111111111113,-0.39099999999999996,-0.5611999999999999,-0.005622222222222223,-0.6999666666666666,-0.12906666666666666,-0.055733333333333336,-0.21364444444444447,-0.7168333333333333,-0.17306666666666665,-0.5003777777777778,-0.5313,-0.33349999999999996,-0.4623,-0.02311111111111111,-0.03946666666666667,-0.3413333333333333,-0.1388888888888889,-0.1111111111111111,-0.3502222222222222,-0.03222222222222222,-0.3182666666666667,-0.03373333333333334,-0.29439999999999994,-0.6015777777777779,-0.41213333333333335,-0.4094,-0.05475555555555556,-0.4094,-0.2678222222222222,-0.22207777777777776,-0.40773333333333334,-0.15823333333333334,-0.3979,-0.4441555555555555,-0.0115,-0.08833333333333333,-0.6662333333333333,-0.13799999999999998,-0.32706666666666667,-0.5762777777777778,-0.20802222222222225,-0.05833333333333333,-0.15037777777777778,-0.3432,-0.07822222222222222,-0.0024000000000000002,-0.00044444444444444447,-0.39866666666666667,-0.31085555555555555,-0.08995555555555557,-0.18333333333333335,-0.10885555555555555,-0.2442,-0.002888888888888889,-0.07497777777777778,-0.062099999999999995,-0.040888888888888884,-0.4324,-0.24127777777777779,-0.18911111111111112,-0.0008222222222222223,-0.06306666666666667,-0.0031666666666666666,-0.12415555555555555,-0.40040000000000003,-0.09302222222222223,-0.02488888888888889,-0.008888888888888889,-0.23026666666666665,-0.013888888888888888,-0.0017222222222222224,-0.0007,-0.01967777777777778,-0.0023555555555555556,-0.03888888888888889,-0.030800000000000004,-0.14813333333333334,-0.012333333333333335,-0.0003333333333333334,-0.07967777777777778
2024-05-22,-0.35806666666666664,-0.7394222222222222,-0.0020888888888888893,-0.6302888888888889,-0.13297777777777778,-0.025777777777777778,-0.16377777777777777,-0.002511111111111111,-0.016622222222222222,-0.03177777777777778,-0.002977777777777778,-0.09422222222222222,-0.06888888888888889,-0.03013333333333333,-0.00045555555555555556,-0.23524444444444442,-0.3856222222222222,-0.03617777777777778,-0.14412222222222223,-0.0007888888888888889,-0.18313333333333331,-0.31973333333333337,-0.11551111111111109,-0.2687333333333333,-0.04446666666666666,-0.17206666666666667,-0.022,-0.18167777777777777,-0.4832444444444444,-0.11819999999999999,-0.12953333333333333,-0.8122,-0.014888888888888889,-0.4596666666666666,-0.06113333333333334,-0.005955555555555556,-0.2843777777777778,-0.21846666666666664,-0.06186666666666667,-0.0005777777777777779,-0.16188888888888892,-0.23858888888888888,-0.47016666666666673,-0.4774222222222222,-0.4377333333333333,-0.2911222222222222,-0.20106666666666667,-0.4997111111111111,-0.23377777777777778,-0.28288888888888886,-0.18045555555555556,-0.42711111111111116,-0.0044,-0.5537888888888889,-0.1875333333333333,-0.1334,-0.10188888888888889,-0.11163333333333333,-0.21073333333333333,-0.0023444444444444446,-0.0033,-0.12613333333333332,-0.002977777777777778,-0.6980888888888889,-0.0008555555555555556,-0.0006666666666666668,-0.0008888888888888889,-0.19837777777777774,-0.0014555555555555556,-0.0025,-0.002966666666666667,-0.05822222222222222,-0.15733333333333333,-0.0028333333333333335,-0.024,-0.5007111111111111,-0.32604444444444447,-0.0025555555555555557,-0.5800666666666666,-0.10933333333333332,-0.13933333333333334,-0.20322222222222222,-0.25833333333333336,-0.18893333333333334,-0.12515555555555558,-0.0013333333333333335,-0.002388888888888889,-0.002255555555555556,-0.13786666666666667,-0.06528888888888888,-0.0032333333333333333,-0.019355555555555556,-0.4686888888888888,-0.30519999999999997,-0.7889111111111111,-0.0031111111111111114,-0.5625444444444444,-0.36212222222222223,-0.19213333333333332,-0.03911111111111111,-0.02222222222222222,-0.3909444444444445,-0.7056222222222222,-0.19466666666666665,-0.15986666666666668,-0.43177777777777776,-0.003144444444444445,-0.008733333333333333,-0.48139999999999994,-0.04158888888888889,-0.06661111111111111,-0.3641111111111111,-0.0025333333333333336,-0.7103111111111111,-0.08457777777777778,-0.06013333333333333,-0.08604444444444445,-0.6001555555555556,-0.6317111111111111,-0.08120000000000001,-0.35435555555555553,-0.048155555555555556,-0.12695555555555554,-0.24464444444444444,-0.6754888888888888,-0.46204444444444437,-0.15502222222222223,-0.18366666666666664,-0.21511111111111111,-0.5926222222222222,-0.4268888888888889,-0.18844444444444444,-0.028999999999999998,-0.13444444444444445,-0.10222222222222223,-0.06746666666666667,-0.7132222222222222,-0.02666666666666667,-0.01808888888888889,-0.08897777777777778,-0.02008888888888889,-0.35515555555555556,-0.0022222222222222222,-0.030644444444444443,-0.11353333333333333,-0.028844444444444443,-0.23288888888888887,-0.027555555555555555,-0.0004,-0.08094444444444446,-0.09931111111111111,-0.001288888888888889,-0.002288888888888889,-0.041688888888888886,-0.0032888888888888894,-0.17244444444444443,-0.1508,-0.33052222222222216,-0.09155555555555556,-0.03031111111111111,-0.4595333333333333,-0.15911111111111112,-0.19720000000000001,-0.5474222222222223,-0.16240000000000002,-0.6413444444444444,-0.00036666666666666667,-0.1542888888888889,-0.007822222222222223,-0.5080555555555556,-0.0884888888888889,-0.0029000000000000002,-0.19262222222222222,-0.22619999999999998,-0.0981,-0.18824444444444444,-0.033244444444444445,-0.1622888888888889,-0.5239999999999999,-0.12111111111111111,-0.5223111111111111,-0.5385555555555556,-0.04977777777777778,-0.21833333333333332,-0.0016,-0.0017444444444444445,-0.2712,-0.30566666666666664,-0.11021111111111112,-0.11263333333333334,-0.19741111111111112,-0.0015666666666666667,-0.19206666666666666,-0.2955,-0.6084222222222222,-0.35001111111111116,-0.24608888888888888,-0.08702222222222222,-0.10755555555555556,-0.2940222222222222,-0.07555555555555556,-0.8063777777777777,-0.41433333333333333,-0.10944444444444443,-0.4821333333333333,-0.5938666666666667,-0.7190444444444445,-0.43055555555555564,-0.2669444444444445,-0.4162888888888889,-0.6177333333333332,-0.136,-0.19377777777777777,-0.3691333333333333,-0.36662222222222224,-0.6899333333333333,-0.5676666666666667,-0.5850888888888888,-0.10755555555555554,-0.18313333333333331,-0.4659333333333333,-0.41337777777777773,-0.01757777777777778,-0.4919777777777778,-0.06903333333333334,-0.132,-0.4071333333333333,-0.11062222222222223,-0.20397777777777779,-0.42186666666666667,-0.5750444444444444,-0.5800555555555555,-0.3546,-0.1705,-0.11733333333333335,-0.6930666666666667,-0.4202666666666666,-0.03422222222222222,-0.5026666666666666,-0.0010666666666666667,-0.3565,-0.023955555555555556,-0.32286666666666664,-0.5443777777777777,-0.16635555555555556,-0.174,-0.003188888888888889,-0.38305555555555554,-0.008611111111111111,-0.6679555555555555,-0.24111111111111114,-0.28097777777777777,-0.4399666666666667,-0.18631111111111112,-0.09412222222222222,-0.03568888888888889,-0.6229777777777777,-0.037211111111111105,-0.29386666666666666,-0.5574666666666667,-0.4369333333333333,-0.030799999999999998,-0.17600000000000002,-0.48966666666666664,-0.0016444444444444447,-0.0836,-0.0023666666666666667,-0.6391555555555556,-0.04133333333333334,-0.3216,-0.059555555555555556,-0.054266666666666664,-0.010333333333333335,-0.029822222222222222,-0.168,-0.38577777777777783,-0.4228444444444444,-0.26868888888888887,-0.0872,-0.17786666666666665,-0.00012222222222222224,-0.4258222222222222,-0.10902222222222221,-0.24355555555555555,-0.28455555555555556,-0.0218,-0.18222222222222223,-0.0012666666666666668,-0.08266666666666668,-0.0026111111111111114,-0.0017666666666666668,-0.1456888888888889,-0.4837444444444444,-0.06648888888888889,-0.256,-0.0029111111111111113,-0.28340000000000004,-0.0027,-0.0033333333333333335,-0.1368888888888889
2024-05-23,-0.39946666666666675,-0.7133333333333334,-0.057222222222222216,-0.30011111111111116,-0.12173333333333333,-0.001377777777777778,-0.1438888888888889,-0.032777777777777774,-0.0030555555555555557,-0.001511111111111111,-0.0015555555555555557,-0.0029111111111111113,-0.1222222222222222,-0.21233333333333335,-0.0017222222222222224,-0.01617777777777778,-0.5632222222222223,-0.0021333333333333334,-0.07626666666666666,-0.0012000000000000001,-0.06702222222222222,-0.22855555555555554,-0.12744444444444444,-0.2482666666666667,-0.34026666666666666,-0.013333333333333332,-0.0005111111111111111,-0.3087,-0.1735777777777778,-0.0147,-0.1895111111111111,-0.7776000000000001,-0.0008888888888888889,-0.03804444444444445,-0.4460555555555556,-0.0029444444444444444,-0.1144,-0.441,-0.09833333333333333,-0.002,-0.2091555555555556,-0.06893333333333333,-0.49933333333333335,-0.032400000000000005,-0.5292,-0.49677777777777776,-0.1911,-0.32683333333333336,-0.18705555555555556,-0.041555555555555554,-0.0735,-0.19077777777777777,-0.001588888888888889,-0.12655555555555556,-0.3511666666666667,-0.19404444444444444,-0.5896888888888889,-0.41323333333333334,-0.011433333333333334,-0.07555555555555554,-0.3618,-0.047377777777777776,-0.09128888888888888,-0.6426000000000001,-0.0018444444444444446,-0.0012222222222222222,-0.0025222222222222226,-0.4686666666666667,-0.0011111111111111111,-0.13977777777777778,-0.015622222222222223,-0.14594444444444446,-0.19297777777777778,-0.007333333333333333,-0.0012444444444444445,-0.1431,-0.7992,-0.07888888888888888,-0.5508000000000001,-0.18006666666666668,-0.29246666666666665,-0.04275555555555556,-0.030800000000000004,-0.08715555555555556,-0.06372222222222222,-0.0031666666666666666,-0.022000000000000002,-0.06933333333333334,-0.14226666666666665,-0.13770000000000002,-0.1998,-0.00028888888888888893,-0.6723,-0.2361111111111111,-0.10260000000000001,-0.0784,-0.135,-0.008100000000000001,-0.5968222222222223,-0.13,-0.0031333333333333335,-0.5323888888888889,-0.5643,-0.01891111111111111,-0.24255555555555555,-0.19733333333333336,-0.2733888888888889,-0.3247777777777778,-0.2900888888888889,-0.03777777777777777,-0.2359777777777778,-0.148,-0.07153333333333332,-0.6858000000000001,-0.1456,-0.050555555555555555,-0.09126666666666666,-0.5697000000000001,-0.49410000000000004,-0.20684444444444444,-0.33526666666666666,-0.22533333333333336,-0.3235555555555556,-0.4583888888888889,-0.2214,-0.25442222222222227,-0.1744888888888889,-0.2793,-0.32993333333333336,-0.3556111111111111,-0.4212,-0.08782222222222223,-0.1702,-0.20211111111111113,-0.0772888888888889,-0.017777777777777778,-0.1728,-0.0011,-0.0022,-0.0032222222222222222,-0.40343333333333337,-0.5992000000000001,-0.06333333333333332,-0.003066666666666667,-0.632488888888889,-0.001877777777777778,-0.2511,-0.002288888888888889,-0.0015444444444444444,-0.0029333333333333334,-0.12320000000000002,-0.0020666666666666667,-0.14444444444444443,-0.002488888888888889,-0.3996,-0.04622222222222222,-0.24502222222222222,-0.037,-0.002466666666666667,-0.0032111111111111116,-0.16644444444444445,-0.06799999999999999,-0.28746666666666665,-0.08322222222222223,-0.20568888888888892,-0.12840000000000001,-0.002377777777777778,-0.5488333333333334,-0.0030333333333333336,-0.016200000000000003,-0.18142222222222223,-0.06471111111111112,-0.003777777777777778,-0.1927333333333333,-0.12086666666666666,-0.16691111111111112,-0.09055555555555556,-0.09291111111111111,-0.27540000000000003,-0.13277777777777777,-0.7938000000000001,-0.7641000000000001,-0.0006777777777777778,-0.5529444444444445,-0.1258,-0.07055555555555555,-0.4213888888888889,-0.5221111111111112,-0.1338888888888889,-0.20144444444444445,-0.154,-0.002455555555555556,-0.1328888888888889,-0.40044444444444444,-0.7236,-0.054,-0.3741111111111111,-0.030422222222222225,-0.07235555555555556,-0.6681555555555556,-0.09166666666666667,-0.24030000000000004,-0.6206,-0.36450000000000005,-0.09044444444444445,-0.6561000000000001,-0.6858000000000001,-0.3043555555555556,-0.2613333333333333,-0.243,-0.7668,-0.07973333333333334,-0.13361111111111112,-0.6075,-0.4438888888888889,-0.4698,-0.6399,-0.4589111111111111,-0.01633333333333333,-0.09784444444444444,-0.5157,-0.5832,-0.003011111111111111,-0.6610222222222223,-0.002511111111111111,-0.3021666666666667,-0.06233333333333333,-0.47894444444444445,-0.29813333333333336,-0.5616000000000001,-0.3537,-0.5049,-0.36617777777777777,-0.08944444444444444,-0.15253333333333333,-0.6210000000000001,-0.6039555555555556,-0.0010555555555555557,-0.23302222222222224,-0.0006111111111111111,-0.07933333333333334,-0.0018000000000000002,-0.24933333333333332,-0.5076,-0.4083333333333333,-0.32666666666666666,-0.35786666666666667,-0.3542888888888889,-0.0032333333333333333,-0.5427000000000001,-0.0924,-0.0637,-0.1539,-0.39672222222222225,-0.0032444444444444448,-0.001288888888888889,-0.4968,-0.3304888888888889,-0.43783333333333335,-0.6642,-0.6480000000000001,-0.0025444444444444447,-0.03235555555555556,-0.7479,-0.020777777777777777,-0.22940000000000002,-0.08333333333333333,-0.08100000000000002,-0.06666666666666667,-0.00018888888888888888,-0.015,-0.16197777777777778,-0.1661111111111111,-0.042777777777777776,-0.005866666666666667,-0.12595555555555557,-0.0675,-0.47856666666666664,-0.1562222222222222,-0.14906666666666668,-0.0033,-0.5373,-0.4481111111111111,-0.3915,-0.5754222222222223,-0.3143111111111111,-0.16244444444444445,-0.0003222222222222222,-0.2024,-0.0666,-0.14142222222222223,-0.11610000000000001,-0.030911111111111115,-0.18993333333333334,-0.38880000000000003,-0.002377777777777778,-0.06988888888888889,-0.006577777777777779,-0.2025,-0.05662222222222223
2024-05-24,-0.4574444444444445,-0.04866666666666667,-0.0021222222222222224,-0.06595555555555556,-0.1542888888888889,-0.0031111111111111114,-0.001688888888888889,-0.0018666666666666669,-0.003188888888888889,-0.002766666666666667,-0.003088888888888889,-0.4293888888888888,-0.3216777777777778,-0.23255555555555557,-0.0006111111111111111,-0.002,-0.23288888888888887,-0.0028333333333333335,-0.002211111111111111,-0.002988888888888889,-0.0020444444444444442,-0.0728,-0.15137777777777778,-0.0017000000000000001,-0.2324,-0.0018000000000000002,-0.0027333333333333333,-0.26433333333333336,-0.6746666666666667,-0.002466666666666667,-0.0028,-0.0064888888888888895,-0.001488888888888889,-0.04448888888888889,-0.45233333333333337,-0.41337777777777773,-0.42065555555555556,-0.15166666666666667,-0.0017333333333333335,-0.0017444444444444445,-0.1733777777777778,-7.777777777777778e-05,-0.04088888888888889,-0.21211111111111114,-0.6536666666666666,-0.3194444444444445,-0.0014444444444444446,-0.20700000000000002,-0.0029111111111111113,-0.001088888888888889,-0.0005222222222222223,-0.06404444444444445,-0.002377777777777778,-0.22100000000000003,-0.41253333333333336,-0.0024333333333333334,-0.4039333333333333,-0.17766666666666667,-0.058499999999999996,-0.0025555555555555557,-0.34155555555555556,-0.0016555555555555555,-0.0007444444444444445,-0.09127777777777778,-0.0024444444444444444,-0.0020555555555555557,-0.0006222222222222223,-0.6618888888888889,-0.001188888888888889,-0.001955555555555556,-0.0010555555555555557,-0.5763333333333334,-0.0014555555555555556,-0.0018222222222222223,-0.0006666666666666668,-0.08951111111111112,-0.03568888888888889,-0.00025555555555555553,-0.24733333333333335,-0.43229999999999996,-0.11483333333333334,-0.0014111111111111112,-0.10479999999999999,-0.0010666666666666667,-0.00037777777777777777,-0.23725555555555555,-0.0005555555555555556,-3.3333333333333335e-05,-0.2770444444444444,-0.018844444444444445,-0.7272777777777778,-0.0025444444444444447,-0.27088888888888885,-0.18776666666666667,-0.4565,-0.17175555555555555,-0.19933333333333336,-0.03827777777777778,-0.7125555555555555,-0.000988888888888889,-0.27364444444444447,-0.38333333333333336,-0.035333333333333335,-0.0007,-0.1224888888888889,-0.06133333333333334,-0.06695555555555555,-0.07746666666666667,-0.6584666666666666,-0.0012333333333333335,-0.21233333333333332,-0.001477777777777778,-0.002166666666666667,-0.4563888888888889,-0.33768888888888887,-0.001877777777777778,-0.0032444444444444448,-0.6536666666666666,-0.5754666666666667,-0.3988222222222222,-0.29838888888888887,-0.5533333333333333,-0.637,-0.5500444444444444,-0.46511111111111114,-0.17903333333333332,-0.0029444444444444444,-0.12517777777777778,-0.30129999999999996,-0.18844444444444444,-0.38422222222222224,-0.0015444444444444444,-0.4061,-0.39736666666666665,-0.0026333333333333334,-0.0020111111111111115,-0.5676888888888889,-0.002188888888888889,-0.0028111111111111114,-0.2920888888888889,-0.0015555555555555557,-0.5771111111111111,-0.0023666666666666667,-0.4031888888888889,-0.5865333333333334,-0.0011222222222222224,-0.40024444444444446,-0.0028666666666666667,-0.002966666666666667,-0.003144444444444445,-0.0011111111111111111,-0.0026111111111111114,-0.4352888888888889,-0.0016333333333333334,-0.5653333333333334,-0.0005333333333333334,-0.5404222222222222,-0.0013444444444444445,-0.0015777777777777778,-0.0029000000000000002,-0.043666666666666666,-0.0006555555555555556,-0.16683333333333333,-0.023555555555555555,-0.0008777777777777778,-0.03577777777777778,-0.0012666666666666668,-0.7615555555555555,-0.37262222222222224,-0.0736111111111111,-0.0022333333333333337,-0.0006000000000000001,-0.0003222222222222222,-0.06258888888888889,-0.0033222222222222225,-0.002977777777777778,-0.0006777777777777778,-0.0009666666666666667,-0.12522222222222223,-0.0032333333333333333,-0.9603555555555556,-0.48139999999999994,-0.0019,-0.7948888888888889,-0.003066666666666667,-0.002588888888888889,-0.3965,-0.34500000000000003,-0.34933333333333333,-0.4020888888888889,-0.0015333333333333336,-0.0029222222222222223,-0.0017111111111111112,-0.0027,-0.795,-0.49246666666666666,-0.5392222222222223,-0.0016777777777777778,-0.0007888888888888889,-0.23684444444444447,-0.0010333333333333334,-0.6330555555555556,-0.7361111111111112,-0.012133333333333335,-0.19066666666666668,-0.41516666666666663,-0.5888888888888888,-0.3761333333333333,-0.0018555555555555556,-0.30156666666666665,-0.6294222222222222,-0.001511111111111111,-0.0022,-0.581,-0.22848888888888888,-0.34155555555555556,-0.4681666666666667,-0.3015111111111111,-0.0007222222222222223,-0.0012222222222222222,-0.2535,-0.40946666666666665,-0.0016,-0.18259999999999998,-0.003177777777777778,-0.2998444444444444,-0.002255555555555556,-0.08433333333333334,-0.0332,-0.5229333333333334,-0.2426222222222222,-0.638888888888889,-0.2194888888888889,-0.037844444444444444,-0.0005666666666666667,-0.636,-0.5512,-0.002466666666666667,-0.182,-0.0003888888888888889,-0.0020777777777777778,-0.0032222222222222222,-0.2809222222222222,-0.47586666666666666,-0.38220000000000004,-0.47955555555555557,-0.12350000000000001,-0.47402222222222223,-0.40946666666666665,-0.7885,-0.0012555555555555555,-0.000688888888888889,-0.09422222222222222,-0.5178333333333334,-0.41046666666666665,-0.0019222222222222223,-0.6142,-0.5005000000000001,-0.3791666666666667,-0.5005555555555555,-0.45926666666666666,-0.0028222222222222225,-0.0012000000000000001,-0.5223555555555556,-0.00022222222222222223,-0.3195111111111111,-0.001588888888888889,-0.848,-0.0007111111111111113,-0.0001,-0.0008333333333333334,-0.00045555555555555556,-0.22133333333333335,-0.00041111111111111117,-0.0003555555555555556,-0.5072222222222222,-0.16253333333333334,-0.23320000000000002,-0.0010111111111111113,-0.027655555555555558,-0.3609777777777778,-0.050055555555555555,-0.24346666666666666,-0.18813333333333332,-0.11483333333333333,-0.010833333333333334,-4.444444444444445e-05,-0.0022444444444444447,-0.06549999999999999,-0.0008444444444444445,-0.0031222222222222224,-0.2757777777777778,-0.0023555555555555556,-0.003011111111111111,-0.7184444444444444,-0.0008222222222222223,-0.0012444444444444445,-0.00023333333333333336,-0.17077777777777778,-0.0023222222222222225
2024-05-27,-0.5716666666666667,-0.31266666666666665,-0.0023333333333333335,-0.039900000000000005,-0.0013333333333333335,-0.2822222222222222,-0.0023111111111111114,-0.0001777777777777778,-0.5436666666666666,-0.3654777777777778,-0.14746666666666666,-0.7025,-0.0028333333333333335,-0.11386666666666669,-0.001088888888888889,-0.0025222222222222226,-0.001,-0.3541888888888889,-0.08184444444444444,-0.2017888888888889,-0.0024111111111111113,-0.08026666666666668,-0.0018666666666666669,-0.0014444444444444446,-0.03386666666666667,-0.002211111111111111,-0.2441222222222222,-0.14534444444444444,-0.19133333333333333,-0.06914444444444444,-0.3808000000000001,-0.2748666666666667,-0.002777777777777778,-0.002,-0.3253666666666667,-0.5264,-0.2807777777777778,-0.3976,-0.001288888888888889,-0.00044444444444444447,-0.0011666666666666668,-0.002455555555555556,-0.25573333333333337,-0.5926666666666667,-0.020688888888888892,-0.2037,-0.0019111111111111113,-0.2850111111111111,-0.23146666666666668,-0.0017777777777777779,-0.00030000000000000003,-0.0016111111111111111,-0.001977777777777778,-0.048299999999999996,-0.1008,-0.3245555555555556,-0.15306666666666666,-0.0033222222222222225,-0.0378,-0.14957777777777778,-0.23053333333333334,-0.000977777777777778,-0.0007111111111111113,-0.2706,-0.0020444444444444442,-0.01128888888888889,-0.0004,-0.08575555555555556,-0.00028888888888888893,-0.0017000000000000001,-0.0005666666666666667,-0.33619999999999994,-0.0021222222222222224,-0.0009333333333333334,-0.00045555555555555556,-0.08889999999999999,-0.5712666666666666,-0.0003111111111111111,-0.5422777777777779,-0.7524555555555555,-0.00043333333333333337,-0.001511111111111111,-0.0026333333333333334,-0.0022,-0.0013111111111111112,-0.0012333333333333335,-0.0003222222222222222,-0.0028,-0.11549999999999999,-0.2977444444444445,-0.0031222222222222224,-0.21872222222222223,-0.6669333333333333,-2.2222222222222227e-05,-0.7087444444444445,-0.0005888888888888889,-0.4074,-0.6472666666666667,-0.7595777777777778,-0.0030333333333333336,-0.21448888888888892,-0.07466666666666667,-0.6381222222222223,-0.0007888888888888889,-0.0007222222222222223,-0.019755555555555557,-0.0027,-0.00042222222222222227,-0.01561111111111111,-0.0002777777777777778,-0.002377777777777778,-0.0006666666666666668,-0.0032111111111111116,-0.5467777777777778,-0.15866666666666668,-0.0004666666666666667,-0.6505333333333333,-0.5674666666666667,-0.19925555555555555,-0.63,-0.23283333333333336,-0.9304222222222222,-0.4055555555555556,-0.7008,-0.3682444444444445,-0.0016444444444444447,-0.27657777777777776,-0.0017666666666666668,-0.18062222222222224,-0.105,-0.47040000000000004,-0.0010111111111111113,-0.16053333333333336,-0.5494,-0.19755555555555557,-0.0008222222222222223,-0.49746666666666667,-0.1622777777777778,-0.3330222222222222,-6.666666666666667e-05,-0.0023,-0.8078666666666666,-0.0014,-0.6533333333333333,-0.1816,-0.0018444444444444446,-0.3767666666666667,-0.32737777777777777,-0.0008444444444444445,-0.4312,-0.0021000000000000003,-0.4021666666666667,-0.08213333333333334,-0.0011555555555555557,-0.032799999999999996,-0.0032222222222222222,-0.2333333333333333,-0.0007444444444444445,-0.0005555555555555556,-0.4274666666666667,-0.0008555555555555556,-0.003011111111111111,-0.2919,-0.00023333333333333336,-0.0007333333333333333,-0.03966666666666666,-0.0031555555555555555,-0.33093333333333336,-0.4890666666666667,-0.008199999999999999,-0.0874888888888889,-0.001788888888888889,-0.00041111111111111117,-0.0018111111111111112,-0.5338999999999999,-0.4106666666666666,-0.0007555555555555555,-0.002988888888888889,-0.0030444444444444447,-0.8063333333333332,-0.853288888888889,-0.3707666666666667,-0.0012666666666666668,-0.49964444444444445,-0.19740000000000002,-0.0019333333333333333,-0.45780000000000004,-0.4452,-0.645688888888889,-0.5481,-0.0013555555555555556,-0.2032,-0.000988888888888889,-0.18626666666666666,-0.8565333333333334,-0.050444444444444445,-0.4428,-0.0021444444444444445,-0.0011222222222222224,-0.48379999999999995,-0.0012222222222222222,-0.5763333333333334,-0.7851555555555556,-0.3416,-0.3276,-0.6232,-0.2719111111111111,-0.1905,-0.003088888888888889,-0.7106666666666667,-0.7337222222222222,-0.0008777777777777778,-0.0017555555555555556,-0.5193333333333333,-0.22399999999999998,-0.4662,-0.4514777777777778,-0.252,-0.0020888888888888893,-0.0008777777777777778,-0.2779888888888889,-0.30566666666666664,-0.0032888888888888894,-0.4136444444444444,-0.3896666666666666,-0.11147777777777777,-0.0015333333333333336,-0.1008,-0.0024444444444444444,-0.6723999999999999,-0.4242,-0.1436222222222222,-0.0017444444444444445,-0.0008111111111111112,-0.002477777777777778,-0.41673333333333334,-0.7063777777777778,-0.0031000000000000003,-0.002,-0.003188888888888889,-0.002255555555555556,-0.5170666666666667,-0.0019444444444444446,-0.4262555555555556,-0.002288888888888889,-0.6860444444444445,-0.025666666666666664,-0.1092,-0.4914,-0.18493333333333334,-0.0016666666666666668,-0.0012111111111111112,-0.09870000000000001,-0.6177333333333332,-0.5002666666666667,-0.0012444444444444445,-0.38813333333333333,-0.8659777777777778,-0.2482666666666667,-0.7093333333333334,-0.30014444444444444,-0.09736666666666667,-0.002277777777777778,-0.8835888888888889,-0.0027444444444444448,-0.37535555555555555,-0.0002444444444444445,-0.2716333333333333,-0.0014111111111111112,-0.0029444444444444444,-0.0020777777777777778,-0.0033,-0.2624666666666667,-0.001188888888888889,-0.0003888888888888889,-0.1575,-0.01411111111111111,-0.009333333333333334,-0.0013444444444444445,-0.003177777777777778,-0.41486666666666666,-0.4287777777777778,-0.21307777777777775,-0.56,-0.003066666666666667,-0.00036666666666666667,-0.0032333333333333333,-0.08325555555555555,-0.0001,-0.002755555555555556,-0.38805555555555554,-0.038422222222222226,-0.5376000000000001,-0.063,-0.09678888888888888,-0.0016555555555555555,-0.0028666666666666667,-0.0013000000000000002,-0.03783333333333334,-0.4120444444444445
2024-05-28,-0.33459999999999995,-0.001977777777777778,-0.1739,-0.022199999999999998,-0.005422222222222222,-0.07675555555555555,-0.12086666666666666,-0.001388888888888889,-0.3173111111111111,-0.0534,-0.10815555555555555,-0.017533333333333335,-0.2849,-0.0023333333333333335,-0.07726666666666666,-0.27749999999999997,-0.008633333333333333,-0.2903333333333334,-0.0010444444444444446,-0.27749999999999997,-0.0037,-0.17825555555555556,-0.19655555555555557,-0.10302222222222224,-0.00045555555555555556,-0.2331,-0.09373333333333334,-0.12703333333333333,-0.04746666666666667,-0.0005111111111111111,-0.3777555555555556,-0.04243333333333334,-0.04066666666666667,-0.002711111111111111,-0.4399666666666667,-0.6176666666666667,-0.7169777777777778,-0.023733333333333335,-0.06659999999999999,-0.0029333333333333334,-0.0009000000000000001,-0.16334444444444446,-0.3367,-0.049133333333333334,-0.46991111111111106,-0.1166888888888889,-0.0007777777777777778,-0.04844444444444444,-0.4867,-0.018977777777777777,-0.0006333333333333334,-0.019655555555555555,-0.2294,-0.016033333333333333,-0.001377777777777778,-0.47475555555555554,-0.35935555555555554,-0.47632222222222226,-0.028366666666666665,-0.17215555555555556,-0.6636888888888889,-0.07116666666666667,-0.0012444444444444445,-0.0737,-0.0814,-0.0004777777777777778,-0.0017333333333333335,-0.32097777777777775,-0.0013111111111111112,-0.2725666666666667,-0.0025,-0.2301111111111111,-0.4116888888888889,-0.048100000000000004,-0.0027222222222222222,-0.002166666666666667,-0.06638888888888889,-0.0028111111111111114,-0.08766666666666667,-0.8416,-0.0020222222222222226,-0.04947777777777778,-0.1708,-0.10912222222222222,-0.002788888888888889,-0.051800000000000006,-0.002277777777777778,-0.16944444444444445,-0.16526666666666667,-0.011099999999999999,-0.0012555555555555555,-0.20966666666666667,-0.31267777777777783,-0.00044444444444444447,-0.09722222222222222,-0.0024222222222222223,-0.5458666666666667,-0.037177777777777775,-0.09351111111111111,-0.5006555555555555,-0.1727,-0.16773333333333332,-0.49658888888888886,-0.0010777777777777778,-0.0017111111111111112,-0.0032111111111111116,-0.21089999999999998,-0.0006444444444444444,-0.025900000000000003,-0.0008,-0.04541111111111111,-0.0015444444444444444,-0.5982888888888889,-0.5289222222222223,-0.0629,-0.0017666666666666668,-0.5974999999999999,-0.43833333333333335,-0.2136,-0.5815222222222223,-0.4252222222222223,-0.2600777777777778,-0.8240666666666666,-0.8094555555555556,-0.29703333333333337,-0.13623333333333335,-0.030555555555555558,-0.17513333333333334,-0.4326222222222222,-0.03362222222222222,-0.28055555555555556,-0.0948888888888889,-0.2355,-0.6428888888888888,-0.0592,-0.0020888888888888893,-0.38239999999999996,-0.06235555555555555,-0.33424444444444446,-0.0007111111111111113,-0.10606666666666667,-0.7130222222222222,-0.2368,-0.4166222222222222,-0.06506666666666668,-0.19181111111111113,-0.5083333333333333,-0.2703888888888889,-0.0023666666666666667,-0.22744444444444448,-0.11115555555555555,-0.5404666666666667,-0.0028777777777777777,-0.05693333333333334,-0.2702333333333333,-0.45355555555555555,-0.20323333333333335,-0.0014222222222222225,-0.0022222222222222222,-0.10641111111111111,-0.0017000000000000001,-0.21459999999999999,-0.25643333333333335,-0.0024333333333333334,-0.00028888888888888893,-0.003955555555555556,-0.46082222222222224,-0.8299111111111112,-0.08263333333333334,-0.0014333333333333333,-0.0013000000000000002,-0.16673333333333332,-0.0008888888888888889,-0.18638888888888888,-0.7480888888888889,-0.5143111111111112,-0.0014111111111111112,-0.11338888888888889,-0.07593333333333334,-0.7013333333333334,-0.8357555555555556,-0.33184444444444444,-0.0031222222222222224,-0.7831555555555556,-0.5093777777777778,-0.19733333333333333,-0.5172333333333333,-0.4850888888888889,-0.7919222222222222,-0.5550111111111111,-0.07523333333333333,-0.48495555555555553,-0.09692222222222223,-0.6312,-0.789,-0.16876666666666668,-0.22526666666666667,-0.05218888888888889,-0.0019222222222222223,-0.8083333333333333,-0.0013666666666666666,-0.15555555555555556,-0.8562111111111111,-0.038233333333333334,-0.00988888888888889,-0.7539333333333333,-0.5944444444444446,-0.13073333333333334,-0.39567777777777774,-0.7555555555555555,-0.5113888888888889,-0.0020555555555555557,-0.0925,-0.6575,-0.23733333333333337,-0.3584888888888889,-0.6078222222222223,-0.027911111111111112,-0.048122222222222226,-0.0018666666666666669,-0.19653333333333334,-0.5886,-0.6930999999999999,-0.4533666666666667,-0.29864444444444443,-0.0023,-0.2516,-0.15114444444444444,-0.07387777777777778,-0.5552222222222222,-0.16217777777777778,-0.5918333333333333,-0.11183333333333334,-0.14301111111111112,-0.18096666666666666,-0.4944444444444445,-0.1841,-0.1542666666666667,-0.1258,-0.012333333333333333,-0.06166666666666666,-0.5888888888888889,-0.111,-0.45000000000000007,-0.4674888888888889,-0.8328333333333333,-0.0026111111111111114,-0.0826888888888889,-0.6633,-0.6611111111111111,-0.0662888888888889,-0.035244444444444446,-0.0018555555555555556,-0.7063777777777778,-0.08900000000000001,-0.0011111111111111111,-0.3055555555555555,-0.8620555555555556,-0.39249999999999996,-0.8591333333333333,-0.3802888888888889,-0.0009444444444444445,-0.05625555555555556,-0.6954888888888889,-0.024399999999999998,-0.25191111111111114,-0.0026000000000000003,-0.03983333333333333,-0.07862222222222222,-0.05354444444444444,-0.03592222222222222,-0.5425777777777778,-0.1897777777777778,-0.10708888888888889,-0.0009666666666666667,-0.3523777777777778,-0.0007666666666666668,-0.17020000000000002,-0.16063333333333335,-0.3169666666666667,-0.4291777777777778,-0.7242444444444445,-0.222,-0.7656222222222222,-0.33176666666666665,-0.0033333333333333335,-0.09895555555555556,-0.03321111111111111,-0.0022,-0.5893777777777778,-0.32383333333333336,-0.15186666666666668,-0.09126666666666666,-0.0014666666666666667,-0.5619555555555555,-0.03185555555555556,-0.4335777777777778,-0.03727777777777778,-0.23535555555555557,-0.6487333333333334
2024-05-29,-0.07577777777777778,-0.3764444444444444,-0.10095555555555555,-0.002577777777777778,-0.0026555555555555555,-0.00025555555555555553,-0.0025333333333333336,-0.002788888888888889,-0.06599999999999999,-0.08711111111111111,-0.3384888888888889,-0.002,-0.10608888888888889,-0.0007888888888888889,-0.0012555555555555555,-0.12833333333333333,-0.0010333333333333334,-0.0787111111111111,-0.0020444444444444442,-0.51,-0.0012444444444444445,-0.21217777777777777,-0.4693333333333333,-0.0020666666666666667,-0.0008,-0.23395555555555558,-0.0010666666666666667,-0.0007555555555555555,-0.508,-0.0023222222222222225,-0.438,-0.038,-0.002888888888888889,-0.0005,-0.5888,-0.26399999999999996,-0.5970888888888889,-0.20284444444444447,-0.0013444444444444445,-0.05973333333333334,-0.0017111111111111112,-0.3073777777777778,-0.2823333333333333,-0.48766666666666664,-0.7420888888888889,-0.0003888888888888889,-0.0014555555555555556,-0.028,-0.018466666666666666,-0.0005444444444444445,-0.0008888888888888889,-0.0020333333333333336,-0.43119999999999997,-0.0007333333333333333,-0.0012777777777777779,-0.40019999999999994,-0.20875555555555556,-0.031655555555555555,-0.19911111111111113,-0.352,-0.9048666666666667,-0.002977777777777778,-0.003177777777777778,-0.12942222222222224,-0.002277777777777778,-0.002588888888888889,-0.5116222222222222,-0.30240000000000006,-0.0017666666666666668,-0.0924,-0.4072444444444444,-0.44389999999999996,-0.35600000000000004,-0.002955555555555556,-0.2912,-0.0028555555555555556,-0.4623,-0.0009444444444444445,-0.6141,-0.6217111111111111,-0.3509333333333333,-0.0017555555555555556,-0.436,-0.12444444444444444,-0.0023111111111111114,-0.0013333333333333335,-0.0011333333333333334,-0.0784,-0.2849777777777778,-4.444444444444445e-05,-0.0032333333333333333,-5.555555555555556e-05,-0.6791555555555555,-0.0023555555555555556,-0.4300444444444444,-0.0029222222222222223,-0.26155555555555554,-0.726,-0.5690222222222222,-0.0502,-0.0026111111111111114,-0.0020777777777777778,-0.02622222222222222,-0.0028666666666666667,-0.0025666666666666667,-0.35342222222222225,-0.06844444444444445,-0.0005555555555555556,-0.0029444444444444444,-0.0019222222222222223,-0.0016777777777777778,-0.0010555555555555557,-0.14946666666666666,-0.2331,-0.0016111111111111111,-0.0025,-0.5726777777777777,-0.14781111111111112,-0.08042222222222223,-0.21295555555555554,-0.39199999999999996,-0.14676666666666666,-0.7694444444444445,-0.6863444444444444,-0.26199999999999996,-0.002288888888888889,-0.0003222222222222222,-0.0008444444444444445,-0.4131111111111111,-0.27548888888888884,-0.07333333333333333,-0.0014555555555555556,-0.2065777777777778,-0.8033,-0.002166666666666667,-0.003011111111111111,-0.30129999999999996,-0.0008555555555555556,-0.21,-0.0019666666666666665,-0.2936888888888889,-0.7165666666666666,-0.14715555555555557,-0.7137777777777777,-0.1854222222222222,-0.146,-0.5926222222222222,-0.033999999999999996,-0.0012111111111111112,-0.5559999999999999,-0.0012333333333333335,-0.352,-0.09831111111111111,-0.0017000000000000001,-0.7368444444444444,-0.39099999999999996,-0.5635,-0.0011444444444444445,-0.002266666666666667,-0.382,-0.0018555555555555556,-0.3422222222222222,-0.13346666666666668,-0.0006444444444444444,-0.0002777777777777778,-0.2625777777777778,-0.09044444444444444,-0.5386111111111112,-0.474,-0.3708444444444444,-0.002666666666666667,-0.1456,-0.0029333333333333334,-0.3388,-0.4031888888888889,-0.5640444444444443,-0.0003555555555555556,-0.35715555555555556,-0.0014333333333333333,-0.4920999999999999,-0.8433111111111111,-0.414,-0.182,-0.40011111111111114,-0.35702222222222224,-0.0017333333333333335,-0.11275555555555555,-0.036255555555555555,-0.8864,-0.3653444444444444,-0.0014555555555555556,-0.09482222222222222,-0.000977777777777778,-0.3202222222222222,-0.12926666666666667,-0.7053777777777777,-0.128,-0.001988888888888889,-0.0016333333333333334,-0.7786777777777778,-0.003066666666666667,-0.345,-0.5570777777777778,-0.011977777777777778,-0.30364444444444444,-0.06155555555555556,-0.09203333333333333,-0.08337777777777777,-0.621,-0.3878,-0.06043333333333334,-0.0014555555555555556,-0.002677777777777778,-0.23885555555555554,-0.13191111111111112,-0.06673333333333334,-0.3435111111111111,-0.112,-0.0020222222222222226,-0.0013111111111111112,-0.0808888888888889,-0.2464888888888889,-0.8518222222222221,-0.08199999999999999,-0.088,-0.0030333333333333336,-0.1728222222222222,-0.03235555555555556,-0.0027333333333333333,-0.10359999999999998,-0.26631111111111117,-0.3769888888888889,-0.0023333333333333335,-0.001088888888888889,-0.005755555555555555,-0.6771111111111111,-0.15617777777777778,-0.2600888888888889,-0.0018666666666666669,-0.0013222222222222222,-0.0012666666666666668,-0.5952444444444445,-0.11448888888888889,-0.09777777777777777,-0.29209999999999997,-0.5293777777777778,-0.32604444444444447,-0.0009111111111111111,-0.10935555555555555,-0.2761,-0.0016222222222222224,-0.0023666666666666667,-0.002,-0.8617777777777778,-0.558,-0.002466666666666667,-0.032,-0.7078888888888889,-0.14886666666666665,-0.45551111111111114,-0.10453333333333335,-0.0021000000000000003,-0.002255555555555556,-0.08057777777777778,-0.009955555555555556,-0.3128888888888889,-0.0020555555555555557,-0.448,-0.002388888888888889,-0.1368888888888889,-0.002455555555555556,-0.4982222222222222,-0.08586666666666667,-0.001588888888888889,-0.003277777777777778,-0.578,-0.02737777777777778,-0.3422222222222222,-0.0010777777777777778,-0.06471111111111112,-0.6738999999999999,-0.0002666666666666667,-0.0018000000000000002,-0.27392222222222223,-0.284,-0.30862222222222224,-0.015399999999999999,-0.0006666666666666668,-0.00013333333333333334,-0.7448222222222222,-0.007333333333333333,-0.6669999999999999,-0.018666666666666668,-0.0013666666666666666,-0.4460555555555556,-0.0024000000000000002,-0.10437777777777778,-0.001388888888888889,-0.7866666666666666,-0.45181111111111105
2024-05-30,-0.08416666666666667,-0.016833333333333336,-0.0023555555555555556,-0.03927777777777778,-0.22893333333333335,-0.00036666666666666667,-0.2566111111111111,-0.17843333333333333,-0.16533333333333336,-0.002677777777777778,-0.10496666666666668,-0.0014333333333333333,-0.11334444444444444,-0.00022222222222222223,-0.0013444444444444445,-0.0005666666666666667,-0.002255555555555556,-0.18404444444444443,-0.0011222222222222224,-0.03133333333333333,-0.002288888888888889,-0.0027333333333333333,-0.4787777777777778,-0.18404444444444443,-0.0020666666666666667,-0.48100000000000004,-0.0020777777777777778,-0.0004,-0.15005555555555558,-0.15486666666666668,-0.18760000000000002,-0.002788888888888889,-0.2895333333333333,-0.0015666666666666667,-0.08852222222222222,-0.13176666666666667,-0.07104444444444444,-0.0001,-0.0016111111111111111,-0.0031111111111111114,-0.0006333333333333334,-0.47016666666666673,-0.4632777777777778,-0.0775,-0.3141111111111111,-0.0027222222222222222,-0.0025,-0.2884111111111111,-0.2446888888888889,-0.003011111111111111,-0.0017111111111111112,-0.0033333333333333335,-0.4728888888888889,-8.88888888888889e-05,-0.0014111111111111112,-0.2858666666666667,-0.05166666666666667,-0.6776,-0.0007222222222222223,-0.43783333333333335,-0.7367555555555555,-0.2501333333333334,-0.20144444444444445,-0.0032333333333333333,-0.0006777777777777778,-0.0008555555555555556,-0.8123777777777778,-0.0012111111111111112,-0.0009222222222222223,-0.1066111111111111,-0.1250666666666667,-0.0920888888888889,-0.5221111111111112,-0.2345,-0.19633333333333336,-0.23566666666666666,-0.4994444444444445,-0.0013000000000000002,-0.7755,-0.31506666666666666,-0.6964222222222222,-0.001377777777777778,-0.3995555555555556,-0.0020333333333333336,-0.18404444444444443,-0.001488888888888889,-0.002688888888888889,-0.3232,-0.0726,-0.0011555555555555557,-0.03484444444444445,-0.0028111111111111114,-0.7538666666666667,-0.0022444444444444447,-0.6141666666666666,-0.19116666666666668,-0.4933333333333334,-0.771,-0.12906666666666666,-0.4604444444444445,-0.5080555555555556,-0.2177111111111111,-0.25906666666666667,-0.2771888888888889,-0.1705777777777778,-0.05226666666666668,-0.003188888888888889,-0.0024000000000000002,-0.16945555555555555,-0.0021000000000000003,-0.14027777777777778,-0.0023444444444444446,-0.6521333333333335,-0.23395555555555558,-0.0020444444444444442,-0.0018222222222222223,-0.06853333333333333,-0.20546666666666666,-0.0013666666666666666,-0.28502222222222223,-0.1637111111111111,-0.06991111111111112,-0.2749111111111111,-0.26255555555555554,-0.3375555555555556,-0.17394444444444446,-0.0017000000000000001,-0.0015444444444444444,-0.6339333333333333,-0.09090000000000001,-0.0018222222222222223,-0.002166666666666667,-0.05611111111111111,-0.23475555555555558,-0.3737222222222223,-0.09603333333333335,-0.27382222222222224,-0.0007444444444444445,-0.5149444444444445,-0.038155555555555554,-0.3323888888888889,-0.08648888888888889,-0.2686666666666667,-0.07722222222222222,-0.017955555555555558,-0.2290555555555556,-0.10705555555555554,-0.12456666666666667,-0.0007888888888888889,-0.013055555555555555,-0.003077777777777778,-0.6103777777777778,-0.4892222222222222,-0.0707,-0.36448888888888886,-0.6365,-0.049133333333333334,-0.001,-0.08955555555555557,-0.08016666666666668,-0.18404444444444443,-0.3288111111111111,-0.0023,-0.001788888888888889,-3.3333333333333335e-05,-0.0002,-0.3720555555555556,-0.8092888888888888,-0.3662666666666667,-0.08604444444444445,-0.2569888888888889,-0.3175888888888889,-0.2861666666666667,-0.48911111111111116,-0.13135555555555556,-0.23415555555555553,-0.0016333333333333334,-0.5624888888888889,-0.002977777777777778,-0.2687333333333333,-0.608511111111111,-0.15431111111111112,-0.3321777777777778,-0.5482666666666667,-0.5739666666666667,-0.0024333333333333334,-0.11022222222222224,-0.0007333333333333333,-0.12355555555555554,-0.6534,-0.0018222222222222223,-0.3247777777777778,-0.002377777777777778,-0.3171333333333333,-0.363,-0.1998888888888889,-0.17955555555555555,-0.002777777777777778,-0.0020222222222222226,-0.5004000000000001,-0.04994444444444445,-0.22733333333333336,-0.21131111111111112,-0.0016222222222222224,-0.019077777777777777,-0.30373333333333336,-0.268,-0.0016444444444444447,-0.7135333333333334,-0.11993333333333335,-0.3907555555555556,-0.0018222222222222223,-0.3530555555555556,-0.2366222222222222,-0.0015222222222222223,-0.0018222222222222223,-0.14933333333333335,-0.0014555555555555556,-0.0026555555555555555,-0.0022,-0.0011,-0.2446111111111111,-0.018533333333333332,-0.16833333333333333,-0.28244444444444444,-0.13591111111111112,-0.09538888888888888,-0.002477777777777778,-0.3926666666666667,-0.18404444444444443,-0.1773888888888889,-0.46831111111111107,-0.13691111111111112,-0.0026333333333333334,-0.45983333333333337,-0.030888888888888886,-0.4522222222222222,-0.3582222222222223,-0.0026222222222222224,-0.0029000000000000002,-0.0010777777777777778,-0.46831111111111107,-0.0008888888888888889,-0.24111111111111114,-0.15186666666666668,-0.1542,-0.10217777777777778,-0.0018222222222222223,-0.1792,-0.3640333333333334,-0.0018222222222222223,-0.20761111111111114,-0.0006444444444444444,-0.8401777777777777,-0.008933333333333335,-0.2109777777777778,-0.1212,-0.03141111111111111,-0.0012555555555555555,-0.22273333333333334,-0.001188888888888889,-0.0032111111111111116,-0.0025555555555555557,-0.49872222222222223,-0.002388888888888889,-0.15410000000000001,-0.0014444444444444446,-0.8395333333333334,-0.34272222222222226,-0.003066666666666667,-0.16047777777777777,-0.6471111111111112,-0.0006111111111111111,-0.0031000000000000003,-0.026722222222222224,-0.12794444444444444,-0.23454444444444444,-0.007855555555555557,-0.0008777777777777778,-0.3164666666666667,-0.005222222222222223,-0.00021111111111111113,-0.1414,-0.6310777777777778,-0.5940666666666667,-0.23638888888888893,-0.24464444444444444,-0.0026111111111111114,-0.0016,-0.8185555555555555,-0.22444444444444445,-0.26888888888888884,-0.2872888888888889,-0.002766666666666667,-0.8679777777777777,-0.18404444444444443,-0.32095555555555555,-0.002755555555555556,-0.7197111111111111,-0.8509555555555556
2024-05-31,-0.001977777777777778,-0.0007666666666666668,-0.21511111111111111,-0.0002,-0.10640000000000001,-0.0032111111111111116,-0.2548,-0.05244444444444444,-0.0014,-0.03822222222222223,-0.0008,-0.0005111111111111111,-0.001588888888888889,-0.0024333333333333334,-0.25955555555555554,-0.003066666666666667,-0.4102,-0.07106666666666667,-0.0025222222222222226,-0.168,-0.126,-0.49382222222222216,-0.36448888888888886,-0.18044444444444444,-0.059555555555555556,-0.13199999999999998,-0.28419999999999995,-0.0021333333333333334,-0.1428,-0.0005,-0.09955555555555556,-0.2577777777777778,-0.2592,-0.0028333333333333335,-0.15733333333333333,-0.28608888888888884,-0.19564444444444445,-0.002255555555555556,-0.0027222222222222222,-0.012,-0.002255555555555556,-0.4028888888888889,-0.7840444444444444,-0.04444444444444444,-0.005511111111111112,-0.18044444444444444,-0.4018,-0.0756,-0.12240000000000001,-0.45373333333333327,-0.002844444444444445,-0.7756,-0.20977777777777776,-0.0011666666666666668,-0.0021000000000000003,-0.010666666666666666,-0.0014555555555555556,-0.06062222222222222,-0.002488888888888889,-0.4224,-0.03031111111111111,-0.07186666666666666,-0.05648888888888889,-0.1736,-0.00044444444444444447,-0.0031555555555555555,-0.6955777777777777,-0.0014666666666666667,-0.0030555555555555557,-0.0025555555555555557,-0.0448,-0.001788888888888889,-0.6719999999999999,-0.22959999999999997,-0.28973333333333334,-0.3878,-0.08639999999999999,-0.0032888888888888894,-0.38164444444444445,-0.3361777777777778,-0.8784444444444444,-0.0022222222222222222,-0.3552,-0.10755555555555556,-0.2422,-0.0017111111111111112,-0.15488888888888888,-0.5096,-0.04622222222222222,-0.002577777777777778,-0.11297777777777777,-0.08266666666666667,-0.6186333333333334,-0.28419999999999995,-0.7384888888888889,-0.1792,-0.54,-0.8933333333333333,-0.08711111111111111,-0.30924444444444443,-0.8125333333333333,-0.15399999999999997,-0.04555555555555555,-0.04191111111111111,-0.0054666666666666665,-0.161,-0.5184,-0.05688888888888889,-0.19822222222222222,-0.15819999999999998,-0.003022222222222222,-0.02311111111111111,-0.22775555555555557,-0.11115555555555555,-0.0010111111111111113,-0.0014333333333333333,-0.5618666666666666,-0.16888888888888887,-0.0026444444444444445,-0.2544,-0.16217777777777778,-0.7368444444444444,-0.6044888888888889,-0.12124444444444445,-0.16035555555555556,-0.3608,-0.104,-0.10577777777777778,-0.8556222222222222,-0.0019333333333333333,-0.0020333333333333336,-0.17779999999999999,-0.0021444444444444445,-0.28586666666666666,-0.14213333333333333,-0.0011222222222222224,-0.348,-0.0031333333333333335,-0.35086666666666666,-0.00021111111111111113,-0.1676888888888889,-0.40906666666666663,-0.35533333333333333,-0.2369777777777778,-0.00041111111111111117,-0.038400000000000004,-0.024,-0.175,-0.0008111111111111112,-0.1928888888888889,-0.6076,-0.024622222222222222,-0.2232,-0.0027333333333333333,-0.05062222222222222,-0.23083333333333333,-0.31079999999999997,-0.0028111111111111114,-0.002177777777777778,-0.0029111111111111113,-0.2786,-0.5165777777777777,-0.027999999999999997,-0.003266666666666667,-0.0026222222222222224,-0.0015666666666666667,-0.10235555555555556,-0.5386111111111112,-0.015733333333333332,-0.03266666666666667,-0.29835555555555554,-0.3959555555555555,-0.3528,-0.3576,-0.6,-0.12755555555555556,-0.0009111111111111111,-0.13226666666666667,-0.3699111111111111,-0.24715555555555555,-0.7772,-0.08888888888888888,-0.7950666666666667,-0.41550000000000004,-0.0831,-0.32666666666666666,-0.0029444444444444444,-0.002255555555555556,-0.7136888888888888,-0.5170666666666667,-0.12977777777777777,-0.1272,-0.11059999999999999,-0.16977777777777778,-0.7473333333333333,-0.08266666666666667,-0.0015555555555555557,-0.4027111111111111,-0.16622222222222222,-0.06463333333333333,-0.0011555555555555557,-0.10933333333333332,-0.15706666666666666,-4.444444444444445e-05,-0.00015555555555555556,-0.28244444444444444,-0.3416,-0.0020111111111111115,-0.25853333333333334,-0.5832,-0.2831111111111111,-0.28419999999999995,-0.23302222222222224,-0.18044444444444444,-0.10311111111111111,-0.05333333333333334,-0.22311111111111112,-0.19555555555555554,-0.3699111111111111,-0.16711111111111113,-0.0017000000000000001,-0.0018333333333333335,-0.15982222222222223,-0.152,-0.39724444444444446,-0.037333333333333336,-0.0019111111111111113,-0.08355555555555556,-0.08928888888888888,-0.24417777777777777,-0.0018555555555555556,-0.26728888888888885,-0.0018444444444444446,-0.25422222222222224,-0.6467999999999999,-0.17955555555555555,-0.4209333333333333,-0.336,-0.06377777777777778,-0.4172888888888889,-0.0026111111111111114,-0.45008888888888887,-0.0012333333333333335,-0.0028555555555555556,-0.002755555555555556,-0.5784,-0.2700888888888889,-0.13511111111111113,-0.008,-0.05284444444444444,-0.04977777777777778,-0.2366,-0.0011,-0.7817555555555555,-0.091,-0.1862,-0.002255555555555556,-0.49324444444444443,-0.0026555555555555555,-0.2617777777777778,-0.0028777777777777777,-0.5125333333333333,-0.20159999999999997,-0.7412444444444444,-0.24,-0.00042222222222222227,-0.2915555555555555,-0.003077777777777778,-0.07404444444444444,-0.19862222222222223,-0.16,-0.8186888888888889,-0.0002666666666666667,-0.18946666666666664,-0.3192,-0.37022222222222223,-0.2071111111111111,-0.0016333333333333334,-7.777777777777778e-05,-0.6312,-0.4318666666666667,-0.0017555555555555556,-0.0003111111111111111,-0.5970888888888889,-0.12848888888888887,-0.1288,-0.4074,-0.25155555555555553,-0.0018111111111111112,-0.20313333333333333,-0.41719999999999996,-0.7552,-0.3836,-0.5945333333333334,-0.41857777777777777,-0.2576,-0.35137777777777773,-0.09519999999999999,-0.040011111111111115,-0.42473333333333335
2024-06-03,-0.0006222222222222223,-0.000688888888888889,-0.3561444444444445,-0.00022222222222222223,-0.0026000000000000003,-0.3325,-0.3191555555555556,-0.0004777777777777778,-0.0018444444444444446,-0.00044444444444444447,-0.001288888888888889,-0.0020444444444444442,-0.0021333333333333334,-0.13447777777777778,-0.5979444444444444,-0.038422222222222226,-0.06647777777777777,-0.0029222222222222223,-0.27634444444444445,-0.0007222222222222223,-0.001888888888888889,-0.08905555555555555,-0.36385555555555554,-0.15664444444444445,-0.0022222222222222222,-0.0015666666666666667,-0.1395111111111111,-0.0011111111111111111,-0.1528888888888889,-8.88888888888889e-05,-0.001688888888888889,-0.34973333333333334,-0.47717777777777776,-0.45484444444444444,-0.2068888888888889,-0.5045333333333334,-0.27234444444444444,-0.4063888888888889,-0.21230000000000002,-0.0017222222222222224,-0.0023333333333333335,-0.5498444444444445,-0.5143555555555556,-0.001788888888888889,-0.13724444444444445,-0.001,-0.45036666666666664,-0.0023666666666666667,-0.00036666666666666667,-0.39693333333333336,-0.39751111111111115,-0.6153333333333334,-0.1779888888888889,-0.0005666666666666667,-0.0013333333333333335,-0.001977777777777778,-0.0023555555555555556,-0.7218222222222223,-0.007388888888888889,-0.37903333333333333,-0.6007111111111111,-0.0015333333333333336,-0.002477777777777778,-0.6025888888888888,-0.0010333333333333334,-0.005911111111111112,-0.9087999999999999,-0.0029111111111111113,-0.06497777777777777,-0.0007444444444444445,-0.0011333333333333334,-0.0031111111111111114,-0.8236,-0.0006111111111111111,-0.0006333333333333334,-0.19846666666666668,-0.6304666666666666,-0.45799999999999996,-0.7708444444444444,-0.7331666666666666,-0.8898666666666666,-0.000988888888888889,-0.054677777777777783,-0.0014555555555555556,-0.0002444444444444445,-0.0004,-0.00015555555555555556,-0.7193333333333333,-0.0022444444444444447,-0.43594444444444447,-0.16551111111111114,-0.002688888888888889,-0.6279555555555556,-0.46534444444444445,-0.7699555555555556,-0.0009111111111111111,-0.28521111111111114,-0.9056444444444445,-0.22757777777777777,-0.20984444444444444,-0.8614666666666667,-0.003077777777777778,-0.002577777777777778,-1.1111111111111113e-05,-0.0024444444444444444,-0.11970000000000001,-0.6437444444444445,-0.00045555555555555556,-0.02807777777777778,-0.0007888888888888889,-0.4166222222222222,-0.0013222222222222222,-0.7497666666666666,-0.0014666666666666667,-0.001388888888888889,-7.777777777777778e-05,-0.4343666666666666,-0.08718888888888889,-0.0007555555555555555,-0.5082333333333333,-0.0023,-0.6335666666666666,-0.8551555555555556,-0.3130888888888889,-0.0007666666666666668,-0.0010666666666666667,-0.0003555555555555556,-0.001488888888888889,-0.852,-0.0027333333333333333,-0.0020666666666666667,-0.0009555555555555556,-0.0005333333333333334,-0.17924444444444446,-0.3812666666666667,-0.00013333333333333334,-0.3688444444444445,-0.4586666666666667,-0.7377222222222222,-0.0005222222222222223,-0.002955555555555556,-0.09923333333333334,-0.4039333333333333,-0.2591777777777778,-0.0019,-0.002277777777777778,-0.0016111111111111111,-0.0013000000000000002,-0.001377777777777778,-0.15516666666666667,-0.23240000000000002,-0.5179111111111111,-0.0007777777777777778,-0.30885555555555555,-0.5256666666666666,-0.006022222222222222,-0.23496666666666668,-0.06206666666666667,-0.0010777777777777778,-0.0003111111111111111,-0.0003333333333333334,-0.7912666666666667,-0.002977777777777778,-0.03148888888888889,-0.36944444444444446,-3.3333333333333335e-05,-0.23940000000000003,-0.5450111111111111,-0.003144444444444445,-0.0010444444444444446,-0.38795555555555555,-0.1323111111111111,-0.21015555555555554,-0.5241555555555555,-0.6462888888888889,-0.0030444444444444447,-0.002177777777777778,-0.1351,-0.5060888888888888,-0.5546888888888889,-0.6248,-0.0024333333333333334,-0.5206666666666667,-0.8488444444444444,-0.21786666666666668,-0.0012222222222222222,-0.0001777777777777778,-0.03546666666666667,-0.7625333333333334,-0.7678333333333333,-0.0014333333333333333,-0.0013666666666666666,-0.0012777777777777779,-0.1862,-0.044333333333333336,-0.2980777777777778,-0.002377777777777778,-0.47392222222222224,-0.0015,-0.6833666666666667,-0.00030000000000000003,-0.0014222222222222225,-0.6920888888888889,-0.003255555555555556,-0.0025333333333333336,-0.1610777777777778,-0.14048888888888889,-0.0021000000000000003,-0.05852222222222222,-0.6386555555555555,-0.0879111111111111,-0.0012555555555555555,-0.7387,-0.27782222222222225,-0.001955555555555556,-0.001988888888888889,-0.4071111111111111,-0.2599111111111111,-0.10722222222222222,-0.18028888888888892,-0.0022333333333333337,-0.0018222222222222223,-0.1308111111111111,-0.0025666666666666667,-0.5125222222222222,-0.003066666666666667,-0.0016222222222222224,-0.3014666666666667,-0.0016777777777777778,-0.0011222222222222224,-0.0010222222222222221,-0.17881111111111112,-0.0003222222222222222,-0.7404333333333333,-0.18066666666666667,-0.0017555555555555556,-0.37075555555555556,-0.5496,-0.0019222222222222223,-0.10507777777777777,-0.33397777777777776,-0.22302222222222223,-0.0009666666666666667,-0.14333333333333334,-0.038599999999999995,-0.4039333333333333,-0.10513333333333334,-0.0008555555555555556,-0.0032111111111111116,-0.0005888888888888889,-0.0019333333333333333,-0.0020555555555555557,-0.000977777777777778,-0.07888888888888888,-0.001877777777777778,-0.2822555555555556,-0.0010555555555555557,-0.8630222222222224,-0.2586111111111111,-0.8423333333333334,-0.2157555555555556,-0.5035333333333333,-0.0018666666666666669,-0.032511111111111116,-0.24844444444444447,-0.0028,-0.2255111111111111,-0.06502222222222223,-0.0011444444444444445,-0.1694111111111111,-0.0016,-0.1626,-0.0033222222222222225,-0.6758000000000001,-0.16297777777777778,-0.0008,-0.0012000000000000001,-0.0027,-0.0012333333333333335,-0.8772444444444444,-0.05086666666666667,-0.0023444444444444446,-0.4389,-0.7352444444444444,-0.8023333333333333,-0.12561111111111112,-0.46105555555555555,-0.0249,-0.0028555555555555556,-0.6684666666666667,-0.05364444444444444,-0.9033333333333333,-0.5656888888888889,-0.019111111111111113,-0.13549999999999998,-0.0007333333333333333,-0.5699555555555555,-6.666666666666667e-05,-0.4233,-0.6925555555555556
2024-06-04,-0.0014222222222222225,-0.0031666666666666666,-0.30364444444444444,-0.0010111111111111113,-0.0031222222222222224,-0.5354666666666666,-0.009333333333333334,-0.0021222222222222224,-0.04013333333333333,-0.002977777777777778,-0.0008888888888888889,-0.003088888888888889,-0.3268,-0.0015666666666666667,-0.5077333333333334,-0.0025,-0.0029333333333333334,-0.2733333333333334,-0.36406666666666665,-0.0032,-0.2637333333333333,-0.003277777777777778,-0.4894555555555556,-0.0011555555555555557,-0.3741,-0.0022333333333333337,-0.001788888888888889,-0.0021000000000000003,-0.04853333333333334,-0.0020666666666666667,-0.001088888888888889,-0.015944444444444445,-0.6769777777777778,-0.11093333333333334,-0.0001,-0.7132222222222222,-0.5461333333333334,-0.43493333333333334,-0.002211111111111111,-0.0023111111111111114,-0.5096,-0.09457777777777779,-0.46028888888888886,-0.0028777777777777777,-0.17056666666666667,-0.00044444444444444447,-0.6037333333333333,-0.12183333333333334,-0.0025222222222222226,-0.12444444444444444,-0.2296,-0.4543111111111111,-0.0016777777777777778,-0.0033222222222222225,-0.0015,-0.03583333333333333,-0.2949333333333333,-0.6037555555555555,-0.001377777777777778,-0.3989333333333333,-0.37127777777777776,-0.0011333333333333334,-0.22933333333333333,-0.4701333333333333,-0.0026000000000000003,-0.002711111111111111,-0.3377444444444444,-0.2623,-0.0019333333333333333,-0.0019666666666666665,-0.0023,-0.32604444444444447,-0.06276666666666667,-0.0019222222222222223,-0.003066666666666667,-0.1984,-0.3956,-0.23395555555555558,-0.09863333333333332,-0.08966666666666667,-0.8876999999999999,-0.001477777777777778,-0.0015444444444444444,-0.0016555555555555555,-0.0018666666666666669,-0.0001666666666666667,-0.0007444444444444445,-0.1851111111111111,-0.41709999999999997,-0.5699555555555555,-0.0025666666666666667,-0.5450666666666667,-0.17036666666666667,-0.32572222222222225,-0.18232222222222222,-0.002466666666666667,-0.30529999999999996,-0.005977777777777778,-0.16913333333333333,-0.0027444444444444448,-0.4005111111111111,-0.5848888888888889,-0.2952666666666667,-0.002766666666666667,-0.2795,-0.0017333333333333335,-0.16913333333333333,-0.003255555555555556,-0.003188888888888889,-0.002477777777777778,-0.615,-0.0007888888888888889,-0.3153333333333333,-0.0011666666666666668,-0.0008555555555555556,-0.00018888888888888888,-0.6413555555555557,-0.0015555555555555557,-0.0008666666666666667,-0.3702222222222222,-0.3454333333333333,-0.5226666666666666,-0.6246777777777778,-0.0003222222222222222,-0.0024000000000000002,-0.0015222222222222223,-0.0006777777777777778,-0.002,-0.4842,-0.4013333333333333,-0.1433333333333333,-0.0006777777777777778,-0.002888888888888889,-0.4909333333333334,-0.08711111111111111,-0.0008111111111111112,-0.2604,-0.5535000000000001,-0.34073333333333333,-0.0008777777777777778,-0.43283333333333335,-0.00022222222222222223,-0.6485888888888889,-0.5033888888888889,-0.32966666666666666,-0.5301333333333333,-0.0019,-0.0028666666666666667,-0.0004666666666666667,-0.0012333333333333335,-0.49777777777777776,-0.7185111111111111,-0.0024222222222222223,-0.45226666666666665,-0.15182222222222222,-0.04586666666666667,-0.09173333333333333,-0.0017000000000000001,-0.0016111111111111111,-0.0007666666666666668,-0.0017222222222222224,-0.11656666666666667,-0.2752,-0.0009000000000000001,-0.40880000000000005,-0.0028555555555555556,-0.09146666666666667,-0.3945333333333333,-0.08462222222222222,-0.0011,-0.48061111111111116,-0.10705555555555557,-0.26516666666666666,-0.7377222222222222,-0.7143444444444443,-0.6272,-0.12326666666666668,-0.000977777777777778,-0.42062222222222223,-0.6968111111111112,-0.13449999999999998,-0.12040000000000001,-0.4931666666666667,-0.22117777777777778,-0.13903333333333331,-0.0016444444444444447,-0.00011111111111111112,-0.00025555555555555553,-0.6309444444444444,-0.24508888888888886,-0.000988888888888889,-0.0006111111111111111,-0.001988888888888889,-0.0010666666666666667,-0.17083333333333334,-0.0018555555555555556,-0.4202666666666666,-0.6560555555555555,-0.001955555555555556,-0.0086,-0.003177777777777778,-0.002666666666666667,-0.7595000000000001,-0.08586666666666667,-0.29383333333333334,-0.0006222222222222223,-0.0002666666666666667,-0.2930666666666667,-0.002511111111111111,-0.0028666666666666667,-0.0016222222222222224,-0.0008,-0.09265555555555555,-0.13894444444444445,-0.14476666666666665,-0.001977777777777778,-0.6220666666666667,-0.0020111111111111115,-0.00030000000000000003,-0.0013444444444444445,-0.24653333333333335,-0.16626666666666667,-0.4053333333333333,-0.2426666666666667,-0.32966666666666666,-0.36263333333333336,-0.0020888888888888893,-0.11200000000000002,-4.444444444444445e-05,-0.0010222222222222221,-0.002488888888888889,-0.002755555555555556,-0.002377777777777778,-0.053799999999999994,-0.028933333333333335,-6.666666666666667e-05,-0.10951111111111111,-0.5281111111111111,-0.18203333333333332,-0.0015777777777777778,-0.45733333333333337,-0.13066666666666668,-0.0026444444444444445,-0.0014,-0.0016666666666666668,-0.11896666666666667,-0.2752,-0.0011444444444444445,-0.1418666666666667,-0.0029444444444444444,-0.0024444444444444444,-0.2090666666666667,-0.0032888888888888894,-0.03811111111111111,-0.0731,-0.47600000000000003,-0.0009666666666666667,-0.8787333333333333,-0.1008,-0.3168222222222222,-0.08743333333333334,-0.258,-0.001888888888888889,-0.0005888888888888889,-0.035466666666666674,-0.0688,-0.0031333333333333335,-0.0019444444444444446,-0.002177777777777778,-0.2107,-0.0016,-0.6451666666666667,-0.06306666666666666,-0.539,-0.46666666666666673,-0.001188888888888889,-0.00045555555555555556,-0.23793333333333333,-0.0032222222222222222,-0.023911111111111112,-0.49493333333333334,-0.43,-0.17335555555555554,-0.047822222222222224,-0.7980333333333333,-0.30816666666666664,-0.3111111111111111,-0.06906666666666668,-0.5247999999999999,-0.31246666666666667,-0.7486111111111111,-0.8189555555555555,-0.23644444444444446,-0.00014444444444444446,-0.4529777777777778,-0.0026222222222222224,-0.029944444444444444,-0.0021444444444444445,-0.0896,-0.3497
2024-06-05,-0.026877777777777775,-0.02146666666666667,-0.4086000000000001,-0.00011111111111111112,-0.4242666666666667,-0.004577777777777778,-0.0024333333333333334,-0.025966666666666666,-0.001,-0.08026666666666668,-0.0006000000000000001,-0.0364,-0.3611666666666667,-0.04760000000000001,-0.06557777777777779,-0.06377777777777778,-0.07835555555555555,-0.13115555555555558,-0.21137777777777775,-0.2852222222222222,-0.1395111111111111,-0.5172888888888888,-0.6866666666666666,-0.07607777777777777,-0.22555555555555556,-0.15103333333333332,-0.20137777777777774,-0.08377777777777778,-0.00030000000000000003,-0.07425555555555555,-0.07991111111111111,-0.16893333333333335,-0.25422222222222224,-0.019333333333333334,-0.00042222222222222227,-0.6933333333333334,-0.13962222222222223,-0.0172,-0.20448888888888891,-0.23893333333333336,-0.2952666666666667,-0.6522888888888888,-0.8262222222222223,-0.07088888888888888,-7.777777777777778e-05,-0.0010111111111111113,-0.7062222222222223,-0.2678666666666667,-0.057855555555555556,-0.4452888888888889,-0.4491111111111111,-0.4275555555555556,-0.35315555555555556,-0.022933333333333333,-0.1856,-0.0003888888888888889,-0.29257777777777777,-0.6644444444444445,-0.11252222222222222,-0.7713333333333334,-0.21395555555555557,-0.0012222222222222222,-0.15853333333333333,-0.6557777777777778,-0.06160000000000001,-0.0369,-0.754,-0.1661,-0.2454666666666667,-0.12072222222222222,-0.36217777777777777,-0.23688888888888887,-0.6532555555555556,-0.13438888888888886,-0.14524444444444445,-0.22649999999999998,-0.3909444444444445,-0.28753333333333336,-0.6317333333333334,-0.5104222222222222,-0.1386666666666667,-0.12026666666666666,-0.03553333333333333,-0.1736,-0.06195555555555555,-0.0020444444444444442,-0.0023555555555555556,-0.4326,-0.3304111111111111,-0.01008888888888889,-0.051555555555555556,-0.4615666666666667,-0.6986555555555556,-0.06306666666666667,-0.832,-0.25666666666666665,-0.46440000000000003,-0.07566666666666667,-0.18537777777777778,-0.16240000000000002,-0.858,-0.3264444444444444,-0.48733333333333334,-0.12937777777777776,-0.36346666666666666,-0.05413333333333334,-0.6248666666666667,-0.38222222222222224,-0.32045555555555555,-0.2784,-0.09244444444444445,-0.0017666666666666668,-0.7137888888888889,-0.13533333333333336,-0.002777777777777778,-0.0007111111111111113,-0.2571111111111111,-0.027333333333333334,-0.05056666666666666,-0.30333333333333334,-0.3437777777777778,-0.412,-0.7453333333333333,-0.0007555555555555555,-0.29773333333333335,-0.09338888888888888,-0.0011333333333333334,-0.06207777777777777,-0.4102222222222222,-0.09555555555555556,-0.1325444444444444,-0.0012000000000000001,-0.09151111111111111,-0.057222222222222216,-0.21404444444444445,-0.001877777777777778,-0.4417555555555555,-0.29257777777777777,-0.5402222222222222,-0.09202222222222221,-0.5069666666666667,-0.0019,-0.6008888888888889,-0.032044444444444445,-0.05413333333333334,-0.6268888888888889,-0.19591111111111112,-0.3067111111111111,-0.0018666666666666669,-0.0016555555555555555,-0.6482111111111112,-0.22244444444444444,-0.14093333333333333,-0.46693333333333337,-0.21475555555555556,-0.0032111111111111116,-0.002577777777777778,-0.04555555555555555,-0.18431111111111112,-0.0026222222222222224,-0.11571111111111111,-0.7011777777777778,-0.19797777777777775,-0.1321111111111111,-0.22813333333333333,-0.005011111111111111,-0.25106666666666666,-0.6846666666666668,-0.18155555555555555,-0.0005111111111111111,-0.3505888888888889,-0.12320000000000002,-0.28455555555555556,-0.8464444444444444,-0.8406666666666667,-0.7857777777777778,-0.2006666666666667,-0.14933333333333335,-0.7188333333333333,-0.052,-0.5548888888888889,-0.001088888888888889,-0.7742222222222223,-0.78,-0.08792222222222222,-0.08154444444444445,-0.0002666666666666667,-0.0004777777777777778,-0.04035555555555556,-0.4506666666666667,-0.09706666666666668,-0.0023,-0.28097777777777777,-0.29,-0.2030111111111111,-0.0014,-0.5607777777777777,-0.4867888888888889,-0.18946666666666667,-0.43957777777777773,-0.3103888888888889,-0.15862222222222222,-0.2715555555555556,-0.09521111111111111,-0.0074666666666666675,-0.03052222222222222,-0.0007,-0.1318666666666667,-0.3154222222222222,-0.09703333333333332,-0.008655555555555555,-0.0011444444444444445,-0.49977777777777777,-0.42279999999999995,-0.14093333333333333,-0.10733333333333335,-0.6066666666666667,-0.23153333333333334,-0.0017555555555555556,-0.062411111111111105,-0.22314444444444445,-0.29864444444444443,-0.0016777777777777778,-0.2634111111111111,-0.6078555555555556,-0.3238111111111111,-0.0928,-0.2258666666666667,-0.002788888888888889,-0.0697,-0.07217777777777779,-0.22360000000000002,-0.055577777777777775,-0.3884222222222222,-0.30675555555555556,-0.0009444444444444445,-0.04828888888888889,-0.017333333333333336,-0.13017777777777778,-0.38537777777777776,-0.2838222222222222,-0.010022222222222222,-0.3016,-0.12373333333333333,-0.020499999999999997,-0.02141111111111111,-0.2075111111111111,-0.08792222222222222,-0.0064444444444444445,-0.033600000000000005,-0.08120000000000001,-0.22933333333333336,-0.5231444444444444,-0.09631111111111111,-0.0025333333333333336,-0.3682444444444445,-0.015488888888888887,-0.6182222222222222,-0.19693333333333335,-0.7308888888888889,-0.10067777777777777,-0.5575555555555556,-0.28093333333333337,-0.034166666666666665,-0.04946666666666667,-0.10432222222222222,-0.3936888888888889,-0.009566666666666668,-0.3283333333333333,-0.2604,-0.1528888888888889,-0.35563333333333336,-0.03822222222222223,-0.7415333333333334,-0.736488888888889,-0.0008222222222222223,-0.11666666666666668,-0.015866666666666668,-0.045733333333333334,-0.44391111111111115,-0.037377777777777774,-0.05351111111111111,-0.4792222222222222,-0.07095555555555555,-0.7048888888888889,-0.016755555555555555,-0.23456666666666667,-0.002766666666666667,-0.5428444444444444,-0.6709111111111112,-0.008666666666666668,-0.5257777777777778,-0.5630666666666666,-0.0021444444444444445,-0.6775111111111111,-0.09384444444444444,-0.3221333333333333,-0.10204444444444444,-0.14048888888888889,-0.7828888888888889
2024-06-06,-0.002266666666666667,-0.06066666666666667,-0.5390444444444444,-0.0001666666666666667,-0.5822222222222222,-0.19191111111111112,-0.12617777777777778,-0.0009555555555555556,-0.003255555555555556,-0.20702222222222222,-0.0023555555555555556,-0.29983333333333334,-0.4546666666666666,-0.0008333333333333334,-0.12444444444444444,-0.07253333333333332,-0.057166666666666664,-0.21004444444444442,-0.1445888888888889,-0.25422222222222224,-0.2634888888888889,-0.0475,-0.24835555555555555,-0.041555555555555554,-0.24849999999999997,-0.21906666666666666,-0.033244444444444445,-0.10426666666666666,-0.0007,-0.024177777777777777,-0.0014555555555555556,-0.6377777777777778,-0.37,-0.1972,-0.003,-0.7027333333333333,-0.3154444444444444,-0.308,-0.341,-0.15412222222222222,-0.4567333333333333,-0.127,-0.2032,-0.0006333333333333334,-0.002477777777777778,-0.0006666666666666668,-0.3922888888888889,-0.09333333333333334,-0.12240000000000001,-0.3160888888888889,-0.17555555555555552,-0.49953333333333333,-0.7902222222222223,-0.04448888888888889,-0.08386666666666666,-0.0024333333333333334,-0.2622222222222222,-0.7083777777777778,-0.012833333333333332,-0.4459111111111111,-0.0034999999999999996,-0.0018444444444444446,-0.26163333333333333,-0.5136444444444445,-0.0020111111111111115,-0.03777777777777777,-0.30762222222222224,-0.33599999999999997,-0.10762222222222222,-0.4490444444444444,-0.042499999999999996,-0.22637777777777776,-0.61,-0.06355555555555556,-0.06183333333333333,-0.0372,-0.8071555555555556,-0.39555555555555555,-0.8353777777777778,-0.705,-0.2675,-0.02333333333333333,-0.0010444444444444446,-0.14583333333333334,-0.02266666666666667,-0.0026333333333333334,-0.009333333333333334,-0.11006666666666667,-0.04,-0.003077777777777778,-0.0009666666666666667,-0.7424999999999999,-0.6773333333333333,-0.0005111111111111111,-0.6039555555555556,-0.03111111111111111,-0.0011222222222222224,-0.5888888888888888,-0.13977777777777778,-0.21450000000000002,-0.03386666666666667,-0.5725,-0.6475,-0.13183333333333333,-0.375,-5.555555555555556e-05,-0.06208888888888889,-0.10444444444444445,-0.11122222222222222,-0.15333333333333332,-0.44,-0.0012666666666666668,-0.20037777777777777,-0.16683333333333333,-0.09683333333333333,-0.0004,-0.5807333333333333,-0.0018666666666666669,-0.001511111111111111,-0.32657777777777774,-0.4864444444444444,-0.5555555555555556,-0.6575777777777777,-0.002755555555555556,-0.18431111111111112,-0.3043111111111111,-0.003022222222222222,-0.0020666666666666667,-0.32,-0.2907666666666667,-0.001877777777777778,-0.0010222222222222221,-0.26366666666666666,-0.1156,-0.3050666666666667,-0.0010555555555555557,-0.38853333333333334,-0.40249999999999997,-0.7140222222222222,-0.16773333333333332,-0.11571111111111111,-0.0028666666666666667,-0.2935111111111111,-0.3241333333333334,-0.15633333333333332,-0.195,-0.2811666666666667,-0.29712222222222223,-0.002844444444444445,-0.13524444444444444,-0.20602222222222225,-0.6375,-0.002966666666666667,-0.3975,-0.0429,-0.03896666666666667,-0.44433333333333336,-0.09368888888888888,-0.14355555555555555,-0.45124444444444445,-0.03966666666666666,-0.8043333333333333,-0.22049999999999997,-0.015555555555555555,-0.3892777777777778,-0.0005666666666666667,-0.611111111111111,-0.38664444444444446,-0.3476666666666666,-6.666666666666667e-05,-0.43499999999999994,-0.04457777777777777,-0.05752222222222222,-0.33584444444444445,-0.8297333333333333,-0.8438444444444445,-0.20496666666666666,-0.17733333333333334,-0.4600222222222222,-0.5599999999999999,-0.51,-0.0025666666666666667,-0.4205111111111111,-0.6547555555555555,-0.08311111111111111,-0.06346666666666667,-0.0029222222222222223,-0.002188888888888889,-0.5065666666666666,-0.43605555555555553,-0.0009111111111111111,-0.322,-0.238,-0.5625,-0.1783111111111111,-2.2222222222222227e-05,-0.4346222222222222,-0.2575,-0.12246666666666667,-0.6096666666666666,-0.5993333333333334,-0.17033333333333334,-0.38750000000000007,-0.75,-0.0011,-0.002255555555555556,-0.0025333333333333336,-0.16395555555555555,-0.1859,-0.4639555555555556,-0.0026555555555555555,-0.00028888888888888893,-0.2811111111111111,-0.45333333333333337,-0.08983333333333332,-0.16333333333333333,-0.45999999999999996,-0.07933333333333333,-0.0004,-0.0007444444444444445,-0.38610000000000005,-0.37853333333333333,-0.3255,-0.08906666666666667,-0.4826,-0.24786666666666668,-0.001,-0.18393333333333334,-0.1647111111111111,-0.0019111111111111113,-0.1322222222222222,-0.30983333333333335,-0.09822222222222222,-0.025,-0.0496,-0.0025222222222222226,-0.0026000000000000003,-0.33949999999999997,-0.09519999999999999,-0.49377777777777776,-0.6013333333333333,-0.0024000000000000002,-0.45832222222222224,-0.0016777777777777778,-0.0022333333333333337,-0.003144444444444445,-0.14816666666666667,-0.09142222222222221,-0.19644444444444445,-0.07933333333333333,-0.05742222222222222,-0.09066666666666667,-0.1525,-0.4591888888888889,-0.31266666666666665,-0.16533333333333333,-0.0016,-0.37535555555555555,-0.2683333333333333,-0.5757333333333334,-0.16924444444444445,-0.43111111111111106,-0.1577222222222222,-0.002266666666666667,-0.0021444444444444445,-0.002,-0.27657777777777776,-0.0017444444444444445,-0.24493333333333334,-0.6775,-0.0016111111111111111,-0.18,-0.2333333333333333,-0.2624666666666667,-0.09877777777777778,-0.0006000000000000001,-0.02493333333333333,-0.0011111111111111111,-0.07233333333333333,-0.0725,-0.002988888888888889,-0.04753333333333333,-0.595,-0.07466666666666667,-0.2878666666666667,-0.03248888888888889,-0.03668888888888889,-0.08633333333333333,-0.3593333333333333,-0.3048,-0.4935777777777778,-0.07055555555555555,-0.0025,-0.002177777777777778,-0.01128888888888889,-0.10327777777777779,-0.3844444444444444,-0.010499999999999999,-0.06037777777777779,-0.3471333333333333
2024-06-07,-0.2484,-0.003177777777777778,-0.16033333333333333,-0.003077777777777778,-0.57,-0.40276666666666666,-0.0025,-0.0013444444444444445,-0.3927111111111112,-0.4450333333333334,-0.16770000000000002,-0.5577333333333334,-0.54,-0.0004666666666666667,-0.135,-0.0021111111111111113,-0.002511111111111111,-0.2459888888888889,-0.15833333333333333,-0.21356666666666665,-0.4675666666666667,-0.4544222222222222,-0.7965,-0.0016444444444444447,-0.11,-0.0022333333333333337,-0.002955555555555556,-0.00043333333333333337,-0.0018000000000000002,-0.0028,-0.0019333333333333333,-0.703,-0.08386666666666666,-0.018333333333333333,-0.28213333333333335,-0.36000000000000004,-0.3025777777777778,-0.45166666666666666,-0.13995555555555556,-0.07666666666666666,-0.3404888888888889,-0.08910000000000001,-0.16740000000000002,-0.00042222222222222227,-0.0040888888888888884,-0.0023444444444444446,-0.6426000000000001,-0.0004777777777777778,-0.11857777777777777,-0.16712222222222223,-0.12017777777777779,-0.06166666666666666,-0.774,-0.0603111111111111,-0.0010777777777777778,-0.0017777777777777779,-0.5254,-0.423,-0.0015555555555555557,-0.513,-0.0017222222222222224,-0.0003444444444444445,-0.0008777777777777778,-0.0594,-0.0014333333333333333,-0.0024444444444444444,-0.216,-0.1748,-0.0021111111111111113,-0.11071111111111112,-0.007166666666666667,-0.305,-0.645,-0.016666666666666666,-0.001488888888888889,-0.0003111111111111111,-0.13799999999999998,-0.054311111111111116,-0.024,-0.852,-0.21706666666666666,-0.0024000000000000002,-0.0014666666666666667,-0.10017777777777777,-0.0008666666666666667,-0.06133333333333333,-0.0013555555555555556,-0.17964444444444447,-0.03943333333333334,-0.007155555555555556,-0.0020777777777777778,-0.627,-0.25200000000000006,-0.001888888888888889,-0.2862,-0.0006222222222222223,-0.002211111111111111,-0.0069,-0.17916666666666667,-0.03551111111111111,-0.783,-0.021500000000000002,-0.705,-0.13473333333333334,-0.18900000000000003,-0.0003333333333333334,-0.1859,-0.17629999999999998,-0.016355555555555554,-0.07359999999999998,-0.299,-0.0020666666666666667,-0.3197,-0.30333333333333334,-0.0019111111111111113,-0.0032111111111111116,-0.864,-0.002666666666666667,-0.0028555555555555556,-0.5807111111111112,-0.24666666666666665,-0.6166666666666667,-0.8490000000000001,-0.16053333333333333,-0.17684444444444442,-0.1634,-0.33987777777777783,-0.0019,-0.513,-0.4533333333333333,-0.0027222222222222222,-0.0017555555555555556,-0.09764444444444445,-0.0007,-0.2164333333333333,-0.0018555555555555556,-0.21466666666666664,-0.405,-0.741,-0.37931111111111115,-0.26664444444444446,-0.31666666666666665,-0.6610666666666667,-0.24080000000000001,-0.15166666666666667,-0.08825555555555556,-0.10444444444444445,-0.46791111111111117,-0.17275555555555555,-0.16,-0.3887,-0.2997,-0.10463333333333334,-0.11906666666666668,-0.0006777777777777778,-0.058333333333333334,-0.5229333333333334,-0.0029333333333333334,-0.09746666666666666,-0.2214,-0.0015333333333333336,-0.46199999999999997,-0.22795555555555552,-0.002711111111111111,-0.34466666666666673,-0.0031000000000000003,-0.33899999999999997,-0.7202666666666667,-0.303,-0.00021111111111111113,-0.35519999999999996,-0.0011555555555555557,-0.002277777777777778,-0.4752,-0.861,-0.897,-0.03755555555555556,-0.0016,-0.5103000000000001,-0.26886666666666664,-0.7350666666666666,-0.09199999999999998,-0.4806000000000001,-0.78,-0.0032333333333333333,-0.0005,-0.2392,-0.2259111111111111,-0.5562,-0.5428,-0.002588888888888889,-0.1188,-0.2741555555555556,-0.8220000000000001,-0.2733333333333333,-0.0006444444444444444,-0.468,-0.044399999999999995,-0.0010333333333333334,-0.531,-0.5519999999999999,-0.20853333333333332,-0.5352666666666667,-0.003,-0.0006000000000000001,-0.14004444444444444,-0.25657777777777774,-0.345,-0.3139,-0.6,-0.27599999999999997,-0.00025555555555555553,-0.5267,-0.0025666666666666667,-0.0011333333333333334,-0.001511111111111111,-0.7227333333333333,-0.001788888888888889,-0.002255555555555556,-0.0015,-0.43699999999999994,-0.4863444444444444,-0.16913333333333333,-0.10528888888888888,-0.786,-0.2107,-0.0021111111111111113,-0.0012222222222222222,-0.06666666666666667,-0.0029444444444444444,-0.22284444444444443,-0.2723333333333333,-0.11755555555555555,-0.22142222222222224,-0.15537777777777778,-0.23715555555555554,-0.26884444444444444,-0.7263000000000001,-0.0011666666666666668,-0.7371000000000001,-0.738,-0.23204444444444444,-0.6906666666666667,-0.0028333333333333335,-0.21875555555555556,-0.23284444444444444,-0.009199999999999998,-0.0025555555555555557,-0.42569999999999997,-0.0008555555555555556,-0.0020555555555555557,-0.0013222222222222222,-0.31960000000000005,-0.4344888888888889,-0.3611,-0.0005333333333333334,-0.002755555555555556,-0.7047,-0.6783333333333333,-0.7938000000000001,-0.6486,-0.46373333333333333,-0.0014222222222222225,-0.1696888888888889,-0.00014444444444444446,-0.13595555555555555,-0.32889999999999997,-0.0005444444444444445,-0.145,-0.036000000000000004,-0.0009222222222222223,-0.3321333333333334,-0.03679999999999999,-0.4725000000000001,-0.06659999999999999,-0.0003555555555555556,-0.0009444444444444445,-0.0014111111111111112,-0.0989,-0.37391111111111114,-0.5543,-0.01,-0.213,-0.056222222222222215,-0.6858000000000001,-0.0002666666666666667,-0.05876666666666666,-0.0026555555555555555,-0.03453333333333333,-0.13770000000000002,-0.24839999999999998,-0.5888,-0.69,-0.0025333333333333336,-0.0033333333333333335,-0.07564444444444444,-0.06947777777777778,-0.0014,-0.029644444444444442,-0.6831
2024-06-11,-0.17593333333333333,-0.1463,-0.0023,-0.0798,-0.4555666666666667,-0.16213333333333335,-0.0013333333333333335,-0.0018222222222222223,-0.28373333333333334,-0.09186666666666667,-0.0011444444444444445,-0.20803333333333332,-0.3871,-8.88888888888889e-05,-0.00022222222222222223,-0.002466666666666667,-0.0021222222222222224,-0.17416666666666666,-0.0024111111111111113,-0.08066666666666668,-0.3423333333333334,-0.5844222222222223,-0.6764,-0.0017666666666666668,-0.0015,-0.0020111111111111115,-0.13447777777777778,-0.0004,-0.32511111111111113,-0.06945555555555556,-0.0017111111111111112,-0.7120000000000001,-0.37831111111111115,-0.0024333333333333334,-0.04306666666666666,-0.5632,-0.3318,-0.5040888888888889,-0.0016555555555555555,-0.001988888888888889,-0.26853333333333335,-0.6478333333333334,-0.4246666666666667,-0.002488888888888889,-0.0021000000000000003,-0.023644444444444447,-0.8336333333333333,-0.0028111111111111114,-0.0011666666666666668,-0.3428333333333333,-0.0025222222222222226,-0.42062222222222223,-0.5458666666666666,-0.0020666666666666667,-0.0011333333333333334,-0.24383333333333337,-0.12756666666666666,-0.7149666666666666,-0.0028333333333333335,-0.6434666666666666,-0.0025,-0.0016444444444444447,-0.001488888888888889,-0.002988888888888889,-0.0010777777777777778,-0.003188888888888889,-0.6854666666666667,-0.17881111111111112,-0.0015555555555555557,-0.3797888888888889,-0.0025666666666666667,-0.12283333333333334,-0.37083333333333335,-0.0026000000000000003,-0.0023666666666666667,-0.001977777777777778,-0.6530666666666667,-0.33,-0.5372,-0.17206666666666667,-0.4546222222222222,-0.002766666666666667,-0.002477777777777778,-0.0017333333333333335,-0.0026222222222222224,-0.0028666666666666667,-0.0032444444444444448,-0.5743111111111111,-0.0025444444444444447,-0.0016222222222222224,-0.0026444444444444445,-0.1848888888888889,-0.6399,-0.0025555555555555557,-0.5676666666666667,-0.0027222222222222222,-0.003088888888888889,-0.4311666666666667,-0.000988888888888889,-0.06933333333333334,-0.13084444444444443,-0.001511111111111111,-0.8811,-0.39013333333333333,-0.47817777777777776,-0.0017777777777777779,-0.43742222222222227,-0.06206666666666667,-0.0030555555555555557,-0.0026111111111111114,-0.002966666666666667,-0.001188888888888889,-0.65,-0.06124444444444445,-0.001688888888888889,-0.1610777777777778,-0.06823333333333333,-0.09533333333333334,-0.10640000000000001,-0.014833333333333334,-0.065,-0.21656666666666669,-0.23140000000000002,-0.05615555555555556,-0.17290000000000003,-0.0018000000000000002,-0.12133333333333335,-0.0008444444444444445,-0.3212666666666667,-0.21233333333333335,-0.09716666666666668,-0.002188888888888889,-0.0022444444444444447,-0.0015666666666666667,-0.20836666666666667,-0.0019111111111111113,-0.3055,-0.04475555555555556,-0.029666666666666668,-0.002277777777777778,-0.0029444444444444444,-0.19933333333333333,-0.3214222222222222,-0.0015666666666666667,-0.0006666666666666668,-0.002777777777777778,-0.2768333333333333,-0.2379111111111111,-0.0018555555555555556,-0.001788888888888889,-0.5237555555555555,-0.3977333333333333,-0.0023444444444444446,-0.002511111111111111,-0.0023333333333333335,-0.003311111111111111,-0.0018666666666666669,-0.23457777777777777,-0.0003444444444444445,-0.0020333333333333336,-0.0027444444444444448,-0.8039666666666667,-0.10492222222222222,-0.38570000000000004,-0.18200000000000002,-0.12117777777777777,-0.5472,-0.2403,-0.5178333333333334,-0.0028,-0.19066666666666668,-0.0030333333333333336,-0.0005666666666666667,-0.7426,-0.06526666666666667,-0.3827,-0.00041111111111111117,-0.0021111111111111113,-0.7057333333333333,-0.20166666666666666,-0.14833333333333332,-0.001,-0.6609666666666667,-0.35006666666666664,-0.42813333333333337,-0.0018111111111111112,-0.091,-0.15216666666666667,-0.1958,-0.30283333333333334,-0.0022333333333333337,-0.002577777777777778,-0.0017222222222222224,-0.2225,-0.04246666666666667,-0.0015222222222222223,-0.2738666666666667,-0.003,-0.001888888888888889,-0.15644444444444444,-0.28444444444444444,-0.0018444444444444446,-0.0079,-0.18844444444444444,-0.0003888888888888889,-0.0013666666666666666,-0.06875555555555556,-0.06333333333333332,-0.18767777777777778,-0.3384888888888889,-0.04853333333333334,-0.0026333333333333334,-0.2036666666666667,-0.048766666666666666,-0.0014666666666666667,-0.0011777777777777778,-0.038566666666666666,-0.0009555555555555556,-0.3886555555555556,-0.0018333333333333335,-0.01648888888888889,-0.20173333333333332,-0.0021555555555555555,-0.0012444444444444445,-0.445,-0.22610000000000002,-0.0005333333333333334,-0.0017555555555555556,-0.002166666666666667,-0.05662222222222223,-0.08423333333333334,-0.07333333333333333,-0.0015444444444444444,-0.4078666666666667,-0.002711111111111111,-0.10266666666666668,-0.08248888888888889,-0.0178,-0.0020222222222222226,-0.032633333333333334,-0.04153333333333334,-0.027500000000000004,-0.18393333333333334,-0.08983333333333333,-0.0495,-0.039,-0.002588888888888889,-0.14186666666666667,-0.00568888888888889,-0.001377777777777778,-0.3835,-0.002288888888888889,-0.1274,-0.0316,-0.16403333333333334,-0.0027333333333333333,-0.12650000000000003,-0.002966666666666667,-0.21953333333333333,-0.20766666666666667,-0.17503333333333332,-0.010533333333333334,-0.0024222222222222223,-0.0001,-0.0031111111111111114,-0.0019333333333333333,-0.41457777777777777,-0.002455555555555556,-0.0015333333333333336,-0.6738666666666667,-0.0014222222222222225,-0.4658333333333334,-0.0020555555555555557,-0.4503,-0.41222222222222227,-0.0010333333333333334,-0.003144444444444445,-0.0022222222222222222,-0.00045555555555555556,-0.6831111111111111,-0.1596,-0.0030444444444444447,-0.3085777777777778,-0.003077777777777778,-0.8454999999999999,-0.0009444444444444445,-0.003277777777777778,-0.27782222222222225,-0.002888888888888889,-0.7742,-0.18137777777777778,-0.5370666666666667,-0.8192,-0.2142777777777778,-0.002688888888888889,-0.003022222222222222,-0.003255555555555556,-0.0031000000000000003,-0.0023222222222222225,-0.8135111111111112
2024-06-12,-0.0019333333333333333,-0.0005888888888888889,-0.5120444444444444,-0.0002,-0.08852222222222222,-0.4865333333333333,-0.0009333333333333334,-0.23973333333333333,-0.4074444444444444,-0.2573,-0.0020444444444444442,-0.5302666666666667,-0.09414444444444445,-0.0014111111111111112,-0.0020777777777777778,-0.2744888888888889,-0.002888888888888889,-0.0023111111111111114,-0.21906666666666666,-0.002788888888888889,-0.09720000000000001,-0.5478444444444445,-0.10772222222222222,-0.1953,-0.0020555555555555557,-0.4610222222222222,-0.0011333333333333334,-0.0012444444444444445,-0.036455555555555554,-0.00015555555555555556,-0.47559999999999997,-0.3754888888888889,-0.2232222222222222,-0.23456666666666667,-0.3058666666666667,-0.03426666666666667,-0.33711111111111114,-0.1053,-0.0023333333333333335,-0.0016555555555555555,-0.2744888888888889,-0.35086666666666666,-0.6468888888888888,-0.12090000000000001,-0.17153333333333334,-0.0005222222222222223,-0.2646888888888889,-0.0806,-0.0003222222222222222,-0.6309444444444444,-0.22423333333333334,-0.12564444444444445,-0.15388888888888888,-0.2449,-0.0020666666666666667,-0.06195555555555555,-0.2263,-0.018466666666666666,-0.049199999999999994,-0.07078888888888889,-0.09196666666666667,-0.0020888888888888893,-0.0016,-0.25237777777777776,-0.0021333333333333334,-0.2652,-0.5970888888888889,-0.16326666666666664,-0.001788888888888889,-0.5361111111111111,-0.20976666666666666,-0.07543333333333334,-0.7452000000000001,-0.1705,-0.30793333333333334,-0.0006777777777777778,-0.7481555555555556,-0.6696666666666666,-0.24622222222222223,-0.7398,-0.23005555555555557,-0.3225333333333333,-0.23353333333333332,-0.20356666666666665,-0.26039999999999996,-0.016533333333333334,-0.4191111111111111,-0.3540888888888889,-0.0713,-0.16843333333333332,-0.5102222222222222,-0.7803000000000001,-0.06155555555555556,-0.2769333333333333,-0.009233333333333333,-0.20873333333333333,-0.08148888888888889,-0.025055555555555557,-0.0018222222222222223,-0.002955555555555556,-0.2722555555555556,-0.0011666666666666668,-0.12311111111111112,-0.6411888888888889,-0.027,-0.008266666666666667,-0.6996111111111111,-0.0004777777777777778,-0.4181666666666667,-0.17566666666666667,-0.09137777777777778,-0.0013666666666666666,-0.17851111111111112,-0.0008777777777777778,-0.047377777777777776,-0.13226666666666667,-0.6885,-0.0012333333333333335,-0.0014222222222222225,-0.002844444444444445,-0.0023444444444444446,-0.6717333333333333,-0.6110888888888889,-0.002277777777777778,-0.0021444444444444445,-0.11366666666666665,-0.002755555555555556,-0.0007222222222222223,-0.6998333333333333,-0.06613333333333334,-0.0002666666666666667,-0.13226666666666667,-0.23324444444444445,-0.0020333333333333336,-0.21080000000000002,-0.1736,-0.1973666666666667,-0.23663333333333333,-0.5084,-0.22216666666666668,-0.5512222222222222,-0.5247999999999999,-0.23408888888888887,-0.0019222222222222223,-0.003011111111111111,-0.06004444444444444,-0.029611111111111112,-0.11297777777777777,-0.17538888888888887,-0.2521333333333333,-0.6691888888888889,-0.22410000000000002,-0.12866666666666668,-0.08396666666666666,-0.124,-0.16206666666666666,-0.2955333333333333,-0.13666666666666666,-0.0017111111111111112,-0.27796666666666664,-0.13226666666666667,-0.6124777777777778,-0.001688888888888889,-0.16855555555555557,-0.4300444444444444,-0.0008444444444444445,-0.059966666666666675,-0.7567222222222222,-0.13706666666666667,-0.21389999999999998,-0.0027,-0.24426666666666666,-0.0010555555555555557,-0.16927777777777778,-0.7506,-0.6425000000000001,-0.0016111111111111111,-0.11986666666666666,-0.0006000000000000001,-0.23043333333333332,-0.8052666666666667,-0.002677777777777778,-0.1939,-0.6824777777777777,-0.045799999999999993,-0.13226666666666667,-0.0011,-0.0016666666666666668,-0.7293000000000001,-0.34850000000000003,-0.1822222222222222,-0.036833333333333336,-0.16399999999999998,-0.7253111111111111,-0.0028666666666666667,-0.13226666666666667,-0.1781111111111111,-0.2996666666666667,-0.1519,-0.7302555555555555,-0.6669,-0.4209333333333333,-0.000977777777777778,-0.17302222222222222,-0.0005777777777777779,-0.0005,-0.001988888888888889,-0.0019111111111111113,-0.10746666666666667,-0.7911,-0.0017444444444444445,-0.16533333333333333,-0.31159999999999993,-0.0011444444444444445,-0.0005111111111111111,-0.0005444444444444445,-0.27747777777777777,-0.0013222222222222222,-0.20955555555555555,-0.0899,-0.0022333333333333337,-0.06923333333333333,-0.2924333333333333,-0.0006333333333333334,-0.3026888888888889,-0.2046,-0.0014222222222222225,-0.042366666666666664,-0.0016222222222222224,-0.0006555555555555556,-0.002177777777777778,-0.0014222222222222225,-0.0014222222222222225,-0.4300111111111111,-0.3043111111111111,-0.0032444444444444448,-0.0012111111111111112,-0.002988888888888889,-0.1612,-0.06833333333333334,-0.22319999999999998,-0.0014,-0.3655111111111111,-0.0010444444444444446,-0.0020222222222222226,-0.0030555555555555557,-0.025833333333333333,-0.0005666666666666667,-0.0028777777777777777,-0.0017666666666666668,-0.24180000000000001,-0.16740000000000002,-0.21596666666666667,-0.003277777777777778,-0.003022222222222222,-0.20666666666666667,-0.0010111111111111113,-0.2294,-0.4997222222222223,-0.6396444444444445,-0.11340000000000001,-0.0026111111111111114,-0.23324444444444445,-0.0001,-0.24593333333333334,-0.4245777777777777,-0.7633333333333333,-0.07336666666666666,-0.002288888888888889,-0.34552222222222223,-0.001955555555555556,-0.23818888888888887,-0.2356,-0.4887000000000001,-0.28472222222222227,-0.002455555555555556,-0.012755555555555555,-0.13226666666666667,-0.002666666666666667,-0.24930000000000002,-0.0028555555555555556,-0.0036444444444444445,-0.6218333333333333,-0.16016666666666668,-0.01538888888888889,-0.0027333333333333333,-0.3002444444444444,-0.2605777777777778,-0.442,-0.012311111111111111,-0.39724444444444446,-0.594,-0.28623333333333334,-0.002277777777777778,-0.08783333333333333,-0.45676666666666665,-0.17235555555555557,-0.3238111111111111,-0.0744,-0.06771111111111111
2024-06-13,-0.0966,-0.00014444444444444446,-0.7071999999999999,-1.1111111111111113e-05,-0.12266666666666666,-0.1201111111111111,-0.0025,-0.08833333333333333,-0.08542222222222222,-0.08656666666666667,-0.0392,-0.048355555555555554,-0.052000000000000005,-0.0378,-0.1001,-0.4840666666666667,-0.4063333333333334,-0.06649999999999999,-0.2414222222222222,-0.21733333333333335,-0.0364,-0.8673777777777777,-0.5052444444444445,-0.2946666666666667,-0.036,-0.3472777777777778,-0.002166666666666667,-0.0002444444444444445,-0.0001,-0.0002666666666666667,-0.5108888888888888,-0.7798222222222222,-0.19433333333333333,-0.2773333333333334,-0.23422222222222222,-0.00928888888888889,-0.4743111111111111,-0.0836,-0.22266666666666668,-0.0006111111111111111,-0.0013111111111111112,-0.5711999999999999,-0.7342222222222222,-0.06509999999999999,-0.18666666666666668,-0.00022222222222222223,-0.7688,-0.16729999999999998,-0.0015444444444444444,-0.6709333333333333,-0.26168888888888886,-0.5070222222222222,-0.5587777777777778,-0.002666666666666667,-0.1442,-0.002488888888888889,-0.059288888888888884,-0.4298666666666667,-0.0455,-0.2494222222222222,-0.10149999999999999,-0.11866666666666668,-0.0224,-0.09973333333333333,-0.028699999999999996,-0.42264444444444443,-0.8401777777777777,-0.017499999999999998,-0.00015555555555555556,-0.1383888888888889,-0.15200000000000002,-3.3333333333333335e-05,-0.8794666666666666,-0.0567,-0.04533333333333334,-0.0020777777777777778,-0.9036444444444445,-0.22364444444444445,-0.2369777777777778,-0.8613333333333333,-0.16076666666666667,-0.1325,-0.2862,-0.25333333333333335,-0.07773333333333333,-0.1477,-0.3038666666666667,-0.2055111111111111,-0.002266666666666667,-0.3866666666666667,-0.7392000000000001,-0.5167999999999999,-0.7068444444444445,-0.3144666666666667,-0.6421333333333333,-0.26,-0.15466666666666667,-0.18726666666666666,-7.777777777777778e-05,-0.38933333333333336,-0.15927777777777777,-0.0833,-0.7164444444444444,-0.27555555555555555,-0.20853333333333332,-0.0019222222222222223,-0.8250666666666666,-0.0008666666666666667,-0.5847111111111111,-0.23199999999999998,-0.2786666666666667,-0.00041111111111111117,-0.4326222222222222,-0.0024333333333333334,-0.0007444444444444445,-0.055299999999999995,-0.6778666666666666,-0.0014555555555555556,-0.0015777777777777778,-0.144,-0.0007777777777777778,-0.6916444444444444,-0.6696000000000001,-0.0511,-0.12533333333333335,-0.1267,-0.038844444444444445,-0.0011,-0.5439999999999999,-0.013333333333333334,-0.0023555555555555556,-0.18000000000000002,-0.010666666666666668,-0.21466666666666667,-0.0017222222222222224,-0.11306666666666668,-0.32506666666666667,-0.1206222222222222,-0.5990222222222222,-0.008,-0.48566666666666664,-0.18915555555555558,-0.14515555555555554,-0.0006444444444444444,-0.001888888888888889,-0.1316,-0.0010666666666666667,-0.053899999999999997,-0.0008,-0.14933333333333335,-0.6830222222222222,-0.6548666666666666,-0.001088888888888889,-0.064,-0.0707,-0.5410777777777778,-0.3577222222222222,-0.1855,-0.05739999999999999,-0.159,-0.0819,-0.5349333333333333,-0.014700000000000001,-0.3434666666666667,-0.17173333333333335,-5.555555555555556e-05,-0.3851333333333334,-0.6739555555555555,-0.15431111111111112,-0.030033333333333332,-0.0182,-0.4865777777777777,-0.023799999999999998,-0.6031666666666666,-0.6282666666666666,-0.6806222222222222,-0.04409999999999999,-0.1589,-0.002388888888888889,-0.148,-0.5318222222222222,-0.2,-0.5873777777777778,-0.7827555555555554,-0.1932,-0.0945,-0.00044444444444444447,-0.1537,-0.5016888888888889,-0.45403333333333334,-0.26676666666666665,-0.1708,-0.256,-0.4849777777777778,-0.10666666666666667,-0.0938,-0.3046222222222222,-0.8220444444444444,-0.31600000000000006,-0.6346666666666666,-0.6104888888888889,-0.45283333333333337,-0.002166666666666667,-0.7728888888888888,-0.00012222222222222224,-0.0014,-0.1295,-0.0861,-0.17639999999999997,-0.5560888888888889,-0.1036,-0.16933333333333334,-0.0029333333333333334,-0.0030555555555555557,-0.0016222222222222224,-0.0017000000000000001,-0.1799111111111111,-0.0021555555555555555,-0.17600000000000002,-0.10779999999999999,-0.0875,-0.0026111111111111114,-0.07596666666666667,-0.0023,-0.1045,-0.5376888888888889,-0.0006333333333333334,-0.0018333333333333335,-0.002666666666666667,-0.001688888888888889,-0.091,-0.0009222222222222223,-0.07909999999999999,-0.6920222222222222,-0.288,-0.24383333333333332,-0.0024111111111111113,-0.45283333333333337,-0.284,-0.002966666666666667,-0.2491,-0.0019444444444444446,-0.5042666666666666,-0.0013444444444444445,-0.07629999999999999,-0.2351111111111111,-0.002777777777777778,-0.001377777777777778,-0.09029999999999999,-0.002166666666666667,-0.5619777777777778,-0.2733333333333334,-0.27913333333333334,-0.5091666666666667,-0.07420000000000002,-0.34,-0.0005666666666666667,-0.11479999999999999,-0.5759111111111112,-0.6751111111111111,-0.0028222222222222225,-0.17429999999999998,-0.4045666666666667,-0.0003333333333333334,-0.6293222222222222,-0.3271111111111111,-0.44426666666666664,-0.012599999999999998,-0.22533333333333336,-0.8885333333333333,-0.0462,-0.5724444444444444,-0.05066666666666667,-0.7632888888888889,-0.0161,-0.07490000000000001,-0.0483,-0.1337,-0.0196,-0.8099555555555555,-0.16253333333333334,-0.21,-0.6525444444444444,-0.5172444444444444,-0.3968,-0.06266666666666668,-0.6292777777777778,-0.2588444444444445,-0.6496000000000001,-0.2838222222222222,-0.5519999999999999,-0.6841111111111111,-0.8129777777777777,-0.00013333333333333334,-0.1253,-0.6684444444444445,-0.7963555555555556,-0.5887999999999999,-0.1862,-0.09644444444444444
2024-06-14,-0.0014111111111111112,-0.0031555555555555555,-0.5258666666666666,-0.0012333333333333335,-0.2471111111111111,-0.002255555555555556,-0.31814444444444445,-0.000688888888888889,-0.0031222222222222224,-0.0030555555555555557,-0.0024111111111111113,-0.06283333333333334,-0.002511111111111111,-0.001477777777777778,-0.0013111111111111112,-0.8027777777777778,-0.44200000000000006,-0.0025333333333333336,-0.028922222222222224,-0.0005666666666666667,-0.0022222222222222222,-0.18435555555555555,-0.05633333333333334,-0.44633333333333336,-0.002977777777777778,-0.11573333333333334,-0.0011333333333333334,-0.0020888888888888893,-0.0020333333333333336,-0.0003555555555555556,-0.5096,-0.20248888888888888,-0.0008111111111111112,-0.48177777777777775,-0.11091111111111111,-0.0016222222222222224,-0.08921111111111112,-0.003188888888888889,-0.0012000000000000001,-0.0009555555555555556,-0.0011111111111111111,-0.22182222222222223,-0.016666666666666666,-0.0015,-0.0017444444444444445,-0.0029000000000000002,-0.7253333333333334,-0.24507777777777776,-0.003255555555555556,-0.4835555555555555,-0.38512222222222225,-0.42900000000000005,-0.6136,-0.0023666666666666667,-0.28161111111111115,-0.20854444444444445,-0.0019111111111111113,-0.1066,-0.0010111111111111113,-0.002477777777777778,-0.002166666666666667,-0.001,-0.0008555555555555556,-0.6799333333333334,-0.0019222222222222223,-0.28519999999999995,-0.45031111111111105,-3.3333333333333335e-05,-0.0005555555555555556,-0.21866666666666665,-0.0026333333333333334,-0.0024000000000000002,-0.06648888888888889,-0.0013333333333333335,-0.09533333333333334,-0.0005888888888888889,-0.8704,-0.14673333333333333,-0.7696000000000001,-0.03928888888888889,-0.22755555555555557,-0.0007666666666666668,-0.5518,-0.39822222222222226,-0.07306666666666667,-0.3804444444444445,-0.04133333333333333,-0.5841999999999999,-0.00018888888888888888,-0.69,-0.5047111111111111,-0.002777777777777778,-0.5439999999999999,-0.28088888888888885,-0.6317111111111111,-0.24888888888888888,-0.08676666666666667,-0.19022222222222224,-0.0026000000000000003,-0.8220444444444444,-0.2821,-0.10046666666666666,-0.011111111111111112,-0.03900000000000001,-0.2951111111111111,-0.0007222222222222223,-0.12995555555555555,-0.0003444444444444445,-0.09973333333333333,-0.05784444444444445,-0.002188888888888889,-0.0020444444444444442,-0.3484,-0.001588888888888889,-0.001888888888888889,-0.0017333333333333335,-0.1,-0.0015333333333333336,-0.0012333333333333335,-0.0012333333333333335,-0.002788888888888889,-0.12088888888888888,-0.075,-0.0014333333333333333,-0.0013444444444444445,-0.002766666666666667,-0.0020666666666666667,-0.003077777777777778,-0.025,-0.0026444444444444445,-0.002711111111111111,-0.2329,-0.0012111111111111112,-0.001988888888888889,-0.0030333333333333336,-0.0014444444444444446,-0.0018000000000000002,-0.24203333333333335,-0.11786666666666666,-0.002277777777777778,-0.7161000000000001,-0.05786666666666667,-0.13511111111111113,-0.0023444444444444446,-0.0018666666666666669,-0.0012333333333333335,-0.0020777777777777778,-0.0021333333333333334,-0.001511111111111111,-0.0017222222222222224,-0.4944444444444445,-0.3887,-0.001288888888888889,-0.0010777777777777778,-0.001388888888888889,-0.1274,-0.3076666666666667,-0.5280333333333334,-0.0012333333333333335,-0.13155555555555556,-0.35315555555555556,-0.24166666666666667,-0.002777777777777778,-0.22316666666666668,-0.12444444444444444,-0.0004666666666666667,-0.169,-0.16319999999999998,-0.003144444444444445,-0.13547777777777778,-0.0028333333333333335,-0.21849999999999997,-0.0029222222222222223,-0.09722222222222222,-0.05,-0.4926222222222222,-0.002988888888888889,-0.7209222222222222,-0.0010444444444444446,-0.000977777777777778,-0.031200000000000002,-0.3029222222222222,-0.2,-0.048355555555555554,-0.4123,-0.0025222222222222226,-0.0029333333333333334,-0.0021555555555555555,-0.06944444444444445,-0.25316666666666665,-0.44799999999999995,-0.44433333333333336,-0.0020222222222222226,-0.2054,-0.0016,-0.0022,-0.2577777777777778,-0.5711999999999999,-0.5104666666666667,-0.26666666666666666,-0.16666666666666669,-0.0009111111111111111,-0.0013555555555555556,-0.8794666666666666,-0.003266666666666667,-0.002466666666666667,-0.1293888888888889,-0.0016444444444444447,-0.6716,-0.125,-0.0007555555555555555,-0.3577222222222222,-0.09777777777777777,-0.3111111111111111,-0.0025,-0.0023555555555555556,-0.016744444444444444,-0.0028777777777777777,-0.3928888888888889,-0.0025444444444444447,-0.0022444444444444447,-0.31662222222222225,-0.0024222222222222223,-0.0027333333333333333,-0.0025666666666666667,-0.7185111111111111,-0.0016666666666666668,-0.003,-0.19555555555555554,-0.00037777777777777777,-0.002588888888888889,-0.0016333333333333334,-0.0029444444444444444,-0.07777777777777778,-0.18844444444444444,-0.22769999999999999,-0.0959,-0.10183333333333335,-0.49806666666666666,-0.4408888888888889,-0.0020111111111111115,-0.0010333333333333334,-0.1932,-0.0019666666666666665,-0.002888888888888889,-0.14400000000000002,-0.3151,-0.0015666666666666667,-0.02131111111111111,-0.0027222222222222222,-0.7916666666666666,-0.49777777777777776,-0.0008333333333333334,-0.12537777777777778,-0.0030444444444444447,-0.5178333333333334,-0.0014555555555555556,-0.17153333333333334,-0.2626,-0.02777777777777778,-0.3664888888888889,-0.012444444444444445,-0.5546666666666668,-0.0022333333333333337,-0.6992222222222223,-0.5980000000000001,-0.06388888888888888,-0.0013222222222222222,-0.3911111111111111,-0.8039111111111111,-0.001088888888888889,-0.09066666666666667,-0.003277777777777778,-0.3989333333333333,-0.0017111111111111112,-0.0006555555555555556,-0.0014,-0.0025555555555555557,-0.0016666666666666668,-0.7797333333333333,-0.0031000000000000003,-0.16640000000000002,-0.006044444444444444,-0.4048,-0.05460000000000001,-0.003177777777777778,-0.7313777777777777,-0.014222222222222223,-0.5833333333333334,-0.5018,-0.25075555555555556,-0.013,-0.8401777777777777,-0.0018222222222222223,-0.3699,-0.7138888888888889,-0.24177777777777776,-0.49660000000000004,-0.39266666666666666,-0.1334
2024-06-17,-0.001288888888888889,-0.010833333333333334,-0.4366111111111111,-0.0015,-0.204,-0.02088888888888889,-0.44266666666666665,-0.0005111111111111111,-0.057211111111111115,-0.20700000000000002,-0.18133333333333335,-0.204,-0.1375,-0.002777777777777778,-0.0028333333333333335,-0.4637111111111111,-0.7155555555555556,-0.10426666666666666,-0.0026333333333333334,-0.0001666666666666667,-0.17,-0.655,-0.38079999999999997,-0.4331,-0.10235555555555556,-0.0015,-0.0020777777777777778,-0.18166666666666667,-0.095,-0.0013666666666666666,-0.1927111111111111,-0.17276666666666668,-0.0017666666666666668,-0.27,-0.040799999999999996,-0.225,-0.0008,-0.04177777777777778,-0.38986666666666664,-0.002288888888888889,-0.0025555555555555557,-0.6082333333333333,-0.0024333333333333334,-0.45182222222222224,-0.000488888888888889,-0.051666666666666666,-0.39445555555555556,-0.5173333333333333,-0.012444444444444445,-0.18969999999999998,-0.28890000000000005,-0.6183111111111111,-0.8461222222222222,-0.014166666666666666,-0.16355555555555554,-0.0010333333333333334,-0.145,-0.7053333333333334,-0.0010444444444444446,-0.042666666666666665,-0.059166666666666666,-0.0025444444444444447,-0.0023555555555555556,-0.8882777777777777,-0.12333333333333334,-0.08370000000000001,-0.7557888888888888,-0.0018000000000000002,-0.0004777777777777778,-0.0020222222222222226,-0.6141333333333333,-0.13833333333333334,-0.4023,-0.0031666666666666666,-0.27555555555555555,-0.001877777777777778,-0.8009555555555556,-0.04416666666666667,-0.9033333333333333,-0.37156666666666666,-0.2475,-0.0009333333333333334,-0.5103000000000001,-0.45328888888888896,-0.001788888888888889,-0.48880000000000007,-0.06166666666666667,-0.6142444444444445,-0.0028777777777777777,-0.5698888888888889,-0.6413666666666666,-0.0029333333333333334,-0.6624444444444444,-0.06346666666666667,-0.8702111111111112,-0.21833333333333332,-0.0007333333333333333,-0.42008888888888885,-0.07416666666666667,-0.23787777777777774,-0.5890666666666666,-0.0030555555555555557,-0.3555555555555555,-0.6484666666666666,-0.24177777777777776,-0.0018666666666666669,-0.7533000000000001,-0.002666666666666667,-0.5619111111111111,-0.0009444444444444445,-0.34302222222222223,-0.0725,-0.4131,-0.1375111111111111,-0.18416666666666667,-0.065,-0.058777777777777776,-0.028333333333333332,-0.0006222222222222223,-0.056666666666666664,-0.0025,-0.08533333333333333,-0.22222222222222224,-0.00023333333333333336,-0.002711111111111111,-0.4922666666666667,-0.12,-0.3128888888888889,-0.20083333333333334,-0.058333333333333334,-0.2773333333333333,-0.0021333333333333334,-0.0018222222222222223,-0.4762666666666667,-0.5022,-0.0014444444444444446,-0.17083333333333334,-0.0016666666666666668,-0.4421111111111111,-0.08,-0.24088888888888887,-0.06755555555555556,-0.0016222222222222224,-0.045,-0.2225,-0.002844444444444445,-0.085,-0.04833333333333333,-0.025,-0.013333333333333334,-0.3583222222222222,-0.7479,-0.0011555555555555557,-0.0016777777777777778,-0.0019333333333333333,-0.6099555555555556,-0.23903333333333332,-0.06404444444444445,-0.002166666666666667,-0.0975,-0.1496,-0.8046,-0.11083333333333334,-0.19844444444444445,-0.0029000000000000002,-0.0002,-0.11911111111111111,-0.1357777777777778,-0.2708888888888889,-0.0006111111111111111,-0.36088888888888887,-0.4382222222222222,-0.06333333333333334,-0.48462222222222223,-0.0981777777777778,-0.5880444444444444,-0.21688888888888888,-0.7618111111111111,-0.002,-0.0029222222222222223,-0.075,-0.1831111111111111,-0.0026222222222222224,-0.33955555555555555,-0.24849999999999997,-0.1425,-0.07166666666666667,-0.06833333333333333,-0.2025,-0.0752,-0.5348666666666666,-0.2627,-0.5751000000000001,-0.13033333333333336,-0.1075,-0.28200000000000003,-0.2524444444444444,-0.6858000000000001,-0.567,-0.0864,-0.054311111111111116,-0.002488888888888889,-0.0003888888888888889,-0.7286888888888888,-0.09583333333333334,-0.16924444444444445,-0.00045555555555555556,-0.14333333333333334,-0.6293222222222222,-0.2943,-0.00041111111111111117,-0.42488888888888887,-0.0021555555555555555,-0.04977777777777778,-0.19946666666666665,-0.18737777777777775,-0.0025666666666666667,-0.19555555555555554,-0.28088888888888885,-0.3195,-0.105,-0.15137777777777778,-0.0002777777777777778,-0.2799111111111111,-0.37324444444444443,-0.02408888888888889,-0.09416666666666666,-0.3780888888888889,-0.40497777777777777,-0.0012000000000000001,-0.051555555555555556,-0.20416666666666666,-0.4662333333333333,-0.41889999999999994,-0.16333333333333333,-0.012533333333333334,-0.001088888888888889,-0.0005,-0.6005555555555556,-0.4702222222222222,-0.10083333333333333,-0.001588888888888889,-0.32639999999999997,-0.07333333333333333,-0.016,-0.0275,-0.0041777777777777785,-0.0015,-0.00044444444444444447,-0.3288888888888889,-0.5962000000000001,-0.7714444444444444,-0.001988888888888889,-0.010444444444444445,-0.25235555555555556,-0.5805,-0.0475,-0.08083333333333333,-0.1822333333333333,-0.15833333333333333,-0.14555555555555555,-0.002211111111111111,-0.7219555555555556,-0.14166666666666666,-0.17765555555555554,-0.010222222222222223,-0.5778000000000001,-0.001977777777777778,-0.41655555555555557,-0.8611777777777778,-0.0016333333333333334,-0.0020888888888888893,-0.14436666666666667,-0.6233,-0.24,-0.0009222222222222223,-0.0013111111111111112,-0.021155555555555556,-0.16083333333333333,-0.8551555555555556,-0.2673777777777778,-0.6644444444444445,-0.10583333333333333,-0.6437333333333333,-0.4231111111111111,-0.025066666666666668,-0.6684666666666667,-0.003011111111111111,-0.003011111111111111,-0.16200000000000003,-0.43368888888888885,-0.19416666666666665,-0.8822555555555556,-0.12666666666666668,-0.23583333333333334,-0.6052333333333334,-0.7161333333333333,-0.0297,-0.06933333333333333,-0.48533333333333334
2024-06-18,-0.0009000000000000001,-0.0002777777777777778,-0.7355888888888888,-0.0017777777777777779,-0.23897777777777782,-0.002955555555555556,-0.25493333333333335,-0.002666666666666667,-0.29547777777777773,-0.26033333333333336,-0.07346666666666667,-0.22884444444444446,-0.23725555555555555,-0.02911111111111111,-0.012066666666666668,-0.5019,-0.7793777777777778,-0.1292,-0.06502222222222223,-0.0031111111111111114,-0.3624333333333333,-0.3691222222222222,-0.3905,-0.25312222222222225,-0.3275,-0.1080888888888889,-0.37989999999999996,-0.07859999999999999,-0.052399999999999995,-0.001688888888888889,-0.06837777777777779,-0.6033333333333334,-0.04306666666666668,-0.6228444444444444,-0.0012222222222222222,-0.17903333333333332,-0.0006666666666666668,-0.059111111111111114,-0.45139999999999997,-0.011822222222222224,-0.039299999999999995,-0.34702222222222223,-0.19084444444444446,-0.1905777777777778,-0.002966666666666667,-0.07431111111111112,-0.23634444444444444,-0.0512,-0.002455555555555556,-0.6265333333333334,-0.5015999999999999,-0.5973333333333334,-0.18204444444444448,-0.0015333333333333336,-0.042222222222222223,-0.05822222222222222,-0.06549999999999999,-0.37546666666666667,-0.0010333333333333334,-0.0021222222222222224,-0.0018222222222222223,-0.25472222222222224,-0.1950666666666667,-0.4920888888888889,-0.20351111111111114,-0.22916666666666669,-0.29582222222222226,-0.23560000000000003,-0.0012666666666666668,-0.4326666666666667,-0.06542222222222221,-0.018922222222222222,-0.10606666666666667,-0.06533333333333334,-0.006033333333333334,-0.21786666666666668,-0.2929777777777778,-0.13426666666666667,-0.6741333333333334,-0.34466666666666673,-0.40700000000000003,-0.0013111111111111112,-0.4295111111111111,-0.33053333333333335,-0.04137777777777778,-0.32928888888888885,-0.00012222222222222224,-0.15667777777777778,-0.23982222222222224,-0.7227333333333333,-0.5290666666666667,-0.005911111111111112,-0.002844444444444445,-0.001588888888888889,-0.7082666666666667,-0.5056666666666667,-0.0030333333333333336,-0.678088888888889,-0.011644444444444445,-0.10887777777777777,-0.16497777777777778,-0.45048888888888894,-0.5060000000000001,-0.06413333333333333,-0.05151111111111112,-0.10217777777777778,-0.15075555555555556,-0.21280000000000002,-0.00568888888888889,-0.0016111111111111111,-0.0592,-0.06671111111111111,-0.051800000000000006,-0.0010111111111111113,-0.38426666666666665,-0.0021111111111111113,-0.15284444444444448,-0.002188888888888889,-0.001877777777777778,-0.0029444444444444444,-0.002588888888888889,-0.20097777777777778,-0.16156666666666666,-0.0013000000000000002,-0.4046444444444444,-0.4096,-0.4090111111111111,-0.15897777777777777,-0.2312777777777778,-0.0003555555555555556,-0.4183111111111112,-0.0028777777777777777,-0.0027222222222222222,-0.4072444444444444,-0.3015111111111111,-0.002577777777777778,-0.25493333333333335,-0.00036666666666666667,-0.5895333333333334,-0.0023222222222222225,-0.3160111111111111,-0.0009222222222222223,-0.05742222222222222,-0.2161777777777778,-0.14882222222222224,-0.08057777777777778,-0.04644444444444445,-0.0008,-0.002377777777777778,-0.002755555555555556,-0.25493333333333335,-0.5034666666666666,-0.0028333333333333335,-0.058266666666666675,-0.0016222222222222224,-0.2161777777777778,-0.43842222222222227,-0.0015555555555555557,-0.0007333333333333333,-0.0024333333333333334,-0.2925666666666667,-0.512,-0.18324444444444446,-0.27351111111111115,-0.02328888888888889,-0.0007,-0.001888888888888889,-0.04053333333333334,-0.15283333333333332,-0.002211111111111111,-0.5108888888888888,-0.2673777777777778,-0.02617777777777778,-0.10235555555555556,-0.2695,-0.6532666666666666,-0.027500000000000004,-0.8391111111111111,-0.18776666666666667,-0.5271444444444444,-0.0005111111111111111,-0.027655555555555558,-0.32633333333333336,-0.14666666666666667,-0.02474444444444444,-0.3336666666666667,-0.1688888888888889,-0.001288888888888889,-0.17513333333333334,-0.002466666666666667,-0.5921888888888889,-0.4625555555555556,-0.3896888888888889,-0.22706666666666667,-0.22715555555555556,-0.2835666666666667,-0.11366666666666668,-0.2730666666666667,-0.7139555555555556,-0.22524444444444447,-0.1933777777777778,-0.06924444444444444,-0.0032222222222222222,-0.8419555555555557,-0.010133333333333334,-0.16447777777777775,-0.0016666666666666668,-0.393,-0.5745777777777779,-0.25079999999999997,-0.0020555555555555557,-0.4087111111111111,-0.12582222222222222,-0.11062222222222223,-0.19616666666666668,-0.16720000000000002,-0.2085777777777778,-0.3281666666666667,-0.5530555555555556,-0.4246666666666667,-0.2195555555555556,-0.1444,-0.0018555555555555556,-0.19599999999999998,-0.7568333333333332,-0.5204888888888889,-0.0028555555555555556,-0.18113333333333334,-0.6316444444444445,-0.0017222222222222224,-0.0026111111111111114,-0.4337555555555555,-0.41440000000000005,-0.6337333333333333,-0.5096,-0.0023,-0.0016444444444444447,-0.0033,-0.384,-0.6107444444444444,-0.22124444444444447,-0.25326666666666664,-0.39942222222222223,-0.0010666666666666667,-0.0009555555555555556,-0.0021333333333333334,-0.0021444444444444445,-0.002711111111111111,-0.002388888888888889,-0.20906666666666668,-0.6912,-0.5802666666666667,-0.13680000000000003,-0.0017111111111111112,-0.22631111111111113,-0.3697777777777778,-0.0010666666666666667,-0.528,-0.2285222222222222,-0.19253333333333336,-0.10640000000000001,-0.23813333333333334,-0.6030222222222222,-0.3522444444444444,-0.7621444444444444,-0.0009444444444444445,-0.009866666666666668,-0.2482666666666667,-0.2343333333333333,-0.06257777777777779,-0.000488888888888889,-0.0010222222222222221,-0.06966666666666668,-0.45795555555555556,-0.0209,-0.0006333333333333334,-5.555555555555556e-05,-0.00011111111111111112,-0.04075555555555556,-0.1848888888888889,-0.10360000000000001,-0.7940111111111111,-0.0013333333333333335,-0.4494222222222222,-0.4007111111111111,-0.032933333333333335,-0.7196444444444445,-0.24404444444444448,-0.06333333333333334,-0.06734444444444444,-0.6001777777777778,-0.11231111111111113,-0.14791111111111113,-0.18485555555555555,-0.12195555555555555,-0.5518222222222222,-0.09955555555555556,-0.41428888888888893,-0.0009333333333333334,-0.40946666666666665
2024-06-19,-0.002777777777777778,-0.0017333333333333335,-0.5357333333333333,-0.0016222222222222224,-0.168,-0.1694,-0.5630666666666666,-0.07079999999999999,-0.22673333333333334,-0.1161111111111111,-0.17416666666666666,-0.37391111111111114,-0.19733333333333333,-0.002,-0.002711111111111111,-0.29793333333333333,-0.3389333333333333,-0.16255555555555554,-0.11078888888888888,-0.30716666666666664,-0.4057333333333334,-0.13426666666666667,-0.1876,-0.35065555555555555,-0.009833333333333333,-0.08444444444444443,-0.19283333333333336,-0.002511111111111111,-0.06752222222222222,-0.20055555555555554,-0.21638888888888888,-0.25966666666666666,-0.0007,-0.7544,-0.18945555555555554,-0.09183333333333332,-0.0014666666666666667,-0.0006444444444444444,-0.5876666666666667,-0.002211111111111111,-0.11734444444444445,-0.3225333333333333,-0.016,-0.1368,-0.048555555555555546,-0.1606111111111111,-0.06037777777777778,-0.3977333333333333,-0.03408888888888889,-0.3444,-0.21046666666666664,-0.5658,-0.2733333333333333,-0.0016,-0.0015555555555555557,-0.0010666666666666667,-0.002788888888888889,-0.20226666666666665,-0.02032222222222222,-0.14988888888888888,-0.00030000000000000003,-0.0322,-0.0714,-0.6915333333333333,-0.2618,-0.055999999999999994,-0.4318666666666666,-0.13511111111111113,-0.0006666666666666668,-0.6326666666666667,-0.1277222222222222,-0.10488888888888888,-0.0006222222222222223,-0.06755555555555556,-0.0020444444444444442,-0.034999999999999996,-0.23506666666666667,-0.0112,-0.3217333333333333,-0.3531666666666667,-0.3496,-0.01048888888888889,-0.1066,-0.2132,-0.00036666666666666667,-0.03553333333333333,-0.0003333333333333334,-0.19133333333333333,-0.064,-0.08106666666666668,-0.04646666666666666,-0.0023333333333333335,-0.2491111111111111,-0.01311111111111111,-0.5821999999999999,-0.06734444444444444,-0.11479999999999999,-0.0027333333333333333,-0.0015444444444444444,-0.42496666666666666,-0.36733333333333335,-0.3315,-0.23644444444444446,-0.21155555555555555,-0.0024111111111111113,-0.01161111111111111,-0.23454444444444444,-0.0658,-0.042611111111111113,-0.007866666666666666,-0.31455555555555553,-0.11013333333333333,-0.29688888888888887,-0.0032,-0.17422222222222222,-0.171,-0.11822222222222223,-0.17568888888888887,-0.1665111111111111,-0.3111111111111111,-0.18158888888888888,-0.23116666666666666,-0.003011111111111111,-0.17044444444444445,-0.2717,-0.3416666666666667,-0.3358333333333334,-0.5031111111111111,-0.1507777777777778,-0.0022,-0.5735888888888889,-0.31814444444444445,-0.3276,-0.18416666666666667,-0.26599999999999996,-0.16,-0.47141111111111106,-0.0010222222222222221,-0.11753333333333334,-0.1456,-0.008199999999999999,-0.0025666666666666667,-0.0010111111111111113,-0.4745,-0.3502222222222222,-0.08761111111111111,-0.0014444444444444446,-0.0024000000000000002,-0.08915555555555554,-0.25227777777777777,-0.3320777777777778,-0.33346666666666663,-0.0016444444444444447,-0.0008777777777777778,-0.0015,-0.16973333333333332,-0.7498666666666667,-0.18049999999999997,-0.0026444444444444445,-0.5250666666666667,-0.10833333333333334,-0.7817333333333333,-0.2912,-0.11733333333333333,-0.0023555555555555556,-0.000688888888888889,-0.07494444444444444,-0.0019222222222222223,-0.10766666666666667,-0.009177777777777778,-0.40280000000000005,-0.2296,-7.777777777777778e-05,-0.17944444444444443,-0.27159999999999995,-0.7133999999999999,-0.0011,-0.049199999999999994,-0.22933333333333333,-0.14950000000000002,-0.0022333333333333337,-0.0020222222222222226,-0.4389,-0.2839444444444444,-0.0006333333333333334,-0.3856666666666667,-0.3444,-0.1901111111111111,-0.6435,-0.3029444444444444,-0.41546666666666665,-0.5782333333333333,-0.4686666666666667,-0.2954,-0.39899999999999997,-0.09533333333333334,-0.1252111111111111,-0.10113333333333333,-0.2651333333333333,-0.3206,-0.0336,-0.13242222222222222,-0.5111444444444445,-0.09566666666666666,-0.14028888888888888,-0.4871111111111111,-0.002955555555555556,-0.5071666666666667,-0.18586666666666665,-0.3301555555555556,-0.18224444444444443,-0.46444444444444444,-0.1624,-0.378,-0.45866666666666667,-0.3893333333333333,-0.3156111111111111,-0.2963444444444444,-0.38539999999999996,-0.39942222222222223,-0.43556666666666666,-0.38499999999999995,-0.16519999999999999,-0.4181666666666667,-0.5958666666666667,-0.053200000000000004,-0.273,-0.4514777777777778,-0.6232,-0.1783111111111111,-0.3388,-0.6478,-0.41546666666666665,-0.13119999999999998,-0.34136666666666665,-0.0019333333333333333,-0.1829,-0.5091666666666667,-0.35806666666666664,-0.0054666666666666665,-0.43556666666666666,-0.5151222222222223,-0.5643,-0.002666666666666667,-0.0029111111111111113,-0.18617777777777778,-0.011933333333333334,-0.32177777777777783,-0.16782222222222223,-0.08353333333333335,-0.05193333333333333,-0.13393333333333332,-0.047499999999999994,-0.16257777777777777,-0.4102,-0.08613333333333333,-0.0024333333333333334,-0.46142222222222223,-0.39339999999999997,-0.3822,-0.2818333333333333,-0.19633333333333333,-0.17493333333333333,-0.3066,-0.48106666666666664,-0.0006555555555555556,-0.07407777777777777,-0.1134,-0.13019999999999998,-0.2710666666666667,-0.0016666666666666668,-0.0008444444444444445,-0.16994444444444443,-0.28973333333333334,-0.010555555555555554,-0.00045555555555555556,-0.0010444444444444446,-0.0013555555555555556,-0.0008111111111111112,-0.48379999999999995,-0.413,-0.7707999999999999,-0.0031111111111111114,-0.7188666666666667,-0.5596555555555556,-0.000977777777777778,-0.7243333333333333,-0.16673333333333332,-0.0032777777777777775,-0.4142222222222222,-0.07653333333333333,-0.12586666666666665,-0.76,-0.41159999999999997,-0.007955555555555556,-0.19679999999999997,-0.19,-0.29259999999999997,-0.0002444444444444445,-0.26705555555555555
2024-06-20,-0.26055555555555554,-0.00021111111111111113,-0.16675555555555555,-0.0006666666666666668,-0.05973333333333334,-0.22749999999999998,-0.4544222222222222,-0.12716666666666665,-0.37973333333333337,-0.13416666666666666,-0.18666666666666665,-0.2512,-0.09216666666666665,-0.0016333333333333334,-0.002,-0.2111777777777778,-0.30373333333333336,-0.0021333333333333334,-0.037333333333333336,-0.1789111111111111,-0.17888888888888888,-0.10951111111111111,-0.03383333333333333,-0.30608888888888885,-0.0013222222222222222,-0.001688888888888889,-0.14,-0.0012666666666666668,-0.0028111111111111114,-0.0024444444444444444,-0.0007333333333333333,-0.08933333333333333,-0.0003888888888888889,-0.1924888888888889,-0.46655555555555556,-0.002844444444444445,-0.0027,-0.0005444444444444445,-0.5022444444444444,-0.0019444444444444446,-0.0020777777777777778,-0.5302666666666666,-0.0007111111111111113,-0.13713333333333333,-6.666666666666667e-05,-0.2032,-0.1616,-0.0442,-0.0008333333333333334,-0.18861111111111112,-0.0448,-0.22048888888888887,-0.5915555555555555,-0.0004,-0.000688888888888889,-0.0014333333333333333,-0.1983333333333333,-0.5690666666666666,-0.00011111111111111112,-0.0012222222222222222,-4.444444444444445e-05,-0.0001666666666666667,-0.0245,-0.29346666666666665,-0.3296,-0.0004777777777777778,-0.4893777777777778,-0.11520000000000001,-0.00042222222222222227,-0.1640888888888889,-0.05388888888888888,-0.0029222222222222223,-0.0030333333333333336,-0.036166666666666666,-0.0027222222222222222,-0.00043333333333333337,-0.6237111111111111,-0.0011444444444444445,-0.5888666666666666,-0.5798444444444444,-0.3511444444444445,-0.0002444444444444445,-0.15555555555555556,-0.1184,-0.0006000000000000001,-0.00022222222222222223,-0.0007222222222222223,-0.152,-0.216,-0.4556,-0.015088888888888888,-0.0006444444444444444,-0.001088888888888889,-0.00025555555555555553,-0.6848888888888889,-0.0272,-0.1878333333333333,-0.0016,-0.002755555555555556,-0.6752777777777778,-0.7366666666666667,-0.34623333333333334,-0.1592888888888889,-0.20299999999999999,-0.002977777777777778,-8.88888888888889e-05,-0.2496,-0.08166666666666667,-0.00045555555555555556,-0.0012000000000000001,-0.8236,-0.0009666666666666667,-0.4592,-0.5868777777777777,-0.144,-0.0013000000000000002,-0.003077777777777778,-0.34222222222222226,-0.1976888888888889,-0.4997222222222223,-0.352,-0.4067555555555556,-0.3313333333333333,-0.39964444444444447,-0.38500000000000006,-0.3405777777777777,-0.2864,-0.6090222222222222,-0.24966666666666668,-0.0005888888888888889,-0.4196888888888889,-0.1504,-0.02527777777777778,-0.13766666666666666,-0.28194444444444444,-0.00037777777777777777,-0.3616666666666667,-0.0010111111111111113,-0.43839999999999996,-0.0002666666666666667,-0.5561333333333333,-0.0028,-0.0018444444444444446,-0.49744444444444447,-0.26880000000000004,-0.0009333333333333334,-0.0023111111111111114,-0.0014555555555555556,-0.0026333333333333334,-0.3729111111111111,-0.1216,-0.5861777777777778,-0.0007888888888888889,-0.0011111111111111111,-0.0020888888888888893,-0.5915555555555555,-0.7573333333333334,-0.0011666666666666668,-0.26716666666666666,-0.4033333333333333,-0.00012222222222222224,-0.49728888888888884,-0.36835555555555555,-0.00028888888888888893,-0.000988888888888889,-0.0005111111111111111,-0.0023333333333333335,-0.0031333333333333335,-0.0021000000000000003,-3.3333333333333335e-05,-0.37075555555555556,-0.18015555555555554,-0.00044444444444444447,-0.0018222222222222223,-0.3255,-0.7888888888888889,-0.002188888888888889,-0.5458444444444444,-0.001377777777777778,-0.30862222222222224,-0.003144444444444445,-0.0007,-0.15866666666666665,-0.582,-0.0006111111111111111,-0.12133333333333333,-0.2838888888888889,-0.2608222222222222,-0.8835555555555555,-0.7289333333333333,-0.3872,-0.7824666666666666,-0.5485333333333333,-0.3015111111111111,-0.40249999999999997,-5.555555555555556e-05,-0.0018333333333333335,-0.1408,-0.6997777777777777,-0.4672,-0.0022444444444444447,-0.0020333333333333336,-0.4812888888888889,-0.7623111111111112,-0.00036666666666666667,-0.23226666666666668,-0.3128888888888889,-0.3020333333333333,-0.4935666666666667,-0.5619444444444445,-0.3856,-0.4002555555555556,-0.00041111111111111117,-0.5496666666666666,-0.34955555555555556,-0.42777777777777776,-0.6163444444444445,-0.2848,-0.04764444444444445,-0.3492,-0.32117777777777773,-0.7414666666666666,-0.47422222222222216,-0.4548222222222222,-0.31564444444444445,-0.0008111111111111112,-0.19519999999999998,-0.5269444444444444,-0.2682222222222222,-0.352,-0.27747777777777777,-0.21457777777777776,-0.2953111111111111,-0.20693333333333333,-0.1105,-0.0029111111111111113,-0.42777777777777776,-0.650711111111111,-0.3319555555555555,-0.0027444444444444448,-0.4117111111111111,-0.2431,-0.7027555555555555,-0.27359999999999995,-0.24800000000000003,-0.6207999999999999,-0.05133333333333333,-0.2368,-0.4238222222222222,-0.0014,-0.7268444444444445,-0.6292,-0.0005333333333333334,-0.41955555555555557,-0.792088888888889,-0.344,-0.13533333333333333,-0.7219333333333333,-0.7742222222222223,-0.5992444444444444,-0.6399555555555555,-0.29155555555555557,-0.5727333333333333,-0.31839999999999996,-0.13444444444444442,-0.002711111111111111,-0.0007666666666666668,-0.0944,-0.0017666666666666668,-0.33611111111111114,-0.0016777777777777778,-0.003066666666666667,-0.0013333333333333335,-0.5619777777777778,-0.00015555555555555556,-0.0001,-0.0005222222222222223,-0.0006333333333333334,-0.0012333333333333335,-0.37106666666666666,-0.5585333333333333,-0.9435111111111111,-0.30916666666666665,-0.9151111111111111,-0.7663333333333333,-0.00030000000000000003,-0.5711555555555556,-0.31862222222222225,-0.0022222222222222222,-0.5288888888888889,-0.3764444444444444,-0.002388888888888889,-0.4039111111111111,-0.39662222222222215,-0.0021555555555555555,-0.32413333333333333,-0.5775,-0.5696888888888889,-0.00013333333333333334,-0.6315777777777777
2024-06-21,-0.0009666666666666667,-0.0008888888888888889,-0.5890666666666666,-0.002577777777777778,-0.0028333333333333335,-0.0028111111111111114,-0.18538888888888888,-0.0019111111111111113,-0.12115555555555556,-0.0019333333333333333,-0.0007333333333333333,-0.0031555555555555555,-0.002177777777777778,-0.0006555555555555556,-0.00018888888888888888,-0.2719111111111111,-0.6423333333333333,-0.0016555555555555555,-0.0016444444444444447,-0.06671111111111111,-0.2866888888888889,-0.002788888888888889,-0.0028222222222222225,-0.19662222222222223,-0.0012222222222222222,-0.0033222222222222225,-0.002488888888888889,-0.0003111111111111111,-0.49682222222222217,-0.0033333333333333335,-0.0013222222222222222,-0.5702666666666667,-0.001088888888888889,-0.78,-0.08355555555555556,-8.88888888888889e-05,-0.013300000000000001,-0.0015,-0.6225111111111111,-0.0025666666666666667,-0.002977777777777778,-0.0981777777777778,-0.0017555555555555556,-0.282,-0.0011444444444444445,-0.001877777777777778,-0.3195111111111111,-0.003177777777777778,-0.0008777777777777778,-0.3975222222222222,-0.002166666666666667,-0.7102222222222222,-0.3525,-0.0020555555555555557,-0.0005111111111111111,-0.002388888888888889,-0.0014555555555555556,-0.5034222222222222,-0.0007,-0.0026000000000000003,-0.0002,-0.0002666666666666667,-0.00022222222222222223,-0.7624444444444445,-0.4546888888888888,-0.002266666666666667,-0.19862222222222223,-0.002188888888888889,-0.003011111111111111,-0.3871777777777778,-0.02282222222222222,-0.06144444444444444,-0.3354555555555556,-0.0008111111111111112,-0.002255555555555556,-0.0030555555555555557,-0.6903333333333334,-0.001955555555555556,-0.7702777777777777,-0.18016666666666667,-0.06788888888888889,-0.002455555555555556,-0.0017333333333333335,-0.0014222222222222225,-0.0023222222222222225,-0.0010555555555555557,-0.0023333333333333335,-0.0031222222222222224,-0.13342222222222222,-0.6467333333333334,-0.04037777777777777,-0.0025555555555555557,-0.0022444444444444447,-0.0015,-0.7728888888888888,-0.00036666666666666667,-0.0029222222222222223,-0.0005444444444444445,-0.33397777777777776,-0.6815,-0.7533666666666666,-0.04602222222222223,-0.00043333333333333337,-0.003088888888888889,-0.07197777777777777,-0.0003222222222222222,-0.05617777777777778,-0.0002444444444444445,-0.001488888888888889,-0.0008333333333333334,-0.04942222222222222,-0.0010777777777777778,-0.509688888888889,-0.28600000000000003,-0.0005555555555555556,-0.0015,-0.20013333333333333,-0.0011777777777777778,-0.0015,-0.5125,-0.06833333333333334,-0.6684444444444445,-0.3159444444444444,-0.25191111111111114,-0.1492222222222222,-0.3803888888888889,-0.42560000000000003,-0.234,-0.1862,-0.0014111111111111112,-0.5692222222222222,-0.0011222222222222224,-0.0012777777777777779,-0.0011111111111111111,-0.2793,-0.0009333333333333334,-0.2556555555555556,-0.0001666666666666667,-0.2858222222222222,-0.0026333333333333334,-0.5180444444444444,-0.17964444444444447,-0.0018666666666666669,-0.39,-0.18784444444444443,-0.00023333333333333336,-0.0005888888888888889,-0.0017444444444444445,-0.002377777777777778,-0.11616666666666668,-0.0024444444444444444,-0.28726666666666667,-0.0011333333333333334,-0.001688888888888889,-0.4137777777777778,-0.3028888888888889,-0.1358,-0.0025444444444444447,-0.024577777777777778,-0.08339999999999999,-0.0024111111111111113,-0.6266666666666667,-0.5231555555555555,-0.000988888888888889,-0.00012222222222222224,-0.0007555555555555555,-0.0014333333333333333,-0.11762222222222221,-0.0007111111111111113,-3.3333333333333335e-05,-0.39013333333333333,-0.4177777777777778,-0.0014666666666666667,-0.0017222222222222224,-0.3924,-0.4365,-7.777777777777778e-05,-0.2402222222222222,-0.0020666666666666667,-0.3721777777777777,-0.34935555555555553,-0.0023444444444444446,-0.13447777777777778,-0.38422222222222224,-0.001888888888888889,-0.0015,-0.3300444444444444,-0.19837777777777774,-0.4041666666666667,-0.7382444444444444,-0.28244444444444444,-0.0032333333333333333,-0.4796,-0.18176666666666666,-0.4259444444444444,-0.0007222222222222223,-0.0024222222222222223,-0.15799999999999997,-0.006177777777777778,-0.20222222222222222,-0.0008666666666666667,-0.0019444444444444446,-0.5352777777777777,-0.7676666666666666,-0.000488888888888889,-0.2674777777777778,-0.28615555555555555,-0.5304666666666666,-0.28340000000000004,-0.2773333333333334,-0.28200000000000003,-0.2846111111111111,-0.002477777777777778,-0.094,-0.2807777777777778,-0.09794444444444445,-0.5467333333333333,-0.28521111111111114,-0.0027222222222222222,-0.4198666666666667,-0.5232,-0.417,-0.07222222222222222,-0.35077777777777774,-0.35244444444444445,-0.0008555555555555556,-0.002,-0.485,-0.7493888888888889,-0.34466666666666673,-0.28791111111111106,-0.7020000000000001,-0.40772222222222226,-0.43713333333333326,-0.0025333333333333336,-0.1995,-0.5264,-0.7915555555555556,-0.327,-0.3073777777777778,-0.5222222222222223,-0.16855555555555557,-0.3706666666666667,-0.0011666666666666668,-0.22610000000000002,-0.1791111111111111,-0.0006666666666666668,-0.0021333333333333334,-0.14775555555555556,-0.0023,-0.16988888888888887,-0.32066666666666666,-0.0009222222222222223,-0.1068888888888889,-0.012355555555555555,-0.3075,-0.0020333333333333336,-0.3755555555555556,-0.49113333333333337,-0.4647777777777778,-0.2903555555555556,-0.4248444444444444,-0.49872222222222223,-0.5828000000000001,-0.6058888888888889,-0.08423333333333334,-0.0005,-0.22314444444444445,-0.0005777777777777779,-0.38997777777777776,-0.0018444444444444446,-0.35171111111111114,-0.0026222222222222224,-0.6297777777777778,-0.0008,-0.000977777777777778,-0.00011111111111111112,-0.0006000000000000001,-0.0005333333333333334,-0.7755,-0.016166666666666666,-0.0194,-0.05442222222222222,-0.9344333333333333,-0.8464444444444444,-0.0019,-0.8406666666666667,-0.3812666666666667,-0.0023666666666666667,-0.4845333333333333,-0.41777777777777775,-0.05968888888888888,-0.8002222222222223,-0.6036111111111111,-0.00013333333333333334,-0.43031111111111114,-0.9376666666666666,-0.4336222222222222,-0.0006222222222222223,-0.6857333333333333
2024-06-24,-0.0024000000000000002,-0.0007888888888888889,-0.0808888888888889,-0.05252222222222222,-0.2655111111111111,-0.2368333333333333,-0.22366666666666665,-0.001188888888888889,-0.36604444444444445,-0.0018333333333333335,-0.002288888888888889,-0.45644444444444443,-0.25906666666666667,-0.0032111111111111116,-0.0033222222222222225,-0.0016,-0.049400000000000006,-0.002955555555555556,-0.0006222222222222223,-0.1972,-0.12677777777777777,-0.1811111111111111,-0.09408888888888889,-0.3060777777777778,-0.0028777777777777777,-0.10850000000000001,-0.001,-0.003311111111111111,-0.0209,-0.754,-0.001511111111111111,-0.026433333333333333,-0.002188888888888889,-0.014444444444444446,-0.0003555555555555556,-0.0020333333333333336,-0.0019,-0.0007666666666666668,-0.377,-0.07604444444444444,-0.30296666666666666,-0.012888888888888889,-0.0003444444444444445,-0.3854888888888889,-0.0005555555555555556,-0.0026111111111111114,-0.25133333333333335,-0.17657777777777778,-0.0008333333333333334,-0.0976,-0.0008888888888888889,-0.26520000000000005,-0.26705555555555555,-0.0019666666666666665,-0.003255555555555556,-0.2796888888888889,-0.06702222222222222,-0.2912,-0.0001777777777777778,-0.16111111111111112,-0.0008222222222222223,-0.0016111111111111111,-0.0025444444444444447,-0.6552,-0.18810000000000002,-0.0006666666666666668,-0.41683333333333333,-0.18946666666666667,-0.06057777777777778,-0.5735888888888889,-0.0027333333333333333,-0.0020444444444444442,-0.2879666666666667,-7.777777777777778e-05,-0.16884444444444444,-0.029644444444444442,-0.49660000000000004,-0.0003333333333333334,-0.6817777777777778,-0.5591666666666666,-0.45980000000000004,-0.0018111111111111112,-0.0015,-0.0019444444444444446,-0.11471111111111111,-0.07088888888888888,-0.05026666666666667,-0.021733333333333334,-0.34413333333333335,-0.04044444444444445,-0.0006777777777777778,-0.28226666666666667,-0.3454222222222222,-0.0010555555555555557,-0.3866666666666667,-0.00030000000000000003,-0.0305,-0.00012222222222222224,-0.1263111111111111,-0.04644444444444444,-0.7475555555555555,-0.3699111111111111,-0.0012666666666666668,-0.17930000000000001,-0.0031666666666666666,-0.0004777777777777778,-0.04768888888888889,-0.0024444444444444444,-0.0007444444444444445,-0.0009111111111111111,-0.0854,-0.0021555555555555555,-0.17486666666666667,-0.4853333333333334,-0.0018222222222222223,-0.0011444444444444445,-0.3712,-0.0025333333333333336,-0.0016666666666666668,-0.338,-0.37308888888888886,-0.7668888888888888,-0.47837777777777774,-0.41859999999999997,-0.002788888888888889,-0.4946333333333333,-0.5824,-0.6474,-0.12373333333333333,-0.001377777777777778,-0.5363,-0.0009333333333333334,-4.444444444444445e-05,-0.0015555555555555557,-0.3151666666666667,-0.0012333333333333335,-0.29,-0.003277777777777778,-0.2582333333333333,-0.20622222222222222,-0.5367999999999999,-0.00028888888888888893,-0.0009222222222222223,-0.1791111111111111,-0.2526222222222222,-0.0027222222222222222,-0.0028555555555555556,-0.0016777777777777778,-0.3119111111111111,-0.0021111111111111113,-0.07968888888888889,-0.6084222222222222,-0.0030444444444444447,-0.0029444444444444444,-0.12539999999999998,-0.18835555555555555,-0.78,-0.10053333333333334,-0.0033,-0.003022222222222222,-0.057999999999999996,-0.559,-0.11213333333333332,-0.000977777777777778,-0.003066666666666667,-3.3333333333333335e-05,-0.0026555555555555555,-0.36475555555555556,-0.003177777777777778,-0.0033333333333333335,-0.4365777777777778,-0.0036222222222222224,-0.0020222222222222226,-0.001477777777777778,-0.4493666666666667,-0.4391111111111112,-0.003266666666666667,-0.5875222222222223,-0.002211111111111111,-0.21132222222222222,-0.6525444444444444,-0.33897777777777777,-0.0014,-0.8618,-0.002711111111111111,-0.0014666666666666667,-0.3782,-0.0013444444444444445,-0.8463,-0.6508888888888889,-0.33867777777777774,-0.0032888888888888894,-0.5772,-0.0019333333333333333,-0.4706000000000001,-0.0008,-0.31320000000000003,-0.2655111111111111,-0.04897777777777778,-0.52,-0.002255555555555556,-0.001955555555555556,-0.17980000000000002,-0.4217777777777778,-0.00044444444444444447,-0.4737666666666666,-0.326,-0.3614,-0.4263,-0.4082,-0.4595333333333333,-0.25079999999999997,-0.0812,-0.6112555555555556,-0.4346666666666667,-0.0025555555555555557,-0.775,-0.0012555555555555555,-0.05284444444444444,-0.5518000000000001,-0.33540000000000003,-0.7453333333333333,-0.002288888888888889,-0.5304000000000001,-0.5902000000000001,-0.0008777777777777778,-0.0010333333333333334,-0.5564,-0.16433333333333336,-0.594488888888889,-0.3904,-0.5171111111111112,-0.3297555555555555,-0.25536666666666663,-0.03222222222222222,-0.00018888888888888888,-0.5575555555555556,-0.39680000000000004,-0.3112666666666667,-0.0004,-0.4212,-0.21008888888888888,-0.6604,-0.002288888888888889,-0.2501,-0.6448,-0.0007111111111111113,-0.001888888888888889,-0.21364444444444441,-0.1727111111111111,-0.5921666666666666,-0.2833111111111111,-0.002677777777777778,-0.11052222222222222,-0.678088888888889,-0.19741111111111112,-0.19848888888888888,-0.24555555555555555,-0.7443333333333334,-0.7254,-0.5178555555555555,-0.11954444444444444,-0.2740222222222222,-0.2917777777777778,-0.055733333333333336,-0.0026333333333333334,-0.0026000000000000003,-0.0024222222222222223,-0.35702222222222224,-0.5733999999999999,-0.0032333333333333333,-0.33505555555555555,-0.3467111111111111,-0.4506666666666667,-0.00023333333333333336,-0.0011777777777777778,-0.0005111111111111111,-0.00036666666666666667,-0.0007555555555555555,-0.2195555555555556,-0.4708888888888889,-0.45880000000000004,-0.0031111111111111114,-0.841,-0.2481111111111111,-0.0010777777777777778,-0.07088888888888889,-0.34973333333333334,-0.21524444444444443,-0.1482,-0.1716,-0.0010444444444444446,-0.018600000000000002,-0.1877777777777778,-1.1111111111111113e-05,-0.2589888888888889,-0.3834444444444444,-0.023111111111111114,-0.0002,-0.1054
2024-06-25,-0.39013333333333333,-0.0031222222222222224,-0.10048888888888889,-0.40934444444444446,-0.24531111111111112,-0.002788888888888889,-0.0008777777777777778,-0.002766666666666667,-0.7509333333333333,-0.0033333333333333335,-0.0014333333333333333,-0.6412222222222222,-0.0026444444444444445,-0.3797888888888889,-0.25427777777777777,-0.001977777777777778,-0.3161888888888889,-0.5179111111111111,-0.0008888888888888889,-0.0021444444444444445,-0.0012111111111111112,-0.0001,-0.0012000000000000001,-0.0012444444444444445,-0.4433777777777778,-0.2866666666666667,-0.002777777777777778,-0.2822555555555556,-0.0016777777777777778,-0.9021,-0.0022444444444444447,-0.0005111111111111111,-0.0020333333333333336,-0.07536666666666668,-0.0024222222222222223,-0.0026111111111111114,-0.002466666666666667,-0.0033,-0.8770666666666667,-0.0015222222222222223,-0.13891111111111112,-6.666666666666667e-05,-0.0007333333333333333,-0.16005555555555556,-0.0003333333333333334,-0.5427555555555555,-0.0017222222222222224,-0.07684444444444445,-0.0020666666666666667,-0.17437777777777777,-0.00045555555555555556,-0.11132222222222223,-0.6257444444444444,-0.0023666666666666667,-0.4452888888888889,-0.2142777777777778,-0.0020888888888888893,-0.053200000000000004,-0.0003111111111111111,-0.0009666666666666667,-0.00022222222222222223,-0.0013222222222222222,-0.000988888888888889,-0.3236111111111111,-0.003277777777777778,-0.0011111111111111111,-0.6731111111111111,-0.0032444444444444448,-0.0010555555555555557,-0.8027777777777778,-0.06502222222222223,-0.0020111111111111115,-0.21871111111111113,-0.0015666666666666667,-0.0006555555555555556,-0.0014,-0.344,-0.001488888888888889,-0.17893333333333333,-0.8418666666666667,-0.18155555555555558,-0.001088888888888889,-0.000688888888888889,-0.0007222222222222223,-0.0011444444444444445,-0.002955555555555556,-0.002166666666666667,-3.3333333333333335e-05,-0.013377777777777778,-0.4422222222222222,-0.00041111111111111117,-0.0009000000000000001,-0.049688888888888894,-0.0020555555555555557,-0.2581333333333333,-0.0003222222222222222,-0.0022444444444444447,-8.88888888888889e-05,-0.0027444444444444448,-0.11084444444444445,-0.22630000000000003,-0.4276111111111111,-0.00011111111111111112,-0.0008,-0.4201111111111111,-0.00043333333333333337,-2.2222222222222227e-05,-0.0931,-0.0009555555555555556,-0.0018555555555555556,-0.001477777777777778,-0.0016333333333333334,-5.555555555555556e-05,-0.6222222222222222,-0.001188888888888889,-0.0022444444444444447,-0.5632,-0.4049111111111111,-0.0025,-0.5328777777777778,-0.4338222222222223,-0.319,-0.4388888888888889,-0.3495,-0.44664444444444446,-0.22005555555555553,-0.9473333333333334,-0.7905,-0.10344444444444445,-0.0029000000000000002,-0.36111111111111116,-0.0013666666666666666,-0.0027333333333333333,-0.0013555555555555556,-0.2904888888888889,-0.0019,-0.20393333333333336,-0.3975222222222222,-0.15664444444444445,-0.4211666666666667,-0.06666666666666667,-0.0025333333333333336,-0.0017666666666666668,-0.5274666666666668,-0.0032,-0.10196666666666668,-0.6080555555555556,-0.0024444444444444444,-0.6999444444444445,-0.002977777777777778,-0.0012555555555555555,-0.24180000000000001,-0.399,-0.17290000000000003,-0.0003555555555555556,-0.00023333333333333336,-0.2728,-0.0020444444444444442,-0.3724,-0.4142222222222222,-0.0010777777777777778,-0.10873333333333333,-0.0031333333333333335,-0.0003888888888888889,-0.3398888888888889,-0.003311111111111111,-0.5351111111111111,-0.3888888888888889,-0.5661666666666667,-0.026755555555555557,-0.7222999999999999,-0.00014444444444444446,-0.3886555555555556,-0.0008555555555555556,-0.7010666666666666,-0.3666666666666667,-0.2926,-0.44011111111111106,-0.00036666666666666667,-0.3738777777777778,-0.3256,-0.30960000000000004,-0.0011666666666666668,-0.4478888888888889,-0.24462222222222224,-0.0014555555555555556,-0.2556555555555556,-0.0029111111111111113,-0.2964444444444444,-0.6448,-0.13447777777777778,-0.651,-0.34026666666666666,-0.0020777777777777778,-0.5410777777777778,-0.00021111111111111113,-0.3612,-0.0013333333333333335,-0.0006333333333333334,-0.3527777777777778,-0.0030333333333333336,-0.0016222222222222224,-0.3392222222222222,-0.25206666666666666,-0.003022222222222222,-0.4375222222222222,-0.4586666666666667,-0.46822222222222226,-0.22995555555555555,-0.23055555555555557,-0.4472222222222222,-0.14925555555555556,-0.001377777777777778,-0.7185555555555555,-0.4576,-0.37075555555555556,-0.6798888888888889,-0.002177777777777778,-0.0005444444444444445,-0.17916666666666667,-0.4739555555555556,-0.8345555555555555,-0.003177777777777778,-0.35208888888888884,-0.4271666666666667,-0.0019111111111111113,-0.002966666666666667,-0.2816,-0.6277777777777778,-0.6262000000000001,-0.40897777777777783,-0.5944444444444446,-0.12117777777777777,-0.0018111111111111112,-0.0011333333333333334,-0.0009333333333333334,-0.6776,-0.6777777777777778,-0.0665,-0.001955555555555556,-0.559,-0.0032888888888888894,-0.6992222222222223,-0.43764444444444445,-0.002688888888888889,-0.6789000000000001,-0.00013333333333333334,-0.0018222222222222223,-0.4753888888888889,-0.14142222222222223,-0.09077777777777779,-0.07517777777777777,-0.07832222222222222,-0.33253333333333335,-0.4867,-0.06945555555555556,-0.0028666666666666667,-0.5358999999999999,-0.783,-0.696,-0.7874000000000001,-0.22610000000000002,-0.10511111111111111,-0.6330555555555556,-0.0002777777777777778,-0.41082222222222226,-0.3132888888888889,-0.35594444444444445,-0.4347777777777778,-0.002777777777777778,-0.44443333333333335,-0.3405111111111111,-0.33826666666666666,-0.09555555555555556,-0.0006222222222222223,-0.002,-0.002188888888888889,-0.0013444444444444445,-0.002455555555555556,-0.13979999999999998,-0.6922666666666666,-0.12426666666666666,-0.3869444444444445,-0.09988888888888889,-0.0528,-0.0007888888888888889,-0.059544444444444435,-0.2627777777777778,-0.0007111111111111113,-0.0001666666666666667,-0.13266666666666668,-0.00018888888888888888,-0.05255555555555556,-0.4013333333333334,-0.00012222222222222224,-0.001,-0.049600000000000005,-4.444444444444445e-05,-0.0005555555555555556,-0.0516
2024-06-26,-0.17994444444444443,-0.36506666666666665,-0.002977777777777778,-0.4961333333333333,-0.0028222222222222225,-0.14233333333333334,-0.0024000000000000002,-0.3996,-0.03798888888888889,-0.644,-0.0023222222222222225,-0.22386666666666669,-0.3188888888888889,-0.1036,-0.37164444444444444,-0.002266666666666667,-0.3519111111111111,-0.03214444444444445,-0.002688888888888889,-0.0011666666666666668,-0.002677777777777778,-0.0025,-0.0023,-0.0016333333333333334,-0.22094444444444444,-0.5286666666666666,-0.4144,-0.20884444444444444,-0.0006333333333333334,-0.04495555555555556,-0.0013333333333333335,-0.003011111111111111,-0.002844444444444445,-0.0031111111111111114,-0.06577777777777778,-0.05097777777777778,-0.0019222222222222223,-0.11017777777777778,-0.10275555555555557,-0.0027222222222222222,-0.0019444444444444446,-0.0028333333333333335,-0.0017000000000000001,-0.44123333333333337,-0.003,-0.07305555555555555,-0.0014444444444444446,-0.0032,-0.0017444444444444445,-0.5978,-0.002955555555555556,-0.6332222222222222,-0.13603333333333334,-0.001977777777777778,-0.0006222222222222223,-0.0003222222222222222,-0.0015666666666666667,-0.002,-0.0031666666666666666,-0.0007888888888888889,-0.0029000000000000002,-0.0033,-0.0032888888888888894,-0.6416666666666667,-0.7685444444444445,-0.003255555555555556,-0.22073333333333334,-0.5621,-0.0026333333333333334,-0.02247777777777778,-0.0029333333333333334,-0.00036666666666666667,-0.0019111111111111113,-0.0026000000000000003,-0.0023111111111111114,-0.0029444444444444444,-0.26693333333333336,-0.001988888888888889,-0.7674333333333334,-0.3864,-0.37006666666666665,-0.0028111111111111114,-0.003022222222222222,-0.002188888888888889,-0.0032444444444444448,-0.20555555555555557,-0.4620888888888889,-0.0030555555555555557,-0.001511111111111111,-0.43733333333333335,-0.002477777777777778,-0.0013555555555555556,-0.001688888888888889,-0.003188888888888889,-0.6628333333333333,-0.0021555555555555555,-0.0032222222222222222,-0.0026555555555555555,-0.23515555555555556,-0.0018666666666666669,-0.006133333333333334,-0.16266666666666665,-0.0004,-0.0028777777777777777,-0.2664,-0.0020777777777777778,-0.002966666666666667,-0.0030333333333333336,-0.0031000000000000003,-0.003177777777777778,-0.0006111111111111111,-0.0024222222222222223,-0.002588888888888889,-0.20853333333333332,-0.0016666666666666668,-0.0026444444444444445,-0.12135555555555556,-0.06833333333333334,-0.26968888888888887,-0.12063333333333334,-0.1925,-0.029222222222222222,-0.10523333333333333,-0.26436666666666664,-0.328,-0.0023444444444444446,-0.24725555555555556,-0.1123888888888889,-0.0011777777777777778,-0.00030000000000000003,-0.19316666666666665,-0.0021000000000000003,-0.42262222222222223,-0.001377777777777778,-0.08386666666666667,-0.002788888888888889,-0.0025222222222222226,-0.4656333333333333,-0.0018444444444444446,-0.5626111111111112,-0.0025666666666666667,-0.0009666666666666667,-0.0024444444444444444,-0.5192888888888889,-0.129,-0.0012000000000000001,-0.1524,-0.0020111111111111115,-0.6164000000000001,-0.15716666666666668,-0.0023555555555555556,-0.20044444444444445,-0.059222222222222225,-0.002577777777777778,-0.001788888888888889,-0.002288888888888889,-0.19133333333333336,-0.00021111111111111113,-0.24196666666666666,-0.08222222222222222,-0.003144444444444445,-0.6309444444444444,-0.25966666666666666,-0.0031555555555555555,-0.21871111111111113,-0.31573333333333337,-0.6724666666666667,-0.21303333333333335,-0.038500000000000006,-0.3288888888888889,-0.5336,-0.002211111111111111,-0.36444444444444446,-0.0015333333333333336,-0.06721111111111111,-0.2252888888888889,-0.21213333333333334,-0.29155555555555557,-0.0026111111111111114,-0.01626666666666667,-0.05733333333333333,-0.29686666666666667,-0.0012000000000000001,-0.15946666666666667,-0.0016555555555555555,-0.001955555555555556,-0.18582222222222222,-0.06248888888888889,-0.08586666666666667,-0.3243666666666667,-0.0017222222222222224,-0.3594333333333333,-0.26422222222222225,-0.0009444444444444445,-0.1748,-0.002166666666666667,-0.4331,-0.002455555555555556,-0.0021111111111111113,-0.10933333333333334,-0.04363333333333333,-0.002388888888888889,-0.27955555555555556,-0.20020000000000002,-0.22035555555555555,-0.15453333333333336,-0.263,-0.21046666666666666,-0.4554666666666667,-0.0006333333333333334,-0.2826333333333333,-0.002177777777777778,-0.0006333333333333334,-0.3211111111111111,-0.15293333333333334,-0.18706666666666666,-0.30184444444444447,-0.001088888888888889,-0.003277777777777778,-0.0010111111111111113,-0.12576666666666667,-0.3532222222222222,-0.164,-0.008133333333333334,-0.5210333333333333,-0.0021222222222222224,-0.25324444444444444,-0.2483111111111111,-0.06306666666666666,-0.5009333333333333,-0.08726666666666666,-0.11806666666666667,-0.0014666666666666667,-1.1111111111111113e-05,-0.002988888888888889,-3.3333333333333335e-05,-0.31267777777777783,-0.5493777777777779,-0.0016444444444444447,-0.0012777777777777779,-0.10442222222222222,-0.30360000000000004,-0.1412888888888889,-0.16656666666666667,-0.09373333333333334,-0.0205,-0.0022444444444444447,-0.0011222222222222224,-0.036444444444444446,-0.0022,-0.0026222222222222224,-0.0018111111111111112,-0.002766666666666667,-0.00013333333333333334,-0.23220000000000002,-0.0020666666666666667,-0.001877777777777778,-0.3003,-0.3596444444444445,-0.41400000000000003,-0.46561111111111114,-0.0013444444444444445,-0.0018555555555555556,-0.2944,-0.0033333333333333335,-0.0488,-0.0020555555555555557,-0.0030444444444444447,-0.041,-0.0019666666666666665,-0.40782222222222225,-0.3721,-0.0793,-0.0004666666666666667,-0.0032111111111111116,-0.0031333333333333335,-0.0015777777777777778,-0.00023333333333333336,-0.3946666666666667,-0.5876666666666667,-0.2924,-0.0154,-0.14805555555555555,-0.5990555555555556,-0.3355,-0.0008222222222222223,-0.0025555555555555557,-0.19404444444444444,-0.003066666666666667,-0.0014555555555555556,-0.0007333333333333333,-5.555555555555556e-05,-0.3621666666666667,-0.16426666666666667,-0.000988888888888889,-0.0025333333333333336,-0.0017555555555555556,-0.003311111111111111,-0.4045333333333333,-0.0019
2024-06-27,-0.4561666666666666,-0.05545555555555555,-0.12474444444444445,-0.19075555555555557,-0.39555555555555555,-0.00968888888888889,-0.07583333333333334,-0.17555555555555552,-0.3935555555555555,-0.7719,-0.10173333333333334,-0.003,-0.2911111111111111,-0.07116666666666667,-0.007733333333333333,-0.1731888888888889,-0.17888888888888888,-0.1925666666666667,-0.07629999999999999,-0.17531111111111108,-0.3451666666666667,-0.03927777777777778,-0.05288888888888889,-0.07894444444444444,-0.2088,-0.705,-0.019677777777777777,-0.14533333333333334,-0.0018444444444444446,-0.3424555555555555,-0.24464444444444444,-0.06176666666666667,-0.028888888888888888,-0.2504444444444444,-0.0015444444444444444,-0.002688888888888889,-0.13564444444444446,-0.035777777777777776,-0.273,-0.0872,-0.0948888888888889,-0.04161111111111111,-0.0007777777777777778,-0.2216888888888889,-0.05483333333333333,-0.37387777777777775,-0.05211111111111111,-0.6422222222222222,-0.05328888888888889,-0.0806,-0.11384444444444446,-0.7269333333333333,-0.483,-0.006055555555555555,-0.002577777777777778,-0.003188888888888889,-0.11263333333333334,-0.09566666666666666,-0.021466666666666665,-0.051722222222222225,-0.021388888888888888,-0.08444444444444445,-0.09999999999999999,-0.9145,-0.17980000000000002,-0.3466666666666667,-0.06649999999999999,-0.14388888888888887,-0.09446666666666667,-0.08764444444444444,-0.0436,-0.002844444444444445,-0.27855555555555556,-0.027855555555555554,-0.008166666666666668,-0.27007777777777775,-0.08586666666666666,-0.0035,-0.5766,-0.435,-0.4382777777777777,-0.10536666666666666,-0.07266666666666667,-0.01438888888888889,-0.13777777777777778,-0.15986666666666668,-0.25111111111111106,-0.10538888888888889,-0.002377777777777778,-0.14048888888888889,-0.012833333333333334,-0.04861111111111111,-0.07155555555555555,-0.2733333333333333,-0.9,-0.009722222222222222,-0.30216666666666664,-0.021777777777777778,-0.3245777777777778,-0.06844444444444445,-0.43564444444444445,-0.34525555555555554,-0.0015333333333333336,-0.005833333333333334,-0.46332222222222214,-0.018277777777777778,-0.03188888888888889,-0.10554444444444443,-0.08598888888888889,-0.6355555555555555,-0.0007111111111111113,-0.2866666666666666,-0.03422222222222222,-0.6944,-0.05755555555555556,-0.1962,-0.5599999999999999,-0.5026777777777778,-0.5954666666666667,-0.38461111111111107,-0.2494888888888889,-0.5044444444444445,-0.4911111111111111,-0.6664,-0.6160888888888888,-0.27734444444444445,-0.47430000000000005,-0.742,-0.0875,-0.0002,-0.5205666666666666,-0.07816666666666668,-0.1308,-0.026055555555555554,-0.0017111111111111112,-0.22718888888888888,-0.7335999999999999,-0.21555555555555553,-0.10811111111111112,-0.6169,-0.4622222222222222,-0.3027777777777778,-0.15555555555555556,-0.031,-0.3311111111111111,-0.04044444444444445,-0.09333333333333334,-0.26888888888888884,-0.0837,-0.0005777777777777779,-0.10294444444444445,-0.32557777777777774,-0.04588888888888889,-0.22666666666666668,-0.0016666666666666668,-0.1015,-0.07466666666666667,-0.0018666666666666669,-0.3810333333333333,-0.0016777777777777778,-0.2301111111111111,-0.7395888888888889,-0.4719555555555555,-0.2943,-0.18962222222222222,-0.0654,-0.5797,-0.7532,-0.011666666666666667,-0.03512222222222222,-0.5921000000000001,-0.06766666666666667,-0.21111111111111108,-0.045500000000000006,-0.4525888888888889,-0.24666666666666665,-0.21194444444444446,-0.42933333333333334,-0.06416666666666668,-0.0017555555555555556,-0.5777777777777777,-0.32199999999999995,-0.0012777777777777779,-0.7364,-0.06961111111111111,-0.17682222222222224,-0.3233666666666667,-0.11355555555555556,-0.6212444444444445,-0.9176000000000001,-0.08205555555555556,-0.555,-0.41859999999999997,-0.10033333333333333,-0.9269000000000001,-0.029944444444444444,-0.5104,-0.052500000000000005,-0.08633333333333333,-0.36493333333333333,-0.0007333333333333333,-0.5511111111111111,-0.4382222222222222,-0.09605555555555556,-0.05571111111111111,-0.45437777777777777,-0.899,-0.5464888888888889,-0.35241111111111106,-0.044333333333333336,-0.0029333333333333334,-0.3237888888888889,-0.0005888888888888889,-0.8246000000000001,-0.35062222222222217,-0.3363111111111111,-0.8432,-0.04977777777777778,-0.23199999999999998,-0.0021000000000000003,-0.45555555555555555,-0.8680000000000001,-0.09204444444444446,-0.003066666666666667,-0.6820333333333334,-0.04965555555555556,-0.20225555555555555,-0.2737111111111111,-0.22,-0.8928,-0.002388888888888889,-0.5062555555555556,-0.049,-6.666666666666667e-05,-0.08356666666666668,-0.0007222222222222223,-0.9238,-0.699,-0.08166666666666667,-0.0015555555555555557,-0.3470444444444444,-0.1410111111111111,-0.8460666666666666,-0.788511111111111,-0.11394444444444445,-0.0026222222222222224,-0.029166666666666667,-0.002388888888888889,-0.03111111111111111,-0.00021111111111111113,-0.015555555555555555,-0.06222222222222222,-0.035777777777777776,-0.0016,-0.2835555555555555,-0.04744444444444445,-0.11044444444444444,-0.03777777777777777,-0.8463,-0.4650000000000001,-0.8587,-0.08866666666666667,-0.04822222222222222,-0.8370000000000001,-0.33511111111111114,-0.1320111111111111,-0.03461111111111111,-0.06906666666666667,-0.2603888888888889,-0.022166666666666668,-0.12040000000000001,-0.5795999999999999,-0.10694444444444444,-0.0019111111111111113,-0.06976666666666666,-0.13555555555555554,-0.0008111111111111112,-0.00015555555555555556,-0.2719111111111111,-0.7656,-0.37893333333333334,-0.35777777777777775,-0.3622222222222222,-0.7223222222222222,-0.2808555555555555,-0.03227777777777778,-0.05522222222222222,-0.06883333333333333,-0.24746666666666667,-0.006222222222222223,-0.001788888888888889,-0.0003888888888888889,-0.2652333333333333,-0.08248888888888889,-0.010888888888888889,-0.08235555555555556,-0.0027222222222222222,-0.20952222222222222,-0.026644444444444446,-0.05327777777777778
2024-06-28,-0.43285555555555555,-0.0011555555555555557,-0.4035777777777778,-0.1063111111111111,-0.5008888888888888,-0.0027222222222222222,-0.04938888888888889,-0.23102222222222218,-0.0024444444444444444,-0.7505666666666667,-0.0015555555555555557,-0.002755555555555556,-0.001488888888888889,-0.05362222222222223,-0.00012222222222222224,-0.27234444444444444,-0.0025333333333333336,-0.0013444444444444445,-0.0007,-0.0006444444444444444,-0.5422777777777779,-0.0026111111111111114,-0.003255555555555556,-0.09877777777777778,-0.0009666666666666667,-0.5874,-0.002577777777777778,-0.11853333333333335,-0.0017555555555555556,-0.3071,-0.18155555555555558,-0.35983333333333334,-0.00018888888888888888,-0.34854444444444443,-0.002455555555555556,-0.0019222222222222223,-0.002677777777777778,-0.0013666666666666666,-0.35777777777777775,-0.06067777777777778,-0.4753888888888889,-0.0028,-0.0010555555555555557,-0.001877777777777778,-0.1622777777777778,-0.2436666666666667,-0.0031111111111111114,-0.3452222222222222,-0.001888888888888889,-0.2545333333333333,-0.2822222222222222,-0.8835555555555555,-0.6877888888888888,-0.0007888888888888889,-0.0005,-0.2892777777777778,-0.002288888888888889,-0.27093333333333336,-0.06208888888888889,-0.0020444444444444442,-0.00037777777777777777,-0.05494444444444444,-0.07166666666666667,-0.7591111111111112,-0.21656666666666669,-0.2903111111111111,-0.0021222222222222224,-0.22860000000000003,-0.0012222222222222222,-0.002688888888888889,-0.0011,-0.2949222222222222,-0.08382222222222221,-0.0006222222222222223,-0.0013111111111111112,-0.5969777777777777,-0.003022222222222222,-0.0010666666666666667,-0.49840000000000007,-0.8233333333333334,-0.03344444444444444,-0.0008,-0.005644444444444445,-1.1111111111111113e-05,-0.18399999999999997,-0.0022444444444444447,-0.2514666666666666,-0.4150222222222222,-0.0002444444444444445,-0.2935111111111111,-0.0011111111111111111,-0.0010333333333333334,-0.3175,-0.4682222222222222,-0.8275555555555556,-0.0013666666666666666,-0.07644444444444445,-0.0024111111111111113,-0.2111888888888889,-0.34290000000000004,-0.050888888888888886,-0.04906666666666666,-7.777777777777778e-05,-0.0017444444444444445,-0.14957777777777778,-8.88888888888889e-05,-0.06914444444444444,-0.11006666666666667,-0.06773333333333334,-0.0166,-0.0003111111111111111,-0.09454444444444444,-0.0010111111111111113,-0.42000000000000004,-0.0020333333333333336,-0.36799999999999994,-0.8023333333333333,-0.49393333333333334,-0.47955555555555557,-0.6844555555555555,-0.29209999999999997,-0.7515222222222222,-0.6004888888888888,-0.7466666666666667,-0.5633333333333334,-0.12135555555555556,-0.676,-0.37333333333333335,-0.18195555555555556,-0.0002777777777777778,-0.8151111111111111,-0.09172222222222223,-0.0016222222222222224,-0.0026555555555555555,-0.0017000000000000001,-0.30056666666666665,-0.5257777777777778,-0.13084444444444443,-0.7142777777777778,-0.2715555555555556,-0.41063333333333335,-0.32314444444444446,-0.001477777777777778,-0.003066666666666667,-0.0023444444444444446,-0.0003444444444444445,-0.00021111111111111113,-0.0018222222222222223,-0.40116666666666667,-0.0025666666666666667,-0.003188888888888889,-0.38664444444444446,-0.0019,-0.06746666666666666,-0.00043333333333333337,-0.23715555555555554,-0.6361111111111111,-0.0016333333333333334,-0.1574222222222222,-0.002188888888888889,-0.12266666666666666,-0.5895333333333334,-0.21872222222222223,-0.025444444444444443,-0.2032,-0.11994444444444444,-0.5008888888888888,-0.7155555555555556,-0.001688888888888889,-0.0006111111111111111,-0.40940000000000004,-0.0031333333333333335,-0.0005555555555555556,-0.003277777777777778,-0.7073555555555555,-0.0024333333333333334,-0.04092222222222222,-0.09608888888888889,-0.0381,-0.0032888888888888894,-0.7060666666666667,-0.34161111111111114,-0.0031000000000000003,-0.4479666666666666,-0.2949222222222222,-0.059266666666666676,-0.5607,-0.5026666666666666,-0.7446333333333334,-0.8431111111111111,-0.00041111111111111117,-0.7535333333333334,-0.06615555555555555,-0.4952333333333333,-0.7746666666666666,-0.0004,-0.2682111111111111,-0.08043333333333333,-0.018399999999999996,-0.0029333333333333334,-0.0006777777777777778,-0.5045555555555555,-0.645,-0.37112222222222224,-0.00044444444444444447,-0.5251,-0.5133333333333334,-0.5114333333333333,-0.0008777777777777778,-0.0026333333333333334,-0.32878888888888885,-0.11571111111111111,-0.0017333333333333335,-0.5537777777777778,-0.0014333333333333333,-0.2610555555555556,-0.5195555555555555,-0.0014555555555555556,-0.1935,-0.0006555555555555556,-0.30762222222222224,-0.4262222222222222,-0.0032,-0.1651,-0.27113333333333334,-0.0007555555555555555,-0.3160888888888889,-0.28417777777777775,-0.27375555555555553,-0.5817777777777777,-0.002388888888888889,-0.6169666666666666,-0.0008888888888888889,-0.001188888888888889,-0.3019777777777778,-0.0019111111111111113,-0.8555555555555555,-0.8722,-0.006133333333333333,-0.0024000000000000002,-0.002888888888888889,-0.3612444444444445,-0.7138,-0.38266666666666665,-0.44203333333333333,-0.6092444444444444,-0.0006000000000000001,-0.0023555555555555556,-0.0030333333333333336,-0.001511111111111111,-0.0017111111111111112,-0.00023333333333333336,-0.0013555555555555556,-0.0028555555555555556,-0.5744888888888888,-0.0001666666666666667,-0.37004444444444445,-0.003077777777777778,-0.38266666666666665,-0.7331666666666666,-0.43866666666666665,-0.41910000000000003,-0.00013333333333333334,-0.4946666666666667,-0.5398888888888889,-0.0013222222222222222,-0.0012444444444444445,-0.17356666666666665,-0.14106666666666667,-0.000977777777777778,-0.026577777777777777,-0.3027333333333333,-0.040711111111111115,-0.0017777777777777779,-0.13493333333333332,-0.21057777777777775,-0.0002,-0.0008333333333333334,-0.1063111111111111,-0.7090333333333333,-0.0032111111111111116,-0.5336,-0.1524,-0.7414666666666666,-0.20884444444444444,-0.0008222222222222223,-0.0011666666666666668,-0.06491111111111111,-0.0028222222222222225,-0.0020888888888888893,-0.0033333333333333335,-0.0010777777777777778,-0.0016666666666666668,-0.000688888888888889,-0.0012111111111111112,-0.0014666666666666667,-0.001955555555555556,-0.007055555555555555,-0.0005666666666666667,-0.002266666666666667
2024-07-01,-0.5561333333333333,-0.0032888888888888894,-0.33488888888888885,-0.003177777777777778,-0.34955555555555556,-0.1988888888888889,-0.0012111111111111112,-0.001877777777777778,-0.13072222222222224,-0.014166666666666666,-0.6402,-0.21777777777777776,-0.4027777777777778,-0.0012444444444444445,-0.00044444444444444447,-0.31908888888888887,-0.31355555555555553,-0.0007333333333333333,-0.0023666666666666667,-0.0028111111111111114,-0.3055555555555555,-0.019999999999999997,-0.4074,-0.0013555555555555556,-0.0031333333333333335,-0.22383333333333333,-0.30127777777777776,-0.11333333333333334,-0.29,-0.5798444444444444,-0.0021111111111111113,-0.3499333333333333,-0.002266666666666667,-0.5367333333333333,-0.3088888888888889,-0.4704444444444445,-0.6057111111111111,-0.0033222222222222225,-0.5673555555555556,-0.0014222222222222225,-0.36338888888888893,-0.15124444444444443,-0.0001,-0.00028888888888888893,-0.23444444444444446,-0.0032,-0.3911111111111111,-0.3836888888888889,-0.13666666666666666,-0.4440444444444444,-0.1885,-0.5525,-0.5451,-0.003311111111111111,-0.0008333333333333334,-0.11956666666666668,-0.07888888888888888,-0.40577777777777774,-0.09555555555555556,-0.06888888888888889,-0.0019,-0.2533333333333333,-0.0025222222222222226,-0.11616666666666665,-0.3641111111111111,-0.19977777777777778,-0.045111111111111116,-0.3873333333333333,-0.0020444444444444442,-0.577188888888889,-0.0004777777777777778,-0.5518222222222222,-0.0016,-0.0021333333333333334,-0.0005888888888888889,-0.1101888888888889,-0.24715555555555555,-0.00023333333333333336,-0.0632,-0.6828333333333333,-0.0001777777777777778,-0.0018555555555555556,-0.0006222222222222223,-0.0009666666666666667,-0.2175,-0.014444444444444444,-0.29161111111111115,-0.2748222222222222,-0.0015555555555555557,-0.4736666666666667,-0.0012555555555555555,-0.0007,-0.08191111111111112,-0.21124444444444443,-0.4278333333333333,-0.0020222222222222226,-0.10794444444444444,-0.3430666666666667,-0.4832444444444444,-0.01611111111111111,-0.003333333333333333,-0.0002444444444444445,-0.0012333333333333335,-0.001511111111111111,-0.016666666666666666,-0.6869222222222222,-0.00018888888888888888,-0.002211111111111111,-0.0028777777777777777,-0.12066666666666669,-0.0032222222222222222,-0.0019666666666666665,-0.0009000000000000001,-0.3844666666666667,-0.28194444444444444,-0.5486000000000001,-0.5893333333333334,-0.32587777777777777,-0.4306666666666667,-0.4448333333333333,-0.5744444444444444,-0.8188333333333333,-0.6913333333333334,-0.561,-0.2738666666666667,-0.11,-0.221,-0.3318,-0.27999999999999997,-0.003277777777777778,-0.17283333333333334,-0.0011666666666666668,-0.003066666666666667,-0.14882222222222224,-0.12,-0.20803333333333332,-0.47600000000000003,-0.049999999999999996,-0.5128333333333334,-0.582,-0.004888888888888889,-0.5389777777777778,-0.07999999999999999,-0.5439111111111111,-0.07328888888888888,-0.0006333333333333334,-0.002588888888888889,-0.0025555555555555557,-0.5817777777777777,-0.2544444444444444,-0.3190222222222222,-0.18133333333333335,-0.42533333333333334,-0.001288888888888889,-0.00041111111111111117,-0.00012222222222222224,-0.3593333333333333,-0.28555555555555556,-0.02222222222222222,-0.21266666666666667,-0.07777777777777778,-0.16716666666666666,-0.05111111111111111,-0.03,-0.0064444444444444445,-0.3233333333333333,-0.19266666666666665,-0.7224999999999999,-0.10777777777777776,-0.001,-0.07333333333333333,-0.03821111111111112,-0.0025666666666666667,-0.24133333333333337,-0.51,-0.4525,-0.0003888888888888889,-0.0013111111111111112,-0.0010666666666666667,-0.021066666666666668,-0.6885,-0.25541111111111114,-0.13464444444444446,-0.6318333333333332,-0.6259666666666667,-0.001,-0.4646666666666666,-0.7536666666666667,-0.7905,-0.32583333333333336,-0.0012222222222222222,-0.5468333333333333,-0.0004,-0.37683333333333335,-0.09066666666666667,-0.0012666666666666668,-0.2177111111111111,-0.001788888888888889,-0.0006444444444444444,-0.5898666666666668,-0.0024333333333333334,-0.13693333333333335,-0.255,-0.48266666666666674,-0.0033333333333333335,-0.37393333333333334,-0.36833333333333335,-0.45955555555555555,-0.002466666666666667,-0.31666666666666665,-0.29483333333333334,-0.001,-0.17666666666666667,-0.6176666666666667,-0.1433333333333333,-0.4371333333333334,-0.4335,-0.0030333333333333336,-0.145,-0.0008444444444444445,-0.396,-0.6478,-0.7294333333333334,-0.3011111111111111,-0.43757777777777773,-0.003144444444444445,-0.5182222222222221,-0.23888888888888887,-0.09777777777777777,-0.30033333333333334,-0.4092222222222222,-0.612,-0.0017111111111111112,-0.0005444444444444445,-0.12726666666666667,-0.3055555555555555,-0.15583333333333332,-0.5723333333333334,-0.0015333333333333336,-0.27888888888888885,-0.5921666666666666,-0.6293666666666666,-0.49866666666666665,-0.4371333333333334,-0.7706666666666666,-0.5411666666666667,-0.0006000000000000001,-0.4815555555555555,-0.6697777777777777,-0.20555555555555555,-0.002455555555555556,-0.0021555555555555555,-0.0011444444444444445,-0.45111111111111113,-0.5293000000000001,-0.0016666666666666668,-0.3688888888888889,-0.38622222222222213,-0.6504333333333334,-0.7451666666666666,-0.48733333333333334,-0.136,-0.00036666666666666667,-0.5808333333333333,-0.19184444444444446,-0.0009333333333333334,-0.0003222222222222222,-0.06766666666666668,-0.0011111111111111111,-0.00025555555555555553,-0.0013222222222222222,-0.14202222222222222,-6.666666666666667e-05,-0.10555555555555554,-0.1811111111111111,-0.0024111111111111113,-7.777777777777778e-05,-0.002888888888888889,-0.0014555555555555556,-0.11586666666666667,-0.5768888888888888,-0.16088888888888891,-0.05555555555555555,-0.07083333333333333,-0.17333333333333334,-0.002755555555555556,-0.0013444444444444445,-0.002377777777777778,-1.1111111111111113e-05,-0.11888888888888889,-0.6942222222222222,-0.0027222222222222222,-0.42694444444444446,-0.00015555555555555556,-0.034444444444444444,-0.0009222222222222223,-0.15666666666666665,-0.013333333333333332,-0.0018333333333333335,-0.07193333333333334
2024-07-02,-0.6363333333333333,-0.1875333333333333,-0.23279999999999998,-0.3284333333333333,-0.14909999999999998,-0.07113333333333333,-0.1474666666666667,-0.28502222222222223,-0.07528888888888889,-0.0016,-0.03066666666666667,-0.0031666666666666666,-0.33411111111111114,-0.0028333333333333335,-0.003088888888888889,-0.47396666666666665,-0.3924,-0.0011,-0.16044444444444445,-0.1216,-0.4425666666666666,-2.2222222222222227e-05,-0.3500666666666667,-0.13875555555555555,-0.010777777777777777,-0.19831111111111108,-0.15519999999999998,-0.18355555555555556,-0.23926666666666666,-0.4063333333333334,-0.3114,-0.09720000000000001,-0.04791111111111111,-0.3717,-0.117,-0.22848888888888888,-0.6414444444444445,-0.27216666666666667,-0.5750000000000001,-0.03546666666666667,-0.6186444444444444,-0.13847777777777778,-0.09499999999999999,-0.0018444444444444446,-0.24065555555555557,-0.6695555555555556,-0.3905,-0.5927777777777777,-0.2459444444444444,-0.2866888888888889,-0.16133333333333333,-0.1686666666666667,-0.39355555555555555,-0.33626666666666666,-0.0019111111111111113,-0.1815,-0.0016555555555555555,-0.09540000000000001,-0.19105555555555556,-0.031733333333333336,-0.0112,-0.1456,-0.0832,-0.32966666666666666,-0.16566666666666666,-0.2565,-0.0012666666666666668,-0.07866666666666666,-0.24872222222222223,-0.058777777777777776,-0.002211111111111111,-0.2427777777777778,-0.04417777777777778,-0.08524444444444444,-0.0009555555555555556,-0.2163333333333333,-0.12420000000000002,-0.001511111111111111,-0.058199999999999995,-0.6286666666666667,-0.0012555555555555555,-0.09333333333333334,-0.0009111111111111111,-0.03422222222222222,-0.0968,-0.002777777777777778,-0.23206666666666664,-0.0784,-0.00042222222222222227,-0.45036666666666664,-0.0003555555555555556,-0.0002666666666666667,-0.03588888888888889,-0.1332,-0.07922222222222222,-0.045422222222222225,-0.2227222222222222,-0.128,-0.19933333333333336,-0.0013222222222222222,-0.0001666666666666667,-0.0029000000000000002,-0.0037333333333333337,-0.13933333333333334,-0.0024000000000000002,-0.0852,-0.00022222222222222223,-0.08066666666666666,-0.06122222222222222,-0.07528888888888889,-0.027444444444444445,-0.2491111111111111,-0.0018111111111111112,-0.759,-0.43200000000000005,-0.37822222222222224,-0.5903333333333334,-0.5733777777777778,-0.6925555555555556,-0.7053333333333334,-0.7615555555555555,-0.644,-0.6823333333333333,-0.5877777777777778,-0.5561666666666666,-0.13502222222222224,-0.007866666666666666,-0.7283333333333334,-0.1836,-0.037644444444444446,-0.6153333333333333,-0.2258888888888889,-0.28319999999999995,-0.208,-0.15305555555555556,-0.13148888888888888,-0.36544444444444446,-0.08586666666666667,-0.48811111111111116,-0.025555555555555557,-0.1393777777777778,-0.506,-0.0017555555555555556,-0.5647777777777778,-0.018822222222222223,-0.0006555555555555556,-0.05164444444444445,-0.36213333333333336,-0.08756666666666667,-0.17306666666666665,-0.2651333333333333,-0.23040000000000002,-0.020444444444444446,-0.14186666666666667,-0.0005222222222222223,-0.0009444444444444445,-0.46344444444444444,-0.432,-0.18604444444444446,-0.3492,-0.08835555555555556,-0.12193333333333332,-0.1736,-0.1841777777777778,-0.0027222222222222222,-0.4302,-0.2201,-0.7411111111111112,-0.006844444444444445,-0.0010444444444444446,-0.1761222222222222,-0.25006666666666666,-0.13194444444444445,-0.4051333333333333,-0.5980000000000001,-0.4804444444444445,-0.0028777777777777777,-0.001877777777777778,-0.02426666666666667,-0.038988888888888885,-0.7078888888888889,-0.3186,-0.1694,-0.529,-0.5183,-0.0016222222222222224,-0.6235555555555556,-0.6184444444444445,-0.7462222222222223,-0.6673999999999999,-0.002466666666666667,-0.5111111111111111,-0.001788888888888889,-0.6082222222222222,-0.49699999999999994,-0.0013000000000000002,-0.1652,-0.08648888888888889,-0.0016,-0.6465555555555557,-0.010577777777777778,-0.3312,-0.0213,-0.1888,-0.07666666666666667,-0.6593333333333333,-0.6746666666666667,-0.5008888888888889,-0.1615,-0.24603333333333333,-0.4368,-0.0022444444444444447,-0.20583333333333334,-0.7155555555555556,-0.17484444444444444,-0.5775555555555556,-0.6874444444444444,-0.5148,-0.2366222222222222,-0.0022444444444444447,-0.46511111111111114,-0.7436666666666667,-0.28622222222222227,-0.3216,-0.44466666666666665,-0.09142222222222221,-0.5162222222222222,-0.288,-0.04644444444444444,-0.6925555555555556,-0.27157777777777775,-0.5928888888888889,-0.08773333333333333,-0.12877777777777777,-0.18015555555555554,-0.1882222222222222,-0.6011333333333333,-0.6312222222222222,-0.1088888888888889,-0.42879999999999996,-0.3858888888888889,-0.04855555555555556,-0.7002222222222223,-0.7385555555555556,-0.6542222222222223,-0.6567777777777778,-0.0003888888888888889,-0.43444444444444447,-0.10733333333333335,-0.026388888888888885,-0.13405555555555554,-0.1064,-0.07715555555555556,-0.45676666666666665,-0.2734444444444445,-0.1368888888888889,-0.4608,-0.5345777777777777,-0.7257777777777779,-0.6772222222222223,-0.7232222222222223,-0.4496666666666666,-0.0023111111111111114,-0.7513333333333334,-0.18180000000000002,-0.0005111111111111111,-0.0016333333333333334,-0.0009000000000000001,-0.0023222222222222225,-0.00023333333333333336,-0.0033333333333333335,-0.2396111111111111,-0.001288888888888889,-0.0008333333333333334,-0.06471111111111112,-0.12639999999999998,-0.00014444444444444446,-0.05277777777777777,-0.06782222222222223,-0.013766666666666667,-0.25555555555555554,-0.09007777777777777,-0.0023666666666666667,-0.2065,-0.047499999999999994,-0.026755555555555557,-0.0029222222222222223,-0.02551111111111111,-0.0002444444444444445,-0.1024,-0.22744444444444448,-0.16572222222222222,-0.0256,-0.001088888888888889,-0.0018222222222222223,-0.2648555555555555,-0.20266666666666666,-0.003255555555555556,-0.02986666666666667,-0.09955555555555556
2024-07-03,-0.2728,-0.42350000000000004,-0.35402222222222224,-0.6175666666666667,-0.5588777777777778,-0.011733333333333333,-0.15516666666666665,-0.2823333333333333,-0.001988888888888889,-0.00015555555555555556,-0.08049999999999999,-0.0005333333333333334,-0.1219,-0.10523333333333332,-0.032799999999999996,-0.28500000000000003,-0.5497,-0.001688888888888889,-0.20044444444444445,-0.03617777777777778,-0.5623888888888889,-7.777777777777778e-05,-0.08701111111111111,-0.0009111111111111111,-0.0001777777777777778,-0.23283333333333336,-0.13493333333333335,-0.28650000000000003,-0.48528888888888894,-0.46459999999999996,-0.19406666666666667,-0.15026666666666666,-0.0009444444444444445,-0.368,-0.021877777777777777,-0.012733333333333334,-0.6172444444444445,-0.6600999999999999,-0.1295111111111111,-0.0005555555555555556,-0.7798222222222222,-0.0697,-0.0049,-0.0030333333333333336,-0.2548,-0.05235555555555556,-0.0125,-0.48,-0.33,-0.06966666666666668,-0.09191111111111112,-0.5525,-0.057499999999999996,-0.29923333333333335,-0.0014222222222222225,-0.27084444444444444,-0.0006111111111111111,-0.31706666666666666,-0.09703333333333333,-0.0020888888888888893,-0.0008,-0.48346666666666666,-0.264,-0.299,-0.2629666666666666,-0.41567777777777776,-0.0016,-0.16231111111111113,-0.16986666666666667,-0.1252111111111111,-0.0032,-0.4048,-0.0023444444444444446,-0.23955555555555555,-0.001888888888888889,-0.27376666666666666,-0.12319999999999999,-0.0015444444444444444,-0.19292222222222222,-0.5593777777777778,-0.08897777777777778,-0.0026111111111111114,-0.0001666666666666667,-0.0018111111111111112,-0.16328888888888887,-0.23075555555555555,-0.14373333333333332,-0.2600888888888889,-0.000688888888888889,-0.30772222222222223,-0.003011111111111111,-0.0021222222222222224,-0.0011333333333333334,-0.18039999999999998,-0.5496555555555556,-0.0021555555555555555,-0.03911111111111111,-0.034166666666666665,-0.3275,-0.00014444444444444446,-0.001188888888888889,-0.27573333333333333,-0.0002444444444444445,-0.2571555555555556,-0.0009000000000000001,-0.1587,-0.0028222222222222225,-0.00023333333333333336,-0.13004444444444446,-0.0861,-0.055733333333333336,-0.5096666666666667,-0.0017444444444444445,-0.496,-0.6738999999999999,-0.44999999999999996,-0.4464,-0.44999999999999996,-0.42160000000000003,-0.6558222222222222,-0.46293333333333336,-0.6971555555555556,-0.6420444444444444,-0.40782222222222225,-0.6227555555555555,-0.36626666666666663,-0.20826666666666666,-0.12675555555555554,-0.11733333333333335,-0.35669999999999996,-0.6861333333333333,-0.0022333333333333337,-0.18883333333333335,-0.15306666666666666,-0.002188888888888889,-0.2631555555555556,-0.3565,-0.0003555555555555556,-0.13,-0.20416666666666666,-0.27247777777777776,-0.35,-0.0023111111111111114,-0.7357333333333334,-0.001877777777777778,-0.003277777777777778,-0.0022,-0.2567888888888889,-0.33646666666666664,-0.34606666666666663,-0.11183333333333334,-0.26376666666666665,-0.0006000000000000001,-0.16673333333333332,-0.0003333333333333334,-0.0033222222222222225,-0.2438,-0.619688888888889,-0.4347,-0.13126666666666667,-0.0012777777777777779,-0.4072666666666666,-0.7412444444444444,-0.0025,-0.10657777777777779,-0.6761999999999999,-0.0716,-0.5483555555555556,-0.0003222222222222222,-0.0008888888888888889,-0.0006222222222222223,-0.3103333333333333,-0.2698666666666667,-0.22076666666666667,-0.62,-0.33999999999999997,-0.0176,-0.0023555555555555556,-0.0013666666666666666,-0.00022222222222222223,-0.6448,-0.32666666666666666,-0.15448888888888887,-0.35750000000000004,-0.4381333333333334,-0.0025222222222222226,-0.41333333333333333,-0.36924444444444443,-0.23146666666666668,-0.7688,-0.002844444444444445,-0.2369777777777778,-0.003022222222222222,-0.6337777777777778,-0.2668,-0.002755555555555556,-0.0012555555555555555,-0.17111111111111113,-0.0019666666666666665,-0.2976,-0.0008222222222222223,-0.451,-0.002666666666666667,-0.47300000000000003,-0.5157,-0.1791111111111111,-0.32515555555555553,-0.4275,-0.2024,-0.0533,-0.12124444444444445,-0.21706666666666666,-0.24599999999999997,-0.2700444444444444,-0.5621333333333334,-0.7026666666666667,-0.41608888888888884,-0.625,-0.16263333333333332,-0.0025444444444444447,-0.44999999999999996,-0.18737777777777775,-0.0825,-0.5133333333333334,-0.0775,-0.06844444444444445,-0.40506666666666663,-0.26786666666666664,-0.0006444444444444444,-0.23973333333333333,-0.40343333333333337,-0.6640888888888888,-0.002,-0.07700000000000001,-0.06696666666666666,-0.012299999999999998,-0.6144888888888889,-0.7219555555555556,-0.08702222222222222,-0.01697777777777778,-0.43000000000000005,-0.07023333333333334,-0.4546666666666667,-0.6062222222222222,-0.124,-0.3031111111111111,-0.0003111111111111111,-0.23249999999999998,-0.03607777777777778,-0.0007444444444444445,-0.2121777777777778,-0.16915555555555556,-0.0033333333333333335,-0.22999999999999998,-0.54,-0.19066666666666668,-0.20942222222222223,-0.011022222222222223,-0.26453333333333334,-0.28933333333333333,-0.20666666666666667,-0.27599999999999997,-0.002388888888888889,-0.0744,-0.098,-0.0009222222222222223,-0.0030444444444444447,-0.0008666666666666667,-0.0023333333333333335,-0.0029333333333333334,-0.3771999999999999,-0.3996666666666667,-0.00028888888888888893,-0.0026333333333333334,-0.002788888888888889,-0.0031555555555555555,-0.00011111111111111112,-0.20924444444444446,-0.0025333333333333336,-0.0032222222222222222,-0.6425000000000001,-0.2688888888888889,-2.2222222222222227e-05,-0.43556666666666666,-0.0033,-0.0013000000000000002,-0.4246666666666667,-0.001,-0.0011222222222222224,-0.3444,-0.7225,-0.24599999999999997,-0.0016222222222222224,-0.0008777777777777778,-0.0008111111111111112,-0.46549999999999997,-0.3307333333333333,-0.05553333333333333,-0.0016555555555555555,-0.2796444444444445
2024-07-04,-0.4736666666666666,-0.10311111111111111,-0.31266666666666665,-0.1315,-0.18666666666666665,-0.0021111111111111113,-0.1852777777777778,-0.17777777777777776,-0.2343,-0.0023555555555555556,-0.6753777777777777,-0.0032,-0.184,-0.062322222222222216,-0.001788888888888889,-0.38385555555555556,-0.2104,-0.0023,-0.03155555555555555,-0.11123333333333332,-0.47340000000000004,-0.0008111111111111112,-0.2768888888888889,-0.001088888888888889,-0.0013666666666666666,-0.11372222222222224,-0.1065,-0.41533333333333333,-0.14153333333333332,-0.21933333333333332,-0.07494444444444444,-0.0948888888888889,-8.88888888888889e-05,-0.11084444444444445,-0.18223333333333333,-0.002188888888888889,-0.526,-0.1198111111111111,-0.4054444444444445,-0.0014222222222222225,-0.7276333333333334,-0.0006000000000000001,-0.3820555555555556,-0.11627777777777779,-0.035777777777777776,-0.5189555555555555,-0.2074777777777778,-0.5645333333333333,-0.08355555555555556,-0.07666666666666667,-0.001388888888888889,-0.4227555555555555,-0.39951111111111115,-0.1325111111111111,-0.0020888888888888893,-0.18065555555555554,-0.0022333333333333337,-0.19327777777777777,-0.00018888888888888888,-0.10334444444444443,-0.0005555555555555556,-0.2753333333333333,-0.043555555555555556,-0.5018,-0.1686666666666667,-0.11342222222222222,-0.1759222222222222,-0.0023666666666666667,-0.0002666666666666667,-0.6111666666666666,-0.014,-0.3902888888888889,-0.06784444444444444,-0.07155555555555557,-0.00023333333333333336,-0.13333333333333333,-0.3692777777777778,-0.08914444444444444,-0.4088888888888889,-0.6547555555555555,-0.0014111111111111112,-0.04181111111111111,-1.1111111111111113e-05,-0.0017777777777777779,-0.028399999999999998,-0.40742222222222224,-0.023,-0.13066666666666668,-0.0013222222222222222,-0.24254444444444445,-0.2193111111111111,-0.21615555555555555,-0.002888888888888889,-0.11116666666666666,-0.7,-0.0213,-0.0011333333333333334,-0.038655555555555554,-0.2986666666666667,-0.003177777777777778,-0.0010333333333333334,-0.308,-0.0008444444444444445,-0.07466666666666667,-0.003077777777777778,-0.07233333333333333,-0.08756666666666667,-6.666666666666667e-05,-0.030766666666666668,-0.015333333333333334,-0.0017666666666666668,-0.2571555555555556,-0.00021111111111111113,-0.44125555555555557,-0.4324888888888889,-0.28933333333333333,-0.5063333333333333,-0.6676444444444444,-0.5516444444444445,-0.6896444444444444,-0.6575,-0.6633444444444445,-0.8182222222222223,-0.7192000000000001,-0.12273333333333335,-0.19022222222222224,-0.31050000000000005,-0.6805333333333333,-0.1776111111111111,-0.08866666666666667,-0.4938555555555556,-0.048911111111111114,-0.23644444444444446,-0.0021222222222222224,-0.14594444444444446,-0.11151111111111112,-0.03002222222222222,-0.0007555555555555555,-0.5168111111111111,-0.14436666666666667,-0.4674888888888889,-0.5682777777777778,-0.10176666666666666,-0.4529444444444445,-0.07652222222222221,-0.29088888888888886,-0.322,-0.2571111111111111,-0.28622222222222227,-0.13766666666666666,-0.18666666666666665,-0.49955555555555553,-0.0020666666666666667,-0.0008666666666666667,-0.00037777777777777777,-0.06862222222222222,-0.5825777777777777,-0.058444444444444445,-0.40034444444444445,-0.5676222222222223,-0.00028888888888888893,-0.49677777777777776,-0.5698333333333334,-0.00011111111111111112,-0.0012222222222222222,-0.020455555555555557,-0.5262222222222223,-0.6392888888888889,-0.002711111111111111,-0.00014444444444444446,-0.002266666666666667,-0.16355555555555554,-0.014055555555555557,-0.45111111111111113,-0.46171111111111107,-0.4178777777777778,-0.0017111111111111112,-0.09624444444444445,-0.0017333333333333335,-0.0024444444444444444,-0.7451666666666666,-0.3401777777777778,-0.15225555555555556,-0.6276666666666666,-0.5568,-0.049699999999999994,-0.6599111111111111,-0.5436666666666666,-0.7011555555555555,-0.5815222222222223,-0.13999999999999999,-0.5319999999999999,-0.25355555555555553,-0.7217888888888889,-0.2959333333333333,-0.02918888888888889,-0.0011222222222222224,-0.0017444444444444445,-0.0007777777777777778,-0.602,-0.0030555555555555557,-0.14177777777777775,-0.11044444444444444,-0.24033333333333332,-0.06444444444444444,-0.4573333333333333,-0.5696888888888889,-0.357,-0.18666666666666668,-0.2836666666666667,-0.3555555555555555,-0.05333333333333334,-0.14933333333333335,-0.7295111111111111,-0.5289222222222223,-0.5143111111111112,-0.7604444444444444,-0.31852222222222226,-0.04216666666666667,-0.17733333333333334,-0.45111111111111113,-0.7320888888888889,-0.2683333333333333,-0.5376888888888889,-0.11517777777777778,-0.0014,-0.6083555555555555,-0.1696111111111111,-0.0011,-0.696,-0.3500666666666667,-0.43833333333333335,-0.09545555555555556,-0.4173111111111112,-0.0008555555555555556,-0.0013000000000000002,-0.5610666666666667,-0.5055444444444445,-0.001688888888888889,-0.38077777777777777,-0.34299999999999997,-0.0019,-0.48719999999999997,-0.7510111111111112,-0.40599999999999997,-0.6908444444444444,-0.0007222222222222223,-0.4526666666666666,-0.5226666666666666,-0.002777777777777778,-0.10861111111111112,-0.04855555555555556,-0.20163333333333336,-0.5162,-0.6107444444444444,-0.040233333333333336,-0.6083555555555555,-0.3398888888888889,-0.7269333333333333,-0.6470222222222222,-0.7037333333333333,-0.5425444444444445,-0.0002444444444444445,-0.6985777777777777,-0.03705555555555556,-0.003066666666666667,-0.05601111111111111,-0.0012444444444444445,-0.29644444444444445,-0.0023666666666666667,-0.5060888888888888,-0.32633333333333336,-0.001288888888888889,-0.21063333333333334,-0.13174444444444444,-0.17584444444444444,-0.0009000000000000001,-0.0031111111111111114,-0.05837777777777778,-0.3655555555555556,-0.6078222222222223,-0.006222222222222223,-0.0032444444444444448,-0.4667555555555556,-0.23159999999999997,-0.0018444444444444446,-0.02966666666666667,-0.0011777777777777778,-0.0001777777777777778,-0.21155555555555555,-0.6836666666666666,-0.2524444444444444,-0.08204444444444445,-0.0016555555555555555,-5.555555555555556e-05,-0.5755333333333333,-0.11377777777777778,-0.036288888888888884,-0.02761111111111111,-0.4373333333333333
2024-07-05,-0.015,-0.11193333333333334,-0.39433333333333337,-0.2594666666666667,-0.1962666666666667,-0.002288888888888889,-0.0012222222222222222,-0.0022444444444444447,-0.22383333333333333,-0.0010666666666666667,-0.7224999999999999,-0.25453333333333333,-0.0029333333333333334,-0.0006000000000000001,-0.0009000000000000001,-0.3373333333333333,-0.5096,-0.0009111111111111111,-0.0026111111111111114,-0.0018333333333333335,-0.17643333333333333,-0.0025222222222222226,-0.40173333333333333,-0.0009555555555555556,-0.0017000000000000001,-0.0029000000000000002,-0.0027333333333333333,-0.12307777777777777,-0.3327333333333334,-0.3204666666666667,-0.001788888888888889,-0.0029222222222222223,-0.003266666666666667,-0.10653333333333333,-0.2594666666666667,-0.0023555555555555556,-0.155,-0.14,-0.23638888888888893,-0.0030444444444444447,-0.3485,-0.0021555555555555555,-0.04853333333333334,-0.0022222222222222222,-0.0028777777777777777,-0.03947777777777778,-0.13066666666666668,-0.6583333333333334,-0.0023444444444444446,-0.001955555555555556,-0.000988888888888889,-0.4134333333333333,-0.45427777777777784,-0.2594666666666667,-0.0014111111111111112,-0.0032111111111111116,-0.0015444444444444444,-0.16240000000000002,-0.0022,-0.002211111111111111,-0.002711111111111111,-0.3529777777777778,-0.001888888888888889,-0.22499999999999998,-0.0023333333333333335,-0.30206666666666665,-0.0012111111111111112,-0.0030555555555555557,-0.0032,-0.27,-0.0011111111111111111,-0.36183333333333334,-0.0008888888888888889,-0.0021222222222222224,-0.0032444444444444448,-0.21840000000000004,-0.4481111111111111,-0.002577777777777778,-0.1623888888888889,-0.4355333333333333,-0.0010111111111111113,-0.0031222222222222224,-0.0031111111111111114,-0.0025,-0.003022222222222222,-0.16033333333333336,-0.003177777777777778,-0.2959333333333333,-0.0032222222222222222,-0.10682222222222221,-0.5562666666666667,-0.5581333333333334,-0.30820000000000003,-0.0019111111111111113,-0.012533333333333334,-0.0023666666666666667,-0.0017555555555555556,-0.002388888888888889,-0.35840000000000005,-0.3940666666666667,-0.0005777777777777779,-0.058499999999999996,-0.003077777777777778,-0.0032888888888888894,-0.34653333333333336,-0.4063888888888889,-0.0007666666666666668,-0.0023,-0.0014,-0.0020888888888888893,-0.0025555555555555557,-0.2898,-0.0019,-0.04533333333333334,-0.5213333333333333,-0.5036111111111111,-0.10339999999999999,-0.028199999999999996,-0.22120000000000004,-0.1738,-0.3938333333333333,-0.459,-0.35719999999999996,-0.1723333333333333,-0.3843888888888889,-0.058266666666666675,-0.4461333333333334,-0.0425,-0.0019666666666666665,-0.10886666666666667,-0.3660333333333333,-0.0015444444444444444,-0.36340000000000006,-0.001377777777777778,-0.0013222222222222222,-0.4078666666666667,-0.0011666666666666668,-0.0025333333333333336,-0.24615555555555554,-0.002688888888888889,-0.11960000000000001,-0.24226666666666666,-0.0031333333333333335,-0.6743333333333333,-0.0009222222222222223,-0.6022777777777778,-0.35766666666666663,-0.003011111111111111,-0.5741666666666667,-0.43546666666666667,-0.2744666666666667,-0.3186333333333333,-0.0017777777777777779,-0.002666666666666667,-0.002966666666666667,-0.1625,-0.85,-0.3011666666666667,-0.06933333333333334,-0.8415,-0.0025666666666666667,-0.16716666666666666,-0.663,-0.002177777777777778,-0.0007111111111111113,-0.3011666666666667,-0.47605555555555557,-0.13786666666666667,-0.0017111111111111112,-0.0006777777777777778,-0.0020666666666666667,-0.15486666666666668,-0.0020555555555555557,-0.47373333333333334,-0.2675,-0.3107333333333333,-0.00043333333333333337,-0.0023111111111111114,-0.002788888888888889,-0.0014333333333333333,-0.0752,-0.001088888888888889,-0.1870666666666667,-0.24126666666666663,-0.3423333333333334,-0.0011333333333333334,-0.17859999999999998,-0.019833333333333335,-0.03133333333333333,-0.16433333333333333,-0.0018111111111111112,-0.40174444444444446,-0.0010444444444444446,-0.36346666666666666,-0.10833333333333334,-0.002377777777777778,-0.0007222222222222223,-0.002255555555555556,-0.0017222222222222224,-0.2635,-0.003066666666666667,-0.001511111111111111,-0.0021111111111111113,-0.37616666666666665,-0.06906666666666668,-0.02,-0.031166666666666665,-0.14629999999999999,-0.0012555555555555555,-0.17733333333333334,-0.05416666666666667,-0.002477777777777778,-0.0002444444444444445,-0.11616666666666665,-0.05530000000000001,-0.10750000000000001,-0.04073333333333333,-0.0026333333333333334,-0.002466666666666667,-0.0015444444444444444,-0.09100000000000001,-0.05383333333333334,-0.5735888888888889,-0.056666666666666664,-0.003144444444444445,-0.0014555555555555556,-0.17906666666666668,-0.02146666666666667,-0.0005222222222222223,-0.034,-0.10483333333333335,-0.26,-0.001877777777777778,-0.09288888888888888,-0.002766666666666667,-0.0017666666666666668,-0.5135000000000001,-0.3607666666666667,-0.0015,-0.6662333333333333,-0.11146666666666667,-0.001477777777777778,-0.31600000000000006,-0.09086666666666667,-3.3333333333333335e-05,-0.21533333333333335,-0.0011444444444444445,-0.3011666666666667,-0.6900000000000001,-0.0018666666666666669,-0.0028,-0.0014666666666666667,-0.731,-0.22525555555555554,-0.7876666666666666,-0.0025444444444444447,-0.08783333333333333,-0.0836,-0.07206666666666665,-0.3541666666666667,-0.051,-0.2475,-0.000977777777777778,-0.014166666666666666,-0.3434666666666667,-0.17173333333333335,-0.002677777777777778,-0.0024333333333333334,-0.084,-0.0003111111111111111,-0.0875,-0.002844444444444445,-0.0017333333333333335,-0.25760000000000005,-0.0005444444444444445,-0.001488888888888889,-0.002977777777777778,-0.0003333333333333334,-0.0008,-0.3378666666666667,-0.8742,-0.5759111111111112,-0.27293333333333336,-0.437,-0.09200000000000001,-0.002588888888888889,-0.0032333333333333333,-0.0026222222222222224,-0.003188888888888889,-0.41246666666666665,-0.3478,-0.0024000000000000002,-0.0018222222222222223,-0.003277777777777778,-0.002,-0.8146666666666667,-0.0016777777777777778,-0.0028222222222222225,-0.003,-0.5265000000000001
2024-07-08,-0.0023555555555555556,-0.0008111111111111112,-0.3811111111111111,-0.034,-0.0319,-0.1392,-0.0015555555555555557,-0.0348,-0.5045333333333333,-0.00044444444444444447,-0.4932,-0.30311111111111116,-0.4007111111111111,-0.0012000000000000001,-0.001188888888888889,-0.03266666666666667,-0.6183333333333333,-0.0028111111111111114,-0.08603333333333334,-0.0009333333333333334,-0.37022222222222223,-0.0116,-0.44208888888888886,-0.0003333333333333334,-0.14886666666666665,-0.1071,-0.11889999999999998,-0.136,-0.4749333333333334,-0.18382222222222225,-0.1305,-0.08313333333333334,-0.01643333333333333,-0.4989777777777778,-0.1496,-0.17883333333333332,-0.31973333333333337,-0.08995555555555555,-0.32657777777777774,-0.15639999999999998,-0.4681666666666667,-0.11406666666666665,-0.0003111111111111111,-0.08216666666666667,-0.0174,-0.0016111111111111111,-0.0011111111111111111,-0.35519999999999996,-0.10536666666666666,-6.666666666666667e-05,-0.0005777777777777779,-0.6467333333333334,-0.3536444444444445,-0.05084444444444445,-0.0010666666666666667,-0.3264,-0.0026222222222222224,-0.002788888888888889,-0.0009666666666666667,-0.12083333333333333,-0.0008333333333333334,-0.0901,-0.000488888888888889,-0.6141333333333333,-0.1326,-0.029966666666666666,-0.0030555555555555557,-0.4868666666666667,-0.08499999999999999,-0.2822,-0.0011,-0.5692222222222222,-0.0012222222222222222,-0.0008222222222222223,-0.0357,-0.0667,-0.49217777777777777,-0.12856666666666666,-0.4879,-0.9072444444444444,-0.0007333333333333333,-0.030933333333333334,-0.23779999999999996,-0.11213333333333332,-0.012566666666666667,-0.1547,-0.0196,-0.19890000000000002,-0.027200000000000002,-0.5024,-0.16783333333333333,-0.31966666666666665,-0.35004444444444444,-0.0013333333333333335,-0.5444444444444445,-0.0008777777777777778,-0.026099999999999998,-0.0019333333333333333,-0.5436444444444445,-0.5749333333333333,-0.2619666666666666,-0.20686666666666667,-0.11503333333333332,-0.3327222222222222,-0.23084444444444444,-0.48346666666666666,-0.002,-0.0007222222222222223,-0.000688888888888889,-0.0005333333333333334,-0.2851666666666666,-0.16626666666666667,-0.009666666666666665,-0.7184444444444444,-0.43535555555555555,-0.4311555555555556,-0.5595333333333333,-0.4399111111111111,-0.6235555555555556,-0.5856,-0.7615999999999999,-0.8707111111111111,-0.9042,-0.6612666666666667,-0.4224,-0.0017555555555555556,-0.18577777777777776,-0.0026333333333333334,-0.12179999999999999,-0.0007777777777777778,-0.6154222222222223,-0.0009000000000000001,-0.27613333333333334,-0.0015333333333333336,-0.0015777777777777778,-0.30035555555555554,-0.0028333333333333335,-0.261,-0.5292,-0.19164444444444445,-0.002666666666666667,-0.0015222222222222223,-0.35011111111111115,-0.832,-0.0007555555555555555,-0.5353111111111112,-0.2074,-0.43648888888888887,-0.19519999999999998,-0.5376000000000001,-0.0014555555555555556,-0.6103999999999999,-0.0021000000000000003,-0.14693333333333333,-0.0038666666666666667,-0.1904,-0.7327999999999999,-0.3344,-0.12566666666666665,-0.5952,-0.09956666666666665,-0.46902222222222223,-0.8920222222222223,-0.02223333333333333,-0.0006777777777777778,-0.10235555555555556,-0.4529777777777778,-0.8024888888888889,-0.0021444444444444445,-0.002688888888888889,-0.1479,-0.0004666666666666667,-0.0435,-0.47717777777777776,-0.6359111111111111,-0.5425777777777778,-0.001511111111111111,-0.09376666666666665,-0.2567,-0.002677777777777778,-0.7726666666666666,-0.0020888888888888893,-0.002388888888888889,-0.7048666666666666,-0.6479555555555555,-0.0007444444444444445,-0.6370444444444445,-0.4508,-0.7000222222222223,-0.7699555555555556,-0.0006111111111111111,-0.5653333333333334,-0.002211111111111111,-0.5856,-0.5358222222222222,-0.001,-0.0023444444444444446,-0.07443333333333332,-0.0005444444444444445,-0.003077777777777778,-0.0018222222222222223,-0.0024000000000000002,-0.13629999999999998,-0.4576,-0.03576666666666666,-0.0027444444444444448,-0.4008888888888889,-0.06186666666666667,-0.0020777777777777778,-0.47430000000000005,-0.3825,-0.004833333333333333,-0.0003222222222222222,-0.7211555555555557,-0.0023222222222222225,-0.47475555555555554,-0.7591111111111112,-0.19720000000000001,-0.052199999999999996,-0.0005666666666666667,-0.0006222222222222223,-0.6515777777777777,-0.6615111111111112,-0.5123555555555556,-0.4328333333333333,-0.0011222222222222224,-0.3609111111111111,-0.002844444444444445,-0.002755555555555556,-0.5495111111111111,-0.3128888888888889,-0.2787555555555556,-0.0006666666666666668,-0.14862222222222224,-0.05606666666666666,-0.11696666666666665,-0.7891111111111111,-0.6576,-0.0002444444444444445,-0.5259555555555555,-0.00015555555555555556,-0.0015444444444444444,-0.5422222222222222,-0.6262666666666667,-0.0028222222222222225,-0.6976,-0.0014111111111111112,-0.4159555555555556,-0.0761111111111111,-0.12953333333333333,-0.0841,-3.3333333333333335e-05,-0.10655555555555556,-0.5401555555555555,-0.4736,-0.06863333333333332,-0.3854666666666666,-0.0020111111111111115,-0.7482666666666667,-0.7266666666666667,-0.6394666666666667,-0.5923555555555555,-0.00037777777777777777,-0.4811,-0.1768,-0.24069999999999997,-0.04156666666666667,-0.20589999999999997,-0.0021111111111111113,-0.0018333333333333335,-0.0408,-0.4976111111111111,-0.00043333333333333337,-0.2656,-0.0022,-0.0006555555555555556,-0.145,-0.00042222222222222227,-0.0010333333333333334,-0.44191111111111114,-0.5856,-0.7685,-0.22039999999999998,-0.4128,-0.1885,-0.2484333333333333,-0.49342222222222226,-0.17013333333333333,-0.07926666666666665,-0.7024444444444444,-0.9102888888888889,-0.013600000000000001,-0.0027222222222222222,-0.04137777777777778,-0.00045555555555555556,-0.5568,-0.2503666666666666,-0.0067666666666666665,-0.010633333333333333,-0.7093555555555555
2024-07-09,-0.0019111111111111113,-0.0013222222222222222,-0.5775111111111112,-0.0003888888888888889,-0.00013333333333333334,-0.0026111111111111114,-0.0008111111111111112,-0.0006666666666666668,-0.22799999999999998,-0.002966666666666667,-0.060666666666666674,-0.09059999999999999,-0.14428888888888888,-0.0018222222222222223,-0.0011111111111111111,-0.0019444444444444446,-0.6206666666666667,-0.2567,-0.0025666666666666667,-0.00037777777777777777,-0.4390666666666667,-0.0032,-0.53,-0.001955555555555556,-0.00012222222222222224,-8.88888888888889e-05,-0.0027444444444444448,-0.001511111111111111,-0.032933333333333335,-0.0024444444444444444,-0.0016444444444444447,-0.003188888888888889,-0.33052222222222216,-0.7731111111111111,-0.0020222222222222226,-0.0012444444444444445,-0.19315555555555555,-0.0009222222222222223,-0.0024111111111111113,-0.19294444444444445,-0.04306666666666666,-0.0031666666666666666,-0.003177777777777778,-0.002266666666666667,-0.0010444444444444446,-0.001288888888888889,-0.0024222222222222223,-0.5003777777777778,-0.002677777777777778,-0.001377777777777778,-0.002766666666666667,-0.8611777777777778,-0.002177777777777778,-0.0001,-0.001877777777777778,-0.002988888888888889,-0.19184444444444446,-0.6130666666666666,-0.0006333333333333334,-0.0012333333333333335,-0.0005555555555555556,-0.00044444444444444447,-0.0006111111111111111,-0.8428666666666665,-0.0005333333333333334,-0.002577777777777778,-0.5888888888888889,-0.35063333333333335,-0.06375555555555555,-0.3523333333333333,-0.0006666666666666668,-0.011777777777777778,-0.0016222222222222224,-0.0006555555555555556,-0.05536666666666666,-0.002844444444444445,-0.6992,-0.5016555555555555,-0.7372,-0.6641555555555556,-7.777777777777778e-05,-0.0003222222222222222,-0.32831111111111116,-0.0021000000000000003,-0.0008777777777777778,-0.0023111111111111114,-0.0009444444444444445,-0.0031111111111111114,-0.0005888888888888889,-0.7498666666666667,-0.3926666666666667,-0.055733333333333336,-0.4261555555555555,-0.0017777777777777779,-0.8085,-0.0023555555555555556,-0.003022222222222222,-0.0030555555555555557,-0.005777777777777778,-0.6456,-0.40742222222222224,-0.12583333333333332,-3.3333333333333335e-05,-0.28689999999999993,-0.0008666666666666667,-0.5873666666666667,-0.003077777777777778,-0.002255555555555556,-0.0001666666666666667,-0.0017555555555555556,-0.09186666666666667,-0.0011333333333333334,-0.0028666666666666667,-0.6070555555555555,-0.6832777777777778,-0.25911111111111107,-0.24066666666666667,-0.17866666666666667,-0.20144444444444445,-0.7213888888888889,-0.09851111111111112,-0.2667777777777778,-0.32095555555555555,-0.2719888888888889,-0.3856666666666667,-0.0025555555555555557,-0.00030000000000000003,-0.35797777777777784,-0.001188888888888889,-0.0006666666666666668,-0.2975555555555556,-0.0020777777777777778,-0.0007,-0.0020555555555555557,-0.0015777777777777778,-0.3003222222222222,-0.09097777777777778,-0.5122444444444445,-0.34844444444444445,-0.00011111111111111112,-0.5300444444444444,-0.0001777777777777778,-0.1744888888888889,-0.46713333333333334,-0.0027,-0.11146666666666667,-0.00025555555555555553,-0.21978888888888887,-0.0021444444444444445,-0.5961666666666666,-0.0023,-0.6366333333333333,-0.02348888888888889,-0.0016,-6.666666666666667e-05,-0.5834444444444444,-0.7113555555555555,-0.18090000000000003,-0.001888888888888889,-0.41844444444444445,-0.0015,-0.5794888888888889,-0.2796444444444445,-0.0002666666666666667,-0.0008444444444444445,-0.0013000000000000002,-0.5419111111111111,-0.2955333333333333,-0.0006444444444444444,-0.23153333333333334,-0.002488888888888889,-0.0033333333333333335,-0.002,-0.09657777777777778,-0.2657777777777778,-0.08715555555555556,-0.000988888888888889,-0.001977777777777778,-0.0004777777777777778,-0.23733333333333337,-0.14645555555555553,-0.0004666666666666667,-0.0003111111111111111,-0.5624666666666667,-0.14935555555555557,-0.0023444444444444446,-0.5835555555555556,-0.5047333333333334,-0.19055555555555556,-0.10759999999999999,-0.0021111111111111113,-0.4109333333333333,-0.0020666666666666667,-0.09244444444444445,-0.24343333333333336,-0.0013444444444444445,-0.002388888888888889,-0.0022222222222222222,-0.0020888888888888893,-0.14042222222222223,-4.444444444444445e-05,-0.0008555555555555556,-0.00022222222222222223,-0.6925333333333333,-0.0007222222222222223,-0.0014666666666666667,-0.13646666666666668,-0.0014444444444444446,-0.0013111111111111112,-0.3116,-0.28363333333333335,-0.5498222222222222,-0.0025333333333333336,-0.38711111111111113,-0.0022333333333333337,-0.4828888888888889,-0.2869333333333333,-0.002455555555555556,-0.0017666666666666668,-0.0016777777777777778,-0.0015666666666666667,-0.3511666666666667,-0.7771111111111111,-0.5488444444444444,-0.18760000000000002,-0.0018555555555555556,-0.3193666666666667,-0.21139999999999998,-0.3254888888888888,-0.08166666666666667,-0.037577777777777786,-0.2234888888888889,-0.0027333333333333333,-0.5735555555555556,-0.003,-0.0016111111111111111,-0.33684444444444445,-0.4543111111111111,-0.0026333333333333334,-0.7118666666666666,-0.0020333333333333336,-0.001388888888888889,-0.2888,-0.3729444444444444,-0.43957777777777773,-0.1620666666666667,-0.0002777777777777778,-0.0015444444444444444,-0.1696,-0.0019333333333333333,-0.0025444444444444447,-0.0021333333333333334,-0.16720000000000002,-0.38395555555555555,-0.4842,-0.0028333333333333335,-0.36746666666666666,-0.0022,-0.19355555555555556,-0.4226444444444445,-0.4192222222222222,-0.4083333333333333,-0.0025222222222222226,-0.17226666666666665,-0.4580333333333333,-0.36850000000000005,-0.0018666666666666669,-0.4026666666666667,-0.0019222222222222223,-0.003144444444444445,-0.001788888888888889,-0.18119999999999997,-0.0006222222222222223,-0.6994,-0.0009666666666666667,-0.0021222222222222224,-0.030199999999999998,-0.0005,-0.0011,-0.6572,-0.6396222222222222,-0.16524444444444444,-0.43622222222222223,-0.3138333333333333,-0.002755555555555556,-0.5082888888888889,-0.6265777777777778,-0.0026555555555555555,-0.24998888888888887,-0.8294,-0.7753777777777778,-0.0032111111111111116,-0.003311111111111111,-0.3338777777777778,-0.0007111111111111113,-0.7053777777777777,-0.4984,-0.0013555555555555556,-0.00028888888888888893,-0.7890666666666666
2024-07-10,-0.3148444444444444,-0.0031222222222222224,-0.39444444444444443,-0.0007,-0.0029444444444444444,-0.11977777777777777,-0.0024333333333333334,-0.001788888888888889,-0.16666666666666669,-0.1276,-0.06785555555555554,-0.18783333333333332,-0.18626666666666666,-0.04676666666666667,-0.0020111111111111115,-0.12190000000000001,-0.6844444444444444,-0.1160111111111111,-0.3666666666666667,-0.0006444444444444444,-0.6346666666666667,-0.21116666666666667,-0.2556111111111111,-0.2139,-0.0007888888888888889,-0.001288888888888889,-0.4364111111111112,-0.09583333333333334,-0.0029333333333333334,-0.19933333333333336,-0.21006666666666668,-0.32966666666666666,-0.20973333333333335,-0.5944444444444446,-0.014566666666666669,-0.0006333333333333334,-0.03935555555555555,-0.0022333333333333337,-0.48255555555555557,-0.3828,-0.11806666666666667,-0.21217777777777777,-0.36079999999999995,-0.17556666666666668,-0.0033333333333333335,-0.0020222222222222226,-0.11883333333333335,-0.7944444444444445,-0.23784444444444441,-0.0782,-0.17403333333333335,-0.8,-0.4525,-0.002166666666666667,-0.12573333333333334,-0.002788888888888889,-0.3353777777777778,-0.13577777777777778,-0.003022222222222222,-0.115,-0.002955555555555556,-0.0032111111111111116,-0.0031666666666666666,-0.20833333333333334,-0.0017111111111111112,-0.09966666666666668,-0.3416666666666667,-0.19413333333333335,-0.002588888888888889,-0.05817777777777777,-0.001511111111111111,-0.0028777777777777777,-0.0828,-0.0016444444444444447,-0.0023,-0.15103333333333332,-0.8194444444444444,-0.8138888888888889,-0.75,-0.036111111111111115,-0.0016555555555555555,-0.0023333333333333335,-0.16084444444444446,-0.13033333333333333,-0.0023,-0.19703333333333334,-0.0024444444444444444,-0.5446666666666666,-0.0021222222222222224,-0.7444444444444445,-0.24077777777777776,-0.0787111111111111,-0.4935,-0.1104,-0.7055555555555556,-0.1932,-0.21902222222222223,-0.43853333333333333,-0.0026444444444444445,-0.49722222222222223,-0.12257777777777777,-0.04753333333333334,-0.0012666666666666668,-0.3874333333333333,-0.06133333333333334,-0.6391555555555556,-0.39526666666666666,-0.19013333333333335,-0.0016777777777777778,-0.002711111111111111,-0.18993333333333332,-0.0032333333333333333,-0.042166666666666665,-0.46666666666666673,-0.5555555555555556,-0.1685444444444444,-0.015399999999999999,-0.3499333333333333,-0.43083333333333335,-0.03888888888888889,-0.10444444444444444,-0.09166666666666667,-0.13333333333333333,-0.13055555555555556,-0.07466666666666667,-0.3784,-0.003011111111111111,-0.4108888888888889,-0.0138,-0.0021555555555555555,-0.24283333333333332,-0.11960000000000001,-0.0002666666666666667,-0.019933333333333334,-0.21696666666666667,-0.1676888888888889,-0.013033333333333333,-0.20794444444444443,-0.32899999999999996,-0.0022,-0.8277777777777777,-1.1111111111111113e-05,-0.3519444444444445,-0.08888888888888889,-0.011500000000000002,-0.4618555555555555,-0.0007444444444444445,-0.16692222222222225,-0.1694,-0.05222222222222222,-0.16253333333333334,-0.1,-0.001477777777777778,-0.34026666666666666,-0.0033,-0.26666666666666666,-0.28055555555555556,-0.0345,-0.15986666666666668,-0.42300000000000004,-0.0024222222222222223,-0.3111111111111111,-0.2027777777777778,-0.0031555555555555555,-0.0018111111111111112,-0.18016666666666667,-0.5277777777777778,-0.08055555555555556,-0.08663333333333334,-0.002677777777777778,-0.3432,-0.6841111111111111,-0.13493333333333335,-0.35640000000000005,-0.06013333333333333,-0.011977777777777778,-0.0027444444444444448,-0.001488888888888889,-0.0018444444444444446,-0.0051333333333333335,-0.0672,-0.002466666666666667,-0.002288888888888889,-0.23333333333333336,-0.13316666666666668,-0.12803333333333333,-0.4444444444444445,-0.2123222222222222,-0.10725555555555555,-0.16197777777777778,-0.16483333333333333,-0.12222222222222223,-0.3832888888888889,-0.14715555555555557,-0.13072222222222224,-0.0032888888888888894,-0.032266666666666666,-0.08893333333333334,-0.1909,-0.007666666666666667,-0.002844444444444445,-0.0010222222222222221,-0.0009111111111111111,-0.2888888888888889,-0.0023555555555555556,-0.1656,-0.0020666666666666667,-0.058266666666666675,-0.1472,-0.014333333333333333,-0.1729222222222222,-0.29444444444444445,-0.2162,-0.4554666666666667,-0.3710666666666667,-0.40932222222222214,-0.07666666666666666,-0.4625555555555556,-0.001288888888888889,-0.08893333333333334,-0.0414,-0.5201777777777777,-0.005555555555555556,-0.4027777777777778,-0.08446666666666668,-0.15256666666666668,-0.13273333333333334,-0.3945333333333333,-0.49108888888888885,-0.4102666666666667,-0.06516666666666666,-0.042777777777777776,-0.15716666666666668,-0.8166666666666667,-0.5631111111111111,-0.0038333333333333336,-0.2,-0.11944444444444445,-0.17096666666666666,-0.7416666666666667,-0.0007555555555555555,-0.029900000000000003,-0.12444444444444444,-0.3808,-0.16290000000000002,-0.05016666666666667,-0.0029222222222222223,-0.1557111111111111,-0.016088888888888892,-0.06746666666666667,-0.1012,-0.11653333333333335,-0.3780888888888889,-0.008755555555555556,-0.10277777777777779,-0.17013333333333333,-0.2771111111111111,-0.055733333333333336,-0.4647777777777778,-0.09722222222222222,-0.3633777777777778,-0.32222222222222224,-0.12956666666666666,-0.0015555555555555557,-0.23099999999999998,-0.12914444444444442,-0.16943333333333335,-0.3302444444444444,-0.33146666666666663,-0.31655555555555553,-0.10503333333333334,-0.23026666666666665,-0.000988888888888889,-0.6240555555555555,-0.12113333333333333,-0.7217777777777779,-0.003088888888888889,-0.001,-0.13263333333333333,-0.475,-0.044444444444444446,-0.06688888888888889,-0.4766333333333334,-0.6162222222222222,-0.39399999999999996,-0.7206666666666667,-0.2861111111111111,-0.0176,-0.016133333333333333,-0.35833333333333334,-0.17777777777777778,-0.4443444444444444,-0.7583333333333334,-0.22415555555555552,-0.002688888888888889,-0.3194444444444445,-0.36816666666666664,-0.18400000000000002,-0.003077777777777778,-0.4083333333333333
2024-07-11,-0.08637777777777778,-0.11448888888888889,-0.238,-0.09203333333333333,-0.1474666666666667,-0.17048888888888888,-0.13533333333333333,-0.17795555555555556,-0.21172222222222223,-0.15866666666666668,-0.15804444444444446,-0.4768888888888889,-0.2948,-0.07186666666666666,-0.11075555555555557,-0.06013333333333333,-0.7298666666666667,-0.3002222222222222,-0.39137777777777777,-0.0018000000000000002,-0.5897111111111111,-0.44127777777777777,-0.6010333333333333,-0.21466666666666667,-0.011366666666666667,-0.04986666666666666,-0.584,-0.15244444444444444,-0.29481111111111113,-0.08151111111111112,-0.38233333333333336,-0.16546666666666665,-0.1272,-0.021155555555555556,-0.0025222222222222226,-0.0012333333333333335,-0.06471111111111112,-0.14604444444444445,-0.6981333333333334,-0.5940555555555556,-0.0018666666666666669,-0.1628,-0.3542,-0.308,-0.15057777777777778,-0.006966666666666667,-0.11542222222222222,-0.026444444444444444,-0.561,-0.03608888888888889,-0.3229777777777778,-0.5500444444444444,-0.11716666666666667,-0.10303333333333334,-0.24733333333333332,-0.030800000000000004,-0.15086666666666665,-0.013200000000000002,-0.18604444444444446,-0.19433333333333336,-0.2614666666666667,-0.1760888888888889,-0.1816888888888889,-0.5256,-0.1568,-0.23555555555555555,-0.1348666666666667,-0.5791333333333333,-0.2661777777777778,-0.07093333333333333,-0.17422222222222222,-0.17033333333333334,-0.03297777777777778,-0.15991111111111111,-0.3486222222222222,-0.3699222222222222,-0.7801111111111111,-0.05288888888888889,-0.0026444444444444445,-0.4466,-0.1045,-0.3509777777777778,-0.23800000000000002,-0.39055555555555554,-0.21553333333333333,-0.3212,-0.29444444444444445,-0.1322222222222222,-0.09606666666666666,-0.010577777777777778,-0.3285,-0.23320000000000002,-0.6822666666666667,-0.24733333333333335,-0.21684444444444442,-0.37743333333333334,-0.11078888888888888,-0.29088888888888886,-0.0112,-0.20626666666666668,-0.16444444444444445,-0.06636666666666667,-0.03336666666666667,-0.714,-0.0016333333333333334,-0.7227,-0.296,-0.32199999999999995,-0.1207111111111111,-0.44177777777777777,-0.3549,-0.1023,-0.12755555555555556,-0.06875555555555556,-0.4072444444444444,-0.21933333333333332,-0.00012222222222222224,-0.03288888888888889,-0.17453333333333335,-0.1314,-0.1436888888888889,-0.020022222222222223,-0.39380000000000004,-0.10733333333333334,-0.0032,-0.2574,-0.34273333333333333,-0.0007111111111111113,-0.0012777777777777779,-0.0927111111111111,-0.21780000000000002,-0.18355555555555556,-0.0024222222222222223,-0.002388888888888889,-0.46542222222222224,-0.3406666666666667,-0.003266666666666667,-0.6094,-0.5377666666666667,-0.1487111111111111,-0.5262444444444444,-0.0011222222222222224,-0.44955555555555554,-0.4136,-0.03886666666666667,-0.6108666666666667,-0.002988888888888889,-0.24411111111111114,-0.4619333333333333,-0.33213333333333334,-0.24974444444444446,-0.11355555555555556,-0.2697111111111111,-0.07139999999999999,-0.12693333333333334,-0.24593333333333334,-0.6558222222222222,-0.0021222222222222224,-0.23488888888888887,-0.365,-0.2178888888888889,-0.49451111111111107,-0.396,-0.14995555555555556,-0.1592888888888889,-0.40911111111111115,-0.11371111111111111,-0.24577777777777776,-0.22613333333333333,-0.10010000000000001,-0.1665,-0.44691111111111115,-0.40288888888888885,-0.30675555555555556,-0.003011111111111111,-0.0008555555555555556,-0.10011111111111111,-0.06533333333333333,-0.16924444444444445,-0.0026222222222222224,-0.04417777777777778,-0.1312888888888889,-0.5346000000000001,-0.27253333333333335,-0.05475555555555556,-0.08897777777777778,-0.06346666666666667,-0.0047666666666666664,-0.07066666666666667,-0.11306666666666666,-0.27222222222222225,-0.4882222222222223,-0.31146666666666667,-0.0006777777777777778,-0.040044444444444445,-0.5032444444444445,-0.0030555555555555557,-0.06657777777777779,-0.043555555555555556,-0.0017222222222222224,-0.14186666666666667,-0.0026000000000000003,-0.07406666666666667,-0.023799999999999998,-0.16240000000000002,-0.018666666666666668,-0.012833333333333334,-0.0784,-0.17651111111111112,-0.001388888888888889,-0.051333333333333335,-0.5817777777777777,-0.26599999999999996,-0.14544444444444443,-0.1242888888888889,-0.1533,-0.0008777777777777778,-0.08427777777777777,-0.11013333333333333,-0.10453333333333335,-0.046566666666666666,-0.08462222222222222,-0.0979,-0.018511111111111114,-0.04143333333333333,-0.2131111111111111,-0.19668888888888889,-0.11635555555555556,-0.3860888888888889,-0.00015555555555555556,-0.1393777777777778,-0.0013222222222222222,-0.2398,-0.10577777777777778,-0.2565111111111111,-0.0004666666666666667,-0.12320000000000002,-0.18844444444444444,-0.07622222222222222,-0.25122222222222224,-0.0015777777777777778,-0.0019222222222222223,-0.06124444444444445,-0.07668888888888889,-0.017666666666666667,-0.10826666666666666,-0.2744222222222222,-0.1032888888888889,-0.0017333333333333335,-0.17297777777777779,-0.1431111111111111,-0.047288888888888894,-0.6314000000000001,-0.0009222222222222223,-0.47277777777777785,-0.07466666666666667,-0.0792,-0.008433333333333333,-0.1718888888888889,-0.5368,-0.09003333333333334,-0.7034222222222223,-0.11777777777777777,-0.008066666666666666,-0.3058,-0.38682222222222223,-0.32511111111111113,-0.5118333333333334,-0.29929999999999995,-0.06066666666666667,-0.4122222222222222,-0.119,-0.05351111111111111,-0.23535555555555557,-0.24968888888888888,-0.7668888888888888,-0.550188888888889,-0.14,-0.13253333333333334,-0.17717777777777777,-0.3935555555555556,-0.35333333333333333,-0.5659111111111111,-0.48128888888888893,-0.013222222222222222,-0.31997777777777775,-0.031733333333333336,-0.0016111111111111111,-0.0014333333333333333,-0.10048888888888889,-0.06083333333333333,-0.31733333333333336,-0.005288888888888889,-0.046200000000000005,-0.12133333333333335,-0.43104444444444445,-0.19833333333333333,-0.17902222222222225,-0.2555777777777778,-0.19039999999999999
2024-07-12,-0.25612222222222225,-0.21953333333333336,-0.18911111111111112,-0.18586666666666665,-0.2771,-0.0646,-0.11965555555555556,-0.5425444444444445,-0.2581,-0.10773333333333333,-0.0374,-0.08427777777777777,-0.27544444444444444,-0.10577777777777778,-0.2066777777777778,-0.09444444444444444,-0.5116222222222223,-0.4481111111111111,-0.12368888888888889,-0.0304,-0.4554,-0.3987777777777778,-0.4497777777777778,-0.12817777777777778,-0.002844444444444445,-0.027733333333333336,-0.6634222222222222,-0.1008,-0.1254333333333333,-0.2123111111111111,-0.07871111111111112,-0.1139,-0.24524444444444446,-0.0555,-5.555555555555556e-05,-0.0009555555555555556,-0.037955555555555555,-0.29271111111111114,-0.25581111111111116,-0.5594111111111112,-0.003255555555555556,-0.2090666666666667,-0.0178,-0.3195,-0.3397333333333334,-0.09022222222222223,-0.0068,-0.6721333333333332,-0.36825555555555556,-0.0336,-0.1241,-0.6034999999999999,-0.0920888888888889,-0.4097,-0.2992,-0.021155555555555556,-0.19116666666666668,-0.0033,-0.0493,-0.1393777777777778,-0.26403333333333334,-0.23903333333333332,-0.15130000000000002,-0.4933333333333334,-0.39286666666666664,-0.03857777777777778,-0.6910666666666667,-0.4919444444444445,-0.27194444444444443,-0.043866666666666665,-0.07591111111111111,-0.018666666666666668,-0.0006555555555555556,-0.13448888888888888,-0.14055555555555554,-0.20400000000000001,-0.7871111111111112,-0.7052666666666666,-0.24255555555555555,-0.06577777777777778,-0.2571111111111111,-0.30078888888888894,-0.1394,-0.2137777777777778,-0.13813333333333333,-0.005622222222222223,-0.1846,-0.43166666666666664,-0.3864444444444445,-0.49950000000000006,-0.4496666666666666,-0.20589999999999997,-0.6156333333333334,-0.11822222222222223,-0.5845666666666667,-0.4354666666666666,-0.0896,-0.6105999999999999,-0.018666666666666668,-0.6792333333333332,-0.22524444444444447,-0.3876,-0.0696888888888889,-0.23332222222222224,-0.10540000000000001,-0.8433333333333334,-0.40290000000000004,-0.3043,-0.03475555555555555,-0.289,-0.6816,-0.048,-0.041555555555555554,-0.5714444444444444,-0.4525888888888889,-0.2397,-0.00018888888888888888,-0.002988888888888889,-0.002711111111111111,-0.2397,-0.10653333333333333,-0.03546666666666667,-0.06783333333333334,-0.08008888888888889,-0.08283333333333333,-0.3763,-0.28161111111111115,-0.003177777777777778,-0.001288888888888889,-0.34680000000000005,-0.2086555555555556,-0.24640000000000004,-0.0368,-0.046933333333333334,-0.6718555555555555,-0.019911111111111112,-0.1456,-0.5397333333333334,-0.3176555555555556,-0.07933333333333333,-0.5088333333333334,-0.0002666666666666667,-0.4244777777777778,-0.28163333333333335,-0.0704,-0.6353111111111112,-0.6603,-0.21080000000000002,-0.5727333333333333,-0.01686666666666667,-0.3315,-0.0352,-0.5036111111111111,-0.3266,-0.16999999999999998,-0.4172777777777778,-0.011244444444444446,-0.2055111111111111,-0.30260000000000004,-0.0028111111111111114,-0.09333333333333334,-0.48989999999999995,-0.3036,-0.037333333333333336,-0.2650666666666667,-0.4845,-0.1278,-0.2261111111111111,-0.43010000000000004,-0.2128,-0.002377777777777778,-0.5277666666666666,-0.2551111111111111,-0.23894444444444446,-0.02488888888888889,-0.0007222222222222223,-0.22843333333333335,-0.0928,-0.10483333333333335,-0.043866666666666665,-0.025200000000000004,-0.09831111111111111,-0.5369222222222223,-0.1680333333333333,-0.043866666666666665,-0.13943333333333333,-0.5796666666666667,-0.003,-0.031733333333333336,-0.0025444444444444447,-0.1904,-0.07027777777777777,-0.506,-0.0014333333333333333,-0.06875555555555556,-0.5200555555555556,-0.07964444444444445,-0.06559999999999999,-0.1077888888888889,-0.02488888888888889,-0.09592222222222223,-0.12320000000000002,-0.0022666666666666664,-0.04977777777777778,-0.3720888888888889,-0.1472,-0.08244444444444445,-0.12995555555555555,-0.09582222222222223,-0.004044444444444445,-0.002788888888888889,-0.4385333333333334,-0.3944,-0.3310222222222223,-0.42500000000000004,-0.391,-0.0023111111111111114,-0.2439111111111111,-0.0272,-0.10653333333333333,-0.08426666666666666,-0.3521777777777778,-0.05341111111111112,-0.0024444444444444444,-0.14128888888888888,-0.3272888888888889,-0.17546666666666666,-0.4607,-0.5790888888888889,-0.0028555555555555556,-0.2136,-0.0392,-0.30293333333333333,-0.4662333333333333,-0.21364444444444447,-7.777777777777778e-05,-0.13973333333333332,-0.0663,-0.11711111111111111,-0.2754888888888889,-0.09173333333333333,-0.010577777777777778,-0.0784,-0.2323888888888889,-0.14773333333333333,-0.037333333333333336,-0.2899555555555556,-0.2397,-0.002488888888888889,-0.11511111111111112,-0.04382222222222222,-0.0512,-0.5959555555555556,-0.00023333333333333336,-0.03373333333333334,-0.04153333333333334,-0.2244777777777778,-0.00012222222222222224,-0.0024111111111111113,-0.23638888888888893,-0.19191111111111112,-0.49756666666666666,-0.09295555555555557,-0.0026444444444444445,-0.0833,-0.39523333333333327,-0.37156666666666666,-0.1265,-0.12087777777777779,-0.26106666666666667,-0.38233333333333336,-0.37616666666666665,-0.0018333333333333335,-0.6958,-0.0442,-0.13212222222222222,-0.6981666666666666,-0.20702222222222222,-0.15804444444444446,-0.4757,-0.023666666666666666,-0.8124111111111112,-0.42728888888888894,-0.6887,-0.08337777777777777,-0.08756666666666667,-0.04727777777777778,-0.017422222222222224,-0.07413333333333333,-0.4733333333333333,-0.26722222222222225,-0.43291111111111114,-0.2912,-0.12444444444444444,-0.10453333333333335,-0.4750777777777778,-0.3147666666666667,-0.05973333333333334,-0.20408888888888888,-0.5892999999999999
2024-07-15,-0.3644666666666666,-0.11555555555555555,-0.10344444444444445,-0.016666666666666666,-0.005911111111111112,-0.1913333333333333,-0.13953333333333331,-0.15555555555555556,-0.4527777777777778,-0.2627,-0.0022222222222222222,-0.15306666666666668,-0.21684444444444442,-0.2262,-0.15812222222222225,-0.1326,-0.1638888888888889,-0.2388888888888889,-0.06888888888888889,-0.002977777777777778,-0.006266666666666667,-0.20262222222222223,-0.39166666666666666,-0.2556555555555556,-0.1612,-0.07894444444444444,-0.525,-0.156,-0.39308888888888893,-0.016666666666666666,-0.2444444444444444,-0.18633333333333335,-0.22246666666666667,-0.24235555555555555,-0.0026333333333333334,-0.0031555555555555555,-0.0020555555555555557,-0.1357777777777778,-0.5419666666666666,-0.3638888888888889,-0.026444444444444444,-0.14395555555555553,-0.08248888888888889,-0.17276666666666668,-0.00911111111111111,-0.28555555555555556,-0.0014555555555555556,-0.0023666666666666667,-0.142,-0.0005,-0.11777777777777777,-0.19722222222222222,-0.12244444444444444,-0.07106666666666667,-0.34553333333333336,-0.036944444444444446,-0.11479999999999999,-0.6944444444444445,-0.011822222222222224,-0.22314444444444445,-0.10022222222222221,-0.14482222222222224,-0.07536666666666668,-0.2698,-0.16711111111111113,-0.018688888888888887,-0.3055555555555555,-0.24376666666666666,-0.5805555555555556,-0.002966666666666667,-0.009999999999999998,-0.10694444444444444,-0.0023111111111111114,-0.025555555555555554,-0.04733333333333333,-0.27782222222222225,-0.625,-0.6888888888888889,-0.09753333333333333,-0.11122222222222222,-0.17881111111111112,-0.071,-0.12111111111111111,-0.3216888888888889,-0.05444444444444444,-0.0011,-0.04666666666666667,-0.2414,-0.8,-0.4191111111111111,-0.14436666666666667,-0.05615555555555556,-0.5111111111111111,-0.13666666666666666,-0.3384333333333333,-0.2256,-0.013866666666666668,-0.05916666666666666,-0.18688888888888888,-0.05833333333333334,-0.5201333333333333,-0.2548444444444445,-0.0941111111111111,-0.0852,-0.0008333333333333334,-0.8222222222222223,-0.29819999999999997,-0.11662222222222222,-0.06195555555555555,-0.10386666666666666,-0.052777777777777785,-0.023844444444444446,-0.10927777777777778,-0.5444444444444445,-0.37156666666666666,-0.06586666666666667,-0.003088888888888889,-0.34284444444444445,-0.08205555555555556,-0.19586666666666666,-0.14628888888888888,-0.002488888888888889,-0.40343333333333337,-0.003066666666666667,-0.03222222222222222,-0.5388888888888889,-0.4428444444444445,-0.08666666666666667,-0.07427777777777779,-0.2811111111111111,-0.5944444444444446,-0.37355555555555553,-0.09566666666666666,-0.018666666666666668,-0.48888888888888893,-0.0020222222222222226,-0.1935888888888889,-0.5611111111111111,-0.3834,-0.12566666666666668,-0.22500000000000003,-0.0033222222222222225,-0.3360666666666666,-0.27364444444444447,-0.17851111111111112,-0.25,-0.05,-0.15208888888888888,-0.24166666666666667,-0.1846,-0.19008888888888892,-0.02877777777777778,-0.37866666666666665,-0.5013333333333334,-0.2677777777777778,-0.08982222222222223,-0.5538,-0.3509333333333334,-0.2541777777777778,-0.3277777777777777,-0.057777777777777775,-0.8166666666666667,-0.4512,-0.004511111111111112,-0.2464888888888889,-0.056799999999999996,-0.4464444444444444,-0.11406666666666666,-0.033133333333333334,-0.08382222222222221,-0.06066666666666667,-0.061111111111111116,-0.775,-0.23604444444444445,-0.003,-0.0020333333333333336,-0.1494222222222222,-0.1624,-0.028888888888888888,-0.036166666666666666,-0.0027,-0.1433333333333333,-0.2777777777777778,-0.40195555555555557,-0.0014555555555555556,-0.13152222222222223,-0.6333333333333334,-0.07933333333333334,-0.0031333333333333335,-0.27444444444444444,-0.24235555555555555,-0.2571333333333333,-0.4662333333333333,-0.0022,-0.182,-0.09703333333333332,-0.10833333333333334,-0.037377777777777774,-0.07733333333333334,-0.0032444444444444448,-0.048888888888888885,-0.08442222222222222,-0.0029444444444444444,-0.06673333333333334,-0.075,-0.26111111111111107,-0.22446666666666668,-0.19777777777777777,-0.14473333333333332,-0.003188888888888889,-0.3812666666666667,-0.5159333333333334,-0.41111111111111115,-0.7861111111111112,-0.3194444444444445,-0.6138888888888889,-0.19240000000000002,-0.2733333333333333,-0.026055555555555554,-0.15686666666666668,-0.04511111111111111,-0.7222222222222223,-0.48106666666666664,-0.09916666666666667,-0.2411111111111111,-0.13119999999999998,-0.11353333333333333,-0.4416666666666667,-0.28055555555555556,-0.10461111111111111,-0.1935888888888889,-0.0024333333333333334,-0.21666666666666667,-0.1254333333333333,-0.4198666666666667,-0.0031111111111111114,-0.4425666666666666,-0.0026555555555555555,-0.12913333333333332,-0.6078666666666667,-0.13275555555555554,-0.0014111111111111112,-0.4245777777777777,-0.5527777777777778,-0.22999999999999998,-0.0030444444444444447,-0.02297777777777778,-0.1935888888888889,-0.0016333333333333334,-0.07311111111111111,-0.04822222222222222,-0.05477777777777777,-0.509688888888889,-0.003011111111111111,-0.28444444444444444,-0.06455555555555556,-0.4141666666666667,-0.001988888888888889,-0.1123888888888889,-0.3886555555555556,-0.7055555555555556,-0.6194444444444445,-0.0754,-0.20020000000000002,-0.18999999999999997,-0.20053333333333334,-0.0981777777777778,-0.40315555555555554,-0.20826666666666666,-0.19211111111111112,-0.30977777777777776,-0.44037777777777776,-0.0006000000000000001,-0.3111111111111111,-0.008666666666666666,-0.3100333333333333,-0.4,-0.0022222222222222222,-0.2644444444444444,-0.3739333333333333,-0.4211666666666667,-0.8333333333333334,-0.8138888888888889,-0.4694444444444445,-0.45737777777777777,-0.10196666666666668,-0.2911111111111111,-0.025777777777777778,-0.012833333333333334,-0.06626666666666667,-0.27697777777777777,-0.07336666666666666,-0.5412,-0.12265555555555556,-0.018888888888888886,-0.25555555555555554,-0.07573333333333333,-0.008377777777777777,-0.013333333333333332,-0.5333333333333333
2024-07-16,-0.1344,-0.20027777777777778,-0.20884444444444444,-0.09866666666666668,-0.05413333333333334,-0.0103,-0.17568888888888887,-0.1622888888888889,-0.0920888888888889,-0.002488888888888889,-0.0006555555555555556,-0.0016444444444444447,-0.14658888888888888,-0.09834444444444444,-0.08926666666666666,-0.07317777777777779,-0.7168,-0.10453333333333335,-0.24719999999999998,-0.01068888888888889,-0.002988888888888889,-0.4212111111111111,-0.47637777777777773,-0.3210111111111111,-0.01831111111111111,-0.06875555555555556,-0.19653333333333334,-0.111,-0.48106666666666664,-0.15931111111111113,-0.1057111111111111,-0.3421888888888889,-0.2931555555555555,-0.3204444444444444,-0.0058,-0.12804444444444446,-0.0017333333333333335,-0.47502222222222223,-0.3808,-0.5647555555555555,-0.016433333333333335,-0.41391111111111106,-0.07282222222222222,-0.49172222222222217,-0.1612,-0.0501,-0.0022222222222222222,-0.07991111111111111,-0.1875333333333333,-0.0027333333333333333,-0.18253333333333333,-0.7317333333333333,-0.22035555555555555,-0.1876,-0.34026666666666666,-0.002177777777777778,-0.10524444444444446,-0.8242666666666667,-0.34104444444444443,-0.23673333333333335,-0.2826777777777778,-0.17166666666666666,-0.23346666666666668,-0.7068444444444445,-0.14873333333333333,-0.06057777777777778,-0.08462222222222222,-0.010777777777777777,-0.2845333333333333,-0.17813333333333334,-0.07346666666666667,-0.6394666666666667,-0.04736666666666667,-0.0936,-0.4440444444444444,-0.4392222222222222,-0.7421333333333334,-0.5948444444444444,-0.3886,-0.4828444444444444,-0.5044,-0.3923111111111111,-0.1522111111111111,-0.44302222222222226,-0.08551111111111112,-0.0027,-0.09373333333333334,-0.5539777777777778,-0.8712,-0.04095555555555556,-0.30522222222222223,-0.15046666666666667,-0.8536,-0.10746666666666667,-0.7018666666666666,-0.42895555555555553,-0.08087777777777777,-0.4323444444444444,-0.49866666666666665,-0.6072888888888889,-0.7744,-0.25906666666666667,-0.1692888888888889,-0.38799999999999996,-0.00011111111111111112,-0.792,-0.5841555555555555,-0.12588888888888888,-0.3752,-0.22631111111111113,-0.03484444444444445,-0.08345555555555555,-0.3588222222222222,-0.19946666666666665,-0.2996222222222222,-0.045755555555555556,-0.03383333333333333,-0.10204444444444444,-0.05662222222222223,-0.05226666666666668,-0.1077111111111111,-0.026,-0.17671111111111112,-0.002388888888888889,-0.0019666666666666665,-0.5602666666666667,-0.1568,-0.047377777777777776,-0.0003111111111111111,-0.42033333333333334,-0.27573333333333333,-0.5426666666666667,-0.08724444444444444,-0.0013000000000000002,-0.6072,-0.002377777777777778,-0.32755555555555554,-0.26944444444444443,-0.18915555555555558,-0.074,-0.5306888888888889,-0.05426666666666667,-0.35997777777777773,-0.13174444444444444,-0.035477777777777775,-0.3147111111111111,-0.27626666666666666,-0.36079999999999995,-0.23644444444444446,-0.14142222222222223,-0.37296666666666667,-0.0011,-0.17893333333333333,-0.6545777777777778,-0.5139888888888888,-0.3158666666666667,-0.6769777777777778,-0.2397111111111111,-0.13174444444444444,-0.5325444444444444,-0.1386666666666667,-0.8477333333333333,-0.17422222222222222,-0.050588888888888885,-0.06988888888888889,-0.2114222222222222,-0.0896,-0.029966666666666666,-0.15484444444444445,-0.3454222222222222,-0.06734444444444444,-0.5251222222222223,-0.032266666666666666,-0.28586666666666666,-0.09948888888888889,-0.000688888888888889,-0.03573333333333333,-0.3841333333333333,-0.08055555555555556,-0.12653333333333333,-0.05084444444444445,-0.13962222222222223,-0.5733777777777778,-0.49573333333333336,-0.0023333333333333335,-0.08715555555555556,-0.11733333333333333,-0.02466666666666667,-0.03755555555555556,-0.3674,-0.3708444444444444,-0.10205555555555554,-0.2672,-0.1224888888888889,-0.04742222222222222,-0.3439333333333333,-0.10195555555555556,-0.0008888888888888889,-0.15793333333333334,-0.0888,-0.0023111111111111114,-0.12017777777777779,-0.05767777777777778,-0.0725,-0.6023111111111111,-0.07295555555555555,-0.033188888888888886,-0.22928888888888888,-0.18997777777777777,-0.07337777777777778,-0.14186666666666667,-0.24888888888888888,-0.6197333333333334,-0.12906666666666666,-0.006866666666666667,-0.1408,-0.05264444444444444,-0.009155555555555556,-0.002477777777777778,-0.19569999999999999,-0.0021000000000000003,-0.03206666666666667,-0.037333333333333336,-0.1068888888888889,-0.2953111111111111,-0.0797888888888889,-0.05951111111111111,-0.07333333333333333,-0.49577777777777776,-0.02877777777777778,-0.05657777777777778,-0.05262222222222223,-0.3608888888888889,-0.49543333333333334,-0.3358555555555556,-0.0074111111111111105,-0.48400000000000004,-0.02706666666666667,-0.1831111111111111,-0.4106666666666667,-0.06866666666666667,-0.0014333333333333333,-0.46346666666666664,-0.2962666666666667,-0.05604444444444444,-0.11593333333333333,-0.21744444444444444,-0.24268888888888887,-0.06863333333333332,-0.2078222222222222,-0.04253333333333333,-0.0020444444444444442,-0.38577777777777783,-0.06798888888888889,-0.6097777777777778,-0.03351111111111111,-0.12444444444444444,-0.0012555555555555555,-0.03864444444444445,-0.4416222222222222,-0.26986666666666664,-0.20826666666666666,-0.24834444444444445,-0.019455555555555552,-0.2400888888888889,-0.11208888888888888,-0.1660888888888889,-0.6819555555555555,-0.10414444444444444,-0.38711111111111113,-0.12357777777777777,-0.6717333333333333,-0.00036666666666666667,-0.5898666666666668,-0.0011333333333333334,-0.2888444444444444,-0.6346666666666667,-0.0003555555555555556,-0.16597777777777775,-0.4181777777777777,-0.5661333333333333,-0.6922666666666666,-0.3373333333333334,-0.5052444444444445,-0.5884666666666666,-0.3318888888888889,-0.4407111111111111,-3.3333333333333335e-05,-0.0031666666666666666,-0.08337777777777777,-0.012988888888888888,-0.3655444444444444,-0.7466666666666667,-0.0927,-0.006933333333333334,-0.03711111111111111,-0.2784222222222222,-0.0026111111111111114,-0.15888888888888889,-0.5162666666666667
2024-07-17,-0.28472222222222227,-0.46166666666666667,-0.11388888888888889,-0.12944444444444442,-0.03611111111111111,-0.0084,-0.28583333333333333,-0.3636111111111111,-0.04682222222222222,-0.014777777777777779,-0.0015555555555555557,-0.0007666666666666668,-0.2638888888888889,-0.3930555555555556,-0.09537777777777778,-0.15353333333333333,-0.21159999999999995,-0.1687777777777778,-0.43833333333333335,-0.0017444444444444445,-0.049999999999999996,-0.598,-0.3956,-0.5036999999999999,-0.04231111111111111,-0.05333333333333333,-0.16329999999999997,-0.21700000000000003,-0.5128999999999999,-0.14722222222222223,-0.26786666666666664,-0.2392,-0.5152777777777778,-0.08833333333333333,-0.0003111111111111111,-0.2145111111111111,-0.03286666666666667,-0.5336,-0.1334,-0.575,-0.03235555555555556,-0.19549999999999998,-0.0675111111111111,-0.2668,-0.06899999999999999,-0.4,-0.11277777777777777,-0.17204444444444442,-0.19666666666666666,-0.08633333333333333,-0.14583333333333334,-0.23229999999999998,-0.4163,-0.2950888888888889,-0.6555,-0.08635555555555555,-0.3736111111111111,-0.3082,-0.5451,-0.31279999999999997,-0.04277777777777778,-0.13055555555555556,-0.15,-0.08049999999999999,-0.205,-0.13277777777777777,-0.23666666666666666,-0.014822222222222221,-0.49583333333333335,-0.10694444444444444,-0.07233333333333333,-0.5221,-0.11833333333333332,-0.18744444444444444,-0.49,-0.3059,-0.0184,-0.0253,-0.045,-0.11499999999999999,-0.4094,-0.45666666666666667,-0.13393333333333332,-0.38409999999999994,-0.21466666666666667,-0.03125555555555555,-0.2177777777777778,-0.24149999999999996,-0.17709999999999998,-0.010111111111111112,-0.1541,-0.16666666666666666,-0.13799999999999998,-0.3666666666666667,-0.0598,-0.34269999999999995,-0.08711111111111111,-0.04833333333333333,-0.5059999999999999,-0.2177777777777778,-0.1127,-0.33333333333333337,-0.034499999999999996,-0.48833333333333334,-0.0032333333333333333,-0.0138,-0.4255,-0.30924444444444443,-0.2877777777777778,-0.3864,-0.07404444444444444,-0.31251111111111113,-0.21388888888888888,-0.5428,-0.5267,-0.09566666666666666,-0.006066666666666667,-0.22916666666666669,-0.10611111111111111,-0.054455555555555556,-0.12755555555555556,-0.00013333333333333334,-0.14,-0.12222222222222223,-0.03811111111111111,-0.44389999999999996,-0.12666666666666668,-0.06831111111111111,-0.0023,-0.6141,-0.1311,-0.4508,-0.08442222222222222,-0.055744444444444444,-0.2254,-0.10266666666666667,-0.4355555555555556,-0.5197999999999999,-0.11861111111111113,-0.1927333333333333,-0.057499999999999996,-0.028333333333333335,-0.5772999999999999,-0.03,-0.16955555555555557,-0.3819444444444444,-0.35583333333333333,-0.5313,-0.25666666666666665,-0.016333333333333335,-0.2645,-0.018666666666666668,-0.3125,-0.6463,-0.16559999999999997,-0.40019999999999994,-0.18169999999999997,-0.5036111111111111,-0.4066666666666667,-0.09429999999999998,-0.31,-0.0437,-0.4116666666666667,-0.0811111111111111,-0.19755555555555557,-0.27984444444444445,-0.08477777777777779,-0.014499999999999999,-0.15694444444444444,-0.046,-0.17422222222222222,-0.16099999999999998,-0.4977777777777778,-0.34805555555555556,-0.015244444444444444,-0.0020888888888888893,-0.15888888888888889,-0.5405,-0.22213333333333335,-0.02411111111111111,-0.017777777777777778,-0.3458333333333333,-0.33119999999999994,-0.3197,-0.154,-0.21777777777777776,-0.3091666666666667,-0.021,-0.0016111111111111111,-0.1104,-0.48069999999999996,-0.051333333333333335,-0.4033333333333333,-0.12133333333333333,-0.06186666666666667,-0.1794,-0.2972666666666667,-0.0377,-0.325,-0.04044444444444445,-0.033288888888888896,-0.39861111111111114,-0.06798888888888889,-0.004999999999999999,-0.6486,-0.2341111111111111,-0.1088888888888889,-0.25,-0.37722222222222224,-0.028,-0.3927777777777778,-0.3151,-0.22999999999999998,-0.27805555555555556,-0.14777777777777779,-0.34027777777777785,-0.11822222222222223,-0.0812,-0.11900000000000001,-0.4627777777777778,-0.19166666666666668,-0.0266,-0.001088888888888889,-0.231,-0.525,-0.12361111111111113,-0.03963333333333333,-0.4013888888888889,-0.23689999999999997,-0.08944444444444444,-0.21886666666666668,-0.06833333333333333,-0.41859999999999997,-0.06416666666666668,-0.4347,-0.006533333333333335,-0.0874,-0.013377777777777778,-0.31500000000000006,-0.4219444444444445,-0.09566666666666666,-0.0005222222222222223,-0.5105999999999999,-0.45769999999999994,-0.12911111111111112,-0.017422222222222224,-0.10277777777777779,-0.2829,-0.014177777777777777,-0.27166666666666667,-0.3,-0.05477777777777777,-0.5794444444444444,-0.02877777777777778,-0.0092,-0.04865555555555555,-0.23916666666666667,-0.0007111111111111113,-0.04833333333333333,-0.1863,-0.022555555555555558,-0.11472222222222223,-0.35,-0.07121111111111111,-0.22769999999999999,-0.25044444444444447,-0.3513888888888889,-0.30129999999999996,-0.15444444444444444,-0.6784999999999999,-0.6716,-0.6877,-0.014155555555555557,-0.1679,-0.0020444444444444442,-0.04472222222222222,-0.039099999999999996,-0.0027,-0.43,-0.07777777777777778,-0.0069,-0.07819999999999999,-0.24609999999999999,-0.0552,-0.6003,-0.38,-0.1909,-0.0012666666666666668,-0.325,-0.3146888888888889,-0.0011111111111111111,-0.0161,-0.28059999999999996,-0.2700444444444444,-0.0013222222222222222,-0.1368888888888889,-0.105,-0.06722222222222221,-0.20009999999999997,-0.1288
2024-07-18,-0.1976,-0.19506666666666667,-0.06427777777777778,-0.15277777777777776,-0.0001,-0.0011,-0.26853333333333335,-0.3486222222222222,-0.0031000000000000003,-0.0508,-0.002466666666666667,-0.0029333333333333334,-0.384,-0.4332,-0.29893333333333333,-0.19583333333333333,-0.364,-0.25453333333333333,-0.22799999999999998,-0.001877777777777778,-0.0176,-0.6586666666666667,-0.684,-0.16213333333333335,-0.3206666666666667,-0.018,-0.03194444444444444,-0.298,-0.12413333333333333,-0.1523888888888889,-0.09799999999999999,-0.022,-0.5750666666666667,-0.05546666666666667,-0.0012000000000000001,-0.6890666666666666,-0.0027333333333333333,-0.6738666666666667,-0.31079999999999997,-0.2457333333333333,-0.1097777777777778,-0.2136,-0.0876,-0.308,-0.02466666666666667,-0.20773333333333333,-0.27666666666666667,-0.2194888888888889,-0.21805555555555556,-0.0452,-0.05625555555555556,-0.332,-0.10893333333333334,-0.17733333333333334,-0.3116,-0.05833333333333334,-0.44333333333333336,-0.566,-0.6257333333333334,-0.031244444444444446,-0.15719999999999998,-0.12818888888888888,-0.2263888888888889,-0.060866666666666666,-0.2148,-0.17061111111111113,-0.2861111111111111,-0.001788888888888889,-0.40280000000000005,-0.0031222222222222224,-0.16466666666666668,-0.23813333333333336,-0.21666666666666667,-0.0528,-0.26599999999999996,-0.012,-0.1176,-0.1512,-0.0024111111111111113,-0.2665222222222222,-0.588,-0.436,-0.1008,-0.3268,-0.5573333333333333,-0.14826666666666666,-0.496,-0.26944444444444443,-0.568,-0.0030555555555555557,-0.3763888888888889,-0.486,-0.15,-0.0025333333333333336,-0.07872222222222222,-0.45199999999999996,-0.0464,-0.13833333333333334,-0.20013333333333333,-0.0032888888888888894,-0.10255555555555555,-0.592,-0.06413333333333333,-0.3698666666666667,-0.3263888888888889,-0.4916888888888889,-0.31599999999999995,-0.33946666666666664,-0.4785333333333333,-0.46199999999999997,-0.1392,-0.09537777777777778,-0.57,-0.09583333333333334,-0.11906666666666668,-0.19182222222222223,-0.0028333333333333335,-0.027955555555555556,-0.04518888888888889,-0.26805555555555555,-0.18444444444444444,-0.002777777777777778,-0.24623333333333333,-0.2004,-0.13977777777777778,-0.30906666666666666,-0.2868,-0.0920888888888889,-0.016,-0.5928,-0.0948,-0.29386666666666666,-0.44235555555555556,-0.25822222222222224,-0.124,-0.12357777777777777,-0.08106666666666668,-0.010133333333333334,-0.20727777777777778,-0.03617777777777778,-0.05533333333333334,-0.06644444444444444,-0.29133333333333333,-0.0001777777777777778,-0.08,-0.3876,-0.028,-0.5649333333333333,-0.432,-0.0020333333333333336,-0.37,-0.0996,-0.41040000000000004,-0.1216,-0.186,-0.2065777777777778,-0.19733333333333336,-0.20520000000000002,-0.10386666666666666,-0.294,-0.38253333333333334,-0.4768888888888889,-0.0456,-0.04911111111111111,-0.20555555555555557,-0.09799999999999999,-0.18272222222222223,-0.002677777777777778,-0.11199999999999999,-0.25,-0.182,-0.07916666666666668,-0.09199999999999998,-0.572,-0.002666666666666667,-0.1978888888888889,-0.41546666666666665,-0.41800000000000004,-0.2433777777777778,-0.08279999999999998,-0.002844444444444445,-0.4965333333333333,-0.594,-0.484,-0.5092,-0.3445333333333333,-0.146,-0.028399999999999998,-0.002455555555555556,-0.2656,-0.28373333333333334,-0.002255555555555556,-0.6358666666666667,-0.0756,-0.11017777777777778,-0.2638888888888889,-0.06333333333333332,-0.0014222222222222225,-0.3065333333333333,-0.06355555555555556,-0.15893333333333334,-0.2432,-0.042611111111111113,-0.0029111111111111113,-0.032933333333333335,-0.02,-0.0144,-0.1184,-0.4458666666666667,-0.038,-0.017733333333333334,-0.206,-0.09799999999999999,-0.06999999999999999,-0.16773333333333335,-0.4712,-0.024,-0.18167777777777777,-0.04053333333333334,-0.5193333333333333,-0.25972222222222224,-0.04694444444444445,-0.002388888888888889,-0.5117333333333334,-0.3622666666666667,-0.12266666666666667,-0.04426666666666667,-0.4382666666666667,-0.05097777777777778,-0.0332,-0.27999999999999997,-0.0736,-0.5041333333333333,-0.019366666666666667,-0.17200000000000001,-0.002377777777777778,-0.1913888888888889,-0.1032,-0.33440000000000003,-0.28284444444444445,-0.15677777777777777,-0.0008222222222222223,-0.33693333333333336,-0.07346666666666667,-0.26,-0.0016,-0.040799999999999996,-0.214,-0.0027222222222222222,-0.35026666666666667,-0.504,-0.0928,-0.09626666666666668,-0.0816,-0.07640000000000001,-0.08960000000000001,-0.03946666666666667,-0.0020111111111111115,-0.07733333333333334,-0.3652777777777778,-0.026133333333333335,-0.3276,-0.20199999999999999,-0.0336,-0.074,-0.29106666666666664,-0.3141333333333333,-0.222,-0.514,-0.4661333333333333,-0.3470666666666667,-0.2888,-0.00030000000000000003,-0.3277777777777778,-0.0013000000000000002,-0.21395555555555557,-0.009600000000000001,-0.12426666666666666,-0.4762666666666667,-0.01877777777777778,-0.0025444444444444447,-0.4851111111111111,-0.13155555555555556,-0.22222222222222224,-0.7143999999999999,-0.3256,-0.10999999999999999,-0.0021000000000000003,-0.4176888888888889,-0.008222222222222223,-0.002711111111111111,-0.37222222222222223,-0.586,-0.4055555555555556,-0.0013222222222222222,-0.19274444444444444,-0.11194444444444446,-0.002766666666666667,-0.1388888888888889,-0.20005555555555557
2024-07-19,-0.09236666666666668,-0.07606666666666667,-0.07883333333333334,-0.0494,-0.0011444444444444445,-0.04475555555555556,-0.33359999999999995,-0.4488,-0.020055555555555556,-0.052066666666666664,-0.0014,-0.08910000000000001,-0.4992,-0.6671999999999999,-0.4509666666666666,-0.15213333333333334,-0.007244444444444445,-0.13199999999999998,-0.20879999999999999,-0.0104,-0.053899999999999997,-0.5136000000000001,-0.47279999999999994,-0.32056666666666667,-0.0833111111111111,-0.0026333333333333334,-0.020800000000000003,-0.552,-0.2789111111111111,-0.0817,-0.18489999999999998,-0.2666,-0.6599999999999999,-0.08763333333333333,-0.0019222222222222223,-0.576,-0.21230000000000002,-0.012,-0.4600222222222222,-0.2300111111111111,-0.14040000000000002,-0.4128,-0.11306666666666668,-0.19016666666666665,-0.2849,-0.040799999999999996,-0.5351999999999999,-0.32230000000000003,-0.16913333333333333,-0.05341111111111112,-0.12942222222222224,-0.31246666666666667,-0.17916666666666667,-0.0504,-0.48719999999999997,-0.20366666666666666,-0.36,-0.18,-0.6696,-0.1551,-0.2871,-0.16483333333333333,-0.1364,-0.05793333333333333,-0.21786666666666668,-0.2486,-0.25656666666666667,-0.015622222222222223,-0.06157777777777777,-0.03813333333333333,-0.1221,-0.28072222222222226,-0.21914444444444445,-0.12826666666666667,-0.07596666666666667,-0.3139,-0.008666666666666666,-0.008533333333333334,-0.0008555555555555556,-0.1128,-0.4392,-0.09417777777777778,-0.2079,-0.5544,-0.5015999999999999,-0.2376,-0.32639999999999997,-0.4271333333333333,-0.4364777777777778,-0.0023222222222222225,-0.4147444444444444,-0.6048,-0.4368,-0.1248,-0.011366666666666667,-0.46799999999999997,-0.14271111111111112,-0.18773333333333334,-0.32781111111111116,-0.11960000000000001,-0.42569999999999997,-0.49679999999999996,-0.22273333333333334,-0.1344,-0.1304,-0.6648,-0.4085,-0.22276666666666664,-0.49439999999999995,-0.2544,-0.0007111111111111113,-0.31103333333333333,-0.6527999999999999,-0.0275,-0.44191111111111114,-0.33505555555555555,-0.018333333333333333,-0.0627,-0.04053333333333334,-0.14126666666666668,-0.07787777777777778,-0.005911111111111112,-0.1368,-0.07425555555555555,-0.2551333333333333,-0.5711999999999999,-0.19922222222222222,-0.1342,-0.010633333333333333,-0.019200000000000002,-0.1463,-0.192,-0.33599999999999997,-0.348,-0.18292222222222224,-0.242,-0.34592222222222224,-0.08533333333333334,-0.5903999999999999,-0.11671111111111111,-0.017333333333333336,-0.02275555555555556,-0.4008,-0.00015555555555555556,-0.0468,-0.22079999999999997,-0.18150000000000002,-0.38639999999999997,-0.25680000000000003,-0.001488888888888889,-0.5064,-0.15623333333333334,-0.1824,-0.5107333333333333,-0.4129333333333333,-0.33,-0.0935,-0.45599999999999996,-0.4382888888888889,-0.2637333333333333,-0.648,-0.3511666666666667,-0.04165555555555555,-0.061222222222222226,-0.24080000000000001,-0.007700000000000001,-0.0312,-0.051911111111111116,-0.14906666666666668,-0.3124,-0.0163,-0.25046666666666667,-0.16196666666666665,-0.6,-0.021955555555555558,-0.014300000000000002,-0.5952,-0.31679999999999997,-0.49443333333333334,-0.0806,-0.05023333333333333,-0.36239999999999994,-0.6023999999999999,-0.09680000000000001,-0.54,-0.4824,-0.0489,-0.021111111111111112,-0.00042222222222222227,-0.408,-0.5304,-0.117,-0.2736,-0.10313333333333334,-0.0935,-0.2838,-0.2644222222222222,-0.05404444444444445,-0.6624,-0.034133333333333335,-0.6864,-0.37127777777777776,-0.11497777777777778,-0.003377777777777778,-0.005433333333333333,-0.11753333333333332,-0.015644444444444447,-0.22503333333333334,-0.4752,-0.056100000000000004,-0.10669999999999999,-0.3404888888888889,-0.07023333333333333,-0.0627,-0.35135555555555553,-0.1368,-0.04053333333333334,-0.23363333333333333,-0.08653333333333332,-0.2304,-0.23544444444444446,-0.04564444444444444,-0.001088888888888889,-0.108,-0.5448000000000001,-0.34773333333333334,-0.0010111111111111113,-0.0624,-0.11353333333333333,-0.02137777777777778,-0.1992,-0.0010444444444444446,-0.39359999999999995,-0.0003888888888888889,-0.6312,-0.014666666666666666,-0.2589888888888889,-0.47994444444444445,-0.5327999999999999,-0.26985555555555557,-0.0817,-0.00036666666666666667,-0.19440000000000002,-0.10323333333333333,-0.163,-0.0001666666666666667,-0.09863333333333332,-0.0817,-0.032933333333333335,-0.3694666666666667,-0.2592,-0.14222222222222222,-0.18473333333333336,-0.022533333333333336,-0.0014222222222222225,-0.14386666666666667,-0.1276,-0.01498888888888889,-0.032933333333333335,-0.42,-0.03153333333333334,-0.4224,-0.5616,-0.016466666666666668,-0.4228333333333333,-0.010866666666666667,-0.4056,-0.301,-0.432,-0.7104,-0.5071111111111111,-0.384,-0.00022222222222222223,-0.2937,-0.09013333333333334,-0.12373333333333333,-0.16497777777777778,-0.10890000000000001,-0.41039999999999993,-0.10046666666666666,-0.002177777777777778,-0.6983999999999999,-0.30529999999999996,-0.0627,-0.2688,-0.3841333333333333,-0.41136666666666666,-0.024700000000000003,-0.6384,-0.09606666666666666,-0.10779999999999999,-0.1611888888888889,-0.7176,-0.5591999999999999,-0.002888888888888889,-0.0817,-0.1635111111111111,-0.0031222222222222224,-0.4908111111111111,-0.32120000000000004
2024-07-22,-0.08298888888888888,-0.07853333333333333,-0.0833,-0.0721,-0.032799999999999996,-0.023333333333333334,-0.2041,-0.06977777777777777,-0.06810000000000001,-0.008199999999999999,-0.0174,-0.1280111111111111,-0.3384222222222222,-0.010466666666666666,-0.003488888888888889,-0.20235555555555554,-0.196,-0.16671111111111112,-0.3070222222222222,-0.0004,-0.026666666666666665,-0.38203333333333334,-0.3174888888888889,-0.26689999999999997,-0.10641111111111111,-0.08083333333333333,-0.07999999999999999,-0.08896666666666667,-0.2791111111111111,-0.02617777777777778,-0.3244666666666667,-0.17136666666666667,-0.4448333333333333,-0.2002,-0.0156,-0.46576666666666666,-0.18106666666666668,-0.03448888888888889,-0.26689999999999997,-0.4221555555555555,-0.08817777777777779,-0.43785555555555555,-0.1246,-0.3035333333333333,-0.17550000000000002,-0.02371111111111111,-0.37156666666666666,-0.4047111111111111,-0.4919333333333333,-0.3651111111111111,-0.23835555555555554,-0.20253333333333332,-0.45355555555555555,-0.07005555555555555,-0.1849111111111111,-0.19702222222222224,-0.3349333333333333,-0.1325777777777778,-0.12734444444444445,-0.37505555555555553,-0.3237777777777778,-0.2899222222222222,-0.1656,-0.036899999999999995,-0.0157,-0.33144444444444443,-0.4273888888888889,-0.0207,-0.2866888888888889,-0.014400000000000001,-0.048499999999999995,-0.06803333333333333,-0.18839999999999998,-0.07328888888888888,-0.5058888888888888,-0.04822222222222222,-0.0375,-0.057300000000000004,-0.003066666666666667,-0.14053333333333334,-0.3611,-0.19723333333333332,-0.07152222222222221,-0.09594444444444443,-0.12211111111111111,-0.08514444444444443,-0.05756666666666666,-0.3698222222222222,-0.514611111111111,-0.0026555555555555555,-0.19014444444444445,-0.5215888888888889,-0.02267777777777778,-0.15480000000000002,-0.054799999999999995,-0.10815555555555555,-0.050588888888888885,-0.04957777777777777,-0.3401666666666667,-0.041299999999999996,-0.4570444444444444,-0.20933333333333334,-0.04133333333333333,-0.5198444444444444,-0.29829999999999995,-0.16572222222222222,-0.314,-0.2355,-0.1256,-0.15002222222222222,-0.0032111111111111116,-0.20584444444444444,-0.35935555555555554,-0.027333333333333334,-0.39249999999999996,-0.3401666666666667,-0.0021,-0.0259,-0.07222222222222222,-0.11316666666666665,-0.24357777777777775,-0.0008,-0.2232,-0.0924,-0.2548888888888889,-0.4727444444444444,-0.28957777777777777,-0.015155555555555556,-0.003,-0.15196666666666664,-0.10454444444444443,-0.2808555555555555,-0.4675111111111111,-0.4587888888888889,-0.33480000000000004,-0.3968,-0.45006666666666667,-0.059444444444444446,-0.33667777777777774,-0.2320111111111111,-0.06277777777777777,-0.12333333333333332,-0.40296666666666664,-0.0006000000000000001,-0.026166666666666668,-0.48495555555555553,-0.12537777777777778,-0.45181111111111105,-0.047099999999999996,-0.0017555555555555556,-0.4361111111111111,-0.1116,-0.034444444444444444,-0.2546888888888889,-0.3844,-0.5181,-0.06999999999999999,-0.26166666666666666,-0.08547777777777778,-0.21330000000000002,-0.4116888888888889,-0.4023111111111111,-0.0396,-0.5076333333333333,-0.24247777777777776,-0.07680000000000001,-0.08249999999999999,-0.042366666666666664,-0.09699999999999999,-0.3912888888888889,-0.1338888888888889,-0.3837777777777777,-0.23495555555555553,-0.2477111111111111,-0.016,-0.08722222222222221,-0.005233333333333333,-0.3401666666666667,-0.20061111111111113,-0.18810000000000002,-0.011899999999999999,-0.14827777777777776,-0.36284444444444447,-0.15088888888888888,-0.4343666666666666,-0.44308888888888887,-0.06999999999999999,-0.0303,-0.000977777777777778,-0.04012222222222222,-0.3855222222222222,-0.07302222222222222,-0.19363333333333332,-0.2457333333333333,-0.0728,-0.44134444444444443,-0.03663333333333334,-0.14478888888888888,-0.2232888888888889,-0.08883333333333333,-0.41517777777777776,-0.3907555555555556,-0.0084,-0.0031666666666666666,-0.09519999999999999,-0.03857777777777778,-0.014122222222222222,-0.3297,-0.2913222222222222,-0.0005555555555555556,-0.08837777777777776,-0.1290888888888889,-0.2590222222222222,-0.0658,-0.31225555555555556,-0.44832222222222223,-0.1309,-0.3052777777777778,-0.034888888888888886,-0.3401666666666667,-0.3401666666666667,-0.0015222222222222223,-0.08789999999999999,-0.23284444444444444,-0.2989777777777778,-0.5128666666666667,-0.054,-0.12262222222222223,-0.14850000000000002,-0.05876666666666666,-0.23422222222222222,-0.026799999999999997,-0.2529444444444444,-0.003188888888888889,-0.37679999999999997,-0.046,-0.1953777777777778,-0.059311111111111106,-0.31574444444444444,-0.0976888888888889,-0.09915555555555554,-0.0023333333333333335,-0.3401666666666667,-0.08945555555555555,-0.0567,-0.00015555555555555556,-0.1593,-0.17550000000000002,-0.13777777777777778,-0.30724444444444443,-0.22154444444444443,-0.2634111111111111,-0.06888888888888889,-0.12420000000000002,-0.001377777777777778,-0.17095555555555556,-0.0864,-0.0025444444444444447,-0.0342,-0.19188888888888886,-0.002166666666666667,-0.4082,-0.2651555555555556,-0.0094,-0.4308777777777778,-0.0014555555555555556,-0.4832111111111111,-0.11687777777777777,-0.0662888888888889,-0.5233333333333333,-0.008722222222222221,-0.2599222222222222,-0.0029000000000000002,-0.15176666666666666,-0.0462,-0.1092,-0.03944444444444444,-0.0546,-0.04186666666666666,-0.01958888888888889,-0.0052,-0.4291333333333333,-0.21282222222222222,-0.24570000000000003,-0.2703888888888889,-0.011022222222222223,-0.42564444444444444,-0.06742222222222222,-0.3680777777777778,-0.4396,-0.2511222222222222,-0.21016666666666667,-0.1727,-0.5163555555555556,-0.24480000000000002,-0.2376,-0.49367777777777777,-0.28434444444444446,-0.4186666666666667,-0.3733111111111111
2024-07-23,-0.21388888888888888,-0.28888888888888886,-0.08127777777777777,-0.22694444444444445,-0.0013222222222222222,-0.06506666666666668,-0.5201333333333333,-0.31,-0.15485555555555555,-0.001477777777777778,-0.00042222222222222227,-0.2710666666666667,-0.23813333333333336,-0.04994444444444445,-0.005277777777777777,-0.4167777777777778,-0.13777777777777778,-0.28600000000000003,-0.11266666666666668,-0.000988888888888889,-0.0448,-0.14055555555555554,-0.33840000000000003,-0.5117777777777778,-0.25833333333333336,-0.07093333333333333,-0.18052222222222222,-0.19217777777777778,-0.23594444444444446,-0.07075555555555556,-0.17755555555555555,-0.03755555555555556,-0.629688888888889,-0.23116666666666666,-0.002177777777777778,-0.3823111111111111,-0.3220555555555556,-0.1728222222222222,-0.1733777777777778,-0.1995888888888889,-0.04961111111111111,-0.18834444444444445,-0.04177777777777778,-0.24627777777777782,-0.17859999999999998,-0.21902222222222223,-0.32377777777777783,-0.14622222222222223,-0.8377111111111111,-0.3216888888888889,-0.08377777777777778,-0.18083333333333335,-0.34014444444444447,-0.1292,-0.15666666666666668,-0.2548444444444445,-0.46945555555555557,-0.05166666666666667,-0.3300444444444444,-0.3467555555555556,-0.47000000000000003,-0.1461777777777778,-0.050666666666666665,-0.030933333333333334,-0.031166666666666665,-0.07027777777777777,-0.10401111111111112,-0.00030000000000000003,-0.25144444444444447,-0.001,-0.056466666666666665,-0.1458888888888889,-0.4804444444444445,-0.02436666666666667,-0.6549888888888888,-0.078,-0.011022222222222223,-0.0068000000000000005,-0.06587777777777777,-0.3470666666666667,-0.23604444444444445,-0.08955555555555555,-0.26177777777777783,-0.30288888888888893,-0.018944444444444448,-0.11294444444444444,-0.11883333333333335,-0.04386666666666667,-0.5397333333333334,-0.0204,-0.11906666666666668,-0.4638333333333334,-0.186,-0.09077777777777778,-0.018133333333333335,-0.1446666666666667,-0.2531666666666667,-0.0385,-0.3363111111111111,-0.009066666666666667,-0.4160444444444445,-0.4553777777777778,-0.014777777777777779,-0.759,-0.2051111111111111,-0.5389333333333334,-0.03968888888888889,-0.050555555555555555,-0.10161111111111111,-0.12744444444444447,-0.0896,-0.1357777777777778,-0.07102222222222222,-0.0028777777777777777,-0.4722666666666667,-0.4720888888888889,-0.0017777777777777779,-0.09280000000000001,-0.14903333333333335,-0.2987222222222222,-0.2962222222222223,-0.0013000000000000002,-0.3660666666666667,-0.15356666666666668,-0.3926666666666667,-0.18382222222222225,-0.24805555555555553,-0.15073333333333336,-0.0008444444444444445,-0.2975555555555556,-0.1496,-0.36973333333333336,-0.17147777777777778,-0.39480000000000004,-0.4950666666666667,-0.36825555555555556,-0.5734666666666668,-0.0408,-0.2276888888888889,-0.14300000000000002,-0.052977777777777776,-0.1685444444444444,-0.36263333333333336,-0.0002,-0.07288888888888889,-0.2698666666666667,-0.1938,-0.2979777777777778,-0.03546666666666667,-0.0007111111111111113,-0.44134444444444443,-0.1826111111111111,-0.012466666666666668,-0.3927111111111112,-0.4610222222222222,-0.36544444444444446,-0.0006666666666666668,-0.27573333333333333,-0.19116666666666668,-0.07922222222222222,-0.34576666666666667,-0.03551111111111111,-0.0026444444444444445,-0.4919444444444445,-0.15706666666666666,-0.19078888888888887,-0.23395555555555558,-0.10311111111111111,-0.05836666666666667,-0.8433333333333334,-0.3466666666666667,-0.06746666666666667,-0.1650222222222222,-0.3718222222222223,-0.003022222222222222,-0.002711111111111111,-0.008866666666666667,-0.4428444444444445,-0.4198666666666667,-0.06233333333333333,-0.09813333333333335,-0.2464888888888889,-0.6521777777777777,-0.2966111111111111,-0.6493666666666668,-0.5369222222222223,-0.23527777777777775,-0.09920000000000001,-0.002788888888888889,-0.4116666666666667,-0.48880000000000007,-0.004622222222222223,-0.4324,-0.5472888888888889,-0.1016888888888889,-0.4750777777777778,-0.31344444444444447,-0.2673777777777778,-0.38435555555555556,-0.13543333333333335,-0.19115555555555555,-0.5453555555555556,-0.0884,-0.07956666666666666,-0.15938888888888886,-0.24126666666666663,-0.002988888888888889,-0.0027333333333333333,-0.4365777777777778,-0.002466666666666667,-0.304,-0.3676444444444445,-0.3909444444444445,-0.3113888888888889,-0.5368444444444445,-0.7674333333333334,-0.3686,-0.3408888888888889,-0.42404444444444445,-0.4783555555555556,-0.5431111111111112,-0.0033222222222222225,-0.012833333333333334,-0.3806111111111112,-0.28072222222222226,-0.7140222222222222,-0.119,-0.312,-0.11526666666666667,-0.10382222222222223,-0.2934444444444444,-0.0028111111111111114,-0.45955555555555555,-0.0017000000000000001,-0.3572,-0.06933333333333334,-0.38711111111111113,-0.5326666666666667,-0.38017777777777784,-0.152,-0.14053333333333334,-0.0017666666666666668,-0.4770555555555556,-0.2807777777777778,-0.10204444444444445,-0.0027444444444444448,-0.050666666666666665,-0.3052666666666667,-0.16603333333333334,-0.3186111111111112,-0.36683333333333334,-0.1997777777777778,-0.16611111111111113,-0.07876666666666667,-6.666666666666667e-05,-0.11906666666666668,-0.16093333333333334,-0.2079,-0.16773333333333335,-0.4246666666666667,-0.0033,-0.28826666666666667,-0.36346666666666666,-0.0031111111111111114,-0.2277,-0.0005444444444444445,-0.5847111111111112,-0.24446666666666667,-0.12572222222222224,-0.0253,-0.03322222222222222,-0.0041777777777777785,-0.014577777777777778,-0.07233333333333335,-0.001088888888888889,-0.0221,-0.0357,-0.02737777777777778,-0.19355555555555556,-0.004533333333333334,-1.1111111111111113e-05,-0.7449444444444444,-0.37391111111111114,-0.004222222222222223,-0.17911111111111114,-0.08298888888888888,-0.1489888888888889,-0.07083333333333335,-0.2088888888888889,-0.09276666666666668,-0.18344444444444447,-0.24555555555555555,-0.02088888888888889,-0.3373333333333334,-0.20222222222222222,-0.3795,-0.12368888888888889,-0.3968888888888889,-0.38853333333333334,-0.2305111111111111
2024-07-24,-0.22039999999999998,-0.025777777777777778,-0.001877777777777778,-0.03608888888888889,-0.0004666666666666667,-0.0021111111111111113,-0.3863666666666667,-0.05284444444444444,-0.00013333333333333334,-0.0015555555555555557,-0.0006444444444444444,-0.4496666666666666,-0.44755555555555554,-0.0016222222222222224,-0.0014111111111111112,-0.0020444444444444442,-0.009022222222222223,-0.0003333333333333334,-0.0018333333333333335,-0.0024000000000000002,-0.0002777777777777778,-0.5016,-0.6738666666666667,-0.4094,-0.12497777777777778,-0.0021222222222222224,-0.03995555555555556,-0.001988888888888889,-0.0007222222222222223,-0.001377777777777778,-0.0013666666666666666,-0.08022222222222222,-0.3836,-0.4160444444444445,-0.0012666666666666668,-0.6636,-0.32866666666666666,-0.009866666666666668,-0.32395555555555555,-0.39899999999999997,-0.0007111111111111113,-0.43119999999999997,-0.00012222222222222224,-0.002211111111111111,-0.00021111111111111113,-0.3453333333333333,-0.6561333333333333,-0.36569999999999997,-0.9571111111111111,-0.3267777777777778,-0.0014444444444444446,-0.10572222222222222,-0.30093333333333333,-0.3235111111111111,-0.2874222222222222,-0.09151111111111111,-0.2964,-0.29977777777777775,-0.12666666666666665,-0.0015444444444444444,-0.1127,-0.000488888888888889,-0.0005888888888888889,-0.0010333333333333334,-8.88888888888889e-05,-0.0009555555555555556,-0.0011222222222222224,-0.0011666666666666668,-0.14306666666666665,-0.0012555555555555555,-0.00025555555555555553,-0.1997777777777778,-0.41519999999999996,-0.0016666666666666668,-0.20688888888888887,-0.08265555555555557,-0.00028888888888888893,-0.0007555555555555555,-0.0010666666666666667,-0.76,-0.03546666666666667,-0.13404444444444444,-0.0011777777777777778,-0.0920888888888889,-0.0012333333333333335,-0.00036666666666666667,-0.001188888888888889,-0.3952,-0.5066666666666666,-0.0027222222222222222,-0.001511111111111111,-0.2738888888888889,-0.2457333333333333,-0.0008666666666666667,-0.0007,-0.0005333333333333334,-0.3042222222222222,-0.00023333333333333336,-0.13263333333333333,-0.0012777777777777779,-0.0056,-0.5421333333333334,-0.0021333333333333334,-0.3544444444444444,-0.09924444444444444,-0.3248,-0.18999999999999997,-0.0015666666666666667,-0.11017777777777778,-0.09022222222222222,-0.08506666666666667,-0.24839999999999998,-0.22769999999999999,-0.0017000000000000001,-0.3388,-0.25906666666666667,-0.002577777777777778,-0.2500444444444444,-0.06702222222222222,-0.8063999999999999,-0.002755555555555556,-0.0032888888888888894,-0.9243333333333332,-0.4884,-0.2807777777777778,-0.336,-0.2655111111111111,-0.26526666666666665,-0.0009222222222222223,-0.027444444444444445,-0.003066666666666667,-0.44389999999999996,-0.3404,-0.2533333333333333,-0.2638888888888889,-0.3187777777777777,-0.30146666666666666,-0.001488888888888889,-0.4686666666666667,-0.0020222222222222226,-0.0018000000000000002,-0.2598222222222222,-0.3979,-0.0015,-0.0017777777777777779,-0.5036999999999999,-0.10568888888888887,-0.5543,-0.00018888888888888888,-0.001955555555555556,-0.6662666666666667,-0.0024222222222222223,-0.0002444444444444445,-0.602,-0.0781111111111111,-0.6579999999999999,-0.0018111111111111112,-0.2944,-0.19591111111111112,-0.36475555555555556,-0.2492,-0.4613333333333334,-0.001588888888888889,-0.1428,-0.0005111111111111111,-0.0001666666666666667,-0.0020888888888888893,-0.8148,-0.0006555555555555556,-0.47527777777777774,-0.2864111111111111,-0.04768888888888889,-0.05262222222222223,-0.6586666666666667,-0.003188888888888889,-0.003011111111111111,-0.00043333333333333337,-0.40019999999999994,-0.8092,-0.002988888888888889,-0.4768888888888889,-0.12115555555555556,-0.7756,-0.742,-0.7784,-0.5628,-0.4454444444444444,-0.4292,-0.0028666666666666667,-0.7475999999999999,-0.5628,-0.0006333333333333334,-0.43573333333333336,-0.7346666666666667,-0.3821111111111111,-0.06577777777777778,-0.30417777777777777,-0.0003888888888888889,-0.3648,-0.0031555555555555555,-0.6888,-0.3771999999999999,-0.0026555555555555555,-0.002,-0.008222222222222223,-0.3546666666666667,-0.0018444444444444446,-0.0031000000000000003,-0.49,-0.0029111111111111113,-0.5024444444444445,-0.29515555555555556,-0.20952222222222222,-0.7055999999999999,-0.4507999999999999,-0.5441111111111111,-0.885,-0.2410222222222222,-0.15200000000000002,-0.4623,-0.7867999999999999,-0.7196,-0.000977777777777778,-0.1932,-0.5228444444444444,-0.8635555555555555,-0.0031111111111111114,-0.10182222222222222,-1.1111111111111113e-05,-0.575,-0.826,-0.0028222222222222225,-0.5674666666666667,-4.444444444444445e-05,-0.6130666666666666,-0.0014555555555555556,-0.6279,-0.7422666666666667,-0.5207999999999999,-0.0023,-0.0030555555555555557,-0.0025555555555555557,-0.7958888888888889,-0.0024444444444444444,-0.4344222222222222,-0.002711111111111111,-0.0001777777777777778,-0.29773333333333335,-0.6552,-0.21213333333333334,-0.1557,-0.2526222222222222,-0.0772888888888889,-0.0030444444444444447,-0.002588888888888889,-0.00037777777777777777,-0.2491111111111111,-0.0023111111111111114,-0.5700000000000001,-0.9767777777777776,-0.5750666666666667,-0.7245333333333334,-0.3036,-0.31320000000000003,-0.7168,-0.0017444444444444445,-0.2548,-0.17684444444444442,-0.1562222222222222,-0.05039999999999999,-0.0006000000000000001,-0.4786333333333333,-0.0004,-0.09666666666666666,-0.0016333333333333334,-0.0008888888888888889,-0.0005,-0.0011333333333333334,-0.0038666666666666667,-0.0002666666666666667,-0.0008222222222222223,-0.8231999999999999,-0.2422,-0.0012444444444444445,-0.23689999999999997,-0.3206666666666667,-0.5083,-0.002466666666666667,-0.027999999999999997,-0.0006777777777777778,-0.43413333333333337,-0.0001,-0.8371999999999999,-0.49559999999999993,-0.1184,-0.000688888888888889,-0.14032222222222224,-0.5851999999999999,-0.062099999999999995,-0.3416
2024-07-25,-0.001088888888888889,-0.0021333333333333334,-0.0013000000000000002,-0.002277777777777778,-0.0028666666666666667,-0.0002666666666666667,-0.3076666666666667,-0.0031555555555555555,-0.0012000000000000001,-0.00042222222222222227,-0.0025222222222222226,-0.41144444444444445,-0.13372222222222221,-0.0005111111111111111,-0.0014111111111111112,-0.002166666666666667,-0.003266666666666667,-0.0020777777777777778,-0.002677777777777778,-0.0020666666666666667,-0.0018333333333333335,-0.3168888888888889,-0.22400000000000003,-0.5016666666666666,-0.0027333333333333333,-0.0023555555555555556,-0.0027222222222222222,-0.0018444444444444446,-0.0025333333333333336,-0.0029111111111111113,-0.002588888888888889,-0.4506666666666667,-0.41600000000000004,-0.0005666666666666667,-0.0011555555555555557,-0.03466666666666667,-0.46907777777777776,-0.0029000000000000002,-0.14177777777777778,-0.3111111111111111,-0.002777777777777778,-0.44977777777777783,-0.0014333333333333333,-0.003011111111111111,-0.003188888888888889,-0.23199999999999998,-0.16403333333333334,-0.2986111111111111,-0.9307555555555556,-0.2738888888888889,-0.0024222222222222223,-0.03222222222222222,-0.35777777777777775,-0.2336111111111111,-0.002711111111111111,-0.0016222222222222224,-0.377,-0.18666666666666668,-0.5525,-0.0016333333333333334,-0.0033,-0.003177777777777778,-0.003255555555555556,-0.0009000000000000001,-0.002888888888888889,-0.0029444444444444444,-0.0015,-0.002377777777777778,-0.0025666666666666667,-0.0011777777777777778,-0.0028555555555555556,-0.0013000000000000002,-0.7181111111111111,-0.0031666666666666666,-0.5958333333333333,-0.0022222222222222222,-0.0015555555555555557,-0.001477777777777778,-0.0011333333333333334,-0.34274444444444446,-0.4355555555555556,-0.0028777777777777777,-0.0032222222222222222,-0.0027,-0.003,-0.0001777777777777778,-0.003077777777777778,-0.11861111111111113,-0.4682222222222222,-0.00012222222222222224,-0.003088888888888889,-0.36533333333333334,-0.3678888888888889,-0.0027444444444444448,-0.0018222222222222223,-0.0026111111111111114,-0.3302777777777778,-0.0020111111111111115,-0.1963888888888889,-0.0002777777777777778,-0.0019111111111111113,-0.5013333333333334,-0.002955555555555556,-0.6187222222222222,-0.0012444444444444445,-0.6240000000000001,-0.0010333333333333334,-0.002966666666666667,-0.0031000000000000003,-0.003022222222222222,-0.0018555555555555556,-0.47055555555555556,-0.3206111111111111,-0.0008333333333333334,-0.5698888888888889,-0.0013000000000000002,-0.16916666666666666,-0.00028888888888888893,-0.0001666666666666667,-0.5502777777777779,-0.14950000000000002,-0.03305555555555555,-0.1320666666666667,-0.30501111111111107,-0.2883888888888889,-0.4706111111111111,-0.049944444444444444,-0.0725,-0.00036666666666666667,-0.0021444444444444445,-0.11733333333333335,-0.4788333333333334,-0.07572222222222223,-0.4472222222222223,-0.2535,-0.2877777777777778,-0.2535,-0.0023666666666666667,-0.010666666666666668,-0.0032444444444444448,-0.0002444444444444445,-0.07733333333333334,-0.5470555555555555,-0.0008888888888888889,-0.0016666666666666668,-0.4085,-0.0007555555555555555,-0.32711111111111113,-0.0024444444444444444,-0.0009555555555555556,-0.4546888888888888,-0.17883333333333334,-0.0005888888888888889,-0.07777777777777778,-0.3856666666666667,-0.5173333333333333,-0.00011111111111111112,-0.37483333333333335,-0.0008555555555555556,-0.0175,-0.7360000000000001,-0.012888888888888889,-0.0015444444444444444,-0.4801666666666667,-0.0007777777777777778,-0.0026222222222222224,-0.0012222222222222222,-0.06603333333333335,-0.001188888888888889,-0.1698666666666667,-0.348,-0.0028111111111111114,-0.002255555555555556,-0.25333333333333335,-0.09866666666666668,-0.07733333333333334,-0.001588888888888889,-0.49449999999999994,-0.1928111111111111,-0.16594444444444445,-0.01572222222222222,-0.0016777777777777778,-0.2503666666666666,-0.22954444444444447,-0.8827,-0.3973333333333333,-0.26994444444444443,-0.3822,-0.0032222222222222222,-0.2184,-0.5093333333333334,-3.3333333333333335e-05,-0.25555555555555554,-0.3113,-0.16466666666666668,-0.003144444444444445,-0.0022,-0.0026555555555555555,-0.48255555555555557,-0.11705555555555555,-0.3367,-0.3091666666666667,-0.25472222222222224,-0.0004777777777777778,-0.0015666666666666667,-0.11699999999999999,-0.0002,-0.17888888888888888,-0.35200000000000004,-0.05477777777777777,-0.1183,-0.38183333333333336,-0.0028,-0.17294444444444443,-0.34755555555555556,-0.44029999999999997,-0.12892222222222222,-0.12727777777777777,-0.002,-0.5183888888888889,-0.07232222222222222,-0.4064666666666667,-0.0003555555555555556,-0.14333333333333334,-0.3884444444444445,-0.8553999999999999,-0.13433333333333333,-0.0020333333333333336,-0.0005555555555555556,-0.18237777777777778,-0.25784444444444443,-0.1466111111111111,-0.544,-0.000988888888888889,-0.6388666666666666,-0.0008666666666666667,-0.1132,-0.09100000000000001,-0.0020222222222222226,-0.001288888888888889,-0.22750000000000004,-0.0006555555555555556,-0.5943,-0.10149999999999999,-0.18417777777777777,-0.009666666666666667,-0.0033333333333333335,-0.5542222222222222,-0.0030333333333333336,-0.4043888888888889,-0.0023222222222222225,-0.0020555555555555557,-0.0031111111111111114,-0.11438888888888889,-7.777777777777778e-05,-0.002511111111111111,-0.1438888888888889,-0.0007333333333333333,-0.39433333333333337,-0.5094000000000001,-0.25899999999999995,-0.10072222222222221,-0.5156666666666667,-0.027222222222222224,-0.6613333333333333,-0.00030000000000000003,-0.42533333333333334,-0.002988888888888889,-0.0025,-0.6491111111111112,-0.0029222222222222223,-0.1263888888888889,-0.0012777777777777779,-0.0012666666666666668,-0.0024333333333333334,-0.0030444444444444447,-0.0033222222222222225,-0.0017444444444444445,-0.0010444444444444446,-0.00021111111111111113,-0.00013333333333333334,-0.8584333333333334,-0.36944444444444446,-0.0009444444444444445,-0.11266666666666668,-0.47527777777777774,-0.3835,-0.0017222222222222224,-0.36400000000000005,-0.002844444444444445,-0.5395,-0.0032111111111111116,-0.08057777777777778,-0.4506666666666667,-0.0032,-0.002666666666666667,-0.0023444444444444446,-0.7712444444444444,-0.4801111111111111,-0.29900000000000004
2024-07-26,-0.0007333333333333333,-0.1847666666666667,-0.11576666666666667,-0.14796666666666666,-0.21006666666666668,-0.0032,-0.4242222222222223,-0.22799999999999998,-0.22039999999999998,-0.4457777777777777,-0.21236666666666668,-0.20444444444444446,-0.001977777777777778,-0.00037777777777777777,-0.09813333333333335,-0.3007111111111111,-0.14506666666666665,-0.7055888888888889,-0.22062222222222222,-0.2871111111111111,-0.1870666666666667,-0.5373777777777777,-0.7038222222222222,-0.5326777777777778,-0.25235555555555556,-0.2750222222222222,-0.38212222222222225,-0.0943,-0.10503333333333334,-0.16168888888888888,-0.16168888888888888,-0.3097,-0.09455555555555556,-0.001688888888888889,-0.0026333333333333334,-0.14629999999999999,-0.2062111111111111,-0.10733333333333334,-0.06823333333333334,-0.15579999999999997,-0.1081,-0.546888888888889,-0.22386666666666669,-0.5388888888888889,-0.26595555555555556,-0.03777777777777777,-0.6229555555555555,-0.0713,-0.9633333333333334,-0.29259999999999997,-0.14413333333333334,-0.001588888888888889,-0.015088888888888888,-0.13876666666666668,-0.24966666666666668,-0.0782,-0.1207111111111111,-0.002466666666666667,-0.1735777777777778,-0.1357,-0.28315555555555555,-0.408,-0.43217777777777777,-0.0031111111111111114,-0.09736666666666667,-0.38986666666666664,-0.1311,-0.13416666666666668,-0.1104,-0.12113333333333333,-0.21313333333333334,-0.0008,-0.5972666666666667,-0.4382222222222222,-0.24022222222222225,-0.20316666666666666,-0.09046666666666667,-0.1909,-0.0025,-0.04616666666666667,-0.5849333333333333,-0.19946666666666665,-0.5494111111111111,-0.2001,-0.15262222222222221,-0.002255555555555556,-0.21339999999999998,-0.001188888888888889,-0.2014,-0.0023222222222222225,-0.36669999999999997,-0.07846666666666667,-0.5151777777777777,-0.14183333333333334,-0.18630000000000002,-0.2162,-0.21124444444444443,-0.12266666666666667,-0.054433333333333334,-0.0005444444444444445,-0.5073,-0.2616111111111111,-0.13146666666666665,-0.18964444444444445,-0.031433333333333334,-0.1812777777777778,-0.002666666666666667,-0.32186666666666663,-0.10196666666666668,-0.19795555555555552,-0.20776666666666668,-0.13553333333333334,-0.5167999999999999,-0.00022222222222222223,-0.1757,-0.0024444444444444444,-0.001188888888888889,-0.0004,-0.001988888888888889,-0.1123888888888889,-0.0005333333333333334,-0.08203333333333335,-0.012311111111111111,-0.1662,-0.2996222222222222,-0.5754222222222223,-0.0024333333333333334,-0.0003555555555555556,-0.0016555555555555555,-0.1472,-0.03475555555555555,-0.5438333333333334,-0.001388888888888889,-0.5647777777777778,-0.09499999999999999,-0.4332,-0.23064444444444443,-0.1794,-0.002388888888888889,-0.7000111111111111,-0.001,-0.0023,-0.30922222222222223,-0.003188888888888889,-0.16713333333333336,-0.12602222222222223,-0.0017333333333333335,-0.22417777777777775,-0.161,-0.1663666666666667,-0.7920444444444444,-0.0028,-0.0026444444444444445,-0.0029222222222222223,-0.3192,-0.506,-0.0031000000000000003,-0.4828444444444444,-0.0008222222222222223,-0.0014,-0.28725555555555554,-0.000977777777777778,-0.11883333333333335,-0.2734444444444445,-0.0015,-0.12956666666666666,-0.000688888888888889,-0.018466666666666666,-0.7167444444444445,-0.10597777777777778,-0.12717777777777775,-0.10886666666666667,-0.14336666666666667,-0.7085777777777778,-0.1216,-0.03626666666666666,-0.10273333333333333,-0.6063333333333334,-0.7053333333333334,-0.0031666666666666666,-0.0005666666666666667,-0.0897,-0.6976666666666668,-0.04855555555555556,-0.18624444444444443,-0.7223222222222222,-0.04231111111111111,-0.07064444444444445,-0.001511111111111111,-0.0025555555555555557,-0.5884555555555556,-0.0016111111111111111,-0.5022444444444444,-0.23083333333333333,-0.0003222222222222222,-0.34302222222222223,-0.3750666666666666,-0.19933333333333336,-0.5162222222222222,-0.06346666666666667,-0.16733333333333333,-0.23179999999999998,-0.24933333333333335,-0.002377777777777778,-0.2024,-0.0003333333333333334,-0.00030000000000000003,-0.2312,-0.4796888888888889,-0.0014333333333333333,-0.031733333333333336,-0.45180000000000003,-0.5000888888888888,-0.032299999999999995,-0.0010555555555555557,-0.1380777777777778,-0.08645555555555555,-0.15410000000000001,-0.28559999999999997,-0.43444444444444447,-0.001188888888888889,-0.039044444444444444,-0.0025666666666666667,-0.0494,-0.5136000000000001,-0.8605777777777778,-0.20702222222222222,-0.059800000000000006,-0.14106666666666667,-0.017244444444444444,-0.13542222222222222,-0.12343333333333333,-0.502,-0.0038333333333333336,-0.7306888888888888,-0.002477777777777778,-0.0015333333333333336,-0.17633333333333334,-0.44649999999999995,-0.07666666666666666,-0.1789111111111111,-0.0019222222222222223,-0.34358888888888894,-0.0002,-0.042166666666666665,-0.0009555555555555556,-0.12003333333333334,-0.47524444444444447,-0.002177777777777778,-0.6832777777777778,-0.5586,-0.47119999999999995,-0.29829999999999995,-0.0026222222222222224,-0.0027444444444444448,-0.20393333333333336,-0.0005111111111111111,-0.0008444444444444445,-0.028111111111111114,-0.12311111111111112,-0.02377777777777778,-0.47555555555555556,-0.5852222222222222,-0.00013333333333333334,-0.17012222222222223,-0.0010777777777777778,-0.40996666666666665,-0.4418888888888889,-0.12573333333333334,-0.1788888888888889,-0.03986666666666667,-0.012266666666666669,-0.22923333333333334,-0.0020333333333333336,-0.20623333333333332,-0.4488,-0.9017888888888889,-0.036033333333333334,-0.0023555555555555556,-0.0009333333333333334,-0.0030555555555555557,-0.041744444444444445,-0.3021,-0.0010111111111111113,-0.4246222222222222,-0.26728888888888885,-0.09699999999999999,-0.19644444444444445,-0.18784444444444443,-0.38382222222222223,-0.5264444444444445,-0.15946666666666667,-0.023,-0.7436666666666667,-0.7892555555555556,-0.115,-0.3082666666666667,-0.008366666666666666,-0.26010000000000005,-0.4864
2024-07-29,-0.0026555555555555555,-0.07102222222222222,-0.12368888888888888,-0.16355555555555554,-0.22213333333333332,-0.07666666666666666,-0.6373333333333333,-0.16017777777777778,-0.36568888888888884,-0.041377777777777784,-0.14053333333333332,-0.013266666666666666,-0.16133333333333333,-0.00036666666666666667,-0.025555555555555554,-0.5255555555555556,-0.10666666666666666,-0.4692,-0.12240000000000001,-0.27351111111111115,-0.16048888888888888,-0.4106666666666667,-0.5612,-0.5497333333333334,-0.001977777777777778,-0.08311111111111111,-0.5999777777777778,-0.05388888888888888,-0.1257333333333333,-0.34604444444444443,-0.026577777777777777,-0.19493333333333332,-0.1496,-0.08444444444444445,-0.13493333333333332,-0.00043333333333333337,-0.5157777777777778,-0.0044444444444444444,-0.23422222222222222,-0.08613333333333333,-0.15946666666666667,-0.18588888888888888,-0.044977777777777776,-0.3342666666666667,-0.10086666666666669,-0.0031222222222222224,-0.10426666666666666,-0.03944444444444444,-0.06440000000000001,-0.4326666666666666,-0.2191111111111111,-0.0024000000000000002,-0.0012444444444444445,-0.06195555555555555,-0.2136,-0.05666666666666667,-0.06133333333333333,-0.2402222222222222,-0.09200000000000001,-0.10017777777777777,-0.08232222222222221,-0.016622222222222222,-0.0552,-0.25964444444444446,-0.09055555555555556,-0.4833111111111111,-0.05333333333333333,-0.17786666666666665,-0.1328888888888889,-0.2484,-0.06497777777777777,-0.0007666666666666668,-0.6194666666666667,-0.17467777777777777,-0.3781,-0.34611111111111115,-0.2177333333333333,-0.20853333333333332,-0.2780444444444444,-0.6187444444444444,-0.022,-0.14204444444444445,-0.2985111111111111,-0.33166666666666667,-0.019422222222222223,-0.0001666666666666667,-0.1370888888888889,-0.039999999999999994,-0.06346666666666667,-0.1661111111111111,-0.04864444444444444,-0.41928888888888893,-0.4422222222222222,-0.2599111111111111,-0.24226666666666666,-0.07515555555555557,-0.204,-0.23102222222222218,-0.0010222222222222221,-0.0008888888888888889,-0.06412222222222222,-0.2762222222222222,-0.09302222222222221,-0.4621222222222222,-0.00011111111111111112,-0.32831111111111116,-0.05111111111111111,-0.0773888888888889,-0.025555555555555554,-0.1783111111111111,-0.3626222222222222,-0.13084444444444443,-0.2257222222222222,-0.0032333333333333333,-0.05537777777777778,-0.46199999999999997,-0.0029444444444444444,-0.003088888888888889,-0.15888888888888889,-0.6612333333333332,-0.002977777777777778,-0.16333333333333333,-0.12833333333333333,-0.7302777777777777,-0.28282222222222225,-0.33488888888888885,-0.050088888888888884,-0.002177777777777778,-0.09444444444444444,-0.017377777777777777,-0.003277777777777778,-0.552,-0.0013222222222222222,-0.20713333333333334,-0.12777777777777777,-0.37708888888888886,-0.105,-0.40346666666666664,-0.15055555555555555,-0.015333333333333334,-0.020555555555555556,-0.0611111111111111,-0.32755555555555554,-0.32337777777777776,-0.08915555555555554,-0.11755555555555555,-0.054177777777777776,-0.007155555555555556,-0.24328888888888886,-0.2780444444444444,-0.7758666666666667,-0.34787777777777773,-0.06542222222222221,-0.049999999999999996,-0.17226666666666665,-0.6904444444444444,-0.1461111111111111,-0.4594111111111111,-0.0013555555555555556,-0.10722222222222222,-0.32511111111111113,-0.1222222222222222,-0.22897777777777778,-0.2741777777777778,-0.15333333333333332,-0.1512888888888889,-0.0008555555555555556,-0.1311111111111111,-0.1656,-0.048888888888888885,-0.23733333333333337,-0.07564444444444444,-0.08893333333333332,-0.41706666666666664,-0.003255555555555556,-0.002188888888888889,-0.0015666666666666667,-0.47226666666666667,-0.4673777777777778,-0.15111111111111108,-0.0025222222222222226,-0.10937777777777778,-0.1870666666666667,-0.0026000000000000003,-0.7566222222222223,-0.48146666666666665,-0.0029000000000000002,-0.7966666666666666,-0.003311111111111111,-0.0027333333333333333,-0.8893333333333334,-0.0811111111111111,-0.4864444444444444,-0.47071111111111114,-0.003,-0.14177777777777775,-0.3338777777777778,-0.14355555555555555,-0.3445333333333333,-0.002455555555555556,-0.03186666666666667,-0.2946888888888889,-0.31279999999999997,-0.15166666666666667,-0.0879111111111111,-0.002777777777777778,-0.0032,-0.40195555555555557,-0.4302,-0.07777777777777778,-0.0030444444444444447,-0.5353333333333333,-0.7211555555555557,-0.0031111111111111114,-0.0024222222222222223,-0.6279555555555556,-0.11444444444444443,-0.2524888888888889,-0.3836888888888889,-0.6286666666666667,-0.0029111111111111113,-0.5417222222222222,-0.105,-0.003144444444444445,-0.1967888888888889,-0.1104,-0.5518000000000001,-0.15666666666666665,-0.1196,-0.003188888888888889,-0.7674555555555556,-0.5775111111111112,-0.36944444444444446,-0.0011666666666666668,-0.7390666666666668,-0.040888888888888884,-0.0023333333333333335,-0.35057777777777777,-0.31839999999999996,-0.15715555555555555,-0.14666666666666667,-0.28257777777777776,-0.46993333333333337,-0.0031666666666666666,-0.0028666666666666667,-0.0028333333333333335,-0.007333333333333333,-0.7942666666666667,-0.06444444444444444,-0.138,-0.5084444444444445,-0.5178333333333334,-0.053066666666666665,-0.38835555555555556,-0.12388888888888888,-0.11484444444444444,-0.0025,-0.13944444444444443,-0.14944444444444444,-0.49127777777777776,-0.15388888888888888,-0.9077333333333334,-0.44347777777777775,-0.0033,-0.14372222222222222,-0.0018333333333333335,-0.2947666666666667,-0.18057777777777775,-0.10284444444444446,-0.1325111111111111,-0.0022222222222222222,-0.0024111111111111113,-0.19191111111111112,-0.08586666666666667,-0.019644444444444444,-0.04248888888888889,-0.0828,-0.017777777777777778,-0.07462222222222221,-0.0006222222222222223,-0.2024,-0.49133333333333334,-0.33459999999999995,-0.001977777777777778,-0.16415555555555558,-0.3718222222222223,-0.14208888888888888,-0.11333333333333333,-0.09944444444444445,-0.15399999999999997,-0.6691999999999999,-0.09493333333333334,-0.1813111111111111,-0.4994888888888889,-0.2698666666666667,-0.33546666666666664,-0.22774444444444444,-0.4904888888888889,-0.06797777777777778,-0.005311111111111111
2024-07-30,-0.11323333333333332,-0.22822222222222222,-0.0026333333333333334,-0.24841111111111108,-0.12055555555555557,-0.08163333333333332,-0.5509999999999999,-0.07285555555555555,-0.05546666666666667,-0.018900000000000004,-0.42,-0.003022222222222222,-0.0002777777777777778,-0.001988888888888889,-0.0013333333333333335,-0.5137777777777778,-0.010533333333333332,-0.1239111111111111,-0.19135555555555553,-0.30722222222222223,-0.2650222222222222,-0.6713333333333333,-0.4110222222222222,-0.4057666666666666,-0.0007777777777777778,-0.0020555555555555557,-0.14204444444444445,-0.0019444444444444446,-0.2431444444444444,-0.29133333333333333,-0.002388888888888889,-0.002288888888888889,-0.0825111111111111,-0.0007666666666666668,-0.08486666666666666,-0.001377777777777778,-0.13770000000000002,-0.0028555555555555556,-0.01151111111111111,-0.0005444444444444445,-0.04564444444444444,-0.2405111111111111,-0.4407111111111111,-0.46666666666666673,-0.1922333333333333,-0.07724444444444444,-0.5978666666666667,-0.0008,-0.8522666666666666,-0.4838666666666667,-0.1255222222222222,-0.0011,-0.0027333333333333333,-0.002755555555555556,-0.002477777777777778,-0.0007555555555555555,-0.0007111111111111113,-0.49,-0.30240000000000006,-0.0006444444444444444,-0.23673333333333335,-0.10445555555555555,-0.23822222222222222,-0.08166666666666668,-0.057055555555555554,-0.4067555555555556,-0.0006000000000000001,-0.059555555555555556,-0.17818888888888887,-0.1386666666666667,-0.041688888888888886,-0.0031555555555555555,-0.7536666666666666,-0.21,-0.5716666666666667,-0.5269444444444444,-0.12815555555555555,-0.3618,-0.09937777777777779,-0.06618888888888888,-0.0007888888888888889,-0.1694111111111111,-0.19355555555555556,-0.3344444444444445,-0.002677777777777778,-0.0031000000000000003,-0.07636666666666665,-0.002955555555555556,-0.0010222222222222221,-0.23722222222222225,-0.0012111111111111112,-0.0729,-0.2935111111111111,-0.2045222222222222,-0.19444444444444445,-0.28288888888888886,-0.0010666666666666667,-0.3171333333333333,-0.0032,-0.0005111111111111111,-0.002188888888888889,-0.3632888888888889,-0.0004,-0.7857000000000001,-6.666666666666667e-05,-0.4302888888888889,-0.002788888888888889,-0.15185555555555555,-0.0025555555555555557,-0.1413222222222222,-0.2449777777777778,-0.0025666666666666667,-0.6771555555555556,-0.0655111111111111,-0.0022333333333333337,-0.5750666666666667,-0.1224888888888889,-0.15037777777777778,-0.07146666666666666,-0.33957777777777776,-0.22417777777777775,-0.04053333333333334,-0.13027777777777777,-0.033244444444444445,-0.002488888888888889,-0.1843333333333333,-0.0019,-0.1378111111111111,-0.00021111111111111113,-0.003,-0.5084444444444445,-0.35359999999999997,-0.0006555555555555556,-0.3538888888888889,-0.104,-0.5015111111111111,-0.0016333333333333334,-0.3605333333333334,-0.32277777777777783,-0.21886666666666665,-2.2222222222222227e-05,-0.0007,-0.16377777777777777,-0.04622222222222222,-0.002844444444444445,-0.0007333333333333333,-0.00011111111111111112,-0.002455555555555556,-0.07583333333333334,-0.11762222222222221,-0.5795,-0.21533333333333332,-0.0012555555555555555,-0.17994444444444443,-0.0018000000000000002,-0.8073000000000001,-0.3558444444444444,-0.6764,-0.0012333333333333335,-0.33946666666666664,-0.4483555555555555,-0.23612222222222218,-0.48071111111111114,-0.48611111111111116,-0.5094444444444445,-0.25455555555555553,-0.1185,-0.05062222222222222,-0.014388888888888889,-0.20568888888888892,-0.05354444444444444,-0.1659,-0.06846666666666666,-0.4956444444444444,-0.10647777777777777,-0.049133333333333334,-0.003188888888888889,-0.44010000000000005,-0.5928,-0.21439999999999998,-0.01931111111111111,-0.0008222222222222223,-0.37986666666666663,-0.11235555555555556,-0.3143111111111111,-0.6475,-0.13399999999999998,-0.266,-0.0044666666666666665,-0.23524444444444442,-0.8328333333333333,-0.0008777777777777778,-0.5265000000000001,-0.6333333333333333,-0.40249999999999997,-0.1650222222222222,-0.15335555555555555,-0.2694888888888889,-0.35777777777777775,-0.026333333333333334,-0.21588888888888888,-0.002,-0.5736111111111111,-0.020844444444444443,-0.25016666666666665,-0.11498888888888888,-0.08337777777777777,-0.3724,-0.4569444444444445,-0.0001666666666666667,-0.09722222222222222,-0.6534,-0.2296888888888889,-0.28583333333333333,-0.32083333333333336,-0.8644999999999999,-0.37260000000000004,-0.35213333333333335,-0.5370666666666667,-0.7821666666666667,-0.19802222222222224,-0.5022,-0.02282222222222222,-0.18472222222222223,-0.4841666666666667,-0.5611666666666667,-0.46549999999999997,-0.20266666666666666,-0.00014444444444444446,-0.15633333333333332,-0.5921666666666666,-0.8000222222222222,-0.4864,-0.003311111111111111,-0.95,-0.0003888888888888889,-0.24665555555555552,-0.28583333333333333,-0.43944444444444447,-0.0018555555555555556,-0.6165333333333334,-0.018433333333333333,-0.3079222222222222,-0.21886666666666665,-0.12711111111111112,-0.007899999999999999,-0.0711,-0.6396666666666666,-0.0013666666666666666,-0.23527777777777778,-0.6966,-0.5643,-0.002377777777777778,-0.02026666666666667,-0.10006666666666666,-0.1852111111111111,-0.10182222222222222,-0.14583333333333334,-0.39690000000000003,-0.07830000000000001,-0.5984,-0.3103333333333333,-0.4779,-0.1995111111111111,-0.3856222222222222,-0.0008111111111111112,-0.874,-0.23173333333333332,-0.001877777777777778,-0.3454222222222222,-0.0015555555555555557,-0.22295555555555555,-0.12208888888888889,-0.0010111111111111113,-0.0015777777777777778,-0.245,-0.3942555555555555,-0.0028111111111111114,-0.002211111111111111,-0.0027222222222222222,-0.04764444444444445,-0.4460555555555556,-0.08953333333333333,-0.0028333333333333335,-0.4258222222222222,-0.026799999999999997,-0.0030555555555555557,-0.0008555555555555556,-0.001388888888888889,-0.5775,-0.05383333333333333,-0.02721111111111111,-0.07548888888888888,-0.12033333333333333,-0.5077333333333334,-0.5130666666666667,-0.2563111111111111,-0.6032000000000001,-0.20101111111111108,-0.0031111111111111114
2024-07-31,-0.085,-0.4864,-0.13,-0.5,-0.25031111111111115,-0.08833333333333333,-0.5940000000000001,-0.08583333333333333,-0.20083333333333334,-0.26880000000000004,-0.21555555555555553,-0.2986666666666667,-0.0013555555555555556,-0.17916666666666667,-0.002688888888888889,-0.45299999999999996,-0.0012111111111111112,-0.3377777777777778,-0.35271111111111114,-0.1622222222222222,-0.2375,-0.2935111111111111,-0.15804444444444446,-0.4389777777777778,-0.0013666666666666666,-0.0875,-0.4627777777777778,-0.0019111111111111113,-0.27873333333333333,-0.23353333333333332,-0.06166666666666667,-0.0026222222222222224,-0.0027,-0.0020777777777777778,-0.0016,-0.0014444444444444446,-0.10097777777777778,-0.2375,-0.0028222222222222225,-0.0029000000000000002,-0.001888888888888889,-0.3933333333333333,-0.38569999999999993,-0.3104444444444444,-0.24166666666666667,-0.07916666666666666,-0.24064444444444447,-0.002211111111111111,-0.147,-0.37022222222222223,-0.18666666666666668,-0.0007555555555555555,-0.1125,-0.17833333333333334,-0.12416666666666666,-0.0017222222222222224,-0.0021555555555555555,-0.30666666666666664,-0.5066666666666666,-0.0012000000000000001,-0.36835555555555555,-0.35128888888888893,-0.42444444444444446,-0.16782222222222223,-0.18166666666666667,-0.5323555555555556,-0.0011222222222222224,-0.0018222222222222223,-0.30862222222222224,-0.3000888888888889,-0.0030444444444444447,-0.0825,-0.6471111111111112,-0.47879999999999995,-0.896,-0.30133333333333334,-0.0008444444444444445,-0.3854222222222222,-0.002588888888888889,-0.0008333333333333334,-0.001977777777777778,-0.245,-0.4252444444444445,-0.6311111111111111,-0.25,-0.19833333333333333,-0.22333333333333333,-0.13416666666666666,-0.0009444444444444445,-0.18631111111111112,-0.003,-0.22916666666666666,-0.15568888888888888,-0.6133333333333333,-0.12231111111111112,-0.5167999999999999,-0.002188888888888889,-0.5044444444444445,-0.12515555555555558,-0.0006777777777777778,-0.0016444444444444447,-0.10666666666666667,-0.0023,-0.6844444444444444,-0.002288888888888889,-0.07555555555555554,-0.22166666666666668,-0.41955555555555557,-0.215,-0.3953777777777778,-0.18999999999999997,-0.29013333333333335,-0.6293555555555556,-0.0225,-0.09583333333333334,-0.22860000000000003,-0.00015555555555555556,-0.05973333333333334,-0.06257777777777779,-0.023799999999999998,-0.0152,-0.05,-0.00022222222222222223,-0.0988,-0.1592888888888889,-0.437,-0.14916666666666667,-0.09244444444444445,-0.001,-0.22083333333333333,-0.033,-0.4092222222222222,-0.002666666666666667,-0.26888888888888884,-0.000988888888888889,-0.28295555555555557,-0.1273,-0.33999999999999997,-0.0703,-0.2432,-0.0009222222222222223,-0.0018555555555555556,-0.002,-0.19342222222222222,-0.2822222222222222,-0.0029111111111111113,-0.0018333333333333335,-0.1175,-0.2574222222222223,-0.23939999999999997,-0.23955555555555555,-0.041666666666666664,-0.16833333333333333,-0.20906666666666668,-0.0020333333333333336,-0.224,-0.17333333333333334,-0.1368888888888889,-0.0020222222222222226,-0.22609999999999997,-0.5977777777777777,-0.24509999999999998,-0.08788888888888889,-0.46444444444444444,-0.45555555555555555,-0.46706666666666663,-0.0004,-0.0003444444444444445,-0.3697777777777778,-0.5073,-0.001877777777777778,-0.41671111111111114,-0.003188888888888889,-0.123,-0.0001777777777777778,-0.0010666666666666667,-0.10333333333333333,-0.4231111111111111,-0.22577777777777777,-0.16529999999999997,-0.0001666666666666667,-0.0017666666666666668,-0.07111111111111111,-0.02,-0.10577777777777778,-0.6253333333333334,-0.025,-0.117,-0.0019222222222222223,-0.008533333333333334,-0.4791111111111111,-0.0009333333333333334,-0.27657777777777776,-0.05288888888888889,-0.11048888888888889,-0.31431111111111115,-0.0013000000000000002,-0.5642999999999999,-0.5825777777777777,-0.0004777777777777778,-0.20333333333333334,-0.11662222222222222,-0.066,-0.0026000000000000003,-0.4673999999999999,-0.04583333333333333,-0.03166666666666667,-0.1560222222222222,-0.4035777777777778,-0.0010444444444444446,-0.024166666666666666,-0.6930000000000001,-0.20533333333333334,-0.006666666666666666,-0.285,-0.196,-0.03264444444444444,-0.41609999999999997,-0.4284,-0.5413333333333333,-0.10259999999999998,-0.018511111111111114,-0.0023666666666666667,-0.2787555555555556,-0.057777777777777775,-0.32737777777777777,-0.18044444444444444,-0.42179999999999995,-0.0015777777777777778,-0.017066666666666667,-0.059111111111111114,-0.056,-0.4821333333333333,-0.42939999999999995,-0.21466666666666667,-0.0026444444444444445,-0.0071111111111111115,-0.019166666666666665,-0.6267333333333334,-0.1625,-0.17733333333333334,-0.0012555555555555555,-0.05288888888888889,-0.05555555555555555,-0.0005666666666666667,-0.001488888888888889,-0.2425,-0.10266666666666667,-0.0012666666666666668,-0.23893333333333336,-0.8156222222222222,-0.824088888888889,-0.3655111111111111,-0.0014666666666666667,-0.27022222222222225,-0.5186999999999999,-0.03666666666666667,-0.001477777777777778,-0.03111111111111111,-0.002844444444444445,-0.012444444444444445,-0.225,-0.7325111111111111,-0.07537777777777778,-0.46549999999999997,-0.002766666666666667,-0.7124444444444444,-0.17555555555555552,-0.002788888888888889,-0.23833333333333334,-0.0021444444444444445,-0.26311111111111113,-0.39964444444444447,-0.0015222222222222223,-0.0029333333333333334,-0.4444444444444444,-0.6632222222222223,-0.2125,-0.475,-0.18,-0.13083333333333333,-0.084,-0.05333333333333334,-0.12166666666666667,-0.5377,-0.37404444444444446,-0.5301,-0.0015444444444444444,-0.0032888888888888894,-0.25964444444444446,-0.12053333333333333,-0.15333333333333332,-0.003311111111111111,-0.18511111111111112,-0.7902222222222223,-0.4178222222222222,-0.5305777777777778,-0.6266666666666666,-0.48069999999999996,-0.23182222222222224
2024-08-01,-0.27496666666666664,-0.0741,-0.16196666666666665,-0.2427777777777778,-0.21595555555555557,-0.1304,-0.7283333333333334,-0.0808,-0.4676666666666667,-0.13316666666666666,-0.12806666666666666,-0.03577777777777778,-0.04454444444444445,-0.0006555555555555556,-0.002511111111111111,-0.6491111111111112,-0.02137777777777778,-0.6505333333333334,-0.08613333333333335,-0.21093333333333333,-0.18331111111111112,-0.3082666666666667,-0.29829999999999995,-0.552,-0.009455555555555556,-0.027388888888888886,-0.523888888888889,-0.05273333333333333,-0.3239333333333333,-0.25079999999999997,-0.05837777777777778,-0.05022222222222222,-0.1691,-0.15568888888888888,-0.0678,-0.10976666666666667,-0.10423333333333333,-0.016999999999999998,-0.7257777777777779,-0.10295555555555555,-0.11048888888888889,-0.38569999999999993,-0.02762222222222222,-0.5622222222222222,-0.1507777777777778,-0.10959999999999999,-0.24933333333333332,-0.0696,-0.42369999999999997,-0.2938888888888889,-0.3211,-0.0744,-0.1475,-0.08549999999999999,-0.12178888888888888,-0.003777777777777778,-0.05262222222222223,-0.2938,-0.069,-0.025966666666666666,-0.2734444444444445,-0.06152222222222222,-0.13544444444444445,-0.03264444444444444,-0.1808,-0.34244444444444444,-0.037,-0.09542222222222223,-0.5008888888888889,-0.02511111111111111,-0.10044444444444443,-0.153,-0.6797777777777778,-0.21722222222222223,-0.5724444444444445,-0.3302111111111111,-0.2757777777777778,-0.05398888888888889,-0.023,-0.0032222222222222222,-0.050477777777777774,-0.3398888888888889,-0.5366666666666666,-0.4855555555555556,-0.14733333333333334,-0.0584,-0.17479999999999998,-0.25027777777777777,-0.027655555555555558,-0.028499999999999998,-0.18707777777777776,-0.16093333333333334,-0.1519222222222222,-0.27855555555555556,-0.18833333333333332,-0.2674666666666667,-0.2014,-0.22609999999999997,-0.11994444444444444,-0.023433333333333334,-0.13694444444444445,-0.013977777777777778,-0.13977777777777778,-0.5162222222222222,-0.04275555555555556,-0.11428888888888888,-0.19949999999999998,-0.42166666666666675,-0.15066666666666667,-0.26322222222222225,-0.31733333333333336,-0.1273,-0.48811111111111116,-0.0608,-0.07153333333333332,-0.523888888888889,-0.001088888888888889,-0.09414444444444445,-0.07605555555555556,-0.0032888888888888894,-0.002511111111111111,-0.09332222222222222,-0.003066666666666667,-0.2168,-0.43889999999999996,-0.4085,-0.07533333333333334,-0.13176666666666667,-0.033355555555555555,-0.008522222222222223,-0.05298888888888889,-0.39355555555555555,-0.019833333333333335,-0.3685999999999999,-0.2191111111111111,-0.39893333333333336,-0.4673999999999999,-0.29900000000000004,-0.1073,-0.6120000000000001,-0.03272222222222223,-0.03013333333333333,-0.48506666666666676,-0.15317777777777777,-0.1356,-0.31539999999999996,-0.0006333333333333334,-0.0703,-0.14564444444444444,-0.09918888888888887,-0.6158888888888889,-0.09112222222222222,-0.016055555555555556,-0.06422222222222222,-0.15769999999999998,-0.7666666666666667,-0.2234888888888889,-0.3526666666666667,-0.028844444444444443,-0.19084444444444446,-0.41144444444444445,-0.2925444444444444,-0.033999999999999996,-0.21306666666666668,-0.06026666666666666,-0.13033333333333336,-6.666666666666667e-05,-0.0032111111111111116,-0.22440000000000002,-0.051477777777777775,-0.07658888888888889,-0.45599999999999996,-0.1686666666666667,-0.23729999999999998,-0.0026444444444444445,-0.0005111111111111111,-0.017944444444444447,-0.506,-0.011333333333333334,-0.17377777777777775,-0.0031111111111111114,-0.03802222222222222,-0.08222222222222222,-0.0031333333333333335,-0.17755555555555555,-0.4421111111111111,-0.04961111111111111,-0.40469999999999995,-0.1824,-0.0025555555555555557,-0.6107777777777778,-0.015622222222222223,-0.5553333333333333,-0.1796222222222222,-0.4574444444444445,-0.3756666666666667,-0.2059111111111111,-0.3194444444444445,-0.46511111111111114,-0.02026666666666667,-0.09499999999999999,-0.3705,-0.3214222222222222,-0.0608,-0.03626666666666667,-0.07194444444444445,-0.054255555555555564,-0.475,-0.7130000000000001,-0.0296,-0.05742222222222222,-0.4267777777777778,-0.46,-0.0030555555555555557,-0.20872222222222223,-0.3858888888888889,-0.0028777777777777777,-0.4906666666666667,-0.46466666666666673,-0.523888888888889,-0.208,-0.053200000000000004,-0.04438888888888889,-0.4028,-0.15919999999999998,-0.3626666666666667,-0.6184444444444445,-0.4693,-0.02744444444444445,-0.0020777777777777778,-0.3176555555555556,-0.6188,-0.49322222222222223,-0.10483333333333333,-0.6074666666666667,-0.06905555555555555,-0.0024111111111111113,-0.5604999999999999,-0.6056666666666667,-0.043944444444444446,-0.7513333333333334,-0.10766666666666666,-0.06185555555555556,-0.09948888888888889,-0.002277777777777778,-0.11603333333333332,-0.010044444444444444,-0.5434,-0.12193333333333332,-0.4625555555555556,-0.5571111111111111,-0.7641111111111112,-0.09416666666666666,-0.1921,-0.11425555555555555,-0.43444444444444447,-0.055311111111111116,-0.5110999999999999,-0.05256666666666667,-0.0028333333333333335,-0.15995555555555555,-0.7232222222222223,-0.7181111111111111,-0.1984,-0.2561333333333333,-0.029277777777777778,-0.3986666666666667,-0.3241333333333334,-0.07909999999999999,-0.5529,-0.015211111111111113,-0.16949999999999998,-0.07666666666666667,-0.08122222222222222,-0.03515555555555556,-0.322,-0.14053333333333334,-0.04143333333333333,-0.07031111111111112,-0.22288888888888886,-0.10546666666666667,-0.1221,-0.1576,-0.12555555555555553,-0.5213333333333334,-0.02266666666666667,-0.19933333333333336,-0.0552,-0.01788888888888889,-0.7078888888888889,-0.28144444444444444,-0.0765,-0.027200000000000002,-0.0209,-0.06388888888888888,-0.16355555555555557,-0.5984,-0.28622222222222227,-0.1788888888888889,-0.20966666666666667
2024-08-02,-0.212,-0.22822222222222222,-0.13144444444444445,-0.438,-0.13599999999999998,-0.06666666666666667,-0.308,-0.1211,-0.27,-0.03333333333333333,-0.38711111111111113,-0.18059999999999998,-0.07533333333333334,-0.0021555555555555555,-0.0022444444444444447,-0.24266666666666667,-0.00028888888888888893,-0.6719999999999999,-0.5179999999999999,-0.19644444444444445,-0.2288,-0.20199999999999999,-0.30506666666666665,-0.192,-0.00043333333333333337,-0.0022,-0.19466666666666668,-0.07766666666666666,-0.6935,-0.40880000000000005,-0.08433333333333334,-0.039999999999999994,-0.377,-0.020333333333333335,-0.057999999999999996,-0.2044,-0.05,-0.1568,-0.7560000000000001,-0.1666,-0.14980000000000002,-0.084,-0.12333333333333332,-0.288,-0.108,-0.1351,-0.13999999999999999,-0.0728,-0.024,-0.32,-0.26,-0.002288888888888889,-0.31777777777777777,-0.10666666666666666,-0.32066666666666666,-0.0019444444444444446,-0.10569999999999999,-0.124,-0.06999999999999999,-0.04766666666666667,-0.1606,-0.21222222222222223,-0.27906666666666663,-0.06899999999999999,-0.4749333333333334,-0.282,-5.555555555555556e-05,-0.0798,-0.7251333333333333,-0.21777777777777776,-0.19586666666666666,-0.32666666666666666,-0.39511111111111114,-0.20440000000000003,-0.5973333333333334,-0.32266666666666666,-0.3102666666666667,-0.0468,-0.30622222222222223,-0.06,-0.0406,-0.7866666666666666,-0.18933333333333335,-0.15200000000000002,-0.32799999999999996,-0.10640000000000001,-0.45799999999999996,-0.062,-0.0005,-8.88888888888889e-05,-0.048,-0.6,-0.08,-0.27999999999999997,-0.31344444444444447,-0.258,-0.17766666666666667,-0.022,-0.429,-0.0029222222222222223,-0.0005444444444444445,-0.0008888888888888889,-0.2711111111111111,-0.6826666666666668,-0.09766666666666668,-0.3011111111111111,-0.05026666666666667,-0.47466666666666674,-0.23222222222222222,-0.41609999999999997,-0.273,-0.504,-0.7466666666666667,-0.14213333333333333,-0.147,-0.664,-0.0003555555555555556,-0.0966,-0.06,-0.3723,-0.0009222222222222223,-0.04777777777777778,-0.07366666666666667,-0.46280000000000004,-0.40599999999999997,-0.10999999999999999,-0.10850000000000001,-0.10079999999999999,-0.07500000000000001,-0.037333333333333336,-0.1848,-0.15733333333333333,-0.1659,-0.2114666666666667,-0.20800000000000002,-0.6472666666666667,-0.6764666666666667,-0.5304666666666666,-0.25222222222222224,-0.17866666666666667,-0.00045555555555555556,-0.15444444444444444,-0.6586666666666667,-0.14444444444444443,-0.17666666666666667,-0.49,-0.002755555555555556,-0.19669999999999999,-0.049999999999999996,-0.1388888888888889,-0.3413333333333334,-0.001488888888888889,-0.014666666666666668,-0.18333333333333335,-0.34840000000000004,-0.9022222222222223,-0.46626666666666666,-0.472,-0.08833333333333333,-0.43188888888888893,-0.14933333333333335,-0.005777777777777778,-0.0005777777777777779,-0.11960000000000001,-0.24613333333333334,-0.31200000000000006,-0.0031111111111111114,-0.119,-0.13999999999999999,-0.05344444444444445,-0.08366666666666667,-0.033999999999999996,-0.5499999999999999,-0.23444444444444446,-0.07166666666666667,-0.003022222222222222,-0.06,-0.005333333333333334,-0.0026555555555555555,-0.023799999999999998,-0.0833,-0.073,-0.0016444444444444447,-0.182,-0.24122222222222223,-0.22933333333333336,-0.002188888888888889,-0.36,-0.05111111111111111,-0.096,-0.31733333333333336,-0.005333333333333334,-0.25866666666666666,-0.3066666666666667,-0.7386666666666667,-0.3017333333333333,-0.4102222222222222,-0.002666666666666667,-0.23846666666666666,-0.0018444444444444446,-0.0623,-0.46399999999999997,-0.15573333333333333,-0.003,-0.2816666666666667,-0.04566666666666667,-0.07699999999999999,-0.392,-0.11822222222222223,-0.094,-0.19111111111111112,-0.2,-0.11436666666666667,-0.1687,-0.13,-0.6666666666666667,-0.06933333333333334,-0.17333333333333334,-0.7032333333333334,-0.248,-0.26693333333333336,-0.1596,-0.012599999999999998,-0.066,-0.082,-0.266,-0.5599999999999999,-0.23955555555555555,-0.025333333333333336,-0.0024444444444444444,-0.17033333333333334,-0.544,-0.14133333333333334,-0.005200000000000001,-0.920888888888889,-0.0357,-0.003,-0.6773333333333333,-0.15555555555555556,-0.0721,-0.7311111111111112,-0.0049,-0.4506666666666667,-0.126,-0.0029111111111111113,-0.059,-0.01877777777777778,-0.5599999999999999,-0.097,-0.312,-0.21600000000000003,-0.06844444444444445,-0.23544444444444446,-0.442,-0.0364,-0.06813333333333334,-0.23199999999999998,-0.5946666666666667,-0.25555555555555554,-0.03166666666666667,-0.2961111111111111,-0.3671111111111111,-0.14933333333333335,-0.27999999999999997,-0.234,-0.12111111111111111,-0.7653333333333334,-0.19999999999999998,-0.46799999999999997,-0.046233333333333335,-0.14909999999999998,-0.27444444444444444,-0.26199999999999996,-0.0009666666666666667,-0.25133333333333335,-0.25826666666666664,-0.048666666666666664,-0.0658,-0.4454666666666667,-0.014444444444444446,-0.10222222222222221,-0.07155555555555555,-0.1911,-0.006666666666666666,-0.7440000000000001,-0.015555555555555555,-0.314,-0.07700000000000001,-0.34493333333333337,-0.6426666666666667,-0.24577777777777776,-0.061599999999999995,-0.016666666666666666,-0.09433333333333334,-0.19733333333333336,-0.7360000000000001,-0.2603666666666667,-0.168,-0.12277777777777778,-0.1622222222222222
2024-08-05,-0.3107333333333333,-0.4055333333333333,-0.0004,-0.5364333333333333,-0.046566666666666666,-0.08653333333333332,-0.5747111111111111,-0.1452,-0.1963555555555556,-0.002377777777777778,-0.08602222222222221,-0.28888888888888886,-0.26888888888888884,-0.21926666666666667,-0.003311111111111111,-0.567111111111111,-0.0007444444444444445,-0.8586111111111111,-0.7037333333333333,-0.17555555555555552,-0.06208888888888889,-0.06773333333333334,-0.2124222222222222,-0.46399999999999997,-0.0009222222222222223,-0.00045555555555555556,-0.04388888888888888,-0.4021666666666667,-0.8554888888888889,-0.31775555555555557,-0.1552222222222222,-0.00013333333333333334,-0.6547555555555555,-0.0002444444444444445,-0.0025666666666666667,-0.3901333333333334,-0.0007555555555555555,-0.3288888888888889,-0.008933333333333333,-0.19755555555555557,-0.32999999999999996,-0.00022222222222222223,-0.0022333333333333337,-0.44354444444444446,-0.3217333333333333,-0.19433333333333333,-0.029333333333333333,-0.0006666666666666668,-0.2624666666666667,-0.07846666666666667,-0.03715555555555556,-0.001088888888888889,-0.18462222222222222,-0.10706666666666667,-0.5368444444444445,-0.1518,-0.24666666666666665,-0.03668888888888889,-0.27999999999999997,-0.00042222222222222227,-0.2018888888888889,-0.2822222222222222,-0.2506666666666667,-0.0010777777777777778,-0.32278888888888885,-0.6757666666666666,-0.0027333333333333333,-0.0026555555555555555,-0.6837666666666666,-0.0004777777777777778,-0.15799999999999997,-0.7384888888888889,-0.5568,-0.2548444444444445,-0.5869777777777778,-0.23454444444444444,-0.0008777777777777778,-0.002166666666666667,-0.0027444444444444448,-0.20386666666666667,-0.0015777777777777778,-0.6900111111111111,-0.3454222222222222,-0.6470222222222222,-0.14862222222222224,-0.14444444444444443,-0.34284444444444445,-0.018888888888888886,-0.0031111111111111114,-0.0003888888888888889,-0.021166666666666667,-0.9210555555555555,-0.0005777777777777779,-0.6177111111111111,-0.00012222222222222224,-0.19844444444444445,-0.11777777777777777,-0.01111111111111111,-0.6015111111111111,-0.0005555555555555556,-7.777777777777778e-05,-0.003011111111111111,-0.15624444444444444,-0.18108888888888888,-0.43713333333333326,-0.12113333333333333,-0.11444444444444443,-0.5413333333333333,-0.3146777777777778,-0.24383333333333332,-0.06495555555555554,-0.28871111111111114,-0.6521777777777777,-0.18203333333333332,-0.381,-0.5182888888888889,-0.0006000000000000001,-0.09166666666666667,-0.10853333333333334,-0.26684444444444444,-0.0002666666666666667,-0.033,-0.19191111111111112,-0.15666666666666668,-0.7025,-0.5364333333333333,-0.12,-0.0023,-0.1386,-0.002988888888888889,-0.1357777777777778,-0.2405111111111111,-0.39370000000000005,-0.27364444444444447,-0.32126666666666664,-0.28613333333333335,-0.5838555555555555,-0.6402222222222222,-0.02493333333333333,-0.2580666666666666,-0.00030000000000000003,-0.06673333333333334,-0.6369333333333334,-0.08043333333333333,-0.6734444444444444,-0.7011555555555555,-0.0013000000000000002,-0.42133333333333334,-0.13566666666666669,-0.001888888888888889,-0.21306666666666668,-0.002677777777777778,-0.0018333333333333335,-0.4599555555555555,-0.5161333333333332,-0.28586666666666666,-0.17966666666666667,-0.45884444444444444,-0.3965222222222222,-0.7295111111111111,-0.4853444444444444,-1.1111111111111113e-05,-0.0025666666666666667,-0.0911111111111111,-0.4428444444444445,-0.42017777777777776,-0.11513333333333332,-0.09555555555555556,-0.15945555555555554,-0.0032444444444444448,-0.22777777777777777,-0.06684444444444446,-0.6908444444444444,-0.21025555555555556,-0.07333333333333333,-0.0462,-0.3333333333333333,-0.0032111111111111116,-0.002966666666666667,-0.04326666666666666,-0.0638,-0.1694,-0.0008444444444444445,-0.3054666666666666,-0.1905,-0.5232888888888888,-0.0008222222222222223,-0.17755555555555555,-0.0004666666666666667,-0.24226666666666666,-0.6444444444444445,-0.0021000000000000003,-0.5928888888888889,-0.13126666666666667,-0.05932222222222223,-0.39709999999999995,-0.8992,-0.1950666666666667,-0.5643,-0.0015666666666666667,-0.05666666666666667,-0.6759555555555555,-0.058488888888888896,-0.0002,-0.38095555555555555,-0.0017777777777777779,-0.11366666666666668,-0.30675555555555556,-0.4433777777777778,-0.17666666666666667,-0.23444444444444446,-0.4176,-0.06491111111111111,-0.3405777777777777,-0.46171111111111107,-0.41213333333333335,-0.1411111111111111,-0.6289777777777777,-0.5410222222222222,-0.5129777777777778,-0.2159333333333333,-0.3160888888888889,-0.0008111111111111112,-0.4862888888888888,-0.058666666666666666,-0.24694444444444447,-0.44595555555555555,-0.6804111111111111,-0.0011111111111111111,-0.0024222222222222223,-0.22577777777777777,-0.4527222222222222,-0.45368888888888886,-0.04033333333333333,-0.006244444444444445,-0.051333333333333335,-0.11073333333333332,-0.09678888888888888,-0.43048888888888887,-0.0016666666666666668,-0.4496,-0.0009000000000000001,-0.34257777777777776,-0.15106666666666665,-0.1016,-0.0003333333333333334,-0.0924,-0.5717333333333333,-0.014044444444444444,-0.2510444444444444,-0.23973333333333333,-0.5419555555555555,-0.28097777777777777,-0.24151111111111112,-0.18773333333333334,-0.40942222222222224,-0.09386666666666667,-0.10914444444444445,-0.4529333333333333,-0.0025666666666666667,-0.2966888888888889,-0.19217777777777778,-0.5903111111111111,-0.13662222222222223,-0.014444444444444444,-0.20444444444444443,-0.6150777777777777,-0.16086666666666666,-0.6805333333333333,-0.14831111111111112,-0.35983333333333334,-0.30056666666666665,-0.26937777777777777,-0.00015555555555555556,-0.16084444444444446,-0.18382222222222225,-0.22013333333333335,-0.31555555555555553,-0.6409333333333334,-0.0001,-0.09093333333333334,-0.0006222222222222223,-0.39697777777777776,-6.666666666666667e-05,-0.08635555555555555,-0.0029000000000000002,-0.01161111111111111,-0.04473333333333333,-0.31960000000000005,-0.0718111111111111,-0.011911111111111112,-0.002511111111111111,-0.00023333333333333336,-0.3188888888888889,-0.7269333333333333,-0.8516444444444444,-0.18113333333333334,-0.10053333333333334,-0.3259666666666667,-0.11
2024-08-06,-0.03475555555555555,-0.5002666666666667,-0.0015333333333333336,-0.6446222222222222,-0.1836,-0.0020666666666666667,-0.24700000000000003,-0.3045,-0.0114,-0.11257777777777776,-0.17859999999999998,-0.47623333333333334,-0.41889999999999994,-0.17444444444444443,-0.2738777777777778,-0.3957333333333334,-0.0010444444444444446,-0.24888888888888888,-0.636,-0.14204444444444445,-0.11484444444444444,-0.003,-0.40349999999999997,-0.19164444444444445,-0.002377777777777778,-0.0010555555555555557,-0.13173333333333334,-0.32106666666666667,-0.46977777777777774,-0.27336666666666665,-0.1972,-0.0006333333333333334,-0.7186666666666667,-0.001477777777777778,-0.1851111111111111,-0.3531666666666667,-0.0023,-0.611,-0.12783333333333333,-0.3959888888888889,-0.3422222222222222,-0.002511111111111111,-0.19633333333333336,-0.38783333333333336,-0.6844444444444444,-0.0472,-0.003255555555555556,-0.0005333333333333334,-0.22154444444444443,-4.444444444444445e-05,-0.09822222222222222,-0.038533333333333336,-0.3776,-0.0026222222222222224,-0.44053333333333333,-0.16593333333333332,-0.19014444444444445,-0.017377777777777777,-0.5221666666666667,-0.002,-0.5860666666666666,-0.6670222222222222,-0.5395,-0.11106666666666666,-0.5720000000000001,-0.9146666666666666,-0.012844444444444443,-0.0675,-0.8151111111111111,-0.0009333333333333334,-0.3331888888888889,-0.36400000000000005,-0.29738888888888887,-0.36183333333333334,-0.5413333333333333,-0.5373333333333333,-0.008311111111111111,-0.028500000000000004,-0.03551111111111111,-0.25206666666666666,-0.0020777777777777778,-0.5537777777777778,-0.09955555555555556,-0.17671111111111112,-0.5438333333333334,-0.2748666666666667,-0.7093333333333334,-0.0005888888888888889,-0.432,-0.10577777777777778,-0.0031111111111111114,-0.7093333333333334,-0.002588888888888889,-0.6477777777777777,-0.0021444444444444445,-0.5329666666666666,-0.09671111111111111,-0.0018333333333333335,-0.40338888888888885,-0.00013333333333333334,-8.88888888888889e-05,-0.018888888888888886,-0.22062222222222222,-0.629688888888889,-0.36383333333333334,-0.444,-0.10641111111111111,-0.6831111111111111,-0.45795555555555556,-0.5425777777777778,-0.2244,-0.4355555555555556,-0.6346666666666667,-0.017733333333333334,-0.31466666666666665,-0.49172222222222217,-0.0028333333333333335,-0.07328888888888888,-0.0013333333333333335,-0.07026666666666666,-0.0008333333333333334,-0.0012777777777777779,-0.10728888888888888,-0.11182222222222223,-0.112,-0.1816888888888889,-0.0017000000000000001,-0.016622222222222222,-0.12617777777777778,-0.3622666666666667,-0.02493333333333333,-0.1953777777777778,-0.533,-0.413,-0.03150000000000001,-0.42683333333333334,-0.30916666666666665,-0.4571666666666667,-0.0014,-0.17967777777777777,-0.0023222222222222225,-0.0018222222222222223,-0.5698333333333334,-0.15200000000000002,-0.1928888888888889,-0.6688888888888889,-0.0011777777777777778,-0.4385666666666666,-0.13297777777777778,-0.047599999999999996,-0.4779777777777778,-0.05893333333333333,-0.08386666666666666,-0.45048888888888894,-0.7902222222222223,-0.0029444444444444444,-0.03673333333333333,-0.4506666666666667,-0.1386666666666667,-0.23850000000000002,-0.2065777777777778,-0.00042222222222222227,-0.0028555555555555556,-0.0022222222222222222,-0.5027555555555556,-0.6371555555555556,-0.002277777777777778,-0.04686666666666667,-0.027,-0.48146666666666665,-0.0465,-0.22813333333333333,-0.7373333333333334,-0.378,-0.002466666666666667,-0.0021000000000000003,-0.5575111111111112,-0.11862222222222221,-0.1216,-0.0018555555555555556,-0.09444444444444444,-0.204,-0.0026000000000000003,-0.029466666666666665,-0.20013333333333333,-0.4728888888888889,-0.0005777777777777779,-0.045000000000000005,-0.0012000000000000001,-0.10350000000000001,-0.4156444444444444,-0.21004444444444442,-0.28124444444444446,-0.0013222222222222222,-0.07404444444444444,-0.6507222222222222,-0.4448888888888889,-0.1393777777777778,-0.37333333333333335,-0.0009444444444444445,-0.26093333333333335,-0.5693333333333334,-0.0026111111111111114,-0.0008777777777777778,-0.8362222222222222,-0.00045555555555555556,-0.0013555555555555556,-0.2686444444444444,-0.3882666666666667,-0.0105,-0.0405,-0.09100000000000001,-0.17377777777777778,-0.081,-0.013000000000000001,-0.07583333333333334,-0.03777777777777777,-0.012444444444444445,-0.6645333333333334,-0.3061333333333333,-0.06966666666666667,-0.062066666666666666,-0.0016222222222222224,-0.004977777777777778,-0.0024333333333333334,-0.41850000000000004,-0.3141666666666667,-0.009333333333333334,-0.001,-0.0006666666666666668,-0.0544,-0.09316666666666668,-0.1841777777777778,-0.002888888888888889,-0.3894,-0.14657777777777775,-0.0018000000000000002,-0.2006,-0.30862222222222224,-0.0028666666666666667,-0.21404444444444445,-0.0025,-0.1365,-0.04382222222222222,-0.0006555555555555556,-0.0020222222222222226,-0.514611111111111,-0.3335111111111111,-0.0032222222222222222,-0.4221555555555555,-0.36183333333333334,-0.09422222222222222,-0.6222222222222222,-0.2808555555555555,-0.02026666666666667,-0.16426666666666667,-0.000488888888888889,-0.051,-0.14850000000000002,-0.05062222222222222,-0.05742222222222222,-0.42564444444444444,-0.21902222222222223,-0.011333333333333334,-0.0014666666666666667,-0.17302222222222222,-0.7466666666666667,-0.2512,-0.5771111111111111,-0.021666666666666667,-0.4169222222222222,-0.5447666666666666,-0.0696888888888889,-0.0007777777777777778,-0.3975,-0.5231333333333333,-0.65,-0.5156666666666667,-0.7272777777777778,-0.0009111111111111111,-0.001188888888888889,-0.0033222222222222225,-0.3635333333333333,-0.00014444444444444446,-0.1885,-0.03,-0.2655,-0.14733333333333334,-0.4305777777777778,-0.25566666666666665,-0.21026666666666669,-0.2055111111111111,-0.019644444444444444,-0.6088333333333333,-0.8568333333333333,-0.8804444444444445,-0.22897777777777778,-0.4169333333333333,-0.6261666666666668,-0.11273333333333334
2024-08-07,-0.0015777777777777778,-0.17166666666666666,-0.0016777777777777778,-0.15244444444444444,-0.09027777777777779,-0.0025555555555555557,-0.3718222222222223,-0.1700888888888889,-0.27375555555555553,-0.0010777777777777778,-0.19583333333333333,-0.5419111111111111,-0.4852444444444444,-0.4165,-0.4947,-0.3105111111111111,-0.003188888888888889,-0.33999999999999997,-0.2558888888888889,-0.423,-0.10777777777777776,-0.6775111111111111,-0.3105111111111111,-0.221,-0.2972222222222223,-0.0013333333333333335,-0.18968888888888888,-0.45884444444444444,-0.04083333333333333,-0.175,-0.4272,-0.0001,-0.0637,-3.3333333333333335e-05,-0.3451,-0.013733333333333334,-0.31255555555555553,-0.7947333333333333,-0.5015,-0.09384444444444444,-0.2575,-0.11963333333333333,-0.0027444444444444448,-0.26106666666666667,-0.1252222222222222,-0.0009666666666666667,-0.5825,-0.0023222222222222225,-0.3619,-0.0019111111111111113,-0.01401111111111111,-0.001588888888888889,-0.305,-0.14883333333333332,-0.2825,-0.0008777777777777778,-0.3227333333333333,-0.0003888888888888889,-0.09155555555555556,-0.0009333333333333334,-0.455,-0.08,-0.0775,-0.13903333333333331,-0.5277999999999999,-0.7189000000000001,-0.0017000000000000001,-0.0020333333333333336,-0.273,-0.0031333333333333335,-0.07782222222222221,-0.0125,-0.4865333333333333,-0.1443777777777778,-0.4246666666666667,-0.46499999999999997,-0.0002,-0.0011555555555555557,-0.038799999999999994,-0.46059999999999995,-0.39722222222222225,-0.05156666666666666,-0.4212666666666667,-0.309,-0.3158666666666667,-0.4010666666666667,-0.27603333333333335,-4.444444444444445e-05,-0.6612666666666667,-0.0021444444444444445,-0.3315,-0.06673333333333334,-0.2705222222222222,-0.5580555555555555,-0.0005777777777777779,-0.11977777777777777,-0.0017444444444444445,-0.0011777777777777778,-0.021777777777777778,-0.0029222222222222223,-0.0021111111111111113,-0.0008222222222222223,-0.7249666666666666,-0.043555555555555556,-0.5104222222222222,-0.19413333333333335,-0.0014555555555555556,-0.17149999999999999,-0.11705555555555557,-0.1361111111111111,-0.7310333333333333,-0.38,-0.2821,-0.002711111111111111,-0.21250000000000002,-0.3105111111111111,-0.2522,-0.002,-0.001477777777777778,-0.19507777777777777,-0.0012444444444444445,-0.0030555555555555557,-0.2414222222222222,-0.0028555555555555556,-0.3599555555555556,-0.13053333333333333,-0.0006555555555555556,-0.0012222222222222222,-0.0029000000000000002,-0.1522888888888889,-0.0012777777777777779,-0.075,-0.31577777777777777,-0.5447555555555555,-0.0005222222222222223,-0.2,-0.1775,-0.2667777777777778,-0.001877777777777778,-0.28983333333333333,-0.0025,-0.0022222222222222222,-0.4273888888888889,-0.0017444444444444445,-0.7567777777777778,-0.06066666666666667,-0.0030333333333333336,-0.1213111111111111,-0.15843333333333331,-0.0023333333333333335,-0.51,-0.0028,-0.002388888888888889,-0.15516666666666667,-0.8250666666666666,-0.045899999999999996,-0.26944444444444443,-0.2504444444444444,-0.3842,-0.39009999999999995,-0.10877777777777778,-0.0002777777777777778,-0.04543333333333333,-0.2736111111111111,-0.36477777777777776,-0.21233333333333335,-0.4152777777777778,-0.002988888888888889,-0.1832222222222222,-0.0925,-0.0013444444444444445,-0.13770000000000002,-0.03336666666666667,-0.4114,-0.21663333333333332,-0.30608888888888885,-0.8857333333333334,-0.24305555555555558,-0.14027777777777778,-0.2888444444444444,-0.0028666666666666667,-0.0007666666666666668,-0.21527777777777782,-0.0028111111111111114,-0.1261,-0.057499999999999996,-0.0028333333333333335,-0.000988888888888889,-0.0032111111111111116,-0.0015555555555555557,-0.5733,-0.44336666666666663,-0.3520444444444445,-0.0017444444444444445,-0.2274111111111111,-0.1225,-0.4192222222222222,-0.3975333333333334,-0.2929777777777778,-0.003077777777777778,-0.003311111111111111,-0.47750000000000004,-0.04203333333333333,-0.0006444444444444444,-0.3212222222222222,-0.002466666666666667,-0.0031111111111111114,-0.17076666666666665,-0.21162222222222224,-0.003066666666666667,-0.0026222222222222224,-0.2516,-0.17083333333333334,-0.0012666666666666668,-0.0011,-0.2465,-0.001988888888888889,-0.000688888888888889,-0.1275,-0.13448888888888888,-0.0009222222222222223,-0.0017444444444444445,-0.0023111111111111114,-0.0003333333333333334,-0.23387777777777777,-0.12,-0.3332,-0.00011111111111111112,-0.0024333333333333334,-0.0017444444444444445,-0.0014111111111111112,-0.31279999999999997,-0.2363,-0.1632,-0.5636666666666666,-0.3263888888888889,-0.0009111111111111111,-0.0916111111111111,-0.27095555555555556,-0.49810000000000004,-0.35935555555555554,-0.2996222222222222,-0.15735555555555555,-0.2619,-0.0019,-0.003011111111111111,-0.43946666666666667,-0.47379999999999994,-0.5122444444444445,-0.5493333333333333,-0.3421555555555556,-0.35935555555555554,-0.07077777777777777,-0.4166666666666667,-0.0029444444444444444,-0.3009,-0.0025333333333333336,-0.0029333333333333334,-0.002455555555555556,-0.0031222222222222224,-0.0020777777777777778,-0.3859,-0.20766666666666667,-0.0022,-2.2222222222222227e-05,-0.25329999999999997,-0.18200000000000002,-0.07676666666666666,-0.2184,-0.016666666666666666,-0.5142222222222222,-0.5417222222222222,-0.0238,-7.777777777777778e-05,-0.0475,-0.095,-0.8099000000000001,-0.8085,-0.20323333333333335,-0.0003111111111111111,-0.002955555555555556,-0.6206666666666667,-0.5884666666666666,-0.0013222222222222222,-0.17404444444444445,-0.0011333333333333334,-0.0017000000000000001,-0.04583333333333334,-0.11433333333333334,-0.374,-0.31039999999999995,-0.1292,-0.0002666666666666667,-0.7522666666666666,-0.47623333333333334,-0.4368,-0.2136,-0.13962222222222223,-0.21233333333333335,-0.13364444444444443
2024-08-08,-0.0016666666666666668,-0.5355555555555556,-0.0019333333333333333,-0.5599999999999999,-0.0026222222222222224,-0.13436666666666666,-0.5022222222222221,-0.14395555555555553,-0.2068222222222222,-0.001688888888888889,-0.0020888888888888893,-0.5249333333333334,-0.8710111111111112,-0.6311111111111111,-0.7781111111111111,-0.3267777777777778,-0.016399999999999998,-0.3044444444444444,-0.31855555555555554,-0.3,-0.001788888888888889,-0.01572222222222222,-0.011333333333333332,-0.0017444444444444445,-0.36662222222222224,-0.0023222222222222225,-0.0005444444444444445,-0.7083777777777778,-0.6266666666666667,-0.002988888888888889,-0.8071555555555556,-0.002177777777777778,-0.4911111111111111,-0.001088888888888889,-0.13577777777777778,-0.32016666666666665,-0.15555555555555556,-0.23583333333333334,-0.927611111111111,-0.2762222222222222,-0.6577777777777778,-0.001,-0.032799999999999996,-0.1544333333333333,-0.21672222222222223,-0.0022444444444444447,-0.019755555555555557,-0.0016111111111111111,-0.31506666666666666,-0.001588888888888889,-0.0015555555555555557,-0.0028222222222222225,-0.33359999999999995,-0.002277777777777778,-0.4098888888888889,-0.003088888888888889,-0.58,-0.0028555555555555556,-0.17703333333333332,-0.0022222222222222222,-0.5125444444444445,-0.2568888888888889,-0.03735555555555555,-0.0029444444444444444,-0.777,-0.06,-0.0007555555555555555,-0.002688888888888889,-0.35100000000000003,-0.27336666666666665,-0.205,-0.5111111111111111,-0.4804444444444444,-0.17606666666666668,-0.042222222222222223,-0.4933333333333333,-0.0013111111111111112,-0.0032111111111111116,-0.2305111111111111,-0.03777777777777777,-0.10183333333333333,-0.13555555555555554,-0.43066666666666664,-0.31355555555555553,-0.06277777777777777,-0.4402666666666667,-0.51,-0.0005111111111111111,-0.29700000000000004,-0.0020555555555555557,-0.08222222222222222,-0.04515555555555556,-0.3629444444444444,-0.7128333333333333,-0.0031000000000000003,-0.14054444444444444,-0.0027444444444444448,-0.0002777777777777778,-0.42666666666666664,-0.21593333333333334,-0.19406666666666664,-0.0010444444444444446,-0.3396,-0.058555555555555555,-0.49388888888888893,-0.045000000000000005,-0.0017777777777777779,-0.5511111111111111,-0.12510000000000002,-0.3116666666666667,-0.9056,-0.6088888888888888,-0.2511777777777778,-0.19335555555555553,-0.19266666666666668,-0.2323333333333333,-0.041699999999999994,-0.1330222222222222,-0.0007777777777777778,-0.2121888888888889,-0.0007333333333333333,-0.040155555555555555,-0.06949999999999999,-0.10444444444444445,-0.18133333333333332,-0.3274222222222222,-0.0017666666666666668,-0.0026000000000000003,-0.09555555555555556,-0.18666666666666668,-0.002288888888888889,-0.0021111111111111113,-0.6397222222222222,-0.1890888888888889,-0.0008888888888888889,-0.09575555555555555,-0.13316666666666668,-0.51,-0.00023333333333333336,-0.26994444444444443,-0.0018222222222222223,-0.0003111111111111111,-0.34903333333333336,-0.0029333333333333334,-0.8049777777777779,-0.5288888888888889,-0.4587,-0.4911111111111111,-0.0030555555555555557,-0.002588888888888889,-0.03133333333333333,-0.13434444444444443,-0.0032222222222222222,-0.3845666666666666,-0.3333111111111111,-0.4061888888888889,-0.07282222222222222,-0.5024444444444445,-0.5555555555555556,-0.13033333333333333,-0.09165555555555556,-0.0032333333333333333,-0.3691333333333333,-0.002377777777777778,-0.6044444444444443,-0.7789333333333334,-0.39555555555555555,-0.024555555555555556,-0.0013666666666666666,-0.08877777777777777,-0.0021222222222222224,-0.27496666666666664,-0.5955555555555555,-0.0044444444444444444,-0.08339999999999999,-0.05477777777777777,-0.9024555555555556,-0.15579999999999997,-0.0024222222222222223,-0.04268888888888889,-0.05096666666666667,-0.0028666666666666667,-0.00911111111111111,-0.17828888888888889,-0.001955555555555556,-0.357,-0.04008888888888889,-0.0009555555555555556,-0.06177777777777777,-0.0013666666666666666,-0.6100222222222221,-0.008888888888888889,-0.3088888888888889,-0.16491111111111112,-0.02762222222222222,-0.21111111111111108,-0.45720000000000005,-0.15999999999999998,-0.4155555555555555,-0.15907777777777776,-0.6031666666666666,-0.6371111111111111,-0.0010222222222222221,-0.0031333333333333335,-0.8269111111111112,-0.1804,-0.4205111111111111,-0.11206666666666665,-0.3381111111111111,-0.01698888888888889,-0.13119999999999998,-0.16673333333333332,-0.0006666666666666668,-0.0016777777777777778,-0.0016333333333333334,-0.26366666666666666,-0.06924444444444444,-0.0012111111111111112,-0.2733333333333333,-0.2323333333333333,-0.0010777777777777778,-0.1895111111111111,-0.0018666666666666669,-0.0013444444444444445,-0.25989999999999996,-0.10577777777777778,-0.3135222222222222,-0.0011666666666666668,-0.07015555555555555,-0.05831111111111111,-0.0025444444444444447,-0.17297777777777779,-0.34441111111111106,-0.002211111111111111,-0.0026111111111111114,-0.05111111111111111,-0.0012555555555555555,-0.0008777777777777778,-0.2191111111111111,-0.516,-0.2733333333333333,-0.04942222222222222,-0.07106666666666667,-0.1544333333333333,-0.05739999999999999,-0.03766666666666667,-0.7441666666666666,-0.24835555555555555,-0.009433333333333334,-0.26372222222222225,-0.39855555555555555,-0.3864444444444444,-0.10295555555555555,-0.2326888888888889,-0.03826666666666667,-0.2323333333333333,-0.11206666666666665,-0.008199999999999999,-0.18996666666666664,-0.037066666666666664,-0.10022222222222221,-0.08494444444444443,-0.2927777777777778,-0.1443888888888889,-0.0020222222222222226,-0.4646666666666666,-0.23988888888888887,-0.0026555555555555555,-0.7076111111111111,-0.002166666666666667,-0.7807222222222222,-0.11400000000000002,-0.04828888888888889,-0.0015333333333333336,-0.1494111111111111,-0.20967777777777777,-0.2924333333333333,-0.9433333333333334,-0.16086666666666666,-0.0029111111111111113,-0.03188888888888889,-0.02515555555555556,-0.36000000000000004,-0.0027,-0.5345555555555556,-0.0011555555555555557,-0.0031222222222222224,-0.0031111111111111114,-0.289,-0.34595555555555557,-0.021622222222222223,-0.22599999999999998,-0.002966666666666667,-0.18552222222222223,-0.579,-0.369,-0.37966666666666665,-0.3042555555555555,-0.195,-0.21137777777777775
2024-08-09,-0.23053333333333337,-0.7979777777777778,-0.12244444444444445,-0.7819111111111111,-0.12444444444444444,-0.07004444444444445,-0.5730444444444445,-0.14053333333333332,-0.24888888888888888,-0.04053333333333334,-0.24764444444444444,-0.44718888888888886,-0.7355111111111111,-0.3216,-0.3990222222222222,-0.36960000000000004,-0.0024111111111111113,-0.4023333333333333,-0.165,-0.48750000000000004,-0.07182222222222223,-0.035,-0.002266666666666667,-0.27955555555555556,-0.5962000000000001,-0.06417777777777779,-0.001888888888888889,-0.4377333333333333,-0.355,-0.4927111111111111,-0.27097777777777776,-0.0128,-0.13924444444444445,-0.04515555555555556,-0.37777777777777777,-0.48922222222222217,-0.408,-0.7899444444444444,-0.002977777777777778,-0.060444444444444446,-0.017866666666666666,-0.05657777777777778,-0.0013333333333333335,-0.10080000000000001,-0.0352,-0.06186666666666667,-0.028444444444444446,-0.07768888888888889,-0.2327111111111111,-0.051911111111111116,-0.017066666666666667,-0.4261333333333333,-0.26,-0.5496666666666666,-0.4712888888888889,-0.119,-0.47644444444444445,-0.11146666666666667,-0.4110222222222222,-0.04231111111111111,-0.008933333333333333,-0.154,-0.00043333333333333337,-0.42764444444444444,-0.4109333333333333,-0.16999999999999998,-0.10204444444444445,-0.02871111111111111,-0.29700000000000004,-0.07102222222222222,-0.0136,-0.33440000000000003,-0.5747111111111111,-0.012444444444444445,-0.004977777777777778,-0.13697777777777775,-0.09173333333333333,-0.04137777777777778,-0.3472,-0.37022222222222223,-0.14300000000000002,-0.1254222222222222,-0.19360000000000002,-0.0748,-0.017733333333333337,-0.1205,-0.01338888888888889,-0.07395555555555557,-0.4136,-0.07644444444444445,-0.02266666666666667,-0.11660000000000001,-0.13448888888888888,-0.16377777777777777,-0.3160888888888889,-0.06497777777777777,-0.2662,-0.000688888888888889,-0.3607777777777778,-0.16720000000000002,-0.22800000000000004,-0.02097777777777778,-0.44368888888888885,-0.0336,-0.1847666666666667,-0.06044444444444444,-0.08697777777777778,-0.3325,-0.11937777777777776,-0.0638,-0.09231111111111111,-0.4258222222222222,-0.2936888888888889,-0.43066666666666664,-0.24177777777777779,-0.3075,-0.064,-0.20097777777777778,-0.0026444444444444445,-0.22026666666666667,-0.0023222222222222225,-0.18746666666666667,-0.0028111111111111114,-0.42008888888888885,-0.19288888888888892,-0.28600000000000003,-0.09244444444444445,-0.2372888888888889,-0.4155555555555555,-0.5402222222222223,-0.03911111111111111,-0.06186666666666667,-0.2531111111111111,-0.30033333333333334,-0.0008555555555555556,-0.0021111111111111113,-0.03626666666666666,-0.5628,-0.0005666666666666667,-0.09671111111111111,-0.35342222222222225,-0.0020222222222222226,-0.3322,-0.27199999999999996,-0.46453333333333335,-0.5194888888888889,-0.451,-0.31564444444444445,-0.09444444444444444,-0.19422222222222224,-0.002588888888888889,-0.0792888888888889,-0.1983333333333333,-0.3748888888888889,-0.2918777777777778,-0.12693333333333334,-0.047288888888888894,-0.7087111111111111,-0.30075555555555555,-0.5478,-0.043555555555555556,-0.3136,-0.2684,-0.024200000000000003,-0.2560888888888889,-0.7872666666666667,-0.6721222222222223,-0.05866666666666667,-0.08817777777777779,-0.08213333333333334,-0.08071111111111112,-0.033999999999999996,-0.195,-0.002577777777777778,-0.07751111111111111,-0.3551111111111111,-0.41391111111111106,-0.13813333333333333,-0.3415111111111111,-0.16213333333333335,-0.0015666666666666667,-0.31922222222222224,-0.001988888888888889,-0.16973333333333335,-0.08462222222222222,-0.18888888888888888,-0.08213333333333334,-0.0025444444444444447,-0.36462222222222224,-0.0256,-0.5300444444444444,-0.4472888888888889,-0.4026,-0.14524444444444445,-0.0032,-0.03777777777777777,-0.028600000000000004,-0.06233333333333333,-0.241,-0.22715555555555556,-0.15531111111111112,-0.34244444444444444,-0.0026444444444444445,-0.20013333333333336,-0.8903555555555556,-0.17395555555555556,-0.64,-0.22208888888888892,-0.30977777777777776,-0.0736,-0.22293333333333334,-0.17528888888888888,-0.0018444444444444446,-0.09813333333333335,-0.13680000000000003,-0.06648888888888889,-0.002966666666666667,-0.0019,-0.23422222222222222,-0.16924444444444445,-0.0025333333333333336,-0.4155555555555555,-0.3173333333333333,-0.08320000000000001,-0.18511111111111112,-0.04604444444444445,-0.6373111111111112,-0.054400000000000004,-0.07502222222222223,-0.0026444444444444445,-0.23644444444444446,-0.1570666666666667,-0.39499999999999996,-0.2587777777777778,-0.03715555555555556,-0.09422222222222222,-0.0006777777777777778,-0.002255555555555556,-0.238,-0.023822222222222224,-0.40195555555555557,-0.34471111111111113,-0.0024333333333333334,-0.18662222222222224,-0.0026444444444444445,-0.2448888888888889,-0.4675111111111111,-0.46640000000000004,-0.06435555555555557,-0.2568888888888889,-0.05,-0.255,-0.05102222222222222,-0.7738777777777778,-0.18915555555555558,-0.042499999999999996,-0.09315555555555556,-0.0014555555555555556,-0.34097777777777777,-0.09066666666666667,-0.09137777777777778,-0.09880000000000001,-0.21780000000000002,-0.2204,-0.029155555555555556,-0.6025,-0.05288888888888889,-0.10766666666666666,-0.3841333333333333,-0.028622222222222223,-0.28586666666666666,-0.30411111111111105,-0.03804444444444445,-0.04195555555555556,-0.03235555555555556,-0.17075555555555555,-0.11246666666666667,-0.8844,-0.018744444444444446,-0.1460888888888889,-0.0952888888888889,-0.2068,-0.49538888888888893,-0.06248888888888889,-0.07500000000000001,-0.05333333333333334,-0.025244444444444444,-0.2425,-0.14355555555555555,-0.0044,-0.0027333333333333333,-0.08159999999999999,-0.25333333333333335,-0.03213333333333333,-0.11315555555555556,-0.4075,-0.048400000000000006,-0.11031111111111111,-0.23296666666666666,-0.16066666666666668
2024-08-12,-0.31908888888888887,-0.0097,-0.0012333333333333335,-0.012933333333333333,-0.0008111111111111112,-0.0019333333333333333,-0.5819333333333333,-0.0010666666666666667,-0.40155555555555555,-0.0023222222222222225,-0.4175,-0.5248444444444444,-0.8585333333333333,-0.6392666666666666,-0.2679111111111111,-0.0013222222222222222,-0.0006444444444444444,-0.44403333333333334,-0.35966666666666663,-0.2675,-0.0010111111111111113,-0.0012222222222222222,-0.0017222222222222224,-0.0017000000000000001,-0.1548,-0.0022444444444444447,-0.001388888888888889,-0.6058444444444444,-0.5998222222222223,-0.0475,-0.8524444444444444,-0.0011777777777777778,-0.35244444444444445,-0.0010444444444444446,-0.3611666666666667,-0.7475,-0.1660222222222222,-0.0388,-0.12257777777777777,-0.27499999999999997,-0.731,-0.0020444444444444442,-0.00023333333333333336,-0.018,-0.061511111111111114,-0.0007333333333333333,-0.0024222222222222223,-0.0019111111111111113,-0.10500000000000001,-5.555555555555556e-05,-0.0017555555555555556,-0.46499999999999997,-0.3986666666666667,-0.04566666666666667,-0.3725,-0.253,-0.258,-0.154,-0.0830111111111111,-0.0021111111111111113,-0.06694444444444445,-0.06644444444444444,-0.00030000000000000003,-0.6000000000000001,-0.5297333333333333,-0.4115111111111111,-0.22326666666666667,-0.002844444444444445,-0.86,-0.16999999999999998,-0.0007666666666666668,-0.6238333333333332,-0.5275000000000001,-0.00025555555555555553,-0.023111111111111114,-0.06211111111111112,-0.416,-0.045,-0.5406555555555556,-0.12,-0.1160111111111111,-0.20366666666666666,-0.182,-0.2903333333333334,-0.294,-0.06355555555555556,-0.4275555555555556,-0.00014444444444444446,-0.022633333333333335,-0.25899999999999995,-0.033999999999999996,-0.24734444444444442,-0.3556111111111111,-0.5012555555555555,-0.5055444444444445,-0.052,-0.0021555555555555555,-6.666666666666667e-05,-0.2975555555555556,-0.27699999999999997,-0.3755555555555556,-0.0009000000000000001,-0.07915555555555556,-0.105,-0.5866222222222222,-0.024555555555555556,-0.0002444444444444445,-0.18633333333333332,-0.04766666666666667,-0.34811111111111115,-0.8554888888888889,-0.3841333333333333,-0.05344444444444445,-0.7223999999999999,-0.2137777777777778,-0.10099999999999999,-0.000988888888888889,-0.156,-0.0007444444444444445,-0.174,-0.0006666666666666668,-0.4767111111111111,-0.23835555555555554,-0.5936666666666667,-0.0003333333333333334,-0.0023,-0.19933333333333336,-0.25828888888888885,-0.13656666666666667,-0.0241,-0.00044444444444444447,-0.002511111111111111,-0.4640444444444444,-0.35750000000000004,-0.0010333333333333334,-0.0013666666666666666,-0.0002666666666666667,-0.387,-0.0016111111111111111,-0.0019333333333333333,-0.3064444444444444,-0.0032444444444444448,-0.5844333333333332,-0.33446666666666663,-0.2953111111111111,-0.7899444444444444,-0.36685555555555555,-0.6369666666666666,-0.0029444444444444444,-0.31922222222222224,-0.0008,-0.14300000000000002,-0.26718888888888886,-0.2806444444444445,-0.13473333333333334,-0.052,-0.0029111111111111113,-0.20702222222222222,-0.6606444444444445,-0.29991111111111113,-0.0009444444444444445,-0.4334,-0.1335222222222222,-0.00042222222222222227,-0.24080000000000001,-0.006466666666666667,-0.17783333333333332,-0.0007888888888888889,-0.39144444444444443,-0.05382222222222222,-0.0011444444444444445,-0.0012777777777777779,-0.3266888888888889,-0.0018111111111111112,-0.23,-0.7310333333333333,-0.4901555555555555,-0.191,-0.3325444444444444,-0.6425000000000001,-0.0019,-0.25,-0.0024000000000000002,-0.059,-0.16416666666666666,-0.19999999999999998,-0.19299999999999998,-0.0017333333333333335,-0.3400777777777778,-0.0003888888888888889,-0.4536444444444444,-0.35315555555555556,-0.21999999999999997,-0.0026111111111111114,-0.21913333333333335,-0.12566666666666665,-0.01922222222222222,-0.22499999999999998,-0.3538888888888889,-0.5228444444444444,-0.7075,-0.04377777777777778,-0.078,-0.239,-0.0032333333333333333,-0.144,-0.3562,-0.1379,-0.22966666666666669,-0.003255555555555556,-0.2306666666666667,-0.001477777777777778,-0.0019333333333333333,-0.5319,-0.002266666666666667,-0.0013444444444444445,-0.3625555555555556,-0.0016333333333333334,-0.00045555555555555556,-0.174,-0.0007222222222222223,-0.7711333333333332,-0.5266888888888889,-0.24599999999999997,-0.284,-0.04188888888888889,-0.49879999999999997,-0.0026000000000000003,-0.001511111111111111,-0.0017777777777777779,-0.38086666666666663,-0.0961111111111111,-0.36773333333333336,-0.0012111111111111112,-0.039,-0.289,-0.0008222222222222223,-0.001688888888888889,-0.31633333333333336,-0.10725555555555555,-0.2518111111111111,-0.40932222222222214,-0.0018000000000000002,-0.08,-0.0014222222222222225,-0.39249999999999996,-0.03556666666666666,-0.2537333333333333,-0.286,-0.20137777777777774,-0.30044444444444446,-0.1877777777777778,-0.0009555555555555556,-0.9602999999999999,-0.215,-0.0008777777777777778,-0.18837777777777778,-0.002588888888888889,-0.774,-0.08233333333333334,-0.34955555555555556,-0.0009111111111111111,-0.0029333333333333334,-0.23688888888888887,-0.0021000000000000003,-0.7482,-0.21811111111111112,-0.001877777777777778,-0.6241111111111112,-0.0011555555555555557,-0.4323111111111111,-0.3437777777777778,-0.002955555555555556,-0.21,-0.0019333333333333333,-0.002466666666666667,-0.6212444444444445,-0.7663,-0.3091111111111111,-0.22799999999999998,-0.5559777777777778,-0.030644444444444443,-0.2543888888888889,-0.279,-0.36906666666666665,-0.003311111111111111,-0.29,-0.19699999999999998,-0.0016666666666666668,-0.06999999999999999,-0.003188888888888889,-0.14444444444444443,-0.1713777777777778,-0.4094333333333333,-0.19,-0.5675,-0.008,-0.11122222222222222,-0.23793333333333333,-0.6908666666666666
2024-08-13,-0.09944444444444445,-0.2145888888888889,-0.002488888888888889,-0.21518888888888893,-0.0029000000000000002,-0.0009444444444444445,-0.6359888888888888,-0.0020777777777777778,-0.26763333333333333,-0.3507222222222222,-0.5232111111111112,-0.192,-0.485,-0.06331111111111111,-0.048,-0.001588888888888889,-0.0012555555555555555,-0.15911111111111112,-0.05546666666666667,-0.021877777777777777,-0.002377777777777778,-0.003266666666666667,-0.0025555555555555557,-0.0020222222222222226,-0.18324444444444446,-0.21281111111111112,-0.002511111111111111,-0.04583333333333334,-0.496,-0.0011,-0.12833333333333333,-0.0031333333333333335,-0.21307777777777775,-0.0021444444444444445,-0.04906666666666666,-0.10023333333333333,-0.2483111111111111,-0.4842666666666667,-0.02852222222222222,-0.05704444444444444,-0.5622222222222222,-0.2591777777777778,-0.0006444444444444444,-0.0028,-0.2912777777777778,-0.0005333333333333334,-0.31743333333333335,-0.00045555555555555556,-0.0030555555555555557,-0.0018333333333333335,-0.001188888888888889,-0.5653333333333334,-0.2533444444444444,-0.00021111111111111113,-0.06543333333333333,-0.10402222222222221,-0.0512,-0.2484777777777778,-0.11651111111111112,-0.12602222222222223,-0.11093333333333334,-0.0032111111111111116,-0.003177777777777778,-0.7546666666666667,-0.39111111111111113,-0.29236666666666666,-0.09745555555555556,-0.11056666666666667,-0.8762333333333333,-0.10737777777777778,-0.0032333333333333333,-0.3546666666666667,-0.6475,-0.0013666666666666666,-0.0018000000000000002,-0.002277777777777778,-0.6357333333333334,-0.0028777777777777777,-0.18083333333333335,-0.2853333333333334,-0.0033222222222222225,-0.3138666666666667,-0.32456666666666667,-0.4496444444444444,-0.006711111111111111,-5.555555555555556e-05,-0.020144444444444444,-0.0019,-0.7040444444444446,-0.7306666666666667,-0.00022222222222222223,-0.4513222222222222,-0.2685,-0.2503666666666666,-0.31103333333333333,-0.0021222222222222224,-0.0024000000000000002,-0.0024333333333333334,-0.46977777777777774,-0.24106666666666665,-0.05973333333333334,-0.0032888888888888894,-0.13013333333333335,-0.0026444444444444445,-0.02411111111111111,-0.0015333333333333336,-0.0022444444444444447,-0.15455555555555556,-0.002888888888888889,-0.09059999999999999,-0.3361111111111111,-0.24,-0.0012444444444444445,-0.5072222222222222,-0.10224444444444446,-0.0012555555555555555,-0.0017111111111111112,-0.0022222222222222222,-0.002477777777777778,-0.214,-0.001511111111111111,-0.096,-0.28057777777777776,-0.7727666666666666,-0.0009111111111111111,-0.29246666666666665,-0.06301111111111111,-0.13723333333333335,-0.15146666666666667,-0.11175555555555557,-0.0016111111111111111,-0.26155555555555554,-0.05333333333333333,-0.1124111111111111,-0.0006666666666666668,-0.0019222222222222223,-0.0004777777777777778,-0.09644444444444444,-0.34834444444444446,-0.002166666666666667,-0.6186666666666667,-0.096,-0.1436111111111111,-0.4053333333333333,-0.3230888888888889,-0.0194,-0.0217,-0.3104,-0.19530000000000003,-0.15672222222222223,-0.002211111111111111,-0.002755555555555556,-0.05872222222222222,-0.14980000000000002,-0.23387777777777777,-0.0025444444444444447,-0.16426666666666667,-0.18773333333333334,-0.15583333333333335,-0.08633333333333333,-0.0023444444444444446,-0.6678777777777778,-0.0735888888888889,-0.0018222222222222223,-0.013422222222222223,-0.18958888888888886,-0.2906666666666667,-0.0007777777777777778,-0.02986666666666667,-0.0016222222222222224,-0.00014444444444444446,-0.001788888888888889,-0.07717777777777776,-0.003188888888888889,-0.2411111111111111,-0.08249999999999999,-0.06043333333333334,-0.39763333333333334,-0.1854666666666667,-0.384,-0.18665555555555555,-0.08533333333333334,-0.0023111111111111114,-0.0012000000000000001,-0.0006111111111111111,-0.003,-0.30078888888888894,-0.001888888888888889,-0.23885555555555554,-0.002288888888888889,-0.6558222222222222,-0.6141666666666666,-0.20804444444444442,-0.13434444444444443,-0.13434444444444443,-0.002766666666666667,-2.2222222222222227e-05,-0.39092222222222217,-0.3926,-0.1813,-0.7367111111111111,-0.13434444444444443,-0.0028666666666666667,-0.17920000000000003,-0.15200000000000002,-0.16882222222222223,-0.5269333333333334,-0.002177777777777778,-0.0022,-0.2773333333333334,-0.30554444444444445,-0.0031555555555555555,-0.001688888888888889,-0.5036111111111111,-0.20448888888888891,-0.0021000000000000003,-0.583488888888889,-0.002788888888888889,-0.0023,-0.0021333333333333334,-0.0018111111111111112,-0.4494333333333333,-0.19466666666666668,-0.36396666666666666,-0.3116666666666667,-0.002777777777777778,-0.5253333333333333,-0.1819,-0.0018666666666666669,-0.0031222222222222224,-0.2986666666666667,-0.0032,-0.26666666666666666,-0.0010555555555555557,-0.001955555555555556,-0.03666666666666667,-0.0020777777777777778,-0.0029444444444444444,-0.3724666666666666,-0.001877777777777778,-0.47816666666666663,-0.37986666666666663,-0.0018555555555555556,-0.0017666666666666668,-0.0019333333333333333,-0.32518888888888886,-0.08106666666666668,-0.21043333333333333,-0.20777777777777776,-0.002266666666666667,-0.3531,-0.3281333333333334,-0.0016555555555555555,-0.5108666666666666,-0.1060888888888889,-0.0029111111111111113,-0.0027,-0.1628777777777778,-0.6508333333333333,-0.0028333333333333335,-0.5141333333333333,-0.16763333333333333,-0.31267777777777783,-0.33170000000000005,-0.4261555555555555,-0.7088888888888888,-0.07014444444444444,-0.0025666666666666667,-0.04888888888888889,-0.0010111111111111113,-0.008633333333333333,-0.0032333333333333333,-0.12483333333333334,-0.4093777777777778,-0.0023333333333333335,-0.24134444444444444,-0.13502222222222224,-0.7372,-0.1325444444444444,-0.35402222222222224,-0.30133333333333334,-0.18427777777777782,-0.4460555555555556,-0.5674666666666667,-0.5529111111111111,-0.46044444444444443,-0.15513333333333335,-0.05536666666666666,-0.0011444444444444445,-0.0033333333333333335,-0.6266666666666667,-0.0021555555555555555,-0.17600000000000002,-0.17842222222222223,-0.05767777777777778,-0.29415555555555556,-0.0010222222222222221,-0.0014555555555555556,-0.21546666666666667,-0.6187222222222222
2024-08-14,-0.12611111111111112,-0.0961111111111111,-0.3486,-0.002255555555555556,-0.2609111111111111,-0.0006000000000000001,-0.7175,-0.027777777777777776,-0.3525555555555555,-0.40906666666666663,-0.23787777777777774,-0.152,-0.6058888888888888,-0.18788888888888888,-0.2322222222222222,-0.09388888888888888,-0.0033,-0.2845111111111111,-0.0011333333333333334,-0.00011111111111111112,-0.12111111111111111,-0.038733333333333335,-0.3596666666666667,-0.19404444444444444,-0.6257777777777778,-0.018355555555555556,-0.13722222222222222,-0.1927333333333333,-0.26842222222222223,-0.0028222222222222225,-0.09833333333333333,-0.15124444444444443,-0.09888888888888889,-0.17437777777777777,-0.0022333333333333337,-0.4727444444444444,-0.494,-0.35137777777777773,-0.0003555555555555556,-0.0661111111111111,-0.7106222222222222,-0.1311111111111111,-0.00044444444444444447,-0.05111111111111111,-0.03944444444444444,-0.0013444444444444445,-0.3947111111111111,-0.0005444444444444445,-0.118,-0.09722222222222222,-0.002955555555555556,-0.3855,-0.09571111111111111,-0.0008666666666666667,-0.0019333333333333333,-0.0007222222222222223,-0.0015555555555555557,-0.1955111111111111,-0.002266666666666667,-0.15,-0.1429111111111111,-0.051666666666666666,-0.024444444444444442,-0.35694444444444445,-0.058666666666666666,-0.5636666666666666,-0.2006,-0.03222222222222222,-0.13712222222222223,-0.016666666666666666,-0.06948888888888889,-0.39071111111111106,-0.7844666666666666,-0.0003222222222222222,-0.007222222222222222,-0.10444444444444445,-0.24272222222222223,-0.034999999999999996,-0.2714,-0.5404222222222222,-0.6424444444444444,-0.1901111111111111,-0.4433333333333333,-0.4352888888888889,-0.00036666666666666667,-0.0001777777777777778,-0.028844444444444443,-0.09333333333333334,-0.0928888888888889,-0.0257,-0.0012000000000000001,-0.025333333333333333,-0.13373333333333334,-0.38284444444444443,-0.21131111111111112,-0.03333333333333333,-0.3781111111111111,-0.08777777777777776,-0.29106666666666664,-0.2258888888888889,-0.04242222222222222,-0.2700888888888889,-0.0027777777777777775,-0.028888888888888888,-0.06333333333333332,-0.014444444444444444,-0.07999999999999999,-0.0010111111111111113,-0.042777777777777776,-0.0003111111111111111,-0.5841555555555555,-0.0002,-0.00021111111111111113,-0.5803777777777778,-0.001288888888888889,-0.001988888888888889,-0.14888888888888888,-0.33566666666666667,-0.10722222222222222,-0.36186666666666667,-0.00037777777777777777,-0.6101111111111112,-0.9375333333333333,-0.8323,-0.0031000000000000003,-0.31355555555555553,-0.0007777777777777778,-0.30548888888888887,-0.0021222222222222224,-0.10666666666666666,-0.15055555555555555,-0.4352888888888889,-0.19797777777777775,-0.0007444444444444445,-0.0005333333333333334,-0.11722222222222223,-0.001788888888888889,-0.12166666666666666,-0.4832444444444444,-0.049999999999999996,-0.37122222222222223,-0.2373111111111111,-0.0761111111111111,-0.1368888888888889,-0.34833333333333333,-0.3974666666666667,-0.02622222222222222,-0.4426111111111112,-0.08555555555555555,-0.22133333333333335,-0.06944444444444445,-0.09334444444444444,-3.3333333333333335e-05,-0.08444444444444445,-0.5453,-0.13555555555555554,-0.22686666666666666,-0.06777777777777777,-0.4824888888888888,-0.32515555555555553,-0.035555555555555556,-0.20977777777777776,-0.00041111111111111117,-0.057777777777777775,-0.0015777777777777778,-0.05444444444444444,-0.7184888888888888,-0.003311111111111111,-0.000977777777777778,-0.026111111111111113,-0.0011222222222222224,-0.06222222222222222,-0.025555555555555554,-0.30617777777777777,-0.38808888888888887,-0.8641888888888889,-0.16866666666666666,-0.209,-0.23793333333333333,-0.0028555555555555556,-0.3867777777777777,-0.08555555555555555,-0.14815555555555554,-0.15777777777777777,-0.0026222222222222224,-0.42222222222222217,-0.6057333333333333,-0.2596,-0.6722222222222222,-0.16666666666666666,-0.574,-0.31014444444444444,-0.10277777777777777,-0.12,-0.3579333333333333,-0.05277777777777777,-0.0023666666666666667,-0.3081111111111111,-0.46655555555555556,-0.6477777777777777,-0.02408888888888889,-0.002888888888888889,-0.29766666666666663,-0.8081222222222223,-0.3631111111111111,-0.29106666666666664,-0.8036,-0.33957777777777776,-0.1272222222222222,-0.4644444444444444,-0.5454222222222223,-0.5256666666666666,-0.20977777777777776,-0.7768666666666666,-0.2988,-0.25697777777777775,-0.892888888888889,-0.1665111111111111,-0.1311111111111111,-0.3094222222222222,-0.11222222222222222,-0.8340777777777778,-0.16257777777777777,-0.5475555555555556,-0.7338777777777779,-0.015,-0.8386777777777779,-0.29133333333333333,-0.065,-0.5926222222222222,-0.5625444444444444,-0.5768888888888888,-0.2150222222222222,-0.009444444444444443,-0.04666666666666667,-0.10144444444444443,-0.15999999999999998,-0.0016222222222222224,-0.39266666666666666,-0.03777777777777777,-0.8190222222222222,-0.2124,-0.3290888888888889,-0.0029333333333333334,-0.5182222222222221,-0.6868888888888888,-0.46111111111111114,-0.5768888888888888,-0.3441111111111111,-0.0472,-0.3933333333333333,-0.2740222222222222,-0.042222222222222223,-0.6714777777777777,-0.3018888888888889,-0.36448888888888886,-0.6016666666666666,-0.07277777777777777,-0.7398222222222222,-0.5514888888888889,-0.8099888888888889,-0.3802222222222222,-0.28188888888888886,-0.7113333333333333,-0.12877777777777777,-0.2890666666666667,-0.0001666666666666667,-0.16782222222222223,-0.1547111111111111,-0.013888888888888888,-0.20477777777777775,-0.028844444444444443,-0.12666666666666665,-0.3863333333333333,-0.05113333333333333,-0.07473333333333333,-0.01711111111111111,-0.9120222222222223,-4.444444444444445e-05,-0.36448888888888886,-0.3566222222222222,-0.06388888888888888,-0.6184444444444445,-0.1075111111111111,-0.004222222222222223,-0.11993333333333335,-0.37366666666666665,-0.003333333333333333,-0.0007333333333333333,-0.5383333333333333,-0.23701111111111112,-0.22871111111111112,-0.6031111111111112,-0.3697333333333333,-0.11275555555555555,-0.19366666666666665,-0.0006555555555555556,-0.10388888888888888,-0.16046666666666665,-0.5299555555555555
2024-08-15,-0.0018222222222222223,-0.0028,-0.31206666666666666,-0.002277777777777778,-0.4949444444444444,-0.003177777777777778,-0.11599999999999999,-0.0013222222222222222,-0.17818888888888887,-0.5029888888888888,-0.23817777777777774,-0.4443444444444444,-0.14645555555555553,-0.36776666666666663,-0.0654111111111111,-0.0020888888888888893,-0.3717,-0.0019,-0.00037777777777777777,-0.0023222222222222225,-0.36575555555555556,-0.0019222222222222223,-0.11603333333333332,-0.0016222222222222224,-0.16946666666666665,-0.0006222222222222223,-0.43789999999999996,-0.2183,-0.11406666666666666,-0.0009555555555555556,-0.003144444444444445,-0.002166666666666667,-0.0013555555555555556,-0.002666666666666667,-0.0030333333333333336,-0.1479,-0.1257333333333333,-0.5571222222222222,-0.0018000000000000002,-0.0005222222222222223,-0.029888888888888885,-0.0011222222222222224,-0.0032444444444444448,-0.001377777777777778,-0.0026444444444444445,-0.000988888888888889,-0.23006666666666667,-7.777777777777778e-05,-0.001088888888888889,-0.0005888888888888889,-0.0024111111111111113,-0.03287777777777778,-0.001288888888888889,-0.000977777777777778,-0.0013444444444444445,-0.0003888888888888889,-0.0026111111111111114,-0.00042222222222222227,-0.0008666666666666667,-0.3107333333333333,-0.003266666666666667,-0.0012444444444444445,-0.001388888888888889,-0.3377444444444444,-0.001511111111111111,-0.5821333333333333,-0.0028777777777777777,-0.00025555555555555553,-0.002988888888888889,-0.0009333333333333334,-0.0014,-0.044011111111111105,-0.6366333333333333,-0.0013111111111111112,-0.00028888888888888893,-0.0022,-0.0087,-0.003311111111111111,-8.88888888888889e-05,-0.4796444444444445,-0.18313333333333331,-0.002288888888888889,-0.0023,-0.14946666666666666,-0.0007777777777777778,-0.0029333333333333334,-0.0008333333333333334,-0.0016777777777777778,-0.2851666666666667,-0.047822222222222224,-0.0005777777777777779,-0.0018444444444444446,-5.555555555555556e-05,-0.6279555555555556,-0.05506666666666667,-0.002255555555555556,-0.21475555555555556,-0.0031666666666666666,-0.20299999999999999,-0.060399999999999995,-6.666666666666667e-05,-0.24189999999999998,-0.0025222222222222226,-0.001477777777777778,-0.0010333333333333334,-0.0008,-0.001188888888888889,-0.0006333333333333334,-0.0012000000000000001,-0.0005555555555555556,-0.5858,-0.0026555555555555555,-0.0002666666666666667,-0.7598666666666666,-0.003,-0.0011777777777777778,-0.4366,-0.0026000000000000003,-0.29193333333333327,-0.7222999999999999,-0.0011,-0.6121777777777777,-0.7137777777777777,-0.48911111111111116,-0.22146666666666665,-0.3758222222222222,-0.003011111111111111,-0.5506666666666666,-0.0008555555555555556,-0.0018111111111111112,-0.14553333333333332,-0.49953333333333333,-0.0010777777777777778,-0.0014111111111111112,-0.0016,-0.001488888888888889,-0.00044444444444444447,-0.0019111111111111113,-0.12426666666666666,-0.002677777777777778,-0.026899999999999997,-0.3461333333333333,-0.00041111111111111117,-0.3343333333333333,-0.2323222222222222,-0.47894444444444445,-0.0003555555555555556,-0.3857444444444444,-0.0022333333333333337,-0.34226666666666666,-0.0015,-0.0023111111111111114,-0.0006111111111111111,-0.0032,-0.59,-0.0022222222222222222,-0.1963,-0.0019666666666666665,-0.41496666666666665,-0.32045555555555555,-0.0012111111111111112,-0.046599999999999996,-0.0009111111111111111,-0.0024333333333333334,-0.0006777777777777778,-0.0031222222222222224,-0.5379999999999999,-0.32254444444444447,-0.0006000000000000001,-0.003077777777777778,-0.0011555555555555557,-0.0017000000000000001,-0.0012777777777777779,-0.1827,-0.10706666666666667,-0.19879999999999998,-0.16014444444444442,-0.0032333333333333333,-0.002577777777777778,-0.0006666666666666668,-0.3805666666666666,-0.0017777777777777779,-0.0009666666666666667,-0.29547777777777773,-0.002711111111111111,-0.4014888888888889,-0.29,-0.15267777777777777,-0.4619333333333333,-0.5706555555555556,-0.46626666666666666,-0.7743,-0.0025333333333333336,-0.0014444444444444446,-0.2001,-0.0029444444444444444,-0.00021111111111111113,-0.3523333333333333,-0.4444666666666666,-0.7762666666666667,-0.4818333333333333,-0.00044444444444444447,-0.30535555555555555,-0.04962222222222222,-0.6044888888888889,-0.4077,-0.5206666666666667,-0.38813333333333333,-0.0028555555555555556,-0.7430111111111111,-0.38539999999999996,-0.28477777777777774,-0.0015444444444444444,-0.23684444444444447,-0.002777777777777778,-0.002788888888888889,-0.44773333333333337,-0.3707888888888889,-0.2801888888888889,-0.0007111111111111113,-0.0019444444444444446,-0.25955555555555554,-0.5864444444444444,-0.18586666666666665,-0.5858222222222221,-0.00044444444444444447,-0.6878222222222222,-0.4731333333333333,-0.0015555555555555557,-0.49473333333333336,-0.5323111111111111,-0.37749999999999995,-0.0016444444444444447,-0.003255555555555556,-0.001788888888888889,-0.003022222222222222,-0.5458444444444444,-0.003066666666666667,-0.26676666666666665,-0.00023333333333333336,-0.2757777777777778,-0.09022222222222222,-0.42086666666666667,-0.48719999999999997,-0.21202222222222222,-0.5469666666666666,-0.5932111111111111,-0.0021444444444444445,-0.1466111111111111,-0.00044444444444444447,-0.48969999999999997,-0.28186666666666665,-0.0020444444444444442,-0.7950444444444444,-0.41608888888888884,-0.3520333333333333,-0.07472222222222222,-0.002844444444444445,-0.35973333333333335,-0.29977777777777775,-0.31146666666666667,-0.5819333333333333,-0.3028666666666666,-0.6874444444444444,-0.002988888888888889,-0.0783,-0.0013333333333333335,-0.002588888888888889,-0.4127333333333333,-0.0009222222222222223,-0.1298,-0.0033222222222222225,-0.0003444444444444445,-0.04511111111111111,-0.0014333333333333333,-0.0025444444444444447,-0.5345666666666666,-0.09733333333333334,-0.0001666666666666667,-0.2368333333333333,-0.697,-4.444444444444445e-05,-0.10096666666666666,-0.3383333333333333,-0.0017444444444444445,-0.038266666666666664,-0.6698999999999999,-0.002388888888888889,-0.0030555555555555557,-0.4918888888888888,-0.005177777777777778,-0.0025666666666666667,-0.37446666666666667,-0.032799999999999996,-0.0032111111111111116,-0.02181111111111111,-0.0021333333333333334,-0.0032222222222222222,-0.45971111111111107,-0.7161333333333333
2024-08-16,-0.5698888888888889,-0.18844444444444444,-0.36850000000000005,-0.05062222222222222,-0.3784,-0.24864444444444442,-0.4512,-0.025,-0.4198666666666666,-0.08600000000000001,-0.5008888888888889,-0.4293333333333334,-0.3910222222222222,-0.11263333333333334,-0.07900000000000001,-0.21737777777777778,-0.25675555555555557,-0.6363333333333333,-0.0009222222222222223,-0.008333333333333333,-0.44977777777777783,-0.057355555555555555,-0.001977777777777778,-0.15723333333333336,-0.18591111111111114,-0.02466666666666667,-0.27795555555555557,-0.21162222222222224,-0.017666666666666667,-0.003666666666666667,-0.12953333333333333,-0.14048888888888889,-0.6224888888888889,-0.17717777777777777,-0.34155555555555556,-0.48253333333333337,-0.17755555555555555,-0.40986666666666666,-0.09566666666666668,-0.002266666666666667,-0.14293333333333333,-0.08841111111111112,-0.16834444444444444,-0.018,-0.10383333333333333,-0.015333333333333332,-0.060500000000000005,-0.0013333333333333335,-0.0005,-0.041,-0.3201111111111111,-0.05866666666666667,-0.22250000000000003,-3.3333333333333335e-05,-0.04066666666666667,-0.001877777777777778,-0.2501888888888889,-0.0026222222222222224,-0.003,-0.385,-0.07333333333333333,-0.034333333333333334,-0.016666666666666666,-0.5111111111111111,-0.018333333333333333,-0.09186666666666667,-0.6976666666666668,-0.0005444444444444445,-0.5034222222222222,-0.07233333333333335,-0.02768888888888889,-0.020666666666666667,-0.7080666666666667,-0.005666666666666667,-0.001377777777777778,-0.26886666666666664,-0.5222222222222223,-0.6183111111111111,-0.002666666666666667,-0.41655555555555557,-0.05622222222222223,-0.20248888888888888,-0.3116666666666667,-0.1424,-0.0004,-0.05,-0.0025222222222222226,-0.05328888888888889,-0.20371111111111112,-0.7130000000000001,-0.05266666666666667,-0.097,-0.0012111111111111112,-0.13473333333333334,-0.3290444444444445,-0.026333333333333334,-0.11697777777777779,-0.3173111111111111,-0.06253333333333334,-0.30762222222222224,-0.0020888888888888893,-0.35016666666666674,-0.011666666666666667,-0.08933333333333333,-0.08100000000000002,-0.009,-0.14536666666666667,-0.045000000000000005,-0.020000000000000004,-0.027333333333333334,-0.5980000000000001,-0.025666666666666667,-0.0006333333333333334,-0.7625333333333334,-0.18015555555555554,-0.21315555555555557,-0.11306666666666666,-0.6235555555555556,-0.42166666666666675,-0.7797333333333333,-0.038000000000000006,-0.10606666666666667,-0.40419999999999995,-0.4328666666666666,-0.15744444444444444,-0.3226666666666667,-0.19983333333333336,-0.7596666666666666,-0.013666666666666667,-0.17404444444444445,-0.5445,-0.276,-0.07333333333333333,-0.04766666666666667,-0.0011111111111111111,-0.22631111111111113,-0.002277777777777778,-0.002,-0.18382222222222225,-0.07593333333333334,-0.1978666666666667,-0.4051555555555556,-0.0026111111111111114,-0.32377777777777783,-0.2821888888888889,-0.3930666666666667,-0.002577777777777778,-0.4436666666666667,-0.08533333333333334,-0.4414666666666666,-0.019666666666666666,-0.2620444444444444,-0.07266666666666667,-0.19616666666666668,-0.08886666666666666,-0.0012111111111111112,-0.01977777777777778,-0.16866666666666666,-0.4344888888888889,-0.042166666666666665,-0.021666666666666667,-0.21083333333333337,-0.03466666666666667,-0.05207777777777778,-0.03,-0.17404444444444445,-0.667,-0.04386666666666667,-0.002255555555555556,-0.002666666666666667,-0.008666666666666668,-0.06823333333333334,-0.06233333333333333,-0.012833333333333335,-0.161,-0.5724444444444445,-0.15186666666666668,-0.5596666666666666,-0.19504444444444444,-0.02366666666666667,-0.37924444444444444,-0.06333333333333334,-0.015744444444444446,-0.25911111111111107,-0.13844444444444445,-0.15546666666666667,-0.49322222222222223,-0.6141333333333333,-0.7883333333333333,-0.41222222222222227,-0.4421111111111111,-0.19493333333333332,-0.7539333333333333,-0.2546,-0.6784,-0.02828888888888889,-0.0028333333333333335,-0.19802222222222224,-0.4191111111111111,-0.7051999999999999,-0.15766666666666668,-0.001955555555555556,-0.0424,-0.4219555555555556,-0.050133333333333335,-0.6478666666666666,-0.7424666666666666,-0.5045333333333333,-0.4324,-0.8141333333333333,-0.8055333333333333,-0.18373333333333333,-0.037,-0.8026666666666666,-0.5606222222222222,-0.4546666666666667,-0.8112666666666667,-0.2967222222222222,-0.1459111111111111,-0.15037777777777778,-0.25554444444444446,-0.7969333333333333,-0.5045333333333333,-0.5431111111111112,-0.7195333333333334,-0.0010555555555555557,-0.34400000000000003,-0.5953333333333334,-0.3391666666666667,-0.8284666666666667,-0.6851333333333333,-0.2708888888888889,-0.001488888888888889,-0.11021111111111112,-0.011866666666666668,-0.5443333333333333,-0.40795555555555557,-0.32795555555555556,-0.2769333333333333,-0.09666666666666668,-0.36119999999999997,-0.09533333333333334,-0.16355555555555557,-0.7223999999999999,-0.6099555555555556,-0.7940666666666667,-0.02088888888888889,-0.3956,-0.44666666666666666,-0.0012444444444444445,-0.32966666666666666,-0.10422222222222222,-0.05333333333333334,-0.7711333333333332,-0.6536,-0.1905777777777778,-0.5368444444444445,-0.49683333333333335,-0.8399333333333333,-0.4472,-0.7654,-0.5647333333333333,-0.09204444444444446,-0.7912,-0.2814,-0.0981,-0.066,-0.47300000000000003,-0.14734444444444444,-0.012666666666666668,-0.06466666666666666,-0.7538888888888889,-0.0010777777777777778,-0.0872,-0.0016666666666666668,-0.09975555555555556,-0.01937777777777778,-0.07411111111111111,-0.0017000000000000001,-0.41400000000000003,-0.8198666666666666,-0.0010444444444444446,-0.267,-0.24440000000000003,-0.033,-0.09966666666666668,-0.5341111111111111,-0.005000000000000001,-0.06032222222222223,-0.3227111111111111,-0.0015777777777777778,-0.3409555555555555,-0.559,-0.004666666666666667,-0.24101111111111112,-0.0012555555555555555,-0.042333333333333334,-0.35200000000000004,-0.1513888888888889,-0.4242666666666667
2024-08-19,-0.7168444444444445,-0.001955555555555556,-0.38764444444444446,-0.0014222222222222225,-0.5696888888888889,-0.5430222222222222,-0.40213333333333334,-0.0023444444444444446,-0.635,-0.4156666666666667,-0.6006222222222222,-0.6010666666666666,-0.39160000000000006,-0.0581,-0.049944444444444444,-0.5775111111111112,-0.0288,-0.27582222222222225,-0.00030000000000000003,-0.0029111111111111113,-0.41244444444444445,-0.0017666666666666668,-0.0010444444444444446,-0.16046666666666665,-0.34961111111111115,-0.0019444444444444446,-0.4264,-0.07866666666666666,-0.0014222222222222225,-0.002166666666666667,-0.25828888888888885,-0.30127777777777776,-0.6970888888888889,-0.3002444444444444,-0.3318888888888889,-0.4296,-0.21777777777777776,-0.3990666666666666,-0.06605555555555555,-0.12455555555555554,-0.03671111111111111,-0.0002444444444444445,-0.16399999999999998,-0.0011444444444444445,-0.029511111111111113,-0.0030555555555555557,-0.0008333333333333334,-0.0032333333333333333,-0.0008777777777777778,-0.0016666666666666668,-0.07515555555555557,-0.26484444444444444,-0.10472222222222223,-4.444444444444445e-05,-0.0014,-0.01198888888888889,-0.1330222222222222,-0.19494444444444445,-0.0016,-0.0009111111111111111,-0.03802222222222222,-0.002388888888888889,-0.0006777777777777778,-0.039511111111111115,-0.0023333333333333335,-0.2241333333333333,-0.40075555555555553,-0.0028333333333333335,-0.011866666666666668,-0.21764444444444445,-0.0015666666666666667,-0.0004,-0.6716888888888889,-0.0005333333333333334,-0.0006000000000000001,-0.06013333333333333,-0.20253333333333332,-0.16368888888888888,-0.08391111111111112,-0.6839999999999999,-0.010144444444444446,-0.006555555555555555,-0.32435555555555556,-0.17522222222222222,-0.0007444444444444445,-0.05072222222222222,-0.04588888888888889,-0.06547777777777777,-0.030977777777777774,-0.4741333333333334,-0.0002,-0.11144444444444443,-0.0013000000000000002,-0.1488,-0.3048888888888889,-0.13372222222222221,-0.0022333333333333337,-0.04153333333333334,-0.0005888888888888889,-0.3310222222222222,-0.21211111111111114,-0.4825777777777778,-1.1111111111111113e-05,-0.08915555555555554,-0.2674666666666667,-0.0011222222222222224,-0.05113333333333333,-0.0011555555555555557,-0.0005,-0.00021111111111111113,-0.7902222222222223,-0.11066666666666668,-0.002977777777777778,-0.7450666666666667,-0.061622222222222224,-0.20622222222222222,-0.12405555555555554,-0.7845777777777778,-0.564,-0.722488888888889,-0.0016555555555555555,-0.5748444444444444,-0.28613333333333335,-0.5052444444444444,-0.3608888888888889,-0.22546666666666668,-0.4414444444444445,-0.5192888888888889,-0.00044444444444444447,-0.16876666666666668,-0.6265333333333334,-0.32831111111111116,-0.1743,-0.10605555555555557,-0.0009666666666666667,-0.23324444444444445,-0.21108888888888885,-0.0009000000000000001,-0.3212222222222222,-0.20934444444444447,-0.16613333333333336,-0.5279999999999999,-0.08377777777777778,-0.6444444444444445,-0.11075555555555557,-0.0232,-0.1665111111111111,-0.28871111111111114,-0.5684,-0.6072,-0.0019111111111111113,-0.2531555555555556,-0.18748888888888887,-0.04518888888888889,-0.09537777777777778,-0.003277777777777778,-0.37104444444444445,-0.08945555555555555,-0.192,-0.4495,-0.0016777777777777778,-0.3408888888888889,-0.0018333333333333335,-0.14478888888888888,-0.0009555555555555556,-0.03135555555555555,-0.04515555555555556,-0.0012555555555555555,-0.0004666666666666667,-0.007377777777777778,-0.0014222222222222225,-0.0023555555555555556,-0.27297777777777776,-0.0013222222222222222,-0.2616,-0.09582222222222223,-0.12634444444444445,-0.5418666666666667,-0.08207777777777779,-0.002211111111111111,-0.05142222222222223,-0.08115555555555556,-0.0013555555555555556,-0.35600000000000004,-0.20322222222222222,-0.32515555555555553,-0.7930444444444444,-0.7478888888888888,-0.5221111111111112,-0.3312,-0.42248888888888886,-0.28319999999999995,-0.45720000000000005,-0.3516888888888889,-0.7027333333333333,-0.00025555555555555553,-0.09775555555555555,-0.19404444444444444,-0.1655111111111111,-0.23424444444444445,-0.3721666666666667,-0.0019222222222222223,-0.0023222222222222225,-0.10017777777777777,-0.0023,-0.6688666666666667,-0.6858000000000001,-0.5490666666666666,-0.3935777777777778,-0.4826,-0.6942666666666666,-0.12717777777777775,-0.0014222222222222225,-0.8156222222222222,-0.5877333333333333,-0.696,-0.8099777777777778,-0.6315555555555555,-0.1872111111111111,-0.0021222222222222224,-0.5488,-0.7591777777777777,-0.7253111111111111,-0.7424,-0.32737777777777777,-0.0014222222222222225,-0.6186666666666667,-0.7269333333333333,-0.46915555555555555,-0.7507111111111111,-0.5249333333333334,-0.5424,-0.002277777777777778,-0.05256666666666667,-0.0016222222222222224,-0.31964444444444445,-0.5870222222222222,-0.8269111111111112,-0.2481111111111111,-0.024,-0.6287999999999999,-0.28057777777777776,-0.36368888888888884,-0.6801555555555556,-0.8466666666666667,-0.6152444444444445,-0.060866666666666666,-0.2531555555555556,-0.8297333333333333,-0.0004777777777777778,-0.1542666666666667,-0.0017000000000000001,-0.16323333333333334,-0.27940000000000004,-0.6096,-0.0018111111111111112,-0.19817777777777779,-0.34408888888888883,-0.7648222222222222,-0.7011555555555555,-0.7704666666666667,-0.002788888888888889,-0.13556666666666667,-0.6745111111111111,-0.45884444444444444,-0.001877777777777778,-0.05441111111111111,-0.02416666666666667,-0.06824444444444444,-0.003177777777777778,-0.0007666666666666668,-0.06186666666666667,-0.002966666666666667,-0.0003333333333333334,-0.0012222222222222222,-0.16916666666666666,-0.0007777777777777778,-0.09293333333333334,-0.0020888888888888893,-0.32982222222222224,-0.47977777777777775,-0.0028777777777777777,-0.3027111111111111,-0.517511111111111,-0.0010222222222222221,-0.5808,-0.3048,-0.00022222222222222223,-0.2739,-0.1568,-0.4462777777777778,-0.22213333333333335,-0.8438444444444445,-3.3333333333333335e-05,-0.04555555555555555,-2.2222222222222227e-05,-0.08853333333333334,-0.10888888888888888,-0.009177777777777778,-0.3
2024-08-20,-0.6860444444444445,-0.09222222222222222,-0.15637777777777778,-0.0013000000000000002,-0.6482111111111112,-0.25474444444444444,-0.19426666666666664,-0.18333333333333335,-0.5221,-0.47826666666666673,-0.08827777777777779,-0.46661111111111114,-0.5298888888888889,-0.0021222222222222224,-0.002388888888888889,-0.08323333333333334,-0.011022222222222223,-0.646,-0.001088888888888889,-0.039999999999999994,-0.5649777777777778,-0.00037777777777777777,-0.001511111111111111,-0.2992888888888889,-0.182,-0.1922222222222222,-0.3657222222222222,-0.0024000000000000002,-0.0013666666666666666,-0.03702222222222222,-0.20666666666666667,-0.04275555555555556,-0.4287777777777778,-0.12133333333333335,-0.02946666666666667,-0.43277777777777776,-0.15888888888888889,-0.48977777777777776,-0.031688888888888884,-0.001877777777777778,-0.0016444444444444447,-0.00013333333333333334,-0.1364,-0.11862222222222221,-0.0007888888888888889,-0.41333333333333333,-0.0006555555555555556,-0.17377777777777778,-0.0005888888888888889,-0.09671111111111111,-0.14142222222222223,-0.23008888888888887,-0.15337777777777775,-7.777777777777778e-05,-0.1622222222222222,-0.0017777777777777779,-0.3224,-0.2614666666666667,-0.00022222222222222223,-0.001955555555555556,-0.0012333333333333335,-0.4801777777777778,-0.002166666666666667,-0.5015111111111111,-0.003022222222222222,-0.029333333333333336,-0.691088888888889,-0.2108,-0.4160444444444445,-0.1116,-0.0011444444444444445,-0.0003333333333333334,-0.35311111111111115,-0.001188888888888889,-0.00042222222222222227,-0.19777777777777777,-0.2992,-0.20173333333333338,-0.18999999999999997,-0.33797777777777777,-0.0011777777777777778,-0.0020777777777777778,-0.17,-0.26453333333333334,-0.0001,-0.11408888888888888,-0.0002444444444444445,-0.0002,-0.003177777777777778,-0.18664444444444445,-0.0006222222222222223,-0.0022222222222222222,-0.0027333333333333333,-0.2368,-0.5399333333333334,-0.06999999999999999,-0.21266666666666667,-0.09506666666666667,-0.00012222222222222224,-0.5045555555555555,-0.04271111111111111,-0.6431666666666667,-0.00030000000000000003,-0.026666666666666665,-0.15155555555555555,-0.0015222222222222223,-0.0008,-0.0012777777777777779,-0.0006333333333333334,-0.000488888888888889,-0.6305555555555556,-0.001688888888888889,-0.10728888888888888,-0.40607777777777776,-0.19191111111111112,-0.3540888888888889,-0.08404444444444445,-0.6482111111111112,-0.4767,-0.4514777777777778,-0.08888888888888888,-0.2810666666666667,-0.5995555555555555,-0.49413333333333337,-0.47116666666666673,-0.3905,-0.6835222222222223,-0.6759555555555555,-0.0008666666666666667,-0.09777777777777777,-0.49435555555555555,-0.3968888888888889,-0.14053333333333334,-0.11257777777777776,-0.0009333333333333334,-0.44000000000000006,-0.1822222222222222,-0.001477777777777778,-0.15411111111111112,-0.1705,-0.19983333333333336,-0.0025222222222222226,-0.16333333333333333,-0.11602222222222222,-0.3311111111111111,-0.0031111111111111114,-0.13599999999999998,-0.3536,-0.2143888888888889,-0.22952222222222224,-0.10502222222222221,-0.17906666666666665,-0.22457777777777777,-0.20853333333333332,-0.19013333333333335,-0.09066666666666667,-0.11854444444444445,-0.11711111111111111,-0.41616666666666674,-0.6709111111111112,-0.02191111111111111,-0.23573333333333335,-0.07555555555555554,-0.035555555555555556,-5.555555555555556e-05,-0.038533333333333336,-0.5261666666666667,-0.002211111111111111,-0.0020111111111111115,-0.0028555555555555556,-0.010577777777777778,-0.030977777777777774,-0.41433333333333333,-0.0018666666666666669,-0.22166666666666665,-0.33053333333333335,-0.0019333333333333333,-0.5347111111111111,-0.0024111111111111113,-0.03857777777777778,-0.42097777777777784,-0.06573333333333332,-0.0020444444444444442,-0.5394666666666668,-0.22871111111111112,-0.3251111111111111,-0.7390111111111112,-0.6356,-0.13146666666666668,-0.6233333333333334,-0.22666666666666668,-0.22366666666666668,-0.5195777777777778,-0.4964,-0.6229888888888889,-0.0008444444444444445,-0.0028555555555555556,-0.0888,-0.3354666666666667,-0.21533333333333335,-0.12662222222222222,-0.43083333333333335,-0.13548888888888888,-0.10880000000000001,-0.285,-0.5044444444444445,-0.6280333333333333,-0.4893111111111111,-0.5775888888888889,-0.052966666666666676,-0.7137888888888889,-0.2072,-0.1411111111111111,-0.7289222222222222,-0.5599333333333334,-0.6482111111111112,-0.7112666666666667,-0.5009333333333333,-0.17233333333333337,-0.12833333333333335,-0.3985111111111111,-0.7465777777777778,-0.10845555555555557,-0.6154222222222223,-0.5825333333333333,-0.0007333333333333333,-0.6103777777777778,-0.5952444444444445,-0.3304111111111111,-0.6885666666666668,-0.5624555555555556,-0.4086000000000001,-0.20666666666666667,-0.06195555555555555,-0.17906666666666668,-0.0068000000000000005,-0.6482111111111112,-0.4338222222222223,-0.20716666666666667,-0.20324444444444442,-0.4615666666666667,-0.04444444444444444,-0.476,-0.6078555555555556,-0.6179444444444445,-0.24213333333333334,-0.0025,-0.3831555555555555,-0.4867888888888889,-0.0010222222222222221,-0.19444444444444445,-0.12,-0.09444444444444444,-0.08222222222222222,-0.24465555555555554,-0.08613333333333333,-0.21213333333333334,-0.04792222222222223,-0.7440555555555556,-0.44643333333333335,-0.7264,-0.07700000000000001,-0.16257777777777777,-0.5826333333333333,-0.08386666666666667,-0.0032333333333333333,-0.09142222222222221,-0.0017000000000000001,-0.16546666666666665,-0.08955555555555555,-0.0012444444444444445,-0.4391111111111111,-0.07577777777777778,-0.22213333333333332,-0.0022444444444444447,-0.627,-0.00043333333333333337,-0.02342222222222222,-0.08991111111111111,-0.6129000000000001,-0.16142222222222224,-0.3222222222222222,-0.418,-0.49687777777777775,-0.0021111111111111113,-0.7541444444444445,-0.13115555555555558,-0.0002777777777777778,-0.091,-0.5621777777777778,-0.5932222222222222,-0.3831666666666667,-0.03783333333333334,-0.003077777777777778,-0.16168888888888888,-6.666666666666667e-05,-0.17226666666666665,-0.016444444444444446,-0.003,-0.2628888888888889
2024-08-21,-0.6553888888888889,-0.00036666666666666667,-0.0008,-0.0013222222222222222,-0.4824777777777778,-0.06135555555555556,-0.255,-0.0007111111111111113,-0.6972222222222223,-0.6739555555555555,-0.546,-0.14781111111111112,-0.31686666666666663,-0.001088888888888889,-0.0023111111111111114,-0.07253333333333334,-0.0021222222222222224,-0.5271,-0.0005111111111111111,-0.0018333333333333335,-0.6293555555555556,-0.0023333333333333335,-0.0007444444444444445,-0.0011,-0.1428,-0.002588888888888889,-0.3672,-0.0013555555555555556,-0.00044444444444444447,-0.00014444444444444446,-0.44710000000000005,-0.0022333333333333337,-0.4318666666666667,-0.0017000000000000001,-0.0006333333333333334,-0.30816666666666664,-0.0006222222222222223,-0.564,-0.0023,-0.0006777777777777778,-0.0017333333333333335,-0.0012000000000000001,-0.4896,-0.0031222222222222224,-0.0003333333333333334,-0.25657777777777774,-0.0009222222222222223,-0.1496,-0.001588888888888889,-0.0021444444444444445,-0.0006000000000000001,-0.5083,-0.002211111111111111,-0.00011111111111111112,-0.001877777777777778,-0.0009555555555555556,-0.478,-0.0024222222222222223,-0.0024333333333333334,-0.002455555555555556,-0.00022222222222222223,-0.6315777777777777,-0.0031666666666666666,-0.6664,-0.002766666666666667,-0.0006666666666666668,-0.7636666666666667,-0.2329,-0.01,-0.0012666666666666668,-0.003277777777777778,-8.88888888888889e-05,-0.2593666666666667,-0.0028777777777777777,-0.0003111111111111111,-0.0017444444444444445,-0.6596000000000001,-0.9152,-0.003311111111111111,-0.13386666666666666,-0.0021333333333333334,-0.002711111111111111,-0.0025444444444444447,-0.0025,-0.0001777777777777778,-0.001288888888888889,-0.0001,-0.00018888888888888888,-0.00045555555555555556,-0.7320666666666666,-3.3333333333333335e-05,-0.00021111111111111113,-0.0012222222222222222,-0.0007333333333333333,-0.6121777777777777,-0.0027222222222222222,-0.00012222222222222224,-0.37399999999999994,-7.777777777777778e-05,-0.3664444444444444,-0.0018666666666666669,-0.5159444444444444,-0.00037777777777777777,-0.0009111111111111111,-0.0013333333333333335,-4.444444444444445e-05,-0.0003444444444444445,-0.0026000000000000003,-0.0032444444444444448,-0.0008777777777777778,-0.6749111111111111,-0.0007888888888888889,-0.002577777777777778,-0.6721222222222223,-0.002755555555555556,-0.29410000000000003,-0.0014111111111111112,-0.28725555555555554,-0.4555666666666667,-0.5633555555555556,-0.0026333333333333334,-0.25322222222222224,-0.5152,-0.5351999999999999,-0.3105555555555556,-0.42033333333333334,-0.6135555555555555,-0.42948888888888886,-0.0019222222222222223,-0.0005666666666666667,-0.4824777777777778,-0.11106666666666667,-0.001477777777777778,-0.0008444444444444445,-0.0021111111111111113,-0.4624000000000001,-0.0016,-0.0008222222222222223,-0.528,-0.002977777777777778,-0.0031000000000000003,-0.0028666666666666667,-0.0007222222222222223,-0.6693333333333333,-0.3458222222222222,-0.43,-0.0023555555555555556,-0.09973333333333334,-0.2750333333333333,-0.604388888888889,-0.0012555555555555555,-0.3842,-0.002277777777777778,-0.2924,-0.4335,-0.0238,-0.6278666666666667,-0.0015333333333333336,-0.32,-0.9472,-0.0010777777777777778,-0.4658,-6.666666666666667e-05,-0.0019222222222222223,-0.0001666666666666667,-0.0019222222222222223,-0.6466999999999999,-0.002188888888888889,-0.0014666666666666667,-0.001188888888888889,-0.0004,-0.0027,-0.5938666666666667,-0.0015777777777777778,-0.002288888888888889,-0.0003888888888888889,-0.0016777777777777778,-0.5178555555555555,-0.002844444444444445,-0.0004777777777777778,-0.054400000000000004,-0.0013000000000000002,-0.002177777777777778,-0.5183888888888889,-0.20400000000000001,-0.40599999999999997,-0.5536,-0.10006666666666668,-0.326,-0.3667111111111111,-0.3366,-0.31960000000000005,-0.4371333333333334,-0.17,-0.14502222222222222,-0.0016555555555555555,-0.0009666666666666667,-0.0006444444444444444,-0.29410000000000003,-0.39148888888888883,-0.33999999999999997,-0.0006555555555555556,-0.0008555555555555556,-0.4811,-0.11149999999999999,-0.4322777777777778,-0.10318888888888889,-0.24753333333333336,-0.23786666666666667,-0.2775111111111111,-0.3232,-0.0012111111111111112,-0.0027444444444444448,-0.33599999999999997,-0.47689999999999994,-0.6191333333333333,-0.6752,-0.17906666666666668,-0.0015666666666666667,-0.001,-0.27888888888888885,-0.2848,-0.7241666666666666,-0.07251111111111111,-0.18433333333333335,-0.0006111111111111111,-0.1729111111111111,-0.5187333333333334,-0.0032111111111111116,-0.6330777777777779,-0.2649444444444444,-0.16483333333333333,-0.0015,-0.0021555555555555555,-0.0018555555555555556,-0.0009000000000000001,-0.896,-0.6247111111111111,-0.0014555555555555556,-0.045899999999999996,-0.3291666666666667,-0.002377777777777778,-0.4132777777777778,-0.29004444444444444,-0.0502,-0.656611111111111,-0.0002777777777777778,-0.0014,-0.33745555555555556,-0.0005222222222222223,-0.0028555555555555556,-0.0019222222222222223,-0.0008111111111111112,-0.2543555555555555,-0.6478,-0.0015555555555555557,-0.0014222222222222225,-0.5604444444444444,-0.4672,-0.23705555555555555,-0.5536,-0.001688888888888889,-0.3791,-0.7028,-0.4012,-0.4539,-0.0003222222222222222,-0.003,-0.002788888888888889,-0.0663,-0.001511111111111111,-0.5897111111111111,-0.002955555555555556,-0.5379999999999999,-0.003011111111111111,-0.46399999999999997,-0.00013333333333333334,-0.3927,-0.0005555555555555556,-0.0021555555555555555,-0.6004,-0.16,-0.0025555555555555557,-0.5609,-0.0004666666666666667,-0.9503999999999999,-0.7111222222222222,-0.0010111111111111113,-0.27030000000000004,-0.2888444444444444,-0.6593333333333333,-0.27799999999999997,-0.8366666666666667,-0.1071,-0.0012777777777777779,-0.00025555555555555553,-0.0034000000000000002,-0.0008666666666666667,-0.0013666666666666666,-0.04526666666666667
2024-08-22,-0.7287959866220737,-0.0010813823857302118,-7.803790412486064e-05,-0.0005797101449275362,-0.599866220735786,-0.24448160535117056,-0.0012931995540691192,-0.0021070234113712374,-0.8113600891861761,-0.5836677814938686,-0.28585284280936457,-0.4064214046822742,-0.4453734671125975,-0.001906354515050167,-0.021761426978818284,-0.0015942028985507246,-0.04488294314381271,-0.7950501672240803,-0.0010367892976588628,-0.0013377926421404684,-0.7571906354515051,-0.22305462653288738,-0.002898550724637681,-0.0011148272017837235,-0.0019509476031215162,-0.20265328874024527,-0.2272463768115942,-0.0015384615384615385,-0.0013600891861761427,-0.0003455964325529543,-0.51958751393534,-0.08704570791527314,-0.24996655518394648,-0.0002787068004459309,-0.0018060200668896323,-0.5173913043478261,-0.0019175027870680045,-0.8171348940914158,-0.10744704570791526,-0.0012040133779264214,-0.1781716833890747,-0.0006911928651059085,-0.1794091415830546,-0.6558528428093645,-0.00016722408026755855,-0.702876254180602,-0.001471571906354515,-0.3114604236343367,-0.2584169453734671,-0.05304347826086957,-0.0009810479375696767,-0.2598662207357859,-0.22713489409141582,-0.0023857302118171684,-0.0014938684503901895,-0.001750278706800446,-0.32642140468227426,-0.1400891861761427,-0.152329988851728,-0.1686510590858417,-0.0001560758082497213,-0.05363433667781494,-0.02185061315496098,-0.760345596432553,-0.3373021181716834,-0.0004124860646599777,-0.6120624303232999,-0.08568561872909698,-0.0008138238573021182,-0.0013154960981047936,-0.13872909698996655,-0.002508361204013378,,-0.0639241917502787,-0.00046822742474916394,-0.0016833890746934224,-0.6919509476031216,-0.028394648829431438,-0.5452173913043479,-0.7892976588628763,-0.04896321070234114,-0.028561872909699,-0.010880713489409142,-0.03790412486064659,-0.0012597547380156075,-0.001181716833890747,-0.000568561872909699,-0.002185061315496098,-0.0022519509476031214,-0.4273355629877369,-0.00014492753623188405,-0.0010479375696767002,-0.001995540691192865,-4.4593088071348945e-05,-0.5742028985507247,-0.06256410256410257,-0.0004793756967670011,-0.0006131549609810479,-0.0019397993311036788,-0.3714604236343367,-0.12104793756967672,-0.8373467112597547,-0.0010256410256410256,-0.0001226309921962096,-0.002151616499442586,-0.001761426978818283,-0.0007246376811594203,-1.1148272017837236e-05,-0.2796878483835006,-0.0003232998885172798,-0.9433333333333334,-0.0017391304347826088,-0.25774804905239684,-0.7103010033444815,-0.11560758082497213,-0.27745819397993315,-0.0027313266443701224,-0.5709253065774805,-0.6113043478260869,-0.7247380156075808,-0.17001114827201785,-0.5651170568561873,-0.73752508361204,-0.6430769230769231,-0.4304570791527313,-0.26561872909698997,-0.55438127090301,-0.555139353400223,-0.0010590858416945372,-0.00294314381270903,-0.5367224080267559,-0.09384615384615386,-0.00137123745819398,-0.0007469342251950948,-0.0015050167224080267,-0.3192084726867335,-0.002129319955406912,-0.0006243032329988851,-0.49628762541806015,-0.28561872909699,-0.10064659977703456,-0.13872909698996658,-0.001092530657748049,-0.7449498327759198,-0.4949832775919732,-0.7419397993311037,-0.2556967670011148,-0.001850613154960981,-0.41414715719063544,-0.1894314381270903,-0.0017725752508361205,-0.5439241917502786,-0.27745819397993315,-0.31214046822742475,-0.06120401337792643,-0.00042363433667781496,-0.4543478260869565,-0.0016164994425863991,-0.24209587513935343,-0.7477257525083613,-0.0002452619843924192,-0.2217391304347826,-0.0014492753623188406,-0.0005574136008918618,-0.0006465997770345596,-0.15096989966555183,-0.794035674470457,-0.3917056856187291,-0.003277591973244147,-0.00030100334448160534,-0.0016945373467112598,-0.038082497212932,-0.18872909698996657,-0.0031549609810479374,-0.0027201783723522855,-0.0023968784838350058,-0.0014046822742474917,-0.24831661092530657,-0.28561872909698993,-0.0019732441471571904,-0.3971460423634337,-0.0008472686733556299,-0.32506131549609807,-0.7078260869565217,-0.002630992196209587,-0.142809364548495,-0.776711259754738,-0.7350501672240802,-0.3087402452619844,-0.6314269788182831,-0.15730211817168338,-0.3386622073578595,-0.4051727982162765,-0.0022185061315496096,-0.574180602006689,-0.0004905239687848384,-0.002653288740245262,-3.3444816053511705e-05,-0.0008695652173913044,-0.5428874024526198,-0.49464882943143806,-0.001326644370122631,-0.0017279821627647716,-0.17137123745819402,-0.04151616499442587,-0.5761872909698996,-0.6905016722408026,-0.5025641025641026,-0.27750278706800446,-0.4613377926421405,-0.7051059085841694,-0.0002564102564102564,-0.1496098104793757,-0.6998439241917503,-0.434113712374582,-0.7362876254180601,-0.7130211817168339,-0.3788628762541806,-0.00026755852842809364,-0.00157190635451505,-0.6682720178372352,-0.8344593088071349,-0.5399442586399108,-0.42885172798216276,-0.40205128205128204,-0.00013377926421404682,-0.4263879598662207,-0.7016387959866222,-0.3025641025641026,-0.858149386845039,-0.6335785953177258,-0.27745819397993315,-0.0010144927536231885,-0.066644370122631,-0.0015496098104793756,-0.0024749163879598662,-0.8265997770345597,-0.8026978818283166,-0.0009141583054626532,-0.0024526198439241914,-0.5899665551839465,-0.0016722408026755853,-0.34303232998885175,-0.6577480490523969,-0.76561872909699,-0.55438127090301,-6.688963210702341e-05,-0.0016276477146042363,-0.7498327759197324,-0.0019286510590858417,-0.05304347826086957,-0.06528428093645486,-0.0006688963210702342,-0.3866220735785953,-0.6121293199554069,-0.055763656633221845,-0.002006688963210702,-0.5615607580824973,-0.8084726867335563,-0.778773690078038,-0.8460089186176143,-0.0030546265328874026,-0.1023411371237458,-0.7709364548494984,-0.004370122630992197,-0.44066889632107026,-0.00035674470457079156,-0.32914158305462654,-0.2713377926421405,-0.00039018952062430326,-0.00037904124860646597,-0.4355852842809364,-0.002463768115942029,-0.19799331103678927,-0.06120401337792642,-0.014437012263099219,-0.00020066889632107022,-0.0011928651059085842,-0.0008361204013377926,-0.0015830546265328874,-0.44200668896321077,-0.13056856187290972,-0.0022408026755852844,-0.30317725752508357,-0.0006354515050167224,-0.5079487179487179,-0.6656410256410257,-0.0013489409141583053,-0.22985507246376813,-0.13455964325529543,-0.8517837235228539,-0.12036789297658863,-0.4637792642140468,-0.002430323299888517,-0.0009698996655518394,-0.0005908584169453735,-0.0012151616499442585,-0.0007357859531772575,-0.00044593088071348937,-0.0006800445930880714
2024-08-23,-0.5438127090301003,-0.0005128205128205128,-0.002764771460423634,-0.001761426978818283,-0.46006688963210707,-0.48321070234113705,-0.001906354515050167,-0.002274247491638796,-0.8368673355629876,-0.8036343366778149,-0.42755852842809366,-0.6322408026755852,-0.48548494983277596,-0.0022630992196209588,-0.0022965440356744705,-0.0018283166109253064,-0.002787068004459309,-0.7945707915273132,-0.0017391304347826088,-0.0029765886287625417,-0.4743255295429208,-0.0018729096989966558,-0.4775919732441471,-0.0024414715719063545,-0.4790969899665552,-0.00026755852842809364,-0.0016053511705685617,-0.0016387959866220735,-0.0008918617614269787,-0.0033444816053511705,-0.4905685618729097,-0.002185061315496098,-0.342463768115942,-0.002430323299888517,-0.002040133779264214,-0.1867335562987737,-0.0001226309921962096,-0.800613154960981,-0.00023411371237458197,-0.0012486064659977703,-0.0017948717948717947,-0.0033110367892976588,-0.4535451505016722,-0.014381270903010033,-0.0009921962095875139,-0.580066889632107,-0.0008472686733556299,-0.4494983277591973,-0.0021181716833890744,-0.0032329988851727983,-0.001850613154960981,-0.4048160535117057,-0.0014381270903010032,-0.0027090301003344485,-0.0024526198439241914,-0.0009253065774804905,-0.45886287625418054,-0.0002787068004459309,-0.003021181716833891,-0.0027201783723522855,-0.00011148272017837234,-0.007491638795986622,-0.0001560758082497213,-0.5713489409141583,-0.49187290969899666,-0.0012040133779264214,-0.2285395763656633,-0.0028093645484949833,-0.0014158305462653288,-0.0022073578595317726,-0.035585284280936456,-0.00017837235228539578,,-0.0003344481605351171,-0.00018952062430323299,-0.002798216276477146,-0.13377926421404682,-0.08133779264214047,-0.3986622073578595,-0.15328874024526198,-1.1148272017837236e-05,-0.0014827201783723524,-0.0015050167224080267,-0.0023076923076923075,-0.0002898550724637681,-0.0015273132664437013,-0.001471571906354515,-0.00020066889632107022,-0.0031772575250836117,-0.09150501672240803,-0.0005908584169453735,-0.0008361204013377926,-0.0023522853957636566,-0.00016722408026755855,-0.599866220735786,-0.0006911928651059085,-0.05244147157190635,-0.0024972129319955406,-0.0009587513935340022,-0.5225418060200668,-0.0021627647714604235,-0.8670791527313266,-0.001705685618729097,-0.0004793756967670011,-0.0006243032329988851,-0.0004570791527313266,-0.00137123745819398,-0.0006020066889632107,-0.37645484949832775,-0.0012597547380156075,-0.20544035674470454,-0.0021070234113712374,-0.0019620958751393534,-0.2536231884057971,-0.0020624303232998887,-0.0010590858416945372,-0.07491638795986622,-0.12307692307692307,-0.2647714604236343,-0.36387959866220737,-0.0015384615384615385,-0.13217391304347828,-0.006042363433667782,-0.7099777034559642,-0.06950947603121516,-0.002998885172798216,-0.714247491638796,-0.5922408026755853,-0.002898550724637681,-0.20789297658862874,-0.40691192865105913,-0.0017725752508361205,-0.002229654403567447,-0.0006800445930880714,-0.003166109253065775,-5.574136008918617e-05,-0.0017837235228539575,-0.0012709030100334449,-0.1552173913043478,-0.0032441471571906353,-0.0024749163879598662,-0.0018840579710144927,-0.000947603121516165,-0.6716833890746934,-0.6074916387959867,-0.26586399108138237,-0.002564102564102564,-0.0010256410256410256,-0.40267558528428093,-0.0019509476031215162,-0.0014046822742474917,-0.31839464882943147,-0.6367892976588628,-0.0026978818283166107,-0.001649944258639911,-0.00022296544035674468,-0.5514938684503902,-0.000568561872909699,-0.28842809364548494,-0.6521739130434783,-0.0030657748049052395,-0.0030546265328874026,-0.0027759197324414716,-0.0028539576365663325,-0.001382385730211817,-0.0010590858416945372,-0.8157190635451504,-0.017792642140468228,-0.6504347826086957,-0.00010033444816053511,-0.003076923076923077,-0.0011928651059085842,-0.6436120401337793,-0.387536231884058,-0.05749163879598662,-0.3652173913043478,-0.0006577480490523968,-0.6004013377926422,-0.2397324414715719,-0.0013377926421404684,-0.030501672240802677,-0.002363433667781494,-0.2448717948717949,-0.06948717948717947,-0.14782608695652175,-0.0023857302118171684,-0.23867335562987732,-0.1616499442586399,-0.11986622073578596,-0.3685841694537347,-0.0024080267558528427,-0.0029208472686733556,-0.5440914158305463,-0.0016722408026755853,-0.3103678929765886,-0.0014938684503901895,-0.0019397993311036788,-8.918617614269789e-05,-0.0027536231884057972,-0.5494202898550724,-0.6998885172798216,-0.0009698996655518394,-0.0023299888517279823,-0.0025863991081382385,-0.001995540691192865,-0.785953177257525,-0.19264214046822742,-0.22173913043478258,-0.0028205128205128207,-0.4578037904124861,-0.43807134894091415,-0.0016833890746934224,-0.0019175027870680045,-0.3564994425863991,-0.8166109253065775,-0.42598662207357857,-0.23565217391304347,-0.7243478260869565,-0.002909698996655518,-0.0020735785953177256,-0.16722408026755853,-0.5045373467112597,-0.5270903010033444,-0.7345819397993312,-0.20414715719063545,-0.0003455964325529543,-0.48416945373467113,-0.8096767001114826,-0.5046488294314382,-0.24471571906354517,-0.2647714604236343,-0.13110367892976588,-0.0028651059085841694,-0.0013489409141583053,-0.0010590858416945372,-0.4232775919732441,-0.28701226309921957,-0.4682831661092531,-0.00241917502787068,-0.0005574136008918618,-0.39018952062430323,-0.0002452619843924192,-0.20228539576365662,-0.2647714604236343,-0.25418060200668896,-0.294314381270903,-0.0009364548494983279,-0.00037904124860646597,-0.1978818283166109,-0.0014492753623188406,-0.0033333333333333335,-0.001839464882943144,-0.002463768115942029,-0.5113043478260869,-0.4015942028985507,-0.0004124860646599777,-0.0015830546265328874,-0.1682943143812709,-0.37764771460423635,-0.13656633221850614,-0.3534782608695652,-0.3768896321070234,-0.0015942028985507246,-0.10574136008918618,-0.0007692307692307692,-0.6777257525083612,-0.0010590858416945372,-0.35023411371237456,-0.3727090301003344,-0.0004347826086956522,-0.0008584169453734671,-0.6132441471571907,-0.003288740245261984,-0.0010367892976588628,-0.00036789297658862874,-0.0007357859531772575,-0.0030323299888517278,-0.0006354515050167224,-0.0023411371237458192,-0.00042363433667781496,-0.3991304347826087,-0.0008138238573021182,-0.0014604236343366778,-0.21377926421404683,-3.3444816053511705e-05,-0.8249721293199554,-0.11237458193979935,-0.0025529542920847267,-0.00274247491638796,-0.5408472686733556,-0.6284057971014493,-0.0010590858416945372,-0.036231884057971016,-0.3183946488294314,-0.0004905239687848384,-0.0005016722408026755,-0.0016945373467112598,-0.0020512820512820513,-0.0019286510590858417,-0.002653288740245262
2024-08-26,-0.38989966555183947,-0.0030657748049052395,-0.1287625418060201,-0.0027536231884057972,-0.573210702341137,-0.1992865105908584,-0.07647714604236344,-0.45908584169453737,-0.5993979933110367,-0.0465551839464883,-0.6797770345596432,-0.6631772575250836,-0.34043478260869564,-0.11783723522853957,-0.043701226309921966,-0.15919732441471574,-0.09286510590858417,-0.33461538461538465,-0.19899665551839466,-0.14202898550724638,-0.6721404682274248,-0.5393979933110368,-0.09177257525083611,-0.13422519509476033,-0.3520735785953177,-0.0024972129319955406,-0.2942028985507247,-0.01326644370122631,-0.0029765886287625417,-0.06110367892976589,-0.4174581939799331,-0.12095875139353401,-0.19999999999999998,-0.04526198439241918,-0.17402452619843925,-0.6226755852842809,-0.0015384615384615385,-0.797257525083612,-0.0016387959866220735,-0.021070234113712373,-0.06789297658862876,-0.18494983277591975,-0.16028985507246377,-0.2278706800445931,-0.0032329988851727983,-0.3724414715719064,-0.000568561872909699,-0.4082943143812709,-0.7688628762541806,-0.12486064659977704,-0.3653288740245262,-0.09333333333333334,-0.025752508361204015,-0.47363433667781496,-0.13734671125975476,-0.0010144927536231885,-0.3353846153846154,-0.002463768115942029,-0.04307692307692307,-0.11237458193979932,-0.002564102564102564,-0.003288740245261984,-0.003121516164994426,-0.11929765886287624,-0.22849498327759196,-0.18104793756967671,-0.3329542920847268,-0.037458193979933115,-0.0021181716833890744,-0.15295429208472688,-0.00294314381270903,-0.002084726867335563,,-0.0031995540691192865,-0.0028539576365663325,-0.34754738015607584,-0.07826086956521738,-0.4727536231884058,-0.0634113712374582,-0.1579710144927536,-0.0030992196209587513,-3.3444816053511705e-05,-0.1779264214046823,-0.13656633221850614,-0.0019286510590858417,-0.1841694537346711,-0.15061315496098104,-0.0013935340022296545,-0.7635785953177258,-0.002430323299888517,-0.0022073578595317726,-0.0031549609810479374,-0.2101449275362319,-0.0018617614269788182,-0.03782608695652174,-0.23411371237458195,-0.22318840579710147,-0.027313266443701228,-0.0024080267558528427,-0.01745819397993311,-0.16387959866220736,-0.7274247491638796,-0.0012374581939799331,-0.0020958751393534004,-5.574136008918617e-05,-0.0007357859531772575,-0.21070234113712377,-0.0004905239687848384,-0.23177257525083614,-0.14905239687848384,-0.7028093645484951,-0.21984392419175028,-0.10222965440356745,-0.12151616499442586,-0.11393534002229655,-0.002931995540691193,-0.0003344481605351171,-0.23695652173913045,-0.498216276477146,-0.21401337792642142,-0.15139353400222966,-0.17792642140468226,-0.16003344481605353,-0.6081270903010033,-0.0027536231884057972,-0.0007580824972129319,-0.49755852842809356,-0.483010033444816,-0.05540691192865106,-0.42190635451505015,-0.3646153846153846,-0.12564102564102564,-0.02653288740245262,-0.0024414715719063545,-0.11986622073578596,-0.0030880713489409143,-0.40250836120401334,-0.04448160535117057,-0.24085841694537347,-0.020367892976588628,-0.12123745819397994,-0.1664994425863991,-0.0011594202898550724,-0.5819397993311036,-0.6663210702341137,-0.21137123745819397,-0.14238573021181716,-0.0006131549609810479,-0.15732441471571906,-0.37333333333333335,-0.07803790412486064,-0.18470457079152733,-0.02430323299888517,-0.11739130434782609,-0.04604236343366778,-0.0018729096989966558,-0.05812709030100335,-0.0028093645484949833,-0.19665551839464882,-0.02327759197324415,-0.04916387959866221,-0.4729431438127091,-0.1454849498327759,-0.03511705685618729,-0.056967670011148275,-0.0031438127090301,-0.25896321070234113,-0.0014827201783723524,-0.1676923076923077,-0.002664437012263099,-0.24894091415830547,-0.0027313266443701224,-0.581025641025641,-0.07710144927536233,-0.0022408026755852844,-0.03260869565217391,-0.0005797101449275362,-0.2989297658862876,-0.003121516164994426,-0.16153846153846152,-0.0008695652173913044,-0.032775919732441476,-0.03745819397993311,-0.2959197324414716,-0.0028316610925306577,-0.12408026755852844,-0.6446822742474917,-0.5213154960981048,-0.47173913043478266,-0.5906688963210702,-0.16622073578595317,-0.1902341137123746,-0.24802675585284278,-0.13740245261984393,-0.5784169453734671,-0.1552954292084727,-0.07597547380156076,-0.002987736900780379,-0.11549609810479376,-0.3353846153846154,-0.7623411371237457,-0.0015384615384615385,-0.13578595317725753,-0.029096989966555183,-0.2294314381270903,-0.6837792642140468,-0.3720401337792642,-0.3652173913043478,-0.28043478260869564,-0.29347826086956524,-0.4451839464882943,-0.18807134894091418,-0.30066889632107024,-0.43331103678929767,-0.34334448160535114,-0.31133779264214045,-0.32080267558528425,-0.6168561872909699,-0.16231884057971016,-0.2028985507246377,-0.4325975473801561,-0.3666220735785953,-0.40153846153846157,-0.6808695652173913,-0.009364548494983279,-0.18885172798216276,-0.1538684503901895,-0.707056856187291,-0.23331103678929765,-0.48351170568561874,-0.2138684503901895,-0.047603121516165,-0.331505016722408,-0.0725752508361204,-0.001382385730211817,-0.18916387959866218,-0.4539130434782609,-0.02391304347826087,-0.1076923076923077,-0.0012931995540691192,-0.4491638795986622,-0.003043478260869565,-0.0827201783723523,-0.26733556298773686,-0.2034448160535117,-0.4993645484949833,-0.0022519509476031214,-0.0028762541806020064,-0.6085841694537346,-0.12251950947603121,-0.25950947603121516,-0.12720178372352287,-0.09364548494983278,-0.5701449275362319,-0.21929765886287628,-0.0023522853957636566,-0.2925863991081383,-0.3556298773690078,-0.4422742474916388,-0.22276477146042362,-0.48879598662207363,-0.17449275362318842,-0.07959866220735787,-0.335551839464883,-0.0002787068004459309,-0.026187290969899663,-0.21148272017837236,-0.5660869565217392,-0.08695652173913043,-0.0005908584169453735,-0.0001560758082497213,-0.7242363433667781,-0.5782608695652174,-0.0004347826086956522,-0.0028651059085841694,-0.0033333333333333335,-0.2153846153846154,-0.0004793756967670011,-0.17324414715719064,-0.0003232998885172798,-0.7107357859531772,-0.0004124860646599777,-0.04363433667781494,-0.06289855072463768,-0.002173913043478261,-0.4917391304347826,-0.06492753623188406,-0.15195094760312153,-0.32608695652173914,-0.42140468227424743,-0.00528428093645485,-0.1919732441471572,-0.059710144927536235,-0.11962095875139354,-0.0012709030100334449,-0.0003121516164994426,-0.20211817168338908,-0.18729096989966557,-0.21226309921962097,-0.14983277591973246
2024-08-27,-0.4849498327759197,-0.029487179487179487,-0.054581939799331104,-0.008974358974358975,-0.0359866220735786,-0.15869565217391304,-0.1179933110367893,-0.6292976588628761,-0.6027759197324415,-0.2197993311036789,-0.8067001114827201,-0.4738238573021181,-0.3982162764771461,-0.2014715719063545,-0.002084726867335563,-0.05297658862876254,-0.03692307692307692,-0.4292084726867335,-0.27564102564102566,-0.1308361204013378,-0.08696767001114826,-0.3065217391304348,-0.08428093645484949,-0.15128205128205127,-0.402051282051282,-0.23357859531772576,-0.24565217391304348,-0.0022630992196209588,-0.0858974358974359,-0.018907469342251952,-0.6549609810479375,-0.07625418060200669,-0.4513043478260869,-0.0014269788182831662,-0.2873690078037904,-0.22791527313266444,-0.001003344481605351,-0.0719732441471572,-0.0022630992196209588,-0.002987736900780379,-0.0022630992196209588,-0.11282051282051282,-0.024358974358974363,-0.09955406911928652,-0.35769230769230775,-0.42642140468227424,-0.00294314381270903,-0.4136008918617614,-0.8816722408026755,-0.052173913043478265,-0.06020066889632107,-0.010434782608695653,-0.0029654403567447047,-0.06521739130434782,-0.20548494983277593,-0.0023857302118171684,-0.20434782608695654,-0.0020624303232998887,-0.0007915273132664437,-0.12120401337792641,-0.003166109253065775,-0.19999999999999998,-0.21538461538461542,-0.21507246376811595,-0.4243032329988851,-0.5785953177257525,-0.6917279821627648,-0.002006688963210702,-0.08974358974358974,-0.1794871794871795,-0.06666666666666667,-0.00039018952062430326,,-0.046153846153846156,-0.12762541806020067,-0.8426867335562988,-0.12521739130434784,-0.07521739130434782,-0.2076923076923077,-0.6168561872909699,-0.01605351170568562,-0.0006243032329988851,-0.10769230769230771,-0.10595317725752508,-0.0021627647714604235,-0.3794871794871795,-0.21410256410256412,-0.0011036789297658863,-0.6957413600891861,-0.0021181716833890744,-0.07435897435897436,-0.0782051282051282,-0.08846153846153847,-0.0010479375696767002,-0.027001114827201782,-0.13361204013377928,-0.21304347826086956,-4.4593088071348945e-05,-0.004013377926421405,-0.2538461538461539,-0.1564102564102564,-0.7437235228539576,-0.0002898550724637681,-0.0012486064659977703,-0.0030100334448160534,-0.0008249721293199554,-0.021794871794871794,-0.002653288740245262,-0.11984392419175029,-0.12307692307692308,-0.7587179487179487,-0.16153846153846155,-0.14929765886287627,-0.4760869565217391,-0.08668896321070234,-0.2815830546265329,-0.002040133779264214,-0.44130434782608696,-0.5128205128205128,-0.3915161649944258,-0.3371794871794872,-0.0020178372352285395,-0.09632107023411372,-0.8936677814938684,-0.3413712374581939,-0.002564102564102564,-0.5907803790412486,-0.5757859531772576,-0.1806020066889632,-0.06956521739130435,-0.6549609810479377,-0.16294314381270902,-0.0003121516164994426,-0.028205128205128206,-0.27965440356744703,-0.05137123745819398,-0.40869565217391307,-0.0028316610925306577,-0.09872909698996656,-0.0005462653288740245,-0.04816053511705686,-0.3512820512820513,-0.002129319955406912,-0.7302118171683388,-0.42284280936454843,-0.6759197324414716,-0.0022185061315496096,-0.0027313266443701224,-0.3153846153846154,-0.392329988851728,-0.0009141583054626532,-0.2012820512820513,-0.16794871794871796,-0.002185061315496098,-0.002229654403567447,-0.0007023411371237458,-0.03461538461538462,-0.0038461538461538464,-0.20512820512820515,-0.03995540691192865,-0.08267558528428094,-0.030657748049052396,-0.06903010033444816,-0.042541806020066894,-0.0026755852842809368,-0.10128205128205128,-0.7246376811594203,-0.0013935340022296545,-0.11986622073578594,-0.11157190635451505,-0.3564102564102564,-0.023076923076923078,-0.0929654403567447,-0.3423076923076923,-0.16294314381270902,-0.026923076923076928,-0.002642140468227425,-0.32463768115942027,-0.00326644370122631,-0.036120401337792644,-0.0012374581939799331,-0.0014938684503901895,-0.0017279821627647716,-0.527045707915273,-0.5069342251950947,-0.21025641025641026,-0.7317279821627648,-0.565886287625418,-0.7545150501672241,-0.8396878483835005,-0.13589743589743591,-0.5543478260869565,-0.25,-0.001326644370122631,-0.4821627647714604,-0.36282051282051286,-0.0021070234113712374,-0.11879598662207358,-0.04735785953177257,-0.7366778149386844,-0.8246934225195094,-0.00189520624303233,-0.1356521739130435,-0.0010702341137123746,-0.03260869565217391,-0.3988517279821628,-0.6168115942028985,-0.09690078037904123,-0.2777257525083612,-0.5593088071348941,-0.6187290969899666,-0.13076923076923078,-0.20057971014492754,-0.818695652173913,-0.5072463768115942,-0.5847826086956521,-0.6732998885172798,-0.707736900780379,-0.04358974358974359,-0.41956521739130437,-0.3177257525083612,-0.7492753623188406,-0.6313823857302119,-0.6717502787068005,-0.0027759197324414716,-0.22820512820512823,-0.24493868450390188,-0.8546822742474915,-0.29102564102564105,-0.7218506131549609,-0.18478260869565216,-0.00044593088071348937,-0.2741583054626533,-0.0008584169453734671,-0.0005239687848383501,-0.33974358974358976,-0.7518952062430324,-0.04230769230769231,-0.09953177257525084,-0.0016722408026755853,-0.21591973244147156,-0.4956521739130435,-0.0022630992196209588,-0.5412263099219621,-0.4230546265328874,-0.8756744704570791,-0.22564102564102564,-0.071438127090301,-0.6627536231884058,-0.04414715719063545,-0.09643255295429207,-0.17692307692307693,-0.06662207357859531,-0.7780936454849499,-0.41204013377926424,-0.04976588628762542,-0.30869565217391304,-0.19505016722408028,-0.785953177257525,-0.5128651059085841,-0.8054626532887402,-0.1542920847268673,-0.0015161649944258639,-0.6744704570791528,-0.0011148272017837235,-0.015719063545150503,-0.28974358974358977,-0.679241917502787,-0.0022630992196209588,-0.0002787068004459309,-0.0014381270903010032,-0.32088071348940916,-0.6438127090301003,-0.0015050167224080267,-0.053846153846153856,-0.08486064659977703,-0.38333333333333336,-0.00011148272017837234,-0.10993311036789297,-0.0009030100334448161,-0.32687848383500556,-0.002664437012263099,-0.002430323299888517,-0.0012263099219620957,-0.16214046822742476,-0.24247491638795984,-0.3474358974358975,-0.17564102564102566,-0.019565217391304346,-0.10414715719063544,-1.1148272017837236e-05,-0.35384615384615387,-0.3317279821627648,-0.0013489409141583053,-2.2296544035674473e-05,-0.001906354515050167,-0.27579710144927533,-0.07136008918617613,-0.2987179487179487,-0.1294871794871795
2024-08-28,-0.23405797101449274,-0.0006800445930880714,-0.002274247491638796,-0.0007023411371237458,-0.2787068004459309,-0.2466555183946488,-0.0010590858416945372,-0.7662207357859532,-0.09779264214046822,-0.21599777034559645,-0.7671794871794871,-0.46237458193979936,-0.37764771460423635,-0.004180602006688963,-5.574136008918617e-05,-0.0016387959866220735,-0.0006688963210702342,-0.0003232998885172798,-0.23810479375696766,-0.23411371237458195,-0.27731326644370125,-0.6144704570791527,-0.003188405797101449,-0.0010256410256410256,-0.0665886287625418,-0.6212709030100334,-0.0010702341137123746,-0.0001226309921962096,-0.002140468227424749,-0.009754738015607582,-0.2099665551839465,-0.0025975473801560754,-0.2703901895206243,-0.0020958751393534004,-0.38461538461538464,-0.8205797101449275,-0.002363433667781494,-0.03434782608695652,-0.002486064659977703,-0.2355072463768116,-0.0020624303232998887,-0.32051282051282054,-0.003277591973244147,-0.3121516164994426,-0.5007692307692307,-0.12153846153846154,-0.4180602006688963,-0.33305462653288737,-0.8824080267558527,-0.21878483835005574,-0.002898550724637681,-0.0018060200668896323,-0.01254180602006689,-0.05044593088071349,-0.11538461538461538,-0.00274247491638796,-0.030657748049052396,-0.0028762541806020064,-0.0030992196209587513,-0.002151616499442586,-0.2048494983277592,-0.25501672240802675,-0.18812709030100336,-0.34303232998885175,-0.3219063545150502,-0.24258639910813823,-0.13518394648829432,-0.002006688963210702,-0.002653288740245262,-0.0025306577480490523,-0.0027313266443701224,-0.003043478260869565,,-0.001906354515050167,-0.002764771460423634,-0.2607803790412486,-0.03430323299888517,-0.027870680044593088,-0.35674470457079155,-0.4138795986622074,-0.0016164994425863991,-0.0031438127090301,-0.002318840579710145,-0.0020735785953177256,-0.0019843924191750278,-0.7715050167224081,-0.41387959866220736,-0.00294314381270903,-0.5608695652173913,-0.0013043478260869566,-0.0008695652173913044,-0.40830546265328876,-0.0023299888517279823,-0.0023968784838350058,-0.0024414715719063545,-0.546923076923077,-0.5629765886287627,-0.0031995540691192865,-0.0026086956521739132,-0.2946042363433668,-0.12681159420289856,-0.46394648829431434,-0.0019175027870680045,-0.6276923076923077,-0.005574136008918618,-0.0030657748049052395,-0.002909698996655518,-0.13517279821627645,-0.4013377926421405,-0.666923076923077,-0.454448160535117,-0.2285395763656633,-0.0026867335562987737,-0.14548494983277593,-0.0008249721293199554,-0.0016387959866220735,-0.0029654403567447047,-0.15,-0.3552173913043478,-0.23707915273132663,-0.040267558528428095,-0.0025418060200668897,-0.0023522853957636566,-0.2729096989966555,-0.0947603121516165,-0.2229654403567447,-0.5694983277591973,-0.3365886287625418,-0.0013377926421404684,-0.0007803790412486065,-0.34265328874024525,-0.2744258639910814,-0.0018617614269788182,-0.002998885172798216,-0.033444816053511704,-0.0023076923076923075,-0.16208472686733555,-0.3232998885172798,-0.0029208472686733556,-0.0007915273132664437,-0.04641025641025641,-0.4163879598662208,-0.0027759197324414716,-0.612530657748049,-0.7489855072463768,-0.3634782608695652,-0.0016053511705685617,-0.14910813823857302,-0.6772575250836121,-0.08071348940914158,-0.00023411371237458197,-0.22196209587513935,-0.0024749163879598662,-0.0022965440356744705,-0.0021181716833890744,-0.0020178372352285395,-0.00017837235228539578,-0.001382385730211817,-0.0007357859531772575,-0.01614269788182832,-0.002887402452619844,-0.2731326644370123,-0.00021181716833890748,-0.0028093645484949833,-0.19927536231884058,-0.002374581939799331,-0.7219397993311036,-0.002430323299888517,-0.10832775919732442,-0.0016387959866220735,-0.13795986622073578,-0.0011705685618729096,-0.17418060200668894,-0.6807692307692307,-0.37207357859531776,-0.003299888517279822,-0.0011594202898550724,-0.3672463768115942,-0.10730211817168338,-0.00261984392419175,-0.0021962095875139353,-0.00042363433667781496,-0.0010479375696767002,-0.4201003344481606,-0.12290969899665552,-0.19091415830546266,-0.3274916387959866,-0.335551839464883,-0.812664437012263,-0.4942697881828316,-0.14214046822742477,-0.29513935340022296,-0.18115942028985507,-0.0009810479375696767,-0.2457190635451505,-0.4883166109253066,-0.00046822742474916394,-0.5589409141583055,-0.0021070234113712374,-0.3881382385730212,-0.8308584169453734,-0.0009030100334448161,-0.07803790412486065,-0.002508361204013378,-0.24819397993311038,-0.19846153846153847,-0.2272240802675585,-0.00035674470457079156,-0.0020512820512820513,-0.38,-0.2918840579710145,-0.2522296544035675,-0.0012709030100334449,-0.2516833890746934,-0.3910144927536232,-0.33318840579710146,-0.17890746934225193,-0.3608472686733556,-0.002129319955406912,-0.4292307692307692,-0.024214046822742478,-0.3062653288740245,-0.33962095875139353,-0.14555183946488293,-0.0005797101449275362,-0.6033333333333334,-0.0011036789297658863,-0.3820735785953177,-0.09080267558528428,-0.1728428093645485,-0.036231884057971016,-0.00020066889632107022,-0.19370122630992195,-0.0031772575250836117,-0.0023857302118171684,-0.15551839464882944,-0.1091638795986622,-0.037625418060200665,-0.19648829431438125,-0.0008361204013377926,-0.0003455964325529543,-0.6797881828316611,-0.048773690078037904,-0.13474916387959868,-0.10402452619843924,-0.2638127090301003,-0.563076923076923,-0.0016387959866220735,-0.3001449275362319,-0.0023411371237458192,-0.3177257525083612,-0.1616499442586399,-0.02508361204013378,-0.5004682274247492,-0.07023411371237459,-0.0019509476031215162,-0.0007134894091415831,-0.2643366778149387,-0.16071348940914157,-0.6446488294314382,-0.2547157190635452,-0.0022630992196209588,-0.0017168338907469342,-0.0862876254180602,-0.002463768115942029,-0.0008472686733556299,-0.4439241917502787,-0.8053511705685619,-0.0009141583054626532,-0.0011482720178372353,-0.001995540691192865,-0.6596989966555185,-0.47304347826086957,-0.0026755852842809368,-0.0021627647714604235,-0.47620958751393533,-0.6647157190635452,-6.688963210702341e-05,-0.0027090301003344485,-0.001282051282051282,-0.12115942028985507,-0.13935340022296544,-0.0019286510590858417,-0.00016722408026755855,-0.17958751393534006,-0.0027536231884057972,-0.12461538461538461,-0.0031549609810479374,-0.0004347826086956522,-0.28010033444816057,-2.2296544035674473e-05,-0.5467335562987736,-0.051560758082497216,-0.001560758082497213,-0.003166109253065775,-0.0014827201783723524,-0.35535117056856186,-0.28567447045707917,-0.32487179487179485,-0.34838350055741363
2024-08-29,-0.11204013377926421,-0.0015161649944258639,-0.0025418060200668897,-0.001839464882943144,-0.3558528428093645,-0.0007469342251950948,-0.001282051282051282,-0.43681159420289856,-0.1872463768115942,-0.0008695652173913044,-0.3347826086956522,-0.00745819397993311,-0.48461538461538456,-0.0025752508361204015,-0.002998885172798216,-0.0010479375696767002,-0.0025975473801560754,-0.0011594202898550724,-0.29217391304347823,-0.1716722408026756,-0.4599219620958751,-0.44086956521739135,-0.4043478260869566,-0.001181716833890747,-0.16107023411371235,-0.17855072463768118,-0.001560758082497213,-0.002787068004459309,-0.18729096989966554,-0.0005908584169453735,-0.2554515050167224,-0.0023411371237458192,-0.2347380156075808,-0.002185061315496098,-0.46695652173913044,-0.6408695652173914,-4.4593088071348945e-05,-0.0020735785953177256,-0.23598662207357857,-0.32361204013377926,-0.19732441471571907,-0.34926421404682273,-0.36958751393534,-0.4302341137123746,-0.7110144927536232,-0.12324414715719062,-0.6305797101449275,-0.566923076923077,-0.22318840579710145,-0.23723522853957635,-0.38478260869565223,-0.0021962095875139353,-0.001850613154960981,-0.003121516164994426,-0.002564102564102564,-0.0027090301003344485,-0.3620958751393534,-0.3293979933110368,-0.14109253065774804,-0.13609810479375697,-0.003288740245261984,-0.293422519509476,-0.24222965440356742,-0.2734448160535117,-0.3038795986622074,-0.6575919732441471,-0.17355629877369005,-0.0028762541806020064,-0.24722408026755852,-0.4814715719063546,-0.3308807134894091,-0.09988851727982162,,-0.3583500557413601,-0.0032441471571906353,-0.6712374581939798,-0.00016722408026755855,-0.0033221850613154957,-0.23876254180602008,-0.07618729096989967,-0.00274247491638796,-0.28343366778149387,-0.2584615384615384,-0.27094760312151617,-0.3196432552954292,-0.758840579710145,-0.4147826086956522,-0.3283835005574136,-0.8641806020066889,-0.001092530657748049,-0.0030880713489409143,-0.5900000000000001,-0.002151616499442586,-0.2809364548494983,-0.2522185061315496,-0.002764771460423634,-0.5121293199554069,-0.33837235228539575,-0.1385953177257525,-0.22599777034559643,-0.0029208472686733556,-0.41579710144927534,-0.0023299888517279823,-0.4052285395763656,-0.001471571906354515,-0.3745819397993311,-0.0016053511705685617,-0.0031438127090301,-0.6636231884057971,-0.6438907469342251,-0.34334448160535114,-0.22724637681159418,-0.6094983277591973,-0.027469342251950947,-0.0016945373467112598,-0.1590969899665552,-0.1065551839464883,-0.03157190635451505,-0.10690078037904124,-0.056020066889632104,-0.054938684503901894,-0.0711705685618729,-0.017480490523968783,-0.06321070234113713,-0.0018060200668896323,-0.3630769230769231,-0.1866220735785953,-0.12391304347826086,-0.0005462653288740245,-0.0012263099219620957,-0.09913043478260869,-0.08615384615384615,-0.217257525083612,-0.1723076923076923,-0.0009810479375696767,-0.2959197324414716,-0.4104347826086957,-0.4163545150501673,-0.2191304347826087,-0.0012486064659977703,-0.0008249721293199554,-0.22855072463768117,-0.22849498327759196,-0.2709030100334448,-0.7715942028985507,-0.5865217391304347,-0.392675585284281,-0.1336008918617614,-0.1414715719063545,-0.0024972129319955406,-0.0014604236343366778,-0.002430323299888517,-0.277190635451505,-0.34956521739130436,-0.3595986622073578,-0.0030546265328874026,-0.0014492753623188406,-0.0006800445930880714,-0.002630992196209587,-0.0007023411371237458,-0.42227424749163883,-0.003076923076923077,-0.00137123745819398,-0.320891861761427,-0.001906354515050167,-0.0019843924191750278,-0.6759420289855073,-0.05244147157190636,-0.15588628762541806,-0.003277591973244147,-0.7585284280936454,-0.002798216276477146,-0.0029765886287625417,-0.617056856187291,-0.10188405797101449,-0.08739130434782609,-0.0027759197324414716,-0.0008584169453734671,-0.14983277591973243,-0.15857302118171682,-0.0003232998885172798,-0.0030992196209587513,-0.0009141583054626532,-0.14839464882943146,-0.0010367892976588628,-0.08989966555183945,-0.08729096989966556,-0.05377926421404682,-0.1307246376811594,-0.20405797101449277,-0.1011371237458194,-0.38541806020066893,-0.047447045707915275,-1.1148272017837236e-05,-0.08701226309921961,-0.67123745819398,-0.00157190635451505,-0.39438127090301,-0.15232998885172797,-0.15652173913043477,-0.787536231884058,-0.001761426978818283,-0.0008472686733556299,-0.0018729096989966558,-0.0031549609810479374,-0.049565217391304345,-0.029130434782608697,-0.00044593088071348937,-0.24665551839464886,-0.2502341137123746,-0.013043478260869566,-0.1673132664437012,-0.0015942028985507246,-0.018060200668896322,-0.16521739130434784,-0.20724637681159422,-0.013812709030100337,-0.20652173913043478,-0.0022630992196209588,-0.2217391304347826,-0.00036789297658862874,-0.030100334448160532,-0.34695652173913044,-0.07304347826086957,-0.0006577480490523968,-0.2533333333333333,-0.0002898550724637681,-0.26789297658862876,-0.0028428093645484947,-0.02347826086956522,-8.918617614269789e-05,-2.2296544035674473e-05,-0.14608695652173911,-0.36459308807134894,-0.2185061315496098,-0.18943143812709032,-0.24782608695652175,-0.0007357859531772575,-0.0011036789297658863,-0.0027313266443701224,-0.0005351170568561873,-0.29197324414715714,-0.00021181716833890748,-0.021226309921962092,-0.045384615384615384,-0.09331103678929765,-0.6463768115942029,-0.0005128205128205128,-0.12486064659977703,-0.27594202898550724,-0.2525752508361204,-0.0011148272017837235,-0.001382385730211817,-0.2327536231884058,-0.0018617614269788182,-0.0024080267558528427,-0.00035674470457079156,-0.0006465997770345596,-0.03311036789297659,-0.07856187290969899,-0.036120401337792644,-0.19103678929765885,-0.1810479375696767,-0.044816053511705686,-0.21600891861761426,-0.0024526198439241914,-0.4648940914158305,-0.6089855072463769,-0.0016610925306577479,-0.002664437012263099,-0.0025863991081382385,-0.31424749163879595,-0.7539130434782609,-0.11362318840579709,-0.0030657748049052395,-0.6363879598662208,-0.6994202898550724,-0.00189520624303233,-0.3321293199554069,-0.0014046822742474917,-0.002274247491638796,-0.00326644370122631,-0.16856187290969898,-0.002229654403567447,-0.002987736900780379,-0.40334448160535114,-0.0016276477146042363,-0.37043478260869567,-0.0026755852842809368,-0.26665551839464885,-0.002909698996655518,-0.4306354515050167,-0.003043478260869565,-0.0017837235228539575,-0.34836120401337795,-0.00294314381270903,-0.3518060200668896,-0.42424749163879605,-0.5544816053511706,-0.25993311036789296
2024-08-30,-0.0009810479375696767,-0.23,-0.27897435897435896,-0.2169230769230769,-0.19792642140468228,-0.0010479375696767002,-0.09307692307692308,-0.24590858416945371,-0.2592642140468227,-0.002173913043478261,-0.2249163879598662,-0.002229654403567447,-0.1499442586399108,-0.20384615384615384,-0.1953846153846154,-0.0018729096989966558,-0.2850947603121516,-0.0023522853957636566,-0.30228539576365665,-0.11230769230769232,-0.11395763656633222,-0.2188963210702341,-0.4708249721293199,-0.16153846153846155,-0.32565217391304346,-0.6405351170568562,-0.11076923076923077,-0.39571906354515046,-0.1580936454849498,-0.0026755852842809368,-0.19558528428093644,-0.3779710144927536,-0.08177257525083612,-0.4324860646599777,-0.30120401337792646,-0.09896321070234114,-0.001181716833890747,-0.39875139353400224,-0.09812709030100333,-0.15264214046822744,-0.002898550724637681,-0.42158305462653284,-0.5427982162764772,-0.40936454849498327,-0.6975250836120401,-0.07846153846153847,-0.18768115942028984,-0.7677146042363434,-0.11838350055741359,-0.30171683389074694,-0.5466220735785953,-0.35547380156075803,-0.026923076923076925,-0.6694314381270903,-0.7853734671125975,-0.3744927536231884,-0.5188071348940914,-0.5461984392419175,-0.23076923076923078,-0.21471571906354514,-0.44821627647714607,-0.46337792642140463,-0.3532664437012263,-0.6024860646599778,-0.48642140468227424,-0.48581939799331103,-0.5753846153846154,-0.5733444816053512,-0.18762541806020067,-0.5178595317725753,-0.4406688963210702,-0.15461538461538463,,-0.3302675585284281,-0.28977703455964327,-0.6567558528428094,-0.001839464882943144,-0.24043478260869566,-0.6087402452619844,-0.0013154960981047936,-0.3065663322185061,-0.36691192865105904,-0.445752508361204,-0.5378595317725753,-0.4052285395763656,-0.12595317725752508,-0.048160535117056855,-0.4711482720178372,-0.5218060200668896,-0.002140468227424749,-0.24410256410256406,-0.15324414715719065,-0.7045261984392419,-0.4470234113712374,-0.31968784838350056,-0.14461538461538465,-0.06929765886287625,-0.20316610925306575,-0.11384615384615386,-0.28896321070234116,-0.8246934225195094,-0.40695652173913044,-0.1574581939799331,-0.23839464882943143,-0.40936454849498327,-0.3782497212931995,-0.21615384615384617,-0.4034113712374582,-0.4468338907469342,-0.13474916387959868,-0.1468896321070234,-0.35857302118171686,-0.3808584169453735,-0.0003232998885172798,-0.11538461538461539,-0.0015050167224080267,-0.048461538461538466,-0.00023411371237458197,-0.0008584169453734671,-6.688963210702341e-05,-0.0017279821627647716,-5.574136008918617e-05,-0.0003344481605351171,-0.10215161649944259,-0.1276365663322185,-0.4586399108138238,-0.39401337792642144,-0.00017837235228539578,-0.0017837235228539575,-0.21461538461538465,-0.0005351170568561873,-0.4899108138238573,-0.2540802675585284,-0.2111371237458194,-0.0010256410256410256,-0.2325975473801561,-0.17093645484949832,-0.3856744704570792,-0.059130434782608696,-0.18000000000000002,-0.07153846153846154,-0.23623188405797102,-0.11674470457079154,-0.11465997770345596,-0.15894091415830544,-0.14094760312151616,-0.6747491638795986,-0.0012931995540691192,-0.13360089186176144,-0.10139353400222964,-0.13461538461538464,-0.5399442586399108,-0.5514938684503902,-0.40424749163879603,-0.3660200668896321,-0.39250836120401333,-2.2296544035674473e-05,-0.0016387959866220735,-0.325273132664437,-0.00016722408026755855,-0.45974358974358975,-0.688695652173913,-0.10846153846153846,-0.6050501672240802,-0.35781493868450387,-0.33400222965440357,-0.17693422519509475,-0.0002452619843924192,-0.003166109253065775,-0.2876923076923077,-0.36886287625418057,-0.3304236343366778,-0.37978818283166105,-0.30288740245261986,-0.0005797101449275362,-0.06384615384615384,-0.22384615384615386,-0.0022965440356744705,-0.106164994425864,-0.12882943143812708,-0.00040133779264214044,-0.0030546265328874026,-0.0015942028985507246,-0.000947603121516165,-0.0004793756967670011,-0.0023076923076923075,-0.013076923076923076,-0.0003455964325529543,-0.31441471571906354,-0.09632107023411371,-0.0018617614269788182,-0.1381047937569677,-0.0013043478260869566,-0.0007357859531772575,-0.0006688963210702342,-0.5839130434782609,-0.19230769230769232,-0.42736900780379045,-0.255273132664437,-0.17096989966555182,-0.41984392419175026,-0.1371794871794872,-0.0021962095875139353,-0.22769230769230772,-0.6935117056856187,-0.0004124860646599777,-0.00020066889632107022,-0.0012151616499442585,-0.48518394648829427,-0.4590969899665552,-0.00013377926421404682,-0.22532887402452617,-0.11615384615384615,-0.00010033444816053511,-0.47948717948717956,-0.5717056856187291,-1.1148272017837236e-05,-0.860680044593088,-0.27594202898550724,-0.2772686733556299,-0.0010702341137123746,-0.006153846153846155,-0.16260869565217392,-0.6367558528428094,-0.0008026755852842809,-0.32989966555183947,-0.0001226309921962096,-0.6103344481605352,-0.4738238573021181,-7.803790412486064e-05,-0.0018283166109253064,-0.0011594202898550724,-0.23348940914158303,-0.560133779264214,-0.13479375696767,-0.07461538461538461,-0.04906354515050167,-0.0002787068004459309,-0.2314158305462653,-0.22306577480490522,-0.0008918617614269787,-0.43859531772575255,-0.0009030100334448161,-0.0003121516164994426,-0.00035674470457079156,-0.09423634336677814,-0.28352285395763654,-0.0007357859531772575,-0.00011148272017837234,-0.15616499442586398,-0.345685618729097,-0.6191638795986623,-0.0027090301003344485,-0.08187290969899665,-0.07307692307692308,-0.2433444816053512,-0.0004905239687848384,-0.19551839464882945,-3.3444816053511705e-05,-0.0007134894091415831,-0.01,-0.03452619843924192,-0.41088071348940913,-4.4593088071348945e-05,-0.3820735785953177,-0.14552954292084727,-0.24080267558528426,-0.8067001114827201,-0.7662207357859532,-0.3518952062430323,-0.3593311036789298,-0.2906354515050167,-0.7527201783723523,-0.19153846153846155,-0.597190635451505,-0.509933110367893,-0.5577926421404682,-0.21923076923076923,-0.32521739130434785,-0.18846153846153846,-0.1682943143812709,-0.20430323299888517,-0.06974358974358974,-0.1676923076923077,-0.29619843924191747,-0.13265328874024526,-0.42907469342251947,-0.4650167224080268,-0.07395763656633221,-0.027435897435897433,-0.01076923076923077,-0.5338015607580825,-0.2253846153846154,-0.1503010033444816,-0.03942028985507246,-0.21529542920847267,-0.16856187290969898,-0.5363545150501672,-0.5486064659977703,-0.2672017837235229
2024-09-02,-0.12963210702341138,-0.25114827201783724,-0.13698996655518395,-0.27913043478260874,-0.35043478260869565,-0.0540133779264214,-0.00379041248606466,-0.4578037904124861,-0.38813823857302115,-0.18193979933110369,-0.4897435897435898,-0.13588628762541805,-0.5514938684503902,-0.061404682274247495,-0.07420289855072464,-0.187190635451505,-0.14869565217391306,-0.25023411371237453,-0.13753623188405797,-0.2608695652173913,-0.2939576365663322,-0.08517279821627648,-0.16594202898550725,-0.5054849498327759,-0.0663768115942029,-0.5412263099219621,-0.10474916387959865,-0.16695652173913045,-0.19692307692307692,-0.007759197324414715,-0.34960981047937567,-0.14905239687848384,-0.0017725752508361205,-0.14983277591973243,-0.47057971014492755,-0.5749163879598662,-0.0021962095875139353,-0.14507246376811592,-0.23652173913043478,-0.2611371237458194,-0.27468227424749164,-0.2981047937569677,-0.1302006688963211,-0.4161315496098105,-0.3957079152731327,-0.10916387959866221,-0.501159420289855,-0.3191192865105909,-0.3724414715719063,-0.14479375696767,-0.3726309921962096,-0.03829431438127091,-0.1108695652173913,-0.13414715719063544,-0.11998885172798218,-0.27507246376811595,-0.6484503901895207,-0.09956521739130436,-0.005105908584169454,-0.29014492753623183,-0.26256410256410256,-0.07878483835005574,-0.03995540691192865,-0.39826086956521745,-0.33430323299888515,-0.27827201783723526,-0.23231884057971017,-0.09190635451505016,-0.2012040133779264,-0.45697881828316617,-0.30890746934225194,-0.22016722408026754,,-0.27061315496098104,-0.15449275362318837,-0.4825083612040134,-0.030133779264214046,-0.24115942028985507,-0.42123745819398,-0.15294314381270901,-0.14739130434782607,-0.03866220735785953,-0.19163879598662206,-0.19147157190635453,-0.16014492753623186,-0.20867335562987738,-0.06849498327759197,-0.1733333333333333,-0.4876142697881829,-0.025016722408026753,-0.034247491638795986,-0.06028985507246377,-0.25274247491638796,-0.054225195094760315,-0.33443701226309924,-0.03108138238573021,-0.08666666666666666,-0.06595317725752509,-0.19785953177257526,-0.09369007803790413,-0.15828316610925308,-0.3803901895206243,-0.15324414715719062,-0.2619063545150502,-0.3542028985507246,-0.17615384615384616,-0.041382385730211815,-0.11415830546265328,-0.3395429208472687,-0.15637681159420289,-0.38956521739130434,-0.4450278706800446,-0.4544258639910814,-0.0027201783723522855,-0.15268673355629878,-0.37050167224080266,-0.002642140468227425,-0.1688628762541806,-0.15749163879598663,-0.003277591973244147,-0.12394648829431439,-0.0031103678929765887,-0.0030546265328874026,-0.3354515050167224,-0.15351170568561873,-0.4416610925306578,-0.6816387959866221,-0.0024972129319955406,-0.042073578595317726,-0.28958751393534,-0.00241917502787068,-0.26942028985507244,-0.21,-0.16981047937569677,-0.001282051282051282,-0.318216276477146,-0.42373467112597546,-0.17979933110367893,-1.1148272017837236e-05,-0.11826086956521739,-0.10537346711259754,-0.630278706800446,-0.2778260869565217,-0.2911036789297659,-0.7224860646599778,-0.47270903010033444,-0.2476365663322185,-0.00023411371237458197,-0.22434782608695655,-0.10764771460423633,-0.040735785953177256,-0.6561092530657748,-0.38549609810479374,-0.2552954292084727,-0.11924191750278708,-0.09132664437012264,-0.001471571906354515,-0.030702341137123744,-0.30635451505016725,-0.0014158305462653288,-0.18312151616499445,-0.05105908584169454,-0.17360089186176142,-0.06382385730211818,-0.1127313266443701,-0.2853288740245262,-0.44076923076923075,-0.003132664437012263,-0.4322519509476031,-0.1469788182831661,-0.673979933110368,-0.2223188405797101,-0.5386733556298774,-0.495273132664437,-0.0031772575250836117,-0.19861761426978816,-0.029096989966555183,-0.10765886287625417,-0.18428093645484947,-0.16100334448160533,-0.0032329988851727983,-0.05382385730211817,-0.111438127090301,-0.003221850613154961,-0.00017837235228539578,-0.17886287625418062,-0.002987736900780379,-0.0027536231884057972,-0.2797324414715719,-0.002787068004459309,-0.22304347826086957,-0.2751839464882943,-0.13247491638795986,-0.0026755852842809368,-0.003188405797101449,-0.14551839464882943,-0.3497547380156076,-0.11130434782608696,-0.17521739130434782,-0.39384615384615385,-0.551438127090301,-0.14839464882943143,-0.02046822742474916,-0.03282051282051282,-0.7020624303232998,-0.002508361204013378,-0.0031995540691192865,-0.00020066889632107022,-0.47740245261984393,-0.6714269788182833,-0.003021181716833891,-0.3224972129319955,-0.1956521739130435,-0.0033221850613154957,-0.5131438127090302,-0.7429096989966555,-0.00261984392419175,-0.6765328874024527,-0.24258639910813823,-0.34920847268673355,-0.00039018952062430326,-0.002898550724637681,-0.1804236343366778,-0.6510033444816054,-0.0028205128205128207,-0.040457079152731334,-0.0005016722408026755,-0.7352508361204013,-0.1250947603121516,-0.0028093645484949833,-0.08187290969899665,-0.04321070234113713,-0.3114604236343367,-0.043400222965440355,-0.08419175027870679,-0.26608695652173914,-0.2137792642140468,-0.0005574136008918618,-0.3139353400222965,-0.33347826086956517,-6.688963210702341e-05,-0.5156967670011149,-0.002185061315496098,-0.0025752508361204015,-0.002630992196209587,-0.1591973244147157,-0.5520289855072463,-0.001382385730211817,-0.0014492753623188406,-0.6366666666666667,-0.18525083612040133,-0.18381270903010033,-0.11219620958751393,-0.4280936454849498,-0.09210702341137124,-0.16552954292084726,-0.0014269788182831662,-0.3125083612040134,-0.002798216276477146,-0.0030992196209587513,-0.0032552954292084726,-7.803790412486064e-05,-0.20015607580824973,-0.002764771460423634,-0.08561872909698998,-0.021337792642140467,-0.11492753623188405,-0.7250390189520625,-0.4288963210702342,-0.012842809364548494,-0.2331103678929766,-0.387536231884058,-0.3701783723522854,-0.035250836120401335,-0.14041248606465997,-0.28593088071348943,-0.5361204013377926,-0.18876254180602003,-0.126231884057971,-0.012508361204013378,-0.1372129319955407,-0.21690078037904126,-0.5174247491638796,-0.012608695652173912,-0.01565217391304348,-0.04889632107023412,-0.4722965440356745,-0.2272129319955407,-0.0022742474916387957,-0.0009810479375696767,-0.00011148272017837234,-0.4263433667781494,-0.03574136008918618,-0.18269788182831662,-0.050033444816053506,-0.14347826086956522,-0.3391304347826087,-0.008517279821627649,-0.25784838350055744,-0.19217391304347825
2024-09-03,-0.0008529741863075197,-0.374949494949495,-0.27313131313131317,-0.473030303030303,-0.29246913580246914,-0.0008305274971941638,-0.0017059483726150394,-0.3617732884399551,-0.48323232323232324,-0.0010774410774410774,-0.36686868686868684,-0.05498316498316498,-0.7698653198653198,-0.08526374859708194,-0.1872615039281706,-0.08438832772166105,-0.2300448933782267,-0.40672278338945006,-0.00180695847362514,-0.06589225589225589,-0.35878787878787877,-0.10120089786756453,-0.4662289562289562,-0.7011784511784511,-0.18965207631874298,-0.7755892255892256,-0.0004938271604938272,-0.307384960718294,-0.12716049382716046,-0.0002805836139169472,-0.7734343434343435,-0.20576879910213244,-0.0015712682379349046,-0.403030303030303,-0.15286195286195287,-0.7202020202020203,-0.0004826038159371493,-0.23108866442199774,-0.22079685746352412,-0.20461279461279458,-0.5006060606060606,-0.5452076318742985,-0.7311896745230079,-0.4910662177328844,-0.601010101010101,-0.0005387205387205387,-0.6983164983164983,-0.5666666666666667,-0.5885185185185186,-0.4040404040404041,-0.6267676767676768,-0.21741863075196408,-0.0009876543209876543,-0.4891582491582491,-0.1961728395061728,-0.2007631874298541,-0.883030303030303,-0.4085297418630752,-0.6045454545454545,-0.0021099887766554432,-0.6839955106621773,-0.3894949494949495,-0.003344556677890011,-0.3978114478114478,-0.2114590347923681,-0.3641750841750842,-0.7082603815937148,-0.4948148148148148,-0.19074074074074074,-0.5732323232323232,-0.6466442199775534,-0.4412121212121212,,-0.5090909090909091,-0.4624242424242424,-0.7441077441077442,-0.00046015712682379343,-0.3468013468013468,-0.2833333333333333,-0.0011560044893378226,-0.458989898989899,-0.1838047138047138,-0.4342087542087542,-0.35424242424242425,-0.1780583613916947,-0.30581369248035917,-0.002334455667789001,-0.47607182940516274,-0.23181818181818184,-0.001941638608305275,-0.0024691358024691353,-0.5854545454545454,-0.6067340067340067,-0.18727272727272729,-0.13575757575757577,-0.23188552188552186,-0.002121212121212121,-0.3375533108866442,-0.17686868686868687,-0.0026262626262626263,-0.5122895622895622,-0.5304264870931538,-0.24160493827160492,-0.20242424242424242,-0.3692368125701459,-0.23811447811447814,-0.1745566778900112,-0.2197979797979798,-0.5630415263748597,-0.29737373737373735,-0.7421212121212122,-0.34629629629629627,-0.44329966329966325,-0.020718294051627385,-0.0014590347923681257,-0.0009876543209876543,-0.022312008978675645,-0.06787878787878789,-0.05435465768799102,-0.11675645342312008,-0.03107744107744108,-0.023905723905723906,-0.012749719416386083,-0.012738496071829404,-0.0016722783389450054,-0.43820426487093156,-0.3694949494949495,-0.03028058361391695,-0.0008866442199775532,-0.22787878787878788,-0.0016498316498316497,-0.39218855218855225,-0.24888888888888888,-0.17212121212121212,-0.001627384960718294,-0.38606060606060605,-0.12253647586980919,-0.3232323232323232,,-0.06242424242424242,-0.0026823793490460155,-0.22232323232323234,-0.18088664421997755,-0.32050505050505046,-0.8172727272727273,-0.5706846240179574,-0.34393939393939393,-0.0007295173961840628,-0.0020763187429854095,-0.0016835016835016834,-0.00143658810325477,-0.8736363636363638,-0.30814814814814817,-0.2192929292929293,-0.5547923681257014,-0.14334455667789,-0.00037037037037037035,-0.0006958473625140292,-0.116341189674523,-0.0005611672278338944,-0.5999551066217733,-0.24044893378226712,-0.09535353535353536,-0.4292143658810325,-0.0021661054994388325,-0.5222783389450056,-0.32101010101010097,-0.02312008978675645,-0.6886644219977553,-0.5248035914702581,-0.8611111111111112,-0.47156004489337827,-0.4229180695847362,-0.5808754208754209,-0.07434343434343434,-0.10666666666666667,-0.3151515151515152,-0.0022895622895622897,-0.2111672278338945,-0.0012906846240179574,-0.06358024691358023,-0.2167452300785634,-0.0013355780022446689,-0.024276094276094277,-0.000505050505050505,-0.0008978675645342311,-0.018327721661054994,-0.00039281705948372616,-0.03034792368125702,-0.08367003367003366,-0.39111111111111113,-0.526060606060606,-0.2878451178451178,-0.10172839506172839,-0.07212121212121211,-0.5642424242424242,-0.2905162738496072,-0.3351515151515151,-0.15490460157126823,-0.043310886644219976,-0.7841750841750842,-0.0007856341189674523,-0.0019079685746352412,-0.14450056116722784,-0.8454545454545456,-0.0005723905723905724,-0.010404040404040403,-0.0006285072951739618,-0.46649831649831647,-0.21292929292929294,-0.029483726150392818,-0.20891133557800223,-0.002951739618406285,-0.0046240179573512905,-0.13451178451178453,-0.8360606060606062,-0.007968574635241301,-0.16282828282828285,-0.2906060606060606,-0.2585858585858586,-0.00030303030303030303,-0.005578002244668911,-0.2092368125701459,-0.22323232323232323,-0.002760942760942761,-0.17939393939393938,-0.0012682379349046014,-0.31313131313131315,-0.2612570145903479,-0.011156004489337823,-8.978675645342312e-05,-0.0011672278338945006,-0.20429854096520764,-0.551043771043771,-0.0013692480359147026,-0.059977553310886646,-0.18149270482603813,-0.0013468013468013469,-0.19609427609427613,-0.5976206509539843,-0.0003479236812570146,-0.17069584736251403,-0.0021773288439955103,-0.000404040404040404,-0.019124579124579124,-0.012727272727272728,-0.811010101010101,-0.0009876543209876543,-0.00281705948372615,-0.23484848484848486,-0.10996632996632996,-0.7383838383838384,-0.0012794612794612794,-0.03757575757575758,-0.0009539842873176206,-0.24391694725028057,-0.00044893378226711555,-0.044354657687991024,-0.011952861952861953,-0.0023120089786756452,-0.008765432098765432,,-0.24854096520763186,-0.014343434343434342,-0.24928170594837262,-0.002098765432098765,-0.26934904601571263,-0.19727272727272727,-0.165993265993266,-0.34424242424242424,-0.4554545454545455,-0.23111111111111113,-0.85,-0.0023120089786756452,-0.7286419753086419,-0.4263636363636364,-0.5809764309764309,-0.32483726150392817,-0.2913131313131313,-0.00202020202020202,-0.0010886644219977551,-0.11636363636363636,-0.06888888888888889,-0.003355780022446689,-0.10279461279461279,-0.0009764309764309764,-0.17457912457912458,-0.41575757575757577,-0.00324354657687991,-0.0012570145903479236,-0.003232323232323232,-0.5037037037037037,-0.006363636363636364,-0.061268237934904594,-0.21355780022446688,-0.14218855218855217,-0.6496632996632996,-0.0010998877665544331,-0.3770594837261504,-0.039046015712682375
2024-09-04,-0.0013355780022446689,-0.23838383838383836,-0.33821548821548825,-0.24424242424242423,-0.4184062850729517,-0.0006397306397306397,-0.2296408529741863,-0.5403367003367003,-0.17575757575757575,-0.0017957351290684622,-0.19393939393939394,-0.11615039281705948,-0.0030527497194163863,-0.04208754208754209,-0.09876543209876543,-0.0006846240179573513,-0.38276094276094275,-0.28193041526374857,-0.2924579124579125,-0.0012906846240179574,-0.40953984287317624,-0.10107744107744109,-0.5357575757575758,-0.268641975308642,-0.05774410774410775,-0.41822671156004493,-0.0016498316498316497,-0.23164983164983163,-0.08274971941638609,-0.0007856341189674523,-0.11905723905723907,-0.17910213243546574,-0.08955106621773289,-0.2119753086419753,-0.09337822671156004,-0.5250729517396184,-0.0015937149270482602,-0.029461279461279466,-0.12727272727272726,-0.31245791245791243,-0.5909090909090908,-0.6355555555555555,-0.7012121212121212,-0.6557239057239057,-0.38606060606060605,-0.0012233445566778899,-0.7326599326599328,-0.0997979797979798,-0.5498877665544332,-0.3627384960718294,-0.5672727272727273,-0.06032547699214367,-0.0007631874298540965,-0.23698092031425363,-0.2909090909090909,-0.25252525252525254,-0.2442199775533109,-0.2787878787878788,-0.0851290684624018,-0.4363636363636364,-0.8761391694725028,-0.2254769921436588,-0.5913019079685746,-0.3292929292929293,-0.32968574635241304,-0.3019191919191919,-0.7353535353535353,-0.7826262626262626,-0.24270482603815938,-0.052525252525252523,-0.635016835016835,-0.01610549943883277,,-0.604040404040404,-0.45858585858585865,-0.5252525252525252,-0.0027048260381593715,-0.73010101010101,-0.10583613916947249,-0.000808080808080808,-0.5373737373737374,-0.3240740740740741,-0.5867003367003366,-0.49696969696969695,-0.05441077441077441,-0.49898989898989904,-0.05611672278338945,-0.47676767676767673,-0.4785634118967452,-0.0032996632996632994,-0.3162626262626263,-0.5038720538720538,-0.1707070707070707,-0.2505162738496072,-0.02833894500561167,-0.3287317620650954,-0.17378226711560046,-0.34657687991021324,-0.029696969696969697,-0.40824915824915825,-0.6250505050505051,-0.7601346801346801,-0.38580246913580246,-0.4597081930415264,-0.33591470258136924,-0.45050505050505046,-0.002962962962962963,-0.3662626262626263,-0.6787317620650953,-0.49023569023569025,-0.07021324354657688,-0.1523232323232323,-0.19434343434343435,-0.0021324354657687988,-0.1631425364758698,-0.0007631874298540965,-0.0005948372615039282,-0.32759820426487096,-0.0013468013468013469,-0.20622895622895623,-0.08423120089786756,-0.02837261503928171,-0.0025589225589225588,-0.0014814814814814814,-0.18885521885521886,-0.5016161616161616,-0.2472727272727273,-0.001021324354657688,-0.001919191919191919,-0.03787878787878788,-0.22331088664421997,-0.3888327721661055,-0.0725925925925926,-0.24252525252525253,-0.001414141414141414,-0.2206060606060606,-0.240314253647587,-0.3676767676767677,,-0.000101010101010101,-0.0027833894500561168,-0.26,-0.2757575757575757,-0.01840628507295174,-0.29611672278338946,-0.47535353535353536,-0.281010101010101,-0.0018630751964085297,-0.2879236812570146,-0.00029180695847362515,-0.17023569023569024,-0.576969696969697,-0.2101010101010101,-0.14006734006734006,-0.7967676767676768,-0.26865319865319864,-0.000404040404040404,-0.0008529741863075197,-0.15076318742985412,-0.0009652076318742986,-0.52,-0.2946127946127946,-0.10728395061728395,-0.3896745230078564,-0.14029180695847362,-0.16808080808080808,-0.5015712682379349,-0.003019079685746352,-0.6380246913580248,-0.5935353535353535,-0.5952861952861953,-0.42564534231200896,-0.4049382716049382,-0.3808080808080808,-0.00143658810325477,-0.3219304152637486,-0.07754208754208755,-0.09635241301907968,-0.5696969696969697,-0.0010325476992143659,-0.3060606060606061,-0.22586980920314254,-0.0025813692480359147,-0.1462962962962963,-0.0007407407407407407,-0.0013019079685746351,-0.0021773288439955103,-0.0006734006734006734,-0.00038159371492704823,-0.14895622895622898,-0.37732884399551064,-0.06303030303030303,-0.43434343434343436,-0.0016498316498316497,-0.2969921436588103,-0.7117171717171716,-0.8944556677890012,-0.4444444444444444,-0.37890011223344555,-0.06121212121212121,-0.25032547699214364,-0.002828282828282828,-0.04521885521885522,-0.0032098765432098763,-0.4945454545454546,-0.00101010101010101,-0.0012682379349046014,-0.0001234567901234568,-0.20747474747474745,-0.31980920314253647,-0.0013804713804713804,-0.2392817059483726,-0.24421997755331087,-0.003052749719416386,-0.05444444444444445,-0.058002244668911344,-0.0011896745230078564,-0.10767676767676766,-0.21818181818181817,-0.16282828282828282,-0.00014590347923681258,-0.0014590347923681257,-0.019506172839506175,-0.12821548821548823,-0.3549382716049383,-0.3185297418630752,-4.489337822671156e-05,-0.036632996632996635,-0.5081930415263749,-0.001964085297418631,-0.00019079685746352411,-0.0003142536475869809,-0.23262626262626263,-0.6718294051627385,-0.0007968574635241301,-0.0005611672278338944,-0.37171717171717167,-0.0022334455667789,-0.22272727272727275,-0.9158249158249159,-0.0012345679012345677,-0.0042087542087542095,-0.2376206509539843,-0.0028058361391694723,-0.0006621773288439954,-5.6116722783389444e-05,-0.33885521885521885,-0.0011447811447811449,-0.012413019079685747,-0.6408080808080808,-0.20404040404040405,-0.6828282828282828,-0.0015712682379349046,-0.15151515151515152,-6.734006734006734e-05,-0.36896745230078565,-0.0012570145903479236,-0.0016498316498316497,-0.0020089786756453424,-0.000505050505050505,-0.0016498316498316497,,-0.5153759820426487,-0.0006285072951739618,-0.23011223344556678,-0.07359147025813693,-0.5979797979797981,-0.07616161616161615,-0.034511784511784514,-0.3778114478114478,-0.21627384960718293,-0.04349046015712683,-0.8089786756453423,-0.002749719416386083,-0.7563636363636363,-0.40404040404040403,-0.5410101010101009,-0.0287317620650954,-0.17817059483726153,-0.0013916947250280584,-0.00011223344556677889,-0.05554433221099888,-0.004601571268237935,-0.23428731762065097,-0.0008641975308641975,-0.003333333333333333,-0.3052749719416386,-0.4279461279461279,-0.2429405162738496,-0.0007519640852974186,-0.16668911335578004,-0.24646464646464647,-0.24560044893378227,-0.12679012345679014,-0.35213243546576883,-0.2230639730639731,-0.6145454545454545,-0.0014927048260381594,-0.4323232323232324,-0.0009988776655443323
2024-09-05,-0.0015824915824915824,-0.44276094276094274,-0.3821324354657688,-0.466374859708193,-0.08641975308641975,-0.0008417508417508417,-0.12318742985409653,-0.39822671156004485,-0.016049382716049384,-0.18520763187429853,-0.06565656565656565,-0.07391694725028058,-0.24967452300785636,-0.002210998877665544,-0.15530864197530864,-0.0021997755331088662,-0.39281705948372614,-0.1158810325476992,-0.3319304152637486,-0.0020314253647586984,-0.08445566778900113,-0.0019528619528619527,-0.4210549943883277,-0.2967676767676768,-0.21095398428731763,-0.2184287317620651,-0.20846240179573514,-0.23200897867564532,-0.0016610549943883277,-0.002839506172839506,-0.6011447811447812,-0.1521885521885522,-0.002951739618406285,-0.4713804713804714,-0.020202020202020204,-0.32720538720538717,-0.0019977553310886647,-0.3501683501683502,-0.3002469135802469,-0.4128395061728395,-0.6772390572390572,-0.585925925925926,-0.8678114478114478,-0.24794612794612797,-0.3703703703703704,-0.001750841750841751,-0.20367003367003367,-0.15123456790123455,-0.12175084175084175,-0.44388327721661053,-0.3677890011223344,-0.05939393939393939,-0.0013804713804713804,-0.19977553310886648,-0.08700336700336701,-0.4367227833894501,-0.09638608305274972,-0.053030303030303025,-0.35942760942760943,-0.1750841750841751,-0.7822109988776655,-0.4851290684624018,-0.7305050505050504,-0.06994388327721661,-0.15712682379349047,-0.39461279461279464,-0.6789001122334456,-0.5224579124579124,-0.32098765432098764,-0.0051178451178451176,-0.14758698092031425,-0.08170594837261505,,-0.4309539842873176,-0.4264870931537598,-0.8530527497194164,-0.08637485970819304,-0.8560044893378227,-0.17216610549943884,-0.0003367003367003367,-0.35510662177328844,-0.48790123456790124,-0.37286195286195284,-0.6924579124579124,-0.0024242424242424242,-0.3122895622895623,-0.002929292929292929,-0.6315824915824916,-0.5387205387205388,-0.06727272727272728,-0.36767676767676766,-0.4826038159371493,-0.22347923681257015,-0.5185185185185185,-0.017441077441077445,-0.14590347923681257,-0.19687991021324355,-0.3947811447811448,-0.0027048260381593715,-0.7152861952861952,-0.7076767676767677,-0.24499438832772166,-0.48709315375982043,-0.2985409652076319,-0.4159820426487093,-0.6689113355780023,-0.46401795735129064,-0.2951290684624018,-0.6051066217732884,-0.5768799102132436,-0.39061728395061723,-0.34792368125701467,-0.2376543209876543,-0.051694725028058365,-0.24307519640852976,-0.00202020202020202,-0.0009539842873176206,-0.42359147025813687,-0.0009988776655443323,-0.03209876543209877,-0.000808080808080808,-0.00038159371492704823,-0.08471380471380473,-0.026576879910213246,-0.09789001122334456,-0.28507295173961844,-0.36271604938271607,-0.0006397306397306397,-0.2367003367003367,-0.11658810325476993,-0.03793490460157127,-0.6747025813692481,-0.20336700336700336,-0.15757575757575756,-0.0017171717171717172,-0.2866217732884399,-0.15182940516273852,-0.31200897867564537,,-0.001919191919191919,-0.31566778900112236,-0.044893378226711564,-0.5275869809203143,-0.0009988776655443323,-0.2511111111111111,-0.5578787878787879,-0.29764309764309765,-0.1769023569023569,-0.011223344556677891,-0.0004713804713804714,-0.11988776655443323,-0.11511784511784512,-0.30707070707070705,-0.0024579124579124575,-0.6169135802469136,-0.4179573512906846,-0.0012906846240179574,-0.003333333333333333,-0.1385858585858586,-0.0020875420875420873,-0.6189001122334455,-0.08900112233445567,-0.0031425364758698093,-0.6163636363636363,-0.0024466891133557798,-0.461638608305275,-0.15644219977553311,-0.09427609427609428,-0.19776655443322108,-0.8619079685746353,-0.6645566778900112,-0.4134455667789001,-0.26270482603815937,-0.2603815937149271,-0.0004152637485970819,-0.4624017957351291,-0.19551066217732885,-0.32886644219977557,-0.03542087542087542,-0.000707070707070707,-0.020426487093153763,-0.37037037037037035,-0.23537598204264873,-0.09569023569023569,-0.0008866442199775532,-0.002368125701459035,-0.19351290684624017,-0.000404040404040404,-0.0006172839506172838,-0.02154882154882155,-0.8205836139169472,-0.008799102132435467,-0.3928170594837262,-0.0026038159371492703,-0.15028058361391694,-0.46671156004489334,-0.02951739618406285,-0.287317620650954,-0.526374859708193,-0.000101010101010101,-0.18008978675645343,-0.07149270482603816,-0.08886644219977553,-0.0872053872053872,-0.09150392817059483,-0.0014029180695847362,-0.0009988776655443323,-0.0017957351290684622,-0.5578002244668911,-0.038159371492704826,-0.0018181818181818182,-0.4694163860830527,-0.20471380471380474,-0.05315375982042649,-0.22922558922558925,-0.6060606060606061,-0.0007407407407407407,-0.5440516273849607,-0.37789001122334454,-0.3164983164983165,-0.001537598204264871,-0.0003142536475869809,-7.856341189674523e-05,-0.5794051627384961,-0.46231200897867564,-0.12177328843995511,-0.0015151515151515152,-0.5791245791245792,-0.6907070707070707,-0.05647586980920314,-0.0024915824915824913,-0.002323232323232323,-0.45890011223344557,-0.8737149270482604,-0.002648709315375982,-0.0005162738496071829,-0.05580246913580247,-0.09459034792368126,-0.24511784511784515,-0.5017957351290684,-0.0013355780022446689,-0.0021773288439955103,-0.1590347923681257,-0.1079685746352413,-0.00037037037037037035,-0.00039281705948372616,-0.5123681257014591,-0.0017059483726150394,-4.489337822671156e-05,-0.6257687991021325,-0.3341189674523008,-0.25618406285072953,-0.0013916947250280584,-0.035016835016835016,-0.0006509539842873176,-0.415263748597082,-0.0021661054994388325,-0.01079685746352413,-0.015780022446689114,-0.0012457912457912456,-0.0005836139169472503,,-0.4946127946127946,-0.0003254769921436588,-0.22518518518518518,-0.040695847362514026,-0.5667340067340068,-0.2789001122334456,-0.23961840628507294,-0.23542087542087542,-0.3394837261503928,-0.1561391694725028,-0.5637822671156004,-0.22327721661054994,-0.2154769921436588,-0.5521885521885522,-0.07379349046015712,-0.15012345679012346,-0.3919191919191919,-0.00180695847362514,-0.00044893378226711555,-0.0031762065095398426,-0.2804713804713805,-0.1196408529741863,-0.0028058361391694723,-0.32996632996632996,-0.011784511784511785,-0.33445566778900115,-0.08359147025813693,-0.003075196408529742,-0.014949494949494949,-0.24565656565656566,-0.0010998877665544333,-0.002435465768799102,-0.3282828282828283,-0.29342312008978677,-0.7025140291806958,-0.003153759820426487,-0.2558922558922559,-0.0022222222222222222
2024-09-06,-0.21128813559322035,-0.4451977401129943,-0.2689265536723164,-0.31466666666666665,-0.20596610169491528,-0.001966101694915254,-0.30579661016949156,-0.25866666666666666,-0.08196610169491525,-0.12108474576271187,-0.13877966101694916,-0.07932203389830508,-0.19322033898305085,-0.03742372881355932,-0.06601129943502825,-0.08966101694915254,-0.4916610169491525,-0.2654802259887006,-0.26471186440677963,-0.17230508474576273,-0.17864406779661018,-0.007355932203389832,-0.2305084745762712,-0.27999999999999997,-0.0731864406779661,-0.296,-0.3036949152542373,-0.21061016949152542,-0.08240677966101695,-0.1263050847457627,-0.4632768361581921,-0.04250847457627118,-0.10475706214689266,-0.1854915254237288,-0.0012768361581920902,-0.26440677966101694,-0.06159322033898305,-0.32862146892655364,-0.472,-0.24533333333333332,-0.656,-0.06933333333333334,-0.3973333333333333,-0.2711864406779661,-0.11299435028248586,-0.08328813559322033,-0.43615819209039547,-0.24538983050847454,-0.17726553672316384,-0.3887005649717514,-0.2986666666666667,-0.07094915254237288,-0.001615819209039548,-0.09866666666666665,-0.06698305084745763,-0.3954802259887006,-0.34972881355932206,-0.14922033898305087,-0.0946779661016949,-0.2642259887005649,-0.17333333333333334,-0.2779661016949152,-0.20533333333333334,-0.01288135593220339,-0.26261016949152544,-0.6485875706214689,-0.5946666666666667,-0.29333333333333333,-0.28596610169491526,-0.0006553672316384181,-0.12172881355932202,-0.2522033898305085,,-0.05333333333333334,-0.04293785310734463,-0.33333333333333337,-0.010915254237288136,-0.6693333333333333,-0.05351412429378531,-0.0005310734463276836,-0.20800000000000002,-0.1603728813559322,-0.07466666666666667,-0.17333333333333334,-0.008576271186440679,-0.26255367231638416,-0.22816949152542373,-0.1966101694915254,-0.2915254237288135,-0.051118644067796606,-0.10702824858757062,-0.02511864406779661,-0.1371864406779661,-0.15593220338983052,-0.00028248587570621464,-0.1672316384180791,-0.13010169491525425,-0.0926553672316384,-0.20386440677966103,-0.021333333333333336,-0.21468926553672316,-0.5694915254237287,-0.05989830508474576,-0.12945762711864406,-0.0655367231638418,-0.006779661016949152,-0.03477966101694915,-0.06569491525423728,-0.7546666666666667,-0.1288135593220339,-0.17175141242937852,-0.5413333333333333,-0.18935593220338984,-0.13,-0.29992090395480225,-0.08901694915254237,-0.0017401129943502823,-0.7786666666666667,-0.10532203389830508,-0.17620338983050848,-0.002790960451977401,-0.0023389830508474575,-0.21908474576271186,-0.003254237288135593,-0.1972542372881356,-0.2346666666666667,-0.19733333333333336,-0.0028587570621468926,-0.25745762711864406,-0.16216949152542373,-0.0027570621468926554,-0.18133333333333335,-0.2705084745762712,-0.28262146892655365,-0.3078983050847458,-0.4346666666666667,-0.28596610169491526,-0.1642372881355932,,-0.01983050847457627,-0.055186440677966096,-0.17776271186440679,-0.3866666666666667,-0.05949152542372881,-0.3845084745762712,-0.288,-0.3458418079096045,-0.16918644067796612,-0.0009265536723163841,-0.0023050847457627118,-0.13240677966101697,-0.4406779661016949,-0.0019322033898305085,-0.3344632768361582,-0.3413333333333334,-0.5390847457627118,-0.11810169491525423,-0.05667796610169492,-0.3214463276836158,-0.21440677966101696,-0.08000000000000002,-0.06410169491525425,-0.39803389830508473,-0.1943502824858757,-0.2525197740112994,-0.2937853107344633,-0.655367231638418,-0.29423728813559324,-0.4949152542372881,-0.064,-0.7386666666666667,-0.06101694915254237,-0.264,-0.512,-0.0022372881355932203,-0.34006779661016945,-0.10332203389830508,,-0.2589152542372881,-0.0010508474576271186,-0.26586440677966106,-0.2692429378531073,-0.35453107344632767,-0.11149152542372882,-0.002271186440677966,-0.22074576271186439,-0.29633898305084744,-0.002813559322033898,-0.0030056497175141245,-0.003096045197740113,-0.04000000000000001,-0.0015367231638418078,-0.41600000000000004,-0.3558870056497175,-0.3329265536723164,-0.2853333333333334,-0.32994350282485874,-0.11466666666666668,-0.32266666666666666,-0.0011751412429378532,-0.4405423728813559,-0.09430508474576271,-0.02416949152542373,-0.02728813559322034,-0.4154237288135593,-0.12515254237288134,-0.11149152542372882,-0.0960677966101695,,-0.002598870056497175,-0.2151864406779661,-0.26133333333333336,-0.4465084745762712,-0.11149152542372882,-0.39132203389830506,-0.5084745762711864,-0.0028587570621468926,-0.6440677966101694,-0.27466666666666667,-0.37333333333333335,-0.08020338983050848,-0.0030508474576271187,-0.002384180790960452,-0.8,-0.49066666666666664,-0.05453107344632769,-0.1035593220338983,-0.459864406779661,-0.6453333333333333,-0.13176271186440677,-0.06830508474576272,-0.12030508474576271,-0.6320000000000001,-0.40800000000000003,-0.16359322033898305,-0.0015028248587570622,-0.1334576271186441,-0.08284745762711865,-0.16000000000000003,-0.792,-0.0026101694915254235,-0.036576271186440676,-0.20664406779661015,-0.2167457627118644,-0.003231638418079096,-0.0021468926553672315,-0.007728813559322034,-0.07888135593220338,-0.00023728813559322035,-0.2,-0.3141242937853107,-0.7173333333333334,-0.013254237288135592,-0.1972542372881356,-0.09694915254237288,-0.1386666666666667,-0.18166101694915254,-0.0019548022598870054,-0.002824858757062147,-0.03569491525423729,-0.0030734463276836156,,-0.09866666666666668,-0.0028587570621468926,-0.009661016949152541,-0.001887005649717514,-0.18666666666666668,-0.46952542372881356,-0.37961581920903953,-0.06689265536723163,-0.37966101694915255,-0.07315254237288135,-0.32533333333333336,-0.11593220338983051,-0.016,-0.10400000000000001,-0.0028700564971751415,-0.056745762711864406,-0.3728813559322034,-0.06515254237288136,-0.0021581920903954803,-0.07605649717514124,-0.17794350282485874,-0.2743728813559322,-0.21125423728813558,-0.2357966101694915,-0.3110508474576272,-0.02711864406779661,-0.03274576271186441,-0.13766101694915256,-0.104,-0.06020338983050847,-0.003367231638418079,-0.22960451977401128,-0.09197740112994349,-0.36122033898305084,-0.23733333333333337,-0.020610169491525426,-0.10820338983050848,-0.062372881355932205
2024-09-09,-0.05419209039548023,-0.263864406779661,-0.082045197740113,-0.38345762711864406,-0.191954802259887,-0.0006101694915254237,-0.43850847457627123,-0.1888587570621469,-0.0017853107344632767,-0.0005875706214689266,-0.0012203389830508474,-0.00021468926553672317,-0.002259887005649717,-0.001016949152542373,-0.0006892655367231638,-0.0030056497175141245,-0.35877966101694914,-0.03966101694915254,-0.28328813559322036,-0.00019209039548022597,-0.11959322033898305,-0.000983050847457627,-0.10630508474576272,-0.6226440677966102,-0.00033898305084745765,-0.006553672316384182,-0.6175819209039548,-0.17858757062146893,-0.002598870056497175,-0.2027909604519774,-0.5896723163841807,-0.0016836158192090394,-0.0013559322033898306,-0.0029378531073446326,-0.0004745762711864407,-0.27542372881355937,-0.0017966101694915255,-0.2334915254237288,-0.24923163841807908,-0.2693559322033898,-0.015819209039548022,-0.3591412429378531,-0.8905875706214689,-0.4054237288135593,-0.25816949152542373,-0.00041807909604519775,-0.8143728813559322,-0.07403389830508475,-0.2487909604519774,-0.3701694915254237,-0.33932203389830506,-0.0027231638418079096,-0.000824858757062147,-0.2987683615819209,-0.0005649717514124293,-0.496090395480226,-0.3787118644067797,-0.002271186440677966,-0.0628135593220339,-0.020124293785310735,-0.4698305084745763,-0.14396610169491525,-0.39737853107344634,-0.002632768361581921,-0.0019322033898305083,-0.5353220338983051,-0.6930169491525423,-0.19362711864406779,-0.17489265536723164,-0.003141242937853107,-0.415728813559322,-0.4489265536723164,,-0.5464406779661017,-0.5486101694915254,-0.7150282485875706,-0.0027005649717514123,-0.4365423728813559,-0.002983050847457627,-0.0028926553672316384,-0.47813559322033905,-0.6477966101694915,-0.6323728813559322,-0.7750847457627118,-0.002926553672316384,-0.3436271186440678,-0.002169491525423729,-0.4517966101694915,-0.6352994350282486,-0.0033785310734463277,-0.25387570621468925,-0.5794915254237288,-0.28820338983050847,-0.68845197740113,-0.0022824858757062145,-0.33746892655367233,-0.0025084745762711863,-0.41003389830508474,-0.0021468926553672315,-0.7365423728813559,-0.33435028248587567,-0.6036610169491525,-0.43471186440677967,-0.3694915254237288,-0.5258305084745762,-0.5656949152542373,-0.002056497175141243,-0.002,-0.42857627118644065,-0.4429378531073447,-0.0031073446327683613,-0.4233220338983051,-0.13667796610169491,-0.32397740112994355,-0.001367231638418079,-0.0014576271186440676,-0.0017288135593220338,-0.6062146892655368,-0.00015819209039548022,-0.05882485875706215,-0.0003502824858757062,-0.0010847457627118644,-0.2533898305084746,-0.01231638418079096,-0.20814689265536723,-0.5883050847457627,-0.011084745762711864,-0.0002711864406779661,-0.05049717514124293,-0.0011299435028248586,-0.0009265536723163841,-0.8328361581920903,-0.18266666666666667,-0.08542372881355932,-0.21813559322033899,-0.2952542372881356,-0.0022824858757062145,-0.13794350282485876,,-0.0017627118644067796,-0.0017175141242937854,-1.1299435028248587e-05,-0.26196610169491524,-0.000847457627118644,-0.5068474576271187,-0.6919322033898305,-0.4957627118644068,-0.0007005649717514124,-0.0008926553672316383,-0.001988700564971751,-0.001887005649717514,-0.3448587570621469,-0.002903954802259887,-0.3312768361581921,-0.44985310734463274,-0.8086779661016948,-0.0018418079096045197,-0.39319774011299435,-0.20691525423728815,-0.00030508474576271185,-0.34928813559322036,-0.0017062146892655365,-0.17847457627118646,-0.3214463276836158,-0.0016610169491525423,-0.4450847457627119,-0.5668926553672317,-0.512542372881356,-0.04271186440677966,-0.39440677966101695,-0.648813559322034,-0.39661016949152544,-0.4148700564971751,-0.21372881355932202,-0.00023728813559322035,-0.07087005649717515,-0.07020338983050847,,-0.34675706214689267,-0.0007796610169491525,-0.11010169491525423,-0.22273446327683616,-0.0928813559322034,-0.5442372881355932,-0.0006214689265536722,-0.3313107344632768,-0.030372881355932205,-0.0005423728813559322,-0.0007344632768361581,-0.000903954802259887,-0.6169491525423729,-0.0022259887005649714,-0.7656497175141243,-0.21007909604519776,-0.2505762711864407,-0.2708248587570622,-0.49355932203389835,-0.45821468926553677,-0.8389152542372881,-0.0004519774011299435,-0.25342372881355935,-0.0021129943502824857,-0.001694915254237288,-0.003333333333333333,-0.2936045197740113,-0.03796610169491525,-0.009288135593220339,-0.00040677966101694915,,-0.0009491525423728814,-0.22915254237288138,-0.7593220338983051,-0.5177966101694915,-0.3066779661016949,-0.17183050847457626,-0.6139887005649717,-0.001344632768361582,-0.4707796610169492,-0.22291525423728814,-0.5745536723163842,-0.0007570621468926553,-0.0019209039548022599,-0.0015480225988700564,-0.09502824858757063,-0.512542372881356,-0.0008361581920903955,-0.0011073446327683615,-0.5153898305084746,-0.3227118644067797,-0.08732203389830508,-0.0003728813559322034,-0.08128813559322035,-0.6992090395480226,-0.9238418079096046,-0.0026779661016949154,-0.00028248587570621464,-0.307909604519774,-0.0011638418079096045,-0.448,-0.026214689265536727,-0.0002598870056497175,-0.0007909604519774011,-0.24898305084745762,-0.20898305084745764,-0.060350282485875706,-0.00039548022598870055,-0.04847457627118644,-0.0011977401129943503,-0.00013559322033898305,-0.2885423728813559,-0.6631412429378531,-0.9111864406779661,-0.0010282485875706216,-0.017028248587570623,-0.0003615819209039548,-0.7346440677966102,-0.0006666666666666666,-0.0008587570621468927,-0.0017966101694915255,-0.003062146892655367,-0.10592090395480226,,-0.9027457627118644,-0.0008700564971751411,-0.0029943502824858756,-0.0007231638418079096,-0.7213559322033898,-0.43847457627118647,-0.3216949152542373,-0.17612429378531075,-0.2151412429378531,-0.0010734463276836157,-0.5381694915254237,-0.00319774011299435,-0.296135593220339,-0.17970621468926554,-0.12932203389830507,-0.010836158192090396,-0.46932203389830507,-0.002768361581920904,-0.0005310734463276836,-0.0029491525423728814,-0.23524293785310738,-0.3151186440677966,-0.21184180790960452,-0.003175141242937853,-0.6378305084745762,-0.0024293785310734463,-0.3116045197740113,-0.05263276836158192,-0.004644067796610169,-0.1909039548022599,-0.05296045197740113,-4.519774011299435e-05,-0.20711864406779662,-0.06580790960451978,-0.35435028248587574,-0.0008813559322033898,-0.19172881355932203,-0.002485875706214689
2024-09-10,-0.002214689265536723,-0.10341242937853108,-0.0028587570621468926,-0.2983050847457627,-0.3984632768361582,-0.0026666666666666666,-0.11294915254237288,-0.00010169491525423729,-0.0023163841807909602,-0.001649717514124294,-0.0005988700564971751,-0.002655367231638418,-0.09297175141242937,-0.0009717514124293786,-0.002463276836158192,-0.20266666666666666,-0.5507457627118644,-0.31087005649717514,-0.0016610169491525423,-0.0004971751412429378,-0.002870056497175141,-0.001694915254237288,-0.1709039548022599,-0.5023728813559322,-0.0010056497175141242,-0.1314576271186441,-0.5386553672316384,-0.23926553672316384,-0.06836158192090394,-0.023242937853107343,-0.6391299435028248,-0.0025536723163841805,-0.00042937853107344635,-0.536949152542373,-0.0022485875706214687,-0.001367231638418079,-0.0010282485875706216,-0.012022598870056498,-0.02535593220338983,-0.10937853107344632,-0.3568474576271186,-0.5301694915254237,-0.17938983050847457,-0.2950508474576271,-0.1511412429378531,-0.0015932203389830506,-0.6178983050847457,-0.28985310734463277,-0.002135593220338983,-0.5970169491525423,-0.5130847457627119,-0.003141242937853107,-0.0009265536723163841,-0.16659887005649715,-0.002056497175141243,-0.04176271186440678,-0.39647457627118643,-0.0027005649717514123,-0.003265536723163842,-0.0031073446327683613,-0.39152542372881355,-0.020508474576271186,-0.010440677966101696,-0.003254237288135593,-0.001480225988700565,-0.6081694915254237,-0.4187796610169492,-0.49593220338983046,-0.1681694915254237,-0.3062598870056497,-0.05568361581920905,-0.4475819209039548,,-0.03393220338983051,-0.1751864406779661,-0.8729491525423729,-0.0030847457627118644,-0.6684745762711864,-0.2833898305084746,-0.05605649717514124,-0.25816949152542373,-0.2093898305084746,-0.5247005649717514,-0.35684745762711867,-0.2515706214689265,-0.7898418079096046,-0.1490282485875706,-0.5094237288135594,-0.4228474576271187,-0.6846101694915254,-0.22422598870056495,-0.22820338983050847,-0.4991638418079096,-0.5013559322033898,-0.002689265536723164,-0.06786440677966102,-0.5015141242937853,-0.647728813559322,-0.0010508474576271186,-0.8982937853107344,-0.5246440677966102,-0.03538983050847458,-0.006915254237288135,-0.6103389830508474,-0.3977401129943503,-0.8372881355932204,-0.0015028248587570622,-0.003016949152542373,-0.2260677966101695,-0.631593220338983,-0.5872881355932204,-0.343457627118644,-0.4912090395480226,-0.5170621468926554,-0.0004858757062146893,-0.0009378531073446327,-0.0012881355932203389,-0.6478983050847457,-0.001694915254237288,-0.047853107344632766,-0.0019548022598870054,-0.001209039548022599,-0.1940790960451977,-0.003152542372881356,-0.021875706214689265,-0.1879322033898305,-0.0007231638418079096,-0.0015367231638418078,-0.0025762711864406778,-0.0007118644067796609,-0.0023050847457627118,-0.2629152542372882,-0.00022598870056497175,-0.00032768361581920905,-0.011932203389830509,-0.12022598870056497,-0.0002598870056497175,-0.0030282485875706214,,-0.0013107344632768362,-0.00311864406779661,-0.00033898305084745765,-0.13566101694915253,-0.0011299435028248586,-0.08352542372881357,-0.4541694915254237,-0.15801129943502823,-0.00028248587570621464,-0.0011412429378531072,-0.0779322033898305,-0.001559322033898305,-0.3863050847457627,-0.2406327683615819,-0.23267796610169494,-0.1959322033898305,-0.1752768361581921,-0.0014689265536723163,-0.11932203389830509,-0.0024406779661016948,-0.0014011299435028248,-0.6200677966101694,-0.0022259887005649714,-0.00011299435028248587,-0.5826892655367232,-0.0019322033898305083,-0.07954802259887006,-0.32864406779661015,-0.8826440677966101,-0.38494915254237283,-0.047728813559322035,-0.7887457627118644,-0.4514350282485876,-0.04149152542372881,-0.25020338983050844,-0.0010621468926553673,-0.3787231638418079,-0.0018418079096045197,,-0.0030734463276836156,-0.0007796610169491525,-0.28164971751412426,-0.1854915254237288,-0.0008361581920903955,-0.29025988700564975,-0.001694915254237288,-0.10937853107344632,-0.0021581920903954803,-0.0016384180790960452,-0.002406779661016949,-0.0030056497175141245,-0.30047457627118646,-0.0020112994350282485,-0.5514915254237288,-0.000824858757062147,-0.4852429378531074,-0.08949152542372882,-0.5532203389830509,-0.32440677966101694,-0.7793559322033897,-0.0026101694915254235,-0.5667796610169492,-0.00015819209039548022,-0.002361581920903955,-0.424225988700565,-0.009943502824858758,-0.002293785310734463,-0.0028022598870056496,-0.0022824858757062145,,-0.0031638418079096044,-0.0029943502824858756,-0.10641807909604518,-0.3314915254237288,-0.5389378531073447,-0.23186440677966103,-0.41288135593220343,-0.002090395480225989,-0.2005423728813559,-0.43796610169491523,-0.14155932203389832,-0.0011073446327683615,-0.002745762711864407,-0.000847457627118644,-0.3126101694915254,-0.0648813559322034,-0.0023502824858757064,-0.00041807909604519775,-0.36003389830508475,-0.4099322033898305,-0.2576271186440678,-0.0024745762711864405,-0.0012994350282485875,-0.37246327683615815,-0.7668361581920904,-0.3418079096045198,-0.001694915254237288,-0.4018983050847458,-0.0024519774011299436,-0.1842033898305085,-0.02232768361581921,-0.0022372881355932203,-0.0018983050847457628,-0.1751864406779661,-0.3048926553672316,-0.0014915254237288136,-0.0025084745762711863,-0.037785310734463284,-0.0023728813559322033,-0.0012542372881355931,-0.3088813559322034,-0.3037627118644068,-0.20970621468926554,-0.0007344632768361581,-0.0008700564971751411,-0.0013785310734463277,-0.4423728813559322,-0.0021920903954802257,-0.0008813559322033898,-0.003288135593220339,-0.2625084745762712,-0.0032090395480225986,,-0.24726553672316381,-0.002734463276836158,-0.4074350282485875,-0.0013559322033898306,-0.005581920903954802,-0.08091525423728814,-0.4275706214689266,-0.3595819209039548,-0.336090395480226,-0.0027796610169491523,-0.2904406779661017,-0.30079096045197734,-0.1406101694915254,-0.10133333333333333,-0.001016949152542373,-0.002983050847457627,-0.10884745762711864,-0.2269604519774011,-0.0010734463276836157,-0.5066666666666666,-0.0027231638418079096,-0.3157966101694915,-0.5091073446327684,-0.11534463276836159,-0.8205423728813559,-0.061830508474576266,-0.5135367231638418,-0.0026779661016949154,-0.00030508474576271185,-0.0005310734463276836,-0.002903954802259887,-0.0005762711864406779,-0.0656271186440678,-0.0007005649717514124,-0.408,-0.00296045197740113,-0.36754802259887004,-0.19688135593220338
2024-09-11,-0.03203389830508475,-0.3783954802259887,-0.18983050847457628,-0.43479096045197735,-0.0891412429378531,-0.31203389830508477,-0.12734463276836158,-0.00046327683615819204,-0.29898305084745763,-0.0006327683615819209,-0.0028813559322033895,-0.2894915254237288,-0.0012542372881355931,-0.0009717514124293786,-0.00041807909604519775,-0.19338983050847458,-0.43733333333333335,-0.32381920903954803,-0.0021129943502824857,-0.0005988700564971751,-0.06942372881355932,-0.0020451977401129947,-0.0010847457627118644,-0.3261581920903955,-0.0029491525423728814,-0.6897175141242938,-0.615819209039548,-0.16966101694915253,-0.0007457627118644068,-0.0023389830508474575,-0.325638418079096,-0.001559322033898305,-0.002214689265536723,-0.511774011299435,-0.0012203389830508474,-9.03954802259887e-05,-0.00040677966101694915,-0.003175141242937853,-0.0011751412429378532,-0.0010056497175141242,-0.4382372881355932,-0.2506666666666667,-0.8297401129943502,-0.3369491525423729,-0.2811864406779661,-0.0004971751412429378,-0.5143728813559322,-0.4729943502824858,-0.0022259887005649714,-0.5511412429378532,-0.3413333333333334,-0.081864406779661,-0.0015141242937853107,-0.23491525423728815,-0.1340677966101695,-0.15423728813559323,-0.4803389830508475,-0.3474689265536723,-0.5054915254237288,-0.17203389830508475,-0.4778757062146892,-0.5403050847457627,-0.6465084745762711,-0.14371751412429376,-0.0006892655367231638,-0.7430734463276836,-0.7997966101694916,-0.5591638418079097,-0.0017627118644067796,-0.12932203389830507,-0.3559322033898305,-0.41691525423728815,,-0.34644067796610173,-0.5021016949152542,-0.2971638418079096,-0.09459887005649717,-0.6466440677966102,-0.05932203389830508,-3.389830508474576e-05,-0.6291525423728813,-0.5706666666666668,-0.5626666666666668,-0.4426666666666667,-0.2135593220338983,-0.4159435028248587,-0.0028926553672316384,-0.45077966101694916,-0.7291299435028249,-0.10477966101694915,-0.0027231638418079096,-0.3747570621468926,-0.14752542372881355,-0.24831638418079094,-0.13280225988700564,-0.4693559322033898,-0.473638418079096,-0.2977966101694915,-0.0009378531073446327,-0.7935254237288136,-0.23620338983050848,-0.5770847457627118,-0.0028361581920903953,-0.9045536723163842,-0.2255819209039548,-0.9763954802259888,-0.0015932203389830506,-0.4599322033898305,-0.7020338983050847,-0.6160000000000001,-0.5893333333333334,-0.1352542372881356,-0.3818305084745762,-0.05148022598870056,-0.000983050847457627,-0.000847457627118644,-0.00022598870056497175,-0.003265536723163842,-0.0006779661016949153,-0.0004858757062146893,-0.0006440677966101694,-6.779661016949152e-05,-0.00014689265536723165,-0.022542372881355934,-0.0023050847457627118,-0.4187118644067796,-0.00303954802259887,-0.0011977401129943503,-0.2776271186440678,-0.002485875706214689,-0.07711864406779662,-0.3261581920903955,-0.0005423728813559322,-0.0017062146892655365,-0.0015819209039548022,-0.30135593220338985,-0.0019435028248587572,-0.2598305084745763,,-0.001672316384180791,-0.1527231638418079,-0.0011186440677966101,-0.0024406779661016948,-0.0011412429378531072,-0.19959322033898302,-0.5879322033898304,-0.0028022598870056496,-0.0012429378531073445,-0.0015706214689265535,-0.002090395480225989,-0.0017966101694915255,-0.5862598870056497,-0.00207909604519774,-0.002361581920903955,-0.48754802259887,-0.18720903954802262,-0.001966101694915254,-0.002587570621468926,-0.18271186440677964,-0.002734463276836158,-0.6450169491525424,-0.09610169491525425,-0.002463276836158192,-0.7461581920903955,-0.0026214689265536724,-0.2242372881355932,-0.6296271186440678,-0.022858757062146892,-0.5257514124293785,-0.27999999999999997,-0.6204519774011299,-0.4729491525423729,-0.20288135593220338,-0.27288135593220336,-0.00012429378531073445,-0.13301694915254236,-0.16016949152542373,,-0.6533333333333333,-0.001209039548022599,-0.02910734463276836,-0.4366101694915254,-0.0025310734463276836,-0.008677966101694915,-0.0009943502824858756,-0.08542372881355932,-0.03677966101694915,-0.0004745762711864407,-0.0024519774011299436,-0.05206779661016949,-0.502,-0.0010960451977401128,-0.22543502824858755,-0.00038418079096045195,-0.01231638418079096,-0.0030508474576271187,-0.33333333333333337,-0.4261468926553672,-0.40006779661016945,-0.0006553672316384181,-0.7572542372881356,-0.002293785310734463,-0.0015480225988700564,-0.336271186440678,-0.3092655367231638,-0.06050847457627119,-0.011864406779661017,-0.0011299435028248586,,-0.02728813559322034,-0.02552542372881356,-0.2950508474576271,-0.2783389830508474,-0.03970621468926554,-0.12101694915254238,-0.12533333333333335,-0.0002485875706214689,-0.14553672316384178,-0.44000000000000006,-0.17322033898305086,-0.0009491525423728814,-0.06508474576271187,-0.001016949152542373,-0.35200000000000004,-0.11932203389830506,-0.1364406779661017,-0.0007118644067796609,-0.22908474576271187,-0.7066666666666667,-0.02966101694915254,-0.04508474576271187,-0.0008700564971751411,-0.6207909604519775,-0.8223615819209039,-0.2126101694915254,-0.0016836158192090394,-0.0021016949152542373,-0.07949152542372881,-0.12220338983050846,-0.784,-0.0010734463276836157,-0.0007231638418079096,-0.03440677966101695,-0.0847909604519774,-0.0004406779661016949,-0.0018192090395480224,-0.32983050847457623,-0.08186440677966102,-0.0002598870056497175,-0.49898305084745764,-0.3891977401129943,-0.43001129943502825,-0.0024293785310734463,-0.0012994350282485875,-0.0017740112994350282,-0.37720903954802265,-0.04152542372881356,-0.0014576271186440676,-0.064045197740113,-0.003638418079096045,-0.03403389830508475,,-0.5087457627118644,-0.02491525423728814,-0.6409717514124293,-0.00319774011299435,-0.0030734463276836156,-0.44934463276836156,-0.5727457627118644,-0.5075593220338983,-0.1328813559322034,-0.22305084745762713,-0.5336949152542372,-0.2076271186440678,-0.3476271186440678,-0.32627118644067793,-0.0030847457627118644,-0.2954237288135593,-0.0032429378531073447,-0.15067796610169493,-0.0004519774011299435,-0.8812203389830509,-0.3297627118644068,-0.4360677966101695,-0.6813559322033899,-0.6399999999999999,-0.6318531073446327,-0.002903954802259887,-0.8168135593220339,-0.05457627118644067,-0.003231638418079096,-0.0008361581920903955,-0.405683615819209,-0.0009604519774011299,-0.3001694915254237,-0.002259887005649717,-0.12799999999999997,-0.26196610169491524,-0.24915254237288134,-0.00020338983050847457
2024-09-12,-0.0029717514124293787,-0.3138531073446328,-0.21405649717514125,-0.4606327683615819,-0.0008135593220338983,-0.07366101694915254,-0.15889265536723163,-0.0030056497175141245,-0.4707118644067797,-0.0009717514124293786,-0.5192203389830509,-0.20682485875706214,-0.00012429378531073445,-0.00015819209039548022,-0.00019209039548022597,-0.34856497175141243,-0.3005197740112994,-0.20481355932203393,-0.6330847457627119,-0.00023728813559322035,-0.000903954802259887,-0.047728813559322035,-0.0013107344632768362,-0.4737175141242937,-0.06508474576271187,-0.22122033898305085,-0.6296271186440678,-0.0372090395480226,-0.0011412429378531072,-0.2735367231638418,-0.03181920903954802,-0.10779661016949155,-0.059333333333333335,-0.21554802259887007,-0.002327683615819209,-5.649717514124294e-05,-0.0024745762711864405,-0.10458757062146894,-0.00103954802259887,-0.0005875706214689266,-0.004248587570621469,-0.07143502824858756,-0.012112994350282487,-0.6267909604519775,-0.3341016949152542,-0.002293785310734463,-0.4057853107344633,-0.19118644067796609,-0.22124293785310734,-0.2665988700564972,-0.22908474576271187,-0.023141242937853107,-0.013073446327683617,-0.13877966101694916,-0.000983050847457627,-0.026146892655367234,-0.3768813559322034,-0.15989830508474578,-0.16744632768361584,-0.09256497175141243,-0.6789604519774012,-0.07570621468926553,-0.3028248587570621,-0.3717062146892655,-0.0003502824858757062,-0.2089491525423729,-0.43001129943502825,-0.26357062146892657,-0.12470056497175142,-0.18805649717514125,-0.21500564971751412,-0.04926553672316384,,-0.08867796610169491,-0.7515819209039548,-0.1968361581920904,-0.06108474576271187,-0.017242937853107345,-0.0006101694915254237,-0.0011864406779661016,-0.7146666666666667,-0.6035028248587571,-0.2214463276836158,-0.3103728813559322,-0.2173898305084746,-0.5275254237288136,-0.35324293785310734,-0.1323276836158192,-0.36036158192090395,-0.05753672316384181,-0.23396610169491527,-0.2655367231638418,-0.05785310734463277,-0.13833898305084746,-0.03218079096045198,-0.12845197740112996,-0.17823728813559322,-0.15393220338983052,-0.0006892655367231638,-0.6359322033898305,-0.19267796610169494,-0.7691751412429378,-0.09855367231638419,-0.6843841807909604,-0.016994350282485877,-0.224090395480226,-0.0772542372881356,-0.30507344632768363,-0.33007909604519775,-0.3699774011299435,-0.29212429378531074,-0.002418079096045198,-0.10532203389830509,-0.0033785310734463277,-0.0015254237288135593,-0.0021129943502824857,-0.0021129943502824857,-0.2704632768361582,-0.0033107344632768362,-0.0028474576271186438,-0.0026214689265536724,-0.0028587570621468926,-0.0031864406779661012,-0.0027796610169491523,-0.13274576271186442,-0.2761581920903955,-0.2704632768361582,-0.002542372881355932,-0.3754915254237288,-0.18403389830508476,-0.0013220338983050849,-0.5331977401129943,-0.0006553672316384181,-0.22526553672316388,-0.08548022598870057,-0.2012203389830509,-0.09955932203389832,-0.21200000000000002,,-0.003016949152542373,-0.02216949152542373,-0.2805762711864407,-0.2516610169491525,-0.23833898305084747,-0.03471186440677966,-0.4512090395480226,-0.5268248587570621,-0.030169491525423732,-0.21621468926553675,-0.16794350282485876,-0.08145762711864407,-0.5662824858757062,-0.12004519774011299,-0.24772881355932203,-0.35471186440677965,-0.0628813559322034,-0.0019096045197740112,-0.6117966101694915,-0.014463276836158192,-0.21694915254237288,-0.3715367231638418,-0.08623728813559323,-0.25945762711864406,-0.42092655367231635,-0.08983050847457627,-0.36881355932203386,-0.336135593220339,-0.06235028248587571,-0.2389378531073446,-0.38906214689265534,-0.3421920903954802,-0.10838418079096046,-0.09654237288135593,-0.24587570621468927,-0.0027570621468926554,-0.003231638418079096,-6.779661016949152e-05,,-0.5729039548022599,-0.0031073446327683613,-0.0029491525423728814,-0.1847457627118644,-0.25455367231638415,-0.002689265536723164,-0.002598870056497175,-0.0021129943502824857,-0.0031299435028248586,-0.002983050847457627,-0.28258757062146894,-0.0014350282485875705,-0.5369943502824859,-0.2614689265536723,-0.3908700564971751,-0.003096045197740113,-0.003299435028248588,-0.4599322033898306,-0.1487005649717514,-0.36012429378531075,-0.4888022598870057,-0.0032768361581920905,-0.44212429378531076,-0.17196610169491525,-0.002790960451977401,-0.05105084745762712,-0.2964971751412429,-0.003141242937853107,-0.002745762711864407,-0.0018192090395480224,,-0.002406779661016949,-0.0027005649717514123,-0.40783050847457636,-0.21839548022598868,-0.002824858757062147,-0.3090169491525424,-0.20393220338983048,-0.0025762711864406778,-0.2097175141242938,-0.4374915254237288,-0.4311864406779662,-0.0020225988700564974,-0.0026440677966101697,-0.20917514124293787,-0.13548022598870055,-0.0007118644067796609,-0.23029378531073447,-0.0018757062146892655,-0.37189830508474575,-0.4966327683615819,-0.002813559322033898,-0.0020112994350282485,-0.0015819209039548022,-0.5450847457627118,-0.13929943502824857,-0.17789830508474574,-0.2632316384180791,-0.0004745762711864407,-0.0033220338983050847,-0.0012994350282485875,-0.03403389830508475,-0.002655367231638418,-0.0023050847457627118,-0.003062146892655367,-0.0031638418079096044,-0.003367231638418079,-0.2856045197740113,-0.29644067796610174,-0.0017514124293785311,-0.0032203389830508474,-0.5344519774011299,-0.4606327683615819,-0.4104858757062147,-0.12872316384180793,-0.2715254237288136,-0.1739774011299435,-0.5320677966101695,-0.002926553672316384,-0.2845988700564972,-0.0021129943502824857,-0.0032429378531073447,-0.0023954802259887006,,-0.3969830508474576,-0.003288135593220339,-0.258090395480226,-0.15810169491525425,-0.533593220338983,-0.6147344632768361,-0.36727683615819207,-0.042542372881355935,-0.0002598870056497175,-0.167819209039548,-0.4014124293785311,-0.12157062146892655,-0.1256271186440678,-0.23367231638418076,-0.3790847457627119,-0.05030508474576272,-0.1332994350282486,-0.12037288135593222,-0.001807909604519774,-0.4936045197740113,-0.3568813559322034,-0.10777401129943504,-0.42128813559322037,-0.008508474576271187,-0.003028248587570622,-0.17355932203389832,-0.28768361581920904,-0.002,-0.42666666666666664,-0.0021129943502824857,-0.057355932203389824,-0.0007683615819209039,-0.5389830508474577,-0.10659887005649718,-0.15989830508474578,-0.42435028248587575,-0.4347796610169492,-0.0014576271186440676
2024-09-13,-0.19308474576271187,-0.3801129943502825,-0.16693785310734466,-0.5416497175141244,-0.0006440677966101694,-0.0008022598870056496,-0.202135593220339,-0.06235028248587571,-0.6733333333333332,-0.0019096045197740112,-0.13722033898305086,-0.21463276836158193,-0.002361581920903955,-0.0008813559322033898,-0.00046327683615819204,-0.26585310734463274,-0.12872316384180793,-0.0032203389830508474,-0.31118644067796614,-0.0018418079096045197,-0.0006553672316384181,-0.00019209039548022597,-0.001559322033898305,-0.7108474576271187,-0.0021807909604519772,-0.34693785310734465,-0.4759322033898305,-0.00011299435028248587,-0.002418079096045198,-0.5473446327683615,-0.003265536723163842,-0.0022372881355932203,-0.00042937853107344635,-0.2834802259887006,-0.09453107344632769,-0.0011864406779661016,-0.08145762711864407,-0.28359322033898304,-0.0028361581920903953,-0.0001807909604519774,-0.0008361581920903955,-0.00103954802259887,-0.3037288135593221,-0.05491525423728814,-0.061627118644067794,-0.10458757062146894,-0.15977401129943503,-0.04587570621468927,-0.29333333333333333,-0.2906666666666667,-0.3506214689265537,-0.0029152542372881353,-0.0015819209039548022,-0.0003728813559322034,-0.002384180790960452,-0.0020677966101694915,-0.39258757062146893,-0.1228813559322034,-0.015638418079096047,-0.0015932203389830506,-0.23491525423728812,-0.005717514124293786,-0.0030508474576271187,-0.6664858757062146,-0.0016045197740112993,-0.11149152542372882,-0.38745762711864407,-0.36519774011299433,-0.0015254237288135593,-0.047265536723163845,-0.008576271186440679,-0.0028813559322033895,,-0.008192090395480226,-0.7777627118644068,-0.30400000000000005,-0.003367231638418079,-0.3263954802259887,-0.0033785310734463277,-0.003231638418079096,-0.0976271186440678,-0.19466666666666668,-0.19157062146892653,-0.2506779661016949,-0.03604519774011299,-0.5694915254237288,-0.22020338983050847,-0.0007118644067796609,-0.3630508474576271,-0.8,-0.06074576271186441,-0.4593785310734463,-0.0032768361581920905,-0.0021242937853107346,-0.002689265536723164,-0.009830508474576272,-0.11389830508474576,-0.10946892655367231,-0.001367231638418079,-0.9014237288135594,-0.03620338983050848,-0.06833898305084747,-0.026146892655367234,-0.8200677966101695,-0.0018531073446327682,-0.2745762711864407,-0.00014689265536723165,-0.12510734463276837,-0.02745762711864407,-0.06133333333333333,-0.30933333333333335,-0.24630508474576268,-0.0864858757062147,-0.21477966101694917,-0.0017062146892655365,-0.0029491525423728814,-0.0027231638418079096,-0.13475706214689265,-0.3147231638418079,-0.10659887005649718,-0.20414689265536723,-0.2514124293785311,-0.1397853107344633,-0.0021468926553672315,-0.18202259887005653,-0.37519774011299434,-0.1544293785310734,-0.5375706214689265,-0.6986666666666667,-0.30103954802259886,-0.002418079096045198,-0.5466666666666667,-0.001649717514124294,-0.14581920903954804,-0.0012768361581920902,-0.07240677966101695,-0.0022259887005649714,-0.18001129943502825,,-0.021502824858757062,-0.003062146892655367,-0.06881355932203391,-0.24084745762711865,-0.25216949152542373,-0.00303954802259887,-0.5031412429378531,-0.6089152542372881,-0.0023502824858757064,-0.40796610169491526,-0.18841807909604522,-0.002033898305084746,-0.8359322033898305,-0.0003502824858757062,-0.11766101694915256,-0.12097175141242937,-0.0006666666666666666,-0.5333333333333333,-0.5403050847457628,-0.0005762711864406779,-0.6175819209039548,-0.27466666666666667,-0.002327683615819209,-0.24412429378531073,-0.2715819209039548,-0.00033898305084745765,-0.3506214689265537,-0.6778983050847457,-0.0028022598870056496,-0.6687683615819209,-0.007819209039548023,-0.6528813559322034,-0.0011412429378531072,-0.0010508474576271186,-0.3735593220338983,-0.25744632768361586,-0.3833898305084746,-0.0006892655367231638,,-0.15254237288135591,-0.04096045197740113,-0.21520903954802262,-0.11866666666666667,-0.3129378531073447,-0.2886214689265537,-0.20012429378531074,-0.12369491525423729,-0.10861016949152542,-0.17498305084745763,-0.5629830508474576,-0.00319774011299435,-0.43200000000000005,-0.5272542372881356,-0.49456497175141245,-0.17096045197740115,-0.2614689265536723,-0.09814689265536723,-0.0011186440677966101,-0.3309604519774011,-0.5644067796610169,-0.5336610169491526,-0.6406779661016949,-0.08346892655367233,-0.11184180790960452,-0.6710508474576271,-0.11305084745762713,-0.29322033898305083,-0.10760451977401131,-0.0016271186440677966,,-0.24839548022598873,-0.1950960451977401,-0.7032542372881355,-0.08447457627118646,-0.2031638418079096,-0.0029717514124293787,-0.0021016949152542373,-0.1116271186440678,-0.002745762711864407,-0.26666666666666666,-0.5112768361581921,-0.0010847457627118644,-0.24638418079096047,-0.2678079096045198,-0.002983050847457627,-0.003175141242937853,-0.17788700564971752,-0.0006101694915254237,-0.65554802259887,-0.38021468926553675,-0.2715254237288136,-0.0017853107344632767,-0.0019322033898305083,-0.45152542372881355,-0.4133333333333334,-0.16593220338983053,-0.15638418079096045,-0.0030056497175141245,-0.3948700564971751,-0.002214689265536723,-0.04336723163841808,-0.07642937853107346,-0.13073446327683616,-0.21520903954802262,-0.30638418079096047,-0.1720225988700565,-0.46133333333333326,-0.012067796610169492,-0.002418079096045198,-0.26649717514124294,-0.6133333333333334,-0.4186666666666667,-0.33333333333333337,-0.23833898305084747,-0.27361581920903955,-0.5797514124293786,-0.5545988700564971,-0.21520903954802262,-0.5395254237288135,-0.003016949152542373,-0.13274576271186442,-0.08548022598870057,,-0.68845197740113,-0.20816949152542372,-0.3487683615819209,-0.39649717514124294,-0.576,-0.15723163841807908,-0.46571751412429374,-0.03909604519774011,-0.00032768361581920905,-0.16894915254237292,-0.16029378531073443,-0.0017966101694915255,-0.013683615819209039,-0.022937853107344634,-0.06841807909604519,-0.002711864406779661,-0.14836158192090396,-0.0004519774011299435,-0.05229378531073447,-0.10372881355932202,-0.06737853107344632,-0.21319774011299436,-0.042881355932203394,-0.11136723163841808,-0.48497175141242943,-0.2795706214689266,-0.5831864406779662,-0.002056497175141243,-0.10577401129943503,-0.000519774011299435,-0.6642033898305084,-0.003152542372881356,-0.9242033898305085,-0.0020112994350282485,-0.0030282485875706214,-0.27729943502824855,-0.1552090395480226,-0.0006779661016949153
2024-09-18,-0.2575593220338983,-0.6348022598870057,-0.22055367231638418,-0.5332881355932203,-0.0008022598870056496,-0.003141242937853107,-0.0009378531073446327,-0.00041807909604519775,-0.7840677966101696,-0.0030734463276836156,-0.7265084745762712,-0.5542485875706215,-0.0012655367231638418,-0.0011525423728813559,-0.0006553672316384181,-0.002497175141242938,-0.0011751412429378532,-0.7419661016949153,-0.17298305084745763,-0.0029152542372881353,-0.0008135593220338983,-0.0008361581920903955,-0.00033898305084745765,-0.3349152542372882,-0.003299435028248588,-0.16282485875706212,-0.8910847457627118,-0.00103954802259887,-0.04292655367231638,-0.2847796610169491,-0.193909604519774,-0.0011638418079096045,-0.001231638418079096,-0.19094915254237288,-0.0031073446327683613,-0.00311864406779661,-0.000824858757062147,-0.8072542372881356,-0.3848587570621469,-0.0018531073446327682,-0.002598870056497175,-0.0011864406779661016,-0.364045197740113,-0.0006779661016949153,-0.0006666666666666666,-0.0022372881355932203,-0.0022485875706214687,-0.00592090395480226,-0.0027231638418079096,-0.30183050847457626,-0.35790960451977405,-0.00038418079096045195,-0.0008700564971751411,-0.003175141242937853,-0.000983050847457627,-0.00028248587570621464,-0.0026101694915254235,-0.001615819209039548,-0.001016949152542373,-0.0015141242937853107,-0.09583050847457628,-0.0010621468926553673,-0.08998870056497175,-0.0768813559322034,-0.14062146892655367,-0.0010282485875706216,-0.7104180790960452,-0.4683502824858757,-0.0002937853107344633,-0.0025536723163841805,-0.016282485875706215,-0.013322033898305084,,-0.0006440677966101694,-0.1338870056497175,-0.3514576271186441,-0.7165423728813559,-0.7066666666666667,-0.0023954802259887006,-0.30268926553672315,-0.15715254237288137,-0.3426440677966102,-0.30048587570621466,-0.3088248587570621,-0.0015819209039548022,-0.6824293785310734,-0.09621468926553672,-0.0002711864406779661,-0.6491751412429378,-0.32655367231638416,-0.0015706214689265535,-0.6300112994350283,-0.35177401129943503,-0.0008813559322033898,-0.00040677966101694915,-0.0012768361581920902,-0.0006327683615819209,-0.0004519774011299435,-5.649717514124294e-05,-0.32328813559322034,-0.0017401129943502823,-0.4867570621468926,-0.00042937853107344635,-0.37553672316384185,-0.0004745762711864407,-0.300090395480226,-0.0007457627118644068,-0.000847457627118644,-0.23535593220338985,-0.2457175141242938,-0.003367231638418079,-0.000519774011299435,-0.0027796610169491523,-0.22996610169491527,-0.0003615819209039548,-0.16770621468926553,-0.22088135593220337,-0.0021920903954802257,-0.5178305084745763,-0.002790960451977401,-0.001559322033898305,-0.2188361581920904,-0.19538983050847458,-0.0031638418079096044,-0.0002485875706214689,-0.27976271186440677,-0.4381468926553672,-0.6286101694915255,-0.8507796610169492,-0.4908474576271187,-0.0016045197740112993,-0.6475819209039548,-0.0007005649717514124,-0.0020225988700564974,-0.002903954802259887,-0.0009717514124293786,-0.00015819209039548022,-0.0005875706214689266,,-0.00207909604519774,-0.06661016949152541,-0.0032429378531073447,-0.0017288135593220338,-0.30677966101694915,-0.374497175141243,-0.5023841807909605,-0.8571525423728813,-0.002056497175141243,-0.046372881355932205,-0.34933333333333333,-0.0010056497175141242,-0.6531073446327683,-0.002169491525423729,-0.00014689265536723165,-0.07253107344632768,-0.0016271186440677966,-0.09877966101694916,-0.3552090395480226,-0.0002598870056497175,-0.21986440677966104,-0.23315254237288136,-3.389830508474576e-05,-0.38040677966101694,-0.2663389830508474,-0.0025310734463276836,-0.5358418079096045,-0.9568022598870056,-0.3833785310734463,-0.9208813559322034,-0.00011299435028248587,-0.8276271186440678,-0.0007909604519774011,-0.0006214689265536722,-0.16289265536723163,-0.3333672316384181,-0.5459435028248588,-0.0005649717514124293,,-0.376135593220339,-0.001988700564971751,-0.0030847457627118644,-0.0009943502824858756,-0.23387570621468923,-0.3006440677966102,-0.1184180790960452,-0.0009152542372881356,-0.17170621468926553,-0.29012429378531074,-0.23338983050847456,-0.34154802259887,-0.41926553672316386,-0.5985762711864407,-0.4213107344632768,-0.32416949152542374,-0.4540338983050847,-0.07105084745762712,-0.0009491525423728814,-0.23979661016949153,-0.6105762711864408,-0.6311864406779661,-0.6185423728813559,-0.00039548022598870055,-0.0025649717514124293,-0.14392090395480225,-0.0030056497175141245,-0.26644067796610166,-0.0015932203389830506,-0.0015254237288135593,,-0.7162485875706215,-0.001864406779661017,-0.4878644067796611,-0.0011412429378531072,-0.002418079096045198,-0.6644745762711864,-0.0024519774011299436,-0.0022824858757062145,-0.3670960451977401,-0.17170621468926553,-0.2910508474576271,-0.001807909604519774,-0.5235706214689265,-0.7770508474576271,-0.6419887005649717,-0.37745762711864406,-0.0012542372881355931,-0.0021581920903954803,-0.8543389830508474,-0.796271186440678,-0.42949152542372876,-0.0020451977401129947,-0.0019096045197740112,-0.3473446327683616,-0.6414915254237288,-0.09473446327683616,-0.0031299435028248586,-0.17170621468926553,-0.5821016949152543,-0.0019322033898305083,-0.7186440677966102,-0.0022259887005649714,-0.3078870056497175,-0.26199999999999996,-0.23724293785310732,-0.28124293785310733,-0.6492203389830509,-0.0008587570621468927,-0.0019209039548022599,-0.6252203389830508,-0.36880225988700566,-0.0022033898305084745,-0.5006553672316384,-0.0004858757062146893,-0.5808361581920903,-0.49300564971751404,-0.2761016949152542,-0.17170621468926553,-0.7956836158192091,-0.5581468926553672,-0.31824858757062147,-0.0023728813559322033,,-0.3761694915254237,-0.27384180790960455,-0.3641129943502825,-0.680135593220339,-0.5831186440677966,-0.33305084745762714,-0.5299322033898305,-0.0004406779661016949,-0.0027005649717514123,-0.3210960451977401,-0.3019661016949153,-0.0017514124293785311,-0.00030508474576271185,-0.002485875706214689,-0.028124293785310738,-0.4233446327683616,-0.0008926553672316383,-0.0007570621468926553,-0.3700564971751413,-0.909457627118644,-0.0021129943502824857,-0.01184180790960452,-0.0006101694915254237,-0.7376045197740113,-0.03484745762711865,-0.0347683615819209,-0.7265084745762712,-0.0001807909604519774,-0.04355932203389831,-0.00022598870056497175,-0.016474576271186443,-0.00296045197740113,-0.5094237288135594,-7.909604519774011e-05,-0.04294915254237289,-0.07549152542372882,-0.0005988700564971751,-0.0024406779661016948
2024-09-19,-0.18677966101694915,-0.7842598870056497,-0.2625988700564972,-0.7665536723163843,-0.0026440677966101697,-0.3651864406779661,-0.0013333333333333333,-0.002745762711864407,-0.627864406779661,-0.48333333333333334,-0.5958757062146893,-0.7445423728813559,-0.0012994350282485875,-0.15138983050847457,-0.0028587570621468926,-0.49118644067796613,-0.24187570621468926,-0.524406779661017,-0.3820338983050847,-0.13124293785310734,-0.0027796610169491523,-0.10788700564971751,-0.00013559322033898305,-0.30142372881355933,-0.4741016949152542,-0.06107344632768362,-0.6437853107344633,-0.0030508474576271187,-0.002033898305084746,-0.5220338983050847,-0.35994350282485876,-0.21440677966101698,-0.060033898305084744,-0.2944858757062147,-0.5702033898305084,-0.04158192090395481,-0.002870056497175141,-0.7815254237288136,-0.028135593220338984,-0.19750282485875706,-0.15922033898305085,-0.19621468926553673,-0.28135593220338984,-0.0011638418079096045,-0.002135593220338983,-0.23101694915254237,-0.045480225988700565,-0.0007457627118644068,-0.1447457627118644,-0.4826440677966102,-0.5338983050847458,-0.0005536723163841807,-0.0021581920903954803,-0.45016949152542374,-0.002293785310734463,-0.0013785310734463277,-0.3426440677966102,-0.036542372881355936,-0.003367231638418079,-0.06786440677966102,-0.0029378531073446326,-0.141819209039548,-0.0014124293785310734,-0.08836158192090396,-0.003254237288135593,-0.0028813559322033895,-0.06587570621468927,-0.6414915254237288,-0.0024745762711864405,-0.2111864406779661,-0.0010056497175141242,-0.0017175141242937854,,-0.0022824858757062145,-0.5976949152542373,-0.020610169491525426,-0.002994350282485876,-0.05925423728813559,-0.002259887005649717,-0.14581920903954804,-0.044237288135593224,-0.5509830508474576,-0.6904406779661018,-0.5932203389830508,-0.19489265536723163,-0.4281920903954803,-0.002056497175141243,-0.0016384180790960452,-0.08372881355932205,-0.008983050847457628,-0.06699435028248588,-0.42980790960451976,-0.09396610169491526,-0.2192542372881356,-0.0007005649717514124,-0.09309604519774012,-0.0015254237288135593,-0.001672316384180791,-0.0020451977401129947,-0.46711864406779663,-0.011310734463276836,-0.2088135593220339,-0.00015819209039548022,-0.4132203389830509,-0.000903954802259887,-0.015457627118644068,-0.2575367231638418,-0.0030734463276836156,-0.1736723163841808,-0.08440677966101695,-0.011977401129943504,-0.0031638418079096044,-0.37033898305084745,-0.4295367231638418,-0.0024406779661016948,-0.0023728813559322033,-0.2832768361581921,-0.06873446327683615,-0.3416949152542373,-0.018022598870056496,-0.14581920903954804,-0.09096045197740113,-0.05067796610169492,-0.05814689265536723,-0.0007570621468926553,-0.5833107344632769,-0.09728813559322033,-0.05694915254237288,-0.724632768361582,-0.6240677966101695,-0.08186440677966102,-0.6056384180790961,-0.0021016949152542373,-0.15051977401129943,-0.1572316384180791,-0.00296045197740113,-0.0006666666666666666,-0.0031864406779661012,,-0.2488361581920904,-0.00022598870056497175,-0.2925762711864407,-0.1988135593220339,-0.37813559322033896,-0.11045197740112994,-0.1906440677966102,-0.8474011299435029,-0.22090395480225988,-0.2383954802259887,-0.6477966101694915,-0.0019096045197740112,-0.020960451977401134,-0.2053333333333333,-0.0026101694915254235,-0.0018757062146892655,-0.21838418079096045,-0.3395593220338983,-0.46508474576271186,-0.0009491525423728814,-0.32654237288135596,-0.48205649717514126,-0.0005649717514124293,-0.03563841807909605,-0.0033559322033898304,-0.24709604519774012,-0.6809943502824859,-0.7935028248587571,-0.10503954802259888,-0.8234463276836158,-0.003062146892655367,-0.35932203389830514,-0.1670508474576271,-0.0032429378531073447,-0.00010169491525423729,-0.05898305084745763,-0.13654237288135593,-0.003152542372881356,,-0.033762711864406776,-0.154,-0.09830508474576272,-0.002983050847457627,-0.03416949152542373,-0.13271186440677968,-0.001344632768361582,-0.0016610169491525423,-0.04418079096045198,-0.14067796610169492,-0.45488135593220336,-0.08628248587570621,-0.36003389830508475,-0.2705084745762712,-0.37398870056497174,-0.14581920903954804,-0.3112994350282486,-0.2131638418079096,-0.001887005649717514,-0.3826440677966102,-0.29644067796610174,-0.0688135593220339,-0.15570621468926554,-0.0005423728813559322,-0.5274915254237288,-0.19694915254237289,-0.5045649717514125,-0.1516271186440678,-0.1468361581920904,-0.17140112994350282,,-0.11077966101694917,-0.0948587570621469,-0.452135593220339,-0.0028022598870056496,-0.16693785310734466,-0.4371751412429379,-0.17858757062146893,-0.11796610169491525,-0.3282485875706215,-0.029943502824858758,-0.3507570621468926,-0.17836158192090396,-0.13138983050847458,-0.7728813559322034,-0.32375141242937855,-0.3850282485875706,-0.1183276836158192,-0.22534463276836156,-0.2605084745762712,-0.3114124293785311,-0.15071186440677967,-0.34570621468926555,-0.26118644067796615,-0.408135593220339,-0.4018983050847458,-0.18445197740112995,-0.380135593220339,-0.027288135593220342,-0.22928813559322037,-0.2689830508474576,-0.8177514124293785,-0.2507909604519774,-0.1087909604519774,-0.18186440677966104,-0.18451977401129943,-0.1425536723163842,-0.10316384180790959,-0.07482485875706214,-0.17022598870056496,-0.053389830508474574,-0.17862146892655367,-0.27948022598870054,-0.0953220338983051,-0.0025762711864406778,-0.03630508474576271,-0.697683615819209,-0.3516610169491525,-0.1348587570621469,-0.7216384180790961,-0.09016949152542374,-0.10649717514124295,-0.05406779661016949,,-0.22928813559322037,-0.23491525423728812,-0.5749378531073446,-0.6677401129943503,-0.5928813559322035,-0.3349152542372882,-0.2455367231638418,-0.0017853107344632767,-0.24013559322033898,-0.506135593220339,-0.18097175141242938,-0.30638418079096047,-0.001988700564971751,-0.08700564971751412,-0.0018983050847457628,-0.688135593220339,-0.252090395480226,-0.0014350282485875705,-0.638542372881356,-0.11977401129943503,-0.14268926553672315,-0.0002937853107344633,-0.0011525423728813559,-0.288542372881356,-0.11136723163841808,-0.0022033898305084745,-0.5509604519774011,-0.002418079096045198,-0.03638418079096045,-0.0026779661016949154,-0.04959322033898305,-0.0013898305084745761,-0.553954802259887,-0.0030056497175141245,-0.0014915254237288136,-0.003299435028248588,-0.0015706214689265535,-0.23259887005649718
2024-09-20,-0.3355743243243243,-0.8366666666666668,-0.4363963963963964,-0.7829617117117118,-0.16826576576576577,-0.16603603603603603,-0.05304054054054054,-0.07121621621621622,-0.6825,-0.1136036036036036,-0.29961711711711714,-0.367454954954955,-0.04119369369369369,-0.12358108108108107,-0.09635135135135135,-0.568141891891892,-0.14415540540540542,-0.6472860360360361,-0.1575,-0.029324324324324327,-0.2434009009009009,-0.025135135135135135,-0.003018018018018018,-0.31459459459459455,-0.159481981981982,-0.0007319819819819821,-0.3985472972972973,-0.09984234234234235,-0.030709459459459458,-0.09610360360360361,-0.2725,-0.2161036036036036,-0.002725225225225225,-0.6160810810810811,-0.3102252252252252,-0.2900337837837838,-0.04067567567567568,-0.7424999999999999,-0.13195945945945947,-0.04957207207207207,-0.33211711711711717,-0.14236486486486485,-0.41277027027027025,-0.02939189189189189,-0.013265765765765767,-0.40820945945945947,-0.030743243243243245,-0.0033783783783783786,-0.1912837837837838,-0.4720382882882883,-0.6900000000000001,-0.003096846846846847,-0.09326576576576576,-0.4369369369369369,-0.2502252252252252,-0.06283783783783783,-0.6799999999999999,-0.002612612612612613,-0.06818693693693693,-0.06655405405405405,-0.015585585585585586,-0.0397972972972973,-0.008783783783783784,-0.28320945945945947,-0.25123873873873875,-0.11797297297297296,-0.31950450450450446,-0.5540090090090091,-0.037162162162162164,-0.07382882882882884,-7.882882882882884e-05,-0.01114864864864865,-0.4625,-0.011869369369369368,-0.26287162162162164,-0.0008671171171171172,-0.0010135135135135136,-0.36626126126126124,-0.0788963963963964,-0.11101351351351352,-0.00033783783783783786,-0.6585923423423423,-0.514436936936937,-0.585,-0.01536036036036036,-0.30527027027027026,-0.05686936936936937,-0.014527027027027028,-0.3876914414414414,-0.02403153153153153,-0.004054054054054054,-0.21000000000000002,-0.14786036036036038,-0.595,-0.0028603603603603606,-0.010472972972972974,-0.10752252252252252,-0.044684684684684686,-0.05777027027027027,-0.3278828828828829,-0.00231981981981982,-0.12081081081081081,-0.0003490990990990991,-0.7150000000000001,-0.016058558558558558,-0.09396396396396398,-0.030506756756756757,-0.3214527027027027,-0.009076576576576578,-0.008108108108108109,-0.06702702702702702,-0.15546171171171172,-0.6444594594594595,-0.39,-0.06993243243243243,-0.11577702702702704,-0.059560810810810806,-0.06452702702702703,-0.42000000000000004,-0.0009572072072072072,-0.16833333333333333,-0.0775,-0.0008445945945945946,-0.28548423423423425,-0.003265765765765766,-0.3175,-0.35236486486486485,-0.30202702702702705,-0.09045045045045046,-0.651036036036036,-0.002072072072072072,-0.6190202702702703,-0.1922184684684685,-0.303704954954955,-0.2449774774774775,-0.2651126126126126,-0.0030405405405405407,-0.2941779279279279,,-0.1441891891891892,-0.003029279279279279,-0.4656193693693693,-0.11745495495495496,-0.8112274774774775,-0.18013513513513513,-0.0033558558558558563,-0.4324662162162162,-0.09781531531531533,-0.11689189189189189,-0.7660022522522523,-0.08308558558558558,-0.38450450450450446,-0.10235360360360361,-0.09594594594594595,-0.0013513513513513514,-0.10691441441441442,-0.7325,-0.51,-0.0016891891891891893,-0.7,-0.5125,-0.0021846846846846845,-0.043243243243243246,-0.4375,-0.5338063063063063,-0.8338400900900901,-0.4889977477477478,-0.032117117117117115,-0.7122972972972973,-0.017454954954954954,-0.2091666666666667,-0.05345720720720721,-0.23533783783783785,-0.0005518018018018018,-0.17454954954954954,-0.23679054054054052,-0.18432432432432433,,-0.013513513513513514,-0.05375,-0.09076576576576577,-0.17722972972972972,-0.002668918918918919,-0.08168918918918919,-0.13405405405405404,-0.10403153153153152,-0.06587837837837839,-0.24567567567567566,-0.28265765765765766,-0.18083333333333332,-0.38750000000000007,-0.2575,-0.26871621621621616,-0.21951576576576576,-0.5182207207207207,-0.005686936936936937,-0.18502252252252252,-0.655,-0.61,-0.4295495495495496,-0.2,-0.0019144144144144144,-0.021846846846846846,-0.14637387387387385,-0.5669256756756756,-0.35591216216216215,-0.2445382882882883,-0.3234009009009009,,-0.6073423423423423,-0.07601351351351351,-0.4575,-0.284009009009009,-0.25818693693693695,-0.5059572072072073,-0.16492117117117117,-0.14731981981981981,-0.408536036036036,-0.622635135135135,-0.53,-0.3943130630630631,-0.28638513513513514,-0.788614864864865,-0.2709009009009009,-0.1129954954954955,-0.07550675675675676,-0.21813063063063065,-0.40249999999999997,-0.587927927927928,-0.4362612612612613,-0.2948986486486486,-0.2550450450450451,-0.27417792792792794,-0.35614864864864865,-0.17695945945945946,-0.5833108108108108,-0.0032545045045045047,-0.25326576576576576,-0.6075,-0.3391891891891892,-0.18792792792792795,-0.20245495495495497,-0.22520270270270273,-0.34283783783783783,-0.3791554054054054,-0.23243243243243242,-0.00022522522522522523,-0.17144144144144144,-0.4071734234234234,-0.1792342342342342,-0.5614639639639639,-0.09774774774774775,-0.09006756756756756,-0.3210472972972973,-0.8140540540540541,-0.4871846846846846,-0.36027027027027025,-0.7999211711711712,-0.3657882882882883,-0.2991328828828829,-0.0025,,-0.33894144144144145,-0.29195945945945945,-0.6020608108108109,-0.14980855855855857,-0.29679054054054055,-0.19220720720720721,-0.19443693693693695,-0.009797297297297298,-0.2809346846846847,-0.6501126126126127,-0.2272072072072072,-0.03506756756756756,-0.00472972972972973,-0.04087837837837838,-0.03412162162162163,-0.715123873873874,-0.1133108108108108,-0.05795045045045045,-0.8310135135135136,-0.2675,-0.146722972972973,-0.002443693693693694,-0.002027027027027027,-0.6532207207207207,-0.08238738738738738,-0.0181981981981982,-0.26852477477477477,-0.07635135135135135,-0.0030405405405405407,-0.01283783783783784,-0.001114864864864865,-0.08108108108108109,-0.13567567567567568,-0.013175675675675676,-0.04695945945945946,-0.22329954954954953,-0.042229729729729736,-0.24986486486486487
2024-09-23,-0.5032995495495496,-0.7552702702702703,-0.6895945945945946,-0.45972972972972975,-0.15022522522522525,-0.4732094594594595,-0.11914414414414415,-0.11148648648648649,-0.6923310810810811,-0.44222972972972974,-0.08675675675675676,-0.5856081081081081,-0.001509009009009009,-0.21860360360360362,-0.1699099099099099,-0.3885810810810811,-0.4120945945945946,-0.5555067567567568,-0.12872747747747748,-0.17466216216216215,-0.22844594594594594,-0.0007545045045045045,-0.10603603603603605,-0.46029279279279284,-0.6043806306306306,-0.0020833333333333337,-0.4268918918918919,-0.22896396396396396,-0.0018806306306306307,-0.048693693693693696,-0.12635135135135137,-0.3664189189189189,-0.23310810810810811,-0.4843581081081081,-0.5748986486486487,-0.23252252252252253,-0.1910135135135135,-0.7114864864864865,-0.13846846846846847,-0.06614864864864865,-0.3387837837837838,-0.11499999999999999,-0.050765765765765775,-0.0012387387387387387,-0.0017905405405405407,-0.6212274774774775,-0.002162162162162162,-0.45275900900900906,-0.10878378378378378,-0.4241554054054055,-0.5144594594594595,-0.13716216216216215,-0.0327027027027027,-0.49066441441441444,-0.22207207207207205,-0.05871621621621621,-0.3694256756756757,-0.006936936936936937,-0.2983783783783784,-0.17373873873873874,-0.001813063063063063,-0.0018693693693693696,-0.002015765765765766,-0.21135135135135136,-0.2906081081081081,-0.0066891891891891885,-0.030822072072072073,-0.7908445945945947,-0.04855855855855856,-0.0018018018018018018,-0.002398648648648649,-0.002027027027027027,-0.6293918918918919,-0.0008671171171171172,-0.016418918918918918,-7.882882882882884e-05,-0.00028153153153153153,-0.4442004504504505,-0.01436936936936937,-0.370990990990991,-0.0007657657657657658,-0.17513513513513515,-0.24081081081081082,-0.20966216216216216,-0.09513513513513513,-0.08193693693693693,-0.0404054054054054,-0.000427927927927928,-0.032635135135135135,-0.18752252252252252,-0.0005630630630630631,-0.030101351351351353,-0.15756756756756757,-0.1927927927927928,-0.04765765765765765,-0.0023423423423423427,-0.11445945945945946,-0.14864864864864866,-0.031216216216216217,-0.5390878378378378,-0.003963963963963964,-0.3077027027027027,-4.504504504504505e-05,-0.0054729729729729735,-0.00016891891891891893,-0.003108108108108108,-0.07060810810810811,-0.27040540540540536,-0.00045045045045045046,-0.0008333333333333334,-0.18135135135135136,-0.03263513513513514,-0.14777027027027026,-0.6020270270270269,-0.1346846846846847,-0.1958108108108108,-0.21702702702702703,-0.46,-0.697804054054054,-0.0026351351351351355,-0.40871621621621623,-0.14765765765765765,-0.15022522522522525,-0.4025,-0.02304054054054054,-0.27472972972972975,-0.6723648648648649,-0.46414414414414423,-0.6675450450450451,-0.6485472972972973,-0.11914414414414415,-0.28459459459459463,-0.04833333333333333,-0.16861486486486488,-0.1441891891891892,-0.13324324324324324,-0.0222972972972973,-0.19373873873873873,,-0.30324324324324325,-0.04013513513513514,-0.6254391891891892,-0.13054054054054054,-0.6759121621621622,-0.08702702702702704,-0.000945945945945946,-0.3064864864864865,-0.08599099099099099,-0.11344594594594595,-0.4515202702702703,-0.0995945945945946,-0.23932432432432435,-0.15126126126126127,-0.033153153153153155,-0.00024774774774774777,-0.06423423423423423,-0.6622297297297297,-0.13736486486486488,-0.05648648648648649,-0.41594594594594597,-0.11219594594594594,-0.02774774774774775,-0.11198198198198199,-0.2626801801801802,-0.1397747747747748,-0.5035135135135135,-0.2818581081081081,-0.1441891891891892,-0.5089864864864865,-0.025270270270270272,-0.13688063063063063,-0.07506756756756756,-0.20617117117117117,-0.0014527027027027028,-0.34225225225225225,-0.3064076576576577,-0.1659009009009009,,-0.009065315315315316,-0.11941441441441442,-0.21554054054054053,-0.1071171171171171,-0.07184684684684685,-0.10405405405405406,-0.18130630630630631,-0.1047972972972973,-0.16945945945945945,-0.570686936936937,-0.5566891891891892,-0.24657657657657658,-0.22743243243243244,-0.1916328828828829,-0.22222972972972974,-0.4550788288288289,-0.37489864864864864,-0.0010585585585585586,-0.19725225225225224,-0.12531531531531534,-0.16692567567567568,-0.5601576576576577,-0.21344594594594596,-0.0005518018018018018,-0.4382432432432432,-0.11371621621621622,-0.4868018018018018,-0.5727927927927928,-0.432027027027027,-0.3411486486486487,,-0.6813851351351351,-0.39472972972972975,-0.1450337837837838,-0.3116666666666667,-0.6362162162162163,-0.30922297297297296,-0.2351801801801802,-0.372972972972973,-0.5454166666666667,-0.2578603603603604,-0.27713963963963967,-0.2846509009009009,-0.3916216216216216,-0.37763513513513514,-0.3822972972972973,-0.02952702702702703,-0.00014639639639639642,-0.29993243243243245,-0.5735585585585586,-0.3447972972972973,-0.5229504504504505,-0.41274774774774775,-0.3185810810810811,-0.38037162162162164,-0.1806081081081081,-0.003006756756756757,-0.5199324324324324,-0.29914414414414414,-0.5076576576576577,-0.3590765765765766,-0.4964414414414415,-0.26126126126126126,-0.2843918918918919,-0.3190990990990991,-0.6786486486486486,-0.6022747747747749,-0.4043130630630631,-0.00022522522522522523,-0.08547297297297297,-0.5566891891891892,-0.05878378378378378,-0.18074324324324326,-0.13006756756756757,-0.06193693693693694,-0.5094707207207207,-0.23533783783783785,-0.39040540540540547,-0.41064189189189193,-0.7251689189189189,-0.526463963963964,-0.36675675675675673,-0.2320720720720721,,-0.23376126126126126,-0.5791103603603603,-0.31469594594594597,-0.6603153153153154,-0.032837837837837835,-0.09971846846846848,-0.3299774774774775,-0.0010135135135135136,-0.3527027027027027,-0.07114864864864866,-0.4429054054054054,-0.0003941441441441442,-0.002466216216216216,-0.034189189189189194,-0.0001801801801801802,-0.8182094594594594,-0.30355855855855857,-0.001114864864864865,-0.31469594594594597,-0.0015540540540540542,-0.07707207207207206,-0.01635135135135135,-0.00011261261261261261,-0.804527027027027,-0.0019481981981981982,-0.001779279279279279,-0.3156981981981982,-0.273018018018018,-0.0031869369369369373,-0.011891891891891894,-0.2246846846846847,-0.017094594594594593,-0.0489527027027027,-0.020810810810810813,-0.04211711711711712,-0.5664752252252252,-0.001081081081081081,-0.06682432432432434
2024-09-24,-0.192027027027027,-0.0529054054054054,-0.09013513513513513,-0.07837837837837838,-0.08621621621621621,-0.44479729729729733,-0.31085585585585584,-0.2563175675675675,-0.047027027027027025,-0.15283783783783783,-0.12875,-0.3958108108108108,-0.027454954954954956,-0.27450450450450453,-0.13180180180180182,-0.5780405405405405,-0.12,-0.017635135135135135,-0.20182432432432432,-0.33173423423423426,-0.07783783783783783,-0.05361486486486486,-0.033445945945945944,-0.25472972972972974,-0.25277027027027027,-0.06578828828828828,-0.03722972972972973,-0.2447747747747748,-0.04377252252252252,-0.14990990990990993,-0.06774774774774775,-0.1939864864864865,-0.0707545045045045,-0.3252702702702703,-0.5055405405405405,-0.1872972972972973,-0.10903153153153154,-0.0019594594594594594,-0.09511261261261261,-0.12238738738738739,-0.35,-0.14498873873873874,-0.22712837837837835,-0.05490990990990991,-0.07718468468468467,-0.5035810810810811,-0.10013513513513513,-0.4506756756756757,-0.110990990990991,-0.20378378378378378,-0.10777027027027027,-0.08027027027027028,-0.05024774774774774,-0.048986486486486486,-0.245,-0.15682432432432433,-0.03918918918918919,-0.0017229729729729732,-0.4624324324324324,-0.11831081081081082,-0.0720045045045045,-0.2774774774774775,-0.07666666666666666,-0.4859459459459459,-0.36445945945945946,-0.0019481981981981982,-0.01635135135135135,-0.45263513513513515,-0.05206081081081081,-0.2133108108108108,-0.07588963963963964,-0.07096846846846847,-0.34878378378378383,-0.07614864864864865,-0.11963963963963965,-0.00014639639639639642,-0.0023423423423423427,-0.29783783783783785,-0.045585585585585585,-0.1890653153153153,-0.07355855855855856,-0.37,-0.5682432432432433,-0.5858783783783784,-0.14864864864864863,-0.33869369369369373,-0.0018018018018018018,-0.002759009009009009,-0.005202702702702703,-0.2972972972972973,-0.0031418918918918923,-0.1055518018018018,-0.0960135135135135,-0.2939189189189189,-0.1545945945945946,-0.06811936936936937,-0.05837837837837838,-0.08033783783783784,-0.06604729729729729,-0.003918918918918919,-0.0013626126126126126,-0.24689189189189187,-0.001204954954954955,-0.05333333333333334,-0.0012725225225225225,-0.054459459459459465,-0.13898648648648648,-0.40168918918918917,-0.002984234234234234,-0.07122747747747747,-0.017297297297297298,-0.06319819819819819,-0.09369369369369371,-0.387972972972973,-0.18210585585585584,-0.13802927927927927,-0.11364864864864864,-0.2609797297297297,-0.08621621621621621,-0.16692567567567565,-0.37166666666666665,-0.38342342342342345,-0.042916666666666665,-0.205,-0.09018018018018018,-0.529054054054054,-0.10385135135135135,-0.46047297297297296,-0.12932432432432434,-0.015675675675675675,-0.21306306306306308,-0.3546621621621622,-0.12472972972972973,-0.24504504504504504,-0.10954954954954957,-0.13333333333333333,-0.01010135135135135,-0.2508108108108108,,-0.4271621621621622,-0.06760135135135135,-0.3605405405405405,-0.05199324324324324,-0.13716216216216215,-0.21900900900900902,-0.005957207207207206,-0.18614864864864863,-0.10033783783783784,-0.2772184684684685,-0.29195945945945945,-0.1275900900900901,-0.006666666666666667,-0.16655405405405405,-0.07963963963963964,-0.0017905405405405407,-0.11594594594594596,-0.04114864864864865,-0.16166666666666665,-0.21182432432432433,-0.06662162162162162,-0.5133783783783783,-0.11743243243243243,-0.1654954954954955,-0.145,-0.2312162162162162,-0.050945945945945946,-0.005878378378378378,-0.16720720720720722,-0.009797297297297298,-0.15986486486486487,-0.0069594594594594595,-0.15162162162162163,-0.3127927927927928,-0.01761261261261261,-0.07207207207207207,-0.5525675675675675,-0.23486486486486488,,-0.0006756756756756757,-0.23166666666666666,-0.09993243243243244,-0.365,-0.07506756756756756,-0.038277027027027025,-0.15333333333333332,-0.29345720720720725,-0.08666666666666667,-0.17439189189189191,-0.22533783783783784,-0.16144144144144146,-0.48986486486486486,-0.45851351351351355,-0.35662162162162164,-0.08,-0.027432432432432433,-0.06268018018018018,-0.09657657657657658,-0.5231756756756757,-0.4761486486486487,-0.3625,-0.05682432432432432,-0.0015878378378378379,-0.456554054054054,-0.34449324324324326,-0.03527027027027027,-0.2743243243243243,-0.33166666666666667,-0.27,,-0.37817567567567567,-0.16864864864864867,-0.2866666666666667,-0.2135810810810811,-0.30371621621621625,-0.4291216216216216,-0.17635135135135135,-0.46,-0.5662837837837837,-0.115,-0.31547297297297294,-0.20333333333333334,-0.4369594594594594,-0.17243243243243242,-0.5310135135135134,-0.09216216216216216,-0.002567567567567568,-0.19315315315315315,-0.27824324324324323,-0.019594594594594596,-0.2860810810810811,-0.3683783783783784,-0.17166666666666666,-0.35074324324324324,-0.06074324324324324,-0.13912162162162162,-0.554527027027027,-0.21333333333333335,-0.25668918918918915,-0.2958783783783783,-0.08425675675675676,-0.24166666666666667,-0.2916666666666667,-0.021554054054054052,-0.3762162162162162,-0.19594594594594594,-0.2802027027027027,-0.002612612612612613,-0.07191441441441442,-0.22337837837837837,-0.08022522522522522,-0.5094594594594595,-0.37229729729729727,-0.22850225225225224,-0.3233108108108108,-0.1881081081081081,-0.3527027027027027,-0.12344594594594593,-0.24885135135135136,-0.4193243243243243,-0.36,-0.2810810810810811,,-0.4918243243243243,-0.3742567567567568,-0.4487162162162162,-0.0822972972972973,-0.058333333333333334,-0.16252252252252253,-0.3468243243243243,-0.06242117117117117,-0.2704054054054054,-0.12396396396396397,-0.054864864864864867,-0.0008896396396396396,-0.1704054054054054,-0.14405405405405405,-0.003029279279279279,-0.027432432432432433,-0.07054054054054054,-0.1851689189189189,-0.20574324324324322,-0.0013513513513513514,-0.007770270270270271,-0.0008445945945945946,-0.0006644144144144145,-0.07445945945945946,-0.06495495495495496,-0.0745945945945946,-0.2116216216216216,-0.10522522522522523,-0.14567567567567566,-0.001891891891891892,-0.20414414414414414,-0.14054054054054055,-0.23624999999999996,-0.06527027027027027,-0.13234234234234235,-0.46635135135135136,-0.07045045045045044,-0.08324324324324325
2024-09-25,-0.08686936936936937,-0.18288288288288287,-0.05355855855855855,-0.19006756756756757,-0.15806306306306306,-0.08948198198198198,-0.16067567567567567,-0.17569819819819818,-0.1868018018018018,-0.0613963963963964,-0.04768018018018018,-0.06596846846846847,-0.06614864864864865,-0.05943693693693694,-0.02189189189189189,-0.19268018018018016,-0.11430180180180181,-0.15414414414414412,-0.12932432432432434,-0.0006531531531531532,-0.0725,-0.07692567567567568,-0.03547297297297297,-0.1463063063063063,-0.14304054054054052,-0.08295045045045045,-0.13063063063063063,-0.03657657657657658,-0.05458333333333333,-0.07576576576576577,-0.05159909909909909,-0.08425675675675676,-0.17635135135135135,-0.02873873873873874,-0.009797297297297298,-0.0522972972972973,-0.10515765765765765,-0.06166666666666667,-0.09209459459459458,-0.06958333333333333,-0.012409909909909912,-0.14826576576576578,-0.10842342342342343,-0.11822072072072073,-0.07837837837837838,-0.054864864864864867,-0.04572072072072072,-0.005225225225225226,-0.15545045045045044,-0.12867117117117116,-0.12213963963963963,-0.11952702702702703,-0.08291666666666667,-0.10385135135135136,-0.0960135135135135,-0.07916666666666666,-0.05029279279279279,-0.017635135135135135,-0.11038288288288288,-0.15675675675675677,-0.026126126126126126,-0.041148648648648645,-0.08041666666666666,-0.015022522522522522,-0.05551801801801801,-0.12041666666666667,-0.08270270270270269,-0.002612612612612613,-0.16132882882882882,-0.1071171171171171,-0.0225,-0.024819819819819823,-0.14238738738738738,-0.08752252252252252,-0.16786036036036037,-0.002488738738738739,-0.003547297297297298,-0.13520270270270268,-0.0015202702702702701,-0.023513513513513513,-0.007184684684684685,-0.14695945945945946,-0.13585585585585586,-0.13454954954954954,-0.192027027027027,-0.05421171171171171,-0.1770045045045045,-0.11495495495495496,-0.007207207207207207,-0.006531531531531532,-0.1129954954954955,-0.19333333333333333,-0.10581081081081081,-0.14565315315315314,-0.08817567567567568,-0.04956081081081081,-0.08057432432432432,-0.1626351351351351,-0.09078828828828829,-0.0331981981981982,-0.03412162162162163,-0.015675675675675675,-0.009864864864864866,-0.10208333333333333,-0.018581081081081082,-0.0005743243243243243,-0.11887387387387388,-0.08033783783783784,-0.04506756756756757,-0.05747747747747748,-0.026509009009009012,-0.08164414414414414,-0.11103603603603603,-0.18222972972972973,-0.1045045045045045,-0.12736486486486487,-0.043108108108108105,-0.18157657657657658,-0.15022522522522525,-0.04708333333333333,-0.1802702702702703,-0.09666666666666666,-0.059166666666666666,-0.011756756756756756,-0.11,-0.06466216216216217,-0.04637387387387387,-0.13912162162162162,-0.1254054054054054,-0.07875,-0.16655405405405405,-0.19594594594594594,-0.09,-0.1508783783783784,-0.13846846846846847,-0.07903153153153153,-0.020810810810810813,-0.058130630630630634,,-0.03918918918918919,-0.04833333333333333,-0.09536036036036036,-0.1397747747747748,-0.08360360360360361,-0.016981981981981982,-0.0039864864864864865,-0.003918918918918919,-0.11626126126126127,-0.07054054054054054,-0.032004504504504504,-0.14891891891891892,-0.10416666666666667,-0.03331081081081081,-0.16981981981981983,-0.004256756756756757,-0.04245495495495496,-0.17896396396396397,-0.14042792792792794,-0.09405405405405405,-0.17112612612612613,-0.06792792792792793,-0.06763513513513514,-0.10254504504504504,-0.06858108108108107,-0.04049549549549549,-0.18614864864864863,-0.06590090090090091,-0.07445945945945946,-0.12018018018018017,-0.15153153153153154,-0.01722972972972973,-0.17961711711711711,-0.12801801801801801,-0.02153153153153153,-0.03135135135135135,-0.0013063063063063064,-0.013063063063063063,,-0.003873873873873874,-0.16198198198198197,-0.030045045045045043,-0.06009009009009009,-0.18092342342342344,-0.047432432432432434,-0.1547972972972973,-0.136509009009009,-0.16916666666666666,-0.16720720720720722,-0.09144144144144144,-0.041801801801801805,-0.024166666666666666,-0.1325900900900901,-0.0306981981981982,-0.1659009009009009,-0.18484234234234234,-0.07511261261261262,-0.05878378378378378,-0.07772522522522522,-0.01436936936936937,-0.07119369369369369,-0.01632882882882883,-0.04408783783783784,-0.1574099099099099,-0.03722972972972973,-0.0627027027027027,-0.1338963963963964,-0.18353603603603602,-0.1881081081081081,,-0.020900900900900903,-0.06923423423423423,-0.09666666666666666,-0.145,-0.06400900900900901,-0.07315315315315316,-0.03592342342342342,-0.09666666666666666,-0.020247747747747746,-0.12148648648648648,-0.12083333333333333,-0.18941441441441442,-0.052905405405405406,-0.09013513513513514,-0.004572072072072072,-0.12475225225225225,-0.1685135135135135,-0.18418918918918917,-0.16394144144144143,-0.11691441441441441,-0.11364864864864864,-0.18745495495495496,-0.1854954954954955,-0.06074324324324324,-0.02939189189189189,-0.04441441441441441,-0.027432432432432433,-0.033963963963963964,-0.1476126126126126,-0.10777027027027028,-0.017635135135135135,-0.19398648648648648,-0.10319819819819818,-0.1312837837837838,-0.1227927927927928,-0.17177927927927927,-0.03265765765765766,-0.020945945945945947,-0.16459459459459458,-0.007837837837837838,-0.14173423423423423,-0.026779279279279276,-0.0934009009009009,-0.08490990990990992,-0.07641891891891892,-0.09666666666666666,-0.039842342342342345,-0.15283783783783783,-0.06335585585585585,-0.05682432432432432,-0.008490990990990991,-0.025472972972972973,,-0.02286036036036036,-0.08882882882882882,-0.05617117117117117,-0.15218468468468468,-0.042916666666666665,-0.08621621621621621,-0.04376126126126126,-0.07375,-0.010450450450450451,-0.03853603603603603,-0.005878378378378378,-0.06962837837837837,-0.1267117117117117,-0.09666666666666666,-0.0019594594594594594,-0.04583333333333333,-0.06531531531531531,-0.11168918918918917,-0.03461711711711712,-0.000855855855855856,-0.02725225225225225,-0.0035923423423423425,-0.0011486486486486486,-0.09791666666666667,-0.0325,-0.009144144144144144,-0.06204954954954955,-0.09470720720720721,-0.19137387387387386,-0.030405405405405407,-0.01828828828828829,-0.08791666666666667,-0.019594594594594596,-0.15936936936936938,-0.15871621621621623,-0.13324324324324324,-0.021554054054054052,-0.07968468468468469
2024-09-26,-0.12432432432432435,-0.5866666666666667,-0.051891891891891896,-0.554954954954955,-0.12288288288288289,-0.09405405405405405,-0.30324324324324325,-0.3230630630630631,-0.3666666666666667,-0.10702702702702704,-0.05513513513513514,-0.09945945945945946,-0.20810810810810812,-0.5390990990990991,-0.11103603603603604,-0.49153153153153156,-0.2754954954954955,-0.25171171171171175,-0.5153153153153154,-0.12486486486486488,-0.04054054054054054,-0.4320720720720721,-0.02918918918918919,-0.3151351351351352,-0.552972972972973,-0.06702702702702704,-0.10306306306306308,-0.15405405405405406,-0.11297297297297297,-0.1464864864864865,-0.09027027027027028,-0.06486486486486487,-0.2536936936936937,-0.042702702702702704,-0.09621621621621623,-0.015315315315315317,-0.110990990990991,-0.07692567567567567,-0.06594594594594595,-0.36072072072072076,-0.14486486486486486,-0.5708108108108109,-0.3587387387387388,-0.04058558558558559,-0.09351351351351352,-0.13351351351351354,-0.009324324324324324,-0.10864864864864866,-0.09315315315315316,-0.17639639639639643,-0.18828828828828828,-0.07531531531531532,-0.24972972972972973,-0.10644144144144145,-0.14972972972972973,-0.5430630630630631,-0.11675675675675676,-0.008513513513513515,-0.15783783783783786,-0.3389189189189189,-0.1308108108108108,-0.05704954954954955,-0.17045045045045046,-0.006486486486486487,-0.08,-0.44792792792792796,-0.09711711711711712,-0.09725225225225226,-0.12684684684684686,-0.32504504504504506,-0.0691554054054054,-0.04556306306306306,-0.08486486486486487,-0.09513513513513513,-0.33693693693693694,-0.008986486486486487,-0.005878378378378378,-0.13873873873873874,-6.756756756756757e-05,-0.011351351351351353,-0.04584459459459459,-0.5906306306306306,-0.16162162162162164,-0.16216216216216217,-0.4637837837837838,-0.08756756756756758,-0.44594594594594594,-0.3468468468468469,-0.0005405405405405405,-0.11189189189189189,-0.37261261261261264,-0.3884684684684685,-0.10108108108108109,-0.5073873873873874,-0.05081081081081082,-0.07274774774774775,-0.11081081081081082,-0.48360360360360366,-0.10378378378378379,-0.0023423423423423427,-0.03393018018018018,-0.013513513513513514,-0.0325,-0.040923423423423415,-0.008288288288288289,-0.0028153153153153156,-0.12756756756756757,-0.1583783783783784,-0.03936936936936937,-0.1518918918918919,-0.013885135135135136,-0.13567567567567568,-0.08720720720720722,-0.21603603603603605,-0.2893693693693694,-0.19621621621621624,-0.03567567567567568,-0.23387387387387387,-0.26954954954954957,-0.010810810810810811,-0.16846846846846847,-0.004324324324324325,-0.010270270270270271,-0.007027027027027027,-0.26360360360360363,-0.13675675675675678,-0.04216216216216217,-0.2120720720720721,-0.332972972972973,-0.11295045045045045,-0.1526126126126126,-0.5252252252252252,-0.5172972972972973,-0.15063063063063065,-0.39045045045045046,-0.05297297297297297,-0.02415540540540541,-0.15621621621621623,,-0.1210810810810811,-0.03484234234234235,-0.07945945945945947,-0.17243243243243242,-0.060000000000000005,-0.11513513513513514,-0.01935810810810811,-0.04,-0.3190990990990991,-0.08108108108108109,-0.06108108108108108,-0.20414414414414414,-0.003963963963963964,-0.14270270270270272,-0.5093693693693694,-0.017894144144144145,-0.10540540540540541,-0.0990990990990991,-0.3745945945945946,-0.14864864864864866,-0.061441441441441445,-0.10432432432432433,-0.14270270270270272,-0.14162162162162162,-0.10486486486486486,-0.152972972972973,-0.5827027027027027,-0.008547297297297297,-0.0005405405405405407,-0.32900900900900903,-0.40234234234234234,-0.012882882882882883,-0.3547747747747748,-0.5133333333333333,-0.008637387387387388,-0.003783783783783784,-0.011891891891891892,-0.15243243243243243,,-0.00040540540540540544,-0.12486486486486487,-0.002702702702702703,-0.1437837837837838,-0.13477477477477479,-0.008108108108108109,-0.09513513513513515,-0.3409009009009009,-0.16054054054054057,-0.2398198198198198,-0.0032432432432432435,-0.015135135135135137,-0.08648648648648649,-0.02774774774774775,-0.0837837837837838,-0.06738738738738739,-0.0891891891891892,-0.1291891891891892,-0.13027027027027027,-0.11621621621621622,-0.12594594594594594,-0.021081081081081084,-0.00920045045045045,-0.09074324324324325,-0.28342342342342347,-0.03513513513513514,-0.1491891891891892,-0.334954954954955,-0.221981981981982,-0.43009009009009014,,-0.05621621621621622,-0.05027027027027027,-0.10108108108108108,-0.2576576576576577,-0.015675675675675675,-0.12054054054054054,-0.0627027027027027,-0.22792792792792796,-0.13945945945945948,-0.2437837837837838,-0.3627027027027027,-0.4816216216216217,-0.036216216216216214,-0.1254054054054054,-0.12324324324324325,-0.13675675675675678,-0.24774774774774777,-0.27945945945945944,-0.18234234234234234,-0.43405405405405406,-0.15855855855855858,-0.43801801801801804,-0.436036036036036,-0.08162162162162162,-0.13243243243243244,-0.05837837837837838,-0.12378378378378378,-0.05405405405405406,-0.045585585585585585,-0.10054054054054054,-0.006509009009009009,-0.5331531531531531,-0.10504504504504505,-0.07333333333333333,-0.40234234234234234,-0.19225225225225226,-0.016216216216216217,-0.05028153153153153,-0.2318918918918919,-0.024864864864864864,-0.12090090090090092,-0.11135135135135135,-0.08324324324324324,-0.1572972972972973,-0.022702702702702707,-0.06936936936936937,-0.12972972972972974,-0.2675675675675676,-0.0745945945945946,-0.03837837837837838,-0.014054054054054054,-0.02216216216216216,,-0.11567567567567569,-0.2774774774774775,-0.059459459459459456,-0.4875675675675676,-0.02615990990990991,-0.029729729729729728,-0.13783783783783785,-0.11405405405405407,-0.15351351351351353,-0.04864864864864865,-0.05777027027027027,-0.2556756756756757,-0.4935135135135135,-0.1091891891891892,-0.044932432432432425,-0.10950450450450451,-0.1475675675675676,-0.5212612612612613,-0.07783783783783783,-0.0031981981981981985,-0.16450450450450452,-0.02122747747747748,-0.004684684684684685,-0.01783783783783784,-0.027950450450450453,-0.1362162162162162,-0.12864864864864867,-0.10702702702702704,-0.007927927927927928,-0.04662162162162162,-0.014594594594594595,-0.3963963963963964,-0.1145945945945946,-0.5688288288288289,-0.2616216216216216,-0.3091891891891892,-0.07243243243243243,-0.04432432432432432
2024-09-27,-0.020180180180180182,-0.05076576576576577,-0.08387387387387388,-0.01355855855855856,-0.026171171171171174,-0.04540540540540541,-0.07,-0.035315315315315315,-0.003783783783783784,-0.035,-0.03941441441441442,-0.01891891891891892,-0.028693693693693696,-0.04288288288288288,-0.049504504504504505,-0.01828828828828829,-0.0390990990990991,-0.007567567567567568,-0.06842342342342343,-0.03310810810810811,-0.04130630630630631,-0.07567567567567568,-0.05990990990990991,-0.08166666666666667,-0.07126126126126127,-0.06905405405405406,-0.01954954954954955,-0.058963963963963965,-0.05171171171171171,-0.029324324324324327,-0.03405405405405405,-0.0718918918918919,-0.059594594594594597,-0.08702702702702704,-0.05707207207207208,-0.06873873873873874,-0.04792792792792794,-0.04698198198198198,-0.03184684684684685,-0.05202702702702704,-0.036261261261261266,-0.04225225225225225,-0.08765765765765766,-0.07914414414414415,-0.07283783783783784,-0.030270270270270273,-0.03594594594594595,-0.06306306306306306,-0.040990990990990996,-0.07315315315315316,-0.07031531531531532,-0.06621621621621622,-0.03436936936936937,-0.06337837837837838,-0.05738738738738739,-0.045720720720720726,-0.04351351351351352,-0.08954954954954955,-0.07094594594594594,-0.034684684684684684,-0.08828828828828829,-0.08198198198198199,-0.08009009009009009,-0.0383445945945946,-0.04162162162162163,-0.04761261261261261,-0.0554954954954955,-0.03153153153153153,-0.050450450450450456,-0.02301801801801802,-0.08261261261261262,-0.03815315315315315,-0.07882882882882884,-0.08891891891891891,-0.0822972972972973,-0.009403153153153153,-0.01509009009009009,-0.08103603603603604,-0.0023761261261261266,-0.007263513513513514,-0.09364864864864865,-0.09207207207207208,-0.09396396396396396,-0.09427927927927929,-0.0927027027027027,-0.07693693693693694,-0.0886036036036036,-0.09081081081081081,-0.006531531531531532,-0.04981981981981982,-0.08923423423423424,-0.07536036036036037,-0.053918918918918916,-0.06117117117117117,-0.06463963963963965,-0.08986486486486486,-0.0945945945945946,-0.0904954954954955,-0.04067567567567568,-0.010867117117117117,-0.09112612612612614,-0.08135135135135135,-0.09018018018018019,-0.09238738738738739,-0.0863963963963964,-0.01661036036036036,-0.09333333333333334,-0.09175675675675676,-0.08355855855855857,-0.08481981981981981,-0.0081981981981982,-0.0763063063063063,-0.060225225225225235,-0.008828828828828829,-0.0618018018018018,-0.025540540540540543,-0.02711711711711712,-0.0050450450450450456,-0.00945945945945946,-0.021126126126126125,-0.011351351351351352,-0.0073198198198198205,-0.013243243243243245,-0.00320945945945946,-0.06148648648648649,-0.07346846846846847,-0.0309009009009009,-0.008513513513513513,-0.024594594594594597,-0.06243243243243244,-0.01355855855855856,-0.0513963963963964,-0.026801801801801802,-0.04603603603603604,-0.02648648648648649,-0.05833333333333334,-0.04635135135135135,-0.03342342342342342,,-0.03815315315315315,-0.0655855855855856,-0.022387387387387388,-0.054549549549549554,-0.01355855855855856,-0.012927927927927928,-0.03783783783783784,-0.04887387387387388,-0.03657657657657658,-0.04666666666666667,-0.023333333333333334,-0.056126126126126136,-0.004166666666666667,-0.05297297297297298,-0.03247747747747748,-0.06747747747747748,-0.0472972972972973,-0.017972972972972973,-0.028063063063063068,-0.029954954954954954,-0.011981981981981984,-0.055180180180180186,-0.04918918918918919,-0.022072072072072072,-0.08545045045045045,-0.054864864864864867,-0.01355855855855856,-0.035630630630630634,-0.00686936936936937,-0.010090090090090091,-0.0636936936936937,-0.022702702702702703,-0.045090090090090094,-0.044144144144144144,-0.05108108108108109,-0.007094594594594595,-0.01756756756756757,-0.04824324324324325,,-0.004797297297297298,-0.044774774774774775,-0.0045045045045045045,-0.040045045045045045,-0.05328828828828829,-0.01072072072072072,-0.029639639639639642,-0.05013513513513514,-0.004414414414414414,-0.007252252252252252,-0.009234234234234234,-0.0059121621621621625,-0.06936936936936937,-0.03878378378378378,-0.05864864864864865,-0.010405405405405407,-0.00472972972972973,-0.08671171171171171,-0.0737837837837838,-0.05581081081081081,-0.07851351351351352,-0.000945945945945946,-0.04070945945945946,-0.06495495495495496,-0.03720720720720721,-0.062117117117117114,-0.040360360360360364,-0.0034684684684684686,-0.0031531531531531535,-0.017342342342342342,,-0.00536036036036036,-0.0066216216216216225,-0.044459459459459456,-0.02144144144144144,-0.0006306306306306307,-0.01355855855855856,-0.012297297297297298,-0.00031531531531531535,-0.027432432432432433,-0.0577027027027027,-0.059279279279279284,-0.02490990990990991,-0.0015765765765765767,-0.029009009009009008,-0.02427927927927928,-0.009774774774774776,-0.07725225225225225,-0.020810810810810813,-0.02396396396396397,-0.04256756756756757,-0.002837837837837838,-0.006936936936936937,-0.01355855855855856,-0.07504504504504506,-0.06054054054054055,-0.05644144144144145,-0.02774774774774775,-0.02175675675675676,-0.007882882882882882,-0.053603603603603604,-0.018074324324324327,-0.01355855855855856,-0.03121621621621622,-0.017657657657657658,-0.001891891891891892,-0.005675675675675676,-0.006756756756756757,-0.06432432432432433,-0.01355855855855856,-0.045101351351351356,-0.05423423423423424,-0.05234234234234235,-0.07662162162162163,-0.06590090090090091,-0.0040990990990991,-0.006306306306306307,-0.0740990990990991,-0.009144144144144144,-0.02364864864864865,-0.0012612612612612614,-0.009966216216216217,-0.002207207207207207,,-0.0681081081081081,-0.0025225225225225228,-0.08576576576576576,-0.05675675675675676,-0.08797297297297298,-0.03752252252252253,-0.04855855855855856,-0.08072072072072073,-0.058018018018018015,-0.030585585585585585,-0.04382882882882883,-0.07977477477477478,-0.06684684684684684,-0.07788288288288289,-0.07756756756756757,-0.06527027027027027,-0.07945945945945947,-0.0696846846846847,-0.017027027027027027,-0.011486486486486487,-0.0431981981981982,-0.08513513513513514,-0.03783783783783784,-0.0722072072072072,-0.0677927927927928,-0.06274774774774775,-0.06400900900900901,-0.02837837837837838,-0.01722972972972973,-0.07472972972972974,-0.04679054054054054,-0.08324324324324325,-0.07441441441441442,-0.08608108108108109,-0.04193693693693694,-0.08292792792792794,-0.07252252252252253,-0.0781981981981982
2024-09-30,-0.06423423423423423,-0.0006981981981981982,-0.06947072072072072,-0.0006981981981981982,-0.05445945945945946,-0.024087837837837838,-0.014662162162162163,-0.06493243243243244,-0.01206081081081081,-0.053412162162162165,-0.021644144144144145,-0.02304054054054054,-0.07575450450450451,-0.0006981981981981982,-0.005236486486486487,-0.01920045045045045,-0.056903153153153155,-0.07086711711711711,-0.017454954954954954,-0.05864864864864865,-0.061790540540540534,-0.06563063063063064,-0.0768018018018018,-0.009774774774774776,-0.006981981981981982,-0.01954954954954955,-0.08168918918918919,-0.044335585585585584,-0.06702702702702702,-0.03072072072072072,-0.04503378378378378,-0.05376126126126126,-0.058299549549549544,-0.06388513513513513,-0.03630630630630631,-0.08099099099099098,-0.0750563063063063,-0.012218468468468469,-0.07261261261261262,-0.07191441441441442,-0.05760135135135135,-0.04119369369369369,-0.07331081081081081,-0.06737612612612612,-0.0743581081081081,-0.08902027027027026,-0.08832207207207207,-0.054808558558558554,-0.08518018018018018,-0.06074324324324324,-0.03281531531531532,-0.052364864864864864,-0.046430180180180185,-0.010123873873873873,-0.05411036036036036,-0.050619369369369366,-0.021295045045045046,-0.048873873873873874,-0.0006981981981981982,-0.04259009009009009,-0.04677927927927928,-0.028975225225225224,-0.01152027027027027,-0.03351351351351351,-0.03386261261261261,-0.06877252252252251,-0.08273648648648649,-0.036655405405405406,-0.08308558558558558,-0.05271396396396396,-0.0380518018018018,-0.06248873873873874,-0.008378378378378378,-0.02722972972972973,-0.06353603603603604,-0.06981981981981981,-0.07470720720720721,-0.05655405405405406,-0.0795945945945946,-0.02493243243243243,-0.09390765765765766,-0.09320945945945946,-0.023738738738738736,-0.04398648648648648,-0.09774774774774775,-0.09111486486486486,-0.10228603603603603,-0.09739864864864865,-0.10054054054054054,-0.10403153153153152,-0.10123873873873873,-0.09949324324324324,-0.08936936936936937,-0.09286036036036037,-0.09844594594594594,-0.09914414414414414,-0.09984234234234235,-0.09635135135135135,-0.08657657657657658,-0.09181306306306307,-0.09670045045045045,-0.09041666666666666,-0.10438063063063063,-0.09600225225225224,-0.047826576576576574,-0.09530405405405405,-0.09216216216216216,-0.01989864864864865,-0.09355855855855856,-0.09425675675675675,-0.08692567567567568,-0.09879504504504505,-0.08971846846846847,-0.009425675675675675,-0.0397972972972973,-0.08343468468468468,-0.027578828828828825,-0.014493243243243244,-0.043637387387387386,-0.0799436936936937,-0.04573198198198198,-0.0761036036036036,-0.06737612612612612,-0.0013513513513513514,-0.0390990990990991,-0.0006981981981981982,-0.020247747747747746,-0.033164414414414416,-0.08867117117117117,-0.0006981981981981982,-0.0771509009009009,-0.013265765765765767,-0.06283783783783783,-0.04224099099099099,-0.06632882882882883,-0.04747747747747747,-0.03386261261261261,-0.02199324324324324,,-0.04049549549549549,-0.045382882882882884,-0.051317567567567564,-0.06842342342342342,-0.05969594594594594,-0.03490990990990991,-0.044684684684684686,-0.017105855855855855,-0.08203828828828828,-0.05306306306306307,-0.029673423423423422,-0.0384009009009009,-0.011655405405405406,-0.01536036036036036,-0.06667792792792793,-0.05725225225225225,-0.048175675675675676,-0.060394144144144145,-0.0788963963963964,-0.03141891891891892,-0.018750000000000003,-0.0006981981981981982,-0.055855855855855854,-0.020596846846846845,-0.024436936936936937,-0.05201576576576576,-0.0006981981981981982,-0.08413288288288288,-0.01560810810810811,-0.07365990990990991,-0.025833333333333333,-0.04293918918918919,-0.01850225225225225,-0.05096846846846847,-0.08727477477477477,-0.023006756756756758,-0.07016891891891892,-0.012916666666666667,,-0.02827702702702703,-0.06144144144144144,-0.023614864864864863,-0.010472972972972974,-0.03246621621621622,-0.0015202702702702704,-0.07296171171171172,-0.017804054054054056,-0.006587837837837838,-0.010945945945945947,-0.023310810810810812,-0.051666666666666666,-0.011171171171171172,-0.010822072072072073,-0.009076576576576578,-0.03176801801801802,-0.009020270270270272,-0.040844594594594594,-0.026531531531531535,-0.005585585585585586,-0.006632882882882884,-0.007804054054054054,-0.0785472972972973,-0.07121621621621622,-0.03875,-0.037353603603603604,-0.0006981981981981982,-0.016058558558558558,-0.01033783783783784,-0.04608108108108108,,-0.003445945945945946,-0.023412162162162162,-0.01570945945945946,-0.04328828828828829,-0.0006081081081081081,-0.06004504504504505,-0.08552927927927928,-0.0040990990990991,-0.025135135135135135,-0.05515765765765765,-0.013963963963963964,-0.06807432432432432,-0.0007545045045045045,-0.08238738738738738,-0.06597972972972974,-0.030022522522522525,-0.05550675675675676,-0.08448198198198198,-0.08762387387387387,-0.0764527027027027,-0.007398648648648649,-0.025833333333333333,-0.06318693693693694,-0.00768018018018018,-0.05899774774774775,-0.015011261261261262,-0.005934684684684684,-0.07051801801801802,-0.04957207207207207,-0.007331081081081082,-0.08483108108108109,-0.0754054054054054,-0.0781981981981982,-0.08378378378378379,-0.0048648648648648655,-0.02077702702702703,-0.0775,-0.029324324324324327,-0.059346846846846844,-0.027927927927927927,-0.032117117117117115,-0.014313063063063063,-0.006283783783783784,-0.004887387387387388,-0.016824324324324326,-0.013614864864864865,-0.01640765765765766,-0.018040540540540544,-0.0394481981981982,-0.0011936936936936939,-0.01773648648648649,-0.0007995495495495496,,-0.008029279279279279,-0.008817567567567568,-0.03456081081081081,-0.0778490990990991,-0.0006981981981981982,-0.022342342342342343,-0.05620495495495495,-0.020945945945945947,-0.06528153153153153,-0.09146396396396396,-0.04852477477477477,-0.03595720720720721,-0.028626126126126125,-0.012567567567567568,-0.04922297297297297,-0.0003490990990990991,-0.07226351351351351,-0.03525900900900901,-0.008727477477477477,-0.08622747747747748,-0.08797297297297296,-0.10158783783783783,-0.10298423423423422,-0.09495495495495494,-0.10472972972972973,-0.09251126126126126,-0.09704954954954954,-0.10019144144144145,-0.09809684684684684,-0.10193693693693694,-0.10263513513513513,-0.09006756756756756,-0.09460585585585585,-0.09076576576576577,-0.10088963963963964,-0.09565315315315315,-0.10333333333333333,-0.10368243243243243
2024-10-08,-0.0015878378378378379,-0.001981981981981982,-0.002454954954954955,-0.002454954954954955,-0.001418918918918919,-0.0005518018018018018,-0.002454954954954955,-0.0009009009009009009,-0.0015540540540540542,-0.00045045045045045046,-0.00019144144144144144,-0.0006981981981981982,-0.000945945945945946,-0.0018018018018018018,-0.0024324324324324323,-0.002454954954954955,-0.0009684684684684686,-0.0020833333333333337,-0.002454954954954955,-0.000855855855855856,-0.0016216216216216218,-0.002454954954954955,-0.002331081081081081,-0.002454954954954955,-2.2522522522522526e-05,-0.0008333333333333334,-0.0008783783783783784,-0.0005067567567567568,-0.0005630630630630631,-0.0021396396396396395,-0.00031531531531531535,-0.002454954954954955,-0.0013513513513513514,-0.002454954954954955,-0.00012387387387387388,-0.00222972972972973,-0.001114864864864865,-5.630630630630631e-05,-0.0009121621621621623,-0.0013626126126126126,-0.0015427927927927929,-0.002454954954954955,-0.0019031531531531532,-0.002454954954954955,-0.002117117117117117,-0.002240990990990991,-0.0022972972972972977,-0.0023873873873873877,-0.002454954954954955,-0.002454954954954955,-0.002072072072072072,-0.0021283783783783783,-0.0010585585585585586,-0.002398648648648649,-0.00016891891891891893,-0.0002702702702702703,-0.00028153153153153153,-0.002454954954954955,-0.002454954954954955,-0.0014301801801801803,-0.0022184684684684684,-0.002454954954954955,-0.002454954954954955,-0.0019481981981981982,-0.0007432432432432432,-0.0018468468468468468,-0.0019256756756756755,-0.0012612612612612614,-0.0014414414414414417,-0.0010698198198198197,-0.002454954954954955,-3.3783783783783784e-05,-0.002454954954954955,-0.002454954954954955,-0.002308558558558559,-0.0021846846846846845,-0.002454954954954955,-0.002454954954954955,-0.0018243243243243246,-0.0004617117117117117,-0.002454954954954955,-0.002454954954954955,-0.002454954954954955,-0.002454954954954955,-0.002454954954954955,-0.00240990990990991,-0.002454954954954955,-0.002454954954954955,-0.0033783783783783786,-0.0033333333333333335,-0.002454954954954955,-0.0015315315315315315,-0.0011711711711711714,-0.0010472972972972974,-0.0022522522522522522,-0.002454954954954955,-0.003355855855855856,-0.002454954954954955,-0.0013963963963963964,-0.0009572072072072072,-0.002454954954954955,-0.0033671171171171174,-0.002443693693693694,-0.002454954954954955,-0.0006193693693693693,-0.002195945945945946,-0.002454954954954955,-0.0033445945945945947,-0.002454954954954955,-0.001373873873873874,-0.0011486486486486488,-0.0020382882882882887,-0.002454954954954955,-0.0017905405405405407,-0.0007207207207207208,-0.001768018018018018,-0.0011373873873873875,-0.0014864864864864865,-0.001036036036036036,-0.0012725225225225225,-0.0005968468468468469,-0.00030405405405405404,-7.882882882882884e-05,-0.000641891891891892,-4.504504504504505e-05,-0.002454954954954955,-0.000990990990990991,-0.0018693693693693696,-0.001283783783783784,-0.0003265765765765766,-0.0012274774774774775,-0.002454954954954955,-0.0011036036036036036,-0.0008108108108108109,-0.0008445945945945946,-0.002207207207207207,-0.0001801801801801802,-0.000259009009009009,,-0.0006306306306306307,-0.002060810810810811,-0.00029279279279279284,-0.0015990990990990992,-0.0005855855855855857,-0.0003941441441441442,-0.002027027027027027,-0.0009346846846846848,-0.0007882882882882884,-0.0015765765765765767,-0.0007995495495495496,-0.002150900900900901,-0.0004842342342342343,-0.000686936936936937,-0.001632882882882883,-0.001970720720720721,-0.002454954954954955,-0.0005405405405405405,-0.0006756756756756757,-0.00024774774774774777,-0.0005743243243243244,-0.002454954954954955,-0.002454954954954955,-0.0004166666666666667,-0.002454954954954955,-0.00015765765765765767,-0.002454954954954955,-0.0003828828828828829,-0.0003490990990990991,-0.001024774774774775,-0.002004504504504505,-0.0009234234234234234,-0.002454954954954955,-1.1261261261261263e-05,-0.002454954954954955,-0.00019144144144144144,-0.0016441441441441443,-0.0015653153153153154,,-0.0017454954954954957,-0.0010022522522522524,-0.00010135135135135136,-0.00033783783783783786,-0.001936936936936937,-0.000427927927927928,-0.0007094594594594595,-0.002454954954954955,-0.00115990990990991,-0.0008220720720720721,-0.0014076576576576578,-0.0008896396396396396,-0.002454954954954955,-0.000641891891891892,-0.002454954954954955,-0.0006644144144144145,-0.001509009009009009,-0.002353603603603604,-0.0007657657657657658,-0.002454954954954955,-0.002454954954954955,-0.0002364864864864865,-0.00231981981981982,-0.00011261261261261261,-0.0014977477477477478,-0.002454954954954955,-0.0007319819819819821,-0.0014527027027027028,-0.001779279279279279,-0.0019594594594594594,,-6.756756756756757e-05,-0.0016891891891891893,-0.002454954954954955,-0.0009797297297297297,-0.001328828828828829,-0.0021734234234234233,-0.002263513513513514,-0.0011936936936936939,-0.002454954954954955,-0.002274774774774775,-0.002454954954954955,-0.00134009009009009,-0.0012162162162162162,-0.00022522522522522523,-0.0013175675675675678,-0.00125,-0.002105855855855856,-0.001891891891891892,-0.002454954954954955,-0.0017004504504504504,-0.0011261261261261261,-0.0011824324324324325,-0.0018355855855855857,-0.002454954954954955,-0.00204954954954955,-0.0017567567567567568,-0.00014639639639639642,-0.0003603603603603604,-0.0015202702702702704,-0.002454954954954955,-0.0018581081081081084,-0.0018806306306306307,-0.002162162162162162,-0.00013513513513513514,-0.0010923423423423422,-0.0007770270270270271,-0.001204954954954955,-0.002454954954954955,-0.0007545045045045045,-0.00040540540540540544,-0.001813063063063063,-0.002454954954954955,-0.002454954954954955,-0.002421171171171171,-0.000472972972972973,-0.0004391891891891892,-0.002454954954954955,-0.0012950450450450453,-0.0017229729729729732,-0.0016103603603603606,-0.0005292792792792793,-0.001081081081081081,,-0.002454954954954955,-0.001677927927927928,-0.002454954954954955,-0.000213963963963964,-0.002454954954954955,-0.0014752252252252253,-0.002094594594594595,-0.002454954954954955,-0.0017342342342342343,-0.0008671171171171172,-0.0006081081081081081,-0.002454954954954955,-0.0023761261261261266,-0.002454954954954955,-0.0019144144144144144,-9.00900900900901e-05,-0.0010135135135135136,-0.002454954954954955,-0.0003716216216216216,-0.0019932432432432433,-0.0016554054054054054,-0.002454954954954955,-0.002454954954954955,-0.0004954954954954955,-0.002454954954954955,-0.001711711711711712,-0.002286036036036036,-0.002454954954954955,-0.0014639639639639642,-0.0023423423423423427,-0.002454954954954955,-0.000518018018018018,-0.0016666666666666668,-0.001385135135135135,-0.002454954954954955,-0.002364864864864865,-0.002015765765765766,-0.002454954954954955
2024-10-09,-0.022058165548098432,-0.06909395973154361,-0.058713646532438483,-0.07752796420581655,-0.015246085011185684,-0.022382550335570472,-0.005514541387024608,-0.011677852348993288,-0.07233780760626397,-0.02757270693512304,-0.01029082774049217,-0.08563758389261746,-0.044116331096196865,-0.05190156599552573,-0.07266219239373602,-0.014272930648769574,-0.04508948545861297,-0.0652013422818792,-0.08271812080536912,-0.03957494407158837,-0.043791946308724836,-0.07428411633109619,-0.0797986577181208,-0.022706935123042504,-0.019910514541387026,-0.07136465324384787,-0.06747203579418344,-0.019787472035794184,-0.027248322147651008,-0.04022371364653244,-0.054496644295302016,-0.07817673378076062,-0.052874720357941836,-0.08434004474272931,-0.00592841163310962,-0.08596196868008948,-0.040548098434004476,-0.022371364653243846,-0.09050335570469799,-0.0262751677852349,-0.06228187919463087,-0.8571476510067114,-0.09180089485458613,-0.012002237136465324,-0.04768456375838926,-0.025302013422818792,-0.015570469798657718,-0.08206935123042505,-0.07558165548098433,-0.0752572706935123,-0.03762863534675615,-0.04346756152125279,-0.031789709172259505,-0.014921700223713644,-0.01005592841163311,-0.07331096196868009,-0.043143176733780764,-0.09115212527964206,-0.09309843400447428,-0.058064876957494405,-0.034060402684563756,-0.018814317673378076,-0.033411633109619684,-0.04281879194630873,-0.04703579418344519,-0.05968680089485458,-0.08077181208053691,-0.05741610738255033,-0.019463087248322148,-0.06260626398210291,-0.009082774049217002,-0.05514541387024608,-0.08401565995525727,-0.0642281879194631,-0.060335570469798656,-0.06876957494407158,-0.08012304250559284,-0.09244966442953019,-0.048008948545861296,-0.025626398210290825,-0.0025950782997762865,-0.003243847874720358,-0.09569351230425055,-0.09504474272930649,-0.04606263982102908,-0.006812080536912752,-0.09212527964205816,-0.0943959731543624,-0.001621923937360179,-0.06585011185682327,-0.0934228187919463,-0.017516778523489932,-0.05417225950782997,-0.004541387024608501,-0.01686800894854586,-0.016543624161073828,-0.0003243847874720358,-0.09536912751677852,-0.024328859060402684,-0.024004474272930648,-0.0009731543624161074,-0.007460850111856822,-0.002919463087248322,-0.02303131991051454,-0.025950782997762864,-0.0012975391498881432,-0.09634228187919462,-0.0022706935123042505,-0.005190156599552573,-0.0035682326621923935,-0.020436241610738252,-0.04184563758389261,-0.0525503355704698,-0.05546979865771812,-0.026923937360178972,-0.012975391498881432,-0.0707158836689038,-0.050604026845637584,-0.05157718120805369,-0.03373601789709172,-0.012326621923937362,-0.06195749440715884,-0.07914988814317674,-0.04930648769574945,-0.017337807606263984,-0.8250447427293065,-0.04865771812080537,-0.035033557046979864,-0.026599552572706932,-0.012863534675615214,-0.06390380313199105,-0.01848993288590604,-0.013624161073825504,-0.03470917225950783,-0.021085011185682328,-0.006487695749440716,-0.02069351230425056,-0.014205816554809843,-0.0570917225950783,-0.03795302013422819,-0.0616331096196868,-0.015894854586129752,-0.02789709172259508,-0.03795302013422819,-0.06357941834451901,-0.04833333333333333,-0.019138702460850112,-0.033087248322147655,-0.038926174496644296,-0.0489821029082774,-0.053199105145413865,-0.08466442953020134,-0.047360178970917224,-0.024977628635346756,-0.030492170022371368,-0.8924608501118568,-0.03925055928411633,-0.011029082774049216,-0.046387024608501116,-0.07006711409395973,-0.8828299776286354,-0.8443064876957495,-0.03211409395973155,-0.023680089485458612,-0.010380313199105146,-0.07947427293064876,-0.08304250559284117,-0.011364653243847875,-0.05579418344519016,-0.01459731543624161,-0.0671476510067114,-0.07395973154362416,-0.01756152125279642,-0.0398993288590604,-0.07460850111856823,-0.004865771812080537,-0.02011185682326622,,-0.03438478747203579,-0.07298657718120805,-0.030536912751677855,-0.011185682326621923,-0.08174496644295301,-0.011901565995525727,-0.05611856823266219,-0.00843400447427293,-0.05352348993288591,-0.07850111856823266,-0.06617449664429531,-0.08498881431767337,-0.008758389261744966,-0.0697427293064877,-0.9181431767337808,-0.07785234899328859,-0.045738255033557045,-0.036655480984340044,-0.027181208053691275,-0.061308724832214764,-0.7512080536912752,-0.005257270693512304,-0.03633109619686801,-0.06779642058165548,-0.011353467561521252,-0.04671140939597315,-0.02651006711409396,-0.042170022371364656,-0.04541387024608501,-0.03276286353467561,,-0.008411633109619687,-0.03146532438478747,-0.040872483221476505,-0.0353579418344519,-0.008993288590604026,-0.028221476510067112,-0.023355704697986576,-0.026621923937360178,-0.08369127516778523,-0.03697986577181208,-0.021409395973154364,-0.017841163310961968,-0.012125279642058165,-0.04930648769574945,-0.013299776286353466,-0.06649888143176734,-0.030167785234899328,-0.01621923937360179,-0.05936241610738255,-0.01394854586129754,-0.07493288590604028,-0.010704697986577182,-0.03600671140939597,-0.05482102908277405,-0.0888814317673378,-0.02854586129753915,-0.0033557046979865775,-0.08109619686800895,-0.020760626398210292,-0.006163310961968681,-0.06682326621923937,-0.0308165548098434,-0.009407158836689038,-0.07655480984340045,-0.044765100671140944,-0.06844519015659956,-0.02919463087248322,-0.021733780760626396,-0.031140939597315436,-0.007136465324384787,-0.04995525727069351,-0.028870246085011188,-0.06812080536912751,-0.07039149888143177,-0.022595078299776288,-0.00988814317673378,-0.029519015659955256,-0.053847874720357944,-0.012651006711409396,-0.030089485458612973,-0.056442953020134225,-0.011230425055928412,-0.06455257270693512,-0.07104026845637583,-0.06293064876957494,-0.9374049217002237,-0.05222595078299776,-0.08044742729306488,-0.024653243847874724,-0.004217002237136465,-0.8988814317673378,-0.0444407158836689,-0.06941834451901566,-0.05676733780760627,-0.08823266219239373,-0.035682326621923936,-0.06325503355704698,-0.042494407158836685,-0.020917225950782995,-0.008109619686800894,-0.07363534675615213,-0.0203579418344519,-0.041521252796420584,-0.0030201342281879194,-0.09407158836689038,-0.09374720357941835,-0.0006487695749440716,-0.09699105145413871,-0.018165548098434004,-0.0019463087248322148,-0.9566666666666667,-0.007785234899328859,-0.05125279642058165,-0.9502460850111857,-0.03860178970917226,-0.07201342281879194,-0.0038926174496644295,-0.09115212527964206,-0.05838926174496644,-0.005838926174496644,-0.9630872483221476
2024-10-10,-0.11861297539149888,-0.10827740492170022,-0.07459731543624161,-0.05069351230425056,-0.08170022371364653,-0.12008948545861299,-0.057583892617449665,-0.05955257270693513,-0.31409395973154364,-0.1072930648769575,-0.052662192393736026,-0.2970805369127517,-0.23164429530201341,-0.12796420581655482,-0.07579418344519016,-0.37167785234899325,-0.08268456375838927,-0.3114765100671141,-0.0523489932885906,-0.09351230425055929,-0.17798657718120803,-0.0863758389261745,-0.17667785234899328,-0.06020134228187919,-0.05419463087248322,-0.05118568232662193,-0.19238255033557047,-0.11615212527964205,-0.14526845637583893,-0.29838926174496644,-0.03232662192393736,-0.08375838926174498,-0.25651006711409396,-0.04711409395973154,-0.130917225950783,-0.21070469798657715,-0.08465324384787473,-0.021868008948545865,-0.7640939597315437,-0.1387248322147651,-0.27614093959731545,-0.07852348993288591,-0.13590604026845637,-0.12825503355704698,-0.10731543624161073,-0.24734899328859059,-0.2329530201342282,-0.1086241610738255,-0.19107382550335572,-0.053657718120805366,-0.13741610738255033,-0.3415771812080537,-0.08899328859060401,-0.04577181208053691,-0.06742729306487696,-0.04478747203579419,-0.06988814317673378,-0.06308724832214765,-0.036241610738255034,-0.18845637583892616,-0.041834451901566,-0.1269463087248322,-0.2866107382550335,-0.323255033557047,-0.08022371364653244,-0.04527964205816555,-0.25912751677852347,-0.07727069351230426,-0.19369127516778523,-0.2211744966442953,-0.13348993288590605,-0.1046979865771812,-0.03140939597315436,-0.12563758389261745,-0.06936241610738254,-0.21463087248322146,-0.09815436241610738,-0.1842281879194631,-0.2434228187919463,-0.04496644295302013,-0.172751677852349,-0.12956375838926174,-0.00302013422818792,-0.00604026845637584,-0.05104026845637584,-0.0562751677852349,-0.09778523489932886,-0.044161073825503355,-0.29053691275167787,-0.07852348993288591,-0.07885906040268456,-0.1308724832214765,-0.11516778523489933,-0.12432885906040267,-0.24473154362416105,-0.061510067114093965,-0.017013422818791948,-0.01261744966442953,-0.18453020134228187,-0.14919463087248322,-0.035335570469798655,-0.21855704697986575,-0.08768456375838926,-0.06805369127516779,-0.13218120805369127,-0.07590604026845638,-0.034697986577181206,-0.15573825503355704,-0.07197986577181208,-0.06543624161073824,-0.05115212527964206,-0.09161073825503356,-0.020939597315436244,-0.1102460850111857,-0.07874720357941835,-0.283993288590604,-0.10581655480984341,-0.2918456375838926,-0.29446308724832215,-0.3297986577181208,-0.05476510067114094,-0.00523489932885906,-0.027572706935123044,-0.005592841163310962,-0.08957494407158838,-0.05496644295302014,-0.12894854586129753,-0.33895973154362413,-0.3808389261744966,-0.13436241610738256,-0.345503355704698,-0.06281879194630872,-0.09006711409395973,-0.10237136465324385,-0.10483221476510067,-0.2774496644295302,-0.022818791946308727,-0.05210290827740492,-0.34942953020134226,-0.0989261744966443,-0.10338926174496643,-0.05647651006711409,-0.14788590604026844,-0.12501118568232664,-0.05324384787472036,-0.2512751677852349,-0.0738255033557047,-0.2277181208053691,-0.15442953020134226,-0.12648769574944072,-0.2355704697986577,-0.1609731543624161,-0.07333333333333333,-0.22379194630872482,-0.0654586129753915,-0.03154362416107383,-0.004451901565995526,-0.04626398210290828,-0.08120805369127518,-0.0036241610738255033,-0.02523489932885906,-0.19026845637583892,-0.13042505592841164,-0.23426174496644295,-0.12550335570469798,-0.04380313199105146,-0.3245637583892617,-0.02662192393736018,-0.27483221476510067,-0.03642058165548099,-0.16228187919463086,-0.04842281879194631,-0.029474272930648773,-0.22640939597315435,-0.039742729306487694,-0.1806040268456376,-0.07480984340044744,,-0.08612975391498882,-0.10138702460850112,-0.5677852348993289,-0.05134228187919463,-0.23033557046979866,-0.0045190156599552575,-0.11418344519015661,-0.04318791946308725,-0.05305369127516779,-0.045447427293064876,-0.35597315436241606,-0.2656711409395973,-0.10993288590604028,-0.13583892617449667,-0.05677852348993288,-0.03631991051454139,-0.0035570469798657718,-0.15181208053691275,-0.05758389261744967,-0.0083668903803132,-0.019630872483221477,-0.0064653243847874724,-0.11778523489932885,-0.09548098434004475,-0.1407606263982103,-0.0903020134228188,-0.09695749440715884,-0.2957718120805369,-0.0515324384787472,-0.38999999999999996,,-0.004586129753914989,-0.29969798657718116,-0.06412751677852349,-0.07677852348993289,-0.005145413870246085,-0.3258724832214765,-0.18191275167785234,-0.005727069351230425,-0.5889261744966443,-0.09553691275167786,-0.07721476510067113,-0.38738255033557045,-0.050011185682326625,-0.13829977628635348,-0.11910514541387025,-0.1871476510067114,-0.2525838926174496,-0.3913087248322148,-0.24211409395973155,-0.3023154362416107,-0.136331096196868,-0.05590604026845637,-0.38607382550335567,-0.07067114093959731,-0.08506711409395973,-0.11959731543624162,-0.05514541387024609,-0.13879194630872482,-0.38214765100671144,-0.015749440715883672,-0.3756040268456376,-0.3926174496644295,-0.28006711409395973,-0.261744966442953,-0.044496644295302014,-0.045067114093959734,-0.04677852348993288,-0.11385906040268455,-0.14420581655480985,-0.12353467561521253,-0.15966442953020135,-0.039261744966442955,-0.028791946308724833,-0.06250559284116332,-0.006331096196868009,-0.03422818791946309,-0.04449664429530201,-0.2892281879194631,-0.0905592841163311,-0.12058165548098435,-0.006196868008948545,-0.0057718120805369125,-0.3598993288590604,-0.03795302013422819,-0.03441834451901566,-0.07255033557046979,-0.11467561521252796,-0.10208053691275168,-0.06201342281879195,-0.20677852348993286,-0.1540268456375839,-0.10187919463087249,-0.10600671140939598,-0.05315436241610738,-0.06624161073825503,-0.05512304250559285,-0.14395973154362415,-0.04973154362416108,-0.028713646532438478,-0.06299776286353469,-0.03664429530201342,-0.041073825503355706,-0.17536912751677852,-0.0014317673378076063,-0.021140939597315438,-0.015771812080536914,-0.16359060402684564,-0.24288590604026844,-0.04580536912751678,-0.1426510067114094,-0.018926174496644296,-0.09291946308724831,-0.09946308724832216,-0.05993288590604027,-0.07328859060402684,-0.20023489932885905,-0.09422818791946308,-0.2712751677852349,-0.011778523489932885,-0.08114093959731543,-0.009463087248322148
2024-10-11,-0.37388143176733785,-0.21829977628635347,-0.036510067114093964,-0.019261744966442954,-0.09431767337807606,-0.11257270693512304,-0.018165548098434004,-0.013624161073825502,-0.4657494407158837,-0.07834451901565996,-0.007684563758389261,-0.44865771812080535,-0.33969798657718125,-0.15288590604026847,-0.007046979865771812,-0.6409395973154363,-0.1004026845637584,-0.39310961968680086,-0.012930648769574943,-0.107248322147651,-0.07606263982102908,-0.0167337807606264,-0.08747203579418346,-0.015503355704697987,-0.21982102908277407,-0.012684563758389262,-0.12854586129753914,-0.19624161073825502,-0.016129753914988814,-0.28414988814317677,-0.149082774049217,-0.05476510067114094,-0.13673378076062642,-0.12170022371364653,-0.08442953020134228,-0.05552572706935124,-0.20723713646532438,-0.009798657718120805,-0.8453691275167785,-0.0069686800894854595,-0.24996644295302015,-0.05248322147651007,-0.012170022371364653,-0.023579418344519015,-0.0066554809843400444,-0.23287472035794185,-0.2606487695749441,-0.031185682326621923,-0.040592841163310966,-0.09127516778523491,-0.005794183445190157,-0.33756152125279637,-0.009630872483221477,-0.01738255033557047,-0.015973154362416107,-0.01197986577181208,-0.15440715883668904,-0.07073825503355705,-0.008769574944071589,-0.029664429530201344,-0.02278523489932886,-0.0041498881431767335,-0.022818791946308727,-0.32046979865771813,-0.08823266219239373,-0.0074384787472035795,-0.12605145413870245,-0.028903803131991056,-0.13246085011185682,-0.4721588366890381,-0.0010961968680089486,-0.011666666666666667,-0.1391946308724832,-0.02662192393736018,-0.010727069351230425,-0.10041387024608502,-0.03194630872483222,-0.0045637583892617455,-0.5106152125279642,-0.26705816554809847,-0.021297539149888144,-0.015212527964205816,-0.01714765100671141,-0.22590604026845637,-0.013691275167785235,-0.006845637583892617,-0.0007606263982102908,-0.01597315436241611,-0.3781543624161074,-0.21069351230425057,-0.0030425055928411633,-0.025861297539149886,-0.044116331096196865,-0.032706935123042506,-0.04183445190156599,-0.009127516778523491,-0.060850111856823264,-0.20460850111856824,-0.1483221476510067,-0.08366890380313198,-0.06921700223713646,-0.05768456375838926,-0.0334675615212528,-0.003803131991051454,-0.05324384787472036,-0.007751677852348994,-0.03879194630872484,-0.0011744966442953021,-0.006085011185682327,-0.06008948545861297,-0.43797539149888143,-0.07758389261744968,-0.024340044742729307,-0.4102013422818792,-0.15744966442953018,-0.36960850111856824,-0.24142058165548097,-0.41447427293064876,-0.3546532438478747,-0.4807046979865772,-0.5789821029082775,-0.5383892617449665,-0.0079082774049217,-0.3760178970917226,-0.11637583892617451,-0.02302013422818792,-0.11941834451901566,-0.5234340044742729,-0.07904921700223715,-0.22286353467561523,-0.16450782997762864,-0.01785234899328859,-0.05704697986577181,-0.17946308724832216,-0.4443847874720358,-0.2777404921700224,-0.006275167785234899,-0.049440715883668905,-0.11964205816554811,-0.12474272930648769,-0.03422818791946309,-0.07255033557046979,-0.09583892617449664,-0.25851230425055927,-0.5597539149888143,-0.20937360178970918,-0.07149888143176734,-0.40165548098434006,-0.4550671140939597,-0.13843400447427293,-0.17305369127516781,-0.412337807606264,-0.06541387024608501,-0.0854586129753915,-0.008221476510067114,-0.11485458612975391,-0.0213758389261745,-0.012606263982102907,-0.019574944071588368,-0.018791946308724834,-0.05932885906040269,-0.10953020134228188,-0.20917225950782997,-0.07691275167785235,-0.08975391498881431,-0.020514541387024608,-0.7696644295302013,-0.022002237136465326,-0.42088366890380313,-0.008378076062639822,-0.1277852348993289,-0.05400447427293065,-0.21829977628635347,-0.07302013422818793,-0.4507941834451902,-0.30337807606263983,-0.04791946308724832,,-0.01901565995525727,-0.2884228187919463,-0.7791275167785235,-0.18102908277404922,-0.16237136465324387,-0.5682997762863535,-0.47002237136465325,-0.016912751677852347,-0.5362527964205817,-0.7822818791946309,-0.7160402684563758,-0.5939373601789709,-0.011431767337807607,-0.31406040268456376,-0.20308724832214767,-0.5042058165548098,-0.008624161073825503,-0.010492170022371365,-0.018322147651006714,-0.022237136465324384,-0.023098434004474273,-0.49138702460850114,-0.06997762863534675,-0.13615212527964207,-0.3802908277404922,-0.09736017897091723,-0.022706935123042508,-0.4593400447427293,-0.40379194630872484,-0.5204697986577181,,-0.0049888143176733775,-0.3332885906040269,-0.023333333333333334,-0.11029082774049218,-0.021297539149888144,-0.542662192393736,-0.15364653243847876,-0.5469351230425057,-0.19395973154362417,-0.09659955257270694,-0.018243847874720356,-0.26181208053691274,-0.5896644295302014,-0.7854362416107382,-0.5768456375838926,-0.4272930648769575,-0.07050335570469798,-0.11536912751677852,-0.2084116331096197,-0.14314317673378077,-0.8989932885906039,-0.36533557046979864,-0.15771812080536912,-0.017695749440715884,-0.062371364653243846,-0.13032438478747205,-0.0669351230425056,-0.214496644295302,-0.027774049217002238,-0.022158836689038033,-0.3952460850111857,-0.7602013422818792,-0.47856823266219245,-0.40379194630872484,-0.018087248322147653,-0.5405257270693513,-0.45293064876957495,-0.016991051454138706,-0.29910514541387023,-0.11637583892617451,-0.12398210290827741,-0.02184563758389262,-0.023176733780760628,-0.013467561521252797,-0.27987695749440716,-0.014955257270693514,-0.02027964205816555,-0.4465212527964206,-0.2905592841163311,-0.8895302013422818,-0.38456375838926177,-0.5554809843400448,-0.16402684563758388,-0.02341163310961969,-0.16277404921700225,-0.1848322147651007,-0.1858724832214765,-0.03727069351230425,-0.0046979865771812086,-0.39738255033557046,-0.10496644295302014,-0.08062639821029083,-0.01977628635346756,-0.02192393736017897,-0.1840715883668904,-0.0018791946308724834,-0.034988814317673374,-0.00814317673378076,-0.1985234899328859,-0.10572706935123043,-0.10876957494407159,-0.013310961968680089,-0.24355704697986577,-0.0031991051454138704,-0.0502013422818792,-0.09812080536912751,-0.08214765100671141,-0.7412751677852348,-0.12702460850111857,-0.0083668903803132,-0.022058165548098432,-0.09051454138702461,-0.11561521252796422,-0.18026845637583894,-0.007606263982102908,-0.004272930648769576,-0.004463087248322148,-0.009463087248322148,-0.005324384787472036,-0.15136465324384787,-0.13767337807606264
2024-10-14,-0.22046979865771812,-0.07593959731543624,-0.22058165548098432,-0.026946308724832214,-0.009530201342281878,-0.2556152125279642,-0.010413870246085012,-0.0029977628635346754,-0.5805704697986578,-0.03400447427293065,-0.013109619686800895,-0.061845637583892624,-0.02040268456375839,-0.013176733780760628,-0.06142058165548099,-0.8966666666666666,-0.006666666666666666,-0.5511744966442953,-0.010201342281879196,-0.029966442953020134,-0.030178970917225954,-0.36590604026845636,-0.36201342281879195,-0.01997762863534676,-0.8306040268456376,-0.025928411633109622,-0.03761744966442953,-0.07104026845637584,-0.01551454138702461,-0.5658724832214765,-0.0058165548098434005,-0.05376957494407159,-0.040592841163310966,-0.27118568232662194,-0.16738255033557045,-0.025950782997762864,-0.0333668903803132,-0.4923825503355705,-0.45413870246085014,-0.02295302013422819,-0.1959284116331096,-0.38407158836689037,-0.02422818791946309,-0.03230425055928412,-0.03782997762863535,-0.3360626398210291,-0.17906040268456377,-0.36720357941834453,-0.2841610738255033,-0.24134228187919463,-0.055894854586129764,-0.2893512304250559,-0.003803131991051454,-0.36850111856823264,-0.0028187919463087247,-0.031879194630872486,-0.3347651006711409,-0.3010290827740492,-0.06312080536912752,-0.05164429530201343,-0.3762863534675615,-0.03102908277404922,-0.03868008948545862,-0.06120805369127517,-0.01168903803131991,-0.04633109619686802,-0.26599552572706936,-0.027203579418344524,-0.028266219239373606,-0.7006040268456376,-0.03527964205816555,-0.04463087248322148,-0.017852348993288594,-0.09731543624161074,-0.033154362416107384,-0.24523489932885906,-0.1388366890380313,-0.2802684563758389,-0.2880536912751678,-0.21798657718120806,-0.1141834451901566,-0.03931767337807607,-0.05610738255033557,-0.5070805369127517,-0.19073825503355704,-0.03633109619686801,-0.16089485458612976,-0.32308724832214764,-0.2050111856823266,-0.2569127516778524,-0.30232662192393733,-0.22317673378076064,-0.24263982102908274,-0.032941834451901575,-0.3814765100671141,-0.26469798657718124,-0.06269574944071589,-0.73,-0.02784116331096197,-0.009082774049217002,-0.3334675615212528,-0.08304250559284117,-0.04281879194630873,-0.2491275167785235,-0.019463087248322148,-0.016364653243847876,-0.3451454138702461,-0.03995525727069352,-0.011677852348993288,-0.02911633109619687,-0.058791946308724835,-0.13494407158836688,-0.3503355704697987,-0.33315436241610735,-0.00935123042505593,-0.14921700223713646,-0.00743847874720358,-0.39684563758389263,-0.25721476510067115,-0.2866107382550336,-0.5506935123042506,-0.09553691275167786,-0.0010626398210290826,-0.027248322147651008,-0.002371364653243848,-0.024496644295302013,-0.3529306487695749,-0.4016107382550336,-0.7880089485458612,-0.4874832214765101,-0.26340044742729307,-0.25431767337807604,-0.0031767337807606265,-0.02656599552572707,-0.0752572706935123,-0.12067114093959731,-0.002639821029082774,-0.003982102908277405,-0.1616778523489933,-0.0036129753914988815,-0.055469798657718124,-0.21409395973154363,-0.01487695749440716,-0.7030536912751678,-0.029395973154362418,-0.2465324384787472,-0.007225950782997763,-0.01423937360178971,-0.01934004474272931,-0.19203579418344519,-0.27507829977628634,-0.053199105145413865,-0.02847874720357942,-0.005313199105145414,-0.032516778523489935,-0.36979865771812076,-0.23355704697986576,-0.004921700223713646,-0.007651006711409396,-0.009574944071588367,-0.3788814317673378,-0.2945413870246085,-0.5781208053691275,-0.044205816554809846,-0.04569351230425056,-0.019597315436241613,-0.29640939597315435,-0.14942953020134228,-0.4948322147651007,-0.059082774049217,-0.036767337807606264,-0.05398210290827741,-0.6246644295302013,-0.3464429530201342,-0.3503020134228188,-0.04803131991051454,-0.03421700223713647,,-0.009138702460850114,-0.11937360178970916,-0.08214765100671141,-0.09601789709172259,-0.2854586129753915,-0.298165548098434,-0.19352348993288587,-0.005525727069351231,-0.8953020134228189,-0.6325503355704698,-0.19842281879194631,-0.5903691275167785,-0.026991051454138704,-0.10639821029082773,-0.2166890380313199,-0.16348993288590602,-0.11288590604026845,-0.04866890380313199,-0.0002125279642058166,-0.005190156599552573,-0.1959731543624161,-0.28906040268456373,-0.0027628635346756154,-0.004038031319910515,-0.5168791946308725,-0.3049217002237136,-0.7423713646532438,-0.5046308724832215,-0.5854697986577181,-0.7241163310961969,,-0.0036465324384787473,-0.47523489932885904,-0.015212527964205816,-0.004608501118568233,-0.7362863534675615,-0.3103355704697987,-0.31789709172259506,-0.5293959731543624,-0.21067114093959732,-0.05695749440715884,-0.00807606263982103,-0.24251677852348993,-0.7168903803131992,-0.9082774049217003,-0.559821029082774,-0.023590604026845638,-0.13105145413870245,-0.27681208053691275,-0.2525279642058166,-0.12586129753914987,-0.45089485458612977,-0.6050671140939597,-0.12493288590604028,-0.009563758389261745,-0.022527964205816556,-0.05631991051454139,-0.047606263982102916,-0.3243847874720358,-0.5879194630872483,-0.023355704697986576,-0.4311409395973154,-0.7667114093959732,-0.30130872483221477,-0.37724832214765097,-0.035917225950783005,-0.7484563758389261,-0.2670134228187919,-0.03804250559284117,-0.3307046979865772,-0.22706935123042507,-0.021252796420581657,-0.07395973154362416,-0.018165548098434004,-0.011476510067114094,-0.005100671140939597,-0.0410178970917226,-0.011051454138702461,-0.3552013422818792,-0.02465324384787472,-0.879082774049217,-0.15440715883668904,-0.5319910514541387,-0.09798657718120805,-0.006085011185682327,-0.1868456375838926,-0.22187919463087247,-0.016577181208053692,-0.013814317673378077,-0.015302013422818792,-0.07348993288590604,-0.3399552572706935,-0.05270693512304251,-0.008926174496644297,-0.060984340044742735,-0.02854586129753915,-0.05440715883668905,-0.058870246085011194,-0.011901565995525729,-0.6883557046979866,-0.006800894854586131,-0.04973154362416108,-0.05823266219239374,-0.023803131991051458,-0.01029082774049217,-0.2595078299776286,-0.3256823266219239,-0.0986129753914989,-0.11257270693512304,-0.0038926174496644295,-0.3568232662192394,-0.06487695749440715,-0.2374496644295302,-0.020760626398210292,-0.38926174496644295,-0.05968680089485458,-0.2815659955257271,-0.0048881431767337806,-0.07785234899328859,-0.20630872483221477,-0.15570469798657718,-0.38796420581655483
2024-10-15,-0.4122595078299776,-0.44876957494407155,-0.3696644295302014,-0.03897091722595078,-0.061308724832214764,-0.09736017897091723,-0.01192393736017897,-0.005961968680089485,-0.09986577181208055,-0.009865771812080537,-0.655268456375839,-0.12171140939597316,-0.1155704697986577,-0.00087248322147651,-0.03955257270693512,-0.923758389261745,-0.03446308724832215,-0.34252796420581655,-0.00843400447427293,-0.22970917225950782,-0.09231543624161073,-0.26926174496644295,-0.4677181208053692,-0.012069351230425057,-0.17407158836689038,-0.19449664429530203,-0.1004026845637584,-0.019026845637583892,-0.022102908277404923,-0.11791946308724832,-0.1395302013422819,-0.40313199105145414,-0.46308724832214765,-0.5649664429530202,-0.21145413870246085,-0.17899328859060404,-0.06906040268456376,-0.6575838926174498,-0.17788590604026847,-0.10429530201342282,-0.5996979865771812,-0.44456375838926177,-0.08949664429530202,-0.08244966442953021,-0.15503355704697985,-0.15722595078299775,-0.44572706935123046,-0.009261744966442954,-0.0669351230425056,-0.3666219239373602,-0.1613758389261745,-0.15513422818791947,-0.040425055928411634,-0.6645302013422819,-0.016722595078299776,-0.08738255033557046,-0.3125838926174497,-0.40465324384787477,-0.6598993288590604,-0.024664429530201343,-0.8366666666666666,-0.05285234899328859,-0.07046979865771812,-0.7215548098434004,-0.021085011185682328,-0.20436241610738254,-0.1840715883668904,-0.13036912751677854,-0.15432885906040267,-0.07802013422818792,-0.12895973154362417,-0.0754026845637584,-0.07469798657718121,-0.11105145413870247,-0.1162751677852349,-0.22666666666666666,-0.3985682326621924,-0.20232662192393738,-0.05615212527964206,-0.2130201342281879,-0.01268456375838926,-0.02536912751677852,-0.14375838926174497,-0.400089485458613,-0.024340044742729307,-0.012170022371364653,-0.06541387024608501,-0.28751677852348995,-0.05919463087248323,-0.40520134228187926,-0.41073825503355704,-0.036510067114093964,-0.08214765100671141,-0.14446308724832216,-0.3537583892617449,-0.14451901565995526,-0.12271812080536913,-0.07640939597315437,-0.015850111856823265,-0.03194630872483222,-0.33011185682326627,-0.033120805369127516,-0.17758389261744967,-0.05172259507829977,-0.003523489932885906,-0.011487695749440715,-0.15516778523489935,-0.013389261744966444,-0.05426174496644295,-0.0388255033557047,-0.16429530201342282,-0.06997762863534675,-0.36205816554809844,-0.5222147651006711,-0.0330089485458613,-0.13741610738255033,-0.024138702460850113,-0.5371812080536913,-0.4978187919463088,-0.29869127516778526,-0.21899328859060402,-0.03171140939597315,-0.0024049217002237136,-0.021375838926174496,-0.006241610738255033,-0.036498881431767334,-0.45483221476510066,-0.5699440715883668,-0.9081543624161074,-0.45181208053691274,-0.5418120805369128,-0.1080089485458613,-0.0020805369127516776,-0.07328859060402684,-0.012941834451901568,-0.07751677852348993,-0.00610738255033557,-0.004217002237136465,-0.11275167785234899,-0.008870246085011186,-0.10147651006711408,-0.5603355704697986,-0.12825503355704698,-0.02184563758389262,-0.08385906040268457,-0.3225055928411633,-0.001342281879194631,-0.03170022371364653,-0.07258389261744966,-0.23275167785234901,-0.3848769574944072,-0.010033557046979866,-0.11838926174496646,-0.012360178970917226,-0.20365771812080538,-0.7552460850111856,-0.20384787472035795,-0.004496644295302014,-0.0019686800894854585,-0.03475391498881432,-0.6946308724832215,-0.4442058165548099,-0.7187472035794183,-0.09583892617449664,-0.015212527964205816,-0.15010067114093958,-0.6457494407158837,-0.11808724832214766,-0.33129753914988813,-0.316420581655481,-0.1275503355704698,-0.1458724832214765,-0.18523489932885906,-0.38031319910514544,-0.3148993288590604,-0.3866778523489933,-0.009161073825503355,,-0.002472035794183445,-0.01890380313199105,-0.24492170022371362,-0.07963087248322147,-0.539496644295302,-0.6990604026845638,-0.23427293064876956,-0.0261744966442953,-0.8582214765100671,-0.43067114093959735,-0.3377181208053691,-0.3495302013422819,-0.016577181208053692,-0.04157718120805369,-0.17134228187919465,-0.6297986577181208,-0.006286353467561521,-0.1726510067114094,-0.0031991051454138704,-0.024865771812080533,-0.19308724832214766,-0.4144630872483222,-0.003344519015659955,-0.0050335570469798654,-0.4839261744966443,-0.2008053691275168,-0.8029753914988814,-0.6345190156599552,-0.60082774049217,-0.5250223713646531,,-0.01017897091722595,-0.7327852348993288,-0.033154362416107384,-0.004317673378076063,-0.6116778523489933,-0.3593736017897092,-0.22741610738255033,-0.4857158836689038,-0.03875838926174496,-0.17406040268456377,-0.027337807606263982,-0.3514093959731544,-0.3276845637583893,-0.02808724832214765,-0.5362527964205817,-0.18181208053691275,-0.11561521252796422,-0.3774161073825504,-0.35901565995525725,-0.06835570469798657,-0.48996644295302016,-0.5895973154362415,-0.3787919463087248,-0.013814317673378075,-0.015503355704697987,-0.428993288590604,-0.18255033557046982,-0.5904362416107383,-0.44919463087248324,-0.016140939597315437,-0.0023154362416107385,-0.150503355704698,-0.1574496644295302,-0.3913087248322148,-0.20838926174496644,-0.5929530201342282,-0.30272930648769575,-0.11134228187919462,-0.5557046979865773,-0.004630872483221477,-0.060604026845637586,-0.013232662192393736,-0.02675615212527964,-0.021230425055928412,-0.21297539149888145,-0.11204697986577182,-0.02559284116331096,-0.7412080536912752,-0.029955257270693512,-0.16,-0.18711409395973153,-0.555503355704698,-0.10006711409395973,-0.022684563758389262,-0.34731543624161076,-0.48855704697986585,-0.13882550335570468,-0.005525727069351231,-0.025011185682326624,-0.09654362416107383,-0.1429977628635347,-0.04715883668903803,-0.0049888143176733775,-0.007561521252796421,-0.12261744966442953,-0.08174496644295302,-0.23579418344519018,-0.0378076062639821,-0.47729306487695744,-0.01046979865771812,-0.3574944071588367,-0.060850111856823264,-0.040279642058165546,-0.019731543624161074,-0.15364653243847876,-0.19015659955257272,-0.15573825503355707,-0.006946308724832215,-0.03453020134228188,-0.447248322147651,-0.0167337807606264,-0.045637583892617455,-0.06976510067114094,-0.15604026845637584,-0.00174496644295302,-0.4381208053691275,-0.0021812080536912754,-0.026073825503355706,-0.37422818791946305,-0.21070469798657718,-0.7739597315436242
2024-10-16,-0.6645973154362417,-0.8933333333333333,-0.0745413870246085,-0.7584228187919463,-0.007606263982102908,-0.00883668903803132,-0.14984340044742728,-0.010961968680089485,-0.12170022371364653,-0.01040268456375839,-0.19185682326621925,-0.5425950782997764,-0.12017897091722594,-0.19548098434004474,-0.0661744966442953,-0.028691275167785232,-0.01610738255033557,-0.0776510067114094,-0.08138702460850113,-0.10344519015659955,-0.12322147651006712,-0.5890156599552573,-0.680234899328859,-0.17950782997762862,-0.5096196868008949,-0.08366890380313198,-0.01342281879194631,-0.06389261744966444,-0.1080089485458613,-0.22058165548098435,-0.025950782997762864,-0.10420581655480984,-0.05400447427293065,-0.42268456375838925,-0.0745413870246085,-0.1453467561521253,-0.16353467561521254,-0.8033557046979866,-0.4240939597315436,-0.022706935123042504,-0.5435570469798658,-0.7427852348993289,-0.08671140939597316,-0.060850111856823264,-0.024340044742729307,-0.5813870246085012,-0.04196868008948546,-0.007818791946308726,-0.15331096196868008,-0.18102908277404922,-0.08442953020134228,-0.08959731543624161,-0.11105145413870247,-0.8903355704697987,-0.010738255033557046,-0.007046979865771812,-0.34246085011185684,-0.45088366890380316,-0.8843400447427293,-0.002013422818791946,-0.016442953020134227,-0.11789709172259509,-0.09812080536912751,-0.09293064876957495,-0.0025727069351230425,-0.1970022371364653,-0.073668903803132,-0.015995525727069353,-0.11029082774049218,-0.26082774049217,-0.04715883668903803,-0.012975391498881432,-0.08595078299776286,-0.03803131991051454,-0.08899328859060403,-0.2548545861297539,-0.020536912751677853,-0.15212527964205816,-0.00988814317673378,-0.0019910514541387025,-0.01977628635346756,-0.09888143176733781,-0.22514541387024609,-0.7271476510067115,-0.09051454138702461,-0.13463087248322148,-0.09756152125279642,-0.36834451901566,-0.04380313199105146,-0.03384787472035794,-0.3245413870246085,-0.07758389261744968,-0.05704697986577181,-0.12474272930648769,-0.40657718120805375,-0.06845637583892618,-0.3464429530201342,-0.5276286353467562,-0.1338702460850112,-0.24888143176733782,-0.1553020134228188,-0.03185682326621924,-0.01592841163310962,-0.1840715883668904,-0.018255033557046982,-0.036510067114093964,-0.2986577181208054,-0.16657718120805368,-0.14375838926174497,-0.044876957494407156,-0.032326621923937364,-0.19313199105145412,-0.43524608501118567,-0.6281096196868009,-0.06465324384787471,-0.15744966442953018,-0.016554809843400447,-0.5316107382550336,-0.4897986577181208,-0.3782997762863535,-0.40020134228187926,-0.0017561521252796419,-0.0021812080536912754,-0.0017002237136465325,-0.022930648769574943,-0.14756152125279642,-0.3648769574944072,-0.7219351230425056,-0.9766666666666667,-0.8476062639821029,-0.3902460850111857,-0.1848322147651007,-0.011633109619686801,-0.006823266219239374,-0.01029082774049217,-0.05248322147651007,-0.013870246085011185,-0.02337807606263982,-0.16049217002237137,-0.014093959731543624,-0.040313199105145414,-0.11149888143176735,-0.028903803131991056,-0.40617449664429534,-0.16961968680089484,-0.022058165548098432,-0.01185682326621924,-0.07986577181208053,-0.032706935123042506,-0.014988814317673379,-0.13140939597315437,-0.0019574944071588368,-0.016442953020134227,-0.009060402684563758,-0.1391946308724832,-0.6098657718120806,-0.1992841163310962,-0.02651006711409396,-0.0039149888143176735,-0.03087248322147651,-0.860738255033557,-0.5030089485458613,-0.6894854586129755,-0.18559284116331096,-0.007270693512304251,-0.5973154362416108,-0.03909395973154363,-0.0028859060402684563,-0.11548098434004475,-0.03574944071588367,-0.01912751677852349,-0.125503355704698,-0.025615212527964205,-0.20507829977628636,-0.01476510067114094,-0.08975391498881431,-0.013758389261744965,,-0.0005704697986577182,-0.20384787472035795,-0.007494407158836689,-0.009955257270693513,-0.44201342281879197,-0.008501118568232663,-0.10116331096196869,-0.1399552572706935,-0.894496644295302,-0.8639261744966443,-0.4380313199105145,-0.24759507829977628,-0.1506040268456376,-0.009127516778523491,-0.16277404921700225,-0.4758612975391499,-0.029418344519015663,-0.04335570469798658,-0.026286353467561523,-0.024384787472035794,-0.0745413870246085,-0.008053691275167784,-0.0669351230425056,-0.020134228187919462,-0.3802908277404922,-0.05628635346756152,-0.9469351230425056,-0.7323601789709172,-0.7404474272930649,-0.6489597315436242,,-0.0016890380313199103,-0.7349664429530202,-0.11637583892617451,-0.009284116331096198,-0.7810402684563759,-0.47434004474272934,-0.6235346756152126,-0.7141163310961969,-0.25286353467561523,-0.11713646532438478,-0.16809843400447427,-0.5916219239373602,-0.6515659955257271,-0.5535123042505593,-0.06375838926174497,-0.02606263982102908,-0.1414765100671141,-0.6255033557046981,-0.44798657718120805,-0.014451901565995528,-0.9053691275167786,-0.8479865771812081,-0.4873713646532438,-0.190917225950783,-0.12093959731543626,-0.11988814317673378,-0.021297539149888144,-0.5942281879194631,-0.36227069351230423,-0.12854586129753914,-0.42210290827740493,-0.5838031319910515,-0.10268456375838926,-0.15668903803131992,-0.02953020134228188,-0.8813422818791946,-0.09279642058165548,-0.04183445190156599,-0.6593847874720359,-0.021476510067114093,-0.031185682326621923,-0.1429977628635347,-0.15973154362416106,-0.0044742729306487695,-0.012527964205816556,-0.028411633109619687,-0.15364653243847876,-0.6463534675615212,-0.015436241610738255,-0.8288590604026846,-0.0016666666666666666,-0.5655592841163312,-0.1262639821029083,-0.1277852348993289,-0.03076062639821029,-0.21503355704697988,-0.01597315436241611,-0.06921700223713646,-0.0027964205816554807,-0.005324384787472036,-0.18715883668903804,-0.062371364653243846,-0.006711409395973155,-0.003691275167785235,-0.240917225950783,-0.06541387024608501,-0.13615212527964207,-0.02225950782997763,-0.8633557046979866,-0.02738255033557047,-0.08747203579418346,-0.024161073825503355,-0.0007606263982102908,-0.004921700223713647,-0.10353467561521254,-0.535592841163311,-0.0015212527964205817,-0.06769574944071588,-0.011946308724832216,-0.6020469798657718,-0.05973154362416108,-0.5574944071588367,-0.02190156599552573,-0.32675615212527964,-0.05324384787472036,-0.010425055928411635,-0.03194630872483222,-0.10751677852348994,-0.3205592841163311,-0.029977628635346757,-0.8483668903803132
2024-10-17,-0.6572706935123042,-0.01599552572706935,-0.43109619686800893,-0.022102908277404923,-0.0017785234899328859,-0.0020917225950782994,-0.10883668903803131,-0.020134228187919462,-0.11373601789709172,-0.03442953020134228,-0.3674608501118568,-0.5176733780760626,-0.10257270693512303,-0.01644295302013423,-0.079082774049217,-0.6666666666666666,-0.029395973154362418,-0.08847874720357941,-0.15268456375838926,-0.09004474272930649,-0.16442953020134227,-0.6599552572706935,-0.7100671140939597,-0.18478747203579418,-0.10775167785234899,-0.06420581655480984,-0.08064876957494407,-0.028970917225950785,-0.03131991051454139,-0.0261744966442953,-0.15503355704697988,-0.3467561521252797,-0.07203579418344518,-0.7126398210290827,-0.16051454138702462,-0.08221476510067113,-0.05167785234899329,-0.011633109619686801,-0.7255033557046979,-0.11275167785234899,-0.5940156599552573,-0.33430648769574944,-0.22315436241610737,-0.1448545861297539,-0.01731543624161074,-0.6718120805369128,-0.2262863534675615,-0.02959731543624161,-0.09239373601789709,-0.6554809843400448,-0.4531096196868009,-0.048724832214765104,-0.15225950782997763,-0.0203579418344519,-0.026174496644295303,-0.0007494407158836688,-0.4988814317673378,-0.5838926174496645,-0.019932885906040268,-0.0018568232662192394,-0.7383668903803132,-0.03914988814317673,-0.06185682326621923,-0.5234899328859061,-0.0009507829977628635,-0.4161073825503356,-0.17382550335570468,-0.012885906040268458,-0.1417225950782998,-0.19340044742729307,-0.12606263982102908,-0.0336241610738255,-0.1197986577181208,-0.034026845637583895,-0.10335570469798658,-0.06970917225950783,-0.05657718120805369,-0.14328859060402685,-0.051744966442953025,-0.4989709172259507,-0.01389261744966443,-0.2215883668903803,-0.11588366890380314,-0.1337807606263982,-0.20906040268456375,-0.18165548098434003,-0.12371364653243846,-0.05369127516778524,-0.0610738255033557,-0.20279642058165545,-0.042505592841163314,-0.1628635346756152,-0.416420581655481,-0.20514541387024607,-0.6442953020134228,-0.23664429530201342,-0.5995413870246086,-0.3730425055928412,-0.04149888143176734,-0.22013422818791947,-0.19628635346756151,-0.17304250559284118,-0.05416107382550336,-0.09082774049217002,-0.016107382550335572,-0.05838926174496645,-0.11006711409395974,-0.19026845637583895,-0.0743847874720358,-0.031610738255033556,-0.0959731543624161,-0.43659955257270694,-0.25212527964205816,-0.547986577181208,-0.0451006711409396,-0.03758389261744966,-0.022348993288590604,-0.5874720357941834,-0.4026845637583893,-0.11409395973154364,-0.12080536912751678,-0.047718120805369135,-0.06604026845637584,-0.03302013422818792,-0.47328859060402684,-0.16208053691275165,-0.23266219239373603,-0.2384787472035794,-0.9933221476510067,-0.009597315436241611,-0.30872483221476515,-0.13310961968680088,-0.03563758389261745,-0.0008389261744966443,-0.0013758389261744966,-0.02859060402684564,-0.018120805369127517,-0.02557046979865772,-0.046196868008948545,-0.012684563758389262,-0.17069351230425056,-0.19183445190156598,-0.04248322147651007,-0.27293064876957496,-0.3155257270693512,-0.05395973154362416,-0.006241610738255034,-0.14798657718120806,-0.00563758389261745,-0.25865771812080535,-0.1565995525727069,-0.03845637583892618,-0.016308724832214766,-0.0017897091722595077,-0.02684563758389262,-0.1989261744966443,-0.29838926174496644,-0.004026845637583893,-0.0007606263982102907,-0.5700223713646532,-0.5729306487695749,-0.38680089485458613,-0.0843400447427293,-0.09317673378076062,-0.0018120805369127517,-0.0029082774049217002,-0.22785234899328857,-0.30391498881431767,-0.08769574944071588,-0.032818791946308726,-0.019574944071588364,-0.49713646532438477,-0.21700223713646533,-0.49530201342281877,-0.16599552572706935,-0.08438478747203579,-0.0036241610738255033,,-0.0029642058165548096,-0.036017897091722595,-0.05073825503355705,-0.00946308724832215,-0.5816554809843401,-0.03664429530201343,-0.07516778523489932,-0.10570469798657718,-0.812572706935123,-0.786979865771812,-0.5615212527964206,-0.2997762863534676,-0.05794183445190157,-0.0009395973154362417,-0.16364653243847874,-0.727069351230425,-0.7349217002237136,-0.024966442953020137,-0.04147651006711409,-0.06890380313199106,-0.09161073825503356,-0.039060402684563754,-0.03040268456375839,-0.05134228187919463,-0.34451901565995524,-0.20592841163310963,-0.006398210290827741,-0.4350782997762863,-0.6216442953020134,-0.06711409395973154,,-0.17225950782997762,-0.7008948545861298,-0.08299776286353468,-0.0338255033557047,-0.7645861297539149,-0.4527964205816555,-0.1250559284116331,-0.5932885906040268,-0.3485458612975391,-0.6152125279642058,-0.1941834451901566,-0.28187919463087246,-0.6659955257270693,-0.25302013422818787,-0.5369127516778524,-0.5026398210290828,-0.11901565995525727,-0.1633109619686801,-0.0436241610738255,-0.011476510067114094,-0.8701565995525726,-0.04158836689038031,-0.22818791946308728,-0.2184563758389262,-0.2004474272930649,-0.5209843400447427,-0.030201342281879196,-0.5634228187919463,-0.47337807606263976,-0.1221476510067114,-0.32102908277404923,-0.25469798657718123,-0.13024608501118567,-0.3191946308724832,-0.5557046979865772,-0.1951454138702461,-0.19105145413870245,-0.15581655480984338,-0.32930648769574944,-0.059507829977628636,-0.05089485458612975,-0.07125279642058166,-0.15894854586129753,-0.002393736017897092,-0.1354586129753915,-0.2513199105145414,-0.04384787472035794,-0.5845637583892618,-0.008859060402684565,-0.7357941834451902,-0.11666666666666665,-0.6630872483221476,-0.03523489932885906,-0.18243847874720356,-0.5583892617449664,-0.5393288590604026,-0.00045861297539149886,-0.08534675615212528,-0.00019015659955257268,-0.02295302013422819,-0.10639821029082773,-0.043064876957494405,-0.002785234899328859,-0.23255033557046978,-0.14125279642058164,-0.12919463087248323,-0.26232662192393735,-0.22393736017897092,-0.029082774049217,-0.006442953020134229,-0.1401565995525727,-0.06968680089485459,-0.00029082774049217004,-0.05315436241610739,-0.04953020134228187,-0.3540492170022371,-0.05597315436241611,-0.024608501118568233,-0.017225950782997764,-0.7512304250559284,-0.0383668903803132,-0.17243847874720358,-0.14720357941834453,-0.814317673378076,-0.09787472035794184,-0.012527964205816556,-0.04630872483221477,-0.07704697986577182,-0.05917225950782997,-0.06237136465324384,-0.2975167785234899
2024-10-18,-0.11543624161073825,-0.39932885906040266,-0.35023489932885904,-0.0010850111856823266,-0.0014429530201342281,-0.0014205816554809843,-0.0025503355704697985,-0.0019127516778523488,-0.0013982102908277406,-0.0008277404921700224,-0.0348993288590604,-0.3157046979865772,-0.0011409395973154364,-0.002069351230425056,-0.0014988814317673377,-0.14335570469798659,-0.0016442953020134228,-0.11345637583892618,-0.002315436241610738,-0.0004138702460850112,-0.0008948545861297538,-0.6371812080536913,-0.4330536912751678,-0.3864093959731544,-0.22691275167785235,-0.001297539149888143,-0.001308724832214765,-0.0021588366890380314,-0.0009843400447427293,-0.0006152125279642057,-0.06741610738255033,-0.41107382550335575,-0.0014541387024608501,-0.5704362416107382,-0.0009507829977628635,-0.0011073825503355706,-0.0008501118568232663,-0.1874496644295302,-0.13109619686800894,-0.2729530201342282,-0.05077181208053691,-0.7445525727069352,-0.5825503355704698,-0.002337807606263982,-0.0021140939597315434,-0.2687919463087248,-0.26308724832214764,-0.0024049217002237136,-0.3091275167785235,-0.558489932885906,-0.0020246085011185683,-0.002125279642058165,-0.001331096196868009,-0.13624161073825503,-0.0017002237136465325,-0.0022371364653243847,-0.11275167785234899,-0.7624161073825503,-0.5315436241610738,-0.0018791946308724834,-0.4778523489932886,-0.00203579418344519,-0.002695749440715884,-0.38805369127516776,-0.0018120805369127517,-0.3969798657718121,-0.0019910514541387025,-0.001174496644295302,-0.0019686800894854585,-0.0007606263982102907,-0.002203579418344519,-0.0014093959731543624,-0.0022930648769574945,-0.0020022371364653243,-0.0024272930648769576,-0.1298993288590604,-0.4521812080536913,-0.0029977628635346754,-0.0028411633109619687,-0.060838926174496655,-0.003008948545861297,-0.447248322147651,-0.48835570469798656,-0.7946308724832214,-0.4620469798657718,-0.002718120805369128,-0.43244966442953026,-0.4834228187919463,-0.0031543624161073825,-0.47684563758389265,-0.458758389261745,-0.002953020134228188,-0.002662192393736018,-0.37654362416107384,-0.7532438478747204,-0.003031319910514541,-0.6630872483221476,-0.6924049217002237,-0.002046979865771812,-0.0016890380313199103,-0.6412751677852349,-0.0030984340044742727,-0.002975391498881432,-0.0030201342281879194,-0.002472035794183445,-0.5332214765100671,-0.4801342281879195,-0.47191275167785235,-0.4127181208053691,-0.0025279642058165545,-0.026073825503355703,-0.32721476510067116,-0.7597315436241611,-0.01610738255033557,-0.001342281879194631,-0.0017561521252796419,-0.0009619686800894855,-0.02027964205816555,-0.06442953020134227,-0.0006263982102908277,-0.02959731543624161,-0.054261744966442954,-0.0005033557046979865,-0.00042505592841163314,-0.11016778523489933,-0.4192953020134228,-0.0008612975391498881,-0.1449664429530201,-0.37082774049217004,-0.4087248322147651,-0.001017897091722595,-0.002393736017897092,-0.0023042505592841163,-0.0015883668903803132,-0.0012416107382550335,-0.0015548098434004474,-0.0009172259507829977,-0.0015324384787472035,-0.0013758389261744966,-0.000738255033557047,-0.0024384787472035794,-0.12825503355704698,-0.0016554809843400448,-0.03781879194630872,-0.19731543624161074,-0.001633109619686801,-0.0012639821029082773,-0.0012080536912751677,-0.0023266219239373603,-0.0009731543624161073,-0.0016778523489932886,-0.1364765100671141,-0.001465324384787472,-0.0018232662192393737,-0.0013646532438478748,-0.7516778523489932,-0.277751677852349,-0.0006599552572706935,-0.0017785234899328859,-0.107248322147651,-0.9116107382550336,-0.7167785234899329,-0.06577181208053691,-0.2302013422818792,-0.0011521252796420581,-0.04110738255033557,-0.39999999999999997,-0.008221476510067114,-0.0015995525727069352,-0.0013534675615212528,-0.0005257270693512304,-0.3979194630872483,-0.0021812080536912754,-0.385234899328859,-0.0003579418344519016,-0.0008053691275167785,-0.0022818791946308727,,-0.0013870246085011186,-0.0018456375838926176,-0.00039149888143176736,-0.001923937360178971,-0.23724832214765101,-0.00021252796420581657,-0.0010738255033557046,-0.002460850111856823,-0.0033109619686800896,-0.12302013422818792,-0.00015659955257270693,-0.08714765100671142,-0.34694630872483223,-0.0010290827740492168,-0.0028635346756152127,-0.08959731543624161,-0.05046979865771812,-0.00261744966442953,-0.10359060402684564,-0.002248322147651007,-0.0024944071588366887,-0.15620805369127516,-0.0008389261744966443,-0.1151006711409396,-0.002013422818791946,-0.6530201342281878,-0.0020805369127516776,-0.029865771812080538,-0.03285234899328859,-0.33120805369127515,,-0.05097315436241611,-0.08516778523489932,-0.002751677852348993,-0.0019798657718120803,-0.009463087248322148,-0.13318791946308725,-0.2367785234899329,-0.01261744966442953,-0.36832214765100674,-0.16375838926174496,-0.35516778523489934,-0.2442953020134228,-0.06570469798657717,-0.1610738255033557,-0.21046979865771814,-0.16442953020134227,-0.0018680089485458612,-0.2701342281879195,-0.29530201342281875,-0.001196868008948546,-0.006621923937360179,-0.15268456375838926,-0.13389261744966444,-0.4768456375838926,-0.45053691275167784,-0.1767225950782998,-0.0005480984340044743,-0.30709172259507833,-0.2548657718120806,-0.002371364653243848,-0.5473154362416107,-0.4110738255033557,-0.0015212527964205815,-0.00040268456375838925,-0.025838926174496644,-0.04731543624161074,-0.0007941834451901566,-0.001476510067114094,-0.1174496644295302,-0.00032438478747203576,-0.00174496644295302,-0.3798322147651007,-0.3781879194630873,-0.0020581655480984336,-0.14634228187919465,-0.15033557046979867,-0.002192393736017897,-0.16402684563758388,-0.0005145413870246084,-0.08201342281879194,-0.0008165548098434005,-0.023892617449664432,-0.0012192393736017897,-0.3650335570469799,-0.11979865771812082,-0.7735234899328859,-0.001487695749440716,-0.002449664429530201,-0.0019351230425055928,-0.0010514541387024608,-0.43080536912751677,-0.0017225950782997761,-0.0017114093959731543,-0.6694630872483222,-0.4028523489932886,-0.0028859060402684563,-0.002170022371364653,-0.37114093959731537,-0.053691275167785234,-0.001319910514541387,-0.0028187919463087247,-0.0004921700223713646,-0.002651006711409396,-0.0015100671140939597,-0.478489932885906,-0.688255033557047,-0.3814765100671141,-0.6929530201342281,-0.002829977628635347,-0.8601342281879194,-0.49,-0.5848993288590604,-0.3946308724832215,-0.9832214765100671,-0.002348993288590604,-0.43573825503355706,-0.0025167785234899327,-0.470268456375839,-0.6483221476510067,-0.26473154362416107,-0.9799440715883669
2024-10-21,-0.04165548098434005,-0.1578523489932886,-0.4697986577181208,-0.004563758389261745,-0.08824384787472035,-0.07187919463087249,-0.09161073825503356,-0.010961968680089485,-0.023568232662192396,-0.006442953020134228,-0.31147651006711413,-0.03737136465324385,-0.1216778523489933,-0.031241610738255033,-0.054261744966442954,-0.8624161073825504,-0.16161073825503355,-0.003825503355704698,-0.0833109619686801,-0.0026845637583892616,-0.12003355704697988,-0.8595413870246086,-0.6420581655480985,-0.21753914988814319,-0.5735123042505592,-0.0619351230425056,-0.003288590604026846,-0.05919463087248322,-0.02325503355704698,-0.2790604026845638,-0.03891498881431767,-0.23731543624161075,-0.06631991051454139,-0.35934004474272935,-0.22691275167785233,-0.062248322147651,-0.021140939597315434,-0.23677852348993286,-0.5042505592841163,-0.1897986577181208,-0.30255033557046973,-0.7673378076062639,-0.0037583892617449664,-0.05449664429530201,-0.16114093959731546,-0.4628299776286353,-0.712930648769575,-0.0338255033557047,-0.1364765100671141,-0.38810961968680086,-0.5191275167785234,-0.8049217002237137,-0.10570469798657718,-0.07328859060402684,-0.09865771812080537,-0.15620805369127516,-0.29417225950783,-0.009395973154362415,-0.49610738255033554,-0.276241610738255,-0.8566666666666667,-0.12989932885906041,-0.338255033557047,-0.6554362416107383,-0.03053691275167785,-0.5205369127516778,-0.3185234899328859,-0.04298657718120805,-0.3626845637583892,-0.23978747203579415,-0.2973825503355705,-0.07416107382550335,-0.11729306487695751,-0.12277404921700225,-0.2861073825503356,-0.0610738255033557,-0.17476510067114093,-0.09771812080536912,-0.3819463087248322,-0.08456375838926174,-0.07563758389261746,-0.20671140939597313,-0.38316554809843406,-0.5908165548098434,-0.3758389261744966,-0.023020134228187925,-0.10907158836689039,-0.3015883668903803,-0.013154362416107382,-0.22001118568232664,-0.5430872483221476,-0.5148993288590603,-0.2330201342281879,-0.49986577181208053,-0.1534675615212528,-0.4622818791946308,-0.13348993288590602,-0.8519015659955257,-0.2472035794183445,-0.11784116331096198,-0.2645078299776287,-0.06036912751677853,-0.6896979865771812,-0.13976510067114095,-0.04909395973154362,-0.5506040268456376,-0.30472035794183444,-0.26120805369127514,-0.2607382550335571,-0.35516778523489934,-0.04549217002237137,-0.0575503355704698,-0.5809284116331096,-0.034999999999999996,-0.08440715883668903,-0.018087248322147653,-0.027718120805369124,-0.01808724832214765,-0.08824384787472035,-0.027404921700223715,-0.010335570469798657,-0.036174496644295305,-0.00634228187919463,-0.05214765100671141,-0.35328859060402684,-0.32510067114093955,-0.014798657718120804,-0.1785234899328859,-0.003131991051454139,-0.14798657718120806,-0.19026845637583892,-0.1046868008948546,-0.4087248322147651,-0.11893736017897094,-0.019731543624161074,-0.15237136465324386,-0.0054026845637583885,-0.04987695749440717,-0.02904921700223714,-0.0474496644295302,-0.27812080536912753,-0.36221476510067113,-0.11016778523489934,-0.10633109619686801,-0.2687248322147651,-0.22409395973154364,-0.019026845637583892,-0.12332214765100671,-0.014250559284116332,-0.33543624161073826,-0.307248322147651,-0.008221476510067115,-0.08824384787472035,-0.35375838926174497,-0.39744966442953017,-0.1926062639821029,-0.6890380313199105,-0.004765100671140939,-0.050425055928411636,-0.6389261744966444,-0.5387024608501119,-0.03946308724832215,-0.22268456375838924,-0.3988590604026846,-0.04369127516778523,-0.004026845637583892,-0.5574944071588367,-0.00039149888143176736,-0.09536912751677852,-0.37912751677852347,-0.0006040268456375838,-0.7094742729306488,-0.7292505592841163,-0.7070022371364654,-0.008769574944071589,-0.003657718120805369,-0.053791946308724824,,-0.14360178970917226,-0.15326621923937359,-0.00261744966442953,-0.04494407158836689,-0.7704250559284116,-0.002013422818791946,-0.03006711409395973,-0.3199328859060403,-0.31394854586129756,-0.45100671140939597,-0.0020246085011185683,-0.023020134228187918,-0.11345637583892618,-0.0018456375838926172,-0.14140939597315438,-0.3363422818791947,-0.054384787472035796,-0.5562416107382551,-0.05496644295302013,-0.055906040268456386,-0.1197986577181208,-0.0789261744966443,-0.05402684563758389,-0.07180089485458613,-0.6985570469798659,-0.048870246085011185,-0.14414988814317675,-0.05778523489932885,-0.13530201342281878,-0.1430536912751678,,-0.06357941834451902,-0.16809843400447427,-0.03178970917225951,-0.0405592841163311,-0.06389261744966442,-0.04768456375838926,-0.33125279642058164,-0.06013422818791946,-0.11290827740492171,-0.6105928411633109,-0.21610738255033557,-0.3044295302013423,-0.03241610738255033,-0.443489932885906,-0.44991051454138703,-0.13511185682326624,-0.14031319910514542,-0.19872483221476508,-0.3006711409395973,-0.002348993288590604,-0.14845637583892615,-0.5167785234899328,-0.0981096196868009,-0.43260626398210295,-0.020671140939597314,-0.8394183445190158,-0.10413870246085012,-0.695682326621924,-0.25744966442953016,-0.04604026845637585,-0.26355704697986576,-0.5468456375838926,-0.051521252796420586,-0.01620805369127517,-0.013859060402684562,-0.24241610738255032,-0.17335570469798656,-0.1496308724832215,-0.18604026845637583,-0.06483221476510066,-0.09701342281879195,-0.12222595078299776,-0.35516778523489934,-0.06083892617449665,-0.016912751677852347,-0.6514541387024608,-0.04001118568232663,-0.15079418344519016,-0.01977628635346756,-0.12026845637583893,-0.03069351230425056,-0.03946308724832215,-0.0054026845637583885,-0.21140939597315436,-0.11498881431767338,-0.4801342281879195,-0.003456375838926174,-0.07673378076062641,-0.10687919463087249,-0.03593959731543624,-0.6031767337807606,-0.00808724832214765,-0.05700223713646533,-0.7297539149888143,-0.4869910514541387,-0.34577181208053687,-0.6094407158836689,-0.5412080536912751,-0.5186577181208054,-0.004865771812080537,-0.024720357941834453,-0.501744966442953,-0.00016778523489932885,-0.4754362416107383,-0.11865771812080537,-0.4227181208053691,-0.037818791946308716,-0.013154362416107384,-0.007281879194630872,-0.040246085011185685,-0.816420581655481,-0.2128187919463087,-0.14195749440715885,-0.06248322147651007,-0.09646532438478748,-0.40026845637583885,-0.10742729306487696,-0.4773154362416107,-0.38563758389261743,-0.4185906040268456,-0.9240939597315436
2024-10-22,-0.013232662192393736,-0.25212527964205816,-0.03987695749440715,-0.028791946308724833,-0.19369127516778525,-0.04753914988814318,-0.11753914988814318,-0.17879194630872483,-0.0378076062639821,-0.05480984340044743,-0.44384787472035797,-0.3554250559284116,-0.1762304250559284,-0.1331096196868009,-0.24099552572706934,-0.0031655480984340047,-0.23507829977628636,-0.031118568232662194,-0.11588366890380314,-0.002718120805369128,-0.31208053691275167,-0.02848993288590604,-0.08863534675615213,-0.22192393736017899,-0.7939597315436242,-0.024138702460850113,-0.0058165548098434005,-0.18458612975391497,-0.03388143176733781,-0.17134228187919462,-0.028355704697986577,-0.17519015659955256,-0.039407158836689035,-0.2200559284116331,-0.2289709172259508,-0.47158836689038025,-0.15436241610738258,-0.16722595078299776,-0.6863534675615212,-0.09767337807606263,-0.23176733780760628,-0.06107382550335571,-0.5079977628635347,-0.348489932885906,-0.6110290827740492,-0.1541387024608501,-0.046532438478747204,-0.03523489932885906,-0.5097315436241611,-0.07904921700223715,-0.11303131991051456,-0.8085011185682326,-0.14568232662192393,-0.1029082774049217,-0.1821029082774049,-0.5170246085011185,-0.3267337807606264,-0.44865771812080535,-0.6597874720357942,-0.1976510067114094,-0.9433333333333334,-0.43864653243847873,-0.4889261744966442,-0.6077852348993289,-0.12863534675615215,-0.1948545861297539,-0.11963087248322148,-0.17630872483221477,-0.5576174496644295,-0.6571588366890381,-0.5255704697986577,-0.3100111856823266,-0.1453579418344519,-0.33316554809843396,-0.33756152125279637,-0.4906599552572707,-0.2808724832214765,-0.5045302013422819,-0.5991051454138702,-0.034172259507829976,-0.1812751677852349,-0.4109060402684564,-0.2563758389261745,-0.6492729306487697,-0.02563758389261745,-0.015727069351230426,-0.1697986577181208,-0.06836689038031321,-0.15313199105145414,-0.3635346756152125,-0.5336129753914989,-0.6088926174496644,-0.055548098434004475,-0.7623042505592842,-0.785234899328859,-0.2948322147651007,-0.12818791946308725,-0.018993288590604028,-0.44558165548098433,-0.023154362416107382,-0.09400447427293065,-0.04161073825503356,-0.5704362416107382,-0.3447427293064877,-0.28814317673378076,-0.2208053691275168,-0.23073825503355705,-0.3935682326621924,-0.11062639821029083,-0.40050335570469797,-0.033937360178970914,-0.15064876957494408,-0.5383892617449665,-0.02796420581655481,-0.08442953020134229,-0.018467561521252795,-0.04057046979865772,-0.0005816554809843401,-0.05876957494407159,-0.08277404921700224,-0.024720357941834453,-0.0020805369127516776,-0.0025167785234899327,-0.020648769574944072,-0.2652684563758389,-0.28414988814317677,-0.013814317673378075,-0.19552572706935126,-0.34824384787472035,-0.6519015659955257,-0.032438478747203583,-0.09133109619686801,-0.5467561521252796,-0.18137583892617448,-0.031263982102908275,-0.12177852348993289,-0.02544742729306488,-0.13161073825503355,-0.032997762863534674,-0.1514765100671141,-0.08973154362416108,-0.2628635346756152,-0.19782997762863533,-0.29328859060402684,-0.25727069351230425,-0.14319910514541387,-0.021085011185682328,-0.19071588366890377,-0.028064876957494406,-0.271420581655481,-0.07477628635346756,-0.1476510067114094,-0.18044742729306487,-0.04700223713646533,-0.7503355704697986,-0.6409395973154363,-0.3373601789709172,-0.028937360178970917,-0.024865771812080533,-0.2025950782997763,-0.018400447427293066,-0.08674496644295303,-0.14043624161073825,-0.021364653243847877,-0.033299776286353465,-0.02399328859060403,-0.8768568232662193,-0.0010738255033557046,-0.3421700223713647,-0.4975950782997763,-0.0020246085011185683,-0.14457494407158836,-0.09813199105145413,-0.0436241610738255,-0.003008948545861297,-0.03708053691275168,-0.2907158836689038,,-0.150503355704698,-0.15380313199105144,-0.0017897091722595077,-0.030827740492170023,-0.04115212527964206,-0.0012527964205816555,-0.03228187919463087,-0.1681767337807606,-0.1880089485458613,-0.0633109619686801,-0.02237136465324385,-0.00040268456375838925,-0.32421700223713645,-0.03984340044742729,-0.27863534675615215,-0.3311521252796421,-0.005671140939597316,-0.8492170022371365,-0.22125279642058165,-0.11689038031319911,-0.05628635346756152,-0.05145413870246085,-0.3408836689038031,-0.10263982102908277,-0.3024608501118568,-0.08118568232662193,-0.19244966442953018,-0.011633109619686801,-0.03970917225950783,-0.14194630872483222,,-0.028646532438478745,-0.20631991051454138,-0.074496644295302,-0.20196868008948546,-0.09022371364653244,-0.09519015659955259,-0.21325503355704695,-0.05201342281879195,-0.1942393736017897,-0.12880313199105145,-0.12992170022371366,-0.13246085011185682,-0.02516778523489933,-0.4443847874720358,-0.4769574944071588,-0.3363534675615212,-0.6345302013422819,-0.08194630872483222,-0.11269574944071588,-0.036208053691275166,-0.1569351230425056,-0.1774049217002237,-0.11257270693512304,-0.31406040268456376,-0.2842841163310962,-0.012662192393736019,-0.19166666666666665,-0.4969910514541387,-0.21845637583892616,-0.073668903803132,-0.2161073825503356,-0.4187919463087248,-0.0732662192393736,-0.0018903803131991052,-0.03970917225950783,-0.12309843400447426,-0.05876957494407159,-0.3717561521252797,-0.09133109619686801,-0.11174496644295302,-0.20279642058165548,-0.25851230425055927,-0.20082774049217003,-0.19203579418344519,-0.001174496644295302,-0.1456152125279642,-0.08389261744966443,-0.09133109619686801,-0.19865771812080538,-0.05463087248322148,-0.03809843400447427,-0.00814317673378076,-0.00697986577181208,-0.3290156599552573,-0.03970917225950783,-0.2812639821029083,-0.022684563758389262,-0.14816554809843402,-0.2071029082774049,-0.01948545861297539,-0.6913310961968681,-0.2598434004474273,-0.22768456375838925,-0.09180089485458613,-0.13406040268456376,-0.49932885906040264,-0.42460850111856824,-0.7754474272930648,-0.7780760626398211,-0.029664429530201344,-0.14955257270693512,-0.40379194630872484,-0.027774049217002238,-0.08937360178970917,-0.4059284116331096,-0.06409395973154362,-0.018008948545861297,-0.21817673378076063,-0.013982102908277404,-0.021029082774049218,-0.4389821029082774,-0.02186800894854586,-0.36146532438478746,-0.0319910514541387,-0.060458612975391506,-0.05768456375838926,-0.10677852348993289,-0.010682326621923938,-0.007885906040268457,-0.8695749440715883,-0.5508053691275168
2024-10-23,-0.04694444444444444,-0.18633333333333335,-0.13099999999999998,-0.05916666666666666,-0.46902222222222223,-0.1045,-0.064,-0.13249999999999998,-0.13173333333333334,-0.05027777777777778,-0.5162,-0.017733333333333334,-0.35176666666666667,-0.20886666666666667,-0.3458,-0.0019222222222222223,-0.4147,-0.06999999999999999,-0.18746666666666667,-0.124,-0.44403333333333334,-0.4979333333333333,-0.4363444444444445,-0.23835555555555554,-0.3422,-0.24266666666666667,-0.009066666666666667,-0.22533333333333336,-0.17684444444444442,-0.5266888888888889,-0.1976,-0.1922222222222222,-0.3210111111111111,-0.42288888888888887,-0.1938,-0.09803333333333333,-0.37120000000000003,-0.20013333333333333,-0.2494,-0.23813333333333336,-0.6032000000000001,-0.10640000000000001,-0.055744444444444444,-0.2571333333333333,-0.8671,-0.5343777777777777,-0.3901333333333334,-0.014733333333333334,-0.8207,-0.1862,-0.11399999999999999,-0.11889999999999999,-0.48055555555555557,-0.22874444444444444,-0.13606666666666667,-0.5539000000000001,-0.2849,-0.14032222222222224,-0.1131,-0.2806444444444445,-0.8351999999999999,-0.4978555555555555,-0.6641,-0.11599999999999999,-0.1638,-0.04876666666666667,-0.19413333333333335,-0.24604444444444445,-0.3364,-0.0847,-0.5151555555555556,-0.08983333333333333,-0.061533333333333336,-0.4171222222222222,-0.4344222222222222,-0.4466,-0.006066666666666667,-0.32293333333333335,-0.6815,-0.09034444444444445,-0.2262,-0.051899999999999995,-0.08213333333333334,-0.056466666666666665,-0.07366666666666667,-0.022777777777777775,-0.28833333333333333,-0.16086666666666666,-0.143,-0.0078,-0.6519333333333334,-0.1565666666666667,-0.121,-0.0174,-0.023200000000000002,-0.47286666666666666,-0.0228,-0.012666666666666666,-0.011600000000000001,-0.021,-0.21026666666666669,-0.05194444444444444,-0.7212333333333333,-0.528611111111111,-0.14906666666666668,-0.5632111111111111,-0.09753333333333333,-0.1368,-0.27993333333333337,-0.08842222222222221,-0.035388888888888886,-0.0815,-0.17196666666666666,-0.008266666666666667,-0.2888,-0.06999999999999999,-0.1384,-0.015555555555555555,-0.053,-0.107,-0.05583333333333333,-0.04813333333333334,-0.02194444444444444,-0.028611111111111108,-0.5132333333333333,-0.1806888888888889,-0.01068888888888889,-0.3027333333333333,-0.0025333333333333336,-0.30563333333333337,-0.0546,-0.03813333333333333,-0.1885,-0.25046666666666667,-0.221,-0.3242666666666667,-0.07388888888888889,-0.09649999999999999,-0.026722222222222224,-0.21753333333333333,-0.24700000000000003,-0.1925,-0.18645555555555554,-0.03267777777777778,-0.8004,-0.13299999999999998,-0.08499999999999999,-0.3383111111111111,-0.032,-0.24383333333333332,-0.13449999999999998,-0.07346666666666667,-0.29133333333333333,-0.12306666666666667,-0.8584,-0.0087,-0.0609,-0.12449999999999999,-0.20626666666666668,-0.1392,-0.11019999999999999,-0.0684,-0.3882888888888889,-0.3204666666666667,-0.1716,-0.02628888888888889,-0.6786,-0.0010333333333333334,-0.0308,-0.7571666666666667,-0.027733333333333336,-0.19414444444444445,-0.5056333333333333,-0.5313,-0.2900333333333333,-0.10833333333333334,-0.20800000000000002,-0.00961111111111111,-0.14213333333333333,-0.2871,-0.041388888888888885,-0.2774,-0.7314999999999999,-0.0054666666666666665,-0.35973333333333335,-0.06535555555555556,-0.17859999999999998,-0.04444444444444444,-0.004755555555555556,-0.0014,-0.04997777777777778,-0.0988,-0.11549999999999999,-0.5075000000000001,-0.004977777777777778,-0.8526,-0.26853333333333335,-0.10513333333333334,-0.038,-0.016666666666666666,-0.05113333333333333,-0.1235,-0.2784,-0.08613333333333333,-0.15200000000000002,-0.0064444444444444445,-0.01661111111111111,-0.2288,-0.0692,-0.06849999999999999,-0.15326666666666666,-0.027499999999999997,-0.4286555555555555,-0.035555555555555556,-0.1285,-0.29893333333333333,-0.011555555555555555,-0.103,-0.29794444444444446,-0.1482,-0.2533333333333333,-0.00568888888888889,-0.051333333333333335,-0.7858999999999999,-0.5389999999999999,-0.8468,-0.06583333333333333,-0.24180000000000001,-0.13599999999999998,-0.064,-0.41904444444444444,-0.3268,-0.17966666666666667,-0.24066666666666667,-0.47226666666666667,-0.20900000000000002,-0.145,-0.22419999999999998,-0.024499999999999997,-0.26526666666666665,-0.6237,-0.156,-0.06472222222222221,-0.04472222222222222,-0.0895,-0.09446666666666667,-0.8642,-0.087,-0.0455,-0.195,-0.028233333333333333,-0.02498888888888889,-0.11786666666666666,-0.0006333333333333334,-0.07956666666666667,-0.039,-0.12413333333333333,-0.16915555555555556,-0.01848888888888889,-0.06713333333333334,-0.006711111111111111,-0.008711111111111112,-0.05766666666666667,-0.0208,-0.05382222222222222,-0.05527777777777777,-0.19240000000000002,-0.2574,-0.1025,-0.20790000000000003,-0.35719999999999996,-0.2166,-0.5055444444444445,-0.04613333333333333,-0.6119,-0.1073,-0.8033,-0.6728,-0.06949999999999999,-0.16213333333333335,-0.1694,-0.145,-0.11273333333333334,-0.02026666666666667,-0.06586666666666667,-0.006211111111111112,-0.02913333333333333,-0.02498888888888889,-0.03166666666666666,-0.3114,-0.019166666666666665,-0.5516777777777778,-0.41519999999999996,-0.234,-0.38,-0.019000000000000003,-0.10573333333333335,-0.13933333333333334,-0.8439,-0.11917777777777777
2024-10-24,-0.03911111111111111,-0.09244444444444445,-0.5520666666666667,-0.19164444444444445,-0.13261111111111112,-0.18382222222222225,-0.1393777777777778,-0.11091111111111111,-0.14666666666666667,-0.0256,-0.5610666666666667,-0.061599999999999995,-0.23146666666666668,-0.04948888888888888,-0.04853333333333334,-0.20266666666666666,-0.10812222222222223,-0.05988888888888889,-0.1494888888888889,-0.05676666666666667,-0.21941111111111114,-0.06268888888888889,-0.1198111111111111,-0.1887111111111111,-0.09162222222222223,-0.2362888888888889,-0.04938888888888889,-0.26199999999999996,-0.16524444444444444,-0.5208,-0.12515555555555558,-0.4031888888888889,-0.3216777777777778,-0.3356888888888889,-0.12942222222222224,-0.3397333333333334,-0.0029222222222222223,-0.07528888888888889,-0.01168888888888889,-0.5955444444444445,-0.6968111111111112,-0.3784444444444444,-0.029222222222222222,-0.10367777777777779,-0.014611111111111111,-0.18994444444444447,-0.10717777777777777,-0.003177777777777778,-0.11688888888888889,-0.12335555555555557,-0.08995555555555555,-0.07474444444444445,-0.5201555555555556,-0.064,-0.15546666666666667,-0.6196555555555556,-0.4448888888888889,-0.2750222222222222,-0.21251111111111112,-0.2605444444444444,-0.020455555555555557,-0.06027777777777778,-0.1060888888888889,-0.15283333333333332,-0.35806666666666664,-0.25075555555555556,-0.15913333333333335,-0.2998444444444444,-0.3594333333333333,-0.5642,-0.07715555555555556,-0.2770444444444444,-0.10880000000000001,-0.12296666666666668,-0.24352222222222225,-0.028311111111111113,-0.10344444444444445,-0.13502222222222224,-0.8357555555555556,-0.03471111111111111,-0.026522222222222225,-0.10364444444444444,-0.34496666666666664,-0.46775555555555554,-0.1535111111111111,-0.09955555555555556,-0.7064555555555556,-0.3697111111111111,-0.030333333333333337,-0.10655555555555556,-0.04098888888888889,-0.5087444444444446,-0.3316444444444444,-0.5884666666666667,-0.4119222222222222,-0.058444444444444445,-0.023466666666666667,-0.10479999999999999,-0.07568888888888889,-0.029166666666666667,-0.27475555555555553,-0.06186666666666667,-0.1724111111111111,-0.05063333333333334,-0.264,-0.005844444444444445,-0.16447777777777775,-0.10811111111111112,-0.05545555555555556,-0.1601111111111111,-0.10853333333333333,-0.11062222222222223,-0.37006666666666665,-0.0024222222222222223,-0.25075555555555556,-0.1393777777777778,-0.40755555555555556,-0.0019,-0.055,-0.23725555555555555,-0.11733333333333335,-0.063,-0.04668888888888889,-0.045500000000000006,-0.1957888888888889,-0.16328888888888887,-0.001388888888888889,-0.44125555555555557,-0.007388888888888889,-0.14846666666666666,-0.02322222222222222,-0.08166666666666667,-0.540088888888889,-0.1302,-0.07277777777777777,-0.26281111111111116,-0.39635555555555557,-0.0952888888888889,-0.019200000000000002,-0.25472222222222224,-0.20435555555555554,-0.21105555555555555,-0.31344444444444447,-0.10538888888888889,-0.7247111111111111,-0.015644444444444447,-0.044,-0.4098888888888889,-0.1024,-0.2033777777777778,-0.2922222222222222,-0.13982222222222224,-0.11573333333333334,-0.1761222222222222,-0.8386777777777779,-0.7112777777777778,-0.22997777777777775,-0.12613333333333332,-0.22706666666666667,-0.10188888888888889,-0.1935888888888889,-0.36825555555555556,-0.23053333333333334,-0.4570222222222222,-0.16302222222222224,-0.0029444444444444444,-0.16948888888888888,-0.002711111111111111,-0.14862222222222224,-0.017533333333333335,-0.057166666666666664,-0.5985777777777778,-0.3375555555555556,-0.23255555555555557,-0.3624333333333333,-0.19164444444444445,-0.06648888888888889,-0.28355555555555556,-0.06113333333333334,-0.20253333333333337,-0.1728,-0.1441,-0.10227777777777779,-0.028311111111111113,-0.34774444444444447,-0.1521777777777778,-0.41046666666666665,-0.1472,-0.0023666666666666667,-0.0009111111111111111,-0.07194444444444445,-0.23564444444444446,-0.12302222222222223,-0.041999999999999996,-0.027066666666666666,-0.008766666666666667,-0.47117777777777775,-0.26497777777777776,-0.03048888888888889,-0.002777777777777778,-0.04791111111111111,-0.38220000000000004,-0.39635555555555557,-0.18133333333333335,-0.05483333333333333,-0.0026222222222222224,-0.02908888888888889,-0.22664444444444448,-0.16355555555555557,-0.04013333333333333,-0.21804444444444443,-0.057444444444444444,-0.3038,-0.05866666666666667,-0.33768888888888887,-0.5399333333333334,-0.0023555555555555556,-0.12231111111111112,-0.16784444444444446,-0.1393777777777778,-0.15574444444444444,-0.002688888888888889,-0.112,-0.5172333333333333,-0.5727555555555556,-0.0642888888888889,-0.12372222222222222,-0.4484666666666667,-0.013099999999999999,-0.0843888888888889,-0.14964444444444444,-0.1711888888888889,-0.22293333333333334,-0.1880666666666667,-0.3255,-0.055733333333333336,-0.17175555555555555,-0.2552,-0.08827777777777779,-0.2992888888888889,-0.19530000000000003,-0.12954444444444446,-0.10625555555555556,-0.03048888888888889,-0.07155555555555555,-0.07388888888888889,-0.8708222222222223,-0.12906666666666666,-0.025177777777777778,-0.15975555555555554,-0.09527777777777778,-0.10461111111111111,-0.08604444444444445,-0.0029222222222222223,-0.1456888888888889,-0.09100000000000001,-0.043022222222222226,-0.18417777777777777,-0.03702222222222223,-0.09484444444444444,-0.0024333333333333334,-0.014666666666666668,-0.15786666666666668,-0.03562222222222222,-0.3900888888888889,-0.11342222222222222,-0.04221111111111111,-0.853288888888889,-0.1574222222222222,-0.36602222222222225,-0.3327333333333334,-0.6006,-0.09504444444444446,-0.05405555555555556,-0.08766666666666667,-0.20735555555555557,-0.6750333333333334,-0.6282777777777778,-0.06613333333333334,-0.3813555555555555,-0.08675555555555556,-0.0176,-0.16035555555555556,-0.2688888888888889,-0.3653444444444444,-0.03202222222222222,-0.10266666666666667,-0.11644444444444443,-0.2776888888888889,-0.6984111111111111,-0.010888888888888889,-0.02337777777777778,-0.4352111111111111,-0.5581333333333334,-0.8766666666666667,-0.026833333333333334,-0.07583333333333334,-0.09169999999999999,-0.03506666666666667,-0.42793333333333333
2024-10-25,-0.011833333333333335,-0.08313333333333334,-0.3446666666666666,-0.40986666666666666,-0.5142666666666666,-0.11411111111111111,-0.16764444444444443,-0.5833333333333334,-0.1386666666666667,-0.034833333333333334,-0.511,-0.11555555555555556,-0.1512888888888889,-0.19933333333333333,-0.3221111111111111,-0.08893333333333334,-0.392,-0.023722222222222224,-0.14177777777777775,-0.0843888888888889,-0.4755999999999999,-0.2339333333333333,-0.30333333333333334,-0.3406666666666667,-0.02966666666666667,-0.2678222222222222,-0.04116666666666667,-0.3278888888888889,-0.31922222222222224,-0.6888555555555556,-0.04253333333333333,-0.3952,-0.4856666666666667,-0.20493333333333333,-0.05477777777777777,-0.07233333333333333,-0.6253333333333333,-0.028499999999999998,-0.002888888888888889,-0.5982888888888889,-0.33526666666666666,-0.23199999999999998,-0.019211111111111113,-0.4891333333333333,-0.7958888888888889,-0.44460000000000005,-0.1892222222222222,-0.0017444444444444445,-0.6476888888888889,-0.1617777777777778,-0.2051111111111111,-0.044333333333333336,-0.40892222222222224,-0.0415,-0.28600000000000003,-0.4363666666666667,-0.3523333333333333,-0.16466666666666668,-0.04622222222222223,-0.26,-0.6906666666666667,-0.6323333333333333,-0.6043333333333333,-0.025555555555555554,-0.5273333333333333,-0.33944444444444444,-0.2975555555555556,-0.48719999999999997,-0.43866666666666665,-0.49699999999999994,-0.6836666666666666,-0.15455555555555556,-0.10966666666666666,-0.41455555555555557,-0.5355333333333333,-0.15531111111111112,-0.1991333333333333,-0.2986666666666667,-0.015666666666666666,-0.005833333333333334,-0.2892888888888889,-0.2668,-0.32866666666666666,-0.6394555555555556,-0.15337777777777778,-0.32066666666666666,-0.7269333333333333,-0.4620666666666666,-0.16562222222222223,-0.018399999999999996,-0.3928888888888889,-0.6579999999999999,-0.5516333333333334,-0.7217888888888889,-0.020999999999999998,-0.5123333333333333,-0.15466666666666667,-0.047044444444444444,-0.33253333333333335,-0.0948888888888889,-0.22166666666666665,-0.567,-0.693,-0.5490666666666666,-0.5529999999999999,-0.18108888888888888,-0.2773333333333334,-0.26986666666666664,-0.28417777777777775,-0.0031000000000000003,-0.1263111111111111,-0.1392,-0.7327666666666667,-0.02488888888888889,-0.3016,-0.2535111111111111,-0.13996666666666668,-0.00045555555555555556,-0.035777777777777776,-0.07666666666666666,-0.0638,-0.009022222222222223,-0.005155555555555556,-0.000688888888888889,-0.16466666666666668,-0.1696888888888889,-0.0011666666666666668,-0.1913333333333333,-0.03900000000000001,-0.11551111111111109,-0.001688888888888889,-0.12695555555555554,-0.1289888888888889,-0.7574666666666667,-0.28744444444444445,-0.522,-0.3896666666666666,-0.050555555555555555,-0.019833333333333335,-0.602,-0.37598888888888893,-0.10937777777777778,-0.299,-0.01588888888888889,-0.0094,-0.0003222222222222222,-0.022333333333333334,-0.11857777777777777,-0.03383333333333333,-0.2527777777777778,-0.41766666666666663,-0.06644444444444444,-0.11755555555555555,-0.09344444444444444,-0.9023999999999999,-0.3622666666666667,-0.06848888888888888,-0.2802222222222222,-0.319,-0.0464,-0.14444444444444443,-0.3267333333333333,-0.034,-0.6641555555555556,-0.25422222222222224,-0.057166666666666664,-0.10703333333333334,-0.003666666666666667,-0.03466666666666667,-0.8178444444444445,-0.057355555555555555,-0.7958666666666666,-0.16626666666666667,-0.10053333333333334,-0.013288888888888888,-0.0638,-0.2917777777777778,-0.0232,-0.11857777777777777,-0.49493333333333334,-0.0023333333333333335,-0.17786666666666665,-0.3756666666666666,-0.002666666666666667,-0.3869666666666667,-0.23544444444444446,-0.06533333333333333,-0.02146666666666667,-0.0005555555555555556,-0.0011555555555555557,-0.12777777777777777,-0.1791111111111111,-0.1206222222222222,-0.001088888888888889,-0.0014111111111111112,-0.8068666666666667,-0.18936666666666668,-0.3866666666666666,-0.03383333333333333,-0.017499999999999998,-0.1205111111111111,-0.31033333333333335,-0.3596,-0.35379999999999995,-0.017,-0.07973333333333334,-0.0007777777777777778,-0.13799999999999998,-0.07655555555555556,-0.09333333333333332,-0.06355555555555556,-0.11922222222222223,-0.5790777777777778,-0.02448888888888889,-0.15866666666666665,-0.08146666666666666,-0.022944444444444444,-0.056222222222222215,-0.3307777777777778,-0.19319999999999998,-0.03772222222222222,-0.02877777777777778,-0.010222222222222221,-0.13447777777777778,-0.3948,-0.7382555555555556,-0.05988888888888889,-0.08233333333333334,-0.23306666666666664,-0.027711111111111113,-0.07768888888888889,-0.17766666666666667,-0.16033333333333333,-0.0188,-0.0928,-0.03016666666666667,-0.09199999999999998,-0.0741,-0.16151111111111108,-0.08233333333333334,-0.22897777777777778,-0.08764444444444444,-0.021777777777777778,-0.0005111111111111111,-0.0315,-0.036166666666666666,-0.8773333333333333,-0.05561111111111111,-0.019500000000000003,-0.3755555555555556,-0.09022222222222222,-0.17593333333333333,-0.22999999999999998,-0.03227777777777778,-0.0232,-0.2787777777777778,-0.009666666666666667,-0.17966666666666664,-0.014000000000000002,-0.010955555555555555,-0.0007,-0.025333333333333336,-0.29,-0.05519999999999999,-0.07153333333333332,-0.15788888888888888,-0.17657777777777778,-0.8961333333333333,-0.2351111111111111,-0.4747888888888889,-0.23566666666666666,-0.5953333333333333,-0.3972222222222222,-0.1230888888888889,-0.6813333333333333,-0.39433333333333337,-0.9243333333333332,-0.7931444444444445,-0.038500000000000006,-0.3733333333333333,-0.013222222222222222,-0.11316666666666667,-0.25566666666666665,-0.35186666666666666,-0.3963333333333333,-0.0077777777777777776,-0.007733333333333333,-0.16433333333333333,-0.2687333333333333,-0.38226666666666664,-0.03422222222222222,-0.7821666666666667,-0.05366666666666666,-0.6736666666666666,-0.94,-0.13791111111111112,-0.18173333333333333,-0.2126222222222222,-0.8205888888888889,-0.11526666666666668
2024-10-28,-0.0010111111111111113,-0.2697,-0.13999999999999999,-0.532,-0.10133333333333333,-0.2155777777777778,-0.2475333333333333,-0.40786666666666666,-0.08303333333333333,-0.1886,-0.33440000000000003,-0.12726666666666667,-0.27734444444444445,-0.5040000000000001,-0.4368000000000001,-0.2208,-0.31733333333333336,-0.0442,-0.36333333333333334,-0.42143333333333327,-0.21026666666666669,-0.2725,-0.21333333333333332,-0.17733333333333334,-0.07650000000000001,-0.3850666666666667,-0.4162666666666667,-0.6266666666666666,-0.6992,-0.4788,-0.0374,-0.19506666666666667,-0.5497333333333334,-0.3192,-0.2001,-0.17703333333333332,-0.07333333333333333,-0.13883333333333334,-0.0272,-0.5978666666666667,-0.5422222222222222,-0.057966666666666666,-0.2846111111111111,-0.07600000000000001,-0.7042666666666667,-0.042222222222222223,-0.2591777777777778,-0.09028888888888888,-0.055733333333333336,-0.19040000000000004,-0.25312222222222225,-0.12474444444444445,-0.5666666666666667,-0.31777777777777777,-0.35973333333333335,-0.1748,-0.15453333333333333,-0.05328888888888889,-0.16773333333333335,-0.14016666666666666,-0.5725333333333333,-0.49400000000000005,-0.4864,-0.09506666666666667,-0.3724,-0.4498666666666667,-0.08866666666666667,-0.3546666666666667,-0.6688000000000001,-0.14186666666666667,-0.23813333333333336,-0.19720000000000001,-0.1513888888888889,-0.3952,-0.7473333333333333,-0.20366666666666666,-0.0024222222222222223,-0.25191111111111114,-0.1457,-0.0020777777777777778,-0.0988,-0.3470666666666667,-0.2640222222222222,-0.3866666666666666,-0.15256666666666668,-0.031733333333333336,-0.6358666666666667,-0.18772222222222223,-0.10653333333333333,-0.004833333333333333,-0.05226666666666668,-0.4458666666666667,-0.33186666666666664,-0.19253333333333336,-0.06661111111111111,-0.06586666666666667,-0.29914444444444444,-0.07215555555555556,-0.39009999999999995,-0.32293333333333335,-0.03286666666666666,-0.2733333333333333,-0.032933333333333335,-0.7372,-0.2222222222222222,-0.03333333333333333,-0.17859999999999998,-0.6966666666666667,-0.0304,-0.3619,-0.024444444444444442,-0.4778666666666667,-0.04053333333333334,-0.0009555555555555556,-0.40444444444444444,-0.7524,-0.5226666666666667,-0.0005666666666666667,-0.03702222222222222,-0.12276666666666666,-0.4543333333333333,-0.0012111111111111112,-0.0014222222222222225,-0.0016555555555555555,-0.35719999999999996,-0.26,-0.0028,-0.0276,-0.11106666666666666,-0.20086666666666667,-0.10048888888888889,-0.38453333333333334,-0.21921111111111113,-0.16720000000000002,-0.3210666666666667,-0.5826666666666667,-0.7270666666666666,-0.24464444444444444,-0.11503333333333333,-0.6080000000000001,-0.07853333333333333,-0.22526666666666667,-0.5624,-0.1547,-0.09713333333333332,-0.002277777777777778,-0.15130000000000002,-0.08802222222222221,-0.06686666666666667,-0.41253333333333336,-0.5155555555555555,-0.26486666666666664,-0.28226666666666667,-0.3149,-0.16973333333333332,-0.07111111111111111,-0.0799,-0.4853333333333334,-0.2538666666666667,-0.04382222222222222,-0.16143333333333332,-0.06736666666666667,-0.5282666666666668,-0.6561333333333333,-0.48,-0.28323333333333334,-0.012533333333333334,-0.001477777777777778,-0.02266666666666667,-0.7321333333333334,-0.059311111111111106,-0.7574666666666667,-0.18530000000000002,-0.20493333333333333,-0.0014333333333333333,-0.09010000000000001,-0.6244444444444444,-0.04446666666666667,-0.1622888888888889,-0.1444,-0.0019666666666666665,-0.40880000000000005,-0.4741333333333334,-0.0013333333333333335,-0.3666666666666667,-0.3288888888888889,-0.036033333333333334,-0.0011555555555555557,-0.0012000000000000001,-0.0016222222222222224,-0.11116666666666666,-0.3027777777777778,-0.0841,-0.0005,-0.001188888888888889,-0.010133333333333334,-0.5888888888888888,-0.4053333333333333,-0.051000000000000004,-0.06863333333333332,-0.07676666666666666,-0.6409333333333334,-0.28373333333333334,-0.12837777777777779,-0.10728888888888888,-0.0010777777777777778,-0.0008333333333333334,-0.04983333333333334,-0.08216666666666667,-0.18366666666666664,-0.04193333333333333,-0.31546666666666673,-0.49906666666666666,-0.0005777777777777779,-0.09567777777777776,-0.05596666666666667,-0.0008111111111111112,-0.06823333333333334,-0.3885333333333333,-0.28,-0.09236666666666668,-0.0007111111111111113,-0.09520000000000002,-0.17173333333333335,-0.20266666666666666,-0.0228,-0.16866666666666666,-0.04543333333333333,-0.033600000000000005,-0.022288888888888886,-0.002388888888888889,-0.14886666666666665,-0.17786666666666665,-0.4181333333333334,-0.16834444444444444,-0.20546666666666666,-0.11220000000000001,-0.18173333333333333,-0.19862222222222223,-0.007666666666666667,-0.2507,-0.24222222222222223,-0.002177777777777778,-0.0013333333333333335,-0.0012222222222222222,-0.0016777777777777778,-0.7017333333333333,-0.16176666666666667,-0.06440000000000001,-0.10640000000000001,-0.09763333333333332,-0.218,-0.45360000000000006,-0.10936666666666667,-0.04533333333333334,-0.4636,-0.0021555555555555555,-0.0981,-0.00045555555555555556,-0.0023333333333333335,-0.0007777777777777778,-0.14563333333333334,-0.3453333333333334,-0.01813333333333333,-0.10657777777777779,-0.2333333333333333,-0.4534666666666667,-0.0076,-0.4909333333333334,-0.12,-0.3713,-0.06333333333333332,-0.5750666666666667,-0.0423,-0.7245333333333334,-0.12666666666666665,-0.017733333333333334,-0.7549333333333333,-0.42456666666666665,-0.5288888888888889,-0.0016,-0.05111111111111111,-0.1864333333333333,-0.12846666666666665,-0.07093333333333335,-0.017377777777777777,-0.1207,-0.04444444444444444,-0.3791333333333333,-0.05333333333333333,-0.0782,-0.0152,-0.40419999999999995,-0.6890666666666666,-0.0025333333333333336,-0.16916666666666666,-0.039200000000000006,-0.1566,-0.03546666666666667,-0.15259999999999999
2024-10-29,-0.002388888888888889,-0.1815,-0.2595,-0.2844333333333333,-0.2558111111111111,-0.10375555555555555,-0.2532333333333333,-0.1988,-0.10224444444444446,-0.1288,-0.7005333333333333,-0.1558,-0.43783333333333335,-0.47806666666666664,-0.30529999999999996,-0.3268,-0.2318,-0.06810000000000001,-0.09466666666666666,-0.028399999999999998,-0.2898,-0.15786666666666668,-0.21000000000000002,-0.2394,-0.09125555555555556,-0.4141666666666667,-0.09838888888888887,-0.2556,-0.3147666666666667,-0.1917,-0.0025444444444444447,-0.3648,-0.14673333333333333,-0.513411111111111,-0.06797777777777778,-0.11583333333333333,-0.06899999999999999,-0.1596,-0.06269999999999999,-0.1207,-0.20353333333333334,-0.12444444444444444,-0.2655,-0.16278888888888887,-0.0426,-0.17173333333333335,-0.4007111111111111,-0.12195555555555555,-0.22800000000000004,-0.3825,-0.18067777777777777,-0.28800000000000003,-0.24376666666666666,-0.09302222222222221,-0.24613333333333334,-0.21973333333333334,-0.3495,-0.1760888888888889,-0.1775,-0.19666666666666666,-0.023666666666666666,-0.0994,-0.08283333333333333,-0.1875,-0.2769,-0.15856666666666666,-0.3237888888888889,-0.037566666666666665,-0.3526333333333333,-0.24686666666666665,-0.060822222222222215,-0.28049999999999997,-0.28800000000000003,-0.06863333333333332,-0.15383333333333332,-0.258,-0.17671111111111112,-0.435,-0.2475,-0.0639,-0.08765555555555554,-0.1822333333333333,-0.22246666666666667,-0.11448888888888889,-0.02666666666666667,-0.18366666666666667,-0.030766666666666668,-0.417,-0.0255,-0.0005555555555555556,-0.03166666666666666,-0.0781,-0.6910666666666667,-0.025044444444444442,-0.22666666666666666,-0.05545555555555555,-0.0644,-0.06115555555555556,-0.19498888888888888,-0.20826666666666666,-0.14933333333333335,-0.2343444444444444,-0.005366666666666666,-0.018933333333333333,-0.16457777777777774,-0.024,-0.056999999999999995,-0.026033333333333332,-0.2522333333333333,-0.22039999999999998,-0.0735,-0.23666666666666664,-0.3291555555555555,-0.0026444444444444445,-0.3621,-0.071,-0.17986666666666667,-0.002888888888888889,-0.05789999999999999,-0.15146666666666667,-0.19643333333333332,-0.0008777777777777778,-0.0624,-0.0017555555555555556,-0.48516666666666663,-0.33988888888888885,-0.21026666666666669,-0.11896666666666667,-0.026755555555555557,-0.18239999999999998,-0.24953333333333333,-0.3692,-0.3105,-0.47096666666666664,-0.3763,-0.2698,-0.21063333333333334,-0.19406666666666664,-0.11075555555555557,-0.08756666666666667,-0.3686,-0.0945,-0.18933333333333333,-0.10733333333333334,-0.10033333333333333,-0.09698888888888889,-0.07253333333333332,-0.24700000000000003,-0.05351111111111111,-0.1680333333333333,-0.27926666666666666,-0.6745,-0.10413333333333333,-0.1878333333333333,-0.061533333333333336,-0.3774666666666667,-0.17422222222222222,-0.09703333333333332,-0.186,-0.06689999999999999,-0.0992,-0.21416666666666667,-0.5467,-0.6461,-0.13253333333333334,-0.041144444444444435,-0.22416666666666665,-0.069,-0.0729,-0.014199999999999999,-0.16746666666666665,-0.6295333333333334,-0.29760000000000003,-0.21280000000000002,-0.0345,-0.11324444444444445,-0.6650333333333333,-0.13998888888888888,-0.2445,-0.29337777777777774,-0.0858,-0.1278,-0.24328888888888886,-0.003011111111111111,-0.2683333333333333,-0.30766666666666664,-0.0867,-0.0028111111111111114,-0.0023444444444444446,-0.11514444444444445,-0.14916666666666667,-0.3171333333333333,-0.09395555555555556,-0.002711111111111111,-0.002755555555555556,-0.0161,-0.5348666666666666,-0.14436666666666667,-0.06844444444444445,-0.0027333333333333333,-0.016,-0.28873333333333334,-0.2535,-0.18166666666666667,-0.2505,-0.0027444444444444448,-0.002766666666666667,-0.08122222222222222,-0.1975,-0.30150000000000005,-0.07769999999999999,-0.20589999999999997,-0.34553333333333336,-0.003077777777777778,-0.2730666666666667,-0.1344,-0.0024444444444444444,-0.16240000000000002,-0.29583333333333334,-0.6673999999999999,-0.09146666666666667,-0.002688888888888889,-0.06346666666666667,-0.33313333333333334,-0.17353333333333334,-0.10196666666666666,-0.1562,-0.12804444444444446,-0.10560000000000001,-0.0024333333333333334,-0.0651,-0.2772777777777778,-0.3148444444444444,-0.17531111111111108,-0.2656,-0.13963333333333333,-0.27946666666666664,-0.6319,-0.2745333333333333,-0.03535555555555556,-0.23813333333333336,-0.30600000000000005,-0.1375111111111111,-0.0026000000000000003,-0.0028,-0.0020666666666666667,-0.004733333333333333,-0.3195,-0.001,-0.17173333333333332,-0.08833333333333333,-0.2576,-0.11359999999999999,-0.08320000000000001,-0.11227777777777778,-0.28163333333333335,-0.10017777777777777,-0.16166666666666665,-0.0028222222222222225,-0.0822,-0.0029444444444444444,-0.2955,-0.16994444444444443,-0.0684,-0.25,-0.37924444444444444,-0.056799999999999996,-0.03398888888888889,-0.426,-0.16086666666666666,-0.048299999999999996,-0.16949999999999998,-0.6958,-0.16426666666666667,-0.06626666666666667,-0.15205555555555553,-0.008944444444444444,-0.052066666666666664,-0.04733333333333333,-0.1252222222222222,-0.029244444444444448,-0.1455,-0.2816,-0.11,-0.19916666666666666,-0.0033222222222222225,-0.31466666666666665,-0.4150222222222222,-0.0874,-0.0925,-0.060833333333333336,-0.016566666666666667,-0.4919444444444444,-0.284,-0.0023666666666666667,-0.06976666666666666,-0.1375,-0.04416666666666667,-0.007155555555555556,-0.185
2024-10-30,-0.0005888888888888889,-0.14222222222222222,-0.17452222222222222,-0.7706666666666667,-0.8,-0.0028666666666666667,-0.16055555555555553,-0.4870444444444445,-0.03722222222222222,-0.2323333333333333,-0.2716,-0.09055555555555556,-0.5093333333333334,-0.3353777777777778,-0.028311111111111113,-0.064,-0.2795444444444445,-0.024444444444444442,-0.048355555555555554,-0.036833333333333336,-0.7064555555555556,-0.20695555555555553,-0.15753333333333333,-0.2125,-0.12088888888888889,-0.21333333333333335,-0.2772777777777778,-0.46399999999999997,-0.7253333333333334,-0.7016333333333333,-0.0031666666666666666,-0.7178,-0.2197,-0.873,-0.000977777777777778,-0.20386666666666667,-0.23955555555555552,-0.2276111111111111,-0.002688888888888889,-0.5306666666666667,-0.3962111111111111,-0.0961111111111111,-0.25328888888888884,-0.4187444444444444,-0.784,-0.1393777777777778,-0.5051222222222223,-0.12561111111111112,-0.38682222222222223,-0.33424444444444446,-0.13883333333333334,-0.42008888888888885,-0.4563555555555555,-0.5473222222222223,-0.14072222222222222,-0.25020000000000003,-0.5464333333333333,-0.3583111111111111,-0.5640444444444443,-0.08688888888888888,-0.6424444444444444,-0.18666666666666668,-0.08928888888888888,-0.15205555555555553,-0.536,-0.3832888888888889,-0.22194444444444444,-0.4694444444444445,-0.2156,-0.5135666666666667,-0.6506666666666667,-0.5893333333333334,-0.2393888888888889,-0.6480000000000001,-0.8704,-0.35677777777777775,-0.08957777777777777,-0.38933333333333336,-0.14808888888888888,-0.0013555555555555556,-0.5226666666666667,-0.0725888888888889,-0.12510000000000002,-0.055722222222222215,-0.0003444444444444445,-0.08783333333333333,-0.04137777777777778,-0.16525555555555557,-0.24744444444444444,-0.0008111111111111112,-0.1973888888888889,-0.0048222222222222225,-0.6692999999999999,-0.38982222222222224,-0.1832222222222222,-0.04061111111111111,-0.21344444444444444,-0.0031333333333333335,-0.4442666666666667,-0.14271111111111112,-0.08877777777777777,-0.22157777777777776,-0.5614555555555556,-0.26666666666666666,-0.1611111111111111,-0.0169,-0.011333333333333332,-0.5389222222222222,-0.07876666666666667,-0.3830222222222222,-0.00037777777777777777,-0.2685222222222222,-0.2796888888888889,-0.0016,-0.4056,-0.7146666666666667,-0.20843333333333333,-0.04388888888888888,-0.0015777777777777778,-0.08722222222222221,-0.1446666666666667,-0.0003222222222222222,-0.0008222222222222223,-0.0014555555555555556,-0.6240000000000001,-0.21533333333333332,-0.1511111111111111,-0.0005555555555555556,-0.016999999999999998,-0.2068333333333333,-0.001688888888888889,-0.31344444444444447,-0.4417111111111111,-0.6160000000000001,-0.2826333333333333,-0.5530666666666666,-0.7767111111111111,-0.09166666666666667,-0.002966666666666667,-0.7280000000000001,-0.21986666666666665,-0.0020333333333333336,-0.7888,-0.05611111111111111,-0.03166666666666666,-0.016666666666666666,-0.06333333333333332,-0.3243333333333333,-0.07555555555555554,-0.019999999999999997,-0.23516666666666666,-0.21016666666666667,-0.11616666666666665,-0.15866666666666668,-0.7546666666666667,-0.8280888888888889,-0.4942777777777778,-0.4938555555555556,-0.12055555555555555,-0.06233333333333333,-0.13999999999999999,-0.18605555555555553,-0.858311111111111,-0.18106666666666668,-0.03861111111111111,-0.4994888888888889,-0.3223111111111111,-0.10666666666666666,-0.020555555555555556,-0.7893333333333334,-0.0004666666666666667,-0.3294222222222222,-0.5907222222222223,-0.21158888888888888,-0.0022222222222222222,-0.0005111111111111111,-0.10577777777777778,-0.3117111111111111,-0.002833333333333333,-0.30706666666666665,-0.119,-0.33236666666666664,-0.5509777777777778,-0.1718888888888889,-0.18946666666666664,-0.17283333333333334,-0.3761333333333334,-0.000988888888888889,-0.00023333333333333336,-0.11277777777777777,-0.17283333333333334,-0.3866666666666667,-0.102,-0.0020333333333333336,-0.0013222222222222222,-0.6148333333333333,-0.7041777777777777,-0.105,-0.0019111111111111113,-0.0009555555555555556,-0.001088888888888889,-0.6693333333333333,-0.16527777777777777,-0.1577222222222222,-0.5749333333333333,-0.0013444444444444445,-0.0007888888888888889,-0.04555555555555555,-0.11,-0.001388888888888889,-0.0005,-0.1411111111111111,-0.5146666666666667,-0.034999999999999996,-0.02628888888888889,-0.029333333333333336,-0.0015333333333333336,-0.05096666666666667,-0.5201444444444445,-0.6769777777777778,-0.057777777777777775,-0.0014333333333333333,-0.00011111111111111112,-0.015022222222222223,-0.003777777777777778,-0.6727000000000001,-0.2257222222222222,-0.026255555555555553,-0.051,-0.0003111111111111111,-0.0012444444444444445,-0.06888888888888889,-0.40927777777777774,-0.1676888888888889,-0.2535,-0.028888888888888888,-0.24556666666666668,-0.7113333333333333,-0.14166666666666666,-0.00042222222222222227,-0.3814777777777778,-0.05761111111111111,-0.13166666666666665,-0.0008666666666666667,-0.08027777777777777,-0.0009222222222222223,-0.7946666666666666,-0.11888888888888889,-0.002388888888888889,-0.5111555555555556,-0.002,-0.1467222222222222,-0.3011666666666667,-0.001,-0.06516666666666666,-0.5813333333333334,-0.0014111111111111112,-0.05333333333333333,-0.0013333333333333335,-0.02222222222222222,-0.039999999999999994,-0.40155555555555555,-0.0916111111111111,-0.0008333333333333334,-0.10346666666666667,-0.3689,-0.14506666666666665,-0.6534111111111112,-0.32035555555555556,-0.05194444444444444,-0.01111111111111111,-0.05545555555555556,-0.06933333333333334,-0.08594444444444445,-0.45599999999999996,-0.38095555555555555,-0.5988888888888888,-0.08159999999999999,-0.014166666666666668,-0.4300111111111111,-0.0025555555555555557,-0.7360000000000001,-0.01511111111111111,-0.26255555555555554,-0.24834444444444445,-0.5257777777777778,-0.4529777777777778,-0.6346666666666667,-0.13127777777777777,-0.006611111111111111,-0.0011666666666666668,-0.5690222222222222,-0.5483111111111112,-0.18737777777777775,-0.6467999999999999,-0.2653888888888889,-0.005666666666666666,-0.07777777777777778,-0.05304444444444445,-0.0015444444444444444
2024-10-31,-0.0019222222222222223,-0.3898888888888889,-0.32383333333333336,-0.8711,-0.9179333333333333,-0.3753888888888889,-0.21688888888888888,-0.028999999999999998,-0.0002444444444444445,-0.14225555555555555,-0.3638888888888889,-0.4188888888888889,-0.1195,-0.2517333333333333,-0.15822222222222224,-0.4817222222222222,-0.2803333333333333,-0.00022222222222222223,-0.3423777777777778,-0.0013444444444444445,-0.6900111111111111,-0.08977777777777778,-0.07377777777777778,-0.348,-0.20355555555555555,-0.5580555555555555,-0.3306666666666667,-0.33032222222222224,-0.11062222222222223,-0.5651222222222223,-0.13425555555555557,-0.8804666666666666,-0.16723333333333332,-0.7836777777777778,-0.0014222222222222225,-0.049944444444444444,-0.6605555555555556,-0.5266888888888889,-0.07088888888888889,-0.31103333333333333,-0.15185555555555555,-0.14844444444444443,-0.08538888888888889,-0.3160111111111111,-0.6695555555555556,-0.059555555555555556,-0.2358,-0.24977777777777777,-0.1380888888888889,-0.39405555555555555,-0.19555555555555554,-0.10887777777777777,-0.2346111111111111,-0.7541777777777777,-0.001988888888888889,-0.11438888888888889,-0.5909555555555555,-0.4501333333333334,-0.02691111111111111,-0.14755555555555555,-0.8586111111111111,-0.6582333333333334,-0.5209222222222222,-0.02666666666666667,-0.38722222222222225,-0.17955555555555555,-0.010666666666666666,-0.05973333333333334,-0.21913333333333335,-0.33514444444444447,-0.7674555555555556,-0.24165555555555554,-0.16355555555555554,-0.7037222222222221,-0.037844444444444444,-0.0704,-0.17333333333333334,-0.0031222222222222224,-0.6028111111111111,-0.0014111111111111112,-0.5974999999999999,-0.31255555555555553,-0.25866666666666666,-0.264,-0.001477777777777778,-0.12711111111111112,-0.13866666666666666,-0.24,-0.10633333333333334,-0.0028,-0.5141333333333333,-0.032,-0.39060000000000006,-0.34346666666666664,-0.11644444444444443,-0.20533333333333334,-0.3786777777777777,-0.04444444444444444,-0.17538888888888887,-0.23199999999999998,-0.13511111111111113,-0.10222222222222223,-0.6771666666666666,-0.21638888888888888,-0.1152,-0.06755555555555556,-0.21066666666666667,-0.21336666666666665,-0.22755555555555557,-0.26261111111111113,-0.0005333333333333334,-0.08888888888888888,-0.22133333333333333,-0.03022222222222222,-0.26522222222222225,-0.6957555555555555,-0.4767111111111111,-0.0019,-0.0016,-0.0003222222222222222,-0.12,-0.0026222222222222224,-0.0010666666666666667,-0.0013555555555555556,-0.7493333333333334,-0.5055444444444445,-0.5888,-0.0006777777777777778,-0.0032,-0.3915,-0.0014666666666666667,-0.5632111111111111,-0.33095555555555556,-0.06986666666666666,-0.10472222222222223,-0.6293000000000001,-0.5822222222222222,-0.0017000000000000001,-0.005333333333333333,-0.2974222222222222,-0.7510666666666667,-0.0016,-0.34933333333333333,-0.0020222222222222226,-0.0003555555555555556,-0.0005444444444444445,-0.000977777777777778,-0.13855555555555557,-0.0010222222222222221,-0.0008888888888888889,-0.21588888888888888,-0.013277777777777777,-0.096,-0.09511111111111112,-0.7772666666666667,-0.8960777777777778,-0.03872222222222222,-0.6957555555555555,-0.23835555555555554,-0.00030000000000000003,-0.4382222222222222,-0.2533333333333333,-0.18733333333333335,-0.06268888888888889,-0.0017777777777777779,-0.8587777777777776,-0.021333333333333333,-0.11761111111111112,-0.0001777777777777778,-0.6712777777777778,-0.00021111111111111113,-0.7913555555555555,-0.0032222222222222222,-0.14933333333333335,-0.0010444444444444446,-0.00044444444444444447,-0.5523555555555556,-0.0022,-0.0011333333333333334,-0.6377777777777778,-0.0010777777777777778,-0.7539777777777777,-0.2773333333333334,-0.09813333333333332,-0.02497777777777778,-0.22577777777777777,-0.05545555555555556,-0.001511111111111111,-0.0009333333333333334,-0.35176666666666667,-0.19822222222222222,-0.1633888888888889,-0.16977777777777778,-0.0021111111111111113,-0.002,-0.3266333333333333,-0.18588888888888888,-0.22222222222222224,-0.002488888888888889,-0.001,-0.0007555555555555555,-0.7161333333333333,-0.10149999999999999,-0.06133333333333334,-0.6702888888888889,-0.0006444444444444444,-0.0016,-0.0021444444444444445,-0.184,-0.002177777777777778,-0.0017666666666666668,-0.5656333333333333,-0.07496666666666667,-0.0016,-0.0015555555555555557,-0.0017444444444444445,-0.000688888888888889,-0.09688888888888889,-0.8733333333333333,-0.6196555555555556,-0.002211111111111111,-0.0016,-0.0014,-0.0011444444444444445,-0.0005666666666666667,-0.5159777777777779,-0.45328888888888896,-0.0003888888888888889,-0.06666666666666667,-0.0004666666666666667,-0.0018222222222222223,-0.16444444444444445,-0.23822222222222222,-0.013455555555555556,-0.08800000000000001,-0.0001666666666666667,-0.048888888888888885,-0.24353333333333332,-0.18666666666666665,-0.002988888888888889,-0.39597777777777776,-0.09333333333333332,-0.0001,-0.0026444444444444445,-0.0015666666666666667,-0.0013000000000000002,-0.7685333333333333,-0.27711111111111114,-0.0017555555555555556,-0.8648555555555555,-0.0026111111111111114,-0.20088888888888887,-0.15022222222222223,-0.0009111111111111111,-0.0005222222222222223,-0.5789111111111112,-0.0016,-0.28355555555555556,-0.0010333333333333334,-0.0017111111111111112,-0.0012555555555555555,-0.025055555555555557,-0.19466666666666665,-0.0008222222222222223,-0.8325777777777777,-0.12755555555555556,-0.4219444444444445,-0.08921111111111112,-0.2145888888888889,-0.18577777777777776,-0.002266666666666667,-0.08711111111111111,-0.39794444444444443,-0.12266666666666667,-0.6413555555555557,-0.39783333333333337,-0.49658888888888886,-0.6823444444444445,-0.0016,-0.5284444444444445,-0.02222222222222222,-0.5901,-0.05688888888888889,-0.1384,-0.6314666666666667,-0.5526333333333333,-0.5762777777777778,-0.16593333333333332,-0.001288888888888889,-0.1928888888888889,-0.0020666666666666667,-0.5111555555555556,-0.009366666666666667,-0.25955555555555554,-0.05576666666666667,-0.30933333333333335,-0.20266666666666666,-0.19733333333333333,-0.010622222222222222,-0.208
2024-11-01,-0.21722222222222223,-0.22113333333333335,-0.12,-0.2818333333333333,-0.002966666666666667,-0.8158333333333333,-0.2828,-0.0018444444444444446,-0.0024111111111111113,-0.24022222222222225,-0.6599111111111111,-0.826,-0.23894444444444446,-0.36333333333333334,-0.0031000000000000003,-0.020622222222222222,-0.4255,-0.0016222222222222224,-0.3145,-0.002588888888888889,-0.032633333333333334,-0.028333333333333332,-0.0004,-0.29386666666666666,-0.15,-0.6341333333333333,-0.12333333333333334,-0.49127777777777776,-0.3970888888888889,-0.4776333333333333,-0.321,-0.0712,-0.1507777777777778,-0.04153333333333334,-0.0015555555555555557,-0.0029444444444444444,-0.15399999999999997,-0.6764,-0.003144444444444445,-0.28284444444444445,-0.32,-0.00036666666666666667,-0.0011333333333333334,-0.15931111111111113,-0.025777777777777778,-0.001688888888888889,-0.12040000000000001,-0.3138666666666667,-0.19497777777777778,-0.11342222222222222,-0.1012888888888889,-0.10094444444444445,-0.2541777777777778,-0.17503333333333332,-0.002,-0.3156111111111111,-0.7475999999999999,-0.19294444444444445,-0.0001,-0.0020111111111111115,-0.053399999999999996,-0.58,-0.5851555555555555,-0.0015222222222222223,-0.5490666666666666,-0.0006000000000000001,-0.0010777777777777778,-0.0031111111111111114,-0.19333333333333333,-0.6586444444444445,-0.1288888888888889,-0.42444444444444446,-0.23506666666666667,-0.07991111111111111,-0.18071111111111113,-0.00042222222222222227,-0.0005777777777777779,-0.14715555555555557,-0.23777777777777778,-0.0026444444444444445,-0.1426666666666667,-0.0009666666666666667,-0.3583111111111111,-0.5078222222222222,-0.0017444444444444445,-0.002377777777777778,-0.0003222222222222222,-0.03166666666666667,-0.001188888888888889,-0.1443888888888889,-0.03288888888888889,-0.0014555555555555556,-0.15333333333333332,-0.09555555555555556,-0.0003888888888888889,-0.03833333333333334,-0.02466666666666667,-0.008944444444444446,-0.001388888888888889,-0.0012444444444444445,-0.000688888888888889,-0.001488888888888889,-0.696,-0.2466666666666667,-0.17391111111111113,-0.0005666666666666667,-0.03577777777777778,-0.21,-0.5007111111111111,-0.25,-0.0020222222222222226,-0.0014444444444444446,-0.024844444444444447,-0.0021111111111111113,-0.001511111111111111,-0.84,-0.2333333333333333,-0.23383333333333334,-0.0017333333333333335,-0.0021555555555555555,-0.0031222222222222224,-0.1098888888888889,-0.0023444444444444446,-0.0026111111111111114,-0.3204,-0.3233666666666667,-0.8366,-0.002666666666666667,-0.05555555555555555,-0.462,-0.0023111111111111114,-0.24623333333333333,-0.5837777777777778,-0.32666666666666666,-0.0017777777777777779,-0.8870333333333333,-0.43400000000000005,-0.27472222222222226,-0.002255555555555556,-0.47555555555555556,-0.8176,-0.0022333333333333337,-0.4330666666666667,-0.3411666666666667,-0.002177777777777778,-0.002755555555555556,-0.002711111111111111,-0.0023222222222222225,-0.0017666666666666668,-0.003266666666666667,-0.10733333333333335,-0.34244444444444444,-0.0031666666666666666,-0.002455555555555556,-0.21,-0.005933333333333334,-0.0028333333333333335,-0.3767666666666667,-0.0021444444444444445,-0.001955555555555556,-0.09273333333333335,-0.0089,-0.4984,-0.04727777777777778,-0.1852777777777778,-0.5132333333333333,-0.0013444444444444445,-0.0028666666666666667,-0.0019,-0.12460000000000002,-0.002477777777777778,-0.26403333333333334,-0.0013222222222222222,-0.0012222222222222222,-0.0024444444444444444,-0.0029333333333333334,-0.8573666666666667,-0.0008111111111111112,-0.002688888888888889,-0.16613333333333336,-0.0028222222222222225,-0.7505666666666667,-0.10666666666666667,-0.0027222222222222222,-0.4636666666666667,-0.19555555555555554,-0.0024000000000000002,-0.0020666666666666667,-0.2951666666666667,-0.44,-0.185,-0.405,-0.13161111111111112,-0.365,-0.0015555555555555557,-0.07555555555555554,-0.4213888888888889,-0.10888888888888888,-0.13333333333333333,-0.003088888888888889,-0.0033,-0.41533333333333333,-0.0029000000000000002,-0.0011777777777777778,-0.7802333333333333,-0.001877777777777778,-0.002211111111111111,-0.36544444444444446,-0.2866666666666666,-0.30283333333333334,-0.34755555555555556,-0.8188000000000001,-0.0010666666666666667,-0.002488888888888889,-0.1788888888888889,-0.22361111111111115,-0.002466666666666667,-0.11,-0.0178,-0.20173333333333332,-0.3283888888888889,-0.002766666666666667,-0.3705555555555556,-0.001377777777777778,-0.0022444444444444447,-0.3043555555555556,-0.6702222222222223,-0.0026000000000000003,-0.0019333333333333333,-0.002266666666666667,-0.3398888888888889,-0.3933333333333333,-0.4806,-0.0012777777777777779,-0.0006777777777777778,-0.0018111111111111112,-0.0021000000000000003,-0.6748,-0.16244444444444445,-0.23,-0.5695111111111111,-0.003011111111111111,-0.0030444444444444447,-0.2877777777777778,-0.26322222222222225,-0.0028777777777777777,-0.013999999999999999,-0.46455555555555555,-0.0030333333333333336,-0.20766666666666667,-0.13,-0.20144444444444445,-0.3802777777777778,-0.002788888888888889,-0.003188888888888889,-0.2268,-0.0018222222222222223,-0.6084444444444445,-0.002577777777777778,-0.0019666666666666665,-0.0023555555555555556,-0.001988888888888889,-0.11755555555555555,-0.002777777777777778,-0.5458666666666666,-0.0019111111111111113,-0.2088888888888889,-0.13361111111111112,-0.4666666666666666,-0.026833333333333338,-0.2938888888888889,-0.0025444444444444447,-0.04204444444444445,-0.0006333333333333334,-0.0644,-0.5981666666666666,-0.11413333333333334,-0.44239999999999996,-0.0016555555555555555,-0.06702222222222222,-0.003255555555555556,-0.126,-0.0017111111111111112,-0.00022222222222222223,-0.17206666666666667,-0.16882222222222223,-0.11175555555555557,-0.2680888888888889,-0.00030000000000000003,-0.04088888888888889,-0.20333333333333334,-0.11857777777777777,-0.010311111111111111,-0.6396222222222222,-0.0911111111111111,-0.1892,-0.051111111111111114,-0.025,-0.48,-0.0013000000000000002
2024-11-04,-0.11433333333333333,-0.0462,-0.0024444444444444444,-0.09948888888888889,-0.6004888888888888,-0.1536888888888889,-0.6971777777777778,-0.07577777777777778,-0.09227777777777776,-0.1472,-0.13004444444444446,-0.2866888888888889,-0.13444444444444442,-0.11549999999999999,-0.37924444444444444,-0.002255555555555556,-0.7302555555555555,-0.014666666666666666,-0.4318666666666667,-0.0276,-0.4274666666666667,-0.0025444444444444447,-0.002777777777777778,-0.5497333333333334,-0.2065,-0.3546666666666667,-0.002577777777777778,-0.17666666666666667,-0.46875555555555554,-0.3192,-0.11306666666666666,-0.17844444444444443,-0.15983333333333333,-0.4554,-0.0735,-0.06533333333333333,-0.1012888888888889,-0.020688888888888892,-0.4347,-0.37355555555555553,-0.09839999999999999,-0.0025,-0.32899999999999996,-0.5102222222222222,-0.2715111111111111,-0.11549999999999999,-0.09655555555555553,-0.2961,-0.1804,-0.0026444444444444445,-0.0020777777777777778,-0.0027,-0.19366666666666665,-0.04033333333333333,-0.3115,-0.5247999999999999,-0.5438222222222222,-0.4216666666666667,-0.0013555555555555556,-0.30683333333333335,-0.4515,-0.49744444444444447,-0.15775555555555554,-0.002177777777777778,-0.0941111111111111,-0.0026000000000000003,-0.17294444444444443,-0.1638,-0.0019333333333333333,-0.3635333333333333,-0.4075111111111111,-0.1936,-0.4732444444444444,-0.34257777777777776,-0.546,-0.0020111111111111115,-0.0006777777777777778,-0.18088888888888888,-0.003088888888888889,-0.0735,-0.3759,-0.002488888888888889,-0.8066666666666666,-0.8807555555555555,-0.12344444444444444,-0.5339111111111111,-0.001188888888888889,-0.0028555555555555556,-0.002,-0.15866666666666665,-0.0013111111111111112,-0.08983333333333332,-0.04338888888888889,-0.0032111111111111116,-0.0028,-0.003177777777777778,-0.002844444444444445,-0.002977777777777778,-0.0010333333333333334,-0.002755555555555556,-0.0019444444444444446,-0.0029444444444444444,-0.8039111111111111,-0.4118222222222222,-0.13383333333333333,-0.0020333333333333336,-0.0027333333333333333,-0.26949999999999996,-0.1781111111111111,-0.29133333333333333,-0.17049999999999998,-0.13627777777777775,-0.0003111111111111111,-0.05438888888888889,-0.0012444444444444445,-0.002955555555555556,-0.0966,-0.10710000000000001,-0.15633333333333332,-0.07822222222222222,-0.22048888888888887,-0.09655555555555553,-0.06766666666666667,-0.03833333333333333,-0.5727333333333333,-0.7636444444444445,-0.2157555555555556,-0.24383333333333332,-0.1575,-0.038422222222222226,-0.1029,-0.6443111111111112,-0.08866666666666667,-0.1484,-0.15094444444444444,-0.005911111111111112,-0.5377777777777777,-0.21313333333333334,-0.06294444444444444,-0.121,-0.33397777777777776,-0.19166666666666668,-0.4325555555555555,-0.2226,-0.0024444444444444444,-0.07053333333333334,-0.19016666666666665,-0.20393333333333336,-0.03605555555555555,-0.2025777777777778,-0.0029333333333333334,-0.15124444444444443,-0.4051555555555556,-0.18404444444444443,-0.5676888888888889,-0.1717222222222222,-0.10449999999999998,-0.7044888888888888,-0.19319999999999998,-0.0886111111111111,-0.16499999999999998,-0.23142222222222222,-0.05377777777777778,-0.0008555555555555556,-0.18316666666666664,-0.09162222222222223,-0.0017777777777777779,-0.06720000000000001,-0.09472222222222222,-0.27324444444444446,-0.08555555555555555,-0.43560000000000004,-0.0941111111111111,-0.3383333333333333,-0.05499999999999999,-0.057444444444444444,-0.33693333333333336,-0.002288888888888889,-0.018666666666666668,-0.48929999999999996,-0.13484444444444443,-0.5822444444444445,-0.002266666666666667,-0.08820000000000001,-0.12637777777777778,-0.7359333333333333,-0.4610222222222222,-0.147,-0.013999999999999999,-0.0636,-0.6157555555555555,-0.06615555555555555,-0.1978,-0.2387111111111111,-0.07272222222222222,-0.3316444444444444,-0.5912444444444445,-0.18027777777777776,-0.391,-0.04410000000000001,-0.18553333333333333,-0.8009555555555556,-0.12266666666666667,-0.0026555555555555555,-0.026600000000000002,-0.034833333333333334,-0.18586666666666668,-0.2346,-0.4490444444444444,-0.20101111111111108,-0.7654888888888889,-0.2807777777777778,-0.003066666666666667,-0.13953333333333334,-0.22399999999999998,-0.17733333333333334,-0.06183333333333333,-0.0021444444444444445,-0.6937333333333333,-0.5852,-0.2660444444444444,-0.0966888888888889,-0.01686666666666667,-0.0009666666666666667,-0.051333333333333335,-0.4494,-0.1862,-0.09916666666666665,-0.16438888888888886,-0.09105555555555554,-0.0819,-0.36385555555555554,-0.8068666666666667,-0.182,-0.0026111111111111114,-0.01772222222222222,-0.020166666666666666,-0.43742222222222227,-0.14666666666666667,-0.22749999999999998,-0.5260888888888889,-0.08651111111111111,-0.10022222222222221,-0.2132,-0.29846666666666666,-0.02551111111111111,-0.2772,-0.4078666666666667,-0.015333333333333334,-0.5942444444444445,-0.25316666666666665,-0.5481,-0.5229333333333334,-0.06133333333333334,-0.126,-0.49466666666666664,-0.07944444444444444,-0.017733333333333334,-0.1476,-0.01983333333333333,-0.0966,-0.05377777777777777,-0.12711111111111112,-0.0966,-0.8837111111111112,-0.08866666666666667,-0.30820000000000003,-0.19716666666666666,-0.44310000000000005,-0.002711111111111111,-0.16799999999999998,-0.0611111111111111,-0.003077777777777778,-0.0025222222222222226,-0.5302666666666667,-0.023644444444444447,-0.10083333333333333,-0.008066666666666666,-0.13199999999999998,-0.0031666666666666666,-0.0848,-0.4847111111111111,-0.1497222222222222,-0.0023555555555555556,-0.7905333333333333,-0.5417777777777778,-0.13933333333333334,-0.4074,-0.0021222222222222224,-0.0011666666666666668,-0.06661111111111111,-0.17633333333333334,-0.06722222222222221,-0.013444444444444445,-0.0747111111111111,-0.03526666666666667,-0.0011555555555555557,-0.0015777777777777778,-0.029133333333333337,-0.0028222222222222225
2024-11-05,-0.07186666666666666,-0.0023111111111111114,-0.23055555555555557,-0.5899444444444444,-0.6233333333333333,-0.3837777777777777,-0.513888888888889,-0.05825555555555556,-0.02722222222222222,-0.15844444444444444,-0.4131111111111111,-0.23333333333333336,-0.14722222222222223,-0.18706666666666666,-0.36794444444444446,-0.39861111111111114,-0.011111111111111112,-0.000977777777777778,-0.31433333333333335,-0.05172222222222222,-0.3234444444444444,-0.020622222222222222,-0.49331111111111103,-0.7027777777777778,-0.017555555555555553,-0.5638888888888889,-0.10017777777777777,-0.3458444444444444,-0.1025,-0.5944444444444446,-0.06388888888888888,-0.638888888888889,-0.04192222222222222,-0.5125,-0.05117777777777778,-0.0343,-0.04861111111111111,-0.3764444444444444,-0.02466666666666667,-0.4326666666666666,-0.017155555555555556,-0.021333333333333336,-0.02282222222222222,-0.39861111111111114,-0.05617777777777778,-0.0686,-0.3300444444444444,-0.46522222222222215,-0.22916666666666669,-0.09418888888888889,-0.15026666666666666,-0.2263888888888889,-0.246,-0.49538888888888893,-0.2535111111111111,-0.611111111111111,-0.061111111111111116,-0.4472222222222222,-0.02337777777777778,-0.2361111111111111,-0.31244444444444447,-0.6722222222222223,-0.3987777777777778,-0.03974444444444444,-0.148,-0.019733333333333335,-0.12288888888888888,-0.40700000000000003,-0.09915555555555554,-0.016666666666666666,-0.6084444444444445,-0.16855555555555557,-0.6305555555555556,-0.5036111111111111,-0.5785555555555556,-0.014844444444444445,-0.003022222222222222,-0.6306666666666666,-0.2388888888888889,-0.062066666666666666,-0.44239999999999996,-0.37222222222222223,-0.8333333333333334,-0.8138888888888889,-0.19013333333333332,-0.41388888888888886,-0.0029111111111111113,-0.0216,-0.11215555555555555,-0.3,-0.015644444444444447,-0.1519,-0.018933333333333333,-0.45644444444444443,-0.01617777777777778,-0.021955555555555558,-0.022844444444444445,-0.025066666666666668,-0.001488888888888889,-0.2013888888888889,-0.02026666666666667,-0.4892222222222222,-0.7888888888888889,-0.39055555555555554,-0.2064888888888889,-0.016355555555555554,-0.025866666666666666,-0.3388888888888889,-0.4757555555555555,-0.39261111111111113,-0.015799999999999998,-0.2440222222222222,-0.02275555555555556,-0.004888888888888889,-0.16527777777777777,-0.7308888888888888,-0.031577777777777774,-0.06666666666666667,-0.1063111111111111,-0.021777777777777778,-0.21066666666666667,-0.0147,-0.001511111111111111,-0.03782222222222222,-0.21944444444444444,-0.6555555555555556,-0.016666666666666666,-0.11448888888888889,-0.2159333333333333,-0.31775555555555557,-0.19583333333333333,-0.5416666666666667,-0.2444444444444444,-0.12464444444444443,-0.08177777777777777,-0.726,-0.24688888888888888,-0.34722222222222227,-0.10453333333333334,-0.04555555555555556,-0.7694444444444445,-0.09027777777777779,-0.22777777777777777,-0.3843888888888889,-0.0005777777777777779,-0.07785555555555555,-0.20833333333333334,-0.17906666666666665,-0.012444444444444445,-0.22500000000000003,-0.5475555555555556,-0.12675555555555554,-0.06833333333333334,-0.1763888888888889,-0.4106666666666667,-0.23613333333333333,-0.03375555555555555,-0.8194444444444444,-0.15639999999999998,-0.03321111111111111,-0.7916666666666666,-0.555,-0.23844444444444446,-0.024355555555555557,-0.1758222222222222,-0.7284444444444443,-0.021233333333333333,-0.010533333333333332,-0.0098,-0.23875555555555553,-0.09309999999999999,-0.6916666666666667,-0.0441,-0.25833333333333336,-0.003022222222222222,-0.028622222222222223,-0.6502222222222223,-0.020800000000000003,-0.015111111111111112,-0.4083333333333333,-0.03333333333333333,-0.3027777777777778,-0.656,-0.019444444444444445,-0.13693333333333332,-0.4416666666666667,-0.15,-0.05344444444444445,-0.049544444444444447,-0.04037777777777777,-0.5861111111111111,-0.01138888888888889,-0.30694444444444446,-0.036444444444444446,-0.03702222222222222,-0.2,-0.04166666666666667,-0.5805555555555556,-0.5583333333333333,-0.03048888888888889,-0.08333333333333334,-0.18333333333333335,-0.1247111111111111,-0.06043333333333333,-0.5603333333333333,-0.002755555555555556,-0.07361111111111111,-0.2247111111111111,-0.48333333333333334,-0.004111111111111111,-0.030555555555555558,-0.545111111111111,-0.15435555555555552,-0.04906666666666666,-0.20955555555555555,-0.2668,-0.006133333333333334,-0.15734444444444445,-0.6453333333333333,-0.6027777777777779,-0.26722222222222225,-0.06527777777777778,-0.08928888888888888,-0.13012222222222222,-0.015788888888888887,-0.3055555555555555,-0.32999999999999996,-0.15407777777777779,-0.09302222222222221,-0.022866666666666667,-0.20555555555555557,-0.25666666666666665,-0.7472222222222222,-0.04137777777777778,-0.1029,-0.011822222222222224,-0.0022222222222222222,-0.15833333333333335,-0.5524444444444444,-0.001388888888888889,-0.7722222222222223,-0.1685333333333333,-0.06533333333333334,-0.2811111111111111,-0.16377777777777777,-0.03212222222222222,-0.14305555555555555,-0.5527777777777778,-0.04518888888888889,-0.18333333333333332,-0.5695555555555555,-0.7583333333333334,-0.5744444444444444,-0.0030666666666666663,-0.16355555555555554,-0.5182222222222221,-0.1196,-0.10755555555555554,-0.05,-0.0007111111111111113,-0.017966666666666666,-0.01937777777777778,-0.21159999999999995,-0.04191111111111111,-0.7416666666666667,-0.0088,-0.43166666666666664,-0.09691111111111111,-0.26888888888888884,-0.019466666666666667,-0.08893333333333332,-0.09199999999999998,-0.059722222222222225,-0.018133333333333335,-0.8055555555555556,-0.5755555555555556,-0.011644444444444445,-0.036866666666666666,-0.23408888888888887,-0.33488888888888885,-0.2773777777777777,-0.052777777777777785,-0.11551111111111109,-0.02231111111111111,-0.4055555555555556,-0.5555555555555556,-0.3291666666666667,-0.0928888888888889,-0.025955555555555558,-0.019111111111111113,-0.09799999999999999,-0.07083333333333335,-0.025422222222222225,-0.20715555555555554,-0.15946666666666667,-0.007911111111111112,-0.017422222222222224,-0.024444444444444446,-0.011466666666666667,-0.3005333333333333
2024-11-06,-0.06933333333333334,-0.396,-0.12746666666666667,-0.5606666666666666,-0.022000000000000002,-0.32480000000000003,-0.1392,-0.0718111111111111,-0.004344444444444444,-0.34219999999999995,-0.1527333333333333,-0.07346666666666667,-0.35766666666666663,-0.1716,-0.3750666666666666,-0.5065333333333333,-0.4253333333333333,-0.0029333333333333334,-0.07773333333333333,-0.05226666666666667,-0.09826666666666667,-0.15537777777777778,-0.06573333333333332,-0.22233333333333333,-0.18493333333333334,-0.5451999999999999,-0.2808,-0.1408,-0.4736666666666666,-0.5200666666666666,-0.18626666666666666,-0.4543333333333333,-0.14933333333333335,-0.03673333333333333,-0.048044444444444445,-0.08746666666666666,-0.019933333333333334,-0.5529333333333333,-0.20519999999999997,-0.2668,-0.34026666666666666,-0.14293333333333333,-0.2508,-0.4369333333333333,-0.0336,-0.09795555555555556,-0.16626666666666667,-0.3054666666666666,-0.5258666666666666,-0.5162,-0.1682,-0.0528,-0.19946666666666665,-0.5490666666666666,-0.318,-0.3074,-0.145,-0.11986666666666666,-0.007377777777777778,-0.25906666666666667,-0.055733333333333336,-0.34413333333333335,-0.3696,-0.0026666666666666666,-0.4562666666666666,-0.3288,-0.017733333333333337,-0.08399999999999999,-0.12244444444444445,-0.1892,-0.5277999999999999,-0.43113333333333326,-0.2571333333333333,-0.43306666666666666,-0.5084666666666666,-0.017633333333333334,-0.023644444444444447,-0.025133333333333334,-0.0058,-0.11991111111111112,-0.1875333333333333,-0.3093333333333333,-0.5355333333333333,-0.0116,-0.058133333333333335,-0.11793333333333333,-0.08266666666666668,-0.41179999999999994,-0.21786666666666668,-0.008444444444444445,-0.10613333333333333,-0.08360000000000001,-0.44466666666666665,-0.5026666666666666,-0.019200000000000002,-0.3036,-0.32413333333333333,-0.044000000000000004,-0.2412,-0.0444,-0.13173333333333334,-0.1933333333333333,-0.007733333333333333,-0.17279999999999998,-0.07919999999999999,-0.006311111111111111,-0.026666666666666665,-0.4048,-0.48139999999999994,-0.11406666666666665,-0.01857777777777778,-0.308,-0.32999999999999996,-0.08951111111111112,-0.28600000000000003,-0.5780666666666666,-0.1292,-0.13199999999999998,-0.09013333333333334,-0.015466666666666667,-0.2581333333333333,-0.022744444444444446,-0.00808888888888889,-0.05111111111111111,-0.27646666666666664,-0.39246666666666663,-0.0928,-0.06502222222222223,-0.3388,-0.5104,-0.3138666666666667,-0.048333333333333325,-0.41566666666666663,-0.1080888888888889,-0.1655111111111111,-0.5587333333333333,-0.3963333333333333,-0.3731333333333333,-0.009155555555555556,-0.26639999999999997,-0.021266666666666666,-0.07937777777777778,-0.23779999999999996,-0.4852666666666666,-0.005511111111111112,-0.2889333333333333,-0.08159999999999999,-0.3490666666666667,-0.24066666666666667,-0.1585333333333333,-0.052199999999999996,-0.1764,-0.3065333333333333,-0.33293333333333336,-0.0174,-0.2992,-0.004977777777777778,-0.27066666666666667,-0.32866666666666666,-0.01626666666666667,-0.36153333333333326,-0.4268,-0.19526666666666664,-0.3,-0.21706666666666669,-0.5683999999999999,-0.007822222222222223,-0.09706666666666668,-0.0010666666666666667,-0.24995555555555557,-0.023511111111111108,-0.05606666666666666,-0.02,-0.36346666666666666,-0.028877777777777773,-0.011755555555555554,-0.0754,-0.27259999999999995,-0.05315555555555555,-0.28806666666666664,-0.04137777777777778,-0.28226666666666667,-0.015466666666666667,-0.03946666666666667,-0.2522666666666667,-0.10053333333333334,-0.29,-0.0015444444444444444,-0.010844444444444445,-0.1956,-0.04446666666666666,-0.3828,-0.21459999999999999,-0.2566666666666667,-0.014666666666666668,-0.008944444444444444,-0.41759999999999997,-0.174,-0.5374666666666666,-0.025066666666666668,-0.12906666666666666,-0.26486666666666664,-0.264,-0.0074666666666666675,-0.5548666666666666,-0.014311111111111111,-0.0876,-0.36079999999999995,-0.23199999999999998,-0.0037333333333333337,-0.17453333333333335,-0.05993333333333333,-0.2172,-0.1275111111111111,-0.05026666666666667,-0.03866666666666666,-0.013511111111111113,-0.10633333333333332,-0.44,-0.11213333333333332,-0.4698,-0.10640000000000001,-0.1264,-0.008177777777777777,-0.023766666666666665,-0.42973333333333336,-0.36346666666666666,-0.09860000000000001,-0.04426666666666667,-0.01661111111111111,-0.2256,-0.5007333333333333,-0.08120000000000001,-0.07538888888888888,-0.5761333333333333,-0.06235555555555555,-0.010177777777777779,-0.49106666666666665,-0.22039999999999998,-0.004844444444444445,-0.4968666666666666,-0.5394,-0.11400000000000002,-0.14693333333333333,-0.21653333333333333,-0.05392222222222222,-0.0010666666666666667,-0.36346666666666666,-0.027599999999999996,-0.40986666666666666,-0.3905333333333333,-0.16240000000000002,-0.32286666666666664,-0.001955555555555556,-0.07926666666666665,-0.12373333333333333,-0.1488,-0.058666666666666666,-0.06755555555555556,-0.0058222222222222226,-0.13004444444444446,-0.2281333333333333,-0.4195333333333333,-0.09035555555555556,-0.3982666666666666,-0.06453333333333333,-0.39013333333333333,-0.128,-0.18333333333333335,-0.04533333333333333,-0.0704,-0.015333333333333332,-0.1748,-0.08360000000000001,-0.5239333333333333,-0.5568,-0.02266666666666667,-0.15573333333333333,-0.2904,-0.0019333333333333333,-0.34606666666666663,-0.08782222222222223,-0.06840000000000002,-0.0464,-0.3035333333333333,-0.19720000000000001,-0.49493333333333334,-0.3596,-0.087,-0.044211111111111104,-0.27959999999999996,-0.010988888888888888,-0.3396,-0.021599999999999998,-0.0414,-0.12853333333333333,-0.02683333333333333,-0.33440000000000003,-0.06312222222222222,-0.18366666666666664
2024-11-07,-0.15031111111111115,-0.6384,-0.17564444444444446,-0.7615999999999999,-0.1435,-0.2989,-0.5246,-0.09602222222222222,-0.0012333333333333335,-0.34104444444444443,-0.22417777777777775,-0.29793333333333333,-0.4005666666666666,-0.48342222222222225,-0.4850777777777778,-0.4839333333333333,-0.09767777777777777,-0.0020666666666666667,-0.3676333333333333,-0.0767,-0.16809999999999997,-0.14076666666666665,-0.004066666666666667,-0.5286666666666666,-0.12008888888888888,-0.0392,-0.26157777777777774,-0.4652111111111111,-0.35279999999999995,-0.7196,-0.14102222222222222,-0.08743333333333334,-0.4554666666666667,-0.17493333333333333,-0.12497777777777778,-0.05298888888888889,-0.12195555555555555,-0.6048,-0.0927111111111111,-0.22976666666666665,-0.19926666666666665,-0.0868,-0.0364,-0.0644,-0.03863333333333334,-0.13004444444444446,-0.0244,-0.49816666666666665,-0.1596,-0.5068,-0.23383333333333334,-0.0021111111111111113,-0.22995555555555555,-0.4648,-0.5652666666666666,-0.3741333333333333,-0.04293333333333334,-0.49206666666666665,-0.09316666666666668,-0.21025555555555556,-0.10443333333333334,-0.15453333333333336,-0.17714444444444444,-0.0003888888888888889,-0.2856,-0.19816666666666666,-0.021111111111111112,-0.17766666666666667,-0.1705777777777778,-0.012299999999999998,-0.09519999999999999,-0.47879999999999995,-0.5591666666666666,-0.644,-0.19204444444444443,-0.08320000000000001,-0.0728,-0.3758111111111111,-3.3333333333333335e-05,-0.0808888888888889,-0.12163333333333333,-0.39769999999999994,-0.84,-0.6079666666666667,-0.1992888888888889,-0.42089999999999994,-0.18324444444444446,-0.3388,-0.00928888888888889,-0.0023333333333333335,-0.043911111111111116,-0.1275111111111111,-0.0756,-0.49279999999999996,-0.008022222222222224,-0.30519999999999997,-0.3542888888888889,-0.1477777777777778,-0.35379999999999995,-0.07346666666666667,-0.16126666666666664,-0.1525,-0.07781111111111111,-0.1857777777777778,-0.19644444444444445,-0.0008666666666666667,-0.14097777777777779,-0.5815333333333333,-0.11479999999999999,-0.43106666666666665,-0.010133333333333334,-0.8092,-0.14843333333333333,-0.03652222222222223,-0.2963444444444444,-0.1484,-0.04977777777777778,-0.07093333333333335,-0.1386666666666667,-0.04604444444444445,-0.2648888888888889,-0.02807777777777778,-0.005066666666666667,-0.07511111111111111,-0.26839999999999997,-0.5998333333333333,-0.1353,-0.09084444444444445,-0.4290333333333333,-0.5851999999999999,-0.23674444444444445,-0.4205111111111111,-0.3863333333333333,-0.05662222222222223,-0.1292,-0.013999999999999999,-0.30296666666666666,-0.5551,-0.059111111111111114,-0.2555666666666666,-0.10166666666666666,-0.10746666666666667,-0.17893333333333333,-0.48160000000000003,-0.1079,-0.18996666666666664,-0.13426666666666667,-0.4396,-0.462,-0.08951111111111112,-0.0366,-0.06933333333333334,-0.15562222222222222,-0.6832,-0.03553333333333333,-0.0427,-0.0005777777777777779,-0.4758,-0.4737666666666666,-0.00021111111111111113,-0.5835666666666667,-0.3948,-0.2583,-0.3658777777777778,-0.38676666666666665,-0.8316,-0.011266666666666668,-0.04275555555555556,-0.001877777777777778,-0.13119999999999998,-0.13173333333333334,-0.0122,-0.15431111111111112,-0.0020333333333333336,-0.0006000000000000001,-0.047711111111111114,-0.5856,-0.41885555555555554,-0.15875555555555557,-0.20536666666666667,-0.005911111111111112,-0.4331,-0.014233333333333334,-0.0006777777777777778,-0.11616666666666665,-0.47173333333333334,-0.10926666666666666,-0.001488888888888889,-0.012444444444444445,-0.013866666666666668,-0.45693333333333336,-0.06999999999999999,-0.5896666666666667,-0.11092222222222221,-0.0448,-0.02406666666666667,-0.5096,-0.5205333333333334,-0.6059333333333333,-0.019933333333333334,-0.2761777777777778,-0.22515555555555553,-0.2665,-0.05936666666666667,-0.6888,-0.08711111111111111,-0.03726666666666667,-0.5628,-0.5449333333333333,-0.001,-0.06953333333333334,-0.3635333333333333,-0.06696666666666666,-0.018666666666666668,-0.21111111111111114,-0.40892222222222224,-0.01076666666666667,-0.6018666666666667,-0.0924,-0.549,-0.504,-0.038,-0.2368888888888889,-0.20520000000000002,-0.028500000000000004,-0.30799999999999994,-0.3151666666666667,-0.4867333333333333,-0.0728,-0.023644444444444447,-0.3973333333333333,-0.4536,-0.5327333333333333,-0.19039999999999999,-0.7308,-0.18835555555555555,-0.05416666666666667,-0.3024,-0.5673,-0.003166666666666667,-0.42,-0.10079999999999999,-0.08026666666666667,-0.14436666666666667,-0.14213333333333333,-0.05235555555555556,-0.03398888888888889,-0.4026,-0.049155555555555557,-0.047599999999999996,-0.5510333333333333,-0.5388333333333333,-0.5367999999999999,-0.0006111111111111111,-0.0010222222222222221,-0.5185,-0.11343333333333333,-0.10471111111111112,-0.02737777777777778,-0.00044444444444444447,-0.012566666666666667,-0.19679999999999997,-0.5124,-0.07106666666666667,-0.5347666666666667,-0.1474666666666667,-0.38905555555555554,-0.05404444444444445,-0.4585888888888889,-0.3293333333333333,-0.23982222222222224,-0.1722666666666667,-0.25306666666666666,-0.15137777777777778,-0.061599999999999995,-0.21559999999999999,-0.016900000000000002,-0.4656333333333333,-0.3034,-0.1647,-0.11208888888888888,-0.001688888888888889,-0.11884444444444446,-0.1688888888888889,-0.37616666666666665,-0.5266333333333333,-0.7475999999999999,-0.0728,-0.4534333333333333,-0.08835555555555556,-0.46355555555555555,-0.0001777777777777778,-0.4697,-0.0475,-4.444444444444445e-05,-0.5571333333333334,-0.17142222222222223,-0.22846666666666668,-0.05156666666666667,-0.4668666666666666
2024-11-08,-0.1456,-0.02426666666666667,-0.27805555555555556,-0.004044444444444445,-0.1315111111111111,-0.12537777777777778,-0.038422222222222226,-0.10414444444444444,-0.036111111111111115,-0.14155555555555557,-0.1547,-0.06774444444444444,-0.10616666666666666,-0.09504444444444446,-0.0364,-0.03235555555555556,-0.12335555555555557,-0.08213333333333334,-0.05156666666666667,-0.10264444444444444,-0.1419111111111111,-0.2699666666666667,-0.1408,-0.031344444444444446,-0.091,-0.12942222222222224,-0.17694444444444446,-0.028311111111111113,-0.1263888888888889,-0.012133333333333335,-0.18604444444444443,-0.2901888888888889,-0.22952222222222224,-0.2046,-0.1660222222222222,-0.2426666666666667,-0.1445888888888889,-0.0091,-0.1698666666666667,-0.15975555555555554,-0.07482222222222222,-0.25783333333333336,-0.19495555555555555,-0.22244444444444444,-0.021666666666666667,-0.11223333333333334,-0.13004444444444446,-0.23053333333333334,-0.13447777777777778,-0.1274,-0.2173888888888889,-0.008266666666666667,-0.20121111111111112,-0.04044444444444444,-0.09706666666666668,-0.13043333333333335,-0.09276666666666668,-0.28311111111111115,-0.049133333333333334,-0.18907777777777776,-0.03928888888888889,-0.1081888888888889,-0.13953333333333334,-0.0027333333333333333,-0.1536888888888889,-0.034444444444444444,-0.026766666666666668,-0.057633333333333335,-0.20929999999999999,-0.0207,-0.26693333333333336,-0.09201111111111111,-0.06471111111111112,-0.0182,-0.08695555555555556,-0.19615555555555556,-0.17015555555555556,-0.25176666666666664,-0.002188888888888889,-0.21435555555555555,-0.12436666666666667,-0.01617777777777778,-0.005055555555555555,-0.0030333333333333336,-0.07684444444444445,-0.17593333333333333,-0.10313333333333334,-0.011122222222222223,-0.006644444444444444,-0.017966666666666666,-0.12515555555555558,-0.020533333333333334,-0.09605555555555556,-0.16177777777777777,-0.022244444444444445,-0.07077777777777779,-0.0546,-0.20222222222222222,-0.07178888888888889,-0.14177777777777778,-0.07785555555555555,-0.030333333333333337,-0.18117777777777777,-0.051666666666666666,-0.24064444444444447,-0.026866666666666667,-0.03437777777777778,-0.060666666666666674,-0.11021111111111112,-0.17391111111111113,-0.03336666666666667,-0.0637,-0.30333333333333334,-0.09403333333333333,-0.16683333333333336,-0.29423333333333335,-0.14053333333333334,-0.13144444444444445,-0.19110000000000002,-0.0787111111111111,-0.12234444444444445,-0.10217777777777777,-0.035388888888888886,-0.13984444444444444,-0.16380000000000003,-0.03336666666666667,-0.12133333333333335,-0.11425555555555555,-0.08493333333333335,-0.02022222222222222,-0.12841111111111111,-0.019211111111111113,-0.27603333333333335,-0.17773333333333333,-0.14762222222222224,-0.05442222222222222,-0.21334444444444448,-0.14256666666666667,-0.07853333333333333,-0.15267777777777777,-0.16464444444444443,-0.23963333333333336,-0.19514444444444445,-0.029322222222222222,-0.23154444444444444,-0.19716666666666668,-0.2810888888888889,-0.21031111111111112,-0.19413333333333335,-0.10010000000000001,-0.19013333333333335,-0.2446888888888889,-0.20020000000000002,-0.182,-0.03957777777777778,-0.1791111111111111,-0.0017666666666666666,-0.17492222222222223,-0.06875555555555556,-0.0049,-0.015166666666666669,-0.09302222222222221,-0.10111111111111111,-0.2740111111111111,-0.08088888888888889,-0.0020222222222222226,-0.026722222222222224,-0.2649111111111111,-0.02701111111111111,-0.2992888888888889,-0.2800777777777778,-0.19564444444444445,-0.08128888888888888,-0.1461777777777778,-0.0732,-0.26187777777777776,-0.04448888888888889,-0.039433333333333334,-0.13737777777777777,-0.2184,-0.029033333333333335,-0.23255555555555557,-0.1412888888888889,-0.10902222222222221,-0.1612,-0.03741111111111111,-0.1799777777777778,-0.2163777777777778,-0.0549,-0.1736,-0.0455,-0.11728888888888889,-0.013144444444444445,-0.26794444444444443,-0.1658222222222222,-0.036255555555555555,-0.13346666666666668,-0.021233333333333337,-0.007077777777777778,-0.024122222222222222,-0.10515555555555556,-0.2275,-0.05561111111111111,-0.0876,-0.006066666666666667,-0.09191111111111112,-0.1385222222222222,-0.09908888888888889,-0.02628888888888889,-0.0074,-0.1188,-0.0273,-0.1466111111111111,-0.1139111111111111,-0.058644444444444443,-0.07886666666666667,-0.13915555555555556,-0.04347777777777778,-0.2891777777777778,-0.04145555555555555,-0.08392222222222223,-0.15982222222222223,-0.1092,-0.06268888888888889,-0.06673333333333334,-0.2639,-0.08796666666666667,-0.04752222222222223,-0.15017777777777777,-0.06233333333333333,-0.03538888888888889,-0.16076666666666667,-0.01718888888888889,-0.29827777777777775,-0.3013111111111111,-0.10022222222222223,-0.21941111111111114,-0.06167777777777778,-0.014155555555555557,-0.03712222222222222,-0.04853333333333334,-0.11324444444444445,-0.1809888888888889,-0.1365,-0.19211111111111112,-0.19716666666666668,-0.008933333333333333,-0.05662222222222223,-0.11048888888888889,-0.1375111111111111,-0.06572222222222222,-0.023255555555555554,-0.08594444444444445,-0.022133333333333335,-0.06196666666666667,-0.13245555555555555,-0.18301111111111112,-0.052066666666666664,-0.0803,-0.07379999999999999,-0.17896666666666666,-0.15874444444444444,-0.025277777777777777,-0.1183,-0.2972666666666667,-0.21233333333333332,-0.0728,-0.13786666666666667,-0.14964444444444444,-0.05965555555555555,-0.022244444444444445,-0.10746666666666667,-0.06682222222222221,-0.14054444444444444,-0.19312222222222225,-0.08897777777777778,-0.0465,-0.10717777777777777,-0.17795555555555556,-0.07922222222222222,-0.12032222222222223,-0.0019,-0.0899888888888889,-0.11122222222222222,-0.2821,-0.16481111111111113,-0.01011111111111111,-0.2881666666666667,-0.21536666666666665,-0.04546666666666667,-0.08190000000000001,-0.009000000000000001,-0.0010111111111111113,-0.20184444444444444,-0.008466666666666667,-0.05257777777777778,-0.10212222222222223,-0.2376111111111111,-0.08653333333333332,-0.00808888888888889
2024-11-11,-0.14044444444444443,-0.055999999999999994,-0.8512000000000001,-0.034999999999999996,-0.23566666666666666,-0.10133333333333333,-0.23288888888888887,-0.1659,-0.021666666666666667,-0.29688888888888887,-0.154,-0.10383333333333333,-0.13333333333333333,-0.18666666666666665,-0.22222222222222224,-0.16,-0.19207777777777776,-0.046544444444444444,-0.24266666666666667,-0.19366666666666665,-0.11603333333333332,-0.7595777777777778,-0.05688888888888889,-0.3057777777777778,-0.0011555555555555557,-0.182,-0.24733333333333332,-0.189,-0.16711111111111113,-0.02666666666666667,-0.1295,-0.8630222222222224,-0.12444444444444444,-0.5438222222222222,-0.0945,-0.1368888888888889,-0.4965333333333334,-0.07022222222222221,-0.01901111111111111,-0.33244444444444443,-0.07473333333333333,-0.8364222222222223,-0.8393777777777778,-0.6561333333333333,-0.07395555555555557,-0.04293333333333334,-0.2737777777777778,-0.2915555555555555,-0.06407777777777778,-0.48533333333333334,-0.301,-0.044833333333333336,-0.24533333333333335,-0.14116666666666666,-0.07111111111111111,-0.256,-0.04191111111111111,-0.7891333333333334,-0.16257777777777777,-0.43377777777777776,-0.06731111111111111,-0.33716666666666667,-0.49777777777777776,-0.0021111111111111113,-0.28444444444444444,-0.14157777777777777,-0.0305,-0.04564444444444444,-0.27555555555555555,-0.0016666666666666668,-0.5297777777777778,-0.1492222222222222,-0.20622222222222222,-0.5244444444444444,-0.1334,-0.2613333333333333,-0.798,-0.43555555555555553,-0.0011333333333333334,-0.03598888888888888,-0.496,-0.38755555555555554,-0.4231111111111111,-0.27649999999999997,-0.2811666666666667,-0.3911111111111111,-0.308,-0.44799999999999995,-0.0022222222222222222,-0.06182222222222223,-0.8216444444444445,-0.12982222222222223,-0.11295555555555555,-0.4373333333333333,-0.03866666666666667,-0.5333333333333333,-0.47644444444444445,-0.4391111111111111,-0.16533333333333333,-0.6118,-0.44266666666666665,-0.1737222222222222,-0.528,-0.2203222222222222,-0.2471111111111111,-0.10755555555555556,-0.19837777777777774,-0.35733333333333334,-0.3208333333333333,-0.26844444444444443,-0.04755555555555556,-0.21333333333333335,-0.8837111111111112,-0.0018333333333333335,-0.2648888888888889,-0.032511111111111116,-0.16683333333333333,-0.05113333333333333,-0.16711111111111113,-0.03424444444444444,-0.020999999999999998,-0.19949999999999998,-0.019066666666666666,-0.032777777777777774,-0.010666666666666666,-0.4195555555555555,-0.08063333333333332,-0.048,-0.19911111111111113,-0.055722222222222215,-0.2613333333333333,-0.13883333333333334,-0.5497333333333334,-0.1855,-0.27299999999999996,-0.21933333333333332,-0.09422222222222222,-0.3466666666666667,-0.05571111111111111,-0.0385,-0.25316666666666665,-0.020188888888888885,-0.22755555555555557,-0.041999999999999996,-0.04977777777777778,-0.28088888888888885,-0.4049111111111111,-0.12266666666666667,-0.14755555555555555,-0.12288888888888888,-0.36088888888888887,-0.0695111111111111,-0.02333333333333333,-0.17955555555555555,-0.09505555555555555,-0.6738666666666667,-0.0002666666666666667,-0.0035555555555555557,-0.22577777777777777,-0.0005111111111111111,-0.5173333333333333,-0.6768222222222222,-0.016677777777777777,-0.8571111111111112,-0.4088888888888889,-0.014222222222222223,-0.030044444444444447,-0.06502222222222223,-0.010333333333333333,-0.8689333333333333,-0.5113111111111112,-0.8334666666666667,-0.09702222222222222,-0.038422222222222226,-0.035244444444444446,-0.39308888888888893,-0.3751111111111111,-0.18316666666666664,-0.6384,-0.3128888888888889,-0.0008222222222222223,-0.32177777777777783,-0.04444444444444444,-0.017666666666666667,-0.07933333333333333,-0.17733333333333334,-0.0019666666666666665,-0.04395555555555555,-0.0011444444444444445,-0.07583333333333334,-0.21,-0.0061444444444444446,-0.3431111111111111,-0.13511111111111113,-0.11059999999999999,-0.11333333333333333,-0.08,-0.26016666666666666,-0.24,-0.0005666666666666667,-0.46044444444444443,-0.017777777777777778,-0.14834444444444445,-0.8009555555555556,-0.16449999999999998,-0.038677777777777776,-0.004622222222222223,-0.16711111111111113,-0.22283333333333333,-0.0003444444444444445,-0.007899999999999999,-0.21233333333333332,-0.3893333333333333,-0.008166666666666668,-0.14466666666666667,-0.10266666666666666,-0.009333333333333334,-0.2862222222222222,-0.845288888888889,-0.15466666666666665,-0.096,-0.029644444444444442,-0.10966666666666666,-0.013766666666666667,-0.18696666666666664,-0.272,-0.16711111111111113,-0.008888888888888889,-0.23085555555555554,-0.0182,-0.07644444444444445,-0.2524444444444444,-0.17033333333333334,-0.8157333333333334,-0.27782222222222225,-0.03072222222222222,-0.13416666666666666,-0.03862222222222222,-0.3093333333333333,-0.12777777777777777,-0.10616666666666666,-0.09918888888888887,-0.04827777777777777,-0.08784444444444443,-0.07466666666666667,-0.007511111111111112,-0.05720000000000001,-0.03966666666666666,-0.15624444444444444,-0.12586666666666665,-0.3164444444444445,-0.24383333333333332,-0.17777777777777776,-0.00018888888888888888,-0.004044444444444445,-0.19555555555555554,-0.06933333333333333,-0.040888888888888884,-0.0006666666666666668,-0.012,-0.010166666666666668,-0.128,-0.34844444444444445,-0.019422222222222223,-0.8423333333333334,-0.3111111111111111,-0.2648333333333333,-0.35377777777777775,-0.08355555555555556,-0.4728888888888889,-0.2263333333333333,-0.1808222222222222,-0.1729222222222222,-0.41777777777777775,-0.2598222222222222,-0.42488888888888887,-0.043333333333333335,-0.0011666666666666668,-0.1505,-0.26949999999999996,-0.03247777777777777,-0.002388888888888889,-0.10816666666666667,-0.49955555555555553,-0.8482444444444445,-0.07466666666666667,-0.4266666666666667,-0.5467777777777778,-0.4497777777777778,-0.31966666666666665,-0.208,-0.05893333333333334,-0.06066666666666667,-0.8039111111111111,-0.002277777777777778,-0.4,-0.46577777777777774,-0.7182000000000001,-0.10685555555555555,-0.20977777777777776
2024-11-12,-0.1854666666666667,-0.11786666666666666,-0.07883333333333334,-0.13520000000000001,-0.07833333333333332,-0.09186666666666667,-0.1265,-0.4873333333333334,-0.12949999999999998,-0.2115,-0.2519,-0.08263333333333334,-0.275,-0.24126666666666663,-0.28983333333333333,-0.059533333333333334,-0.2603888888888889,-0.1482,-0.44806666666666667,-0.40372222222222226,-0.07590000000000001,-0.05494444444444444,-0.025133333333333334,-0.188,-0.001588888888888889,-0.39949999999999997,-0.6067777777777777,-0.3384,-0.2772,-0.17568888888888887,-0.4010666666666667,-0.08122222222222222,-0.3091,-0.6927777777777778,-0.2739,-0.3135,-0.17916666666666667,-0.1444222222222222,-0.16023333333333334,-0.40263333333333334,-0.06846666666666666,-0.05972222222222222,-0.1528888888888889,-0.38461111111111107,-0.1683,-0.04766666666666667,-0.035833333333333335,-0.26755555555555555,-0.09556666666666666,-0.08361111111111111,-0.11705555555555555,-0.7142777777777778,-0.3697333333333333,-0.22110000000000002,-0.19360000000000002,-0.2804333333333333,-0.18387777777777778,-0.10272222222222223,-0.5566111111111111,-0.1505,-0.014300000000000002,-0.6951666666666666,-0.4921111111111111,-0.1023,-0.3791333333333333,-0.10511111111111111,-0.15706666666666666,-0.19504444444444444,-0.4308333333333333,-0.029577777777777776,-0.007166666666666667,-0.28669999999999995,-0.09713333333333332,-0.045388888888888895,-0.6545555555555556,-0.6593333333333333,-0.33444444444444443,-0.11466666666666667,-0.0014555555555555556,-0.055733333333333336,-0.07644444444444445,-0.45276666666666665,-0.4668666666666666,-0.20053333333333334,-0.7047222222222221,-0.03344444444444444,-0.6402222222222222,-0.4574666666666667,-0.05023333333333333,-0.3047,-0.011944444444444445,-0.2491,-0.14333333333333334,-0.10988888888888888,-0.688,-0.6856111111111112,-0.043,-0.0215,-0.2486,-0.08838888888888889,-0.1269,-0.22216666666666668,-0.21261111111111114,-0.376,-0.43866666666666665,-0.6784444444444444,-0.3086333333333333,-0.13786666666666667,-0.03822222222222223,-0.19113333333333332,-0.06502222222222223,-0.23186666666666667,-0.645,-0.001977777777777778,-0.3243,-0.04073333333333333,-0.2475333333333333,-0.05451111111111111,-0.1881,-0.075,-0.09156666666666666,-0.16722222222222222,-0.03031111111111111,-0.05328888888888889,-0.1254,-0.08303333333333333,-0.06997777777777778,-0.056499999999999995,-0.1441333333333333,-0.1065,-0.11436666666666667,-0.044000000000000004,-0.4061111111111111,-0.4753888888888889,-0.7166666666666667,-0.0649,-0.1419,-0.16136666666666666,-0.0456,-0.20020000000000002,-0.1598,-0.09863333333333332,-0.41359999999999997,-0.07965555555555556,-0.19153333333333333,-0.3478,-0.2627777777777778,-0.2915,-0.2233,-0.11006666666666667,-0.09316666666666668,-0.054,-0.12033333333333333,-0.32586666666666664,-0.0913,-0.6999444444444445,-0.002577777777777778,-0.21753333333333333,-0.1914,-0.002166666666666667,-0.2173888888888889,-0.3487777777777778,-0.05011111111111111,-0.028666666666666667,-0.22089999999999999,-0.23099999999999998,-0.11399999999999999,-0.045711111111111105,-0.06673333333333334,-0.3511666666666667,-0.6760555555555556,-0.07166666666666667,-0.22533333333333336,-0.0015666666666666667,-0.0704,-0.46105555555555555,-0.12063333333333331,-0.1551,-0.09794444444444445,-0.36033333333333334,-0.0027333333333333333,-0.3399666666666667,-0.026400000000000003,-0.034833333333333334,-0.1248,-0.13316666666666666,-0.05255555555555556,-0.03813333333333333,-0.002711111111111111,-0.03397777777777778,-0.056100000000000004,-0.016133333333333333,-0.11906666666666667,-0.242,-0.2596,-0.5805,-0.13474444444444444,-0.08773333333333333,-0.08616666666666666,-0.0018666666666666669,-0.3893888888888889,-0.13866666666666666,-0.17859999999999998,-0.02627777777777778,-0.1078,-0.06699999999999999,-0.0025666666666666667,-0.24970000000000003,-0.15666666666666665,-0.0018555555555555556,-0.10386666666666666,-0.10560000000000001,-0.7095,-0.0020888888888888893,-0.0737,-0.04073333333333334,-0.002477777777777778,-0.010966666666666666,-0.0645,-0.0594,-0.1375,-0.0020444444444444442,-0.048400000000000006,-0.0006444444444444444,-0.46059999999999995,-0.387,-0.12283333333333334,-0.022000000000000002,-0.31533333333333335,-0.0017444444444444445,-0.09816666666666668,-0.30706666666666665,-0.15180000000000002,-0.05255555555555556,-0.6641111111111111,-0.2262,-0.0902,-0.04116666666666667,-0.11123333333333332,-0.5852777777777778,-0.06413333333333333,-0.11526666666666667,-0.071,-0.14386666666666667,-0.066,-0.0023555555555555556,-0.07346666666666667,-0.15633333333333332,-0.2773,-0.29923333333333335,-0.12533333333333332,-0.05639999999999999,-0.34309999999999996,-0.0013111111111111112,-0.0019222222222222223,-0.05720000000000001,-0.12566666666666668,-0.05463333333333333,-0.0021000000000000003,-0.0014,-0.0023222222222222225,-0.0728,-0.1222,-0.06306666666666667,-0.004777777777777778,-0.15823333333333334,-0.42456666666666665,-0.5637777777777777,-0.2651,-0.2508333333333333,-0.3164666666666667,-0.36816666666666664,-0.043866666666666665,-0.2795,-0.014333333333333333,-0.41805555555555557,-0.15196666666666664,-0.25653333333333334,-0.4120333333333333,-0.10653333333333333,-0.045,-0.0319,-0.2236,-0.009555555555555557,-0.6497777777777778,-0.0946,-0.015666666666666666,-0.10033333333333334,-0.019111111111111113,-0.05016666666666667,-0.026633333333333332,-0.0755,-0.09999999999999999,-0.6736666666666666,-0.11249999999999999,-0.4183,-0.44433333333333336,-0.13616666666666666,-0.07405555555555556,-0.13090000000000002
2024-11-13,-0.1875333333333333,-0.024911111111111113,-0.672,-0.024399999999999998,-0.039877777777777776,-0.16705555555555557,-0.1924888888888889,-0.2912,-0.2751777777777778,-0.10302222222222224,-0.3158444444444444,-0.05508888888888889,-0.13848888888888888,-0.14355555555555558,-0.3529777777777778,-0.09702222222222222,-0.09955555555555556,-0.12251111111111111,-0.0896,-0.32395555555555555,-0.07653333333333334,-0.08711111111111111,-0.05281111111111111,-0.19791111111111112,-0.0020444444444444442,-0.5450666666666667,-0.12046666666666667,-0.20942222222222223,-0.0854,-0.18537777777777778,-0.13191111111111112,-0.5923555555555556,-0.2538666666666667,-0.8648888888888889,-0.2584,-0.058688888888888895,-0.07455555555555556,-0.05097777777777778,-0.04604444444444445,-0.11819999999999999,-0.12320000000000002,-0.32106666666666667,-0.004977777777777778,-0.21653333333333333,-0.2296888888888889,-0.0014,-0.09291111111111111,-0.08613333333333335,-0.08391111111111112,-0.6500999999999999,-0.5624888888888889,-0.7536888888888889,-0.24077777777777776,-0.05065555555555556,-0.17733333333333334,-0.21824444444444444,-0.13242222222222222,-0.5102222222222222,-0.6172444444444445,-0.4728888888888889,-0.11060000000000002,-0.8370888888888889,-0.43244444444444446,-0.1776,-0.5734888888888888,-0.608511111111111,-0.17136666666666667,-0.033888888888888885,-0.4046444444444444,-0.0012444444444444445,-0.6496000000000001,-0.06166666666666667,-0.15724444444444444,-0.4881222222222222,-0.02471111111111111,-0.8988666666666666,-0.6023111111111111,-0.04977777777777778,-0.0030555555555555557,-0.0027,-0.6371555555555556,-0.07466666666666667,-0.5824,-0.2670444444444444,-0.32124444444444444,-0.2921777777777778,-0.6620444444444445,-0.8710666666666665,-0.003066666666666667,-0.6435333333333333,-0.7342222222222222,-0.17395555555555556,-0.020333333333333335,-0.5997555555555555,-0.08648888888888889,-0.08339999999999999,-0.49687777777777775,-0.5078222222222222,-0.06897777777777778,-0.5472222222222222,-0.4115111111111111,-0.628211111111111,-0.7068444444444445,-0.026266666666666664,-0.2712888888888889,-0.8803333333333333,-0.27360000000000007,-0.3310222222222222,-0.3732444444444445,-0.009488888888888889,-0.2195555555555556,-0.17902222222222225,-0.012444444444444445,-0.0006222222222222223,-0.1705777777777778,-0.23993333333333333,-0.16597777777777775,-0.07326666666666667,-0.0012333333333333335,-0.0728,-0.06555555555555555,-0.11264444444444445,-0.002966666666666667,-0.001955555555555556,-0.04588888888888889,-0.08106666666666668,-0.11433333333333334,-0.0574,-0.15843333333333331,-0.010266666666666667,-0.2433777777777778,-0.1743111111111111,-0.21902222222222223,-0.09457777777777779,-0.8926888888888889,-0.25866666666666666,-0.1464,-0.40932222222222214,-0.13673333333333335,-0.1265222222222222,-0.20333333333333334,-0.07482222222222222,-0.10951111111111111,-0.15196666666666664,-0.22637777777777776,-0.20137777777777774,-0.1401777777777778,-0.26631111111111117,-0.20097777777777778,-0.061622222222222224,-0.1342,-0.12366666666666667,-0.01901111111111111,-0.16044444444444445,-0.09706666666666668,-0.09575555555555555,-0.0021222222222222224,-0.2802222222222222,-0.183,-0.002677777777777778,-0.009955555555555556,-0.014933333333333335,-0.0007666666666666668,-0.7118222222222222,-0.2123222222222222,-0.035466666666666674,-0.07373333333333333,-0.10966666666666668,-0.20966666666666667,-0.16062222222222222,-0.9019555555555556,-0.06471111111111112,-0.0074666666666666675,-0.21663333333333332,-0.0010666666666666667,-0.04053333333333334,-0.42560000000000003,-0.17893333333333333,-0.34595555555555557,-0.12257777777777777,-0.002766666666666667,-0.4071333333333333,-0.08298888888888888,-0.0027444444444444448,-0.059266666666666676,-0.19184444444444446,-0.0024444444444444444,-0.0029222222222222223,-0.09613333333333333,-0.003144444444444445,-0.2562,-0.0023,-0.13342222222222222,-0.37831111111111115,-0.3884444444444445,-0.4706111111111111,-0.01401111111111111,-0.33346666666666663,-0.3327111111111111,-0.0025444444444444447,-0.16426666666666667,-0.01891111111111111,-0.13113333333333335,-0.6944,-0.07867777777777778,-0.0007888888888888889,-0.0006222222222222223,-0.28602222222222223,-0.24671111111111113,-0.0028666666666666667,-0.05834444444444445,-0.12394444444444444,-0.12664444444444442,-0.0008222222222222223,-0.13155555555555556,-0.20802222222222225,-0.0007555555555555555,-0.08444444444444445,-0.6670222222222222,-0.10980000000000001,-0.2425,-0.001488888888888889,-0.15786666666666668,-0.0024222222222222223,-0.030888888888888886,-0.076,-0.14225555555555555,-0.2046888888888889,-0.3559111111111111,-0.002166666666666667,-0.12717777777777775,-0.30568888888888895,-0.10573333333333335,-0.002488888888888889,-0.9235777777777778,-0.2432,-0.0032,-0.0028222222222222225,-0.23044444444444445,-0.5948444444444444,-0.2769888888888889,-0.1547111111111111,-0.09520000000000002,-0.06577777777777778,-0.14553333333333332,-0.001988888888888889,-0.17513333333333334,-0.21339999999999998,-0.304,-0.1789111111111111,-0.22462222222222225,-0.3754888888888889,-0.2026666666666667,-0.0023333333333333335,-0.001088888888888889,-0.22095555555555557,-0.14873333333333333,-0.0020333333333333336,-0.001,-0.002788888888888889,-0.001388888888888889,-0.22364444444444445,-0.4897777777777778,-0.0018666666666666669,-0.4355555555555556,-0.25671111111111117,-0.0224,-0.1792,-0.36142222222222226,-0.49906666666666666,-0.4377777777777777,-0.2648555555555555,-0.011144444444444443,-0.10453333333333335,-0.03484444444444445,-0.24953333333333333,-0.27866666666666673,-0.039822222222222224,-0.4256,-0.1570666666666667,-0.001877777777777778,-0.002988888888888889,-0.1418666666666667,-0.6446222222222222,-0.4604444444444445,-0.19655555555555557,-0.2942333333333333,-0.07004444444444445,-0.5032888888888889,-0.4952888888888889,-0.12835555555555558,-0.05344444444444445,-0.24666666666666667,-0.26564444444444446,-0.15143333333333334,-0.03397777777777778,-0.11448888888888889,-0.10702222222222223,-0.027133333333333336,-0.05742222222222222
2024-11-14,-0.3437777777777778,-0.06268888888888889,-0.03177777777777778,-0.03538888888888889,-0.04204444444444445,-0.09177777777777778,-0.2588444444444445,-0.7566222222222223,-0.7802666666666667,-0.12133333333333335,-0.1442222222222222,-0.05194444444444444,-0.3946666666666667,-0.25176666666666664,-0.19644444444444445,-0.0884888888888889,-0.15622222222222223,-0.177,-0.15827777777777777,-0.1623888888888889,-0.045233333333333334,-0.15416666666666667,-0.03568888888888889,-0.26866666666666666,-0.041388888888888885,-0.029555555555555557,-0.16444444444444445,-0.38422222222222224,-0.13346666666666668,-0.40155555555555555,-0.3186111111111112,-0.09044444444444444,-0.2719111111111111,-0.026600000000000002,-0.19355555555555556,-0.4326666666666666,-0.10226666666666666,-0.024555555555555556,-0.050555555555555555,-0.15888888888888889,-0.13963333333333333,-0.10755555555555554,-0.333,-0.11231111111111113,-0.010277777777777778,-0.0786111111111111,-0.02163333333333333,-0.0546,-0.06502222222222223,-0.2068888888888889,-0.20777777777777776,-0.35762222222222223,-0.2811111111111111,-0.19116666666666668,-0.41311111111111115,-0.21666666666666667,-0.16278888888888887,-0.22244444444444444,-0.31033333333333335,-0.2786666666666667,-0.1632222222222222,-0.053200000000000004,-0.03666666666666667,-0.06471111111111112,-0.5083555555555556,-0.176,-0.1536888888888889,-0.08325555555555555,-0.24531111111111112,-0.023100000000000002,-0.029333333333333333,-0.011277777777777779,-0.30044444444444446,-0.07822222222222222,-0.1487777777777778,-0.4462888888888889,-0.07684444444444445,-0.11266666666666668,-0.043022222222222226,-0.17593333333333333,-0.056222222222222215,-0.07366666666666667,-0.7113333333333333,-0.1848888888888889,-0.06502222222222223,-0.1357777777777778,-0.11822222222222223,-0.06206666666666667,-0.2802222222222222,-0.16551111111111114,-0.20533333333333334,-0.06673333333333334,-0.059644444444444444,-0.14666666666666667,-0.26399999999999996,-0.023644444444444447,-0.09533333333333333,-0.08311111111111111,-0.04791111111111111,-0.26155555555555554,-0.10894444444444445,-0.2866888888888889,-0.09162222222222223,-0.08796666666666667,-0.2096666666666667,-0.399,-0.065,-0.16855555555555554,-0.04933333333333334,-0.011944444444444445,-0.1877777777777778,-0.1458888888888889,-0.061666666666666675,-0.0030444444444444447,-0.4028888888888889,-0.026877777777777775,-0.2932222222222222,-0.1370111111111111,-0.10706666666666667,-0.09435555555555555,-0.049444444444444444,-0.10882222222222222,-0.6354444444444445,-0.13640000000000002,-0.01648888888888889,-0.22042222222222224,-0.15733333333333333,-0.08055555555555555,-0.21233333333333335,-0.013055555555555556,-0.8807555555555555,-0.16585555555555556,-0.3423333333333334,-0.4766666666666666,-0.4817555555555556,-0.03015555555555555,-0.26722222222222225,-0.33655555555555555,-0.4106666666666667,-0.22677777777777777,-0.05328888888888889,-0.10947777777777777,-0.23844444444444446,-0.11472222222222223,-0.2137777777777778,-0.31655555555555553,-0.14762222222222224,-0.3055555555555555,-0.31344444444444447,-0.0325,-0.13722222222222222,-0.1343888888888889,-0.01757777777777778,-0.27444444444444444,-0.05834444444444445,-0.11977777777777776,-0.0026222222222222224,-0.28888888888888886,-0.26794444444444443,-0.065,-0.16033333333333333,-0.0637,-0.05111111111111111,-0.01711111111111111,-0.325,-0.008222222222222223,-0.24165555555555554,-0.2715555555555556,-0.6063888888888889,-0.002955555555555556,-0.08275555555555557,-0.022611111111111113,-0.2184,-0.016388888888888887,-0.10315555555555556,-0.2659222222222222,-0.5488333333333334,-0.182,-0.17355555555555555,-0.15022222222222223,-0.3784444444444444,-0.4864444444444444,-0.04392222222222222,-0.020844444444444443,-0.11275555555555555,-0.21233333333333332,-0.18945555555555554,-0.4246666666666667,-0.0636111111111111,-0.7507111111111111,-0.2719888888888889,-0.014855555555555558,-0.2643333333333333,-0.7300222222222222,-0.6624444444444444,-0.041377777777777784,-0.06388888888888888,-0.18633333333333332,-0.3625555555555556,-0.022711111111111112,-0.13361111111111112,-0.06999999999999999,-0.6379999999999999,-0.014666666666666666,-0.004111111111111111,-0.0030555555555555557,-0.018900000000000004,-0.28983333333333333,-0.20828888888888888,-0.06833333333333333,-0.06944444444444445,-0.1239,-0.1222222222222222,-0.0031666666666666666,-0.24671111111111113,-0.27603333333333335,-0.0031222222222222224,-0.33366666666666667,-0.6257777777777778,-0.1729,-0.20929999999999999,-0.021777777777777778,-0.09308888888888889,-0.017655555555555556,-0.3132888888888889,-0.22446666666666668,-0.14946666666666666,-0.2992888888888889,-0.2444444444444444,-0.021544444444444446,-0.09875555555555555,-0.567111111111111,-0.20323333333333335,-0.3928888888888889,-0.059111111111111114,-0.259,-0.6257777777777778,-0.018277777777777778,-0.43188888888888893,-0.374,-0.11734444444444445,-0.11144444444444443,-0.1183111111111111,-0.12124444444444445,-0.1888,-0.019911111111111112,-0.22345555555555557,-0.10488888888888888,-0.2446111111111111,-0.14054444444444444,-0.3221111111111111,-0.6022777777777778,-0.14300000000000002,-0.019055555555555555,-0.0016,-0.22822222222222222,-0.14684444444444444,-0.011122222222222223,-0.022322222222222222,-0.11537777777777777,-0.02208888888888889,-0.23022222222222224,-0.6746666666666666,-0.07833333333333332,-0.03288888888888889,-0.31777777777777777,-0.117,-0.11733333333333333,-0.3091111111111111,-0.04644444444444445,-0.40494444444444444,-0.4049111111111111,-0.004511111111111112,-0.1386666666666667,-0.40700000000000003,-0.074,-0.1491111111111111,-0.34811111111111115,-0.40088888888888885,-0.057633333333333335,-0.034444444444444444,-0.30333333333333334,-0.20626666666666668,-0.10266666666666667,-0.3202222222222222,-0.039,-0.07735555555555555,-0.07511111111111111,-0.266,-0.07088888888888888,-0.13953333333333334,-0.04851111111111111,-0.6233333333333333,-0.4994888888888889,-0.0030333333333333336,-0.07944444444444444,-0.13977777777777778,-0.3391666666666667,-0.04416666666666667,-0.12436666666666667
2024-11-15,-0.20106666666666667,-0.0011444444444444445,-0.5472222222222222,-0.08120000000000001,-0.002844444444444445,-0.0014,-0.08571111111111111,-0.9006222222222221,-0.5206666666666667,-0.2803333333333333,-0.0022,-0.0010444444444444446,-0.36266666666666664,-0.4061111111111111,-0.3022222222222222,-0.020300000000000002,-0.6935,-0.40636666666666665,-0.3343333333333333,-0.19816666666666666,-0.0028777777777777777,-0.16551111111111114,-0.056,-0.10935555555555557,-0.0017555555555555556,-0.11019999999999999,-0.43066666666666664,-0.45600000000000007,-0.09084444444444445,-0.17777777777777778,-0.15617777777777778,-0.12844444444444444,-0.30411111111111105,-0.0219,-0.24166666666666667,-0.43633333333333335,-0.0976888888888889,-0.0009000000000000001,-0.0015555555555555557,-0.1585333333333333,-0.21266666666666664,-0.058555555555555555,-0.08877777777777777,-0.15488888888888888,-0.009955555555555556,-0.18324444444444446,-0.0013666666666666666,-0.04156666666666667,-0.0008666666666666667,-0.7825777777777778,-0.6886333333333333,-0.891,-0.2822555555555556,-0.027066666666666666,-0.5888888888888889,-0.13152222222222223,-0.0013000000000000002,-0.0438,-0.04136666666666666,-0.4769333333333333,-0.0037333333333333337,-0.05700000000000001,-0.14444444444444446,-0.0016444444444444447,-0.672,-0.6983666666666667,-0.0015444444444444444,-0.0019,-0.289,-0.35133333333333333,-0.37777777777777777,-0.0012555555555555555,-0.07093333333333333,-0.17033333333333334,-0.1403888888888889,-0.9024888888888889,-0.15277777777777776,-0.057633333333333335,-0.06533333333333333,-0.0032,-0.15086666666666665,-0.12277777777777778,-0.002777777777777778,-0.010344444444444446,-0.09976666666666666,-0.11137777777777778,-0.3041666666666667,-0.015,-0.08796666666666667,-0.04417777777777778,-0.012,-0.04253333333333333,-0.0011777777777777778,-0.39663333333333334,-0.19077777777777777,-0.036111111111111115,-0.21413333333333334,-0.20836666666666667,-0.0017222222222222224,-0.20196666666666666,-0.0667,-0.41388888888888886,-0.7722222222222223,-0.03297777777777778,-0.1596,-0.45439999999999997,-0.03673333333333333,-0.051,-0.0725,-0.0013111111111111112,-0.0018444444444444446,-0.14544444444444443,-0.08888888888888889,-0.002166666666666667,-0.5043333333333333,-0.057244444444444445,-0.0019333333333333333,-0.14435555555555557,-0.002577777777777778,-0.0030555555555555557,-0.0029222222222222223,-0.002577777777777778,-0.19506666666666667,-0.5062222222222222,-0.003255555555555556,-0.041555555555555554,-0.16626666666666667,-0.19236666666666666,-0.12856666666666666,-0.0012777777777777779,-0.9900222222222222,-0.057033333333333325,-0.187,-0.19211111111111112,-0.9403555555555555,-0.04106666666666667,-0.1736,-0.48733333333333334,-0.22666666666666668,-0.0016333333333333334,-0.07964444444444445,-0.002577777777777778,-0.2866888888888889,-0.17786666666666665,-0.26776666666666665,-0.16336666666666666,-0.22757777777777777,-0.3456666666666667,-0.37966666666666665,-0.0017333333333333335,-0.09473333333333332,-0.002577777777777778,-0.0020777777777777778,-0.38533333333333336,-3.3333333333333335e-05,-0.10277777777777779,-0.0024333333333333334,-0.5085666666666666,-0.3891111111111111,-0.2339333333333333,-0.048666666666666664,-0.2682222222222222,-0.0013555555555555556,-0.6861111111111111,-0.6326666666666667,-0.22426666666666664,-0.16240000000000002,-0.112,-0.6291111111111111,-0.33611111111111114,-0.81,-0.0292,-0.255,-0.05288888888888889,-0.0020888888888888893,-0.33336666666666664,-0.3674333333333333,-0.06476666666666667,-0.3267777777777778,-0.17013333333333333,-0.5596666666666666,-0.34944444444444445,-0.0435,-0.17593333333333333,-0.002477777777777778,-0.04417777777777778,-0.3966666666666666,-0.6090222222222222,-0.10633333333333332,-0.8400000000000001,-0.09255555555555556,-0.17484444444444444,-0.08688888888888888,-0.8220000000000001,-0.6,-0.0798,-0.0031555555555555555,-0.028999999999999998,-0.1387,-0.4078666666666667,-0.06422222222222222,-0.003277777777777778,-0.6752888888888889,-0.07388888888888889,-0.0006666666666666668,-0.19526666666666664,-0.002955555555555556,-0.21073333333333333,-0.10640000000000001,-0.24649999999999997,-0.0028222222222222225,-0.0006777777777777778,-0.6027777777777779,-0.36796666666666666,-0.17142222222222223,-0.24333333333333332,-0.34284444444444445,-0.11231111111111113,-0.9,-0.0899,-0.20009999999999997,-0.33397777777777776,-0.1648888888888889,-0.09022222222222223,-0.48600000000000004,-0.06233333333333333,-0.001888888888888889,-0.33055555555555555,-0.8222222222222223,-0.26389999999999997,-0.12631111111111112,-0.5475,-0.07733333333333332,-0.3139,-0.21169999999999997,-0.32658888888888893,-0.7081,-0.1088888888888889,-0.9277333333333333,-0.38333333333333336,-0.20589999999999997,-0.002988888888888889,-0.17982222222222224,-0.002577777777777778,-0.633,-0.14435555555555557,-0.4315111111111112,-0.11760000000000001,-0.15991111111111111,-0.08151111111111112,-0.1536888888888889,-0.03155555555555555,-0.18767777777777778,-0.16862222222222223,-0.0027222222222222222,-0.14186666666666667,-0.20879999999999999,-0.15306666666666666,-0.36057777777777783,-0.16302222222222224,-0.39013333333333333,-0.16240000000000002,-0.09151111111111111,-0.26304444444444447,-0.04533333333333333,-0.4287777777777778,-0.20211111111111113,-0.3418888888888889,-0.4382222222222222,-0.119,-0.3869,-0.27011111111111114,-0.0009555555555555556,-0.15073333333333336,-0.030555555555555558,-0.09376666666666665,-0.036944444444444446,-0.019466666666666667,-0.2531111111111111,-0.07636666666666665,-0.0028,-0.7983555555555556,-0.35910000000000003,-0.06799999999999999,-0.005555555555555556,-0.0031333333333333335,-0.05413333333333333,-0.0365,-0.11044444444444444,-0.04344444444444444,-0.22136666666666666,-0.0005666666666666667,-0.08204444444444445,-0.45,-0.0004666666666666667,-0.1378888888888889,-0.2058888888888889,-0.41933333333333334,-0.00044444444444444447,-0.16403333333333334
2024-11-18,-0.7765333333333334,-0.0025555555555555557,-0.12564444444444445,-0.4407111111111111,-0.039,-0.0017777777777777779,-0.002177777777777778,-0.009666666666666667,-0.18666666666666668,-0.25414444444444445,-0.0005333333333333334,-0.0018444444444444446,-0.3304,-0.2762666666666667,-0.1608,-0.0005666666666666667,-0.7538666666666667,-0.162,-0.6475555555555556,-0.3082,-0.084,-0.109,-0.0012222222222222222,-0.12299999999999998,-0.002288888888888889,-0.16399999999999998,-0.46013333333333334,-0.17717777777777777,-0.0019111111111111113,-0.4034888888888889,-0.2482666666666667,-0.027,-0.4330666666666667,-0.04533333333333334,-0.4181333333333334,-0.22977777777777778,-0.0032111111111111116,-0.002188888888888889,-0.001188888888888889,-0.13699999999999998,-0.13995555555555556,-0.032,-0.10422222222222222,-0.121,-0.0018111111111111112,-0.0009444444444444445,-0.0015333333333333336,-0.0011333333333333334,-0.0027222222222222222,-0.006200000000000001,-0.03997777777777778,-0.019333333333333334,-0.28288888888888886,-0.0011,-0.188,-0.156,-0.0012444444444444445,-0.43493333333333334,-0.059555555555555556,-0.12013333333333334,-0.003,-0.1436111111111111,-0.34,-0.0009111111111111111,-0.4125555555555555,-0.015166666666666667,-0.0019444444444444446,-0.0012666666666666668,-0.1008,-0.0952888888888889,-0.13826666666666668,-0.001977777777777778,-0.0022444444444444447,-0.238,-0.002388888888888889,-0.0032222222222222222,-0.06402222222222223,-0.0029111111111111113,-0.0009666666666666667,-0.7196,-0.08,-0.12880000000000003,-0.13548888888888888,-0.24899999999999997,-0.21439999999999998,-0.0008444444444444445,-0.04760000000000001,-0.3957333333333334,-0.0002777777777777778,-0.016999999999999998,-0.05213333333333333,-0.0003444444444444445,-0.05062222222222222,-0.054255555555555564,-0.0006333333333333334,-0.7755,-0.018,-0.022,-0.001688888888888889,-0.041688888888888886,-0.024,-0.3332,-0.042833333333333334,-0.0005555555555555556,-0.132,-0.04177777777777778,-0.08600000000000001,-0.106,-0.040999999999999995,-0.0019,-0.0007222222222222223,-0.1736,-0.027200000000000002,-0.5245333333333334,-0.4804444444444444,-0.227,-0.0028777777777777777,-0.9052000000000001,-0.6777333333333334,-0.6796222222222222,-0.5282666666666668,-0.209,-0.219,-0.6913,-0.7567222222222222,-0.23333333333333336,-0.071,-0.2665111111111111,-0.154,-0.0021555555555555555,-0.6541111111111111,-0.0021222222222222224,-0.32293333333333335,-0.0019333333333333333,-0.12244444444444445,-0.078,-0.6371111111111111,-0.5462666666666667,-0.24566666666666667,-0.0010222222222222221,-0.0013333333333333335,-0.0026222222222222224,-0.001888888888888889,-0.0025,-0.44880000000000003,-0.142,-0.0017444444444444445,-0.2307777777777778,-0.18853333333333336,-0.0021333333333333334,-0.0015444444444444444,-0.0024444444444444444,-0.0023666666666666667,-0.47600000000000003,-0.002955555555555556,-0.026,-0.28186666666666665,-0.13146666666666668,-0.195,-0.3830666666666667,-0.11464444444444444,-0.05211111111111111,-0.002966666666666667,-0.01998888888888889,-0.21150000000000002,-0.44666666666666666,-0.23893333333333336,-0.0027333333333333333,-0.23573333333333335,-0.235,-0.6882,-0.0013555555555555556,-0.0017000000000000001,-0.0007444444444444445,-0.0029222222222222223,-0.46106666666666674,-0.22184444444444443,-0.145,-0.08773333333333334,-0.002455555555555556,-0.7180555555555556,-0.26693333333333336,-0.002211111111111111,-0.251,-0.23399999999999999,-0.001088888888888889,-0.43746666666666667,-0.3627,-0.0028555555555555556,-0.6605555555555556,-0.0014333333333333333,-0.45360000000000006,-0.126,-0.5993333333333334,-0.514,-0.0011444444444444445,-0.43326666666666663,-0.0007555555555555555,-0.14293333333333333,-0.7650555555555556,-0.0014111111111111112,-0.7917000000000001,-0.5671111111111111,-0.0005777777777777779,-0.0026333333333333334,-0.5170666666666667,-0.6301333333333333,-0.9114,-0.19999999999999998,-0.5734666666666668,-0.003177777777777778,-0.001788888888888889,-0.7249666666666666,-0.6256,-0.0018666666666666669,-0.3841333333333333,-0.6346666666666667,-0.12357777777777777,-0.012888888888888889,-0.0017666666666666668,-0.8742,-0.6324000000000001,-0.003188888888888889,-0.002688888888888889,-0.6853333333333333,-0.34988888888888886,-0.8423888888888889,-0.33093333333333336,-0.11922222222222223,-0.7138888888888889,-0.7102222222222222,-0.7874000000000001,-0.001377777777777778,-0.41253333333333336,-0.018133333333333335,-0.5168,-0.7443333333333334,-0.0031555555555555555,-0.031,-0.49088888888888893,-0.6491333333333333,-0.3230888888888889,-0.651,-0.8796666666666667,-0.403,-0.6074666666666667,-0.7781111111111111,-0.3245777777777778,-0.24453333333333335,-0.0025444444444444447,-0.0003333333333333334,-0.201,-0.11299999999999999,-0.6188,-0.183,-0.0012777777777777779,-0.5376000000000001,-0.42386666666666667,-0.590111111111111,-0.5248333333333334,-0.7441666666666666,-0.211,-0.08586666666666667,-0.5114666666666667,-0.17733333333333334,-0.26133333333333336,-0.09699999999999999,-0.17906666666666665,-0.22026666666666667,-0.12320000000000002,-0.13813333333333336,-0.10453333333333335,-0.000688888888888889,-0.06,-0.028722222222222222,-0.045,-0.001511111111111111,-0.0020111111111111115,-0.13399999999999998,-0.0004666666666666667,-0.0021000000000000003,-0.16847777777777778,-0.0024000000000000002,-0.049133333333333334,-0.26293333333333335,-0.04317777777777777,-0.0023111111111111114,-0.0008111111111111112,-0.0257,-0.16699999999999998,-0.111,-0.0015666666666666667,-0.48305555555555557,-0.19583333333333333,-0.002988888888888889,-0.0938,-0.09146666666666667,-0.02426666666666667,-0.002888888888888889,-0.053599999999999995
2024-11-19,-0.18435555555555555,-0.04231111111111111,-0.23421111111111112,-0.012988888888888888,-0.002211111111111111,-0.0019444444444444446,-0.0020333333333333336,-0.6575555555555554,-0.16527777777777777,-0.33771111111111113,-0.0031000000000000003,-0.0024222222222222223,-0.22637777777777776,-0.044533333333333334,-0.0006333333333333334,-0.001955555555555556,-0.03626666666666666,-0.14412222222222223,-0.19710000000000003,-0.0014666666666666667,-0.08991111111111111,-0.0022,-0.0013222222222222222,-0.0011777777777777778,-0.0007666666666666668,-0.3424555555555555,-0.051300000000000005,-0.0005222222222222223,-0.1732111111111111,-0.08098888888888889,-0.001511111111111111,-0.002766666666666667,-0.19699999999999998,-0.37551111111111113,-0.3911111111111111,-0.05381111111111111,-0.176,-0.0012333333333333335,-0.0008444444444444445,-0.0021000000000000003,-0.0019111111111111113,-0.0029000000000000002,-0.3741888888888889,-0.0029333333333333334,-0.2684111111111111,-0.0007888888888888889,-0.0020777777777777778,-0.002511111111111111,-0.28956666666666664,-0.31729999999999997,-0.0020888888888888893,-0.38866666666666666,-0.2803111111111111,-0.0011111111111111111,-0.1039111111111111,-0.0008222222222222223,-0.0010777777777777778,-0.5559777777777778,-0.0026000000000000003,-0.002177777777777778,-0.3464222222222222,-0.726,-0.6566666666666666,-0.0009555555555555556,-0.5056333333333333,-0.002477777777777778,-0.0009111111111111111,-0.001988888888888889,-0.0017444444444444445,-0.0025,-0.6479111111111111,-0.0010111111111111113,-0.0018555555555555556,-0.5473888888888888,-0.35435555555555553,-0.4888888888888888,-0.002577777777777778,-0.5195555555555555,-0.0008333333333333334,-0.1088,-0.0032,-0.31072222222222223,-0.3940222222222222,-0.5232666666666667,-0.3384888888888889,-0.002711111111111111,-0.2750222222222222,-0.6722222222222222,-0.002488888888888889,-0.0020444444444444442,-0.35038888888888886,-0.0020111111111111115,-0.0027,-0.0027444444444444448,-0.0026222222222222224,-0.7344,-0.002788888888888889,-0.003188888888888889,-0.0013666666666666666,-0.0023,-0.003077777777777778,-0.5537888888888889,-0.6413444444444444,-0.0023333333333333335,-0.0018333333333333335,-0.3279111111111111,-0.003088888888888889,-0.0024444444444444444,-0.0031666666666666666,-0.28692222222222225,-0.001377777777777778,-0.2672,-0.5931888888888889,-0.1593,-0.0928888888888889,-0.0015555555555555557,-0.037211111111111105,-0.584,-0.6845777777777778,-0.0544,-0.17635555555555557,-0.14473333333333332,-0.09092222222222221,-0.06648888888888889,-0.41404444444444444,-0.3186555555555556,-0.0017000000000000001,-0.12061111111111111,-0.0016666666666666668,-0.1071,-0.009066666666666666,-0.0026444444444444445,-0.28946666666666665,-0.0016333333333333334,-0.003022222222222222,-0.002188888888888889,-0.3925333333333334,-0.023200000000000002,-0.03305555555555555,-0.0014,-0.0017555555555555556,-0.2579222222222222,-0.001588888888888889,-0.22345555555555557,-0.2167,-0.0014444444444444446,-0.0015777777777777778,-0.0012555555555555555,-0.30146666666666666,-0.15998888888888887,-0.0021555555555555555,-0.25172222222222224,-0.1348666666666667,-0.32511111111111113,-0.29221111111111114,-0.0030333333333333336,-0.44010000000000005,-0.0015666666666666667,-0.03711111111111111,-0.4077,-0.002777777777777778,-0.002966666666666667,-0.050344444444444435,-0.2746222222222222,-0.21895555555555554,-0.1532222222222222,-0.0021111111111111113,-0.10944444444444443,-0.28236666666666665,-0.7186666666666666,-0.1827,-0.0022333333333333337,-0.0014111111111111112,-0.0026555555555555555,-0.07422222222222222,-0.3786777777777777,-0.005288888888888889,-0.0019666666666666665,-0.28575555555555554,-0.25254444444444446,-0.06813333333333334,-0.12164444444444443,-0.1361888888888889,-0.21266666666666664,-0.21153333333333332,-0.0018222222222222223,-0.19311111111111107,-0.2727,-0.3128888888888889,-0.16319999999999998,-0.0010222222222222221,-0.5805,-0.0020666666666666667,-0.11786666666666666,-0.3915,-0.002466666666666667,-0.44124444444444444,-0.0025444444444444447,-0.0020555555555555557,-0.1395111111111111,-0.002955555555555556,-0.5162,-0.0272,-0.0021444444444444445,-0.018511111111111114,-0.10577777777777778,-0.2668,-0.006044444444444444,-0.10577777777777778,-0.14506666666666668,-0.4698,-0.0011666666666666668,-0.0986,-0.10057777777777778,-0.0005888888888888889,-0.22488888888888886,-0.16622222222222222,-0.0004666666666666667,-0.26888888888888884,-0.0017222222222222224,-0.03928888888888889,-0.21413333333333334,-0.3080777777777778,-0.0501,-0.4778666666666667,-0.36183333333333334,-0.04533333333333334,-0.08858888888888888,-0.1215,-0.1390222222222222,-0.0319,-0.046400000000000004,-0.001488888888888889,-0.6282222222222222,-0.45747777777777776,-0.06844444444444445,-0.01511111111111111,-0.014666666666666666,-0.18184444444444442,-0.6233333333333333,-0.06566666666666666,-0.23639999999999997,-0.18560000000000001,-0.5223555555555556,-0.2295,-0.12960000000000002,-0.9473777777777779,-0.03437777777777778,-0.0013333333333333335,-0.1970111111111111,-0.0009222222222222223,-0.0018444444444444446,-0.0015,-0.1276,-0.49377777777777776,-0.0024000000000000002,-0.2780444444444444,-0.07607777777777777,-0.1682,-0.12711111111111112,-0.19466666666666668,-0.00036666666666666667,-0.001288888888888889,-0.5973999999999999,-0.39534444444444444,-0.11635555555555556,-0.0013000000000000002,-0.002377777777777778,-0.14287777777777777,-0.5084222222222222,-0.11767777777777778,-0.0012444444444444445,-0.002688888888888889,-0.002266666666666667,-0.0032333333333333333,-0.0032222222222222222,-0.003177777777777778,-0.0009333333333333334,-0.001888888888888889,-0.002666666666666667,-0.3803888888888889,-0.7992888888888889,-0.49687777777777775,-0.0027333333333333333,-0.3546,-0.3239444444444444,-0.357,-0.0011555555555555557,-0.3041111111111111,-0.38212222222222225,-0.013222222222222222,-0.003066666666666667,-0.6159999999999999,-0.6306666666666666,-0.28163333333333335,-0.0021333333333333334,-0.48244444444444445,-0.001688888888888889,-0.3133666666666667,-0.0029222222222222223
2024-11-20,-0.2077,-0.001977777777777778,-0.09222222222222222,-0.002788888888888889,-0.050555555555555555,-0.19013333333333335,-0.19977777777777778,-0.8055333333333333,-0.22142222222222224,-0.38017777777777784,-0.06384444444444445,-0.062,-0.105,-0.11722222222222223,-0.0028,-0.11277777777777777,-0.41007777777777776,-0.033888888888888885,-0.5222222222222223,-0.2190666666666667,-0.050555555555555555,-0.08542222222222222,-0.0028666666666666667,-0.002166666666666667,-0.0016444444444444447,-0.36924444444444443,-0.32653333333333334,-0.0020555555555555557,-0.1804888888888889,-0.0019222222222222223,-0.0023,-0.08499999999999999,-0.16166666666666665,-0.4491111111111111,-0.5844222222222223,-0.12277777777777778,-0.1733777777777778,-0.002666666666666667,-0.0020444444444444442,-0.2617777777777778,-0.04388888888888888,-0.03222222222222222,-0.4762666666666667,-0.20253333333333332,-0.12537777777777778,-0.0012000000000000001,-0.09055555555555556,-0.059444444444444446,-0.0041333333333333335,-0.3899111111111111,-0.1338888888888889,-0.7668,-0.6089777777777778,-0.002588888888888889,-0.07111111111111111,-0.002288888888888889,-0.007222222222222222,-0.09608888888888889,-0.13444444444444442,-0.16671111111111112,-0.10026666666666667,-0.5952000000000001,-0.602,-0.0012666666666666668,-0.0434,-0.1611111111111111,-0.0013222222222222222,-0.2424888888888889,-0.36373333333333335,-0.026111111111111113,-0.7969333333333333,-0.0018222222222222223,-0.0761111111111111,-0.19440000000000002,-0.4036888888888889,-0.7722000000000001,-0.05235555555555556,-0.6654555555555556,-0.0009666666666666667,-0.47000000000000003,-0.016711111111111114,-0.2728,-0.2506666666666667,-0.3154222222222222,-0.49088888888888893,-0.31964444444444445,-0.3651111111111111,-0.0884,-0.013333333333333332,-0.14277777777777778,-0.12537777777777778,-0.16499999999999998,-0.3031111111111111,-0.39266666666666666,-0.0038888888888888888,-0.81,-0.145,-0.12388888888888888,-0.001588888888888889,-0.12611111111111112,-0.10722222222222222,-0.32413333333333333,-0.5733333333333333,-0.15111111111111108,-0.15,-0.2276888888888889,-0.07853333333333333,-0.2521333333333333,-0.1612,-0.2493777777777778,-0.15666666666666665,-0.2741777777777778,-0.5577333333333334,-0.0999,-0.07888888888888888,-0.0027444444444444448,-0.0023555555555555556,-0.2178,-0.0544,-0.10777777777777776,-0.5009333333333333,-0.0006555555555555556,-0.08944444444444444,-0.5451333333333334,-0.8153,-0.4804444444444445,-0.03888888888888889,-0.03031111111111111,-0.04444444444444444,-0.0016555555555555555,-0.6966,-0.18737777777777775,-0.06475555555555555,-0.08888888888888888,-0.8428,-0.10944444444444443,-0.7252666666666667,-0.04666666666666667,-0.001,-0.019444444444444445,-0.13666666666666666,-0.19008888888888892,-0.33755555555555555,-0.0124,-0.004911111111111112,-0.16555555555555554,-0.034999999999999996,-0.0026555555555555555,-0.2232,-0.15844444444444444,-0.20942222222222223,-0.32658888888888893,-0.12555555555555553,-0.2750222222222222,-0.020666666666666667,-0.10444444444444445,-0.4013333333333333,-0.0020777777777777778,-0.0012333333333333335,-0.0946,-0.5619111111111111,-0.015,-0.049444444444444444,-0.14555555555555555,-0.11555555555555555,-0.3664888888888889,-0.07999999999999999,-0.0020666666666666667,-0.3044888888888889,-0.0028666666666666667,-0.4212,-0.01111111111111111,-0.0028777777777777777,-0.15333333333333332,-0.0019,-0.06875555555555556,-0.001988888888888889,-0.041666666666666664,-0.1736,-0.17964444444444447,-0.528,-0.2163111111111111,-0.3224,-0.4282222222222223,-0.07026666666666667,-0.11166666666666666,-0.12277777777777778,-0.08146666666666667,-0.5475333333333333,-0.4779,-0.0031111111111111114,-0.7998000000000001,-0.050555555555555555,-0.33826666666666666,-0.4266,-0.08955555555555555,-0.8767999999999999,-0.03944444444444444,-0.10746666666666667,-0.49279999999999996,-0.6036888888888889,-0.7392,-0.44433333333333336,-0.1272222222222222,-0.0008555555555555556,-0.07857777777777779,-0.2821,-0.4553777777777778,-0.0007555555555555555,-0.5292,-0.387,-0.0010111111111111113,-0.032400000000000005,-0.4930666666666667,-0.0006666666666666668,-0.07302222222222222,-0.1612,-0.0028222222222222225,-0.7342111111111111,-0.09388888888888888,-0.22345555555555557,-0.37820000000000004,-0.03968888888888889,-0.0013666666666666666,-0.8456666666666666,-0.11711111111111111,-0.2783111111111111,-0.07055555555555555,-0.05647777777777777,-0.39990000000000003,-0.12537777777777778,-0.10195555555555556,-0.0611111111111111,-0.486,-0.39542222222222223,-0.12166666666666666,-0.38164444444444445,-0.0006222222222222223,-0.07833333333333332,-0.731,-0.0868,-0.20135555555555554,-0.048600000000000004,-0.3003,-0.09822222222222222,-0.39420000000000005,-0.0132,-0.0010111111111111113,-0.0024000000000000002,-0.05924444444444445,-0.0010111111111111113,-0.1383333333333333,-0.07722222222222222,-0.6105999999999999,-0.014333333333333333,-0.07999999999999999,-0.2821,-0.0023222222222222225,-0.27747777777777777,-0.44702222222222227,-0.176,-0.0014444444444444446,-0.0018666666666666669,-0.096,-0.5744444444444444,-0.23973333333333333,-0.002711111111111111,-0.3582222222222222,-0.028933333333333335,-0.1524888888888889,-0.12055555555555555,-0.0744,-0.15166666666666667,-0.045,-0.15875555555555557,-0.05648888888888889,-0.013777777777777778,-0.000977777777777778,-0.14222222222222222,-0.050555555555555555,-0.1188,-0.0198,-0.2208,-0.09722222222222222,-0.10235555555555556,-0.022044444444444446,-0.08773333333333334,-0.08333333333333333,-0.3968,-0.2611111111111111,-0.001888888888888889,-0.18462222222222222,-0.8370666666666667,-0.7992,-0.15982222222222223,-0.0026222222222222224,-0.07102222222222222,-0.12444444444444444,-0.015155555555555556,-0.01611111111111111
2024-11-21,-0.28244444444444444,-0.030433333333333333,-0.060866666666666666,-0.0429,-0.06893333333333333,-0.1788111111111111,-0.3422222222222222,-0.052777777777777785,-0.053899999999999997,-0.43244444444444446,-0.3048888888888889,-0.050477777777777774,-0.37583333333333335,-0.05023333333333333,-0.034833333333333334,-0.08298888888888888,-0.3562222222222222,-0.0005777777777777779,-0.2708888888888889,-0.1557111111111111,-0.016133333333333333,-0.1651222222222222,-0.07933333333333334,-0.1574222222222222,-0.08543333333333333,-0.3849444444444445,-0.3857777777777778,-0.0737,-0.12491111111111111,-0.020900000000000002,-0.19506666666666667,-0.17453333333333335,-0.7414666666666666,-0.39822222222222226,-0.5903333333333334,-0.04106666666666667,-0.11122222222222222,-0.1322222222222222,-0.11464444444444444,-0.6013333333333334,-0.08103333333333333,-0.07406666666666667,-0.13544444444444445,-0.04555555555555556,-0.006222222222222223,-0.0363,-0.112,-0.0924,-0.02652222222222222,-0.6423333333333333,-0.0864111111111111,-0.4855555555555556,-0.5694444444444445,-0.03507777777777778,-0.002188888888888889,-0.21474444444444443,-0.0014222222222222225,-0.13774444444444442,-0.08213333333333334,-0.05817777777777777,-0.015555555555555555,-0.4444444444444445,-0.7002222222222223,-0.003077777777777778,-0.06673333333333334,-0.26911111111111113,-0.016866666666666665,-0.20727777777777778,-0.12491111111111111,-0.015400000000000002,-0.8754666666666666,-0.08873333333333333,-0.0024111111111111113,-0.6081666666666667,-0.552,-0.08333333333333334,-0.0495,-0.1617222222222222,-0.0001777777777777778,-0.7563555555555556,-0.17795555555555556,-0.0484,-0.24982222222222222,-0.24725555555555556,-0.10111111111111111,-0.6355000000000001,-0.12444444444444444,-0.0077777777777777776,-0.0002,-0.019677777777777777,-0.029944444444444444,-0.1958888888888889,-0.05288888888888889,-0.5916666666666667,-0.0005222222222222223,-0.40563333333333335,-0.12319999999999999,-0.043555555555555556,-0.002511111111111111,-0.09753333333333333,-0.2079,-0.39666666666666667,-0.006533333333333334,-0.11666666666666667,-0.09955555555555556,-0.027333333333333334,-0.11378888888888888,-0.07150000000000001,-0.12491111111111111,-0.25355555555555553,-0.6628333333333333,-0.04705555555555555,-0.4604444444444445,-0.3826666666666667,-0.08555555555555555,-0.14466666666666667,-0.08836666666666666,-0.2735666666666667,-0.0952888888888889,-0.21466666666666667,-0.6833333333333333,-0.0024222222222222223,-0.1942111111111111,-0.4055555555555556,-0.4769333333333334,-0.406,-0.043633333333333336,-0.0015444444444444444,-0.000977777777777778,-0.001088888888888889,-0.06253333333333334,-0.22711111111111112,-0.0008555555555555556,-0.20377777777777778,-0.8305555555555556,-0.11355555555555556,-0.600588888888889,-0.0011333333333333334,-0.0021333333333333334,-0.0005555555555555556,-0.3095555555555556,-0.4753333333333334,-0.4054444444444445,-0.0462,-7.777777777777778e-05,-0.41486666666666666,-0.126,-0.21155555555555555,-0.020533333333333334,-0.15827777777777777,-0.06688888888888889,-0.6056666666666667,-0.3325555555555556,-0.17311111111111113,-0.004666666666666667,-0.08897777777777778,-0.7891111111111111,-0.16597777777777775,-0.06013333333333333,-0.7527777777777778,-0.4246666666666667,-0.0143,-0.019433333333333334,-0.2002,-0.09644444444444444,-0.16644444444444445,-0.22088888888888888,-0.4137777777777778,-0.21411111111111114,-0.45555555555555555,-0.12522222222222223,-0.009533333333333333,-0.056,-0.05218888888888889,-0.20533333333333334,-0.3655555555555556,-0.0242,-0.041999999999999996,-0.1514333333333333,-0.44177777777777777,-0.8081222222222223,-0.21132222222222222,-0.11511111111111112,-0.6477555555555555,-0.0924,-0.34844444444444445,-0.2644444444444444,-0.044366666666666665,-0.37104444444444445,-0.4027777777777778,-0.4355555555555556,-0.24841111111111108,-0.066,-0.4574444444444445,-0.523888888888889,-0.021777777777777778,-0.5455333333333333,-0.045099999999999994,-0.08176666666666667,-0.6980666666666667,-0.12266666666666667,-0.7774666666666666,-0.17633333333333334,-0.024566666666666667,-8.88888888888889e-05,-0.41683333333333333,-0.3194444444444445,-0.27855555555555556,-0.03888888888888889,-0.7166666666666667,-0.5181333333333333,-0.06269999999999999,-0.42000000000000004,-0.5628,-0.0016222222222222224,-0.15057777777777778,-0.575,-0.14715555555555557,-0.8933333333333333,-0.35,-0.1602222222222222,-0.4055555555555556,-0.17367777777777776,-0.07736666666666667,-0.8558666666666667,-0.13066666666666668,-0.12755555555555556,-0.002711111111111111,-0.08433333333333334,-0.4055555555555556,-0.0726,-0.001288888888888889,-0.12491111111111111,-0.6104444444444445,-0.09022222222222222,-0.40911111111111115,-0.09826666666666667,-0.002377777777777778,-0.0032222222222222222,-0.7116888888888888,-0.0012555555555555555,-0.09177777777777778,-0.5284444444444445,-0.38362222222222225,-0.21645555555555557,-0.4055555555555556,-0.8175555555555556,-0.0012111111111111112,-0.16333333333333333,-0.05755555555555556,-0.09496666666666666,-0.6286666666666667,-0.04583333333333334,-0.8099555555555555,-0.6031111111111112,-0.18137777777777778,-0.19444444444444445,-0.22244444444444444,-0.3577777777777778,-0.6127222222222222,-0.5568444444444444,-0.053533333333333336,-0.08983333333333333,-0.6253333333333333,-0.736,-0.12063333333333331,-0.07614444444444445,-0.14311111111111113,-0.0020111111111111115,-0.2404111111111111,-0.23527777777777775,-0.003177777777777778,-0.1431111111111111,-0.0165,-0.2541,-0.09496666666666666,-0.026444444444444444,-0.003188888888888889,-0.252,-0.12491111111111111,-0.27222222222222225,-0.03871111111111111,-0.5494444444444445,-0.10266666666666667,-0.0031666666666666666,-0.0002444444444444445,-0.2421222222222222,-0.032511111111111116,-0.8194444444444444,-0.01711111111111111,-0.0003222222222222222,-0.025,-0.9370444444444445,-0.0196,-0.0025555555555555557,-0.03422222222222222,-0.012833333333333334,-0.2506777777777778,-0.13999999999999999,-0.0803
2024-11-22,-0.28888888888888886,-0.0021333333333333334,-0.0010666666666666667,-0.35100000000000003,-0.000988888888888889,-0.21866666666666665,-0.14583333333333334,-0.5055555555555556,-0.0031555555555555555,-0.23261111111111107,-0.15166666666666667,-0.14388888888888887,-0.5280333333333334,-0.058888888888888886,-0.06944444444444445,-0.0005333333333333334,-0.04911111111111111,-0.0026000000000000003,-0.4195333333333333,-0.13502222222222224,-0.002166666666666667,-0.01877777777777778,-0.23255555555555554,-0.09966666666666668,-0.46666666666666673,-0.41222222222222227,-0.1438888888888889,-0.15377777777777776,-0.07999999999999999,-0.002677777777777778,-0.44123333333333337,-0.060666666666666674,-0.2663333333333333,-0.3018888888888889,-0.4198666666666666,-0.07055555555555555,-0.16355555555555554,-0.0022,-0.09499999999999999,-0.19771111111111112,-0.2758888888888889,-0.07111111111111111,-0.12711111111111112,-0.09155555555555556,-0.000488888888888889,-0.002,-0.06333333333333332,-0.09822222222222222,-0.0012777777777777779,-0.6317111111111111,-0.13955555555555554,-0.5716666666666667,-0.3896888888888889,-0.0015555555555555557,-0.09222222222222222,-0.2838888888888889,-0.002588888888888889,-0.2946666666666667,-0.0044444444444444444,-0.10555555555555554,-0.08355555555555556,-0.5304444444444445,-0.4846333333333334,-0.1892222222222222,-0.0006000000000000001,-0.3408888888888889,-0.0025,-0.1848888888888889,-0.07822222222222222,-0.13555555555555554,-0.8303333333333333,-0.32083333333333336,-0.10111111111111112,-0.6220666666666667,-0.09955555555555556,-0.5405555555555556,-0.03888888888888889,-0.4491666666666667,-0.0018222222222222223,-0.4355333333333333,-0.1511111111111111,-0.0005222222222222223,-0.23870000000000002,-0.08750000000000001,-0.025777777777777778,-0.14707777777777778,-0.010666666666666666,-0.0001666666666666667,-0.002688888888888889,-0.15055555555555555,-0.051666666666666666,-0.015555555555555557,-0.13333333333333333,-0.6053333333333334,-0.0006555555555555556,-0.10666666666666667,-0.07200000000000001,-0.06444444444444444,-0.13805555555555557,-0.09955555555555556,-0.12444444444444445,-0.3399666666666667,-0.24122222222222223,-0.012444444444444445,-0.2426666666666667,-0.0004777777777777778,-0.2313888888888889,-0.05777777777777778,-0.052,-0.02666666666666667,-0.8929999999999999,-0.0013444444444444445,-0.007777777777777778,-0.5304444444444445,-0.0024000000000000002,-0.5561111111111111,-0.30138888888888893,-0.3973333333333333,-0.5173333333333333,-0.28744444444444445,-0.5262222222222223,-0.08977777777777778,-0.45570000000000005,-0.7493333333333334,-0.8803888888888889,-0.06416666666666668,-0.0023111111111111114,-0.002277777777777778,-0.0023444444444444446,-0.0017333333333333335,-0.26833333333333337,-0.023111111111111114,-0.0013555555555555556,-0.2701111111111111,-0.848,-0.4275555555555556,-0.9086666666666666,-0.0014333333333333333,-0.13066666666666665,-0.001955555555555556,-0.41805555555555557,-0.4586666666666667,-0.2604,-0.08888888888888888,-0.0013666666666666666,-0.30033333333333334,-0.0018000000000000002,-0.2585555555555556,-0.06666666666666667,-0.21972222222222224,-0.15822222222222224,-0.2944444444444444,-0.16138888888888892,-0.06055555555555556,-0.08388888888888887,-0.03644444444444444,-0.7426,-0.24533333333333335,-0.0026555555555555555,-0.8366,-0.04861111111111111,-0.01111111111111111,-0.002755555555555556,-0.2622222222222222,-0.15555555555555556,-0.19066666666666668,-0.13999999999999999,-0.656611111111111,-0.25955555555555554,-0.01688888888888889,-0.2715555555555556,-0.0015,-0.055999999999999994,-0.2551111111111111,-0.4749888888888889,-0.4472222222222223,-0.0006444444444444444,-0.05444444444444445,-0.4232222222222222,-0.006266666666666667,-0.6799333333333334,-0.2932222222222222,-0.2917777777777778,-0.8240666666666666,-0.002766666666666667,-0.14972222222222223,-0.36833333333333335,-0.11833333333333332,-0.7920555555555555,-0.5619444444444445,-0.08955555555555555,-0.47994444444444445,-0.1477777777777778,-0.7386666666666667,-0.7306666666666667,-0.07466666666666667,-0.7676666666666666,-0.021666666666666667,-0.04472222222222222,-0.40044444444444444,-0.136,-0.9337333333333332,-0.3697777777777778,-0.10722222222222222,-0.0028555555555555556,-0.5352666666666667,-0.6186666666666667,-0.17694444444444446,-0.08666666666666667,-0.6141333333333333,-0.7891111111111111,-0.021111111111111112,-0.2527777777777778,-0.7802777777777777,-0.0006333333333333334,-0.08,-0.7196444444444445,-0.010111111111111112,-0.94,-0.13027777777777777,-0.1262222222222222,-0.7832222222222223,-0.14133333333333334,-0.08177777777777777,-0.8867333333333333,-0.08555555555555555,-0.182,-0.008,-0.06933333333333333,-0.6693333333333333,-0.3221111111111111,-0.0013111111111111112,-0.024,-0.7016333333333333,-0.021333333333333333,-0.07655555555555556,-0.24,-0.09388888888888888,-0.6124222222222223,-0.0094,-0.0006111111111111111,-0.16533333333333333,-0.6293000000000001,-0.7025777777777779,-0.5859555555555556,-0.7509333333333333,-0.0029444444444444444,-0.002377777777777778,-0.12566666666666665,-0.11666666666666665,-0.04622222222222223,-0.0434,-0.0013000000000000002,-0.4794,-0.5888,-0.060277777777777784,-0.6080000000000001,-0.19377777777777777,-0.5288888888888889,-0.46373333333333333,-0.7936000000000001,-0.002511111111111111,-0.104,-0.6742777777777778,-0.05304444444444445,-0.15733333333333333,-0.040888888888888884,-0.16088888888888891,-0.0016111111111111111,-0.12833333333333335,-0.16722222222222224,-0.7466666666666667,-0.36111111111111116,-0.009444444444444443,-0.792,-0.13511111111111113,-0.08622222222222221,-0.5347222222222222,-0.20805555555555558,-0.07655555555555556,-0.19211111111111112,-0.2628888888888889,-0.5738444444444445,-0.01588888888888889,-0.18472222222222223,-0.0026111111111111114,-0.296,-0.0005444444444444445,-0.8038333333333333,-0.018666666666666668,-0.0012222222222222222,-0.14155555555555555,-0.3885333333333333,-0.42133333333333334,-0.057777777777777775,-0.06488888888888888,-0.027777777777777776,-0.019444444444444445,-0.03288888888888889,-0.008666666666666668
2024-11-25,-0.001288888888888889,-0.0016111111111111111,-0.0016222222222222224,-0.003144444444444445,-0.0017444444444444445,-0.0026444444444444445,-0.0020222222222222226,-0.5903999999999999,-0.0025444444444444447,-0.0012777777777777779,-0.0018000000000000002,-0.0031111111111111114,-0.0019,-0.0025666666666666667,-0.0021555555555555555,-0.0016666666666666668,-0.0008777777777777778,-0.0014,-0.0011666666666666668,-0.0016,-0.0012000000000000001,-0.00021111111111111113,-0.0020666666666666667,-0.001788888888888889,-0.0010666666666666667,-0.0013000000000000002,-0.002666666666666667,-0.0007777777777777778,-0.002477777777777778,-0.003188888888888889,-0.0018222222222222223,-0.0010333333333333334,-0.0015666666666666667,-0.108,-0.0021000000000000003,-0.0020333333333333336,-0.001488888888888889,-0.002888888888888889,-0.002844444444444445,-0.0013333333333333335,-0.0016333333333333334,-0.0006222222222222223,-5.555555555555556e-05,-0.0033333333333333335,-0.0028666666666666667,-0.002711111111111111,-0.001688888888888889,-0.0007333333333333333,-0.003177777777777778,-0.07253333333333332,-0.00037777777777777777,-0.008733333333333333,-0.0019222222222222223,-0.002166666666666667,-0.001877777777777778,-0.002466666666666667,-0.002755555555555556,-0.0022222222222222222,-0.00030000000000000003,-0.0008444444444444445,-0.0031555555555555555,-0.8529555555555556,-0.7329777777777778,-0.0002777777777777778,-0.003077777777777778,-0.3068,-0.002166666666666667,-0.002166666666666667,-0.0023222222222222225,-0.0008333333333333334,-0.9342666666666667,-0.001388888888888889,-0.0017333333333333335,-0.8586111111111111,-0.2938,-0.08542222222222222,-0.0005111111111111111,-0.19240000000000002,-0.0002444444444444445,-0.03306666666666667,-0.432,-0.0012444444444444445,-0.5814222222222223,-0.1512,-0.0032444444444444448,-0.5472,-0.0028222222222222225,-0.000977777777777778,-0.003,-2.2222222222222227e-05,-0.001988888888888889,-0.5694,-0.0005222222222222223,-0.7046,-0.0005555555555555556,-0.749511111111111,-0.002788888888888889,-0.0008111111111111112,-0.0021111111111111113,-0.0017555555555555556,-0.0696,-0.5448000000000001,-0.0028111111111111114,-0.002777777777777778,-0.0005888888888888889,-0.001977777777777778,-0.000988888888888889,-0.001,-0.0032333333333333333,-0.0025555555555555557,-0.940888888888889,-0.0014444444444444446,-0.6751111111111111,-0.0001777777777777778,-0.0017222222222222224,-0.7936,-0.0010111111111111113,-0.7190444444444445,-0.6287999999999999,-0.0004777777777777778,-0.3984,-0.0007555555555555555,-0.0008555555555555556,-0.7011555555555555,-0.28049999999999997,-0.0004,-0.0012111111111111112,-0.0009000000000000001,-0.0030444444444444447,-0.0022444444444444447,-0.1066,-0.0014111111111111112,-0.001477777777777778,-0.0013666666666666666,-0.9376444444444445,-0.16884444444444444,-0.2108888888888889,-0.002388888888888889,-0.0020777777777777778,-0.002766666666666667,-0.000688888888888889,-0.0005444444444444445,-0.0025,-0.0007111111111111113,-0.0015777777777777778,-0.15137777777777778,-0.0009555555555555556,-0.0023333333333333335,-0.0014333333333333333,-0.0017111111111111112,-0.0011777777777777778,-0.00022222222222222223,-0.0015333333333333336,-0.002211111111111111,-0.0029000000000000002,-0.0008888888888888889,-0.055155555555555555,-0.0026222222222222224,-0.0013555555555555556,-0.09533333333333334,-0.0002,-0.00014444444444444446,-0.0017777777777777779,-0.44539999999999996,-0.0023,-0.0003888888888888889,-0.00042222222222222227,-0.48719999999999997,-0.021855555555555555,-0.003277777777777778,-0.0032888888888888894,-0.0001,-0.002588888888888889,-0.0008,-0.00015555555555555556,-0.0019333333333333333,-0.0005333333333333334,-0.0016777777777777778,-0.14846666666666666,-0.0007666666666666668,-0.2574,-0.0015444444444444444,-0.00025555555555555553,-0.32337777777777776,-0.0010444444444444446,-0.002455555555555556,-0.5112,-0.0024444444444444444,-0.7690222222222223,-0.6227555555555555,-0.0009333333333333334,-0.4652111111111111,-0.0008666666666666667,-0.507,-0.6432,-0.0027,-0.13982222222222224,-0.0019111111111111113,-0.00036666666666666667,-0.5560888888888889,-0.48880000000000007,-0.2739,-0.06760000000000001,-0.00012222222222222224,-0.0013222222222222222,-0.0013444444444444445,-0.002488888888888889,-0.0021222222222222224,-0.001511111111111111,-0.11786666666666666,-0.8273888888888888,-0.002266666666666667,-0.002377777777777778,-0.6171555555555556,-0.001377777777777778,-0.0014666666666666667,-0.5648888888888889,-0.0006555555555555556,-0.9801,-0.0015555555555555557,-0.0006777777777777778,-0.5731555555555555,-0.26639999999999997,-0.0006333333333333334,-0.7992888888888889,-0.7274666666666667,-0.0018666666666666669,-0.0006111111111111111,-0.0028333333333333335,-0.6944,-0.0006000000000000001,-0.0007888888888888889,-0.0016444444444444447,-0.19066666666666668,-0.0011333333333333334,-0.001588888888888889,-0.30720000000000003,-0.0011444444444444445,-0.0033222222222222225,-0.0030333333333333336,-0.0024222222222222223,-0.0029222222222222223,-0.3141333333333333,-0.6558222222222222,-0.003066666666666667,-0.5288888888888889,-0.0009666666666666667,-0.0017666666666666668,-0.0031000000000000003,-0.0029111111111111113,-0.0026555555555555555,-0.0010222222222222221,-0.002677777777777778,-0.5996888888888888,-0.10920000000000002,-0.001955555555555556,-0.0018111111111111112,-0.0012222222222222222,-0.0026000000000000003,-0.024,-0.5470222222222223,-0.0011111111111111111,-0.0015,-0.39591111111111105,-0.7748,-0.0015222222222222223,-0.0010777777777777778,-0.0018333333333333335,-0.0011555555555555557,-0.0011222222222222224,-0.0026333333333333334,-0.4877333333333333,-0.1608,-0.0003111111111111111,-0.8230444444444445,-0.0021444444444444445,-0.002966666666666667,-0.611,-0.002988888888888889,-0.0009111111111111111,-0.0010555555555555557,-0.096,-0.001088888888888889,-0.0022333333333333337,-0.0003555555555555556,-8.88888888888889e-05,-0.010400000000000001,-0.0031666666666666666,-0.0033,-0.001888888888888889,-0.0018555555555555556,-0.6768,-0.12004444444444445,-0.0504,-0.003088888888888889,-0.0020555555555555557,-0.0021333333333333334,-6.666666666666667e-05,-0.0031222222222222224,-0.0001666666666666667
2024-11-26,-0.002577777777777778,-0.0020444444444444442,-0.06746666666666666,-0.8325777777777777,-0.0020333333333333336,-0.1799111111111111,-0.001988888888888889,-0.7584,-0.0025,-0.00037777777777777777,-0.0006222222222222223,-0.35490000000000005,-0.0016555555555555555,-0.0024222222222222223,-0.0032333333333333333,-0.0007777777777777778,-0.0006111111111111111,-0.0026000000000000003,-0.000488888888888889,-0.0019444444444444446,-0.0017000000000000001,-0.0014111111111111112,-0.0006333333333333334,-0.0015666666666666667,-0.0018000000000000002,-0.0003444444444444445,-0.09608888888888889,-0.0026333333333333334,-0.1247111111111111,-0.5793333333333334,-0.0019333333333333333,-0.0010222222222222221,-0.0028666666666666667,-0.0004777777777777778,-0.0007555555555555555,-0.28417777777777775,-0.0008,-0.6072,-0.0018555555555555556,-0.17786666666666665,-0.0012444444444444445,-0.0012777777777777779,-0.00025555555555555553,-0.022244444444444445,-0.1206222222222222,-0.0015222222222222223,-0.0024333333333333334,-0.0005,-0.5503666666666667,-0.0711,-0.0012222222222222222,-0.0011333333333333334,-0.0022222222222222222,-0.0019,-0.0023444444444444446,-0.603111111111111,-0.3434666666666667,-0.0003111111111111111,-0.0013555555555555556,-0.0016777777777777778,-0.7702444444444445,-0.0091,-0.02328888888888889,-0.002677777777777778,-0.15946666666666667,-0.529511111111111,-0.0021444444444444445,-0.0019222222222222223,-0.3904888888888889,-0.003088888888888889,-0.016388888888888887,-0.002,-0.0012111111111111112,-0.0064888888888888895,-0.04476666666666667,-0.0005555555555555556,-0.0029333333333333334,-0.018399999999999996,-0.003311111111111111,-0.0011444444444444445,-0.00015555555555555556,-0.0014333333333333333,-0.7689333333333334,-0.0008222222222222223,-0.4354666666666666,-0.13493333333333332,-0.24533333333333332,-0.00043333333333333337,-0.21466666666666664,-0.0032111111111111116,-0.000688888888888889,-0.31075555555555556,-0.0027222222222222222,-0.8558666666666667,-0.0023555555555555556,-0.026333333333333334,-0.11039999999999998,-0.00023333333333333336,-0.0019666666666666665,-0.001488888888888889,-0.0028222222222222225,-0.0003888888888888889,-0.00021111111111111113,-0.002177777777777778,-0.0031333333333333335,-0.15333333333333332,-0.0007444444444444445,-0.002888888888888889,-0.0158,-0.2719111111111111,-0.16716666666666666,-0.0020888888888888893,-0.5928888888888888,-0.0016,-0.0021111111111111113,-0.20655555555555558,-0.0011,-0.6552,-0.7492333333333334,-0.001955555555555556,-0.19422222222222219,-0.0013222222222222222,-0.0009555555555555556,-0.7365111111111111,-0.853288888888889,-0.0018333333333333335,-0.0010444444444444446,-0.0027,-0.08382222222222221,-0.0029444444444444444,-0.23715555555555554,-0.002211111111111111,-0.002688888888888889,-0.002166666666666667,-0.07944444444444444,-0.1696888888888889,-0.7618222222222222,-0.002755555555555556,-0.32097777777777775,-0.10533333333333333,-0.0028,-0.0005111111111111111,-0.1288,-0.0014666666666666667,-0.0018444444444444446,-0.7758666666666667,-0.0020666666666666667,-0.002255555555555556,-0.0016444444444444447,-0.0015555555555555557,-0.0011777777777777778,-0.0014444444444444446,-0.0004666666666666667,-0.0005333333333333334,-0.2343666666666667,-0.0009333333333333334,-0.0029000000000000002,-0.2305111111111111,-0.002488888888888889,-0.0015777777777777778,-0.0016333333333333334,-0.0012000000000000001,-0.0016111111111111111,-0.7004666666666667,-0.4518222222222222,-0.0023,-0.002977777777777778,-0.14264444444444443,-0.002766666666666667,-0.17377777777777775,-0.18733333333333335,-0.0006444444444444444,-0.4027555555555555,-0.0017222222222222224,-0.0003222222222222222,-0.0007666666666666668,-0.0031555555555555555,-0.0015333333333333336,-0.07768888888888889,-0.0002666666666666667,-0.14924444444444443,-0.0027333333333333333,-0.0022333333333333337,-0.2412444444444444,-0.002277777777777778,-0.4804444444444444,-0.45386666666666664,-0.26168888888888886,-0.4252444444444444,-0.8463,-0.0025444444444444447,-0.8648555555555555,-0.001377777777777778,-0.5131555555555555,-0.9407222222222221,-0.32506666666666667,-0.5903333333333334,-0.0020111111111111115,-0.002844444444444445,-0.5734666666666668,-0.06846666666666668,-0.736488888888889,-0.0021555555555555555,-0.002666666666666667,-0.0031111111111111114,-0.0028555555555555556,-0.4824888888888888,-0.0013444444444444445,-0.0022444444444444447,-0.0028333333333333335,-0.7407777777777778,-0.0017000000000000001,-0.0003333333333333334,-0.8341666666666666,-0.002777777777777778,-0.003022222222222222,-0.8529555555555556,-0.0010111111111111113,-0.003277777777777778,-0.0025666666666666667,-0.0019111111111111113,-0.786,-0.002377777777777778,-0.001888888888888889,-0.8644999999999999,-0.11552222222222222,-0.0014,-0.002588888888888889,-0.0009000000000000001,-0.8180222222222222,-0.002477777777777778,-0.001977777777777778,-0.0021000000000000003,-0.00013333333333333334,-0.00022222222222222223,-0.0008888888888888889,-0.4702222222222222,-0.0011555555555555557,-0.9501555555555556,-0.30666666666666664,-0.15537777777777778,-0.044977777777777776,-0.0026444444444444445,-0.8159666666666666,-0.6004,-0.0024111111111111113,-0.0032888888888888894,-0.0012555555555555555,-0.25555555555555554,-0.32302222222222216,-0.3291555555555555,-0.0017777777777777779,-0.37208888888888886,-0.20668888888888887,-0.0026444444444444445,-0.0020555555555555557,-0.0021333333333333334,-0.001877777777777778,-0.7505666666666667,-0.0011222222222222224,-0.7947333333333333,-0.001511111111111111,-0.0018222222222222223,-0.7136333333333333,-0.04683333333333334,-0.0001777777777777778,-0.0010666666666666667,-0.0012666666666666668,-0.003144444444444445,-0.0005777777777777779,-0.29235555555555554,-0.26143333333333335,-0.002288888888888889,-0.0011111111111111111,-0.013111111111111112,-0.00014444444444444446,-0.1574222222222222,-0.762711111111111,-0.9533333333333334,-0.0017333333333333335,-0.002388888888888889,-0.0005888888888888889,-0.0013666666666666666,-0.0014555555555555556,-0.0016222222222222224,-0.001088888888888889,-0.0018111111111111112,-0.07359999999999998,-0.22207777777777776,-0.0003555555555555556,-0.0002,-0.30078888888888894,-0.6292000000000001,-0.0012333333333333335,-0.237,-0.0015,-0.0010777777777777778,-0.00012222222222222224,-0.49243333333333333,-0.0007111111111111113
2024-11-27,-0.14403333333333332,-0.0009444444444444445,-0.0024333333333333334,-0.3906,-0.3509777777777778,-0.002755555555555556,-0.0014666666666666667,-0.7446333333333334,-0.2336,-0.0015222222222222223,-0.000988888888888889,-0.7309555555555556,-0.0007555555555555555,-0.2665444444444444,-0.3771666666666667,-0.002211111111111111,-0.001511111111111111,-0.25164444444444445,-0.0010555555555555557,-0.0009111111111111111,-0.0023444444444444446,-0.003022222222222222,-0.001955555555555556,-0.0011555555555555557,-0.0007888888888888889,-0.0016111111111111111,-0.00023333333333333336,-0.18707777777777776,-0.0010222222222222221,-0.4550333333333333,-0.00041111111111111117,-0.002577777777777778,-0.6351,-0.002777777777777778,-0.0002444444444444445,-0.0008777777777777778,-0.00013333333333333334,-0.7812,-0.0006333333333333334,-0.0010444444444444446,-0.0018444444444444446,-0.0025444444444444447,-0.0018111111111111112,-0.002177777777777778,-0.16886666666666666,-0.002388888888888889,-0.19535555555555553,-0.0012777777777777779,-0.7178333333333333,-0.0027333333333333333,-0.002277777777777778,-0.003266666666666667,-0.24171111111111113,-0.002255555555555556,-0.2119111111111111,-0.2770444444444444,-0.0001666666666666667,-0.0021222222222222224,-0.0019333333333333333,-0.001488888888888889,-0.6215999999999999,-0.6448333333333333,-0.4136666666666666,-0.4619,-0.17052222222222221,-0.6886333333333333,-0.00025555555555555553,-7.777777777777778e-05,-0.06456666666666666,-0.12747777777777777,-0.8659777777777778,-0.0008111111111111112,-0.000977777777777778,-0.0013000000000000002,-0.002166666666666667,-0.0028111111111111114,-0.3874,-0.003011111111111111,-0.7105333333333334,-0.00042222222222222227,-0.0030444444444444447,-0.0026555555555555555,-0.8866666666666667,-0.003088888888888889,-0.32363333333333333,-0.002788888888888889,-0.0024111111111111113,-0.003,-0.002511111111111111,-0.2946888888888889,-0.0028555555555555556,-0.44368888888888885,-0.4519666666666667,-0.7536666666666666,-0.47679999999999995,-0.0016444444444444447,-0.002266666666666667,-0.0023666666666666667,-0.08774444444444444,-0.0029333333333333334,-0.3658777777777778,-0.0018222222222222223,-0.002666666666666667,-0.0028666666666666667,-0.25329999999999997,-0.002377777777777778,-0.0027444444444444448,-0.27647777777777777,-0.002844444444444445,-0.0016777777777777778,-0.9117999999999999,-0.12913333333333332,-0.8115666666666667,-0.0009000000000000001,-0.05628888888888888,-0.005911111111111112,-0.0007666666666666668,-0.5852,-0.17437777777777777,-0.0008333333333333334,-0.0008444444444444445,-0.0007111111111111113,-0.0021555555555555555,-0.034833333333333334,-0.7113333333333333,-0.26157777777777774,-0.0014555555555555556,-0.03311111111111111,-0.0012000000000000001,-0.3285,-0.002488888888888889,-0.2648888888888889,-0.20197777777777778,-0.0007222222222222223,-0.0030444444444444447,-0.001088888888888889,-0.5754,-0.1533,-0.292,-0.002766666666666667,-0.38905555555555554,-0.001,-0.0011111111111111111,-0.0012111111111111112,-0.09933333333333333,-0.691088888888889,-0.30296666666666666,-0.34309999999999996,-0.031455555555555556,-0.0004666666666666667,-0.0017111111111111112,-0.0001,-0.0012222222222222222,-0.001877777777777778,-0.4056111111111111,-0.0025555555555555557,-0.013244444444444444,-0.0019666666666666665,-0.049666666666666665,-0.023177777777777776,-0.002688888888888889,-0.0016555555555555555,-0.27813333333333334,-0.6975111111111111,-0.4623333333333333,-0.002477777777777778,-0.3046222222222222,-0.0003888888888888889,-0.21522222222222223,-0.3178666666666667,-0.15617777777777778,-0.0032111111111111116,-0.11092222222222221,-0.43541111111111114,-0.0025666666666666667,-0.0005555555555555556,-0.10098888888888889,-0.14237777777777777,-0.0020888888888888893,-0.0023111111111111114,-0.0005777777777777779,-0.20196666666666666,-0.0026333333333333334,-0.0011777777777777778,-0.04801111111111111,-0.41609999999999997,-0.04136666666666666,-0.002955555555555556,-0.05959999999999999,-0.15196666666666667,-0.46355555555555555,-0.3813,-0.0008888888888888889,-0.1168,-0.4494333333333333,-0.3017333333333333,-0.4978555555555555,-0.29965555555555556,-0.28475555555555554,-0.43785555555555555,-0.0006000000000000001,-0.8374333333333333,-0.039733333333333336,-0.23508888888888888,-0.48666666666666664,-0.11193333333333332,-0.39713333333333334,-0.0005,-0.0008222222222222223,-0.09602222222222222,-0.46236666666666665,-0.2701,-5.555555555555556e-05,-0.07916666666666666,-0.1241,-0.42583333333333334,-0.5335,-0.0024222222222222223,-0.8866,-0.18873333333333334,-0.00030000000000000003,-0.12666666666666665,-0.11588888888888889,-0.0015555555555555557,-0.012933333333333333,-0.49169999999999997,-0.001188888888888889,-0.3476666666666666,-0.0014111111111111112,-0.056999999999999995,-0.052977777777777776,-0.0005444444444444445,-0.16058888888888886,-0.002711111111111111,-0.003311111111111111,-0.001377777777777778,-0.2682,-0.0016666666666666668,-0.4753,-0.3675333333333333,-0.0004777777777777778,-0.0006111111111111111,-0.33187777777777777,-0.19506666666666667,-0.29065555555555556,-0.04304444444444444,-0.34269999999999995,-0.0009333333333333334,-0.004966666666666667,-0.4793666666666666,-0.2963444444444444,-0.0025333333333333336,-0.001288888888888889,-0.038933333333333334,-0.06787777777777777,-0.0020222222222222226,-0.10264444444444444,-0.0011,-0.13933333333333334,-0.0003111111111111111,-0.2232,-0.0014333333333333333,-0.1738333333333333,-0.5970222222222222,-0.6691666666666666,-0.002988888888888889,-0.0016,-0.03163333333333333,-0.024333333333333332,-0.002288888888888889,-0.30627777777777776,-0.017266666666666666,-0.47017777777777775,-0.0023222222222222225,-0.8087777777777778,-0.0017333333333333335,-0.6716,-0.8897,-0.9570666666666666,-0.0022333333333333337,-0.00036666666666666667,-0.002677777777777778,-0.0010333333333333334,-0.0031222222222222224,-0.002888888888888889,-0.0003444444444444445,-0.003077777777777778,-0.1854222222222222,-0.6935,-0.0013444444444444445,-0.0028333333333333335,-0.5352666666666667,-0.9102888888888889,-0.0027,-0.44343333333333335,-0.002588888888888889,-0.002,-0.0021444444444444445,-0.6275,-0.0029111111111111113
2024-11-28,-0.20222222222222222,-0.09300000000000001,-0.14054444444444444,-0.8918,-0.04347777777777778,-0.2812,-0.16278888888888887,-0.7676666666666666,-0.035388888888888886,-0.008444444444444445,-0.08088888888888889,-0.8857333333333334,-0.07600000000000001,-0.04448888888888889,-0.05561111111111111,-0.1708777777777778,-0.01566666666666667,-0.12234444444444445,-0.0013888888888888887,-0.15065555555555554,-0.14256666666666667,-0.24671111111111113,-0.2932222222222222,-0.21132222222222222,-0.04246666666666667,-0.0018333333333333333,-0.010611111111111111,-0.05600000000000001,-0.07566666666666667,-0.8351999999999999,-0.23558888888888888,-0.2548,-0.40950000000000003,-0.09633333333333334,-0.01,-0.20323333333333335,-0.009722222222222222,-0.9069666666666667,-0.10010000000000001,-0.17492222222222223,-0.012133333333333335,-0.20626666666666668,-0.0032777777777777775,-0.06466666666666666,-0.2588444444444445,-0.23154444444444444,-0.19514444444444445,-0.09066666666666667,-0.12133333333333333,-0.19720000000000001,-0.023000000000000003,-0.637,-0.3892777777777778,-0.12133333333333335,-0.20828888888888888,-0.052199999999999996,-0.0204,-0.009166666666666667,-0.020666666666666667,-0.056999999999999995,-0.6043333333333333,-0.2861444444444445,-0.030333333333333337,-0.1508,-0.13953333333333334,-0.1653,-0.006666666666666667,-6.666666666666667e-05,-0.28715555555555555,-0.08897777777777778,-0.015166666666666667,-0.1081888888888889,-0.1092,-0.011333333333333334,-0.0061111111111111106,-0.22213333333333335,-0.04853333333333334,-0.002666666666666667,-0.043500000000000004,-0.05333333333333334,-0.0637,-0.12942222222222224,-0.006066666666666667,-0.04686666666666667,-0.17266666666666666,-0.28855555555555557,-0.21435555555555555,-0.05566666666666667,-0.12436666666666667,-0.010666666666666668,-0.03538888888888889,-0.16640000000000002,-0.5984,-0.012133333333333335,-0.05257777777777778,-0.05433333333333334,-0.21306666666666668,-0.021666666666666667,-0.1557111111111111,-0.07583333333333334,-0.3218666666666667,-0.0031111111111111114,-0.04833333333333334,-0.050555555555555555,-0.01011111111111111,-0.16784444444444446,-0.10200000000000001,-0.14155555555555557,-0.0829111111111111,-0.1991888888888889,-0.07886666666666667,-0.23255555555555557,-0.17400000000000002,-0.06266666666666668,-0.24873333333333333,-0.2790666666666667,-0.061666666666666675,-0.6832666666666667,-0.6438,-0.07833333333333334,-0.28311111111111115,-0.018,-0.07886666666666667,-0.7917000000000001,-0.8220333333333334,-0.06774444444444444,-0.17896666666666666,-0.06999999999999999,-0.07833333333333334,-0.27805555555555556,-0.031,-0.20929999999999999,-0.11627777777777779,-0.14762222222222224,-0.0884,-0.004611111111111111,-0.7886666666666667,-0.11728888888888889,-0.06167777777777778,-0.6036333333333334,-0.572,-0.004277777777777778,-0.21334444444444448,-0.034,-0.014155555555555557,-0.5145,-0.22042222222222224,-0.5007333333333333,-0.18907777777777776,-0.02266666666666667,-0.15672222222222223,-0.022000000000000002,-0.006055555555555555,-0.05156666666666667,-0.6422,-0.04133333333333333,-0.012388888888888889,-0.8057777777777778,-0.21941111111111114,-0.002277777777777778,-0.19493333333333335,-0.09133333333333334,-0.2719888888888889,-0.4028888888888889,-0.049544444444444447,-0.09833333333333333,-0.41706666666666664,-0.0067777777777777775,-0.031344444444444446,-0.30333333333333334,-0.6006,-0.02426666666666667,-0.038422222222222226,-0.19266666666666668,-0.057999999999999996,-0.0057777777777777775,-0.13043333333333335,-0.1263888888888889,-0.05466666666666667,-0.04651111111111111,-0.010055555555555557,-0.22666666666666668,-0.06533333333333334,-0.2608666666666667,-0.073,-0.2376111111111111,-0.2522,-0.7758333333333333,-0.21031111111111112,-0.7553,-0.4576,-0.019055555555555555,-0.037333333333333336,-0.6832777777777778,-0.5915,-0.27097777777777776,-0.3264,-0.13245555555555555,-0.07684444444444445,-0.38973333333333327,-0.006555555555555555,-0.8705666666666667,-0.044000000000000004,-0.009333333333333334,-0.2878666666666667,-0.20020000000000002,-0.6265333333333334,-0.26794444444444443,-0.024333333333333335,-0.12032222222222223,-0.6561333333333333,-0.15267777777777777,-0.01011111111111111,-0.8523666666666667,-0.16380000000000003,-0.1183,-0.6552,-0.04466666666666667,-0.0027222222222222222,-0.10414444444444444,-0.07133333333333335,-0.7128333333333333,-0.07482222222222222,-0.030333333333333337,-0.4437,-0.7977666666666667,-0.2173888888888889,-0.04145555555555555,-0.011122222222222223,-0.6409,-0.08433333333333334,-0.085,-0.1809888888888889,-0.003944444444444444,-0.6117333333333334,-0.028000000000000004,-0.23399999999999999,-0.13144444444444445,-0.4459,-0.0078000000000000005,-0.2810888888888889,-0.04566666666666667,-0.7921666666666667,-0.7947333333333333,-0.6815,-0.08333333333333334,-0.08879999999999999,-0.07833333333333334,-0.0001777777777777778,-0.42160000000000003,-0.13447777777777778,-0.273,-0.18503333333333333,-0.04533333333333334,-0.16076666666666667,-0.19413333333333335,-0.5796666666666667,-0.005666666666666667,-0.6825,-0.011833333333333333,-0.7795666666666667,-0.05,-0.19211111111111112,-0.7128333333333333,-0.8642,-0.009666666666666667,-0.09605555555555556,-0.08900000000000001,-0.10616666666666666,-0.05933333333333334,-0.15773333333333334,-0.4578666666666667,-0.16076666666666667,-0.026333333333333334,-0.2613333333333333,-0.006166666666666667,-0.6734,-0.27906666666666663,-0.0819,-0.23457777777777777,-0.000988888888888889,-0.024,-0.009444444444444445,-0.2285111111111111,-0.2856,-0.01588888888888889,-0.6641333333333334,-0.012333333333333335,-0.5824,-0.022244444444444445,-0.023255555555555554,-0.4553,-0.9009,-0.007000000000000001,-0.6815,-0.08190000000000001,-0.11425555555555555,-0.009555555555555557,-0.6669444444444445,-0.03366666666666667
2024-11-29,-0.07777777777777778,-0.2370888888888889,-0.1012,-0.13113333333333335,-0.26424444444444445,-0.11511111111111112,-0.23955555555555555,-0.7611111111111112,-0.0012000000000000001,-0.11244444444444443,-0.13493333333333332,-0.20918888888888887,-0.10862222222222223,-0.3111111111111111,-0.06066666666666667,-0.10835555555555555,-0.002188888888888889,-0.23644444444444446,-0.0020666666666666667,-0.08739999999999999,-0.2068888888888889,-0.3873333333333333,-0.1349,-0.002777777777777778,-0.0023,-0.0016333333333333334,-0.0016444444444444447,-0.24577777777777776,-0.06848888888888888,-0.6775222222222222,-0.19133333333333333,-0.3811111111111111,-0.8222222222222223,-0.4922666666666667,-0.0010111111111111113,-0.0001777777777777778,-0.0005333333333333334,-0.5370222222222223,-0.11906666666666668,-0.26911111111111113,-0.0015666666666666667,-0.2517111111111111,-0.0032111111111111116,-0.13264444444444445,-0.3126666666666667,-0.23488888888888887,-0.22244444444444444,-0.2485777777777778,-0.6978333333333333,-0.31124444444444443,-0.13595555555555555,-0.7567222222222222,-0.22073333333333334,-0.2862222222222222,-0.16644444444444445,-0.07311111111111111,-0.0010666666666666667,-0.06695555555555555,-0.14566666666666664,-0.10235555555555556,-0.5861111111111111,-0.6461,-0.1336888888888889,-0.31733333333333336,-0.08146666666666667,-0.41388888888888886,-0.0012333333333333335,-0.0012777777777777779,-0.0924,-0.10017777777777777,-0.7111111111111111,-0.07833333333333334,-0.2504444444444444,-0.0015333333333333336,-0.13646666666666665,-0.2548444444444445,-0.16188888888888892,-0.11551111111111109,-0.5361111111111111,-0.0010444444444444446,-0.09251111111111111,-0.40444444444444444,-0.8803888888888889,-0.6934333333333333,-0.18200000000000002,-0.6626666666666666,-0.112,-0.14106666666666667,-0.08637777777777778,-0.08893333333333332,-0.26633333333333337,-0.7582666666666666,-0.2233,-0.5972222222222222,-0.051333333333333335,-0.0025444444444444447,-0.4875333333333333,-0.14055555555555554,-0.07104444444444444,-0.3095555555555556,-0.28311111111111115,-0.0031555555555555555,-0.0490888888888889,-0.29244444444444445,-0.000688888888888889,-0.2551111111111111,-0.1953111111111111,-0.42155555555555557,-0.08126666666666667,-0.33911111111111114,-0.7302222222222222,-0.4946333333333333,-0.6964222222222222,-0.026444444444444444,-0.126,-0.06533333333333334,-0.0644,-0.4946666666666667,-0.2387,-0.08564444444444444,-0.06863333333333332,-0.0006666666666666668,-0.021933333333333336,-0.03746666666666667,-0.0718111111111111,-0.2840888888888889,-0.1928888888888889,-0.014622222222222224,-0.24231111111111112,-0.5585333333333333,-0.0658,-0.27999999999999997,-0.29140000000000005,-0.12115555555555556,-0.3655555555555556,-0.0021000000000000003,-0.02497777777777778,-0.24962222222222222,-0.0011,-0.2591111111111111,-0.17746666666666666,-0.0012444444444444445,-0.27844444444444444,-0.11806666666666667,-0.0012555555555555555,-0.4361111111111111,-0.1322222222222222,-0.2644444444444444,-0.1988,-0.001511111111111111,-0.17233333333333337,-0.00028888888888888893,-0.11755555555555555,-0.036288888888888884,-0.5512222222222222,-0.1334,-0.15980000000000003,-0.0031222222222222224,-0.15555555555555556,-0.0015777777777777778,-0.4464444444444445,-0.3313333333333333,-0.0231,-0.689,-0.43244444444444446,-0.5821999999999999,-0.0077777777777777776,-0.0008444444444444445,-0.047022222222222215,-0.8656666666666666,-0.0603111111111111,-0.1827777777777778,-0.0018111111111111112,-0.24335555555555555,-0.03271111111111111,-0.0002777777777777778,-0.18666666666666668,-0.08995555555555555,-0.0741111111111111,-0.07462222222222221,-0.08535555555555555,-0.0808888888888889,-0.2632,-0.06666666666666667,-0.0678888888888889,-0.3437777777777778,-0.20222222222222222,-0.21494444444444444,-0.15711111111111112,-0.21543333333333334,-0.3388,-0.1602222222222222,-0.10733333333333332,-0.10277777777777779,-0.10011111111111111,-0.355,-0.015555555555555555,-0.37800000000000006,-0.23291111111111112,-0.009466666666666667,-0.0006000000000000001,-0.04058888888888889,-0.001388888888888889,-0.0021111111111111113,-0.6342666666666666,-0.06377777777777778,-0.2554444444444444,-0.2603333333333333,-0.0015555555555555557,-0.02297777777777778,-0.43560000000000004,-0.29711111111111116,-0.003177777777777778,-0.018733333333333334,-0.0948888888888889,-0.15088888888888888,-0.005888888888888889,-0.1339111111111111,-0.45111111111111113,-0.30333333333333334,-0.08042222222222223,-0.04416666666666667,-0.0006111111111111111,-0.18486666666666668,-0.07700000000000001,-0.8055333333333333,-0.06533333333333334,-0.19113333333333335,-0.019422222222222223,-0.05594444444444445,-0.09177777777777778,-0.036555555555555556,-0.34844444444444445,-0.14873333333333333,-0.7744,-0.07002222222222222,-0.13844444444444445,-0.05535555555555556,-0.4944444444444445,-0.0005666666666666667,-0.3195,-0.032377777777777776,-0.13113333333333335,-0.06244444444444444,-0.11111111111111112,-0.06533333333333334,-0.13748888888888888,-0.06235555555555555,-0.001,-0.2986666666666667,-0.4308888888888889,-0.6011333333333333,-0.3453333333333333,-0.00012222222222222224,-0.11071111111111112,-0.3764444444444444,-0.21046666666666666,-0.0006222222222222223,-0.021855555555555555,-0.0008888888888888889,-0.0562,-0.06184444444444444,-0.2506666666666667,-0.009366666666666667,-0.9116888888888889,-0.10324444444444444,-0.19322222222222224,-0.39286666666666664,-0.30177777777777776,-0.13799999999999998,-0.07622222222222222,-0.27976666666666666,-0.7986,-0.11653333333333332,-0.08213333333333334,-0.11039999999999998,-0.30916666666666665,-0.08742222222222222,-0.4711111111111111,-0.16293333333333335,-0.002377777777777778,-0.06593333333333333,-0.0025,-0.31577777777777777,-0.45888888888888885,-0.4666666666666667,-0.16111111111111112,-0.060822222222222215,-0.17453333333333332,-0.0029222222222222223,-0.11193333333333332,-0.075,-0.8773444444444444,-0.07359999999999998,-0.6861111111111111,-0.3904444444444444,-0.12288888888888888,-0.13544444444444442,-0.30033333333333334,-0.29557777777777783
2024-12-02,-0.05604444444444444,-0.3305666666666667,-0.2710333333333333,-0.6942666666666666,-0.20046666666666665,-0.06673333333333334,-0.2608222222222222,-0.26601111111111114,-0.0352,-0.23603333333333332,-0.040799999999999996,-0.5409888888888889,-0.12376666666666665,-0.08945555555555555,-0.06423333333333332,-0.3666,-0.2468111111111111,-0.07676666666666666,-0.1034111111111111,-0.2804333333333333,-0.11593333333333333,-0.09713333333333332,-0.0987,-0.32116666666666666,-0.08213333333333334,-0.04191111111111111,-0.20533333333333334,-0.1081,-0.19399999999999998,-0.8159666666666666,-0.33526666666666666,-0.1504,-0.10759999999999999,-0.31679999999999997,-0.039633333333333326,-0.00022222222222222223,-0.0916111111111111,-0.8458555555555555,-0.0021000000000000003,-0.2616,-0.09166666666666667,-0.2712,-0.3147111111111111,-0.056466666666666665,-0.20973333333333335,-0.03603333333333333,-0.30706666666666665,-0.10026666666666667,-0.13449999999999998,-0.23313333333333333,-0.10993333333333333,-0.7382555555555556,-0.15666666666666665,-0.2899222222222222,-0.2425,-0.0013555555555555556,-0.0010555555555555557,-0.05039999999999999,-0.3478,-0.08433333333333334,-0.43396666666666667,-0.13786666666666667,-0.0015555555555555557,-0.8518333333333332,-0.11753333333333332,-0.45720000000000005,-0.046,-0.05639999999999999,-0.2334333333333333,-0.08146666666666666,-0.0234,-0.05739999999999999,-0.0496,-0.0366,-0.029099999999999997,-0.3146,-0.2866888888888889,-0.0030444444444444447,-0.8339,-0.0015444444444444444,-0.10614444444444443,-0.23029999999999998,-0.7053777777777777,-0.7196666666666667,-0.3086333333333333,-0.7442333333333333,-0.11073333333333332,-0.23813333333333334,-0.0512,-0.2996222222222222,-0.20908888888888885,-0.6942,-0.2548,-0.5221111111111112,-0.21633333333333332,-0.1321111111111111,-0.12,-0.26163333333333333,-0.14334444444444444,-0.21463333333333331,-0.40263333333333334,-0.07653333333333334,-0.0288,-0.31176666666666664,-0.03917777777777778,-0.002666666666666667,-0.2112,-0.4089,-0.033,-0.3728666666666666,-0.20037777777777777,-0.41359999999999997,-0.7774000000000001,-0.040544444444444445,-0.3619,-0.003188888888888889,-0.15106666666666665,-0.008966666666666666,-0.14726666666666666,-0.10496666666666665,-0.26944444444444443,-0.0364,-0.05648888888888889,-0.051699999999999996,-0.03900000000000001,-0.36816666666666664,-0.015666666666666666,-0.030066666666666665,-0.38226666666666664,-0.35559999999999997,-0.0234,-0.2773,-0.2663333333333333,-0.00043333333333333337,-0.13666666666666666,-0.1239111111111111,-0.13520000000000001,-0.13256666666666664,-0.28345555555555557,-0.4244222222222222,-0.3096,-0.020999999999999998,-0.12533333333333332,-0.11906666666666667,-0.03,-0.12254444444444443,-0.3133333333333333,-0.14047777777777778,-0.3493666666666666,-0.1144,-0.16763333333333333,-0.0048,-0.10023333333333333,-0.0144,-0.3509333333333333,-0.29296666666666665,-0.07288888888888888,-0.8906888888888888,-0.0799,-0.0017444444444444445,-0.762,-0.4057666666666666,-0.030177777777777776,-0.2421,-0.3894666666666667,-0.7696000000000001,-0.08066666666666666,-0.12553333333333333,-0.08746666666666666,-0.6216888888888888,-0.42,-0.0007333333333333333,-0.30285555555555554,-0.188,-0.09521111111111111,-0.0017222222222222224,-0.03325555555555555,-0.17567777777777777,-0.27940000000000004,-0.07789999999999998,-0.08837777777777776,-0.10486666666666668,-0.06266666666666666,-0.12825555555555554,-0.10853333333333334,-0.46280000000000004,-0.0036666666666666666,-0.0777111111111111,-0.05604444444444444,-0.09620000000000001,-0.11293333333333333,-0.03125555555555555,-0.15839999999999999,-0.1196,-0.019755555555555557,-0.12393333333333334,-0.005011111111111111,-0.3415333333333333,-0.20477777777777775,-0.0064,-0.0028222222222222225,-0.010400000000000001,-0.1110111111111111,-0.17526666666666665,-0.5112,-0.08506666666666667,-0.016933333333333335,-0.3368333333333333,-0.08017777777777778,-0.0202,-0.023911111111111112,-0.2619,-0.1554222222222222,-0.13520000000000001,-0.20262222222222223,-0.07005555555555555,-0.043199999999999995,-0.35719999999999996,-0.2888444444444444,-0.18537777777777778,-0.14153333333333332,-0.0744,-0.0236,-0.24357777777777775,-0.0048000000000000004,-0.8488444444444444,-0.2397,-0.1401111111111111,-0.11935555555555555,-0.2964,-0.07562222222222222,-0.0014555555555555556,-0.3164666666666667,-0.27259999999999995,-0.10461111111111111,-0.07626666666666666,-0.11424444444444444,-0.18,-0.6504,-0.0002777777777777778,-0.2569333333333333,-0.028999999999999998,-0.8249333333333333,-0.11180000000000001,-0.0572,-0.047,-0.2134,-0.2475333333333333,-0.021599999999999998,-0.1464,-0.5459999999999999,-0.49679999999999996,-0.4590333333333333,-0.0005777777777777779,-0.017244444444444444,-0.3196,-0.08146666666666666,-0.0402,-0.059533333333333334,-0.027,-0.1248,-0.17966666666666667,-0.4308333333333333,-0.03668888888888889,-0.035866666666666665,-0.14006666666666667,-0.2705222222222222,-0.5208,-0.7083666666666667,-0.23279999999999998,-0.6547555555555555,-0.001511111111111111,-0.7771111111111111,-0.25974444444444444,-0.02047777777777778,-0.1452,-0.2491,-0.7722,-0.039511111111111115,-0.06104444444444444,-0.22873333333333334,-0.0406,-0.3055,-0.33176666666666665,-0.06276666666666667,-0.6578,-0.21840000000000004,-0.11806666666666665,-0.10966666666666666,-0.053,-0.22848888888888888,-0.2882666666666666,-0.20324444444444442,-0.46059999999999995,-0.6208888888888888,-0.34623333333333334,-0.06893333333333333,-0.09386666666666667,-0.31147777777777774,-0.053266666666666664
2024-12-03,-0.05222222222222222,-0.247,-0.06544444444444444,-0.37092222222222226,-0.14777777777777779,-0.1075111111111111,-0.17733333333333334,-0.3765,-0.015444444444444443,-0.12983333333333333,-0.08259999999999999,-0.11155555555555556,-0.15727777777777777,-0.1235,-0.05506666666666667,-0.07705555555555556,-0.06333333333333334,-0.10053333333333334,-0.13176666666666667,-0.16572222222222222,-0.14566666666666667,-0.05805555555555555,-0.022944444444444444,-0.21744444444444444,-0.09576666666666667,-0.01311111111111111,-0.23116666666666666,-0.12666666666666668,-0.15516666666666665,-0.23984444444444444,-0.61,-0.025333333333333333,-0.052500000000000005,-0.006333333333333333,-0.03866666666666666,-0.0009222222222222223,-0.0721111111111111,-0.1784888888888889,-0.14144444444444443,-0.20055555555555554,-0.0884,-0.06438888888888888,-0.05594444444444444,-0.0236,-0.065,-0.13963333333333333,-0.07283333333333333,-0.0855,-0.5856666666666667,-0.03067777777777778,-0.07072222222222221,-0.12271111111111112,-0.15305555555555556,-0.3458222222222222,-0.21515555555555557,-0.18486666666666665,-0.020655555555555555,-0.004222222222222223,-0.10977777777777778,-0.13722222222222222,-0.0825,-0.02111111111111111,-0.006888888888888889,-0.28725555555555554,-0.14355555555555555,-0.14250000000000002,-0.10344444444444444,-0.10238888888888888,-0.15564444444444442,-0.12561111111111112,-0.005277777777777777,-0.0741,-0.22694444444444445,-0.004222222222222223,-0.021955555555555558,-0.11499999999999999,-0.026388888888888885,-0.01711111111111111,-0.5968222222222223,-0.1261,-0.03166666666666667,-0.11927777777777776,-0.7028,-0.4267,-0.20371111111111112,-0.2203222222222222,-0.09499999999999999,-0.03588888888888889,-0.5218666666666667,-0.02818888888888889,-0.2396111111111111,-0.3820777777777778,-0.175,-0.41500000000000004,-0.41275555555555554,-0.01688888888888889,-0.032777777777777774,-0.11294444444444444,-0.23538888888888887,-0.13827777777777778,-0.27,-0.07973333333333334,-0.0064444444444444445,-0.20161111111111113,-0.01822222222222222,-0.057033333333333325,-0.035,-0.21195555555555556,-0.033433333333333336,-0.0781111111111111,-0.3175,-0.3597666666666667,-0.019522222222222222,-0.06088888888888889,-0.18788888888888888,-0.375,-0.2343333333333333,-0.19469999999999998,-0.28288888888888886,-0.27444444444444444,-0.504788888888889,-0.06111111111111111,-0.117,-0.04688888888888889,-0.08972222222222222,-0.11188888888888888,-0.0195,-0.1638888888888889,-0.7139555555555556,-0.6386555555555555,-0.04555555555555556,-0.29977777777777775,-0.3250222222222222,-0.0010222222222222221,-0.44343333333333335,-0.4257333333333333,-0.2266,-0.12046666666666667,-0.1831111111111111,-0.5243111111111112,-0.4016,-0.05,-0.15733333333333333,-0.11472222222222223,-0.07020000000000001,-0.12,-0.13194444444444445,-0.3616444444444444,-0.16466666666666666,-0.18894444444444444,-0.11822222222222223,-0.0028222222222222225,-0.11505555555555555,-0.013144444444444445,-0.54,-0.05172222222222222,-0.1265222222222222,-0.005577777777777778,-0.10947777777777777,-0.09243333333333333,-0.4490111111111111,-0.06861111111111111,-0.11526666666666667,-0.06414444444444443,-0.5549888888888889,-0.6832777777777778,-0.09966666666666668,-0.6775111111111111,-0.1118,-0.20916666666666667,-0.5271,-0.0002444444444444445,-0.10027777777777777,-0.042499999999999996,-0.13897777777777778,-0.043555555555555556,-0.043333333333333335,-0.25227777777777777,-0.23249999999999998,-0.1277222222222222,-0.30822222222222223,-0.16978888888888888,-0.07997777777777777,-0.6075,-0.20794444444444443,-0.502,-0.002755555555555556,-0.4646444444444444,-0.12436666666666667,-0.17175555555555555,-0.17733333333333334,-0.00045555555555555556,-0.18155555555555555,-0.5539111111111111,-0.17765555555555554,-0.3021333333333333,-0.009777777777777778,-0.17944444444444443,-0.17416666666666666,-0.003022222222222222,-0.005633333333333334,-0.06122222222222222,-0.1888,-0.017699999999999997,-0.6442333333333333,-0.2712777777777778,-0.05488888888888889,-0.3018888888888889,-0.20266666666666666,-0.12090000000000001,-0.31455555555555553,-0.209,-0.41833333333333333,-0.2797222222222222,-0.2491111111111111,-0.25966666666666666,-0.11656666666666667,-0.26916666666666667,-0.0753888888888889,-0.2206111111111111,-0.2881666666666667,-0.036255555555555555,-0.06326666666666667,-0.3050555555555556,-0.018111111111111113,-0.29283333333333333,-0.23644444444444446,-0.1711,-0.3113888888888889,-0.7836777777777778,-0.2543888888888889,-0.04444444444444444,-0.2132222222222222,-0.29,-0.10757777777777779,-0.20477777777777775,-0.22905555555555557,-0.5424666666666667,-0.18406666666666666,-0.0023,-0.3156111111111111,-0.11537777777777777,-0.7948333333333333,-0.06444444444444444,-0.2628333333333333,-0.03437777777777778,-0.21955555555555556,-0.20583333333333334,-0.03148888888888889,-0.23346666666666668,-0.7055888888888889,-0.2700888888888889,-0.15617777777777778,-0.002966666666666667,-0.02311111111111111,-0.1826111111111111,-0.15274444444444443,-0.18158888888888888,-0.058666666666666666,-0.19207777777777776,-0.2776111111111111,-0.13511111111111113,-0.2816777777777778,-0.3103333333333333,-0.0025,-0.16255555555555554,-0.29555555555555557,-0.41657777777777777,-0.5103666666666666,-0.029555555555555557,-0.6135555555555555,-0.31666666666666665,-0.21753333333333333,-0.019,-0.0033333333333333335,-0.05488888888888889,-0.02788888888888889,-0.5159444444444444,-0.027466666666666667,-0.025566666666666665,-0.12033333333333333,-0.11960000000000001,-0.19738888888888886,-0.1980111111111111,-0.0075,-0.0251,-0.08,-0.10133333333333333,-0.044333333333333336,-0.056999999999999995,-0.16361111111111112,-0.27749999999999997,-0.7075,-0.4425,-0.18,-0.095,-0.03905555555555555,-0.041299999999999996,-0.6302888888888889,-0.005244444444444445
2024-12-04,-0.39780000000000004,-0.17763333333333334,-0.11761111111111112,-0.11193333333333332,-0.1054888888888889,-0.16465555555555556,-0.18516666666666667,-0.1326,-0.0416,-0.20602222222222225,-0.10099999999999999,-0.2788,-0.18067777777777777,-0.08311111111111111,-0.056933333333333336,-0.16721111111111112,-0.07056666666666667,-0.6132,-0.12456666666666667,-0.26933333333333337,-0.10706666666666667,-0.04866666666666667,-0.050355555555555556,-0.2659666666666667,-0.2312,-0.0013111111111111112,-0.18359999999999999,-0.12896666666666667,-0.09875555555555555,-0.09733333333333333,-0.7912,-0.05028888888888889,-0.1649,-0.040888888888888884,-0.07404444444444445,-0.0030444444444444447,-0.025822222222222226,-0.06326666666666667,-0.11274444444444445,-0.14364444444444446,-0.1183111111111111,-0.1173,-0.33105555555555555,-0.011122222222222223,-0.0202,-0.2367888888888889,-0.19863333333333333,-0.058355555555555556,-0.5061333333333333,-0.21995555555555554,-0.05817777777777778,-0.1606,-0.1370777777777778,-0.1105,-0.1919,-0.22143333333333334,-0.0182,-0.006933333333333334,-0.04264444444444445,-0.04697777777777778,-0.004866666666666667,-0.012222222222222221,-0.0007555555555555555,-0.15573333333333333,-0.15005555555555558,-0.0365,-0.1524888888888889,-0.010755555555555556,-0.04791111111111111,-0.11293333333333333,-0.0039,-0.07431111111111112,-0.2482,-0.00043333333333333337,-0.0117,-0.015644444444444447,-0.06975555555555556,-0.023766666666666665,-0.07543333333333332,-0.30187777777777774,-0.06697777777777777,-0.11517777777777778,-0.7539333333333333,-0.2958,-0.047044444444444444,-0.6059,-0.010266666666666667,-0.0969,-0.034,-0.09976666666666667,-0.046233333333333335,-0.08273333333333333,-0.07333333333333333,-0.0238,-0.2847,-0.019422222222222223,-0.024577777777777778,-0.03366666666666667,-0.2397,-0.14925555555555556,-0.5905333333333334,-0.09533333333333334,-0.0012666666666666668,-0.08416666666666667,-0.02946666666666667,-0.021022222222222223,-0.4964,-0.039099999999999996,-0.017422222222222224,-0.07967777777777778,-0.0476,-0.438,-0.03153333333333333,-0.4607,-0.1428,-0.2637333333333333,-0.3621,-0.7883333333333333,-0.5815666666666667,-0.3553,-0.6679333333333333,-0.3791,-0.4386,-0.3198333333333333,-0.052311111111111114,-0.19414444444444445,-0.0018555555555555556,-0.2771,-0.4013333333333333,-0.2752,-0.2108888888888889,-0.1032,-0.24576666666666666,-0.0013444444444444445,-0.0022444444444444447,-0.17486666666666667,-0.03568888888888889,-0.49810000000000004,-0.23229999999999998,-0.44773333333333326,-0.5418,-0.1368888888888889,-0.11446666666666667,-0.34850000000000003,-0.08751111111111111,-0.05817777777777778,-0.06172222222222222,-0.09826666666666667,-0.24688888888888888,-0.3162,-0.1515,-0.09435555555555555,-0.08617777777777778,-0.0008,-0.009733333333333333,-0.2856,-0.26484444444444444,-0.23116666666666666,-0.10853333333333333,-0.17033333333333334,-0.27496666666666664,-0.027200000000000002,-0.44043333333333334,-0.0085,-0.3504,-0.03726666666666667,-0.2872888888888889,-0.301,-0.4539,-0.017033333333333334,-0.47206666666666663,-0.00018888888888888888,-0.07518888888888889,-0.023955555555555556,-0.26372222222222225,-0.12906666666666666,-0.04472222222222222,-0.2074,-0.05328888888888889,-0.06306666666666666,-0.8284666666666667,-0.5207333333333334,-0.15492222222222224,-0.8083999999999999,-0.2924,-0.2895333333333333,-0.07591111111111111,-0.6521333333333333,-0.8112666666666667,-0.7826,-0.12653333333333333,-0.0028333333333333335,-0.37060000000000004,-0.7596666666666666,-0.3791,-0.04937777777777778,-0.0020222222222222226,-0.16999999999999998,-0.2431,-0.14666666666666667,-0.003088888888888889,-0.08597777777777778,-0.2159,-0.03911111111111111,-0.0688,-0.6220666666666667,-0.2816777777777778,-0.2499,-0.1972,-0.7251333333333333,-0.7797333333333333,-0.22269999999999998,-0.0219,-0.7080666666666667,-0.323,-0.6163333333333333,-0.42160000000000003,-0.41819999999999996,-0.0009333333333333334,-0.3434,-0.3604,-0.7482,-0.15130000000000002,-0.46440000000000003,-0.028455555555555553,-0.11436666666666667,-0.2618,-0.2686,-0.35546666666666665,-0.7023333333333334,-0.33999999999999997,-0.03577777777777778,-0.3264,-0.3187111111111111,-0.16060000000000002,-0.32993333333333336,-0.4879,-0.6192,-0.12344444444444444,-0.01617777777777778,-0.5426333333333333,-0.21900000000000003,-0.6392666666666666,-0.7510666666666667,-0.8198666666666666,-0.5083,-0.008977777777777779,-0.17394444444444446,-0.07777777777777778,-0.0655111111111111,-0.24366666666666667,-0.24801111111111113,-0.1995333333333333,-0.0920888888888889,-0.21007777777777778,-0.3333,-0.5426333333333333,-0.4097,-0.6789000000000001,-0.2884111111111111,-0.7252666666666667,-0.1761888888888889,-0.36013333333333336,-0.8341999999999999,-0.08275555555555557,-0.3893,-0.25306666666666666,-0.14356666666666665,-0.37266666666666665,-0.1314,-0.5045333333333333,-0.8313333333333334,-0.07056666666666667,-0.05723333333333334,-0.017333333333333336,-0.030799999999999998,-0.00811111111111111,-0.47586666666666666,-0.08030000000000001,-0.391,-0.3791,-0.07855555555555556,-0.3153444444444444,-0.15193333333333334,-0.14027777777777778,-0.2601,-0.5913,-0.30260000000000004,-0.03526666666666667,-0.0714,-0.3383,-0.059500000000000004,-0.0028666666666666667,-0.3944,-0.0357,-0.04601111111111111,-0.0629,-0.015555555555555555,-0.0344,-0.025500000000000002
2024-12-05,-0.322,-0.2556555555555556,-0.0759,-0.2964,-0.1656,-0.1829,-0.49280000000000007,-0.3156,-0.4546666666666667,-0.2776666666666667,-0.0026222222222222224,-0.21,-0.06621111111111111,-0.1524,-0.007333333333333333,-0.32511111111111113,-0.1567111111111111,-0.15,-0.024599999999999997,-0.18480000000000002,-0.15762222222222222,-0.1193111111111111,-0.08543333333333333,-0.4461333333333334,-0.0564,-0.002266666666666667,-0.3938666666666667,-0.09767777777777777,-0.044366666666666665,-0.33397777777777776,-0.534,-0.16126666666666664,-0.4853333333333334,-0.12324444444444445,-0.10386666666666666,-0.027133333333333336,-0.002288888888888889,-0.14482222222222224,-0.0007333333333333333,-0.2004,-0.32639999999999997,-0.14777777777777779,-0.5903333333333334,-0.0026222222222222224,-0.08323333333333334,-0.2733888888888889,-0.23399999999999999,-0.06856666666666666,-0.03546666666666667,-0.42560000000000003,-0.19771111111111112,-0.3341333333333334,-0.0506,-0.1754666666666667,-0.13666666666666666,-0.03553333333333333,-0.0013000000000000002,-0.0003222222222222222,-0.324,-0.10882222222222222,-0.09313333333333333,-0.0726,-0.0024222222222222223,-0.238,-0.1032,-0.2706,-0.04064444444444444,-0.08726666666666667,-0.030066666666666665,-0.05519999999999999,-0.0013333333333333335,-0.002577777777777778,-0.3724,-0.002488888888888889,-0.0007,-0.10266666666666667,-0.14946666666666666,-0.00018888888888888888,-0.033600000000000005,-0.26366666666666666,-0.0407,-0.204,-0.885,-0.5338666666666667,-0.08983333333333333,-0.3747555555555555,-0.0021111111111111113,-0.4386666666666667,-0.019799999999999998,-0.41673333333333334,-0.30720000000000003,-0.0665,-0.20864444444444444,-0.0032222222222222222,-0.15866666666666665,-0.0029000000000000002,-0.0023111111111111114,-0.1737222222222222,-0.056100000000000004,-0.22079999999999997,-0.41884444444444446,-0.033433333333333336,-0.0008666666666666667,-0.18119999999999997,-0.00028888888888888893,-0.0028777777777777777,-0.606,-0.15,-0.0021555555555555555,-0.18839999999999998,-0.007388888888888889,-0.24266666666666667,-0.17033333333333334,-0.23973333333333333,-0.23644444444444446,-0.37893333333333334,-0.25666666666666665,-0.267,-0.30862222222222224,-0.05366666666666666,-0.483,-0.322,-0.005511111111111112,-0.10500000000000001,-0.1067,-0.40880000000000005,-0.0010666666666666667,-0.41440000000000005,-0.201,-0.1978666666666667,-0.25760000000000005,-0.46666666666666673,-0.30240000000000006,-0.0003111111111111111,-0.19207777777777776,-0.08866666666666667,-0.002988888888888889,-0.8670000000000001,-0.07093333333333333,-0.4890666666666667,-0.20346666666666668,-0.13766666666666666,-0.05922222222222222,-0.13299999999999998,-0.0693,-0.029155555555555556,-0.02163333333333333,-0.1464,-0.10453333333333335,-0.12880000000000003,-0.1822222222222222,-0.027533333333333333,-0.11022222222222222,-0.0006111111111111111,-0.25146666666666667,-0.3976,-0.10033333333333333,-0.32853333333333334,-0.09636666666666666,-0.06559999999999999,-0.41525555555555554,-0.30885555555555555,-0.133,-0.2614888888888889,-0.23496666666666668,-0.6416666666666666,-0.01928888888888889,-0.1680888888888889,-0.04133333333333333,-0.24640000000000004,-0.037333333333333336,-0.002966666666666667,-0.11996666666666665,-0.1534,-0.15866666666666668,-0.045811111111111115,-0.05023333333333333,-0.3616666666666667,-0.06160000000000001,-0.11603333333333332,-0.27599999999999997,-0.2501333333333334,-0.4049111111111111,-0.291,-0.12265555555555556,-0.3960444444444445,-0.17142222222222223,-0.5730000000000001,-0.156,-0.24,-0.205,-0.048766666666666666,-0.5389999999999999,-0.25200000000000006,-0.1698666666666667,-0.0869,-0.0028555555555555556,-0.41821111111111114,-0.36057777777777783,-0.378,-0.22595555555555555,-0.0031666666666666666,-0.24080000000000001,-0.19142222222222222,-0.08571111111111111,-0.20942222222222223,-0.3802666666666667,-0.47833333333333333,-0.252,-0.474,-0.597,-0.5170666666666667,-0.0023333333333333335,-0.588,-0.25200000000000006,-0.175,-0.2053333333333333,-0.1843333333333333,-0.0033333333333333335,-0.4498666666666667,-0.3803333333333333,-0.492,-0.05615555555555556,-0.05833333333333333,-0.0011444444444444445,-0.013999999999999999,-0.19973333333333337,-0.10344444444444445,-0.2753333333333333,-0.5318222222222222,-0.189,-0.001877777777777778,-0.39946666666666675,-0.798,-0.4196888888888889,-0.0992,-0.123,-0.5016666666666666,-0.27242222222222223,-0.0002444444444444445,-0.3609777777777778,-0.10266666666666666,-0.6337777777777778,-0.23099999999999998,-0.111,-0.285,-0.019133333333333336,-0.2911222222222222,-0.0228,-0.06468888888888888,-0.581,-0.40343333333333337,-0.2912,-0.3802666666666667,-0.020999999999999998,-0.663,-0.322,-0.1350222222222222,-0.645,-0.322,-0.372,-0.2296,-0.48160000000000003,-0.765,-0.005244444444444445,-0.027555555555555555,-0.3453333333333333,-0.2544,-0.42,-0.2527,-0.6696000000000001,-0.09000000000000001,-0.2426666666666667,-0.09839999999999999,-0.003011111111111111,-0.0737,-0.010022222222222222,-0.006999999999999999,-0.22048888888888887,-0.09368888888888888,-0.02613333333333334,-0.17493333333333333,-0.34500000000000003,-0.41082222222222226,-0.26759999999999995,-0.02426666666666667,-0.3472,-0.017733333333333334,-0.2715111111111111,-0.16491111111111112,-0.23893333333333336,-0.30119999999999997,-0.5488000000000001,-0.42435555555555554,-0.019433333333333334,-0.126,-0.04195555555555556,-0.10853333333333334,-0.217,-0.15733333333333333
2024-12-06,-0.47996666666666665,-0.4030000000000001,-0.19933333333333333,-0.4012777777777778,-0.2545333333333333,-0.09880000000000001,-0.5642,-0.21700000000000003,-0.5174,-0.195,-0.0016111111111111111,-0.022099999999999998,-0.13319999999999999,-0.057777777777777775,-0.001188888888888889,-0.4778888888888889,-0.13186666666666666,-0.08518888888888888,-0.06638888888888889,-0.4185000000000001,-0.17684444444444442,-0.06644444444444444,-0.17679999999999998,-0.4835666666666667,-0.0084,-0.0625,-0.09196666666666667,-0.04972222222222222,-0.0021333333333333334,-0.07233333333333335,-0.19876666666666667,-0.2795,-0.26177777777777783,-0.30810000000000004,-0.11744444444444443,-0.02361111111111111,-0.03138888888888888,-0.059288888888888884,-0.0017555555555555556,-0.18911111111111112,-0.044500000000000005,-0.21057777777777775,-0.11866666666666667,-0.03666666666666667,-0.019799999999999998,-0.4300999999999999,-0.1482,-0.8247333333333333,-0.019422222222222223,-0.0356,-0.689,-0.4615555555555556,-0.001955555555555556,-0.22360000000000002,-0.10426666666666666,-0.0004,-0.0011777777777777778,-0.002455555555555556,-0.14128888888888888,-0.19833333333333333,-0.0174,-0.108,-0.07277777777777777,-0.3781555555555555,-0.034166666666666665,-0.49866666666666665,-0.06055555555555556,-0.14622222222222223,-0.0022222222222222222,-0.020277777777777777,-0.002688888888888889,-0.017777777777777778,-0.35994444444444446,-0.06527777777777777,-0.0033,-0.2995111111111111,-0.19422222222222219,-0.002188888888888889,-0.29439999999999994,-0.16414444444444443,-0.07555555555555554,-0.32630000000000003,-0.1424,-0.6348666666666667,-0.2892888888888889,-0.143,-0.07333333333333333,-0.29504444444444444,-0.0031000000000000003,-0.06760000000000001,-0.09127777777777779,-0.3005333333333333,-0.25555555555555554,-0.3523,-0.5111333333333332,-0.03861111111111111,-0.1686,-0.2626,-0.0015666666666666667,-0.338,-0.7384000000000001,-0.1716,-0.002577777777777778,-0.30564444444444444,-0.0029222222222222223,-0.08333333333333333,-0.8662666666666667,-0.27906666666666663,-0.1566,-0.2639,-0.0077777777777777776,-0.19116666666666668,-0.043055555555555555,-0.2534888888888889,-0.38231111111111105,-0.49083333333333334,-0.31789999999999996,-0.41340000000000005,-0.22647777777777778,-0.26387777777777777,-0.46280000000000004,-0.4072444444444444,-0.0644,-0.16533333333333336,-0.5011666666666666,-0.3511444444444444,-0.0007777777777777778,-0.5928,-0.4384111111111111,-0.2171,-0.1980555555555556,-0.5018,-0.06233333333333333,-0.0017111111111111112,-0.0091,-0.09230000000000001,-0.22555555555555556,-0.04746666666666667,-0.1235,-0.5609999999999999,-0.8514333333333334,-0.155,-0.047499999999999994,-0.20144444444444443,-0.081,-0.13533333333333333,-0.002488888888888889,-0.10111111111111111,-0.19288888888888892,-0.18195555555555556,-0.25488888888888894,-0.0018000000000000002,-0.3562,-0.0008333333333333334,-0.0020444444444444442,-0.15375555555555556,-0.0879111111111111,-0.1395,-0.08484444444444444,-0.0013000000000000002,-0.1612,-0.18492222222222224,-0.1313,-0.0728,-0.49451111111111107,-0.5713888888888888,-0.03266666666666667,-0.045500000000000006,-0.3185,-0.0013000000000000002,-0.06,-0.034444444444444444,-0.11366666666666668,-0.06533333333333334,-0.16640000000000002,-0.0594,-0.026111111111111113,-0.45500000000000007,-0.08166666666666667,-0.1322222222222222,-0.0286,-0.3289444444444445,-0.08103333333333333,-0.0598,-0.13066666666666668,-0.3802333333333333,-0.2847,-0.17800000000000002,-0.05460000000000001,-0.1404,-0.29510000000000003,-0.048600000000000004,-0.41533333333333333,-0.2808,-0.044199999999999996,-0.0132,-0.1542,-0.325,-0.3760777777777778,-0.3406,-0.43400000000000005,-0.3835,-0.3220555555555556,-0.12258888888888887,-0.0808888888888889,-0.3428333333333333,-0.4363333333333333,-0.2522,-0.2290555555555556,-0.038566666666666666,-0.12460000000000002,-0.26106666666666667,-0.031000000000000003,-0.2729333333333333,-0.5277555555555555,-0.5256777777777778,-0.0941111111111111,-0.8781333333333333,-0.2307777777777778,-0.2759,-0.3588,-0.43906666666666666,-0.05916666666666666,-0.4822222222222223,-0.002711111111111111,-0.1508,-0.38922222222222225,-0.3666,-0.20929999999999999,-0.49246666666666666,-0.16622222222222222,-0.03805555555555555,-0.5547666666666666,-0.15130000000000002,-0.020800000000000003,-0.13520000000000001,-0.10920000000000002,-0.2699666666666667,-0.7327666666666667,-0.0005444444444444445,-0.2036222222222222,-0.0801111111111111,-0.12460000000000002,-0.3927,-0.13,-0.2002,-0.0016666666666666666,-0.5007444444444444,-0.07079999999999999,-0.04444444444444444,-0.3718,-0.5755333333333333,-0.30335555555555554,-0.0702,-0.06194444444444444,-0.45983333333333337,-0.32621111111111106,-0.10505555555555557,-0.23140000000000002,-0.3864666666666666,-0.14336666666666667,-0.2024,-0.5319111111111111,-0.12460000000000002,-0.10619999999999999,-0.05826666666666666,-0.6191777777777777,-0.04986666666666666,-0.30543333333333333,-0.3530555555555556,-0.10976666666666667,-0.052,-0.2808,-0.1648888888888889,-0.07166666666666666,-0.1928888888888889,-0.03305555555555555,-0.2977,-0.059111111111111114,-0.2132,-0.15600000000000003,-0.26130000000000003,-0.08320000000000001,-0.4753333333333334,-0.286,-0.37570000000000003,-0.42719999999999997,-0.056,-0.013,-0.36010000000000003,-0.18944444444444444,-0.18076666666666663,-0.010400000000000001,-0.0089,-0.0024999999999999996,-0.2068888888888889,-0.05666666666666667,-0.6136,-0.05817777777777778,-0.20922222222222223
2024-12-09,-0.4623555555555555,-0.01617777777777778,-0.24297777777777776,-0.010266666666666667,-0.4431777777777777,-0.14684444444444444,-0.21546666666666667,-0.3389111111111111,-0.6015111111111111,-0.3478888888888889,-0.013066666666666667,-0.043500000000000004,-0.3321777777777778,-0.15216666666666667,-0.04650000000000001,-0.08213333333333334,-0.24468888888888887,-0.1743,-0.08384444444444444,-0.4915333333333333,-0.12911111111111112,-0.03344444444444444,-0.028000000000000004,-0.27382222222222224,-0.006999999999999999,-0.07666666666666667,-0.3678888888888889,-0.1254222222222222,-0.10066666666666667,-0.04853333333333334,-0.5431555555555555,-0.10204444444444444,-0.168,-0.07466666666666667,-0.2789111111111111,-0.017833333333333336,-0.05327777777777778,-0.01672222222222222,-0.029333333333333336,-0.3119777777777778,-0.037644444444444446,-0.06363333333333333,-0.5030666666666667,-0.018833333333333334,-0.0005,-0.35462222222222217,-0.11464444444444444,-0.2895333333333333,-0.051333333333333335,-0.46028888888888886,-0.41746666666666665,-0.4004,-0.10666666666666667,-0.09955555555555556,-0.12726666666666667,-0.002266666666666667,-0.03833333333333334,-0.005933333333333334,-0.3521777777777778,-0.6284444444444445,-0.0012666666666666668,-0.029944444444444444,-0.021666666666666667,-0.12817777777777778,-0.14666666666666667,-0.1975111111111111,-0.10224444444444446,-0.10893333333333334,-0.066,-0.11227777777777778,-0.024833333333333332,-0.005833333333333334,-0.04713333333333334,-0.043833333333333335,-0.0808,-0.5992666666666667,-0.13003333333333333,-0.047,-0.23022222222222224,-0.4848,-0.4739777777777778,-0.15913333333333332,-0.056466666666666665,-0.3882888888888889,-0.015711111111111113,-0.38671111111111106,-0.025666666666666667,-0.08726666666666667,-0.021333333333333336,-0.0012444444444444445,-0.03333333333333333,-0.011222222222222222,-0.6374222222222222,-0.6553777777777778,-0.22893333333333335,-0.015166666666666669,-0.09706666666666668,-0.5047777777777778,-0.04057777777777778,-0.40624444444444446,-0.4690888888888889,-0.4735777777777778,-0.017333333333333336,-0.0044888888888888895,-0.07838888888888888,-0.1705777777777778,-0.3838,-0.057244444444444445,-0.07692222222222223,-0.11448888888888889,-0.05,-0.12319999999999999,-0.011466666666666667,-0.22897777777777778,-0.2588444444444445,-0.038155555555555554,-0.15935555555555556,-0.5611111111111111,-0.39951111111111115,-0.23644444444444446,-0.47806666666666664,-0.5768222222222222,-0.2508444444444444,-0.31235555555555555,-0.6531333333333333,-0.2977333333333333,-0.027333333333333334,-0.45337777777777777,-0.2424,-0.009222222222222222,-0.6486444444444445,-0.21388888888888888,-0.05072222222222222,-0.006733333333333333,-0.12422222222222223,-0.0627111111111111,-0.6239555555555556,-0.08897777777777778,-0.13999999999999999,-0.5454,-0.13242222222222222,-0.3781555555555555,-0.1393777777777778,-0.16384444444444446,-0.29088888888888886,-0.06916666666666667,-0.05542222222222223,-0.15585555555555555,-0.3546666666666667,-0.29944444444444446,-0.1711111111111111,-0.13,-0.3725777777777778,-0.011000000000000001,-0.0020888888888888893,-0.07654444444444444,-0.34097777777777777,-0.20160000000000003,-0.2090666666666667,-0.45344444444444443,-0.43093333333333333,-0.0224,-0.09831111111111111,-0.018,-0.2828,-0.0202,-0.03816666666666667,-0.09125555555555556,-0.5656,-0.0002,-0.18200000000000002,-0.014499999999999999,-0.06533333333333334,-0.03105555555555556,-0.5229555555555555,-0.22686666666666666,-0.07544444444444444,-0.12793333333333334,-0.11712222222222222,-0.2204111111111111,-0.2637555555555556,-0.1256888888888889,-0.007333333333333334,-0.3098666666666667,-0.39951111111111115,-0.18853333333333336,-0.43804444444444446,-0.33666666666666667,-0.23793333333333333,-0.3114222222222222,-0.2940222222222222,-0.11627777777777779,-0.24913333333333335,-0.4197111111111111,-0.06922222222222223,-0.004266666666666667,-0.3370888888888888,-0.2985111111111111,-0.3523777777777778,-0.32604444444444447,-0.6688444444444445,-0.6464,-0.10437777777777778,-0.04448888888888889,-0.0019111111111111113,-0.44664444444444446,-0.5678444444444445,-0.1386,-0.13017777777777778,-0.08042222222222223,-0.47226666666666667,-0.2109777777777778,-0.11371111111111111,-0.5723333333333334,-0.3748222222222222,-0.5409111111111111,-0.24888888888888888,-0.6666,-0.014933333333333335,-0.24688888888888888,-0.2177111111111111,-0.46011111111111114,-0.24640000000000004,-0.30075555555555555,-0.07600000000000001,-0.19133333333333336,-0.35013333333333335,-0.5970222222222222,-0.2481111111111111,-0.5027555555555556,-0.3713111111111111,-0.07800000000000001,-0.2132222222222222,-0.08304444444444445,-0.005333333333333334,-0.21902222222222223,-0.32853333333333334,-0.5700888888888889,-0.6576222222222222,-0.018000000000000002,-0.06957777777777778,-0.10600000000000001,-0.4705555555555555,-0.4982666666666667,-0.2712888888888889,-0.4637111111111111,-0.0019666666666666665,-0.3232,-0.15400000000000003,-0.0731,-0.11977777777777777,-0.2783111111111111,-0.0784,-0.2949333333333334,-0.5476444444444445,-0.27157777777777775,-0.5296888888888889,-0.1909,-0.38604444444444447,-0.5498888888888889,-0.5566222222222222,-0.24017777777777777,-0.4488888888888889,-0.385,-0.0023333333333333335,-0.18733333333333335,-0.20199999999999999,-0.2277888888888889,-0.10654444444444444,-0.0920888888888889,-0.25262222222222225,-0.2986666666666667,-0.02121111111111111,-0.13191111111111112,-0.016244444444444443,-0.15306666666666666,-0.014133333333333333,-0.14202222222222222,-0.010333333333333333,-0.026744444444444446,-0.13464444444444446,-0.02737777777777778,-0.22773333333333334,-0.09202222222222221,-0.13556666666666667,-0.4962222222222222,-0.24464444444444444,-0.056855555555555555,-0.5064888888888889,-0.04488888888888889,-0.5094888888888889,-0.037333333333333336,-0.018155555555555557,-0.39697777777777776,-0.0013333333333333335,-0.0498,-0.02666666666666667,-0.05611111111111111,-0.013377777777777778,-0.035333333333333335
2024-12-10,-0.21131111111111112,-0.0222,-0.07893333333333334,-0.03946666666666667,-0.24255555555555555,-0.23762222222222223,-0.04604444444444445,-0.13073333333333334,-0.05755555555555556,-0.13566666666666669,-0.03526666666666667,-0.09948888888888889,-0.1965111111111111,-0.03371111111111111,-0.05591111111111111,-0.1776,-0.11593333333333333,-0.19815555555555556,-0.1595111111111111,-0.1299111111111111,-0.22775555555555557,-0.04768888888888889,-0.06363333333333332,-0.06988888888888889,-0.13577777777777778,-0.11922222222222223,-0.12415555555555555,-0.10853333333333334,-0.14964444444444444,-0.11346666666666667,-0.06495555555555554,-0.11757777777777778,-0.0222,-0.08222222222222222,-0.17924444444444446,-0.044500000000000005,-0.13813333333333336,-0.012333333333333335,-0.13982222222222224,-0.17102222222222224,-0.1617777777777778,-0.07975555555555555,-0.02877777777777778,-0.03986666666666667,-0.00808888888888889,-0.22364444444444445,-0.11264444444444445,-0.08386666666666667,-0.0165,-0.23926666666666666,-0.19404444444444444,-0.17266666666666666,-0.17595555555555556,-0.13977777777777778,-0.10277777777777779,-0.07641111111111111,-0.1471777777777778,-0.009422222222222222,-0.009866666666666668,-0.10113333333333333,-0.0021666666666666666,-0.0040888888888888884,-0.043333333333333335,-0.21213333333333334,-0.12662222222222222,-0.06824444444444444,-0.05426666666666667,-0.18993333333333334,-0.05494444444444444,-0.07646666666666667,-0.0023333333333333335,-0.04318888888888889,-0.10195555555555556,-0.06906666666666668,-0.05344444444444445,-0.0772888888888889,-0.04275555555555556,-0.13648888888888888,-0.2335111111111111,-0.18582222222222222,-0.006577777777777779,-0.04111111111111111,-0.0008222222222222223,-0.004111111111111111,-0.01891111111111111,-0.05837777777777778,-0.06331111111111111,-0.06577777777777778,-0.01808888888888889,-0.0029333333333333334,-0.05488888888888889,-0.02426666666666667,-0.0666,-0.03864444444444445,-0.08797777777777778,-0.01791111111111111,-0.09291111111111111,-0.009044444444444445,-0.18335555555555555,-0.16773333333333335,-0.005755555555555556,-0.04768888888888889,-0.004855555555555556,-0.014444444444444444,-0.10606666666666667,-0.10031111111111111,-0.008222222222222223,-0.0074,-0.03782222222222222,-0.05097777777777778,-0.16197777777777778,-0.04851111111111111,-0.09126666666666666,-0.22857777777777777,-0.15046666666666667,-0.22035555555555555,-0.1092,-0.1948666666666667,-0.20966666666666667,-0.13237777777777776,-0.148,-0.15704444444444446,-0.19733333333333336,-0.1998,-0.2137777777777778,-0.019733333333333335,-0.03016666666666667,-0.21871111111111113,-0.11017777777777778,-0.04028888888888889,-0.16115555555555555,-0.041933333333333336,-0.19240000000000002,-0.014388888888888889,-0.05221111111111111,-0.08674444444444446,-0.18171111111111113,-0.12251111111111111,-0.13155555555555556,-0.09620000000000001,-0.24173333333333333,-0.16526666666666667,-0.14142222222222223,-0.15375555555555556,-0.1521111111111111,-0.015622222222222223,-0.14675555555555556,-0.17842222222222223,-0.1406,-0.11182222222222223,-0.17184444444444444,-0.1841777777777778,-0.18911111111111112,-0.01138888888888889,-0.0009333333333333334,-0.0592,-0.12004444444444445,-0.06297777777777779,-0.185,-0.1628,-0.037,-0.03658888888888889,-0.16362222222222222,-0.05187777777777777,-0.09784444444444444,-0.0016444444444444447,-0.18253333333333333,-0.10524444444444446,-0.09373333333333334,-0.0004,-0.1545777777777778,-0.012444444444444445,-0.1716,-0.04116666666666667,-0.15786666666666668,-0.20391111111111113,-0.09702222222222222,-0.06742222222222222,-0.12653333333333333,-0.13484444444444443,-0.10053333333333334,-0.23186666666666667,-0.008333333333333333,-0.13404444444444444,-0.1743111111111111,-0.06248888888888889,-0.2326888888888889,-0.22117777777777778,-0.17513333333333334,-0.156,-0.030422222222222225,-0.16444444444444445,-0.004933333333333334,-0.18746666666666667,-0.15195555555555557,-0.009600000000000001,-0.22446666666666668,-0.08304444444444445,-0.02466666666666667,-0.14553333333333332,-0.23104444444444444,-0.22940000000000002,-0.14471111111111112,-0.07112222222222223,-0.036288888888888884,-0.20637777777777777,-0.2154222222222222,-0.09866666666666668,-0.04522222222222222,-0.1562222222222222,-0.23844444444444446,-0.06002222222222223,-0.015588888888888888,-0.23433333333333334,-0.1258,-0.07564444444444444,-0.23515555555555556,-0.07071111111111111,-0.11671111111111111,-0.06413333333333333,-0.111,-0.24502222222222222,-0.1438888888888889,-0.1184,-0.06454444444444445,-0.012711111111111112,-0.1068888888888889,-0.05262222222222223,-0.20226666666666665,-0.22282222222222223,-0.10935555555555557,-0.15293333333333334,-0.03535555555555556,-0.21706666666666669,-0.07666666666666666,-0.18664444444444445,-0.19157777777777776,-0.16033333333333336,-0.002466666666666667,-0.10401111111111112,-0.1702,-0.13402222222222224,-0.1332,-0.2146,-0.2261111111111111,-0.14635555555555557,-0.0033333333333333335,-0.11428888888888888,-0.1373111111111111,-0.12497777777777778,-0.08633333333333333,-0.016444444444444446,-0.07235555555555556,-0.09455555555555556,-0.1512888888888889,-0.023844444444444446,-0.2252888888888889,-0.12744444444444447,-0.2433777777777778,-0.15868888888888888,-0.2368,-0.18088888888888888,-0.02137777777777778,-0.21788888888888888,-0.004344444444444444,-0.19568888888888888,-0.03288888888888889,-0.1882888888888889,-0.20144444444444445,-0.03582222222222222,-0.24091111111111113,-0.20062222222222223,-0.1179888888888889,-0.10524444444444446,-0.008833333333333334,-0.04933333333333334,-0.008711111111111112,-0.1036,-0.018333333333333333,-0.07568888888888889,-0.12086666666666666,-0.08468888888888888,-0.2400888888888889,-0.012333333333333335,-0.01726666666666667,-0.0032888888888888894,-0.0148,-0.074,-0.1216888888888889,-0.05508888888888889,-0.027955555555555556,-0.06471111111111112,-0.017633333333333334,-0.01068888888888889,-0.009155555555555556,-0.07153333333333332,-0.026311111111111115,-0.2072,-0.04275555555555556,-0.04686666666666667
2024-12-11,-0.15166666666666667,-0.1706666666666667,-0.13299999999999998,-0.19266666666666668,-0.9408,-0.448,-0.33867777777777774,-0.19844444444444445,-0.6253333333333333,-0.24786666666666668,-0.07591111111111111,-0.18746666666666667,-0.38576666666666665,-0.392,-0.4926222222222222,-0.20883333333333332,-0.29333333333333333,-0.4736666666666666,-0.06502222222222223,-0.5107333333333333,-0.5273333333333333,-0.0023555555555555556,-0.049155555555555557,-0.19016666666666665,-0.17733333333333334,-0.036288888888888884,-0.18071111111111113,-0.48066666666666663,-0.37693333333333334,-0.192,-0.30566666666666664,-0.1570666666666667,-0.06337777777777777,-0.10640000000000001,-0.5306555555555555,-0.12828888888888887,-0.07653333333333333,-0.0020444444444444442,-0.13511111111111113,-0.3531666666666667,-0.09093333333333334,-0.12582222222222222,-0.1983333333333333,-0.04448888888888889,-0.0021444444444444445,-0.009333333333333334,-0.014311111111111111,-0.31875555555555557,-0.001977777777777778,-0.08166666666666667,-0.21,-0.693,-0.41655555555555557,-0.27133333333333337,-0.1017111111111111,-0.1376,-0.09417777777777778,-0.00028888888888888893,-0.21466666666666664,-0.06766666666666667,-0.0012555555555555555,-0.001688888888888889,-0.08024444444444444,-0.4596666666666666,-0.23099999999999998,-0.19213333333333332,-0.12677777777777777,-0.18324444444444446,-0.09302222222222221,-0.11599999999999999,-0.0010333333333333334,-0.0030555555555555557,-0.10033333333333333,-0.11231111111111113,-0.2445,-0.13766666666666666,-0.09762222222222222,-0.06160000000000001,-0.511,-0.19653333333333334,-0.030788888888888886,-0.5553333333333333,-0.03333333333333333,-0.12366666666666666,-0.32781111111111116,-0.07063333333333334,-0.027599999999999996,-0.21026666666666669,-0.05164444444444445,-0.0031666666666666666,-0.012444444444444445,-0.11199999999999999,-0.5249999999999999,-0.06533333333333333,-0.5576666666666666,-0.0056,-0.21364444444444447,-0.7,-0.15733333333333333,-0.161,-0.06701111111111112,-0.018666666666666668,-0.0013444444444444445,-0.5089222222222222,-0.12016666666666666,-0.3314333333333333,-0.4129333333333333,-0.4908111111111111,-0.05366666666666666,-0.36373333333333335,-0.3872,-0.3313333333333333,-0.023466666666666667,-0.049,-0.3036,-0.48718888888888884,-0.2137111111111111,-0.10266666666666666,-0.154,-0.301,-0.44734444444444443,-0.5436666666666666,-0.22586666666666666,-0.19016666666666665,-0.3896666666666666,-0.19366666666666665,-0.08800000000000001,-0.13533333333333333,-0.12666666666666668,-0.07777777777777778,-0.24499999999999997,-0.27573333333333333,-0.19591111111111112,-0.04013333333333333,-0.0385,-0.11533333333333334,-0.30333333333333334,-0.4048,-0.07666666666666667,-0.10866666666666668,-0.20159999999999997,-0.38133333333333336,-0.264,-0.46907777777777776,-0.17149999999999999,-0.0019111111111111113,-0.25666666666666665,-0.24933333333333332,-0.5529999999999999,-0.4618333333333333,-0.1705777777777778,-0.182,-0.3803333333333333,-0.028311111111111113,-0.001388888888888889,-0.13933333333333334,-0.378,-0.08182222222222223,-0.196,-0.24499999999999997,-0.013999999999999999,-0.07002222222222222,-0.08213333333333334,-0.0077777777777777776,-0.6813333333333333,-0.3476666666666666,-0.16066666666666668,-0.05162222222222222,-0.119,-0.0024000000000000002,-0.2772,-0.0013000000000000002,-0.9311999999999999,-0.06782222222222223,-0.28072222222222226,-0.413,-0.385,-0.24053333333333332,-0.21280000000000002,-0.21413333333333334,-0.21266666666666667,-0.5343333333333333,-0.000977777777777778,-0.15866666666666665,-0.14816666666666667,-0.19016666666666665,-0.13299999999999998,-0.12134444444444444,-0.2845333333333333,-0.08782222222222223,-0.11433333333333333,-0.020999999999999998,-0.22166666666666665,-0.12249999999999998,-0.0224,-0.0021333333333333334,-0.04666666666666666,-0.6393333333333333,-0.23099999999999998,-0.637,-0.016,-0.176,-0.08866666666666667,-0.14333333333333334,-0.003077777777777778,-0.105,-0.08866666666666667,-0.09795555555555556,-0.11653333333333335,-0.33016666666666666,-0.19519999999999998,-0.17033333333333334,-0.09466666666666668,-0.07466666666666667,-0.08399999999999999,-0.1811111111111111,-0.032,-0.025666666666666664,-0.13426666666666667,-0.21733333333333335,-0.09333333333333332,-0.0992,-0.42533333333333334,-0.027999999999999997,-0.19949999999999998,-0.1722666666666667,-0.2648333333333333,-0.05133333333333333,-0.1485111111111111,-0.034999999999999996,-0.2263333333333333,-0.08133333333333334,-0.12315555555555555,-0.005433333333333333,-0.35933333333333334,-0.3441666666666666,-0.32899999999999996,-0.20766666666666667,-0.1467,-0.44010000000000005,-0.13595555555555555,-0.002955555555555556,-0.030333333333333334,-0.055999999999999994,-0.03266666666666666,-0.5599999999999999,-0.002488888888888889,-0.2771,-0.3725333333333333,-0.11397777777777776,-0.1216,-0.3441111111111111,-0.4092,-0.32666666666666666,-0.20299999999999999,-0.14933333333333335,-0.175,-0.1722666666666667,-0.1088,-0.17024444444444445,-0.08639999999999999,-0.17616666666666664,-0.09566666666666665,-0.008166666666666666,-0.0007111111111111113,-0.6183333333333333,-0.2680444444444445,-0.3916,-0.4573333333333333,-0.02453333333333333,-0.8351999999999999,-0.08512222222222222,-0.5034888888888889,-0.24616666666666667,-0.00021111111111111113,-0.1477777777777778,-0.0017333333333333335,-0.4238,-0.003188888888888889,-0.002455555555555556,-0.1950666666666667,-0.023022222222222225,-0.6976666666666667,-0.16973333333333335,-0.0014666666666666667,-0.3549333333333333,-0.0036222222222222224,-0.16216666666666665,-0.6906666666666667,-0.1843333333333333,-0.21552222222222223,-0.0011333333333333334,-0.08897777777777778,-0.18000000000000002,-0.038266666666666664,-0.3767111111111111,-0.011755555555555554,-0.22866666666666666,-0.0003333333333333334,-0.05066666666666667
2024-12-12,-0.302,-0.1385222222222222,-0.10212222222222223,-0.5038222222222223,-0.04650000000000001,-0.4278,-0.45780000000000004,-0.15017777777777777,-0.27855555555555556,-0.4117777777777778,-0.18272222222222223,-0.14596666666666663,-0.5692222222222222,-0.6709555555555555,-0.7266666666666667,-0.07715555555555556,-0.4815222222222222,-0.30035555555555554,-0.06746666666666666,-0.2494888888888889,-0.1922,-0.12075555555555557,-0.13851111111111108,-0.3536444444444445,-0.49829999999999997,-0.01688888888888889,-0.10402222222222221,-0.5619555555555555,-0.6612666666666667,-0.15017777777777777,-0.3996666666666667,-0.11526666666666667,-0.03804444444444445,-0.056222222222222215,-0.1922,-0.6370444444444445,-0.0696888888888889,-0.016,-0.25262222222222225,-0.39482222222222224,-0.10616666666666666,-0.15816666666666668,-0.21811111111111112,-0.06133333333333333,-0.028444444444444446,-0.17492222222222223,-0.0027333333333333333,-0.45971111111111107,-0.03395555555555556,-0.02181111111111111,-0.06543333333333333,-0.006200000000000001,-0.5022000000000001,-0.4496444444444444,-0.2625777777777778,-0.4513222222222222,-0.3384888888888889,-0.002788888888888889,-0.38085555555555556,-0.14093333333333333,-0.038400000000000004,-0.003,-0.04266666666666667,-0.17670000000000002,-0.3389111111111111,-0.36911111111111106,-0.21132222222222222,-0.11573333333333334,-0.1482222222222222,-0.14964444444444444,-0.0020222222222222226,-0.39092222222222217,-0.1235,-0.023833333333333335,-0.05102222222222222,-0.3658666666666667,-0.09677777777777778,-0.15383333333333332,-0.43400000000000005,-0.0755,-0.08535555555555555,-0.4553777777777778,-0.049066666666666675,-0.3254888888888888,-0.08388888888888887,-0.015644444444444447,-0.03166666666666667,-0.1207111111111111,-0.052777777777777785,-0.052444444444444446,-0.0013666666666666666,-0.043333333333333335,-0.1744,-0.052011111111111105,-0.0436,-0.0010222222222222221,-0.23253333333333334,-0.031,-0.5764888888888889,-0.03691111111111111,-0.03235555555555556,-0.34844444444444445,-0.033244444444444445,-0.1275111111111111,-0.20872222222222223,-0.31206666666666666,-0.10234444444444445,-0.6806444444444445,-0.1426,-0.4429333333333333,-0.4093555555555556,-0.5910222222222222,-0.05344444444444445,-0.17477777777777778,-0.36575555555555556,-0.007266666666666667,-0.1325444444444444,-0.11627777777777777,-0.2974222222222222,-0.6225111111111111,-0.0218,-0.2398,-0.2576,-0.13757777777777777,-0.01937777777777778,-0.3355555555555555,-0.06797777777777778,-0.3607222222222222,-0.020222222222222225,-0.14684444444444444,-0.28186666666666665,-0.4674888888888889,-0.47430000000000005,-0.026577777777777777,-0.0025555555555555553,-0.022488888888888888,-0.03875555555555556,-0.6733777777777777,-0.08377777777777778,-0.07715555555555556,-0.22649999999999998,-0.11626666666666667,-0.13813333333333333,-0.07440000000000001,-0.3959555555555555,-0.008355555555555557,-0.3098666666666667,-0.4144111111111111,-0.6976,-0.3609111111111111,-0.21475555555555556,-0.1456,-0.6152444444444445,-0.0017111111111111112,-0.010311111111111111,-0.0195,-0.30519999999999997,-0.11075555555555557,-0.4328666666666666,-0.2276888888888889,-0.14515555555555554,-0.04137777777777778,-0.04284444444444445,-0.0005666666666666667,-0.9083000000000001,-0.5546888888888889,-0.5377333333333333,-0.014755555555555556,-0.23824444444444443,-0.0025,-0.1865111111111111,-0.04053333333333334,-0.8525,-0.4748111111111111,-0.2083111111111111,-0.31246666666666667,-0.48991111111111113,-0.24327777777777776,-0.09227777777777776,-0.19965555555555553,-0.16924444444444445,-0.7347,-0.03271111111111111,-0.19662222222222223,-0.13191111111111112,-0.21653333333333333,-0.3556888888888889,-0.10038888888888889,-0.19377777777777777,-0.10273333333333333,-0.26676666666666665,-0.23022222222222224,-0.34562222222222216,-0.07872222222222222,-0.03253333333333334,-0.03537777777777778,-0.2527777777777778,-0.6322,-0.29864444444444443,-0.08477777777777779,-0.02852222222222222,-0.029066666666666668,-0.0879111111111111,-0.05358888888888889,-0.2649111111111111,-0.30367777777777777,-0.3640777777777778,-0.04477777777777778,-0.4020888888888889,-0.062,-0.13086666666666666,-0.2366,-0.15166666666666667,-0.29696666666666666,-0.32716666666666666,-0.3509333333333333,-0.1632222222222222,-0.42279999999999995,-0.0012444444444444445,-0.2712888888888889,-0.0808888888888889,-0.3858888888888889,-0.3148888888888889,-0.19413333333333335,-0.14863333333333334,-0.3048888888888889,-0.2634111111111111,-0.3223111111111111,-0.2177777777777778,-0.11397777777777776,-0.1963,-0.08738888888888889,-0.19413333333333335,-0.010733333333333334,-0.3310222222222223,-0.05890000000000001,-0.4077,-0.06207777777777777,-0.15182222222222222,-0.1829,-0.0816111111111111,-0.07751111111111111,-0.2628888888888889,-0.25783333333333336,-0.14300000000000002,-0.1308,-0.01688888888888889,-0.10402222222222221,-0.1962,-0.3185777777777778,-0.2551111111111111,-0.2399222222222222,-0.47816666666666663,-0.08235555555555556,-0.23656666666666665,-0.1617777777777778,-0.3003222222222222,-0.4479666666666666,-0.19211111111111112,-0.037333333333333336,-0.33052222222222216,-0.12942222222222224,-0.1344,-0.04517777777777778,-0.002177777777777778,-0.47120000000000006,-0.0448,-0.1519,-0.6007111111111111,-0.0040888888888888884,-0.5456000000000001,-0.10313333333333334,-0.17682222222222224,-0.10577777777777778,-0.002455555555555556,-0.09172222222222223,-0.012244444444444445,-0.7169777777777778,-0.21522222222222223,-0.042222222222222223,-0.091,-0.002266666666666667,-0.7161000000000001,-0.04347777777777778,-0.0018222222222222223,-0.026644444444444446,-0.0029444444444444444,-0.023511111111111108,-0.012400000000000001,-0.016955555555555557,-0.26005555555555554,-0.0044444444444444444,-0.15282222222222222,-0.010066666666666666,-0.019422222222222223,-0.4882333333333333,-0.002488888888888889,-0.10173333333333334,-0.0023333333333333335,-0.051277777777777776
2024-12-13,-0.21786666666666668,-0.09455555555555556,-0.07640000000000001,-0.05162222222222222,-0.6149777777777777,-0.4246666666666667,-0.3748222222222222,-0.08405555555555556,-0.2904888888888889,-0.21546666666666667,-0.05066666666666667,-0.35719999999999996,-0.6528888888888889,-0.04264444444444445,-0.043333333333333335,-0.03863333333333333,-0.3784444444444444,-0.5341777777777778,-0.020666666666666667,-0.30075555555555555,-0.5656,-0.49977777777777777,-0.39,-0.3164666666666667,-0.1877777777777778,-0.0002444444444444445,-0.18888888888888888,-0.39726666666666666,-0.52,-0.2195555555555556,-0.37931111111111115,-0.08043333333333333,-0.12856666666666666,-0.047599999999999996,-0.2222,-0.338,-0.1184,-0.000977777777777778,-0.45355555555555555,-0.3389111111111111,-0.056666666666666664,-0.22293333333333334,-0.04813333333333334,-0.10031111111111111,-0.016399999999999998,-0.18133333333333332,-0.0452,-0.5745777777777779,-0.0908,-0.11805555555555555,-0.221,-0.26035555555555556,-0.21666666666666667,-0.07855555555555556,-0.05404444444444445,-0.8493333333333334,-0.5768222222222222,-0.024,-0.6666,-0.16846666666666668,-0.0412,-0.0292,-0.07564444444444444,-0.37831111111111115,-0.18853333333333336,-0.4745777777777778,-0.14544444444444443,-0.1378888888888889,-0.6817777777777778,-0.10893333333333334,-0.06222222222222222,-0.43333333333333335,-0.27993333333333337,-0.0276,-0.08216666666666667,-0.06508888888888889,-0.18303333333333335,-0.006333333333333333,-0.7193333333333333,-0.12793333333333334,-0.05383333333333333,-0.023644444444444447,-0.010888888888888889,-0.008866666666666667,-0.033999999999999996,-0.0027333333333333333,-2.2222222222222227e-05,-0.1184,-0.03356666666666667,-0.12793333333333334,-0.0005333333333333334,-0.026600000000000002,-0.4830222222222223,-0.2738888888888889,-0.3002,-0.001088888888888889,-0.35973333333333335,-0.6688444444444445,-0.5893333333333334,-0.1965111111111111,-0.041999999999999996,-0.3648,-0.10359999999999998,-0.18873333333333334,-0.07406666666666667,-0.45600000000000007,-0.034944444444444445,-0.022444444444444444,-0.24151111111111115,-0.37033333333333335,-0.5611111111111111,-0.08977777777777778,-0.11399999999999999,-0.37662222222222225,-0.5431555555555555,-0.12088888888888889,-0.1492222222222222,-0.30906666666666666,-0.35013333333333335,-0.6673333333333333,-0.11333333333333334,-0.5386666666666667,-0.5858,-0.20022222222222222,-0.29133333333333333,-0.07768888888888889,-0.06705555555555555,-0.07262222222222223,-0.024666666666666667,-0.03166666666666666,-0.40624444444444446,-0.2513777777777778,-0.6037777777777777,-0.04622222222222222,-0.06644444444444444,-0.03111111111111111,-0.2622,-0.8406666666666667,-0.09822222222222222,-0.13127777777777777,-0.2508,-0.09626666666666668,-0.3591111111111111,-0.07937777777777778,-0.1862888888888889,-0.0007777777777777778,-0.5142222222222222,-0.4853333333333334,-0.3986666666666667,-0.16382222222222223,-0.08753333333333334,-0.12033333333333333,-0.08955555555555555,-0.17266666666666666,-0.0001,-0.0032444444444444448,-0.29386666666666666,-0.08972222222222222,-0.2783111111111111,-0.3141333333333333,-0.03166666666666666,-0.0788,-0.47795555555555563,-0.0015222222222222223,-0.7915555555555556,-0.02026666666666667,-0.7308888888888889,-0.002888888888888889,-0.047288888888888894,-0.0004,-0.46106666666666674,-0.15263333333333334,-0.7915555555555556,-0.156,-0.31033333333333335,-0.4219555555555556,-0.0404,-0.31244444444444447,-0.15205555555555553,-0.4084888888888889,-0.34326666666666666,-0.2137777777777778,-0.056799999999999996,-0.8291111111111111,-0.16905555555555554,-0.35462222222222217,-0.38133333333333336,-0.494,-0.2976666666666667,-0.6464,-0.19253333333333336,-0.13342222222222222,-0.28711111111111115,-0.33186666666666664,-0.20966666666666667,-0.0064,-0.5454,-0.16755555555555557,-0.1728222222222222,-0.3867555555555556,-0.13806666666666667,-0.13553333333333334,-0.08613333333333333,-0.010766666666666666,-0.013511111111111113,-0.08613333333333335,-0.45262222222222226,-0.02688888888888889,-0.3394666666666667,-0.1832222222222222,-0.09457777777777779,-0.3434,-0.2252888888888889,-0.4475555555555556,-0.1080888888888889,-0.3478888888888889,-0.3090666666666667,-0.04053333333333334,-0.0008888888888888889,-0.4331777777777778,-0.0494,-0.6037555555555555,-0.11315555555555556,-0.09044444444444444,-0.6095555555555556,-0.33440000000000003,-0.26484444444444444,-0.035466666666666674,-0.1558,-0.18366666666666667,-0.0928888888888889,-0.1766111111111111,-0.10260000000000001,-0.0024111111111111113,-0.6576222222222222,-0.029177777777777778,-0.7337777777777779,-0.04306666666666666,-0.06233333333333333,-0.24995555555555557,-0.050666666666666665,-0.36311111111111116,-0.1722666666666667,-0.48031111111111113,-0.2774,-0.2955555555555556,-0.0012666666666666668,-0.20520000000000002,-0.076,-0.7597777777777779,-0.24826666666666666,-0.055733333333333336,-0.20199999999999999,-0.03377777777777778,-0.07600000000000001,-0.29386666666666666,-0.36584444444444447,-0.5373333333333333,-0.6262000000000001,-0.14250000000000002,-0.4492444444444445,-0.08877777777777777,-0.15677777777777777,-0.0912,-0.0007,-0.07511111111111111,-0.25216666666666665,-0.1536888888888889,-0.3928888888888889,-0.003022222222222222,-0.1791111111111111,-0.23306666666666664,-0.1705777777777778,-0.20777777777777776,-0.016,-0.06333333333333332,-0.0006555555555555556,-0.078,-0.44664444444444446,-0.06666666666666667,-0.04275555555555556,-0.15643333333333334,-0.8522222222222222,-0.1112,-0.0018222222222222223,-0.21213333333333334,-0.04577777777777778,-0.043333333333333335,-0.31920000000000004,-0.06742222222222222,-0.34622222222222226,-0.002788888888888889,-0.5229555555555555,-0.0044,-0.0024,-0.2379111111111111,-0.0031555555555555555,-0.1596,-0.04844444444444444,-0.0012
2024-12-16,-0.4662,-0.0007,-0.0032,-0.09119999999999999,-0.5036111111111111,-0.2866666666666667,-0.20513333333333336,-0.001988888888888889,-0.37333333333333335,-0.0008777777777777778,-0.0782,-0.12,-0.5956999999999999,-0.029766666666666667,-0.048922222222222214,-0.0018111111111111112,-0.16169999999999998,-0.5231666666666667,-0.0019,-0.5924444444444444,-0.38133333333333336,-0.043,-0.21469999999999997,-0.0016111111111111111,-0.21852222222222223,-0.0018333333333333335,-0.0015666666666666667,-0.16533333333333333,-0.39395555555555556,-0.0722,-0.7333333333333334,-0.30600000000000005,-0.0008222222222222223,-0.002211111111111111,-0.7146666666666667,-0.6417444444444443,-0.002688888888888889,-0.0016444444444444447,-0.3344,-0.4073333333333333,-0.0019111111111111113,-0.2436666666666667,-0.0018222222222222223,-0.0007777777777777778,-0.0008888888888888889,-0.001377777777777778,-0.0006555555555555556,-0.13525555555555555,-0.12126666666666669,-0.2491,-0.30660000000000004,-0.1706666666666667,-0.23813333333333334,-0.0235,-0.0023444444444444446,-0.4055555555555556,-0.08633333333333333,-0.0011777777777777778,-0.003077777777777778,-0.22933333333333333,-0.0004777777777777778,-0.0006222222222222223,-0.0003888888888888889,-0.23520000000000002,-0.0884,-0.07482222222222222,-0.21760000000000002,-0.20836666666666667,-0.028777777777777777,-0.0011555555555555557,-0.025066666666666668,-0.32339999999999997,-0.0010444444444444446,-0.00030000000000000003,-0.050133333333333335,-0.3591,-0.8172888888888888,-0.0015444444444444444,-0.6014555555555555,-0.33093333333333336,-0.0022,-0.17340000000000003,-0.00044444444444444447,-0.0009666666666666667,-0.0008444444444444445,-0.0026111111111111114,-0.0005111111111111111,-0.019466666666666667,-0.0017555555555555556,-0.0188,-0.001488888888888889,-0.0018444444444444446,-0.2800777777777778,-0.7173333333333334,-0.5229,-0.0018000000000000002,-0.043699999999999996,-0.022711111111111112,-0.20928888888888889,-0.3932333333333333,-0.001,-0.5685555555555556,-0.017099999999999997,-0.378,-0.08146666666666666,-0.19949999999999998,-0.1175,-0.3196,-0.047499999999999994,-0.03105555555555556,-0.26933333333333337,-0.3511666666666667,-0.06913333333333334,-0.255,-0.29641111111111107,-0.2394,-0.0031222222222222224,-0.4120333333333333,-0.5187,-0.7848333333333333,-0.0028,-0.776,-0.7466666666666667,-0.4183,-0.019111111111111113,-0.001877777777777778,-0.0016,-0.5438999999999999,-0.002288888888888889,-0.0002444444444444445,-0.5733333333333334,-0.1462,-0.258,-0.0009222222222222223,-0.47466666666666674,-0.0014111111111111112,-0.10033333333333334,-0.16546666666666668,-0.002777777777777778,-0.4368,-0.6279,-0.002455555555555556,-0.12466666666666666,-0.17793333333333333,-0.3713,-0.0016666666666666668,-0.2058,-0.44533333333333336,-0.34163333333333334,-0.13260000000000002,-0.002166666666666667,-0.0011333333333333334,-0.4473,-0.0007333333333333333,-0.0008,-0.11399999999999999,-0.247,-0.0017333333333333335,-0.4579,-0.0611,-0.0017222222222222224,-0.002188888888888889,-0.01538888888888889,-0.0011666666666666668,-0.4031888888888889,-0.12179999999999999,-0.5878555555555556,-0.0032888888888888894,-0.0020666666666666667,-0.00012222222222222224,-0.5136111111111111,-0.000488888888888889,-0.36317777777777777,-0.5817,-0.4371,-0.8575777777777777,-0.11436666666666667,-0.21463333333333331,-0.0012777777777777779,-0.2710333333333333,-0.7095,-0.47777777777777775,-0.0021111111111111113,-0.9019555555555556,-0.0027333333333333333,-0.20853333333333332,-0.5852777777777778,-0.26180000000000003,-0.6006,-0.9571111111111111,-0.1564,-0.3744333333333333,-0.21,-0.2992,-0.33213333333333334,-0.0014,-0.096,-0.3607222222222222,-0.001511111111111111,-0.6927777777777778,-0.06927777777777777,-0.004777777777777778,-0.0025444444444444447,-0.0020888888888888893,-0.041933333333333336,-0.0025222222222222226,-0.6853333333333333,-0.002711111111111111,-0.2074,-0.4446,-0.44963333333333333,-0.26789999999999997,-0.13316666666666666,-0.76,-0.16886666666666666,-0.48300000000000004,-0.3094,-0.46199999999999997,-0.00023333333333333336,-0.1496,-0.0019666666666666665,-0.8115333333333332,-0.09973333333333334,-0.0009555555555555556,-0.4305,-0.03344444444444444,-0.002588888888888889,-0.0009333333333333334,-0.12353333333333334,-0.31053333333333333,-0.0019333333333333333,-0.0018666666666666669,-0.0013555555555555556,-0.0006111111111111111,-0.6294222222222222,-0.42456666666666665,-0.8431888888888889,-0.0022444444444444447,-0.11220000000000001,-0.09794444444444445,-0.002177777777777778,-0.41516666666666663,-0.2958,-0.4826,-0.5490999999999999,-0.44336666666666663,-0.00037777777777777777,-0.27540000000000003,-0.0023333333333333335,-0.1662,-0.0028666666666666667,-0.0022333333333333337,-0.604388888888889,-0.21873333333333334,-0.1348666666666667,-0.18173333333333333,-0.4956,-0.8371555555555555,-0.8494666666666667,-0.3332,-0.7093333333333334,-0.002388888888888889,-0.15300000000000002,-0.26293333333333335,-0.0020222222222222226,-0.13616666666666666,-0.4515,-0.2538666666666667,-0.357,-0.002255555555555556,-0.08266666666666667,-0.29296666666666665,-0.18429999999999996,-0.22989999999999997,-0.0005444444444444445,-0.00036666666666666667,-0.0009000000000000001,-0.010666666666666668,-0.35396666666666665,-0.9733333333333334,-0.0020555555555555557,-0.29013333333333335,-0.30173333333333335,-0.46044444444444443,-0.00022222222222222223,-0.0532,-0.0029111111111111113,-0.0005555555555555556,-0.21261111111111114,-0.027200000000000002,-0.6158444444444444,-0.0007222222222222223,-0.6955777777777777,-0.0025333333333333336,-0.0010222222222222221,-0.008633333333333333,-0.09293333333333334,-0.1113,-0.0007444444444444445,-0.001788888888888889
2024-12-17,-0.292,-0.0004,-0.7124999999999999,-7.777777777777778e-05,-0.7393222222222223,-0.34058888888888883,-0.0020888888888888893,-0.0001777777777777778,-0.5888666666666666,-0.0025555555555555557,-0.0017777777777777779,-0.0031222222222222224,-0.7180555555555556,-0.0008555555555555556,-0.3528,-0.0012222222222222222,-0.3221333333333333,-0.5036999999999999,-0.0012666666666666668,-0.2263,-0.4904888888888889,-0.0019222222222222223,-0.0007333333333333333,-0.002166666666666667,-0.09493333333333334,-0.0013000000000000002,-0.0021555555555555555,-0.0021222222222222224,-0.16546666666666665,-0.0002666666666666667,-0.37939999999999996,-0.6402666666666667,-0.002277777777777778,-0.0023666666666666667,-0.3973,-0.6162222222222222,-0.27095555555555556,-0.00041111111111111117,-0.39763333333333334,-0.188,-0.0018000000000000002,-0.0012555555555555555,-0.0016555555555555555,-0.0023555555555555556,-0.0004666666666666667,-0.0018000000000000002,-0.0023222222222222225,-0.0219,-0.0018000000000000002,-0.14042222222222223,-0.12195555555555555,-0.24576666666666666,-0.00023333333333333336,-0.0005666666666666667,-0.0020555555555555557,-0.7738555555555555,-0.0029000000000000002,-0.0031111111111111114,-0.04865555555555555,-0.4529777777777778,-0.0005111111111111111,-0.0007222222222222223,-0.00021111111111111113,-0.5399333333333334,-0.0017000000000000001,-0.07214444444444444,-0.0032888888888888894,-0.0015555555555555557,-0.00036666666666666667,-0.003188888888888889,-0.0031000000000000003,-0.2164333333333333,-0.001977777777777778,-0.0009222222222222223,-0.001588888888888889,-0.2896444444444445,-0.9033333333333333,-0.0022444444444444447,-0.7008,-0.6835222222222223,-0.003011111111111111,-0.001188888888888889,-0.002377777777777778,-0.0026555555555555555,-0.002177777777777778,-0.0010222222222222221,-0.000977777777777778,-0.002888888888888889,-0.0014222222222222225,-0.4865555555555555,-0.001288888888888889,-0.0009111111111111111,-0.23603333333333332,-0.028999999999999998,-0.6423333333333333,-0.002711111111111111,-0.0005222222222222223,-0.006022222222222222,-0.15031111111111115,-0.5979444444444444,-0.002188888888888889,-0.8180333333333334,-8.88888888888889e-05,-0.0696888888888889,-0.001488888888888889,-0.10284444444444446,-0.0008777777777777778,-0.34413333333333335,-0.0023333333333333335,-0.00030000000000000003,-0.1350222222222222,-0.0024333333333333334,-0.0011777777777777778,-0.06724444444444444,-0.09888888888888889,-0.03955555555555556,-0.0725,-0.1653,-0.06465555555555555,-0.18969999999999998,-0.4513222222222222,-0.3863333333333333,-0.17416666666666664,-0.4453,-0.39635555555555557,-0.0028,-0.0026444444444444445,-0.6204999999999999,-0.002,-0.0005888888888888889,-0.42300000000000004,-0.0016444444444444447,-0.0010444444444444446,-0.002677777777777778,-0.42728888888888894,-0.0015444444444444444,-0.15026666666666666,-0.783,-0.49997777777777774,-0.19817777777777779,-0.9468333333333333,-0.1124111111111111,-0.0019444444444444446,-0.0015,-0.20906666666666668,-0.0029111111111111113,-0.5715777777777779,-0.20371111111111112,-0.5650333333333334,-0.002388888888888889,-0.0008111111111111112,-0.0031666666666666666,-0.5030666666666667,-0.002511111111111111,-0.0012777777777777779,-0.0016777777777777778,-0.14428888888888888,-0.0003444444444444445,-0.7467777777777778,-0.0009666666666666667,-0.0011,-0.0020444444444444442,-0.0008888888888888889,-0.0012333333333333335,-0.3683,-0.010066666666666666,-0.7624444444444445,-0.1927111111111111,-0.003022222222222222,-0.00012222222222222224,-0.7702777777777777,-0.002211111111111111,-0.03935555555555556,-0.31616666666666665,-0.06624444444444444,-0.6681666666666667,-0.0020666666666666667,-0.0022222222222222222,-0.0022,-0.3741444444444444,-0.3451666666666667,-0.5577333333333333,-0.0016333333333333334,-0.44649999999999995,-0.10066666666666667,-0.1426111111111111,-0.6736666666666666,-0.35797777777777784,-0.5921666666666666,-0.08233333333333333,-0.001988888888888889,-0.1744888888888889,-0.002666666666666667,-0.203,-0.0017111111111111112,-0.0012444444444444445,-0.22213333333333335,-0.2650888888888888,-0.0024444444444444444,-0.10538888888888889,-0.4370888888888889,-0.29617777777777776,-0.10234444444444445,-0.0033,-0.00018888888888888888,-0.4345444444444444,-0.11743333333333333,-0.12415555555555555,-0.0013666666666666666,-0.7424000000000001,-0.31072222222222223,-0.19797777777777775,-0.0008666666666666667,-0.44966666666666666,-0.0021111111111111113,-0.47475555555555554,-0.36544444444444446,-0.34626666666666667,-0.0017333333333333335,-0.001388888888888889,-0.001088888888888889,-0.4623333333333333,-0.0014444444444444446,-0.0014666666666666667,-0.1764,-4.444444444444445e-05,-0.0006444444444444444,-0.0024000000000000002,-0.003255555555555556,-0.3942,-0.0018000000000000002,-0.0006000000000000001,-0.0028222222222222225,-0.00042222222222222227,-0.0026111111111111114,-0.6553888888888889,-0.513,-0.0031555555555555555,-0.151,-0.5052444444444444,-0.0018000000000000002,-0.12368888888888889,-0.2848,-0.1175,-0.6142666666666667,-0.6815,-0.0010555555555555557,-0.028311111111111113,-0.002977777777777778,-0.6667333333333333,-0.5280666666666667,-0.0018000000000000002,-0.26111111111111107,-0.0019666666666666665,-0.0027,-0.2030111111111111,-0.03916666666666667,-0.8423333333333334,-0.7093333333333334,-0.7497666666666666,-0.5984999999999999,-0.003144444444444445,-0.0016666666666666668,-0.06878888888888889,-0.0016111111111111111,-0.0028111111111111114,-0.12848888888888887,-0.16333333333333333,-0.4486222222222222,-0.001788888888888889,-0.5402,-0.001955555555555556,-0.000988888888888889,-0.0025333333333333336,-0.0027444444444444448,-0.0027222222222222222,-0.0024111111111111113,-0.0017444444444444445,-0.6424,-0.056999999999999995,-0.0012000000000000001,-0.6032444444444445,-0.8370888888888889,-0.0087,-0.0009333333333333334,-0.002777777777777778,-0.04697777777777778,-0.0017222222222222224,-0.4696333333333333,-0.003066666666666667,-0.6083888888888889,-0.0003333333333333334,-0.611,-0.008388888888888888,-0.001377777777777778,-0.0005444444444444445,-0.0019111111111111113,-0.06711111111111111,-0.00013333333333333334,-0.0029444444444444444
2024-12-18,-0.5269333333333334,-0.0012666666666666668,-0.858,-0.3882666666666667,-0.5922222222222222,-0.20416666666666666,-0.31196666666666667,-4.444444444444445e-05,-0.5223111111111111,-0.08433333333333333,-0.07973333333333334,-0.011555555555555555,-0.6609777777777778,-0.0008888888888888889,-0.05171111111111111,-0.09813333333333335,-0.3341333333333334,-0.5927222222222223,-0.001,-0.3341333333333334,-0.6032000000000001,-0.0023555555555555556,-0.0023333333333333335,-0.05213333333333333,-0.0966,-0.11883333333333335,-0.10503333333333334,-0.3005333333333333,-0.08782222222222223,-0.0092,-0.6606111111111111,-0.806,-0.12573333333333334,-0.2162,-0.6423333333333333,-0.07222222222222222,-0.5847333333333333,-0.0012333333333333335,-0.41567777777777776,-0.5787666666666667,-0.17173333333333335,-0.0030555555555555557,-0.06210000000000001,-0.10656666666666667,-0.0008666666666666667,-0.12726666666666667,-0.06516666666666666,-0.22693333333333335,-0.0017555555555555556,-0.2024,-0.40996666666666665,-0.5628555555555556,-0.0005222222222222223,-0.0006444444444444444,-0.1633,-0.2513333333333333,-0.11336666666666667,-0.22386666666666669,-0.002288888888888889,-0.5292444444444444,-0.001788888888888889,-0.0003333333333333334,-0.0013333333333333335,-0.08323333333333334,-0.0007222222222222223,-0.11806666666666667,-0.6211111111111112,-0.002777777777777778,-0.0013666666666666666,-0.09244444444444444,-0.07743333333333334,-0.032200000000000006,-0.1449,-0.00022222222222222223,-0.12036666666666666,-0.49125555555555556,-0.8103333333333333,-0.01988888888888889,-0.09215555555555556,-0.5720000000000001,-0.06043333333333333,-0.002211111111111111,-0.09276666666666666,-0.0529,-0.08356666666666668,-0.0017777777777777779,-0.0016666666666666668,-0.22846666666666668,-0.0018555555555555556,-0.001988888888888889,-0.07590000000000001,-0.002377777777777778,-0.6263111111111112,-0.2685,-0.24326666666666666,-0.18400000000000002,-0.0018666666666666669,-0.7440555555555556,-0.001288888888888889,-0.49199999999999994,-0.14183333333333334,-0.104,-6.666666666666667e-05,-0.32666666666666666,-0.058266666666666675,-0.0392,-0.2185,-0.0895,-0.0069,-0.00037777777777777777,-0.4736666666666667,-0.1058,-0.002844444444444445,-0.0015777777777777778,-0.08166666666666667,-0.0030444444444444447,-0.48727777777777775,-0.6841111111111111,-0.3887333333333333,-0.21046666666666664,-0.6563555555555556,-0.338,-0.26866666666666666,-0.7020000000000001,-0.1650777777777778,-0.18783333333333335,-0.10196666666666668,-0.681,-0.2482666666666667,-0.0008777777777777778,-0.5796666666666667,-0.1173,-0.001988888888888889,-0.10273333333333333,-0.8929555555555556,-0.0021555555555555555,-0.11433333333333333,-0.09244444444444445,-0.3408888888888889,-0.2597,-0.18748888888888887,-0.0021333333333333334,-0.09353333333333334,-0.0010444444444444446,-0.2844111111111111,-0.22213333333333332,-0.2137777777777778,-0.30706666666666665,-0.5576,-0.0552,-0.002477777777777778,-0.20485555555555554,-0.3682444444444445,-0.10733333333333334,-0.0015666666666666667,-0.20163333333333336,-0.0011666666666666668,-0.0003111111111111111,-0.7164444444444444,-0.0022333333333333337,-0.08126666666666667,-0.18553333333333333,-0.0008111111111111112,-0.0024000000000000002,-0.057444444444444444,-0.0006111111111111111,-0.6260222222222221,-0.6268888888888889,-0.14046666666666668,-0.0003444444444444445,-0.702288888888889,-0.12880000000000003,-0.11097777777777779,-0.7352666666666666,-0.41965555555555556,-0.7886666666666667,-0.11423333333333334,-0.11270000000000001,-0.0391,-0.48528888888888894,-0.5488888888888889,-0.26786666666666664,-0.0024222222222222223,-0.5815333333333333,-0.0021444444444444445,-0.0009333333333333334,-0.7655555555555555,-0.44426666666666664,-0.4607777777777778,-0.832,-0.04293333333333334,-0.00023333333333333336,-0.2695,-0.17907777777777778,-0.29073333333333334,-0.0368,-0.0537,-0.14863333333333334,-0.11576666666666667,-0.33161111111111113,-0.03778888888888889,-0.22474444444444444,-0.21559999999999999,-0.07513333333333333,-0.0007,-0.5962666666666667,-0.6945555555555556,-0.1224888888888889,-0.08586666666666667,-0.11122222222222222,-0.6679111111111111,-0.06286666666666667,-0.0025555555555555557,-0.3432,-0.051366666666666665,-0.205,-0.7325333333333333,-0.3328,-0.09966666666666668,-0.0020666666666666667,-0.08003333333333333,-0.7658444444444444,-0.0014333333333333333,-0.13493333333333335,-0.39036666666666664,-0.0001666666666666667,-0.24662222222222221,-0.0782,-0.47261111111111115,-0.4237333333333334,-0.15516666666666665,-0.0506,-0.14336666666666667,-0.0006666666666666668,-0.0004777777777777778,-0.29246666666666665,-0.7511111111111112,-0.3619777777777778,-0.07436666666666666,-0.46142222222222223,-0.2033777777777778,-0.43556666666666666,-0.2366777777777778,-0.6424888888888889,-0.26239999999999997,-0.4506666666666667,-0.04676666666666667,-0.0011111111111111111,-0.5151222222222223,-0.6579999999999999,-0.11844444444444444,-0.2646,-0.038266666666666664,-0.1771,-0.17250000000000001,-0.002166666666666667,-0.32993333333333336,-0.6577999999999999,-0.6450888888888889,-0.1791111111111111,-0.5338666666666667,-0.4237333333333334,-0.049066666666666675,-0.18170000000000003,-0.15026666666666666,-0.3241888888888889,-0.3593333333333333,-0.22003333333333333,-0.5754666666666667,-0.19473333333333334,-0.01848888888888889,-0.0031111111111111114,-0.003066666666666667,-0.22463333333333335,-0.012266666666666669,-0.029900000000000003,-0.19703333333333334,-0.1357,-0.7232777777777778,-0.8666666666666667,-0.00014444444444444446,-0.008199999999999999,-0.4045333333333333,-0.2192666666666667,-0.002966666666666667,-0.15026666666666666,-0.0014555555555555556,-0.03986666666666667,-0.5454222222222223,-0.008433333333333334,-0.156,-7.777777777777778e-05,-0.7807222222222222,-0.0027333333333333333,-0.013033333333333333,-2.2222222222222227e-05,-0.0294,-0.1794,-0.00025555555555555553,-0.3805666666666666
2024-12-19,-0.21656666666666669,-0.00028888888888888893,-0.9569111111111112,-0.00013333333333333334,-0.6930000000000001,-0.0018000000000000002,-0.0015333333333333336,-0.0004777777777777778,-0.4414666666666667,-0.0017222222222222224,-0.001377777777777778,-0.002277777777777778,-0.6229555555555555,-0.0008888888888888889,-2.2222222222222227e-05,-0.0025666666666666667,-0.0014444444444444446,-0.5074,-0.0015666666666666667,-0.17453333333333335,-0.6278,-0.0027333333333333333,-0.0011111111111111111,-0.0022,-0.0007555555555555555,-0.002788888888888889,-0.0008555555555555556,-0.0007777777777777778,-0.1522888888888889,-0.000988888888888889,-0.5016666666666667,-0.8513999999999999,-0.001955555555555556,-0.6933333333333334,-0.0918,-0.41173333333333334,-0.0867,-0.002488888888888889,-0.4391111111111111,-0.4099333333333333,-0.19085555555555556,-0.6090222222222222,-0.003022222222222222,-0.0022444444444444447,-0.002466666666666667,-0.0009333333333333334,-0.0018333333333333335,-0.8370666666666667,-0.0027444444444444448,-0.0029444444444444444,-0.42606666666666665,-0.7008,-0.0017000000000000001,-0.0015444444444444444,-0.1640888888888889,-0.6750333333333334,-0.002966666666666667,-0.6180666666666667,-0.0028111111111111114,-0.4782111111111111,-0.0013111111111111112,-0.0017777777777777779,-0.0016666666666666668,-0.0032111111111111116,-0.0011555555555555557,-0.0031333333333333335,-0.567,-0.1694,-0.0017666666666666668,-0.25495555555555555,-0.0005888888888888889,-0.002,-0.19335555555555553,-0.0012666666666666668,-0.0025222222222222226,-0.45857777777777775,-0.9102888888888889,-0.0007333333333333333,-0.7965,-0.0946,-0.0023666666666666667,-0.0014333333333333333,-0.0030444444444444447,-0.0027,-0.0017111111111111112,-0.0026333333333333334,-0.002577777777777778,-0.8433111111111111,-0.0015222222222222223,-0.4774,-0.002666666666666667,-0.0008222222222222223,-0.44820000000000004,-0.32339999999999997,-0.4808222222222222,-0.35248888888888885,-0.002755555555555556,-0.7722000000000001,-0.0012444444444444445,-0.7058333333333333,-0.0024111111111111113,-0.3003,-0.0012111111111111112,-0.2686444444444444,-0.0015777777777777778,-0.0029000000000000002,-0.0028333333333333335,-0.0016111111111111111,-0.0020888888888888893,-0.0006222222222222223,-0.06416666666666666,-0.000977777777777778,-0.002777777777777778,-0.0013222222222222222,-0.0003333333333333334,-0.1522888888888889,-0.043911111111111116,-0.17353333333333334,-0.1308111111111111,-0.14356666666666665,-0.04586666666666667,-0.10893333333333334,-0.1107,-0.1978888888888889,-0.28575555555555554,-0.002266666666666667,-0.0019222222222222223,-0.09720000000000001,-0.0027222222222222222,-0.0025444444444444447,-0.5742666666666666,-0.0015555555555555557,-0.46713333333333334,-0.0020777777777777778,-0.03211111111111111,-0.0022222222222222222,-0.25324444444444444,-0.07164444444444444,-0.6908666666666666,-0.21388888888888888,-0.7824222222222222,-0.0001666666666666667,-0.0014555555555555556,-0.0013666666666666666,-0.0008666666666666667,-0.29259999999999997,-0.20926666666666668,-0.3131333333333333,-0.09742222222222223,-0.0018222222222222223,-0.001477777777777778,-0.5404,-0.1676888888888889,-0.0025555555555555557,-0.0008,-0.003011111111111111,-0.0005444444444444445,-0.0014111111111111112,-0.11264444444444445,-0.002511111111111111,-0.002588888888888889,-0.002955555555555556,-0.0011222222222222224,-0.5961555555555555,-0.3066,-0.0020666666666666667,-0.8189555555555555,-0.03957777777777778,-0.3405111111111111,-6.666666666666667e-05,-0.43839999999999996,-0.0029111111111111113,-0.18227777777777776,-0.36693333333333333,-0.08363333333333334,-0.06743333333333335,-0.0007666666666666668,-0.0016777777777777778,-0.003266666666666667,-0.19182222222222223,-0.054799999999999995,-0.15660000000000002,-0.0020222222222222226,-0.2551333333333333,-0.0005333333333333334,-0.000988888888888889,-0.16055555555555556,-0.13186666666666666,-0.301,-0.38854444444444447,-0.002166666666666667,-0.0024222222222222223,-0.0021222222222222224,-0.0011777777777777778,-0.1922333333333333,-0.002388888888888889,-0.0004666666666666667,-0.002455555555555556,-0.0012777777777777779,-0.18493333333333334,-0.0022333333333333337,-0.0024444444444444444,-0.0026555555555555555,-0.4842444444444444,-0.001977777777777778,-0.2823333333333333,-0.12177777777777778,-0.39672222222222225,-0.0019333333333333333,-0.025422222222222225,-0.09312222222222222,-0.002188888888888889,-0.00022222222222222223,-0.0688,-0.001688888888888889,-0.1522888888888889,-0.2633111111111111,-0.3696,-0.002688888888888889,-0.0016222222222222224,-0.0023222222222222225,-0.07064444444444445,-0.002255555555555556,-0.0009666666666666667,-0.3602666666666667,-0.001188888888888889,-0.0025333333333333336,-0.0026000000000000003,-0.29686666666666667,-0.06813333333333334,-0.2703555555555555,-0.0023555555555555556,-0.3353777777777778,-0.0029333333333333334,-0.002888888888888889,-0.0219,-0.7428444444444444,-0.11579999999999999,-0.0020444444444444442,-0.33973333333333333,-0.4589111111111111,-0.012833333333333334,-0.10608888888888889,-0.1188,-0.12063333333333334,-0.1701,-0.00015555555555555556,-0.0023444444444444446,-0.08983333333333333,-0.3672,-0.0005777777777777779,-0.0023,-0.0017333333333333335,-0.029088888888888886,-0.0018111111111111112,-0.001988888888888889,-0.12491111111111111,-0.27095555555555556,-0.19484444444444446,-0.16200000000000003,-0.129,-0.52,-0.0009000000000000001,-0.01796666666666667,-0.0032888888888888894,-0.1848,-0.27548888888888884,-0.459,-0.3096888888888889,-0.41387777777777773,-1.1111111111111113e-05,-0.2895,-0.43804444444444446,-0.7186666666666667,-0.0012333333333333335,-0.0023111111111111114,-0.22586666666666666,-4.444444444444445e-05,-0.1485,-0.9312222222222223,-0.0026444444444444445,-0.0028666666666666667,-0.008100000000000001,-0.48766666666666664,-0.0028777777777777777,-0.4979333333333333,-0.003255555555555556,-0.0007444444444444445,-0.17333333333333334,-0.001288888888888889,-0.20533333333333334,-0.001877777777777778,-0.9215888888888889,-0.01368888888888889,-0.0005666666666666667,-0.00025555555555555553,-0.0011444444444444445,-0.4021111111111111,-0.0020111111111111115,-0.47226666666666667
2024-12-20,-0.35933333333333334,-0.0011,-0.8494444444444443,-0.0015333333333333336,-0.08031111111111111,-0.0776111111111111,-0.33584444444444445,-0.0006333333333333334,-0.31597777777777775,-0.2413,-0.10816666666666665,-0.0006111111111111111,-0.7197111111111111,-0.002166666666666667,-0.0017666666666666668,-0.18485555555555555,-0.25541111111111114,-0.2594666666666667,-0.04705555555555555,-0.06208888888888889,-0.33668888888888887,-0.27316666666666667,-0.003077777777777778,-0.21872222222222223,-0.002466666666666667,-0.1311111111111111,-0.0007555555555555555,-0.0015444444444444444,-0.0013444444444444445,-0.0055,-0.31093333333333334,-0.40773333333333334,-0.18516666666666667,-0.7784,-0.12283333333333334,-0.7289222222222222,-0.36417777777777777,-0.13199999999999998,-0.41944444444444445,-0.8055555555555556,-0.2413,-0.8216444444444445,-0.15555555555555556,-0.3019777777777778,-0.08616666666666666,-0.0009000000000000001,-0.39511111111111114,-0.8896,-0.3006666666666667,-0.5533333333333332,-0.4822222222222222,-0.8653333333333333,-0.08922222222222222,-0.09166666666666666,-0.0031000000000000003,-0.07722222222222222,-0.13999999999999999,-0.8250000000000001,-0.44000000000000006,-0.3278888888888889,-0.007333333333333333,-0.16499999999999998,-0.12833333333333333,-0.21313333333333334,-0.001088888888888889,-0.2951666666666667,-0.09093333333333334,-0.001477777777777778,-0.16377777777777777,-0.10583333333333333,-0.002688888888888889,-0.025666666666666667,-0.2906888888888889,-0.14605555555555555,-0.11427777777777776,-0.54,-0.7876666666666666,-0.0010777777777777778,-0.07413333333333333,-0.1034111111111111,-0.2582333333333333,-0.13749999999999998,-0.3886666666666667,-0.3570111111111111,-0.15766666666666665,-0.2577777777777778,-0.25682222222222223,-0.7228,-0.01772222222222222,-0.5088888888888888,-0.15094444444444444,-0.0017444444444444445,-0.7626666666666667,-0.16744444444444442,-0.6658666666666667,-0.5060000000000001,-0.37583333333333335,-0.21706666666666669,-0.058666666666666666,-0.6888222222222221,-0.41486666666666666,-0.017655555555555556,-0.15827777777777777,-0.16194444444444442,-0.05316666666666666,-0.08466666666666667,-0.517,-0.09044444444444444,-0.15033333333333332,-0.0028222222222222225,-0.37033333333333335,-0.12283333333333334,-0.5463333333333333,-0.25964444444444446,-0.0021000000000000003,-0.07577777777777778,-0.012833333333333334,-0.3707666666666667,-0.0019,-0.09031111111111112,-0.05548888888888889,-0.15777777777777777,-0.1925,-0.1388888888888889,-0.021166666666666667,-0.3457222222222222,-0.019755555555555557,-0.3,-0.44,-0.099,-0.1496,-0.16683333333333333,-0.8587111111111111,-0.16792222222222222,-0.37111111111111106,-0.20166666666666666,-0.03788888888888889,-0.0020888888888888893,-0.15555555555555556,-0.06905555555555555,-0.7274666666666667,-8.88888888888889e-05,-0.18062222222222224,-0.0004,-0.0010555555555555557,-0.15663333333333335,-0.17233333333333337,-0.5750666666666667,-0.3666666666666667,-0.032388888888888884,-0.3556666666666667,-0.2288,-0.0013333333333333335,-0.26033333333333336,-0.00012222222222222224,-0.8536,-0.0013000000000000002,-0.17844444444444443,-0.21083333333333337,-0.08607777777777778,-0.14177777777777775,-0.8138888888888889,-0.023222222222222224,-0.7213555555555556,-0.5188333333333334,-0.032999999999999995,-0.27182222222222224,-0.48174444444444453,-0.10633333333333334,-0.002266666666666667,-0.09884444444444444,-0.43083333333333335,-0.14727777777777776,-0.7069333333333333,-0.00018888888888888888,-0.4944444444444445,-0.001488888888888889,-0.1161111111111111,-0.6980888888888889,-0.050111111111111106,-0.03481111111111111,-0.17555555555555552,-0.3795,-0.4552222222222222,-0.001688888888888889,-0.0029000000000000002,-0.5861111111111111,-0.3555555555555555,-0.35311111111111115,-0.132,-0.09961111111111111,-0.04644444444444445,-0.2159,-0.001588888888888889,-0.0016111111111111111,-0.016499999999999997,-0.002966666666666667,-0.1277222222222222,-0.17416666666666664,-0.007333333333333334,-0.12405555555555554,-0.021388888888888888,-0.24888888888888888,-0.37555555555555553,-0.06538888888888889,-0.4237333333333334,-0.2777777777777778,-0.18333333333333335,-0.11733333333333333,-3.3333333333333335e-05,-0.24346666666666666,-0.11794444444444444,-0.0019,-0.37999999999999995,-0.07516666666666666,-0.04033333333333333,-0.5166666666666667,-0.3090333333333333,-0.3824111111111111,-0.14055555555555554,-0.08983333333333333,-0.5757222222222222,-0.02383333333333333,-0.014055555555555554,-0.20666666666666667,-0.011,-0.08888888888888888,-0.12841111111111111,-0.09555555555555556,-0.0941111111111111,-0.12135555555555556,-0.14675555555555556,-0.23424444444444445,-0.28600000000000003,-0.1216111111111111,-0.0007222222222222223,-0.5281999999999999,-0.14534444444444444,-0.10938888888888888,-0.2822222222222222,-0.08616666666666668,-0.0005777777777777779,-0.00036666666666666667,-0.23204444444444444,-0.231,-0.16316666666666668,-0.00041111111111111117,-0.05194444444444444,-0.039511111111111115,-0.3,-0.0024222222222222223,-0.2779888888888889,-0.05499999999999999,-2.2222222222222227e-05,-0.018333333333333333,-0.1442222222222222,-0.0015222222222222223,-0.044444444444444446,-0.513888888888889,-0.08575555555555556,-0.5569777777777778,-0.2112,-0.0028555555555555556,-0.0011333333333333334,-0.5916666666666667,-0.31999999999999995,-0.22295555555555555,-0.482,-0.20900000000000002,-0.7087444444444445,-0.002777777777777778,-0.5688888888888889,-0.4444444444444444,-0.7320666666666666,-0.0029111111111111113,-0.1368888888888889,-0.13505555555555554,-0.0013555555555555556,-0.4986666666666667,-0.8772444444444444,-0.012222222222222221,-0.0030555555555555553,-0.42350000000000004,-0.8222222222222223,-0.4931666666666667,-0.13493333333333332,-0.7685222222222222,-0.0008111111111111112,-0.048888888888888885,-0.18203333333333332,-0.002788888888888889,-0.011611111111111112,-0.9235777777777778,-6.666666666666667e-05,-0.00011111111111111112,-0.0024444444444444444,-0.1607222222222222,-0.44733333333333336,-0.029333333333333333,-0.6666666666666666
2024-12-23,-0.5369899665551839,-0.0009141583054626532,-0.009264214046822743,-0.0001226309921962096,-0.7078595317725752,-0.003166109253065775,-0.2673913043478261,-0.0009921962095875139,-0.4739130434782609,-0.5548049052396878,-0.225273132664437,-0.003043478260869565,-0.6886399108138238,-0.001839464882943144,-0.0015273132664437013,-0.14381270903010032,-0.2782608695652174,-0.8244147157190636,-0.001137123745819398,-0.001750278706800446,-0.3208026755852843,-0.05780379041248606,-0.08043478260869566,-0.16393534002229654,-0.34227424749163876,-0.21086956521739128,-0.0010367892976588628,-0.002040133779264214,-0.0009364548494983279,-0.0016833890746934224,-0.36599777034559644,-0.469386845039019,-0.0014604236343366778,-0.05249721293199554,-0.0011594202898550724,-0.4910033444816054,-0.2138015607580825,-0.040267558528428095,-0.6637123745819399,-0.1513154960981048,-0.2099665551839465,-0.27792642140468227,-0.04654403567447045,-0.24347826086956523,-0.12034559643255295,-0.003132664437012263,-0.30869565217391304,-0.2964548494983278,-0.30532887402452613,-0.05966555183946488,-0.23369007803790412,-0.012352285395763657,,-0.12224080267558528,-0.2834113712374582,-0.5681159420289855,-0.33939799331103676,-0.25016722408026754,-0.04782608695652174,-0.2792642140468227,-0.0009253065774804905,-0.11648829431438128,-0.14093645484949832,-0.1705685618729097,-0.0017837235228539575,-0.029788182831661094,-0.33511705685618726,-0.0005797101449275362,-0.13695652173913042,-0.26153846153846155,-0.2774024526198439,-0.0021627647714604235,-0.26956521739130435,-0.06615384615384615,-0.15531772575250835,-0.03277591973244147,-0.5311482720178373,-0.0005351170568561873,-0.40026755852842805,-0.2804905239687848,-0.09347826086956522,-0.10984392419175026,-0.3593199554069119,-0.33325529542920845,-0.08377926421404681,-0.09949832775919731,-0.06516164994425863,-0.7071683389074693,-0.002987736900780379,-0.8446822742474916,-0.65,-0.0002564102564102564,-0.061806020066889636,-0.013043478260869566,-0.05558528428093645,-0.0745819397993311,-0.058695652173913045,-0.2060200668896321,-0.001560758082497213,-0.00568561872909699,-0.1417056856187291,-0.002140468227424749,-0.3868561872909699,-0.11217391304347826,-0.002642140468227425,-0.11371237458193979,-0.18396878483835005,-0.0013043478260869566,-0.16682274247491638,-0.06538461538461539,-0.3909698996655518,-0.13590858416945373,-0.5517279821627648,-0.6369565217391304,-0.2114046822742475,-0.00035674470457079156,-0.002664437012263099,-0.450546265328874,-0.20373467112597546,-0.24448160535117056,-0.27670011148272017,-0.2672240802675585,-0.0028205128205128207,-0.27101449275362316,-0.0026867335562987737,-0.26995540691192865,-0.0028093645484949833,-0.32357859531772576,-0.23260869565217393,-0.11181716833890745,-0.32501672240802676,-0.14894091415830546,-0.37674470457079157,-0.19127090301003344,-0.3109141583054626,-0.16942028985507246,-0.0018060200668896323,-0.0007580824972129319,-0.6937569676700112,-0.0025418060200668897,-0.1471571906354515,-0.0017279821627647716,-0.0012374581939799331,-0.0019286510590858417,-0.001181716833890747,-0.1812040133779264,-0.19520624303232997,-0.34556298773690075,-0.39469342251950945,-0.002374581939799331,-0.3679375696767001,-0.35434782608695653,-0.00274247491638796,-0.19176142697881826,-0.0027536231884057972,-0.058673355629877376,-0.002028985507246377,-0.1392196209587514,-0.17720178372352283,-0.18952062430323297,-0.08750278706800446,-0.12043478260869567,-0.0020958751393534004,-0.014214046822742474,-0.49969899665551837,-0.0001560758082497213,-0.597458193979933,-0.5108695652173914,-0.25585284280936454,-0.0016053511705685617,-0.42263099219620953,-0.08535117056856187,-0.07765886287625418,-0.07652173913043478,-0.0029654403567447047,-0.5146153846153846,-0.0004570791527313266,-0.2327201783723523,-0.061761426978818285,-0.0024972129319955406,-0.5652173913043479,-0.25016722408026754,-0.1673913043478261,-0.6065997770345596,-0.0017168338907469342,-0.10929765886287626,-0.6299665551839466,-0.5792530657748048,-0.8357859531772575,-0.7647714604236343,-0.12792642140468227,-0.24258639910813823,-0.23153846153846153,-0.0022185061315496096,-0.0025863991081382385,-0.0017391304347826088,-0.31207357859531776,-0.07107023411371237,-0.09447045707915273,-0.002787068004459309,-0.1265551839464883,-0.0030323299888517278,-0.5306020066889632,-0.37525083612040133,-0.0011036789297658863,-0.5673913043478261,-0.22742474916387959,-0.40958751393534,-0.20565217391304347,-0.0019286510590858417,-0.6588071348940914,-0.09635451505016722,-0.032218506131549605,-0.7948160535117057,-0.21036789297658862,-0.0025306577480490523,-0.8615719063545152,-0.2378483835005574,-0.015217391304347827,-0.14525083612040132,-0.0026086956521739132,-0.821571906354515,-0.0020512820512820513,-0.0021181716833890744,-0.002285395763656633,-0.001282051282051282,-0.002129319955406912,-0.27180602006688964,-0.14498327759197324,-0.2795429208472686,-0.2321627647714604,-0.26343366778149385,-0.26749163879598664,-0.04074693422519509,-0.09204013377926422,-0.0012597547380156075,-0.5444816053511706,-0.24879598662207358,-0.07334448160535118,-0.5119843924191749,-0.24353400222965438,-0.002463768115942029,-0.0028428093645484947,-0.0029208472686733556,-0.2568004459308807,-0.41418060200668894,-0.0014492753623188406,-0.16393534002229654,-0.0029765886287625417,-0.30000000000000004,-0.09002229654403567,-0.15919732441471574,-0.0012263099219620957,-0.001906354515050167,-0.0031549609810479374,-0.07622073578595318,-0.0023299888517279823,-0.6165440356744704,-0.6886399108138238,-0.2842809364548495,-0.7483835005574137,-0.3149498327759197,-0.17113712374581938,-0.002931995540691193,-0.676923076923077,-0.18762541806020067,-0.2188963210702341,-0.21628762541806018,-0.15730211817168338,-0.042642140468227424,-0.08717948717948716,-0.08204013377926421,-0.1717391304347826,-0.17910813823857302,-0.05752508361204013,-0.09130434782608697,-0.36739130434782613,-0.002173913043478261,-0.06739130434782609,-0.0030880713489409143,-0.0023857302118171684,-0.0008026755852842809,-0.28187290969899664,-0.13587513935340023,-0.3434782608695652,-0.1693422519509476,-0.8741137123745819,-0.0006131549609810479,-0.00010033444816053511,-0.009476031215161648,-0.3034448160535117,-0.0007357859531772575,-0.024704570791527315,-0.0021962095875139353,-0.0020178372352285395,-0.03411371237458193,-0.1321850613154961,-0.02826086956521739,-0.00157190635451505,-0.7998104793756967
2024-12-24,-0.4425195094760312,-0.0009364548494983279,-0.15250836120401337,-0.0017725752508361205,-0.29615384615384616,-0.6291415830546265,-0.2987736900780379,-0.0023968784838350058,-0.678695652173913,-0.24256410256410257,-0.30657748049052397,-0.2842809364548495,-0.021304347826086957,-0.00044593088071348937,-0.000947603121516165,-0.00241917502787068,-0.17094760312151616,-0.8095652173913044,-0.0013489409141583053,-0.0018060200668896323,-0.19179487179487179,-0.0015496098104793756,-0.0006243032329988851,-0.24080267558528426,-0.7234448160535116,-0.32749163879598664,-0.0010702341137123746,-0.12040133779264213,-0.0009253065774804905,-0.00274247491638796,-0.32666666666666666,-0.12692307692307692,-0.002374581939799331,-0.802675585284281,-0.0007469342251950948,-0.44414715719063547,-0.01765886287625418,-0.0011594202898550724,-0.4656521739130435,-0.6656410256410256,-0.0032552954292084726,-0.12307692307692307,-0.00046822742474916394,-0.34397993311036795,-0.0005351170568561873,-0.17652173913043478,-0.08547380156075808,-0.00608695652173913,-0.43974358974358974,-0.05137123745819398,-0.09792642140468227,-0.031683389074693424,,-0.0014827201783723524,-0.00017837235228539578,-0.20334448160535118,-0.4336231884057971,-0.5612820512820512,-0.00042363433667781496,-0.057792642140468226,-0.0012931995540691192,-0.3323076923076923,-0.1605351170568562,-0.5232664437012263,-0.002508361204013378,-0.12597547380156074,-0.46073578595317727,-0.0008807134894091415,-0.0003344481605351171,-0.757190635451505,-0.0189520624303233,-0.08918617614269789,-0.31215161649944256,-0.0006131549609810479,-0.1137123745819398,-0.0019509476031215162,-0.8217391304347825,-0.0030546265328874026,-0.5137123745819399,-0.39487179487179486,-0.00026755852842809364,-0.0021070234113712374,-0.49538461538461537,-0.4231995540691193,-0.0015942028985507246,-0.11928651059085843,-0.0018060200668896323,-0.02434782608695652,-0.3322185061315496,-0.015217391304347825,-0.5021850613154961,-0.0002452619843924192,-0.5366666666666666,-0.00026755852842809364,-0.30551839464882946,-0.1076923076923077,-0.00013377926421404682,-0.0024860646599777036,-0.0010590858416945372,-0.00294314381270903,-0.18762541806020067,-0.2753623188405797,-0.005384615384615384,-0.001092530657748049,-0.16692307692307692,-0.24972129319955408,-0.1687179487179487,-0.001761426978818283,-0.25641025641025644,-0.003132664437012263,-0.31230769230769234,-0.0019175027870680045,-0.6421404682274248,-0.8186956521739129,-0.2084726867335563,-0.0017391304347826088,-0.13043478260869565,-0.2069565217391304,-0.22630992196209587,-0.4775139353400223,-0.37725752508361204,-0.47892976588628766,-0.5096432552954292,-0.6939130434782609,-0.1661092530657748,-0.0021962095875139353,-0.08361204013377926,-0.6513489409141582,-0.12384615384615384,-0.0007246376811594203,-0.382463768115942,-0.2809364548494983,-0.03666666666666667,-0.0015273132664437013,-0.5061538461538461,-0.0007803790412486065,-0.0023411371237458192,-0.0030323299888517278,-0.09364548494983278,-0.17016722408026758,-0.03729096989966555,-0.0007134894091415831,-0.0009810479375696767,-0.001649944258639911,-0.003188405797101449,-0.0017168338907469342,-0.25487179487179484,-0.07915273132664437,-0.49561872909698995,-0.23634336677814938,-0.07897435897435898,-0.5419620958751393,-0.2405128205128205,-0.002006688963210702,-0.27157190635451506,-0.33564102564102566,-0.0011482720178372353,-0.24401337792642144,-0.20548494983277593,-0.032329988851727984,-0.0017948717948717947,-0.14666666666666667,-0.20624303232998886,-0.08794871794871795,-0.5386176142697882,-0.002931995540691193,-0.32153846153846155,-0.201371237458194,-0.5817391304347825,-0.002519509476031215,-0.1154180602006689,-0.1894314381270903,-0.0010813823857302118,-0.10144927536231885,-0.20958751393534003,-0.6205128205128204,-0.0008249721293199554,-0.0021627647714604235,-0.11049052396878484,-0.27201783723522854,-0.2534671125975474,-0.5612486064659977,-0.001750278706800446,-0.5265217391304348,-0.0013935340022296545,-0.002463768115942029,-0.608695652173913,-0.5161538461538462,-0.5599999999999999,-0.5387179487179488,-0.2898550724637681,-0.5205128205128204,-0.27090301003344486,-0.04124860646599777,-0.4230769230769231,-0.0017279821627647716,-0.33384615384615385,-0.002185061315496098,-0.003021181716833891,-0.0379041248606466,-0.0005239687848383501,-0.5274358974358975,-0.55,-0.7309030100334447,-0.0031103678929765887,-0.33478260869565213,-0.6741025641025641,-0.14257525083612038,-0.1992307692307692,-4.4593088071348945e-05,-0.35820512820512823,-0.0025306577480490523,-0.00026755852842809364,-0.6026086956521739,-0.4023522853957637,-0.414180602006689,-0.39565217391304347,-0.6588071348940914,-0.00020066889632107022,-0.0025752508361204015,-0.1742586399108138,-0.4595652173913043,-0.002909698996655518,-0.2787068004459309,-0.06879598662207358,-0.0031772575250836117,-0.1974581939799331,-0.4648717948717948,-0.18729096989966557,-0.3441025641025641,-0.09695652173913043,-0.5792530657748048,-0.604247491638796,-0.12820512820512822,-0.011148272017837236,-0.001382385730211817,-0.18869565217391304,-0.5169230769230769,-0.0019732441471571904,-0.01826086956521739,-0.2987290969899666,-0.21181716833890746,-0.07357859531772576,-0.3317391304347826,-0.24612040133779264,-0.8643478260869565,-0.0023857302118171684,-0.2552954292084727,-0.5294871794871794,-0.4125752508361204,-0.002642140468227425,-0.5187179487179487,-0.0018617614269788182,-0.0005574136008918618,-0.28515050167224076,-0.0025863991081382385,-0.16387959866220736,-0.5842251950947602,-0.7730434782608695,-0.22217391304347825,-0.398695652173913,-0.12091415830546266,-0.0017837235228539575,-0.38688963210702343,-0.06999999999999999,-0.3248717948717949,-0.20141583054626533,-0.034102564102564105,-0.0027759197324414716,-0.0004793756967670011,-0.22965440356744704,-0.00189520624303233,-0.2602564102564102,-0.23277591973244147,-0.0006577480490523968,-0.22408026755852845,-0.577469342251951,-0.47036789297658865,-0.0019620958751393534,-0.06421404682274248,-0.27933110367892977,-0.003299888517279822,-0.05564102564102564,-0.6289743589743589,-0.4357079152731327,-0.2441025641025641,-0.6756521739130434,-0.00010033444816053511,-0.0016276477146042363,-0.0028539576365663325,-0.1125752508361204,-0.001906354515050167,-0.20307692307692307,-0.26978818283166106,-0.3311036789297659,-0.0011259754738015607,-0.0018283166109253064,-0.00023411371237458197,-0.00022296544035674468,-0.3926086956521739
2024-12-25,-0.5812709030100334,-0.004057971014492754,-0.4983277591973244,-0.007246376811594202,-0.17173913043478262,-0.2827090301003345,-0.3692642140468228,-0.030256410256410255,-0.2536454849498328,-0.721304347826087,-0.5059531772575251,-0.09897435897435898,-0.5539910813823857,-0.13929765886287626,-0.02217391304347826,-0.16036789297658863,-0.11036789297658862,-0.335551839464883,-0.08218506131549609,-0.10251950947603121,-0.2978595317725753,-0.012608695652173912,-0.01898550724637681,-0.3177257525083612,-0.7186622073578596,-0.03177257525083612,-0.02043478260869565,-0.08307692307692309,-0.018695652173913044,-0.01794871794871795,-0.5636677814938684,-0.47324414715719065,-0.2103010033444816,-0.634113712374582,-0.024057971014492755,-0.5337123745819399,-0.008405797101449276,-0.006376811594202898,-0.47030100334448166,-0.4959308807134894,-0.21137123745819397,-0.18157190635451506,-0.020579710144927536,-0.11538461538461539,-0.08762541806020067,-0.49371237458193984,-0.13581939799331103,-0.39966555183946484,-0.050802675585284285,-0.06307692307692307,-0.1451505016722408,-0.3023076923076923,,-0.25333333333333335,-0.0021627647714604235,-0.17137123745819402,-0.16933110367892978,-0.3894871794871794,-0.005217391304347826,-0.2245261984392419,-0.028807134894091414,-0.019487179487179485,-0.013333333333333334,-0.2782051282051282,-0.12173913043478261,-0.06256410256410257,-0.26157190635451505,-0.016376811594202897,-0.001906354515050167,-0.3910367892976589,-0.005852842809364548,-0.09598662207357858,-0.23665551839464885,-0.04321070234113713,-0.07525083612040133,-0.014871794871794873,-0.22722408026755855,-0.1355629877369008,-0.3386845039018952,-0.5733444816053512,-0.0003455964325529543,-0.11391304347826087,-0.48147157190635453,-0.20809364548494985,-0.11897435897435898,-0.22357859531772575,-0.029230769230769234,-0.1254180602006689,-0.2448160535117057,-0.6991415830546265,-0.029063545150501673,-0.00014492753623188405,-0.1690969899665552,-0.0010256410256410256,-0.07190635451505017,-0.011014492753623189,-0.0005128205128205128,-0.02666666666666667,-0.07128205128205128,-0.3311036789297659,-0.020066889632107024,-0.22490523968784837,-0.08726867335562988,-0.013556298773690079,-0.28929765886287623,-0.0025418060200668897,-0.021070234113712373,-0.08303232998885172,-0.10652173913043478,-0.09641025641025643,-0.4100668896321071,-0.013623188405797102,-0.684314381270903,-0.739799331103679,-0.2645484949832776,-0.009130434782608695,-0.08981047937569676,-0.665819397993311,-0.491092530657748,-0.4121739130434783,-0.6499665551839465,-0.4095317725752509,-0.6024080267558529,-0.7424414715719063,-0.0011259754738015607,-0.1822742474916388,-0.2048494983277592,-0.5627759197324415,-0.08032329988851727,-0.022753623188405795,-0.7080936454849498,-0.19732441471571904,-0.36529542920847263,-0.30267558528428096,-0.5304347826086957,-0.008115942028985508,-0.05761426978818283,-0.1474247491638796,-0.2827090301003345,-0.17441471571906353,-0.36364548494983273,-0.04144927536231884,-0.016956521739130436,-0.19197324414715716,-0.40301003344481606,-0.28040133779264215,-0.05100334448160535,-0.3183723522853958,-0.35561872909698994,-0.2760200668896321,-0.1954849498327759,-0.26421404682274247,-0.02044593088071349,-0.1849498327759197,-0.048963210702341144,-0.17901895206243032,-0.12709030100334448,-0.040668896321070236,-0.22575250836120403,-0.05384615384615385,-0.021025641025641025,-0.26852842809364547,-0.12205128205128206,-0.01948717948717949,-0.18759197324414717,-0.007101449275362318,-0.6967224080267558,-0.4414715719063545,-0.10812709030100336,-0.11120401337792642,-0.3695652173913044,-0.0714046822742475,-0.1430769230769231,-0.01652173913043478,-0.2643366778149387,-0.7820735785953178,-0.01927536231884058,-0.21070234113712374,-0.4264437012263099,-0.6018394648829432,-0.3957748049052397,-0.3593311036789298,-0.14205128205128206,-0.4676588628762542,-0.11846153846153847,-0.1568561872909699,-0.6816722408026756,-0.6790301003344482,-0.5918394648829431,-0.6209030100334448,-0.43645484949832775,-0.5878595317725752,-0.33662207357859536,-0.03666666666666667,-0.6922408026755853,-0.06321070234113713,-0.3738684503901895,-0.2516387959866221,-0.21739130434782608,-0.14666666666666667,-0.0022185061315496096,-0.12207357859531773,-0.6948829431438127,-0.1902341137123746,-0.10717948717948718,-0.6446822742474917,-0.7450836120401337,-0.5495652173913044,-0.33444816053511706,-0.0025306577480490523,-0.565418060200669,-0.1673913043478261,-0.0028316610925306577,-0.6473244147157191,-0.3978260869565218,-0.6531772575250836,-0.47822742474916397,-0.4019063545150502,-0.002564102564102564,-0.24247491638795987,-0.3692642140468228,-0.7530100334448161,-0.18729096989966557,-0.34448160535117056,-0.31399108138238574,-0.0169453734671126,-0.2643366778149387,-0.44066889632107026,-0.12876254180602006,-0.5891973244147157,-0.4467892976588629,-0.08719063545150502,-0.26113712374581943,-0.18612040133779265,-0.011014492753623189,-0.03434782608695652,-0.7239464882943144,-0.42577480490523967,-0.14256410256410257,-0.4899665551839465,-0.3277591973244147,-0.14318840579710146,-0.13641025641025642,-0.5865551839464883,-0.7767892976588628,-0.7688628762541806,-0.0313489409141583,-0.1611705685618729,-0.34876254180602007,-0.5104459308807134,-0.10301003344481605,-0.3468227424749164,-0.07076923076923078,-0.14871794871794872,-0.2550167224080268,-0.07201783723522853,-0.3511705685618729,-0.43066889632107025,-0.6631772575250836,-0.4016053511705686,-0.7054515050167225,-0.2453511705685619,-0.20133779264214047,-0.560133779264214,-0.6737458193979933,-0.2993311036789298,-0.026421404682274247,-0.00971014492753623,-0.18361204013377927,-0.0002452619843924192,-0.15250836120401337,-0.0338907469342252,-0.008193979933110367,-0.12648829431438127,-0.002463768115942029,-0.03982162764771461,-0.08568561872909701,-0.05016722408026756,-0.010144927536231883,-0.4773913043478261,-0.06523968784838349,-0.14564102564102566,-0.12820512820512822,-0.544314381270903,-0.07956521739130436,-0.3230769230769231,-0.7926421404682275,-0.0008695652173913044,-0.00463768115942029,-0.0013043478260869564,-0.00483835005574136,-0.007692307692307693,-0.5610367892976589,-0.20927536231884059,-0.4161872909698997,-0.01173913043478261,-0.022876254180602004,-8.918617614269789e-05,-0.0020512820512820517,-0.7107357859531772
2024-12-26,-0.2944927536231884,-0.0019843924191750278,-0.71,-0.00023411371237458197,-0.47289855072463766,-0.3449498327759198,-0.1575696767001115,-0.0007023411371237458,-0.5627759197324415,-0.3539576365663322,-0.15197324414715718,-0.16976588628762543,-0.06512820512820512,-0.0014158305462653288,-0.010702341137123747,-0.13937569676700112,-0.1959643255295429,-0.38230769230769224,-0.07634336677814939,-0.0188628762541806,-0.2347380156075808,-0.18479375696767,-0.17480490523968784,-0.32405797101449274,-0.03681159420289855,-0.0017168338907469342,-0.19050167224080267,-0.115273132664437,-0.000947603121516165,-0.0014269788182831662,-0.2683277591973244,-0.8268450390189521,-0.2587959866220736,-0.6767558528428093,-0.0019397993311036788,-0.1211036789297659,-4.4593088071348945e-05,-0.001326644370122631,-0.23270903010033445,-0.09735785953177256,-0.5295317725752507,-0.4508584169453735,-0.0033221850613154957,-0.1871794871794872,-0.00035674470457079156,-0.09023411371237458,-0.2818952062430323,-0.44434782608695655,-0.10345596432552955,-0.0029208472686733556,-0.0032107023411371235,-0.42936454849498323,,-0.04684503901895207,-0.13984392419175026,-0.11108138238573022,-0.1302118171683389,-0.41521739130434787,-0.0026978818283166107,-0.5034113712374582,-0.047803790412486065,-0.0017837235228539575,-0.0022408026755852844,-0.4573690078037904,-0.10688963210702343,-0.0019286510590858417,-0.2896989966555184,-0.10630992196209586,-0.0021181716833890744,-0.1448494983277592,-0.0010702341137123746,-0.08276477146042363,-0.32552954292084724,-0.0017279821627647716,-0.0028205128205128207,-0.0030100334448160534,-0.7005016722408026,-0.30390189520624306,-0.5331884057971015,-0.0538015607580825,-0.3364325529542921,-0.14483835005574136,-0.16384615384615384,-0.29579710144927535,-0.20591973244147155,-0.3873801560758083,-0.0006020066889632107,-0.454113712374582,-0.3236566332218507,-0.8041917502787068,-0.45217391304347826,-0.00137123745819398,-0.588896321070234,-0.00046822742474916394,-0.27219620958751395,-0.0010367892976588628,-0.002630992196209587,-0.003221850613154961,-0.08989966555183947,-0.447603121516165,-0.16624303232998883,-0.016064659977703455,-0.09641025641025641,-0.0028651059085841694,-0.18840579710144925,-0.002931995540691193,-0.00294314381270903,-0.0024526198439241914,-0.19806020066889632,-0.10793756967670011,-0.18759197324414714,-0.0009921962095875139,-0.8126867335562987,-0.44173913043478263,-0.13753623188405797,-0.0018060200668896323,-0.006421404682274247,-0.4332441471571906,-0.18525083612040133,-0.10362318840579708,-0.04530657748049052,-0.014247491638795986,-0.03397993311036789,-0.18688963210702342,-0.0008361204013377926,-0.22974358974358972,-0.28084726867335563,-0.5266889632107024,-0.0009364548494983279,-0.0007803790412486065,-0.13308807134894093,-0.2185061315496098,-0.1709030100334448,-0.5003901895206243,-0.4020958751393534,-0.0025306577480490523,-0.0009587513935340022,-0.2684503901895206,-0.2278706800445931,-0.09632107023411371,-0.5595652173913043,-0.08115942028985507,-0.032107023411371234,-0.1425195094760312,-0.45591973244147155,-0.11975473801560757,-0.0014492753623188406,-0.11635451505016722,-0.14318840579710146,-0.26,-0.44928651059085845,-0.39392419175027876,-0.002564102564102564,-0.16210702341137123,-0.0018840579710144927,-0.41342251950947606,-0.27036789297658864,-0.0018060200668896323,-0.1920624303232999,-0.001906354515050167,-0.0012151616499442585,-0.44923076923076927,-0.010222965440356745,-0.0026086956521739132,-0.501159420289855,-0.07705685618729097,-0.2491861761426979,-0.056633221850613154,-0.20654403567447044,-0.0037458193979933107,-0.4597101449275362,-0.002898550724637681,-0.33529542920847266,-0.30715719063545144,-0.013021181716833892,-0.6144704570791528,-0.12129319955406911,-0.1328985507246377,-0.8296767001114828,-0.6994202898550724,-0.08211817168338907,-0.38114827201783724,-0.5319063545150502,-0.06411371237458194,-0.06279821627647715,-0.14626532887402452,-0.5719955406911928,-0.331304347826087,-0.32280936454849496,-0.20387959866220734,-0.49187290969899666,-0.6257971014492754,-0.24681159420289853,-0.042318840579710144,-0.1670680044593088,-0.044949832775919726,-0.532329988851728,-0.645886287625418,-0.2636789297658863,-0.07487179487179486,-0.34960981047937567,-0.12680044593088072,-0.1472463768115942,-0.660133779264214,-0.09774804905239688,-0.5493422519509475,-0.5153623188405797,-0.11397993311036789,-0.23848383500557416,-0.009988851727982162,-0.6824303232998885,-0.3034113712374582,-0.04965440356744704,-0.41342251950947606,-0.1970903010033445,-0.4983723522853958,-0.28494983277591973,-0.3832775919732441,-0.16267558528428094,-0.2643366778149387,-0.08304347826086957,-0.42474916387959866,-0.2859308807134894,-0.371159420289855,-0.009420289855072463,-0.14840579710144927,-0.0537123745819398,-0.47254180602006685,-0.13518394648829432,-0.25484949832775916,-0.22558528428093644,-0.08311036789297659,-0.16608695652173913,-0.2997101449275363,-0.18622073578595316,-0.04994425863991081,-0.45872909698996656,-0.07123745819397993,-0.3141360089186176,-0.7220735785953177,-0.10927536231884057,-0.1885395763656633,-0.13535117056856186,-0.3794425863991081,-0.45872909698996656,-0.2859977703455964,-0.019977703455964325,-0.1011371237458194,-0.1472240802675585,-0.6569453734671126,-0.14983277591973243,-0.4790969899665552,-0.1048829431438127,-0.029966555183946485,-0.4013043478260869,-0.15268673355629878,-0.30394648829431437,-0.42030100334448156,-0.3936008918617614,-0.15118171683389076,-0.41908584169453733,-0.09930880713489408,-0.22849498327759196,-0.23508361204013378,-0.6078929765886287,-0.08785953177257524,-0.002274247491638796,-0.0010479375696767002,-0.11304347826086956,-0.0029542920847268673,-0.2696989966555184,-0.0016053511705685617,-0.0027759197324414716,-0.4736454849498328,-0.0005574136008918618,-0.0024749163879598662,-0.018840579710144925,-0.26095875139353397,-0.001471571906354515,-0.5576811594202898,-0.17052396878483833,-0.27894091415830546,-0.18109253065774805,-0.6387959866220736,-0.3023076923076923,-0.6435117056856187,-0.7758751393534002,-0.0003455964325529543,-0.0031438127090301,-0.0015942028985507246,-0.002519509476031215,-0.00018952062430323299,-0.12585284280936454,-0.036510590858416944,-0.11924191750278708,-0.0008584169453734671,-0.0024414715719063545,-0.0028093645484949833,-0.0022073578595317726,-0.12459308807134895
2024-12-27,-0.2670680044593088,-0.14581939799331103,-0.09627647714604236,-0.002664437012263099,-0.29070234113712373,-0.05672240802675585,-0.5836677814938684,-0.0031103678929765887,-0.17962095875139356,-0.08211817168338907,-0.16071348940914157,-0.12102564102564102,-0.32280936454849496,-0.0018171683389074692,-0.001839464882943144,-0.16789297658862876,-0.0019620958751393534,-0.14849498327759197,-0.17324414715719064,-0.0007134894091415831,-0.09598662207357858,-0.27179487179487183,-0.16423634336677814,-0.5672240802675586,-0.5506688963210703,-0.0011036789297658863,-0.1968561872909699,-0.14974358974358976,-0.003188405797101449,-0.002987736900780379,-0.3815496098104794,-0.37661092530657747,-0.2704236343366778,-0.0538015607580825,-0.0023857302118171684,-0.07505016722408027,-0.002084726867335563,-0.0032552954292084726,-0.41719063545150503,-0.16073578595317725,-0.03072463768115942,-0.13025641025641024,-0.107603121516165,-0.21333333333333335,-0.0021070234113712374,-0.12822742474916388,-0.04247491638795987,-0.05568561872909699,-0.00157190635451505,-0.0903010033444816,-0.09344481605351171,-0.009453734671125976,,-0.6146042363433668,-0.3114827201783723,-0.002508361204013378,-0.28561872909699,-0.5291638795986622,-0.09966555183946488,-0.10193979933110367,-0.0004570791527313266,-0.0014381270903010032,-0.10836120401337794,-0.06229654403567447,-0.1565217391304348,-0.13043478260869565,-0.3001560758082497,-0.18461538461538463,-0.24205128205128204,-0.2887402452619844,-0.0022073578595317726,-0.002931995540691193,-0.45692307692307693,-0.0021962095875139353,-0.1088628762541806,-0.1354515050167224,-0.23785953177257527,-0.014180602006688962,-0.031148272017837236,-0.31488294314381265,-0.09910813823857302,-0.06871794871794872,-0.5002675585284281,-0.5183277591973244,-0.17273132664437013,-0.15007803790412486,-0.00189520624303233,-0.06144927536231884,-0.024749163879598662,-0.025484949832775917,-0.5486064659977704,-0.0004124860646599777,-0.06617614269788183,-0.0028651059085841694,-0.11185061315496096,-0.002185061315496098,-0.06354515050167224,-0.36331103678929766,-0.003021181716833891,-0.2268896321070234,-0.09641025641025643,-0.0024414715719063545,-0.002486064659977703,-0.00035674470457079156,-0.40917502787068005,-0.03277591973244147,-0.026086956521739132,-0.0758974358974359,-0.1651282051282051,-0.031438127090301006,-0.225752508361204,-0.002040133779264214,-0.03964325529542921,-0.43487179487179484,-0.34404682274247494,-0.0031438127090301,-0.0030657748049052395,-0.392329988851728,-0.382876254180602,-0.29264214046822745,-0.4124860646599777,-0.0012486064659977703,-0.3701337792642141,-0.3096098104793757,-0.003288740245261984,-0.3124414715719063,-0.2859977703455964,-0.30581939799331104,-0.0013043478260869566,-0.00261984392419175,-0.35473801560758084,-0.3497101449275362,-0.2506020066889632,-0.33696767001114825,-0.7090301003344481,-0.09565217391304348,-0.003299888517279822,-0.09551839464882944,-0.4162541806020067,-0.10301003344481605,-0.15574136008918615,-0.11354515050167223,-0.0030546265328874026,-0.22153846153846155,-0.397056856187291,-0.14163879598662207,-0.0015050167224080267,-0.00274247491638796,-0.23644370122630992,-0.24220735785953176,-0.12742474916387958,-0.4189966555183946,-0.07023411371237458,-0.17207357859531772,-0.0007803790412486065,-0.12762541806020067,-0.15351170568561873,-0.3046153846153846,-0.22370122630992192,-0.11705685618729098,-0.002642140468227425,-0.6877591973244147,-0.0023076923076923075,-0.028093645484949838,-0.3794425863991081,-0.1705685618729097,-0.6570345596432553,-0.3171460423634337,-0.1812263099219621,-0.0016053511705685617,-0.20671125975473803,-0.38510590858416943,-0.2866778149386845,-0.028316610925306577,-0.1879598662207358,-0.6097658862876254,-0.06822742474916389,-0.0018283166109253064,-0.13591973244147157,-0.6088071348940914,-0.31956521739130433,-0.5435897435897437,-0.014158305462653288,-0.3681159420289855,-0.09966555183946488,-0.29024526198439243,-0.2944927536231884,-0.32142697881828314,-0.34855072463768116,-0.3588628762541806,-0.8041917502787068,-0.1472463768115942,-0.3774581939799331,-0.0028316610925306577,-0.21270903010033443,-0.06555183946488294,-0.4230546265328874,-0.5776588628762542,-0.19538461538461538,-0.18612040133779265,-0.07090301003344482,-0.27076923076923076,-0.191438127090301,-0.05946488294314382,-0.09966555183946488,-0.6484503901895206,-0.20325529542920848,-0.2845819397993311,-0.32869565217391306,-0.0007357859531772575,-0.5833221850613155,-0.7066666666666667,-0.10294314381270903,-0.5223188405797101,-0.20588628762541805,-0.5096989966555183,-0.3671125975473802,-0.21243032329988853,-0.0009698996655518394,-0.5403567447045708,-0.3624526198439242,-0.4797770345596432,-0.07023411371237458,-0.4537792642140468,-0.003121516164994426,-0.15217391304347827,-0.002519509476031215,-0.3001560758082497,-0.046153846153846156,-0.2206800445930881,-0.3918617614269788,-0.4298327759197324,-0.35267558528428095,-0.08778149386845038,-0.056633221850613154,-0.06688963210702341,-0.31197324414715716,-0.538294314381271,-0.3792642140468227,-0.050969899665551835,-0.2987402452619844,-0.3394314381270903,-0.3877369007803791,-0.37329988851727985,-0.35215161649944254,-0.196164994425864,-0.0008584169453734671,-0.17441471571906353,-0.55685618729097,-0.42191750278706797,-0.2903010033444816,-0.3426978818283166,-0.09899665551839465,-0.0714046822742475,-0.06512820512820512,-0.31020066889632103,-0.2690969899665552,-0.56958751393534,-0.28255295429208477,-0.5237458193979933,-0.2977926421404682,-0.2923076923076923,-0.16989966555183947,-0.3073021181716834,-0.0028316610925306577,-0.23645484949832776,-0.03946488294314381,-0.0004793756967670011,-0.12976588628762542,-0.061538461538461535,-0.1571571906354515,-0.0006911928651059085,-0.042140468227424746,-0.35112597547380153,-0.0027759197324414716,-0.25986622073578597,-0.0008918617614269787,-0.32139353400222964,-0.0025975473801560754,-0.037814938684503904,-0.03539576365663322,-0.08698996655518396,-0.29498327759197324,-0.005663322185061315,-0.41277591973244143,-0.019821627647714606,-0.04813823857302118,-0.0017837235228539575,-0.33712374581939797,-0.0020735785953177256,-0.052173913043478265,-0.00022296544035674468,-0.3291973244147157,-0.11282051282051282,-0.006187290969899666,-0.0010144927536231885,-0.13578595317725753,-0.04347826086956522,-0.0053511705685618735,-0.579041248606466
2024-12-30,-0.45405797101449274,-0.00013377926421404682,-0.3165217391304348,-0.01076923076923077,-0.3278260869565217,-0.40365663322185064,-0.6634782608695652,-0.04363433667781494,-0.27695652173913043,-0.39344481605351167,-0.3353623188405797,-0.24258639910813823,-0.36133779264214044,-0.00014492753623188405,-0.0006131549609810479,-0.22527313266443702,-0.03559643255295429,-0.4220289855072464,-0.1955964325529543,-0.0006800445930880714,-0.25301003344481604,-0.2008695652173913,-0.4139130434782608,-0.8095652173913044,-0.3372352285395764,-0.0015942028985507246,-0.1699665551839465,-0.0008695652173913044,-0.01722408026755853,-0.04717948717948718,-0.26439241917502787,-0.10043478260869565,-0.059130434782608696,-0.04316610925306578,-0.14205128205128206,-0.10423634336677813,-0.02,-0.056856187290969896,-0.4127759197324415,-0.10117056856187291,-0.09743589743589744,-0.08789297658862875,-0.08093645484949834,-0.2792307692307692,-0.06615384615384616,-0.44109253065774806,-0.2724860646599777,-0.23884057971014494,-0.002909698996655518,-0.0019509476031215162,-0.3523188405797101,-0.32878483835005573,,-0.0608695652173913,-0.13565217391304346,-0.2321627647714604,-0.3391304347826087,-0.19782608695652174,-0.09282051282051283,-0.24492753623188404,-0.0018840579710144927,-0.0028205128205128207,-0.11333333333333334,-0.3560869565217391,-0.2198773690078038,-0.09530657748049053,-0.1672686733556299,-0.26439241917502787,-0.34289855072463765,-0.8704347826086957,-0.0023411371237458192,-0.001282051282051282,-0.7578260869565216,-0.05897435897435898,-0.1430769230769231,-0.17625418060200668,-0.6852619843924191,-0.09381270903010033,-0.24343366778149386,-0.2319732441471572,-0.7608026755852842,-0.0009141583054626532,-0.41846153846153844,-0.8856521739130434,-0.03372352285395763,-0.30351170568561875,-0.03487179487179487,-0.20908584169453737,-0.13753623188405797,-0.005395763656633222,-0.15237458193979933,-0.0017725752508361205,-0.21322185061315496,-0.03282051282051283,-0.25774804905239684,-0.0016722408026755853,-0.002564102564102564,-0.17131549609810479,-0.04586399108138239,-0.1978260869565217,-0.0056410256410256415,-0.14102564102564102,-0.16591973244147157,-0.0028762541806020064,-0.547670011148272,-0.047692307692307694,-0.0009810479375696767,-1.1148272017837236e-05,-0.2056298773690078,-0.004615384615384616,-0.4898550724637681,-0.025128205128205128,-0.13,-0.6205128205128205,-0.08101449275362319,-0.04593088071348941,-0.05435897435897436,-0.6026755852842809,-0.6276923076923077,-0.371159420289855,-0.3202898550724637,-0.0015830546265328874,-0.011393534002229654,-0.5526421404682275,-0.05897435897435898,-0.38575250836120406,-0.4235674470457079,-0.4207357859531773,-0.002040133779264214,-0.022564102564102566,-0.42014492753623184,-0.4889632107023411,-0.17806020066889633,-0.6474916387959867,-0.9130434782608695,-0.08512820512820514,-0.21313266443701226,-0.05794871794871795,-0.2343478260869565,-0.024102564102564106,-0.24280936454849497,-0.26869565217391306,-0.02564102564102564,-0.31295429208472686,-0.1159866220735786,-0.15299888517279822,-0.0012486064659977703,-0.12129319955406911,-0.21587513935340022,-0.2967670011148272,-0.48292084726867335,-0.30474916387959866,-0.0019620958751393534,-0.13090301003344482,-0.003132664437012263,-0.011482720178372352,-0.1871794871794872,-0.048561872909698996,-0.12370122630992197,-0.0008807134894091415,-0.14238573021181716,-0.9039130434782608,-0.05692307692307692,-6.688963210702341e-05,-0.21832775919732442,-0.013266443701226309,-0.608695652173913,-0.07812709030100334,-0.09645484949832776,-0.002173913043478261,-0.3711036789297659,-0.054581939799331104,-0.3206688963210702,-0.1241025641025641,-0.09875139353400224,-0.8795652173913043,-0.00039018952062430326,-0.1440356744704571,-0.009130434782608695,-0.32565217391304346,-0.13183946488294315,-0.35881828316610925,-0.10791527313266444,-0.1591973244147157,-0.036410256410256414,-0.21973244147157192,-0.6231438127090301,-0.5503678929765886,-0.7095429208472687,-0.48797101449275354,-0.7243478260869565,-0.6777257525083612,-0.5617391304347826,-0.07025641025641026,-0.4634782608695652,-0.0016833890746934224,-0.6124191750278707,-0.43166109253065776,-0.1969453734671126,-0.27518394648829436,-0.3170011148272018,-0.145685618729097,-0.37304347826086953,-0.16014492753623186,-0.023076923076923078,-0.6360869565217391,-0.5958528428093645,-0.2009921962095875,-0.5139799331103678,-0.00294314381270903,-0.8186956521739129,-0.8643478260869565,-0.3965886287625418,-0.6582831661092531,-0.37598662207357864,-0.6436120401337793,-0.4804347826086956,-0.5557971014492753,-0.0003232998885172798,-0.5904347826086955,-0.35023411371237456,-0.4844147157190635,-0.00326644370122631,-0.7230323299888517,-0.03230769230769231,-0.0841025641025641,-0.22461538461538463,-0.4446376811594202,-0.001282051282051282,-0.46387959866220735,-0.39753623188405796,-0.26153846153846155,-0.37869565217391304,-0.05125975473801561,-0.02153846153846154,-0.0024080267558528427,-0.5208026755852843,-0.2708695652173913,-0.39117056856187293,-0.06782608695652173,-0.23438127090301003,-0.47478260869565214,-0.42086956521739133,-0.7554069119286511,-0.5685618729096991,-0.4662207357859532,-0.0006354515050167224,-0.13205128205128205,-0.4389297658862876,-0.581304347826087,-0.4525752508361204,-0.4502898550724637,-0.02666666666666667,-0.0030100334448160534,-0.24353400222965438,-0.33529542920847266,-0.3483166109253066,-0.9008695652173913,-0.3202898550724637,-0.06695652173913043,-0.5298996655518394,-0.23471571906354513,-0.0758974358974359,-0.47289855072463766,-0.0424860646599777,-0.13190635451505017,-0.0032329988851727983,-0.00018952062430323299,-0.0011482720178372353,-0.02871794871794872,-0.055908584169453726,-0.0010144927536231885,-0.09846153846153848,-0.7365217391304348,-0.0008918617614269787,-0.23876254180602005,-0.0017948717948717947,-0.03743589743589743,-0.05022296544035674,-0.36842809364548496,-0.0010813823857302118,-0.3192196209587514,-0.4126086956521739,-0.010791527313266444,-0.3161204013377926,-0.46876254180602006,-0.1682943143812709,-0.0717948717948718,-0.010791527313266444,-0.09476031215161648,-0.14974358974358976,-0.00035674470457079156,-0.5633333333333334,-0.10328874024526198,-0.19290969899665553,-0.0003121516164994426,-0.15635451505016723,-0.04871794871794872,-0.00030100334448160534,-0.6527090301003344
2024-12-31,-0.35023411371237456,-0.0018060200668896323,-0.44769230769230767,-0.0015942028985507246,-0.17085841694537346,-0.45117056856187293,-0.09270903010033445,-0.07538461538461538,-0.4195094760312152,-0.3109030100334448,-0.440133779264214,-0.47016722408026757,-0.41391304347826086,-0.0019620958751393534,-0.003188405797101449,-0.06965440356744705,-0.0012486064659977703,-0.5233890746934226,-0.217257525083612,-0.0024972129319955406,-0.5047491638795987,-0.09498327759197325,-0.77,-0.11073578595317726,-0.4563433667781494,-0.27386845039018953,-0.1433890746934225,-0.002430323299888517,-0.0717948717948718,-0.031794871794871796,-0.31605351170568563,-0.05190635451505017,-0.001137123745819398,-0.1591973244147157,-0.36410256410256414,-0.08717948717948719,-0.0013935340022296545,-0.2121293199554069,-0.47384615384615386,-0.05692307692307692,-0.45908584169453737,-0.03487179487179487,-0.12735785953177256,-0.14983277591973243,-0.046153846153846156,-0.49311036789297663,-0.4363879598662207,-0.09641025641025643,-0.11477146042363434,-0.06804905239687849,-0.04758082497212932,-0.020579710144927536,,-0.09340022296544036,-0.20896321070234114,-0.39752508361204014,-0.41525083612040137,-0.07915273132664437,-0.04010033444816053,-0.3652173913043478,-0.055384615384615386,-0.06683389074693422,-0.05948717948717949,-0.1643701226309922,-0.2528428093645485,-0.045641025641025644,-0.26733556298773686,-0.42267558528428095,-0.2184392419175028,-0.481571906354515,-0.07692307692307693,-0.002764771460423634,-0.048929765886287634,-0.0008695652173913044,-0.1648160535117057,-0.0789855072463768,-0.1570903010033445,-0.06564102564102565,-0.13366778149386843,-0.32809364548494985,-0.1802675585284281,-0.0009587513935340022,-0.005618729096989967,-0.07983277591973245,-0.01076923076923077,-0.22709030100334446,-0.0005908584169453735,-0.002430323299888517,-0.1321850613154961,-0.014581939799331103,-0.08548494983277592,-0.04666666666666667,-0.29286510590858417,-0.0009364548494983279,-0.18205128205128207,-0.03166109253065775,-0.0007357859531772575,-0.0015830546265328876,-0.002151616499442586,-0.1503901895206243,-0.000568561872909699,-0.3353846153846154,-0.10606465997770345,-0.06094760312151616,-0.5382274247491639,-0.029230769230769234,-0.0008249721293199554,-0.00137123745819398,-0.09732441471571907,-0.0011928651059085842,-0.7596989966555184,-0.0013377926421404684,-0.015451505016722407,-0.45581939799331106,-0.13743589743589743,-0.09973244147157191,-0.09743589743589744,-0.5098996655518395,-0.44809364548494984,-0.5904347826086956,-0.44387959866220733,-0.11076923076923077,-0.0030992196209587513,-0.525551839464883,-0.17230769230769233,-0.07468227424749165,-0.4368784838350056,-0.5897324414715719,-0.1590969899665552,-0.0019175027870680045,-0.3460423634336678,-0.09013377926421405,-0.15432552954292084,-0.3862876254180602,-0.6669899665551839,-0.10564102564102565,-0.2638573021181717,-0.12307692307692308,-0.4541806020066889,-0.0028651059085841694,-0.04869565217391304,-0.3638127090301003,-0.08256410256410256,-0.4352173913043479,-0.21629877369007805,-0.12000000000000001,-0.0016945373467112598,-0.251438127090301,-0.5104124860646599,-0.33220735785953176,-0.2573690078037904,-0.44483835005574135,-0.15794871794871795,-0.158974358974359,-0.1211036789297659,-0.014247491638795986,-0.3385284280936455,-0.27098104793756966,-0.20263099219620961,-0.002229654403567447,-0.021070234113712377,-0.041204013377926424,-0.19282051282051285,-5.574136008918617e-05,-0.4717502787068004,-0.00046822742474916394,-0.7004682274247491,-0.22321070234113713,-0.22479375696767,-0.08627647714604236,-0.35253065774804904,-0.7725752508361204,-0.4661204013377927,-0.46383500557413604,-0.2082051282051282,-0.7622742474916389,-0.0025306577480490523,-0.18167224080267555,-0.1854180602006689,-0.44985507246376816,-0.3487513935340022,-0.5244147157190635,-0.5450167224080267,-0.3919063545150502,-0.0021627647714604235,-0.036767001114827204,-0.5485284280936454,-0.47899665551839465,-0.6412374581939799,-0.757123745819398,-0.036053511705685624,-0.6129096989966556,-0.1622408026755853,-0.13025641025641027,-0.4455295429208473,-0.04205128205128205,-0.5974581939799332,-0.010301003344481606,-0.046822742474916385,-0.622876254180602,-0.35397993311036785,-0.1868227424749164,-0.3222519509476031,-0.05337792642140469,-0.07384615384615385,-0.40173913043478265,-0.4249163879598663,-0.19244147157190636,-0.23949832775919733,-0.20738015607580826,-0.5588294314381271,-0.020602006688963212,-0.22404682274247492,-0.5948829431438127,-0.23224080267558528,-0.301304347826087,-0.6154849498327759,-0.10043478260869566,-0.00011148272017837234,-0.12103678929765888,-0.26595317725752504,-0.5298773690078038,-0.4223411371237458,-0.4068896321070234,-0.12820512820512822,-0.14256410256410257,-0.17984392419175027,-0.2935785953177258,-0.0028205128205128207,-0.6489632107023412,-0.4918729096989967,-0.2311259754738016,-0.10597547380156076,-0.07915273132664437,-0.0008138238573021182,-0.2041025641025641,-0.5639799331103679,-0.4163433667781494,-0.018026755852842812,-0.27672240802675585,-0.15513935340022297,-0.7133444816053512,-0.3888628762541806,-0.5279264214046823,-0.692742474916388,-0.4628316610925307,-0.0009810479375696767,-0.09230769230769231,-0.3395540691192865,-0.5459531772575251,-0.043255295429208473,-0.10558528428093646,-0.001906354515050167,-0.3848829431438127,-0.1854180602006689,-0.07210702341137125,-0.2833221850613155,-0.47127090301003344,-0.551505016722408,-0.41016722408026757,-0.6463879598662208,-0.3820735785953177,-0.050568561872909694,-0.5820066889632107,-0.08390189520624304,-0.0019509476031215162,-0.3049498327759197,-0.0024749163879598662,-0.0028762541806020064,-0.02666666666666667,-0.21450390189520624,-0.0013489409141583053,-0.02358974358974359,-0.21374581939799334,-0.0017725752508361205,-0.11377926421404683,-0.05333333333333334,-0.25025641025641027,-0.0029654403567447047,-0.011237458193979933,-0.0014492753623188406,-0.4649944258639911,-0.5412709030100334,-0.03794871794871795,-0.06920847268673357,-0.4607357859531772,-0.17888517279821628,-0.10923076923076924,-0.07384615384615385,-0.03538461538461539,-0.5342028985507247,-0.0010702341137123746,-0.12361204013377927,-0.21767001114827203,-0.08627647714604236,-0.0010256410256410256,-0.28811594202898555,-0.007123745819397993,-0.0005128205128205128,-0.07725752508361206
