date,000001.SZ,000002.SZ,000063.SZ,000069.SZ,000100.SZ,000157.SZ,000166.SZ,000301.SZ,000333.SZ,000338.SZ,000408.SZ,000425.SZ,000538.SZ,000568.SZ,000596.SZ,000617.SZ,000625.SZ,000651.SZ,000661.SZ,000708.SZ,000725.SZ,000733.SZ,000768.SZ,000776.SZ,000786.SZ,000792.SZ,000800.SZ,000858.SZ,000876.SZ,000877.SZ,000895.SZ,000938.SZ,000963.SZ,000977.SZ,000983.SZ,000999.SZ,001289.SZ,001979.SZ,002001.SZ,002007.SZ,002027.SZ,002049.SZ,002050.SZ,002074.SZ,002129.SZ,002142.SZ,002179.SZ,002180.SZ,002202.SZ,002230.SZ,002236.SZ,002241.SZ,002252.SZ,002271.SZ,002304.SZ,002311.SZ,002352.SZ,002371.SZ,002410.SZ,002415.SZ,002459.SZ,002460.SZ,002466.SZ,002475.SZ,002493.SZ,002555.SZ,002594.SZ,002601.SZ,002603.SZ,002648.SZ,002709.SZ,002714.SZ,002736.SZ,002812.SZ,002821.SZ,002841.SZ,002916.SZ,002920.SZ,002938.SZ,003816.SZ,300014.SZ,300015.SZ,300033.SZ,300059.SZ,300122.SZ,300124.SZ,300142.SZ,300223.SZ,300274.SZ,300308.SZ,300316.SZ,300347.SZ,300408.SZ,300413.SZ,300433.SZ,300450.SZ,300454.SZ,300496.SZ,300498.SZ,300628.SZ,300661.SZ,300750.SZ,300751.SZ,300759.SZ,300760.SZ,300763.SZ,300782.SZ,300896.SZ,300919.SZ,300957.SZ,300979.SZ,300999.SZ,301269.SZ,600000.SH,600009.SH,600010.SH,600011.SH,600015.SH,600016.SH,600018.SH,600019.SH,600023.SH,600025.SH,600028.SH,600029.SH,600030.SH,600031.SH,600036.SH,600039.SH,600048.SH,600050.SH,600061.SH,600085.SH,600089.SH,600104.SH,600111.SH,600115.SH,600132.SH,600150.SH,600176.SH,600183.SH,600188.SH,600196.SH,600219.SH,600233.SH,600276.SH,600309.SH,600332.SH,600346.SH,600362.SH,600372.SH,600406.SH,600426.SH,600436.SH,600438.SH,600460.SH,600489.SH,600515.SH,600519.SH,600547.SH,600570.SH,600584.SH,600585.SH,600588.SH,600600.SH,600606.SH,600660.SH,600674.SH,600690.SH,600732.SH,600741.SH,600745.SH,600754.SH,600760.SH,600795.SH,600803.SH,600809.SH,600837.SH,600845.SH,600875.SH,600886.SH,600887.SH,600893.SH,600900.SH,600905.SH,600918.SH,600919.SH,600926.SH,600938.SH,600941.SH,600958.SH,600989.SH,600999.SH,601006.SH,601009.SH,601012.SH,601021.SH,601059.SH,601066.SH,601088.SH,601100.SH,601111.SH,601117.SH,601138.SH,601155.SH,601166.SH,601169.SH,601186.SH,601211.SH,601225.SH,601229.SH,601236.SH,601238.SH,601288.SH,601318.SH,601319.SH,601328.SH,601336.SH,601360.SH,601377.SH,601390.SH,601398.SH,601600.SH,601601.SH,601607.SH,601615.SH,601618.SH,601628.SH,601633.SH,601658.SH,601668.SH,601669.SH,601688.SH,601689.SH,601698.SH,601699.SH,601728.SH,601766.SH,601788.SH,601799.SH,601800.SH,601808.SH,601816.SH,601818.SH,601838.SH,601857.SH,601865.SH,601868.SH,601872.SH,601877.SH,601878.SH,601881.SH,601888.SH,601898.SH,601899.SH,601901.SH,601916.SH,601919.SH,601939.SH,601985.SH,601988.SH,601989.SH,601995.SH,601998.SH,603019.SH,603195.SH,603259.SH,603260.SH,603288.SH,603290.SH,603369.SH,603392.SH,603486.SH,603501.SH,603659.SH,603799.SH,603806.SH,603833.SH,603899.SH,603986.SH,603993.SH,605117.SH,605499.SH,688008.SH,688012.SH,688036.SH,688041.SH,688065.SH,688111.SH,688126.SH,688187.SH,688223.SH,688256.SH,688271.SH,688303.SH,688363.SH,688396.SH,688561.SH,688599.SH,688981.SH
2024-01-02,,,,,,,,,,,,,,,,,,,,,,,,,,,,,,,,,,,,,,,,,,,,,,,,,,,,,,,,,,,,,,,,,,,,,,,,,,,,,,,,,,,,,,,,,,,,,,,,,,,,,,,,,,,,,,,,,,-0.020000000000000462,,,,,,,,,,,,,,,,,,,,,,,,,,,,,,,,,,,,,,,,,,,,,,,,,,,,,,,,,,,,,,,,,,,,,,,,,,,,,,,,,,,,,,,,,,,,,,,,,,,,,,,,,,,,,,,,,,,,,,,,,,,,,,,,,,,,,,,,,,,,,,,,,,,,,,,,,,,,,,,,,,,,,,,,,,,,,,,,,,,,,,,,,,
2024-01-03,,,,,,,,,,,,,,,,,,,,,,,,,,,,,,,,,,,,,,,,,,,,,,,,,,,,,,,,,,,,,,,,,,,,,,,,,,,,,,,,,,,,,,,,,,,,,,,,,,,,,,,,,,,,,,,,,,0.040000000000000036,,,,,,,,,,,,,,,,,,,,,,,,,,,,,,,,,,,,,,,,,,,,,,,,,,,,,,,,,,,,,,,,,,,,,,,,,,,,,,,,,,,,,,,,,,,,,,,,,,,,,,,,,,,,,,,,,,,,,,,,,,,,,,,,,,,,,,,,,,,,,,,,,,,,,,,,,,,,,,,,,,,,,,,,,,,,,,,,,,,,,,,,,,
2024-01-04,,,,,,,,,,,,,,,,,,,,,,,,,,,,,,,,,,,,,,,,,,,,,,,,,,,,,,,,,,,,,,,,,,,,,,,,,,,,,,,,,,,,,,,,,,,,,,,,,,,,,,,,,,,,,,,,,,0.019999999999999574,,,,,,,,,,,,,,,,,,,,,,,,,,,,,,,,,,,,,,,,,,,,,,,,,,,,,,,,,,,,,,,,,,,,,,,,,,,,,,,,,,,,,,,,,,,,,,,,,,,,,,,,,,,,,,,,,,,,,,,,,,,,,,,,,,,,,,,,,,,,,,,,,,,,,,,,,,,,,,,,,,,,,,,,,,,,,,,,,,,,,,,,,,
2024-01-05,,,,,,,,,,,,,,,,,,,,,,,,,,,,,,,,,,,,,,,,,,,,,,,,,,,,,,,,,,,,,,,,,,,,,,,,,,,,,,,,,,,,,,,,,,,,,,,,,,,,,,,,,,,,,,,,,,-0.05999999999999961,,,,,,,,,,,,,,,,,,,,,,,,,,,,,,,,,,,,,,,,,,,,,,,,,,,,,,,,,,,,,,,,,,,,,,,,,,,,,,,,,,,,,,,,,,,,,,,,,,,,,,,,,,,,,,,,,,,,,,,,,,,,,,,,,,,,,,,,,,,,,,,,,,,,,,,,,,,,,,,,,,,,,,,,,,,,,,,,,,,,,,,,,,
2024-01-08,,,,,,,,,,,,,,,,,,,,,,,,,,,,,,,,,,,,,,,,,,,,,,,,,,,,,,,,,,,,,,,,,,,,,,,,,,,,,,,,,,,,,,,,,,,,,,,,,,,,,,,,,,,,,,,,,,-0.08999999999999986,,,,,,,,,,,,,,,,,,,,,,,,,,,,,,,,,,,,,,,,,,,,,,,,,,,,,,,,,,,,,,,,,,,,,,,,,,,,,,,,,,,,,,,,,,,,,,,,,,,,,,,,,,,,,,,,,,,,,,,,,,,,,,,,,,,,,,,,,,,,,,,,,,,,,,,,,,,,,,,,,,,,,,,,,,,,,,,,,,,,,,,,,,
2024-01-09,,,,,,,,,,,,,,,,,,,,,,,,,,,,,,,,,,,,,,,,,,,,,,,,,,,,,,,,,,,,,,,,,,,,,,,,,,,,,,,,,,,,,,,,,,,,,,,,,,,,,,,,,,,,,,,,,,0.020000000000000462,,,,,,,,,,,,,,,,,,,,,,,,,,,,,,,,,,,,,,,,,,,,,,,,,,,,,,,,,,,,,,,,,,,,,,,,,,,,,,,,,,,,,,,,,,,,,,,,,,,,,,,,,,,,,,,,,,,,,,,,,,,,,,,,,,,,,,,,,,,,,,,,,,,,,,,,,,,,,,,,,,,,,,,,,,,,,,,,,,,,,,,,,,
2024-01-10,,,,,,,,,,,,,,,,,,,,,,,,,,,,,,,,,,,,,,,,,,,,,,,,,,,,,,,,,,,,,,,,,,,,,,,,,,,,,,,,,,,,,,,,,,,,,,,,,,,,,,,,,,,,,,,,,,-0.040000000000000036,,,,,,,,,,,,,,,,,,,,,,,,,,,,,,,,,,,,,,,,,,,,,,,,,,,,,,,,,,,,,,,,,,,,,,,,,,,,,,,,,,,,,,,,,,,,,,,,,,,,,,,,,,,,,,,,,,,,,,,,,,,,,,,,,,,,,,,,,,,,,,,,,,,,,,,,,,,,,,,,,,,,,,,,,,,,,,,,,,,,,,,,,,
2024-01-11,,,,,,,,,,,,,,,,,,,,,,,,,,,,,,,,,,,,,,,,,,,,,,,,,,,,,,,,,,,,,,,,,,,,,,,,,,,,,,,,,,,,,,,,,,,,,,,,,,,,,,,,,,,,,,,,,,0.040000000000000036,,,,,,,,,,,,,,,,,,,,,,,,,,,,,,,,,,,,,,,,,,,,,,,,,,,,,,,,,,,,,,,,,,,,,,,,,,,,,,,,,,,,,,,,,,,,,,,,,,,,,,,,,,,,,,,,,,,,,,,,,,,,,,,,,,,,,,,,,,,,,,,,,,,,,,,,,,,,,,,,,,,,,,,,,,,,,,,,,,,,,,,,,,
2024-01-12,,,,,,,,,,,,,,,,,,,,,,,,,,,,,,,,,,,,,,,,,,,,,,,,,,,,,,,,,,,,,,,,,,,,,,,,,,,,,,,,,,,,,,,,,,,,,,,,,,,,,,,,,,,,,,,,,,-0.03000000000000025,,,,,,,,,,,,,,,,,,,,,,,,,,,,,,,,,,,,,,,,,,,,,,,,,,,,,,,,,,,,,,,,,,,,,,,,,,,,,,,,,,,,,,,,,,,,,,,,,,,,,,,,,,,,,,,,,,,,,,,,,,,,,,,,,,,,,,,,,,,,,,,,,,,,,,,,,,,,,,,,,,,,,,,,,,,,,,,,,,,,,,,,,,
2024-01-15,,,,,,,,,,,,,,,,,,,,,,,,,,,,,,,,,,,,,,,,,,,,,,,,,,,,,,,,,,,,,,,,,,,,,,,,,,,,,,,,,,,,,,,,,,,,,,,,,,,,,,,,,,,,,,,,,,0.009999999999999787,,,,,,,,,,,,,,,,,,,,,,,,,,,,,,,,,,,,,,,,,,,,,,,,,,,,,,,,,,,,,,,,,,,,,,,,,,,,,,,,,,,,,,,,,,,,,,,,,,,,,,,,,,,,,,,,,,,,,,,,,,,,,,,,,,,,,,,,,,,,,,,,,,,,,,,,,,,,,,,,,,,,,,,,,,,,,,,,,,,,,,,,,,
2024-01-16,,,,,,,,,,,,,,,,,,,,,,,,,,,,,,,,,,,,,,,,,,,,,,,,,,,,,,,,,,,,,,,,,,,,,,,,,,,,,,,,,,,,,,,,,,,,,,,,,,,,,,,,,,,,,,,,,,-0.08000000000000007,,,,,,,,,,,,,,,,,,,,,,,,,,,,,,,,,,,,,,,,,,,,,,,,,,,,,,,,,,,,,,,,,,,,,,,,,,,,,,,,,,,,,,,,,,,,,,,,,,,,,,,,,,,,,,,,,,,,,,,,,,,,,,,,,,,,,,,,,,,,,,,,,,,,,,,,,,,,,,,,,,,,,,,,,,,,,,,,,,,,,,,,,,
2024-01-17,,,,,,,,,,,,,,,,,,,,,,,,,,,,,,,,,,,,,,,,,,,,,,,,,,,,,,,,,,,,,,,,,,,,,,,,,,,,,,,,,,,,,,,,,,,,,,,,,,,,,,,,,,,,,,,,,,-0.05999999999999961,,,,,,,,,,,,,,,,,,,,,,,,,,,,,,,,,,,,,,,,,,,,,,,,,,,,,,,,,,,,,,,,,,,,,,,,,,,,,,,,,,,,,,,,,,,,,,,,,,,,,,,,,,,,,,,,,,,,,,,,,,,,,,,,,,,,,,,,,,,,,,,,,,,,,,,,,,,,,,,,,,,,,,,,,,,,,,,,,,,,,,,,,,
2024-01-18,,,,,,,,,,,,,,,,,,,,,,,,,,,,,,,,,,,,,,,,,,,,,,,,,,,,,,,,,,,,,,,,,,,,,,,,,,,,,,,,,,,,,,,,,,,,,,,,,,,,,,,,,,,,,,,,,,-0.02999999999999936,,,,,,,,,,,,,,,,,,,,,,,,,,,,,,,,,,,,,,,,,,,,,,,,,,,,,,,,,,,,,,,,,,,,,,,,,,,,,,,,,,,,,,,,,,,,,,,,,,,,,,,,,,,,,,,,,,,,,,,,,,,,,,,,,,,,,,,,,,,,,,,,,,,,,,,,,,,,,,,,,,,,,,,,,,,,,,,,,,,,,,,,,,
2024-01-19,,,,,,,,,,,,,,,,,,,,,,,,,,,,,,,,,,,,,,,,,,,,,,,,,,,,,,,,,,,,,,,,,,,,,,,,,,,,,,,,,,,,,,,,,,,,,,,,,,,,,,,,,,,,,,,,,,0.03000000000000025,,,,,,,,,,,,,,,,,,,,,,,,,,,,,,,,,,,,,,,,,,,,,,,,,,,,,,,,,,,,,,,,,,,,,,,,,,,,,,,,,,,,,,,,,,,,,,,,,,,,,,,,,,,,,,,,,,,,,,,,,,,,,,,,,,,,,,,,,,,,,,,,,,,,,,,,,,,,,,,,,,,,,,,,,,,,,,,,,,,,,,,,,,
2024-01-22,,,,,,,,,,,,,,,,,,,,,,,,,,,,,,,,,,,,,,,,,,,,,,,,,,,,,,,,,,,,,,,,,,,,,,,,,,,,,,,,,,,,,,,,,,,,,,,,,,,,,,,,,,,,,,,,,,-0.0,,,,,,,,,,,,,,,,,,,,,,,,,,,,,,,,,,,,,,,,,,,,,,,,,,,,,,,,,,,,,,,,,,,,,,,,,,,,,,,,,,,,,,,,,,,,,,,,,,,,,,,,,,,,,,,,,,,,,,,,,,,,,,,,,,,,,,,,,,,,,,,,,,,,,,,,,,,,,,,,,,,,,,,,,,,,,,,,,,,,,,,,,,
2024-01-23,,,,,,,,,,,,,,,,,,,,,,,,,,,,,,,,,,,,,,,,,,,,,,,,,,,,,,,,,,,,,,,,,,,,,,,,,,,,,,,,,,,,,,,,,,,,,,,,,,,,,,,,,,,,,,,,,,0.03000000000000025,,,,,,,,,,,,,,,,,,,,,,,,,,,,,,,,,,,,,,,,,,,,,,,,,,,,,,,,,,,,,,,,,,,,,,,,,,,,,,,,,,,,,,,,,,,,,,,,,,,,,,,,,,,,,,,,,,,,,,,,,,,,,,,,,,,,,,,,,,,,,,,,,,,,,,,,,,,,,,,,,,,,,,,,,,,,,,,,,,,,,,,,,,
2024-01-24,,,,,,,,,,,,,,,,,,,,,,,,,,,,,,,,,,,,,,,,,,,,,,,,,,,,,,,,,,,,,,,,,,,,,,,,,,,,,,,,,,,,,,,,,,,,,,,,,,,,,,,,,,,,,,,,,,-0.08999999999999986,,,,,,,,,,,,,,,,,,,,,,,,,,,,,,,,,,,,,,,,,,,,,,,,,,,,,,,,,,,,,,,,,,,,,,,,,,,,,,,,,,,,,,,,,,,,,,,,,,,,,,,,,,,,,,,,,,,,,,,,,,,,,,,,,,,,,,,,,,,,,,,,,,,,,,,,,,,,,,,,,,,,,,,,,,,,,,,,,,,,,,,,,,
2024-01-25,,,,,,,,,,,,,,,,,,,,,,,,,,,,,,,,,,,,,,,,,,,,,,,,,,,,,,,,,,,,,,,,,,,,,,,,,,,,,,,,,,,,,,,,,,,,,,,,,,,,,,,,,,,,,,,,,,0.05999999999999961,,,,,,,,,,,,,,,,,,,,,,,,,,,,,,,,,,,,,,,,,,,,,,,,,,,,,,,,,,,,,,,,,,,,,,,,,,,,,,,,,,,,,,,,,,,,,,,,,,,,,,,,,,,,,,,,,,,,,,,,,,,,,,,,,,,,,,,,,,,,,,,,,,,,,,,,,,,,,,,,,,,,,,,,,,,,,,,,,,,,,,,,,,
2024-01-26,,,,,,,,,,,,,,,,,,,,,,,,,,,,,,,,,,,,,,,,,,,,,,,,,,,,,,,,,,,,,,,,,,,,,,,,,,,,,,,,,,,,,,,,,,,,,,,,,,,,,,,,,,,,,,,,,,-0.10000000000000053,,,,,,,,,,,,,,,,,,,,,,,,,,,,,,,,,,,,,,,,,,,,,,,,,,,,,,,,,,,,,,,,,,,,,,,,,,,,,,,,,,,,,,,,,,,,,,,,,,,,,,,,,,,,,,,,,,,,,,,,,,,,,,,,,,,,,,,,,,,,,,,,,,,,,,,,,,,,,,,,,,,,,,,,,,,,,,,,,,,,,,,,,,
2024-01-29,,,,,,,,,,,,,,,,,,,,,,,,,,,,,,,,,,,,,,,,,,,,,,,,,,,,,,,,,,,,,,,,,,,,,,,,,,,,,,,,,,,,,,,,,,,,,,,,,,,,,,,,,,,,,,,,,,0.03000000000000025,,,,,,,,,,,,,,,,,,,,,,,,,,,,,,,,,,,,,,,,,,,,,,,,,,,,,,,,,,,,,,,,,,,,,,,,,,,,,,,,,,,,,,,,,,,,,,,,,,,,,,,,,,,,,,,,,,,,,,,,,,,,,,,,,,,,,,,,,,,,,,,,,,,,,,,,,,,,,,,,,,,,,,,,,,,,,,,,,,,,,,,,,,
2024-01-30,,,,,,,,,,,,,,,,,,,,,,,,,,,,,,,,,,,,,,,,,,,,,,,,,,,,,,,,,,,,,,,,,,,,,,,,,,,,,,,,,,,,,,,,,,,,,,,,,,,,,,,,,,,,,,,,,,-0.07000000000000028,,,,,,,,,,,,,,,,,,,,,,,,,,,,,,,,,,,,,,,,,,,,,,,,,,,,,,,,,,,,,,,,,,,,,,,,,,,,,,,,,,,,,,,,,,,,,,,,,,,,,,,,,,,,,,,,,,,,,,,,,,,,,,,,,,,,,,,,,,,,,,,,,,,,,,,,,,,,,,,,,,,,,,,,,,,,,,,,,,,,,,,,,,
2024-01-31,,,,,,,,,,,,,,,,,,,,,,,,,,,,,,,,,,,,,,,,,,,,,,,,,,,,,,,,,,,,,,,,,,,,,,,,,,,,,,,,,,,,,,,,,,,,,,,,,,,,,,,,,,,,,,,,,,-0.0,,,,,,,,,,,,,,,,,,,,,,,,,,,,,,,,,,,,,,,,,,,,,,,,,,,,,,,,,,,,,,,,,,,,,,,,,,,,,,,,,,,,,,,,,,,,,,,,,,,,,,,,,,,,,,,,,,,,,,,,,,,,,,,,,,,,,,,,,,,,,,,,,,,,,,,,,,,,,,,,,,,,,,,,,,,,,,,,,,,,,,,,,,
2024-02-01,,,,,,,,,,,,,,,,,,,,,,,,,,,,,,,,,,,,,,,,,,,,,,,,,,,,,,,,,,,,,,,,,,,,,,,,,,,,,,,,,,,,,,,,,,,,,,,,,,,,,,,,,,,,,,,,,,-0.03000000000000025,,,,,,,,,,,,,,,,,,,,,,,,,,,,,,,,,,,,,,,,,,,,,,,,,,,,,,,,,,,,,,,,,,,,,,,,,,,,,,,,,,,,,,,,,,,,,,,,,,,,,,,,,,,,,,,,,,,,,,,,,,,,,,,,,,,,,,,,,,,,,,,,,,,,,,,,,,,,,,,,,,,,,,,,,,,,,,,,,,,,,,,,,,
2024-02-02,,,,,,,,,,,,,,,,,,,,,,,,,,,,,,,,,,,,,,,,,,,,,,,,,,,,,,,,,,,,,,,,,,,,,,,,,,,,,,,,,,,,,,,,,,,,,,,,,,,,,,,,,,,,,,,,,,-0.040000000000000036,,,,,,,,,,,,,,,,,,,,,,,,,,,,,,,,,,,,,,,,,,,,,,,,,,,,,,,,,,,,,,,,,,,,,,,,,,,,,,,,,,,,,,,,,,,,,,,,,,,,,,,,,,,,,,,,,,,,,,,,,,,,,,,,,,,,,,,,,,,,,,,,,,,,,,,,,,,,,,,,,,,,,,,,,,,,,,,,,,,,,,,,,,
2024-02-05,,,,,,,,,,,,,,,,,,,,,,,,,,,,,,,,,,,,,,,,,,,,,,,,,,,,,,,,,,,,,,,,,,,,,,,,,,,,,,,,,,,,,,,,,,,,,,,,,,,,,,,,,,,,,,,,,,-0.04999999999999982,,,,,,,,,,,,,,,,,,,,,,,,,,,,,,,,,,,,,,,,,,,,,,,,,,,,,,,,,,,,,,,,,,,,,,,,,,,,,,,,,,,,,,,,,,,,,,,,,,,,,,,,,,,,,,,,,,,,,,,,,,,,,,,,,,,,,,,,,,,,,,,,,,,,,,,,,,,,,,,,,,,,,,,,,,,,,,,,,,,,,,,,,,
2024-02-06,,,,,,,,,,,,,,,,,,,,,,,,,,,,,,,,,,,,,,,,,,,,,,,,,,,,,,,,,,,,,,,,,,,,,,,,,,,,,,,,,,,,,,,,,,,,,,,,,,,,,,,,,,,,,,,,,,0.11000000000000032,,,,,,,,,,,,,,,,,,,,,,,,,,,,,,,,,,,,,,,,,,,,,,,,,,,,,,,,,,,,,,,,,,,,,,,,,,,,,,,,,,,,,,,,,,,,,,,,,,,,,,,,,,,,,,,,,,,,,,,,,,,,,,,,,,,,,,,,,,,,,,,,,,,,,,,,,,,,,,,,,,,,,,,,,,,,,,,,,,,,,,,,,,
2024-02-07,,,,,,,,,,,,,,,,,,,,,,,,,,,,,,,,,,,,,,,,,,,,,,,,,,,,,,,,,,,,,,,,,,,,,,,,,,,,,,,,,,,,,,,,,,,,,,,,,,,,,,,,,,,,,,,,,,0.05999999999999961,,,,,,,,,,,,,,,,,,,,,,,,,,,,,,,,,,,,,,,,,,,,,,,,,,,,,,,,,,,,,,,,,,,,,,,,,,,,,,,,,,,,,,,,,,,,,,,,,,,,,,,,,,,,,,,,,,,,,,,,,,,,,,,,,,,,,,,,,,,,,,,,,,,,,,,,,,,,,,,,,,,,,,,,,,,,,,,,,,,,,,,,,,
2024-02-08,,,,,,,,,,,,,,,,,,,,,,,,,,,,,,,,,,,,,,,,,,,,,,,,,,,,,,,,,,,,,,,,,,,,,,,,,,,,,,,,,,,,,,,,,,,,,,,,,,,,,,,,,,,,,,,,,,0.019999999999999574,,,,,,,,,,,,,,,,,,,,,,,,,,,,,,,,,,,,,,,,,,,,,,,,,,,,,,,,,,,,,,,,,,,,,,,,,,,,,,,,,,,,,,,,,,,,,,,,,,,,,,,,,,,,,,,,,,,,,,,,,,,,,,,,,,,,,,,,,,,,,,,,,,,,,,,,,,,,,,,,,,,,,,,,,,,,,,,,,,,,,,,,,,
2024-02-19,,,,,,,,,,,,,,,,,,,,,,,,,,,,,,,,,,,,,,,,,,,,,,,,,,,,,,,,,,,,,,,,,,,,,,,,,,,,,,,,,,,,,,,,,,,,,,,,,,,,,,,,,,,,,,,,,,0.16000000000000014,,,,,,,,,,,,,,,,,,,,,,,,,,,,,,,,,,,,,,,,,,,,,,,,,,,,,,,,,,,,,,,,,,,,,,,,,,,,,,,,,,,,,,,,,,,,,,,,,,,,,,,,,,,,,,,,,,,,,,,,,,,,,,,,,,,,,,,,,,,,,,,,,,,,,,,,,,,,,,,,,,,,,,,,,,,,,,,,,,,,,,,,,,
2024-02-20,,,,,,,,,,,,,,,,,,,,,,,,,,,,,,,,,,,,,,,,,,,,,,,,,,,,,,,,,,,,,,,,,,,,,,,,,,,,,,,,,,,,,,,,,,,,,,,,,,,,,,,,,,,,,,,,,,-0.020000000000000462,,,,,,,,,,,,,,,,,,,,,,,,,,,,,,,,,,,,,,,,,,,,,,,,,,,,,,,,,,,,,,,,,,,,,,,,,,,,,,,,,,,,,,,,,,,,,,,,,,,,,,,,,,,,,,,,,,,,,,,,,,,,,,,,,,,,,,,,,,,,,,,,,,,,,,,,,,,,,,,,,,,,,,,,,,,,,,,,,,,,,,,,,,
2024-02-21,,,,,,,,,,,,,,,,,,,,,,,,,,,,,,,,,,,,,,,,,,,,,,,,,,,,,,,,,,,,,,,,,,,,,,,,,,,,,,,,,,,,,,,,,,,,,,,,,,,,,,,,,,,,,,,,,,-0.14000000000000057,,,,,,,,,,,,,,,,,,,,,,,,,,,,,,,,,,,,,,,,,,,,,,,,,,,,,,,,,,,,,,,,,,,,,,,,,,,,,,,,,,,,,,,,,,,,,,,,,,,,,,,,,,,,,,,,,,,,,,,,,,,,,,,,,,,,,,,,,,,,,,,,,,,,,,,,,,,,,,,,,,,,,,,,,,,,,,,,,,,,,,,,,,
2024-02-22,,,,,,,,,,,,,,,,,,,,,,,,,,,,,,,,,,,,,,,,,,,,,,,,,,,,,,,,,,,,,,,,,,,,,,,,,,,,,,,,,,,,,,,,,,,,,,,,,,,,,,,,,,,,,,,,,,-0.03000000000000025,,,,,,,,,,,,,,,,,,,,,,,,,,,,,,,,,,,,,,,,,,,,,,,,,,,,,,,,,,,,,,,,,,,,,,,,,,,,,,,,,,,,,,,,,,,,,,,,,,,,,,,,,,,,,,,,,,,,,,,,,,,,,,,,,,,,,,,,,,,,,,,,,,,,,,,,,,,,,,,,,,,,,,,,,,,,,,,,,,,,,,,,,,
2024-02-23,,,,,,,,,,,,,,,,,,,,,,,,,,,,,,,,,,,,,,,,,,,,,,,,,,,,,,,,,,,,,,,,,,,,,,,,,,,,,,,,,,,,,,,,,,,,,,,,,,,,,,,,,,,,,,,,,,-0.07000000000000028,,,,,,,,,,,,,,,,,,,,,,,,,,,,,,,,,,,,,,,,,,,,,,,,,,,,,,,,,,,,,,,,,,,,,,,,,,,,,,,,,,,,,,,,,,,,,,,,,,,,,,,,,,,,,,,,,,,,,,,,,,,,,,,,,,,,,,,,,,,,,,,,,,,,,,,,,,,,,,,,,,,,,,,,,,,,,,,,,,,,,,,,,,
2024-02-26,,,,,,,,,,,,,,,,,,,,,,,,,,,,,,,,,,,,,,,,,,,,,,,,,,,,,,,,,,,,,,,,,,,,,,,,,,,,,,,,,,,,,,,,,,,,,,,,,,,,,,,,,,,,,,,,,,0.1800000000000006,,,,,,,,,,,,,,,,,,,,,,,,,,,,,,,,,,,,,,,,,,,,,,,,,,,,,,,,,,,,,,,,,,,,,,,,,,,,,,,,,,,,,,,,,,,,,,,,,,,,,,,,,,,,,,,,,,,,,,,,,,,,,,,,,,,,,,,,,,,,,,,,,,,,,,,,,,,,,,,,,,,,,,,,,,,,,,,,,,,,,,,,,,
2024-02-27,,,,,,,,,,,,,,,,,,,,,,,,,,,,,,,,,,,,,,,,,,,,,,,,,,,,,,,,,,,,,,,,,,,,,,,,,,,,,,,,,,,,,,,,,,,,,,,,,,,,,,,,,,,,,,,,,,0.040000000000000036,,,,,,,,,,,,,,,,,,,,,,,,,,,,,,,,,,,,,,,,,,,,,,,,,,,,,,,,,,,,,,,,,,,,,,,,,,,,,,,,,,,,,,,,,,,,,,,,,,,,,,,,,,,,,,,,,,,,,,,,,,,,,,,,,,,,,,,,,,,,,,,,,,,,,,,,,,,,,,,,,,,,,,,,,,,,,,,,,,,,,,,,,,
2024-02-28,,,,,,,,,,,,,,,,,,,,,,,,,,,,,,,,,,,,,,,,,,,,,,,,,,,,,,,,,,,,,,,,,,,,,,,,,,,,,,,,,,,,,,,,,,,,,,,,,,,,,,,,,,,,,,,,,,0.040000000000000036,,,,,,,,,,,,,,,,,,,,,,,,,,,,,,,,,,,,,,,,,,,,,,,,,,,,,,,,,,,,,,,,,,,,,,,,,,,,,,,,,,,,,,,,,,,,,,,,,,,,,,,,,,,,,,,,,,,,,,,,,,,,,,,,,,,,,,,,,,,,,,,,,,,,,,,,,,,,,,,,,,,,,,,,,,,,,,,,,,,,,,,,,,
2024-02-29,,,,,,,,,,,,,,,,,,,,,,,,,,,,,,,,,,,,,,,,,,,,,,,,,,,,,,,,,,,,,,,,,,,,,,,,,,,,,,,,,,,,,,,,,,,,,,,,,,,,,,,,,,,,,,,,,,0.05000000000000071,,,,,,,,,,,,,,,,,,,,,,,,,,,,,,,,,,,,,,,,,,,,,,,,,,,,,,,,,,,,,,,,,,,,,,,,,,,,,,,,,,,,,,,,,,,,,,,,,,,,,,,,,,,,,,,,,,,,,,,,,,,,,,,,,,,,,,,,,,,,,,,,,,,,,,,,,,,,,,,,,,,,,,,,,,,,,,,,,,,,,,,,,,
2024-03-01,,,,,,,,,,,,,,,,,,,,,,,,,,,,,,,,,,,,,,,,,,,,,,,,,,,,,,,,,,,,,,,,,,,,,,,,,,,,,,,,,,,,,,,,,,,,,,,,,,,,,,,,,,,,,,,,,,-0.040000000000000036,,,,,,,,,,,,,,,,,,,,,,,,,,,,,,,,,,,,,,,,,,,,,,,,,,,,,,,,,,,,,,,,,,,,,,,,,,,,,,,,,,,,,,,,,,,,,,,,,,,,,,,,,,,,,,,,,,,,,,,,,,,,,,,,,,,,,,,,,,,,,,,,,,,,,,,,,,,,,,,,,,,,,,,,,,,,,,,,,,,,,,,,,,
2024-03-04,,,,,,,,,,,,,,,,,,,,,,,,,,,,,,,,,,,,,,,,,,,,,,,,,,,,,,,,,,,,,,,,,,,,,,,,,,,,,,,,,,,,,,,,,,,,,,,,,,,,,,,,,,,,,,,,,,-0.040000000000000036,,,,,,,,,,,,,,,,,,,,,,,,,,,,,,,,,,,,,,,,,,,,,,,,,,,,,,,,,,,,,,,,,,,,,,,,,,,,,,,,,,,,,,,,,,,,,,,,,,,,,,,,,,,,,,,,,,,,,,,,,,,,,,,,,,,,,,,,,,,,,,,,,,,,,,,,,,,,,,,,,,,,,,,,,,,,,,,,,,,,,,,,,,
2024-03-05,,,,,,,,,,,,,,,,,,,,,,,,,,,,,,,,,,,,,,,,,,,,,,,,,,,,,,,,,,,,,,,,,,,,,,,,,,,,,,,,,,,,,,,,,,,,,,,,,,,,,,,,,,,,,,,,,,-0.08999999999999986,,,,,,,,,,,,,,,,,,,,,,,,,,,,,,,,,,,,,,,,,,,,,,,,,,,,,,,,,,,,,,,,,,,,,,,,,,,,,,,,,,,,,,,,,,,,,,,,,,,,,,,,,,,,,,,,,,,,,,,,,,,,,,,,,,,,,,,,,,,,,,,,,,,,,,,,,,,,,,,,,,,,,,,,,,,,,,,,,,,,,,,,,,
2024-03-06,,,,,,,,,,,,,,,,,,,,,,,,,,,,,,,,,,,,,,,,,,,,,,,,,,,,,,,,,,,,,,,,,,,,,,,,,,,,,,,,,,,,,,,,,,,,,,,,,,,,,,,,,,,,,,,,,,-0.040000000000000036,,,,,,,,,,,,,,,,,,,,,,,,,,,,,,,,,,,,,,,,,,,,,,,,,,,,,,,,,,,,,,,,,,,,,,,,,,,,,,,,,,,,,,,,,,,,,,,,,,,,,,,,,,,,,,,,,,,,,,,,,,,,,,,,,,,,,,,,,,,,,,,,,,,,,,,,,,,,,,,,,,,,,,,,,,,,,,,,,,,,,,,,,,
2024-03-07,,,,,,,,,,,,,,,,,,,,,,,,,,,,,,,,,,,,,,,,,,,,,,,,,,,,,,,,,,,,,,,,,,,,,,,,,,,,,,,,,,,,,,,,,,,,,,,,,,,,,,,,,,,,,,,,,,0.019999999999999574,,,,,,,,,,,,,,,,,,,,,,,,,,,,,,,,,,,,,,,,,,,,,,,,,,,,,,,,,,,,,,,,,,,,,,,,,,,,,,,,,,,,,,,,,,,,,,,,,,,,,,,,,,,,,,,,,,,,,,,,,,,,,,,,,,,,,,,,,,,,,,,,,,,,,,,,,,,,,,,,,,,,,,,,,,,,,,,,,,,,,,,,,,
2024-03-08,,,,,,,,,,,,,,,,,,,,,,,,,,,,,,,,,,,,,,,,,,,,,,,,,,,,,,,,,,,,,,,,,,,,,,,,,,,,,,,,,,,,,,,,,,,,,,,,,,,,,,,,,,,,,,,,,,-0.019999999999999574,,,,,,,,,,,,,,,,,,,,,,,,,,,,,,,,,,,,,,,,,,,,,,,,,,,,,,,,,,,,,,,,,,,,,,,,,,,,,,,,,,,,,,,,,,,,,,,,,,,,,,,,,,,,,,,,,,,,,,,,,,,,,,,,,,,,,,,,,,,,,,,,,,,,,,,,,,,,,,,,,,,,,,,,,,,,,,,,,,,,,,,,,,
2024-03-11,,,,,,,,,,,,,,,,,,,,,,,,,,,,,,,,,,,,,,,,,,,,,,,,,,,,,,,,,,,,,,,,,,,,,,,,,,,,,,,,,,,,,,,,,,,,,,,,,,,,,,,,,,,,,,,,,,0.009999999999999787,,,,,,,,,,,,,,,,,,,,,,,,,,,,,,,,,,,,,,,,,,,,,,,,,,,,,,,,,,,,,,,,,,,,,,,,,,,,,,,,,,,,,,,,,,,,,,,,,,,,,,,,,,,,,,,,,,,,,,,,,,,,,,,,,,,,,,,,,,,,,,,,,,,,,,,,,,,,,,,,,,,,,,,,,,,,,,,,,,,,,,,,,,
2024-03-12,,,,,,,,,,,,,,,,,,,,,,,,,,,,,,,,,,,,,,,,,,,,,,,,,,,,,,,,,,,,,,,,,,,,,,,,,,,,,,,,,,,,,,,,,,,,,,,,,,,,,,,,,,,,,,,,,,0.010000000000000675,,,,,,,,,,,,,,,,,,,,,,,,,,,,,,,,,,,,,,,,,,,,,,,,,,,,,,,,,,,,,,,,,,,,,,,,,,,,,,,,,,,,,,,,,,,,,,,,,,,,,,,,,,,,,,,,,,,,,,,,,,,,,,,,,,,,,,,,,,,,,,,,,,,,,,,,,,,,,,,,,,,,,,,,,,,,,,,,,,,,,,,,,,
2024-03-13,,,,,,,,,,,,,,,,,,,,,,,,,,,,,,,,,,,,,,,,,,,,,,,,,,,,,,,,,,,,,,,,,,,,,,,,,,,,,,,,,,,,,,,,,,,,,,,,,,,,,,,,,,,,,,,,,,-0.05999999999999961,,,,,,,,,,,,,,,,,,,,,,,,,,,,,,,,,,,,,,,,,,,,,,,,,,,,,,,,,,,,,,,,,,,,,,,,,,,,,,,,,,,,,,,,,,,,,,,,,,,,,,,,,,,,,,,,,,,,,,,,,,,,,,,,,,,,,,,,,,,,,,,,,,,,,,,,,,,,,,,,,,,,,,,,,,,,,,,,,,,,,,,,,,
2024-03-14,,,,,,,,,,,,,,,,,,,,,,,,,,,,,,,,,,,,,,,,,,,,,,,,,,,,,,,,,,,,,,,,,,,,,,,,,,,,,,,,,,,,,,,,,,,,,,,,,,,,,,,,,,,,,,,,,,0.0,,,,,,,,,,,,,,,,,,,,,,,,,,,,,,,,,,,,,,,,,,,,,,,,,,,,,,,,,,,,,,,,,,,,,,,,,,,,,,,,,,,,,,,,,,,,,,,,,,,,,,,,,,,,,,,,,,,,,,,,,,,,,,,,,,,,,,,,,,,,,,,,,,,,,,,,,,,,,,,,,,,,,,,,,,,,,,,,,,,,,,,,,,
2024-03-15,,,,,,,,,,,,,,,,,,,,,,,,,,,,,,,,,,,,,,,,,,,,,,,,,,,,,,,,,,,,,,,,,,,,,,,,,,,,,,,,,,,,,,,,,,,,,,,,,,,,,,,,,,,,,,,,,,-0.04999999999999982,,,,,,,,,,,,,,,,,,,,,,,,,,,,,,,,,,,,,,,,,,,,,,,,,,,,,,,,,,,,,,,,,,,,,,,,,,,,,,,,,,,,,,,,,,,,,,,,,,,,,,,,,,,,,,,,,,,,,,,,,,,,,,,,,,,,,,,,,,,,,,,,,,,,,,,,,,,,,,,,,,,,,,,,,,,,,,,,,,,,,,,,,,
2024-03-18,,,,,,,,,,,,,,,,,,,,,,,,,,,,,,,,,,,,,,,,,,,,,,,,,,,,,,,,,,,,,,,,,,,,,,,,,,,,,,,,,,,,,,,,,,,,,,,,,,,,,,,,,,,,,,,,,,0.0,,,,,,,,,,,,,,,,,,,,,,,,,,,,,,,,,,,,,,,,,,,,,,,,,,,,,,,,,,,,,,,,,,,,,,,,,,,,,,,,,,,,,,,,,,,,,,,,,,,,,,,,,,,,,,,,,,,,,,,,,,,,,,,,,,,,,,,,,,,,,,,,,,,,,,,,,,,,,,,,,,,,,,,,,,,,,,,,,,,,,,,,,,
2024-03-19,,,,,,,,,,,,,,,,,,,,,,,,,,,,,,,,,,,,,,,,,,,,,,,,,,,,,,,,,,,,,,,,,,,,,,,,,,,,,,,,,,,,,,,,,,,,,,,,,,,,,,,,,,,,,,,,,,-0.08000000000000007,,,,,,,,,,,,,,,,,,,,,,,,,,,,,,,,,,,,,,,,,,,,,,,,,,,,,,,,,,,,,,,,,,,,,,,,,,,,,,,,,,,,,,,,,,,,,,,,,,,,,,,,,,,,,,,,,,,,,,,,,,,,,,,,,,,,,,,,,,,,,,,,,,,,,,,,,,,,,,,,,,,,,,,,,,,,,,,,,,,,,,,,,,
2024-03-20,,,,,,,,,,,,,,,,,,,,,,,,,,,,,,,,,,,,,,,,,,,,,,,,,,,,,,,,,,,,,,,,,,,,,,,,,,,,,,,,,,,,,,,,,,,,,,,,,,,,,,,,,,,,,,,,,,0.020000000000000462,,,,,,,,,,,,,,,,,,,,,,,,,,,,,,,,,,,,,,,,,,,,,,,,,,,,,,,,,,,,,,,,,,,,,,,,,,,,,,,,,,,,,,,,,,,,,,,,,,,,,,,,,,,,,,,,,,,,,,,,,,,,,,,,,,,,,,,,,,,,,,,,,,,,,,,,,,,,,,,,,,,,,,,,,,,,,,,,,,,,,,,,,,
2024-03-21,,,,,,,,,,,,,,,,,,,,,,,,,,,,,,,,,,,,,,,,,,,,,,,,,,,,,,,,,,,,,,,,,,,,,,,,,,,,,,,,,,,,,,,,,,,,,,,,,,,,,,,,,,,,,,,,,,-0.0699999999999994,,,,,,,,,,,,,,,,,,,,,,,,,,,,,,,,,,,,,,,,,,,,,,,,,,,,,,,,,,,,,,,,,,,,,,,,,,,,,,,,,,,,,,,,,,,,,,,,,,,,,,,,,,,,,,,,,,,,,,,,,,,,,,,,,,,,,,,,,,,,,,,,,,,,,,,,,,,,,,,,,,,,,,,,,,,,,,,,,,,,,,,,,,
2024-03-22,,,,,,,,,,,,,,,,,,,,,,,,,,,,,,,,,,,,,,,,,,,,,,,,,,,,,,,,,,,,,,,,,,,,,,,,,,,,,,,,,,,,,,,,,,,,,,,,,,,,,,,,,,,,,,,,,,-0.05999999999999961,,,,,,,,,,,,,,,,,,,,,,,,,,,,,,,,,,,,,,,,,,,,,,,,,,,,,,,,,,,,,,,,,,,,,,,,,,,,,,,,,,,,,,,,,,,,,,,,,,,,,,,,,,,,,,,,,,,,,,,,,,,,,,,,,,,,,,,,,,,,,,,,,,,,,,,,,,,,,,,,,,,,,,,,,,,,,,,,,,,,,,,,,,
2024-03-25,,,,,,,,,,,,,,,,,,,,,,,,,,,,,,,,,,,,,,,,,,,,,,,,,,,,,,,,,,,,,,,,,,,,,,,,,,,,,,,,,,,,,,,,,,,,,,,,,,,,,,,,,,,,,,,,,,0.019999999999999574,,,,,,,,,,,,,,,,,,,,,,,,,,,,,,,,,,,,,,,,,,,,,,,,,,,,,,,,,,,,,,,,,,,,,,,,,,,,,,,,,,,,,,,,,,,,,,,,,,,,,,,,,,,,,,,,,,,,,,,,,,,,,,,,,,,,,,,,,,,,,,,,,,,,,,,,,,,,,,,,,,,,,,,,,,,,,,,,,,,,,,,,,,
2024-03-26,,,,,,,,,,,,,,,,,,,,,,,,,,,,,,,,,,,,,,,,,,,,,,,,,,,,,,,,,,,,,,,,,,,,,,,,,,,,,,,,,,,,,,,,,,,,,,,,,,,,,,,,,,,,,,,,,,-0.09000000000000075,,,,,,,,,,,,,,,,,,,,,,,,,,,,,,,,,,,,,,,,,,,,,,,,,,,,,,,,,,,,,,,,,,,,,,,,,,,,,,,,,,,,,,,,,,,,,,,,,,,,,,,,,,,,,,,,,,,,,,,,,,,,,,,,,,,,,,,,,,,,,,,,,,,,,,,,,,,,,,,,,,,,,,,,,,,,,,,,,,,,,,,,,,
2024-03-27,,,,,,,,,,,,,,,,,,,,,,,,,,,,,,,,,,,,,,,,,,,,,,,,,,,,,,,,,,,,,,,,,,,,,,,,,,,,,,,,,,,,,,,,,,,,,,,,,,,,,,,,,,,,,,,,,,-0.019999999999999574,,,,,,,,,,,,,,,,,,,,,,,,,,,,,,,,,,,,,,,,,,,,,,,,,,,,,,,,,,,,,,,,,,,,,,,,,,,,,,,,,,,,,,,,,,,,,,,,,,,,,,,,,,,,,,,,,,,,,,,,,,,,,,,,,,,,,,,,,,,,,,,,,,,,,,,,,,,,,,,,,,,,,,,,,,,,,,,,,,,,,,,,,,
2024-03-28,,,,,,,,,,,,,,,,,,,,,,,,,,,,,,,,,,,,,,,,,,,,,,,,,,,,,,,,,,,,,,,,,,,,,,,,,,,,,,,,,,,,,,,,,,,,,,,,,,,,,,,,,,,,,,,,,,0.0,,,,,,,,,,,,,,,,,,,,,,,,,,,,,,,,,,,,,,,,,,,,,,,,,,,,,,,,,,,,,,,,,,,,,,,,,,,,,,,,,,,,,,,,,,,,,,,,,,,,,,,,,,,,,,,,,,,,,,,,,,,,,,,,,,,,,,,,,,,,,,,,,,,,,,,,,,,,,,,,,,,,,,,,,,,,,,,,,,,,,,,,,,
2024-03-29,,,,,,,,,,,,,,,,,,,,,,,,,,,,,,,,,,,,,,,,,,,,,,,,,,,,,,,,,,,,,,,,,,,,,,,,,,,,,,,,,,,,,,,,,,,,,,,,,,,,,,,,,,,,,,,,,,-0.040000000000000036,,,,,,,,,,,,,,,,,,,,,,,,,,,,,,,,,,,,,,,,,,,,,,,,,,,,,,,,,,,,,,,,,,,,,,,,,,,,,,,,,,,,,,,,,,,,,,,,,,,,,,,,,,,,,,,,,,,,,,,,,,,,,,,,,,,,,,,,,,,,,,,,,,,,,,,,,,,,,,,,,,,,,,,,,,,,,,,,,,,,,,,,,,
2024-04-01,,,,,,,,,,,,,,,,,,,,,,,,,,,,,,,,,,,,,,,,,,,,,,,,,,,,,,,,,,,,,,,,,,,,,,,,,,,,,,,,,,,,,,,,,,,,,,,,,,,,,,,,,,,,,,,,,,-0.10000000000000053,,,,,,,,,,,,,,,,,,,,,,,,,,,,,,,,,,,,,,,,,,,,,,,,,,,,,,,,,,,,,,,,,,,,,,,,,,,,,,,,,,,,,,,,,,,,,,,,,,,,,,,,,,,,,,,,,,,,,,,,,,,,,,,,,,,,,,,,,,,,,,,,,,,,,,,,,,,,,,,,,,,,,,,,,,,,,,,,,,,,,,,,,,
2024-04-02,,,,,,,,,,,,,,,,,,,,,,,,,,,,,,,,,,,,,,,,,,,,,,,,,,,,,,,,,,,,,,,,,,,,,,,,,,,,,,,,,,,,,,,,,,,,,,,,,,,,,,,,,,,,,,,,,,0.03999999999999915,,,,,,,,,,,,,,,,,,,,,,,,,,,,,,,,,,,,,,,,,,,,,,,,,,,,,,,,,,,,,,,,,,,,,,,,,,,,,,,,,,,,,,,,,,,,,,,,,,,,,,,,,,,,,,,,,,,,,,,,,,,,,,,,,,,,,,,,,,,,,,,,,,,,,,,,,,,,,,,,,,,,,,,,,,,,,,,,,,,,,,,,,,
2024-04-03,,,,,,,,,,,,,,,,,,,,,,,,,,,,,,,,,,,,,,,,,,,,,,,,,,,,,,,,,,,,,,,,,,,,,,,,,,,,,,,,,,,,,,,,,,,,,,,,,,,,,,,,,,,,,,,,,,-0.03999999999999915,,,,,,,,,,,,,,,,,,,,,,,,,,,,,,,,,,,,,,,,,,,,,,,,,,,,,,,,,,,,,,,,,,,,,,,,,,,,,,,,,,,,,,,,,,,,,,,,,,,,,,,,,,,,,,,,,,,,,,,,,,,,,,,,,,,,,,,,,,,,,,,,,,,,,,,,,,,,,,,,,,,,,,,,,,,,,,,,,,,,,,,,,,
2024-04-08,,,,,,,,,,,,,,,,,,,,,,,,,,,,,,,,,,,,,,,,,,,,,,,,,,,,,,,,,,,,,,,,,,,,,,,,,,,,,,,,,,,,,,,,,,,,,,,,,,,,,,,,,,,,,,,,,,-0.04999999999999982,,,,,,,,,,,,,,,,,,,,,,,,,,,,,,,,,,,,,,,,,,,,,,,,,,,,,,,,,,,,,,,,,,,,,,,,,,,,,,,,,,,,,,,,,,,,,,,,,,,,,,,,,,,,,,,,,,,,,,,,,,,,,,,,,,,,,,,,,,,,,,,,,,,,,,,,,,,,,,,,,,,,,,,,,,,,,,,,,,,,,,,,,,
2024-04-09,,,,,,,,,,,,,,,,,,,,,,,,,,,,,,,,,,,,,,,,,,,,,,,,,,,,,,,,,,,,,,,,,,,,,,,,,,,,,,,,,,,,,,,,,,,,,,,,,,,,,,,,,,,,,,,,,,-0.020000000000000462,,,,,,,,,,,,,,,,,,,,,,,,,,,,,,,,,,,,,,,,,,,,,,,,,,,,,,,,,,,,,,,,,,,,,,,,,,,,,,,,,,,,,,,,,,,,,,,,,,,,,,,,,,,,,,,,,,,,,,,,,,,,,,,,,,,,,,,,,,,,,,,,,,,,,,,,,,,,,,,,,,,,,,,,,,,,,,,,,,,,,,,,,,
2024-04-10,,,,,,,,,,,,,,,,,,,,,,,,,,,,,,,,,,,,,,,,,,,,,,,,,,,,,,,,,,,,,,,,,,,,,,,,,,,,,,,,,,,,,,,,,,,,,,,,,,,,,,,,,,,,,,,,,,-0.009999999999999787,,,,,,,,,,,,,,,,,,,,,,,,,,,,,,,,,,,,,,,,,,,,,,,,,,,,,,,,,,,,,,,,,,,,,,,,,,,,,,,,,,,,,,,,,,,,,,,,,,,,,,,,,,,,,,,,,,,,,,,,,,,,,,,,,,,,,,,,,,,,,,,,,,,,,,,,,,,,,,,,,,,,,,,,,,,,,,,,,,,,,,,,,,
2024-04-11,,,,,,,,,,,,,,,,,,,,,,,,,,,,,,,,,,,,,,,,,,,,,,,,,,,,,,,,,,,,,,,,,,,,,,,,,,,,,,,,,,,,,,,,,,,,,,,,,,,,,,,,,,,,,,,,,,0.02999999999999936,,,,,,,,,,,,,,,,,,,,,,,,,,,,,,,,,,,,,,,,,,,,,,,,,,,,,,,,,,,,,,,,,,,,,,,,,,,,,,,,,,,,,,,,,,,,,,,,,,,,,,,,,,,,,,,,,,,,,,,,,,,,,,,,,,,,,,,,,,,,,,,,,,,,,,,,,,,,,,,,,,,,,,,,,,,,,,,,,,,,,,,,,,
2024-04-12,,,,,,,,,,,,,,,,,,,,,,,,,,,,,,,,,,,,,,,,,,,,,,,,,,,,,,,,,,,,,,,,,,,,,,,,,,,,,,,,,,,,,,,,,,,,,,,,,,,,,,,,,,,,,,,,,,0.11000000000000032,,,,,,,,,,,,,,,,,,,,,,,,,,,,,,,,,,,,,,,,,,,,,,,,,,,,,,,,,,,,,,,,,,,,,,,,,,,,,,,,,,,,,,,,,,,,,,,,,,,,,,,,,,,,,,,,,,,,,,,,,,,,,,,,,,,,,,,,,,,,,,,,,,,,,,,,,,,,,,,,,,,,,,,,,,,,,,,,,,,,,,,,,,
2024-04-15,,,,,,,,,,,,,,,,,,,,,,,,,,,,,,,,,,,,,,,,,,,,,,,,,,,,,,,,,,,,,,,,,,,,,,,,,,,,,,,,,,,,,,,,,,,,,,,,,,,,,,,,,,,,,,,,,,-0.16999999999999993,,,,,,,,,,,,,,,,,,,,,,,,,,,,,,,,,,,,,,,,,,,,,,,,,,,,,,,,,,,,,,,,,,,,,,,,,,,,,,,,,,,,,,,,,,,,,,,,,,,,,,,,,,,,,,,,,,,,,,,,,,,,,,,,,,,,,,,,,,,,,,,,,,,,,,,,,,,,,,,,,,,,,,,,,,,,,,,,,,,,,,,,,,
2024-04-16,,,,,,,,,,,,,,,,,,,,,,,,,,,,,,,,,,,,,,,,,,,,,,,,,,,,,,,,,,,,,,,,,,,,,,,,,,,,,,,,,,,,,,,,,,,,,,,,,,,,,,,,,,,,,,,,,,-0.040000000000000036,,,,,,,,,,,,,,,,,,,,,,,,,,,,,,,,,,,,,,,,,,,,,,,,,,,,,,,,,,,,,,,,,,,,,,,,,,,,,,,,,,,,,,,,,,,,,,,,,,,,,,,,,,,,,,,,,,,,,,,,,,,,,,,,,,,,,,,,,,,,,,,,,,,,,,,,,,,,,,,,,,,,,,,,,,,,,,,,,,,,,,,,,,
2024-04-17,,,,,,,,,,,,,,,,,,,,,,,,,,,,,,,,,,,,,,,,,,,,,,,,,,,,,,,,,,,,,,,,,,,,,,,,,,,,,,,,,,,,,,,,,,,,,,,,,,,,,,,,,,,,,,,,,,-0.08000000000000007,,,,,,,,,,,,,,,,,,,,,,,,,,,,,,,,,,,,,,,,,,,,,,,,,,,,,,,,,,,,,,,,,,,,,,,,,,,,,,,,,,,,,,,,,,,,,,,,,,,,,,,,,,,,,,,,,,,,,,,,,,,,,,,,,,,,,,,,,,,,,,,,,,,,,,,,,,,,,,,,,,,,,,,,,,,,,,,,,,,,,,,,,,
2024-04-18,,,,,,,,,,,,,,,,,,,,,,,,,,,,,,,,,,,,,,,,,,,,,,,,,,,,,,,,,,,,,,,,,,,,,,,,,,,,,,,,,,,,,,,,,,,,,,,,,,,,,,,,,,,,,,,,,,0.009999999999999787,,,,,,,,,,,,,,,,,,,,,,,,,,,,,,,,,,,,,,,,,,,,,,,,,,,,,,,,,,,,,,,,,,,,,,,,,,,,,,,,,,,,,,,,,,,,,,,,,,,,,,,,,,,,,,,,,,,,,,,,,,,,,,,,,,,,,,,,,,,,,,,,,,,,,,,,,,,,,,,,,,,,,,,,,,,,,,,,,,,,,,,,,,
2024-04-19,,,,,,,,,,,,,,,,,,,,,,,,,,,,,,,,,,,,,,,,,,,,,,,,,,,,,,,,,,,,,,,,,,,,,,,,,,,,,,,,,,,,,,,,,,,,,,,,,,,,,,,,,,,,,,,,,,0.009999999999999787,,,,,,,,,,,,,,,,,,,,,,,,,,,,,,,,,,,,,,,,,,,,,,,,,,,,,,,,,,,,,,,,,,,,,,,,,,,,,,,,,,,,,,,,,,,,,,,,,,,,,,,,,,,,,,,,,,,,,,,,,,,,,,,,,,,,,,,,,,,,,,,,,,,,,,,,,,,,,,,,,,,,,,,,,,,,,,,,,,,,,,,,,,
2024-04-22,,,,,,,,,,,,,,,,,,,,,,,,,,,,,,,,,,,,,,,,,,,,,,,,,,,,,,,,,,,,,,,,,,,,,,,,,,,,,,,,,,,,,,,,,,,,,,,,,,,,,,,,,,,,,,,,,,-0.04999999999999982,,,,,,,,,,,,,,,,,,,,,,,,,,,,,,,,,,,,,,,,,,,,,,,,,,,,,,,,,,,,,,,,,,,,,,,,,,,,,,,,,,,,,,,,,,,,,,,,,,,,,,,,,,,,,,,,,,,,,,,,,,,,,,,,,,,,,,,,,,,,,,,,,,,,,,,,,,,,,,,,,,,,,,,,,,,,,,,,,,,,,,,,,,
2024-04-23,,,,,,,,,,,,,,,,,,,,,,,,,,,,,,,,,,,,,,,,,,,,,,,,,,,,,,,,,,,,,,,,,,,,,,,,,,,,,,,,,,,,,,,,,,,,,,,,,,,,,,,,,,,,,,,,,,-0.04999999999999982,,,,,,,,,,,,,,,,,,,,,,,,,,,,,,,,,,,,,,,,,,,,,,,,,,,,,,,,,,,,,,,,,,,,,,,,,,,,,,,,,,,,,,,,,,,,,,,,,,,,,,,,,,,,,,,,,,,,,,,,,,,,,,,,,,,,,,,,,,,,,,,,,,,,,,,,,,,,,,,,,,,,,,,,,,,,,,,,,,,,,,,,,,
2024-04-24,,,,,,,,,,,,,,,,,,,,,,,,,,,,,,,,,,,,,,,,,,,,,,,,,,,,,,,,,,,,,,,,,,,,,,,,,,,,,,,,,,,,,,,,,,,,,,,,,,,,,,,,,,,,,,,,,,0.020000000000000462,,,,,,,,,,,,,,,,,,,,,,,,,,,,,,,,,,,,,,,,,,,,,,,,,,,,,,,,,,,,,,,,,,,,,,,,,,,,,,,,,,,,,,,,,,,,,,,,,,,,,,,,,,,,,,,,,,,,,,,,,,,,,,,,,,,,,,,,,,,,,,,,,,,,,,,,,,,,,,,,,,,,,,,,,,,,,,,,,,,,,,,,,,
2024-04-25,,,,,,,,,,,,,,,,,,,,,,,,,,,,,,,,,,,,,,,,,,,,,,,,,,,,,,,,,,,,,,,,,,,,,,,,,,,,,,,,,,,,,,,,,,,,,,,,,,,,,,,,,,,,,,,,,,0.04999999999999982,,,,,,,,,,,,,,,,,,,,,,,,,,,,,,,,,,,,,,,,,,,,,,,,,,,,,,,,,,,,,,,,,,,,,,,,,,,,,,,,,,,,,,,,,,,,,,,,,,,,,,,,,,,,,,,,,,,,,,,,,,,,,,,,,,,,,,,,,,,,,,,,,,,,,,,,,,,,,,,,,,,,,,,,,,,,,,,,,,,,,,,,,,
2024-04-26,,,,,,,,,,,,,,,,,,,,,,,,,,,,,,,,,,,,,,,,,,,,,,,,,,,,,,,,,,,,,,,,,,,,,,,,,,,,,,,,,,,,,,,,,,,,,,,,,,,,,,,,,,,,,,,,,,-0.009999999999999787,,,,,,,,,,,,,,,,,,,,,,,,,,,,,,,,,,,,,,,,,,,,,,,,,,,,,,,,,,,,,,,,,,,,,,,,,,,,,,,,,,,,,,,,,,,,,,,,,,,,,,,,,,,,,,,,,,,,,,,,,,,,,,,,,,,,,,,,,,,,,,,,,,,,,,,,,,,,,,,,,,,,,,,,,,,,,,,,,,,,,,,,,,
2024-04-29,,,,,,,,,,,,,,,,,,,,,,,,,,,,,,,,,,,,,,,,,,,,,,,,,,,,,,,,,,,,,,,,,,,,,,,,,,,,,,,,,,,,,,,,,,,,,,,,,,,,,,,,,,,,,,,,,,0.0,,,,,,,,,,,,,,,,,,,,,,,,,,,,,,,,,,,,,,,,,,,,,,,,,,,,,,,,,,,,,,,,,,,,,,,,,,,,,,,,,,,,,,,,,,,,,,,,,,,,,,,,,,,,,,,,,,,,,,,,,,,,,,,,,,,,,,,,,,,,,,,,,,,,,,,,,,,,,,,,,,,,,,,,,,,,,,,,,,,,,,,,,,
2024-04-30,,,,,,,,,,,,,,,,,,,,,,,,,,,,,,,,,,,,,,,,,,,,,,,,,,,,,,,,,,,,,,,,,,,,,,,,,,,,,,,,,,,,,,,,,,,,,,,,,,,,,,,,,,,,,,,,,,-0.28000000000000025,,,,,,,,,,,,,,,,,,,,,,,,,,,,,,,,,,,,,,,,,,,,,,,,,,,,,,,,,,,,,,,,,,,,,,,,,,,,,,,,,,,,,,,,,,,,,,,,,,,,,,,,,,,,,,,,,,,,,,,,,,,,,,,,,,,,,,,,,,,,,,,,,,,,,,,,,,,,,,,,,,,,,,,,,,,,,,,,,,,,,,,,,,
2024-05-06,,,,,,,,,,,,,,,,,,,,,,,,,,,,,,,,,,,,,,,,,,,,,,,,,,,,,,,,,,,,,,,,,,,,,,,,,,,,,,,,,,,,,,,,,,,,,,,,,,,,,,,,,,,,,,,,,,0.14999999999999947,,,,,,,,,,,,,,,,,,,,,,,,,,,,,,,,,,,,,,,,,,,,,,,,,,,,,,,,,,,,,,,,,,,,,,,,,,,,,,,,,,,,,,,,,,,,,,,,,,,,,,,,,,,,,,,,,,,,,,,,,,,,,,,,,,,,,,,,,,,,,,,,,,,,,,,,,,,,,,,,,,,,,,,,,,,,,,,,,,,,,,,,,,
2024-05-07,-0.009999999999999787,0.05999999999999961,-0.3299999999999983,0.04999999999999982,0.3700000000000001,-0.08000000000000007,-0.009999999999999787,-0.040000000000000924,0.0899999999999892,0.10000000000000142,-0.08999999999999986,0.009999999999999787,-0.45000000000000284,0.06999999999999318,1.259999999999991,0.009999999999999787,-0.3099999999999987,-0.7399999999999949,0.35999999999999943,0.05999999999999872,-0.08999999999999986,-0.8100000000000023,-1.1699999999999982,-0.030000000000001137,-0.01999999999999602,0.620000000000001,0.08000000000000007,0.9300000000000068,0.08000000000000007,0.009999999999999787,-0.17999999999999972,-0.2699999999999996,0.0,-0.8200000000000003,0.08999999999999986,-0.269999999999996,-0.03999999999999915,0.25,0.10000000000000142,-0.120000000000001,0.009999999999999787,-0.6099999999999994,-0.16999999999999815,0.00999999999999801,0.05000000000000071,-0.14000000000000057,-1.1000000000000014,0.14000000000000057,0.05000000000000071,-0.07000000000000028,-0.03999999999999915,0.05000000000000071,0.019999999999999574,0.2900000000000009,0.030000000000001137,0.4899999999999949,0.1700000000000017,-1.6899999999999977,0.23000000000000043,-0.12999999999999545,0.2699999999999996,0.23000000000000398,0.17999999999999972,-0.129999999999999,0.009999999999999787,-0.010000000000001563,3.579999999999984,-0.0,0.10000000000000142,-0.120000000000001,0.0,-0.9099999999999966,-0.10999999999999943,0.6199999999999974,0.6400000000000006,0.03999999999999915,-0.5799999999999983,-5.86999999999999,-0.9499999999999993,-0.019999999999999574,0.060000000000002274,-0.11999999999999922,-0.519999999999996,-0.07000000000000028,-0.14999999999999858,0.8200000000000003,0.11999999999999922,0.14000000000000057,1.2199999999999989,6.430000000000007,-0.30000000000000426,-0.04999999999999716,0.13000000000000256,0.0,-0.08999999999999986,0.030000000000001137,-1.0799999999999983,-0.21000000000000085,0.0400000000000027,-1.6099999999999994,2.4399999999999977,-0.09999999999999432,-3.430000000000007,-0.09000000000000341,-1.5600000000000023,0.7600000000000051,-1.5700000000000074,-1.2199999999999989,-0.3299999999999983,0.6099999999999994,-1.490000000000009,0.3999999999999986,-0.8700000000000045,-0.02999999999999936,-0.1600000000000037,-0.009999999999999787,-0.20999999999999908,-0.040000000000000036,-0.020000000000000018,0.009999999999999787,-0.10999999999999943,-0.14000000000000057,-0.15000000000000036,0.04999999999999982,-0.0600000000000005,-0.08999999999999986,-0.05999999999999872,-0.010000000000005116,0.03000000000000025,-0.4399999999999995,0.009999999999999787,-0.040000000000000036,0.3299999999999983,0.0,-0.2400000000000002,-0.6199999999999974,0.010000000000000231,-0.28999999999999204,-0.45000000000000284,0.35999999999999943,-0.8399999999999999,0.1999999999999993,0.07000000000000028,-0.06000000000000005,0.23000000000000043,0.07000000000000028,0.01999999999999602,-0.060000000000002274,-0.07000000000000028,-0.28999999999999915,-0.09999999999999964,0.08999999999999986,0.1999999999999993,0.01999999999998181,0.35999999999999943,-0.010000000000001563,0.17999999999999972,0.010000000000000231,9.799999999999955,0.17999999999999972,0.07000000000000028,-0.00999999999999801,-0.00999999999999801,0.05000000000000071,-0.4100000000000108,-0.020000000000000018,0.4399999999999977,-0.259999999999998,-0.4299999999999997,-0.4599999999999991,-0.10999999999999943,0.07000000000000028,-0.3000000000000007,-1.1599999999999966,-0.0699999999999994,0.3200000000000003,1.1200000000000045,-0.02999999999999936,-1.259999999999998,-0.15000000000000213,-0.4399999999999995,-0.4499999999999993,-1.0200000000000031,-0.11999999999999744,-0.040000000000000036,-0.019999999999999574,0.04999999999999982,-0.06999999999999851,0.030000000000001137,0.3200000000000074,-0.019999999999999574,-0.21000000000000085,0.05000000000000071,0.019999999999999574,-0.23000000000000043,0.259999999999998,1.7100000000000009,0.0,0.19000000000000128,0.38000000000000256,-0.19000000000000483,-0.09999999999999964,0.0699999999999994,-0.5599999999999987,-0.9699999999999989,0.0,-0.010000000000000675,-0.009999999999999787,-0.02999999999999936,0.09999999999999787,-0.040000000000000036,-0.009999999999999787,-0.08000000000000007,0.03000000000000025,0.10000000000000142,0.05000000000000071,0.040000000000000036,-0.060000000000002274,-0.6600000000000001,-0.009999999999999787,-0.019999999999999574,0.03000000000000025,-0.2400000000000002,0.25,-0.019999999999999574,0.07000000000000028,-0.029999999999999805,-0.05999999999999872,0.2699999999999996,0.010000000000000675,-0.009999999999999787,-0.05000000000000071,-0.02000000000000135,0.8599999999999994,-0.8800000000000008,0.5300000000000011,0.010000000000000675,-0.07000000000000028,-0.05999999999999872,1.1699999999999875,-0.02999999999999936,-0.16000000000000014,-0.09999999999999964,-0.009999999999999787,-0.06999999999999851,0.10999999999999943,0.5100000000000016,0.020000000000000018,-0.120000000000001,0.21000000000000085,-0.13000000000000078,-0.02999999999999936,-0.5400000000000063,0.22000000000000064,-0.07000000000000028,-0.15000000000000036,-0.020000000000000018,0.05000000000000071,0.04999999999999982,-0.11000000000000121,0.0,-0.05999999999999961,-0.010000000000005116,0.07000000000000028,0.9299999999999997,1.0700000000000074,-0.13000000000000256,-2.230000000000004,0.04999999999999716,8.829999999999984,1.1900000000000048,-1.0100000000000051,-0.8300000000000054,0.9099999999999966,-0.6099999999999994,-0.35999999999999943,0.05999999999999872,1.309999999999988,0.6200000000000045,-2.0900000000000034,0.0,-0.8599999999999994,4.210000000000008,-0.509999999999998,-2.7900000000000205,-2.5500000000000114,2.6599999999999966,0.3100000000000023,16.0,-0.17999999999999972,-0.3999999999999986,0.08000000000000007,-4.319999999999993,-2.5200000000000102,-0.5200000000000031,0.19999999999999574,0.10000000000000142,-0.030000000000001137,0.0400000000000027,0.14999999999999858
2024-05-08,0.15000000000000036,-0.3199999999999994,-0.7800000000000011,-0.06999999999999984,0.0699999999999994,-0.09999999999999964,-0.05999999999999961,-0.17999999999999972,-0.3499999999999943,-0.17999999999999972,-0.5,-0.11000000000000032,-0.0799999999999983,-2.6500000000000057,-2.8999999999999773,-0.1200000000000001,-0.5199999999999996,-0.46999999999999886,-1.4399999999999977,-0.07000000000000028,-0.009999999999999787,-1.5799999999999983,-0.2799999999999976,-0.16000000000000014,0.0,-0.120000000000001,-0.129999999999999,-0.9399999999999977,-0.1800000000000015,-0.05999999999999961,-0.28999999999999915,-0.610000000000003,-0.5500000000000043,-1.1400000000000006,-0.3100000000000005,0.5499999999999972,0.240000000000002,-0.3100000000000005,-0.07000000000000028,0.16999999999999815,0.1299999999999999,1.9299999999999997,-0.5399999999999991,-0.33999999999999986,-0.25,-0.05999999999999872,-0.13000000000000256,-0.11999999999999744,-0.10000000000000053,-1.259999999999998,-0.509999999999998,-0.22000000000000242,-0.10000000000000053,-0.5899999999999999,2.530000000000001,-0.01999999999999602,-0.44000000000000483,-4.2900000000000205,-0.41000000000000014,0.8900000000000006,-0.379999999999999,-0.7700000000000031,-0.759999999999998,1.259999999999998,-0.16999999999999993,0.5899999999999999,-3.6500000000000057,-0.0799999999999983,-0.28000000000000114,0.05999999999999872,-0.6799999999999997,-1.7199999999999989,-0.08000000000000007,-1.2800000000000011,-1.3299999999999983,-0.5100000000000051,-1.460000000000008,-1.8100000000000023,-0.5199999999999996,0.009999999999999787,1.230000000000004,0.3100000000000005,4.090000000000003,-0.21999999999999886,-0.45000000000000284,0.0,-0.02999999999999936,-1.2199999999999989,-2.440000000000012,-1.9899999999999807,0.8599999999999994,1.8400000000000034,-0.6300000000000026,-0.6799999999999997,-0.28999999999999915,0.8200000000000003,-2.1599999999999966,-1.2800000000000011,-0.8999999999999986,0.7000000000000028,-0.0800000000000125,-3.6500000000000057,-0.7900000000000063,0.36999999999999744,6.810000000000002,0.39000000000000057,-1.6899999999999977,5.810000000000002,-0.8300000000000054,-1.2000000000000028,0.7800000000000011,-0.20999999999999375,0.9799999999999898,-0.020000000000000462,-0.12999999999999545,-0.019999999999999796,-0.08000000000000007,0.040000000000000036,-0.020000000000000018,0.0,-0.020000000000000462,-0.08000000000000007,0.08000000000000007,-0.04999999999999982,-0.040000000000000036,0.33999999999999986,-0.21000000000000085,-0.29999999999999716,0.009999999999999787,-0.28999999999999915,-0.03000000000000025,-0.08999999999999986,-0.14999999999999858,-0.08000000000000007,-0.009999999999999787,-0.05999999999999872,-0.040000000000000036,0.20999999999999375,-0.28000000000000114,-0.3200000000000003,-0.46000000000000085,-0.8999999999999986,0.019999999999999574,-0.06000000000000005,-0.35999999999999943,0.8099999999999952,-1.0899999999999892,-0.23999999999999488,-0.0600000000000005,-0.3000000000000007,-0.16999999999999993,-0.28000000000000114,0.8100000000000023,-2.7399999999999807,-0.0799999999999983,-0.33999999999999986,0.08000000000000007,0.08000000000000007,-6.029999999999973,-0.4400000000000013,0.490000000000002,-0.4700000000000024,-0.00999999999999801,-0.23000000000000043,0.09000000000000341,-0.06000000000000005,1.0700000000000003,0.08999999999999986,-0.010000000000001563,-0.2699999999999996,-0.1700000000000017,-0.519999999999996,-0.5999999999999979,-0.030000000000001137,-0.010000000000000675,-0.10999999999999943,-1.420000000000016,-0.10000000000000142,-0.6400000000000006,-0.0799999999999983,-0.07000000000000028,-0.120000000000001,-0.22000000000000597,-0.0400000000000027,-0.009999999999999787,-0.08000000000000007,0.0699999999999994,-0.1399999999999988,0.19000000000000128,-0.09000000000000341,-0.08000000000000007,-0.00999999999999801,-0.120000000000001,-0.03000000000000025,0.0600000000000005,-0.259999999999998,-0.6799999999999997,-0.35999999999999943,-0.4200000000000017,-1.2199999999999989,1.6000000000000014,-0.03000000000000025,0.040000000000000036,-0.9199999999999982,-0.629999999999999,-0.03999999999999915,0.020000000000000462,-0.08000000000000007,-0.11999999999999922,-1.1700000000000017,0.05999999999999961,-0.07000000000000028,-0.049999999999998934,0.04999999999999982,-0.6400000000000006,-0.08000000000000007,-0.09999999999999964,0.8200000000000003,-0.5399999999999991,-0.04999999999999982,-0.07000000000000028,-0.009999999999999787,-0.0600000000000005,-0.6499999999999986,-0.05000000000000071,-0.0600000000000005,-0.040000000000000036,-0.38000000000000256,-0.5999999999999979,-0.020000000000000462,-0.0600000000000005,-0.04999999999999982,-0.14999999999999858,-2.8399999999999963,-0.2699999999999996,-0.9400000000000013,-0.05999999999999961,-0.009999999999999787,-0.23000000000000043,-1.8599999999999852,-0.019999999999999574,-0.030000000000001137,-0.03000000000000025,-0.029999999999999805,-0.21999999999999886,0.010000000000001563,0.9800000000000004,-0.020000000000000018,-0.2900000000000009,-0.05000000000000071,-0.09999999999999964,-0.19000000000000128,2.3599999999999994,-0.22000000000000064,0.0,0.009999999999999787,-0.009999999999999787,-0.14000000000000057,-0.019999999999999574,-0.019999999999999574,0.02999999999999936,0.04999999999999982,-0.5999999999999943,-0.0699999999999994,-0.18999999999999773,-1.5300000000000011,-0.9399999999999977,-0.6099999999999994,-0.6399999999999935,-3.8200000000000216,-1.240000000000002,-1.5799999999999983,-0.6199999999999974,-1.019999999999996,-0.16000000000000014,-0.5199999999999996,-0.509999999999998,-1.3699999999999903,-0.8600000000000065,-2.0400000000000063,0.0,-3.009999999999991,0.28000000000000114,-0.3299999999999983,-3.719999999999999,3.640000000000015,-0.21999999999999886,0.509999999999998,-3.339999999999975,-0.17999999999999972,0.07000000000000028,0.22999999999999954,-0.20000000000001705,-4.430000000000007,-0.4700000000000024,-0.769999999999996,0.8300000000000054,-0.9400000000000013,-0.5,-0.5500000000000043
2024-05-09,0.02999999999999936,-0.09999999999999964,0.4400000000000013,-0.06000000000000005,0.0600000000000005,-0.4800000000000004,0.02999999999999936,-0.09999999999999964,-1.0999999999999943,-0.7300000000000004,-0.39000000000000057,-0.6399999999999997,0.4099999999999966,-0.4099999999999966,-0.39999999999997726,0.040000000000000036,0.07000000000000028,0.4799999999999969,-2.049999999999997,-0.4100000000000019,-0.03000000000000025,-2.1199999999999974,-1.2399999999999984,-0.0600000000000005,-0.29999999999999716,0.05999999999999872,-0.009999999999999787,0.1599999999999966,0.21999999999999886,-0.04999999999999982,-0.129999999999999,-0.5700000000000003,0.4299999999999997,0.3299999999999983,0.03999999999999915,0.01999999999999602,0.1700000000000017,-0.27999999999999936,0.15000000000000213,-0.25,0.11000000000000032,-3.5700000000000003,-0.259999999999998,-0.4700000000000024,-0.6699999999999999,-0.5899999999999999,-1.5200000000000031,-0.0400000000000027,-0.1200000000000001,0.3299999999999983,0.17999999999999972,0.08999999999999986,0.0699999999999994,0.27999999999999936,0.960000000000008,0.07000000000000028,-0.7800000000000011,-1.2199999999999704,-0.370000000000001,0.30999999999999517,-0.6600000000000001,-1.4100000000000037,-1.009999999999998,0.21999999999999886,0.02000000000000135,0.4299999999999997,1.920000000000016,0.0799999999999983,-0.39000000000000057,-0.2700000000000031,-1.1499999999999986,0.12000000000000455,-0.05000000000000071,-1.6400000000000006,-0.7400000000000091,-0.6600000000000037,-0.20000000000000284,4.430000000000007,0.129999999999999,0.020000000000000462,-2.0900000000000034,0.07000000000000028,1.980000000000004,0.11999999999999922,-0.28000000000000114,-0.09000000000000341,-0.2900000000000009,-1.3500000000000085,-2.1300000000000097,1.6200000000000045,-0.8100000000000023,-0.10999999999999943,0.00999999999999801,0.010000000000001563,0.09999999999999964,-0.8000000000000007,0.6099999999999994,0.5200000000000031,0.4400000000000013,-0.6099999999999994,-0.75,-6.170000000000016,-2.4099999999999966,-0.9399999999999977,-1.160000000000025,-2.289999999999999,-2.969999999999999,2.8400000000000034,-2.6400000000000006,-1.3200000000000003,1.1899999999999977,-0.01999999999999602,-3.9399999999999977,-0.0,-0.01999999999999602,-0.010000000000000009,-0.019999999999999574,0.0,-0.010000000000000231,-0.1200000000000001,-0.11000000000000032,-0.020000000000000462,0.06999999999999851,-0.03000000000000025,-0.08000000000000007,0.129999999999999,-0.8000000000000007,-0.2700000000000031,-0.16999999999999993,-0.23000000000000043,-0.0,-0.04999999999999982,-0.0799999999999983,-0.129999999999999,0.019999999999999574,-0.41000000000000014,0.029999999999999805,0.030000000000001137,-1.0399999999999991,-0.14000000000000057,-0.05000000000000071,0.010000000000001563,0.16999999999999815,-0.08000000000000007,-0.46000000000000085,0.4799999999999969,0.5400000000000063,0.04999999999999716,-0.009999999999999787,-0.5100000000000016,-0.2400000000000002,-0.3200000000000003,0.08000000000000185,1.1400000000000148,-0.48999999999999844,-0.4800000000000004,-0.21000000000000085,0.03000000000000025,7.970000000000027,-0.23999999999999844,-0.46000000000000085,0.4700000000000024,0.33000000000000185,0.2400000000000002,0.010000000000005116,-0.040000000000000036,0.12000000000000455,-0.03999999999999915,0.1700000000000017,-0.40000000000000036,0.15000000000000213,-0.8699999999999974,0.14999999999999858,-1.0600000000000023,0.02999999999999936,-0.10999999999999943,-0.3299999999999841,-0.120000000000001,0.020000000000003126,-0.6799999999999997,0.16000000000000014,0.010000000000001563,-1.730000000000004,-0.05000000000000071,0.0,-0.040000000000000036,-0.03999999999999915,0.15000000000000036,0.10999999999999943,0.730000000000004,-0.049999999999998934,0.10999999999999943,-0.0600000000000005,0.05999999999999961,0.0600000000000005,-0.4499999999999993,0.6000000000000014,-0.6500000000000004,-0.120000000000001,-0.29999999999999716,-2.7900000000000063,-0.07000000000000028,-0.29000000000000004,0.240000000000002,-0.02999999999999936,0.0799999999999983,0.009999999999999787,-0.08999999999999986,0.08999999999999986,-0.25,0.03000000000000025,-0.0600000000000005,-0.11999999999999922,0.04999999999999982,0.39000000000000057,0.019999999999999574,-0.040000000000000036,0.3200000000000003,-0.05000000000000071,-0.02999999999999936,-0.07000000000000028,-0.03000000000000025,-0.29000000000000004,0.25,-0.15000000000000213,0.27999999999999936,0.04999999999999982,0.019999999999999574,-0.3299999999999983,-0.020000000000000462,-0.0600000000000005,-0.08000000000000007,-0.08999999999999986,0.4799999999999969,0.18999999999999773,-0.240000000000002,-0.03000000000000025,-0.02999999999999936,0.0799999999999983,3.6100000000000136,-0.07000000000000028,0.21000000000000085,0.020000000000000462,0.009999999999999787,0.21000000000000085,-0.0600000000000005,-1.0300000000000011,-0.020000000000000018,-0.2699999999999996,-0.18999999999999773,-0.129999999999999,0.02000000000000135,1.019999999999996,-0.13000000000000078,-0.26000000000000156,0.019999999999999574,0.020000000000000018,-1.1199999999999992,-0.04999999999999982,-0.040000000000000924,-0.040000000000000036,-0.22000000000000064,-0.509999999999998,-0.02999999999999936,-0.4099999999999966,1.9799999999999898,-0.6599999999999966,0.3399999999999963,0.1600000000000037,3.280000000000001,-0.2700000000000031,-0.3400000000000034,-2.950000000000003,-0.46999999999999886,-0.8999999999999986,-1.5700000000000003,-0.2699999999999996,-1.4699999999999989,0.7000000000000028,0.6000000000000085,-0.20999999999999908,-5.029999999999987,4.8799999999999955,-0.19000000000000483,-1.4300000000000068,1.240000000000009,-0.20000000000000284,-1.3900000000000006,-3.1899999999999977,-0.1899999999999995,-0.9799999999999969,-0.3200000000000003,-17.910000000000025,0.700000000000017,-0.4800000000000004,0.0899999999999963,-2.9100000000000037,-0.22000000000000242,-0.8399999999999999,-1.5600000000000023
2024-05-10,-0.17999999999999972,-0.2599999999999998,0.08000000000000185,-0.04999999999999982,0.0,-0.08999999999999986,-0.05000000000000071,-0.03999999999999915,0.030000000000001137,-0.1700000000000017,0.4499999999999993,0.0,2.960000000000001,3.6200000000000045,-2.5600000000000023,-0.08000000000000007,-0.27000000000000135,-0.5399999999999991,-1.230000000000004,0.2699999999999996,-0.009999999999999787,-0.8999999999999986,-0.14999999999999858,-0.040000000000000924,-0.490000000000002,0.00999999999999801,-0.040000000000000924,-0.4099999999999966,0.05000000000000071,0.0600000000000005,0.1999999999999993,-0.5,-0.3500000000000014,-0.8900000000000006,-0.019999999999999574,0.23999999999999488,-0.1999999999999993,-0.8900000000000006,-0.23000000000000043,-0.2099999999999973,0.009999999999999787,-0.8299999999999983,0.5599999999999987,-0.240000000000002,-0.2900000000000009,-0.8699999999999974,-0.7100000000000009,-1.0799999999999983,-0.08000000000000007,0.9200000000000017,0.23000000000000043,0.019999999999999574,-0.07999999999999918,-0.629999999999999,-0.3400000000000034,-1.3200000000000003,0.09000000000000341,16.079999999999984,-0.11999999999999922,-0.12000000000000455,-0.2599999999999998,-0.5900000000000034,-0.7700000000000031,0.3200000000000003,0.2599999999999998,-0.16000000000000014,0.3499999999999943,0.18999999999999773,-0.28999999999999915,0.11000000000000298,-0.6600000000000001,-0.3399999999999963,0.049999999999998934,-1.009999999999998,-1.5,-0.4299999999999997,2.569999999999993,-2.6499999999999915,0.34999999999999787,0.020000000000000462,-0.75,-0.15000000000000036,-0.75,-0.02999999999999936,0.8299999999999983,-0.4799999999999969,-0.33999999999999986,1.250000000000007,0.10999999999999943,-1.9800000000000182,-1.0600000000000023,-0.060000000000002274,0.2699999999999996,0.41000000000000014,-0.15000000000000036,-0.48999999999999844,1.3300000000000054,1.2900000000000063,-0.46999999999999886,-1.1799999999999997,-2.950000000000003,5.900000000000006,0.010000000000005116,-0.8100000000000023,1.0900000000000318,-0.28999999999999915,-2.039999999999992,-3.219999999999999,-1.5799999999999983,1.8800000000000026,-0.6400000000000006,-0.10999999999999943,-1.3299999999999983,-0.14000000000000057,0.19999999999999574,-0.010000000000000009,-0.08999999999999986,0.040000000000000036,-0.020000000000000018,0.0,-0.08000000000000007,-0.1299999999999999,-0.02999999999999936,-0.010000000000000675,-0.019999999999999574,-0.14999999999999858,-0.07000000000000028,-0.779999999999994,0.09000000000000075,-0.5099999999999998,-0.03000000000000025,-0.05000000000000071,0.22000000000000597,-0.16999999999999993,-0.03999999999999915,-0.1700000000000017,-0.0,0.8299999999999983,-0.259999999999998,-0.41999999999999993,-0.120000000000001,0.129999999999999,-0.16999999999999815,0.08000000000000007,-0.020000000000003126,-0.4200000000000017,-0.10999999999999943,-0.04999999999999716,-0.2900000000000009,-0.8200000000000003,-0.13000000000000078,-0.14000000000000057,0.07000000000000028,-1.25,-0.1999999999999993,0.2699999999999996,-0.6799999999999997,-0.03999999999999959,17.019999999999982,-0.5300000000000011,-0.16000000000000014,0.4400000000000013,-0.6999999999999993,0.21000000000000085,-0.3100000000000023,-0.04999999999999982,-0.7199999999999989,-0.08999999999999986,0.05000000000000071,-0.33000000000000007,0.03999999999999915,-0.46000000000000085,-0.10000000000000142,-0.759999999999998,-0.15999999999999925,-0.05000000000000071,1.2900000000000205,0.03999999999999915,0.030000000000001137,0.25,0.019999999999999574,0.2699999999999996,-0.0899999999999963,-0.120000000000001,-0.04999999999999982,-0.009999999999999787,-0.07000000000000028,-0.2900000000000009,-0.19000000000000128,-1.1000000000000085,-0.09000000000000163,-0.09000000000000341,-0.09999999999999964,0.020000000000000462,-0.10999999999999943,-0.33999999999999986,0.3100000000000023,-0.0600000000000005,-0.129999999999999,0.11999999999999744,0.09999999999999432,0.0,0.020000000000000462,-0.29999999999999716,-0.8000000000000007,-0.21000000000000085,0.019999999999999574,-0.08999999999999986,-0.08000000000000007,-0.05000000000000071,-0.08000000000000007,-0.019999999999999574,-0.05000000000000071,-0.009999999999999787,-0.5899999999999963,-0.08999999999999986,-0.05000000000000071,-0.6700000000000017,-0.07000000000000028,-0.040000000000000036,-0.08999999999999986,-0.020000000000000462,-0.019999999999999574,-0.8999999999999986,0.060000000000002274,-0.15000000000000036,-0.020000000000000018,-0.39000000000000057,-0.25,-0.13999999999999968,-0.07000000000000028,0.040000000000000036,-0.08000000000000007,2.539999999999999,-0.129999999999999,0.10000000000000142,-0.0600000000000005,-0.07000000000000028,-0.08000000000000185,-0.8599999999999852,-0.11999999999999922,0.19000000000000128,0.0,-0.020000000000000018,-0.1999999999999993,0.009999999999999787,-0.8100000000000023,0.010000000000000231,0.05000000000000071,0.22000000000000242,0.16000000000000014,-0.28999999999999915,-0.3499999999999943,-0.11999999999999922,-0.5299999999999976,-0.33999999999999986,0.020000000000000018,0.019999999999999574,0.019999999999999574,-0.02999999999999936,0.0,0.0,-0.5700000000000003,0.05999999999999961,2.0,3.200000000000017,-0.519999999999996,0.5800000000000054,-0.0799999999999983,-1.7800000000000011,0.3200000000000003,2.010000000000005,-5.219999999999999,-0.20999999999999375,-0.7800000000000011,-0.360000000000003,-0.4800000000000004,-1.2099999999999937,-1.0499999999999972,0.10000000000000853,-0.16000000000000014,1.7900000000000063,1.1800000000000068,-0.19000000000000483,5.090000000000003,0.5300000000000011,3.6599999999999966,0.7199999999999989,-5.300000000000011,-0.09999999999999964,-0.6799999999999997,0.07999999999999918,-7.75,0.7399999999999807,0.08999999999999986,-0.9200000000000017,-0.6799999999999997,0.8399999999999999,-0.26000000000000156,-0.7299999999999969
2024-05-13,0.030000000000001137,-0.13999999999999968,-0.6000000000000014,-0.040000000000000036,0.020000000000000462,0.05000000000000071,-0.009999999999999787,-0.09999999999999964,-0.8299999999999983,0.010000000000001563,-0.08000000000000185,0.03999999999999915,1.1899999999999977,6.159999999999997,10.319999999999993,-0.09999999999999964,-0.29999999999999893,0.35999999999999943,-0.9399999999999977,-0.07000000000000206,0.019999999999999574,-0.3299999999999983,0.1999999999999993,-0.02000000000000135,0.28999999999999915,-0.10999999999999943,0.0,3.3300000000000125,-0.16999999999999993,0.16000000000000014,-0.1999999999999993,-0.33999999999999986,-0.8400000000000034,-0.20999999999999375,-0.15000000000000036,-2.260000000000005,0.019999999999999574,-0.22000000000000064,0.05000000000000071,-0.3099999999999987,-0.009999999999999787,-1.6099999999999994,-0.4200000000000017,-0.2699999999999996,-0.08000000000000007,0.08000000000000185,-0.11999999999999744,-0.9400000000000013,0.03999999999999915,0.3500000000000014,-0.19000000000000128,-0.6000000000000014,-0.0600000000000005,-0.27999999999999936,1.3100000000000023,-2.25,0.44000000000000483,-6.349999999999966,-0.28999999999999915,0.04999999999999716,0.08999999999999986,-1.0700000000000003,1.25,-1.0799999999999983,-0.009999999999999787,0.3200000000000003,2.1000000000000227,-0.35999999999999943,-0.379999999999999,-0.3099999999999987,-0.8299999999999983,-0.39000000000000057,-0.030000000000001137,-1.5,1.0100000000000051,0.38000000000000256,0.6200000000000045,0.0,-0.6000000000000014,-0.04999999999999982,-0.9600000000000009,-0.07000000000000028,-2.289999999999992,0.09999999999999964,-0.8000000000000043,1.480000000000004,-0.3000000000000007,-0.4399999999999977,1.7000000000000028,-0.35000000000002274,-0.28000000000000114,2.009999999999998,-0.21999999999999886,-2.629999999999999,-0.3200000000000003,-0.5100000000000016,-0.28000000000000114,-1.2399999999999949,0.5199999999999996,0.14999999999999858,1.740000000000009,-4.150000000000006,-4.8700000000000045,-0.5,-2.2099999999999795,-3.1199999999999974,2.0200000000000102,-2.019999999999982,-1.1799999999999997,-1.7899999999999991,-2.6500000000000057,0.14999999999999858,0.20000000000000284,0.019999999999999574,-0.05000000000000426,0.020000000000000018,-0.20000000000000107,-0.09999999999999964,-0.010000000000000231,-0.08999999999999986,-0.0699999999999994,-0.09999999999999964,-0.16000000000000014,-0.010000000000000675,-0.020000000000000462,-0.0799999999999983,0.019999999999999574,0.28999999999999915,0.040000000000000036,-0.1800000000000015,-0.009999999999999787,0.010000000000000675,-1.9000000000000057,-0.370000000000001,-0.009999999999999787,-0.28999999999999915,-0.009999999999999787,-0.21999999999999886,-0.4799999999999969,-0.05000000000000071,-0.3200000000000003,0.5399999999999991,0.20000000000000284,-0.040000000000000036,-0.19000000000000128,0.9499999999999957,0.37999999999999545,-0.6499999999999986,-0.259999999999998,-0.05000000000000071,-0.20999999999999908,-0.8099999999999987,0.17999999999999972,-0.75,-0.28999999999999915,-0.4299999999999997,-0.0600000000000005,0.0,32.98000000000002,-0.3500000000000014,0.26000000000000156,-0.33000000000000185,0.10999999999999943,0.20999999999999908,1.25,-0.029999999999999805,-0.9699999999999989,-0.2699999999999996,-1.509999999999998,-0.040000000000000924,0.019999999999999574,-0.5899999999999999,0.4800000000000004,0.28999999999999915,0.07000000000000028,0.07000000000000028,6.199999999999989,-0.009999999999999787,0.20000000000000284,0.120000000000001,-0.3500000000000014,0.05000000000000071,-0.1599999999999966,-0.14000000000000057,-0.019999999999999574,0.009999999999999787,0.08000000000000007,-0.27999999999999936,-0.21999999999999886,-0.4100000000000108,-0.019999999999999574,0.21999999999999886,-0.09999999999999964,-0.04999999999999982,-0.21000000000000085,-0.3000000000000007,-0.490000000000002,-0.07000000000000028,0.10999999999999943,-0.18999999999999773,0.46000000000000085,-0.040000000000000036,-0.29000000000000004,-0.0799999999999983,0.0,0.08999999999999986,-0.08999999999999986,-0.13000000000000078,-0.06999999999999851,0.5100000000000016,-0.09999999999999964,-0.0,0.11999999999999922,-0.009999999999999787,-0.28000000000000114,0.07000000000000028,0.04999999999999982,0.0,-0.2699999999999996,-0.010000000000000675,-0.10999999999999943,0.009999999999999787,-0.08000000000000007,0.08999999999999986,-0.15000000000000213,-0.3200000000000003,-0.050000000000000266,-0.14000000000000057,-0.1700000000000017,-0.03000000000000025,-0.0699999999999994,-0.08000000000000007,-0.06999999999999851,0.22999999999999687,-0.4299999999999997,0.6799999999999997,-0.04999999999999982,-0.33000000000000007,-0.25,0.8499999999999943,-0.16999999999999993,-0.39000000000000057,-0.0699999999999994,0.010000000000000231,-0.41999999999999993,0.0600000000000005,0.7799999999999976,-0.020000000000000018,-0.33000000000000007,-0.14000000000000057,-0.8200000000000003,0.030000000000001137,-0.5600000000000023,-0.11999999999999922,-0.05999999999999872,0.1800000000000015,0.009999999999999787,-0.7200000000000006,0.019999999999999574,-0.11999999999999922,0.009999999999999787,-0.05999999999999961,-0.05000000000000426,-0.020000000000000462,-0.9099999999999966,-2.329999999999984,-1.3399999999999963,-0.5399999999999991,-0.21000000000000085,-1.9299999999999784,0.5800000000000054,-0.7999999999999972,-4.189999999999998,0.1700000000000017,-0.6999999999999993,-0.7999999999999972,0.15000000000000213,-0.5499999999999972,0.8400000000000034,-3.8299999999999983,0.0600000000000005,0.8299999999999983,3.759999999999991,0.00999999999999801,-2.049999999999983,-1.6499999999999773,-0.8800000000000097,0.21000000000000085,-0.9499999999999886,-0.17999999999999972,-2.450000000000003,-0.15999999999999925,-4.110000000000014,-3.1599999999999966,-0.23999999999999844,0.09999999999999432,-0.14000000000000057,-0.6900000000000013,0.129999999999999,0.07000000000000028
2024-05-14,-0.0600000000000005,0.040000000000000036,0.10000000000000142,0.03000000000000025,-0.04999999999999982,0.21999999999999886,0.009999999999999787,0.11000000000000121,1.8699999999999903,0.14000000000000057,-0.5600000000000023,-0.10000000000000053,-1.5399999999999991,1.1500000000000057,-3.1999999999999886,-0.040000000000000036,-0.1999999999999993,0.9399999999999977,0.4200000000000017,-0.009999999999999787,0.019999999999999574,0.980000000000004,-0.10999999999999943,0.02000000000000135,-0.1700000000000017,0.05999999999999872,-0.2400000000000002,0.2400000000000091,0.09999999999999964,0.009999999999999787,0.23999999999999844,0.28000000000000114,-0.00999999999999801,-1.7299999999999969,0.21999999999999886,-0.030000000000001137,-0.15000000000000213,0.33000000000000007,-0.6400000000000006,-0.5,-0.20000000000000018,-0.3100000000000023,0.28000000000000114,-0.019999999999999574,-0.05999999999999872,-0.129999999999999,-0.10000000000000142,-0.019999999999999574,-0.049999999999998934,0.5700000000000003,-0.07000000000000028,-0.39000000000000057,-0.1299999999999999,-0.09999999999999964,0.3199999999999932,-0.8000000000000043,0.04999999999999716,-0.30000000000001137,0.02999999999999936,-0.3100000000000023,-0.16000000000000014,-0.11999999999999744,-0.05999999999999517,-0.5,0.15000000000000036,-0.5100000000000016,-0.789999999999992,-0.28999999999999915,0.2699999999999996,-0.21999999999999886,-0.10000000000000142,0.0,0.03999999999999915,-0.1600000000000037,-0.10999999999999943,-0.5200000000000031,-0.5500000000000114,-1.5700000000000074,-0.129999999999999,-0.040000000000000036,-0.38000000000000256,-0.07000000000000028,0.20000000000000284,0.040000000000000924,0.09000000000000341,-0.269999999999996,0.030000000000001137,-0.46999999999999886,-2.3100000000000023,6.1200000000000045,-0.1599999999999966,1.5,-0.26000000000000156,-0.21999999999999886,0.07000000000000028,-0.05000000000000071,-0.0899999999999963,-0.6199999999999974,-0.03999999999999915,1.6400000000000006,0.39000000000000057,-0.3400000000000034,0.5699999999999932,0.25,-3.269999999999982,-1.240000000000002,0.480000000000004,-6.869999999999976,-0.07000000000000028,-1.1099999999999994,1.6400000000000006,-0.019999999999999574,0.23999999999999488,-0.08000000000000007,-0.09999999999999432,0.010000000000000009,0.02999999999999936,-0.04999999999999982,-0.009999999999999787,-0.0600000000000005,-0.14999999999999947,-0.20000000000000018,0.0,-0.019999999999999574,-0.020000000000000462,0.030000000000001137,0.4400000000000013,-0.5699999999999932,0.0,0.040000000000000924,-0.020000000000000462,0.0,1.6199999999999974,-0.120000000000001,-0.0,-0.019999999999999574,-0.020000000000000018,-1.230000000000004,0.10999999999999943,0.35999999999999943,-0.05999999999999872,0.6499999999999986,0.0,0.020000000000000018,-0.7300000000000004,-0.20000000000000284,-0.9299999999999926,-0.240000000000002,0.120000000000001,-0.5599999999999987,-0.08000000000000007,-0.07000000000000028,-0.4200000000000017,-4.200000000000017,-0.3099999999999987,-0.19000000000000128,0.09999999999999964,-0.03000000000000025,-4.019999999999982,-0.14000000000000057,0.10000000000000142,0.05000000000000071,-0.3000000000000007,0.08999999999999986,0.37000000000000455,-0.019999999999999796,-0.6000000000000014,0.16000000000000014,-0.5399999999999991,0.1999999999999993,-0.14999999999999858,0.18999999999999773,0.0,-0.38000000000000256,0.009999999999999787,-0.0400000000000027,-0.9499999999999886,0.02999999999999936,-0.15000000000000568,0.33999999999999986,0.08999999999999808,-0.14000000000000057,-0.5200000000000031,-0.0400000000000027,-0.019999999999999574,0.009999999999999787,-0.009999999999999787,-0.0600000000000005,0.120000000000001,-0.7399999999999949,0.019999999999999574,-0.10999999999999943,0.030000000000001137,-0.009999999999999787,0.009999999999999787,-0.09000000000000341,-0.19000000000000483,-0.3699999999999992,0.08999999999999986,0.509999999999998,-0.21999999999999886,0.020000000000000462,0.019999999999999574,0.1999999999999993,0.0,-0.03999999999999915,-0.009999999999999787,-0.0600000000000005,-0.019999999999999574,0.23000000000000043,-0.0,0.03000000000000025,0.02999999999999936,-0.040000000000000036,-0.3399999999999963,-0.040000000000000036,0.0600000000000005,0.030000000000001137,0.06999999999999851,-0.04999999999999982,-0.04999999999999982,0.040000000000000036,0.040000000000000036,-0.03999999999999915,-0.5899999999999999,-0.33000000000000007,-0.010000000000000231,-0.41000000000000014,-2.1799999999999997,-0.009999999999999787,-0.03000000000000025,-0.009999999999999787,0.0600000000000005,0.8000000000000043,-0.08000000000000007,0.740000000000002,-0.020000000000000462,-0.16000000000000014,-0.0400000000000027,-1.990000000000009,-0.08999999999999986,-0.3299999999999983,0.020000000000000462,0.0,-0.009999999999999787,0.08999999999999986,0.1999999999999993,0.009999999999999787,-0.02000000000000135,-0.21000000000000085,-0.9700000000000006,0.11999999999999922,0.21000000000000796,0.28999999999999915,-0.3099999999999987,0.16000000000000014,0.0,-0.10999999999999943,0.04999999999999982,-0.019999999999999574,0.040000000000000036,0.04999999999999982,0.14000000000000057,0.16000000000000014,0.6399999999999935,-1.1500000000000057,0.9500000000000028,-1.0800000000000054,0.3400000000000034,-2.539999999999992,0.480000000000004,-1.7600000000000051,-2.509999999999998,0.8400000000000034,-0.14000000000000057,-0.20000000000000284,-0.019999999999999574,-0.09999999999999432,0.35999999999999943,0.30000000000001137,-0.20000000000000107,0.20999999999999375,0.9099999999999966,-0.3399999999999963,-0.2699999999999818,-0.6200000000000045,-0.3199999999999932,-0.7199999999999989,10.5,0.009999999999999787,-1.6099999999999994,-0.020000000000000462,-3.710000000000008,-1.0100000000000193,0.41000000000000014,0.4299999999999997,-0.03999999999999915,0.1999999999999993,-0.03999999999999915,-0.14000000000000057
2024-05-15,-0.08000000000000007,-0.27000000000000046,-0.5100000000000016,-0.009999999999999787,-0.05999999999999961,-0.040000000000000924,0.09999999999999964,-0.049999999999998934,-1.0799999999999983,-0.3200000000000003,-0.13000000000000256,-0.09999999999999964,-0.7100000000000009,-1.1100000000000136,1.329999999999984,-0.1200000000000001,0.41000000000000014,0.11999999999999744,2.530000000000001,-0.0600000000000005,-0.04999999999999982,2.030000000000001,-0.40000000000000213,0.1800000000000015,-1.8100000000000023,-0.25,-0.2400000000000002,0.030000000000001137,-0.16999999999999993,-0.009999999999999787,0.45000000000000284,0.030000000000001137,-0.6200000000000045,-0.6199999999999974,0.08999999999999986,0.5300000000000011,-0.35999999999999943,-0.22000000000000064,-0.25,-0.35999999999999943,0.07000000000000028,-0.8400000000000034,-0.370000000000001,-0.33999999999999986,0.08999999999999986,-0.5,0.2700000000000031,-0.5600000000000023,-0.10000000000000053,-0.5300000000000011,-0.20000000000000284,-0.33999999999999986,-0.08000000000000007,-0.41000000000000014,0.23000000000000398,-1.009999999999998,-0.5900000000000034,-1.25,-0.02999999999999936,-0.3200000000000003,0.16999999999999993,-0.509999999999998,-0.4000000000000057,-0.41999999999999815,-0.08000000000000007,0.0,5.77000000000001,0.22000000000000242,-0.10999999999999943,0.39000000000000057,0.030000000000001137,-1.0,0.25,-0.5999999999999943,-1.7800000000000011,-0.17999999999999972,0.9199999999999875,-0.789999999999992,-0.3299999999999983,-0.05999999999999961,-0.21000000000000085,-0.22000000000000064,-3.7900000000000063,0.33999999999999986,-0.7100000000000009,-0.44000000000000483,0.41999999999999993,2.039999999999999,-2.469999999999999,1.3400000000000034,-0.1599999999999966,2.280000000000001,-0.03999999999999915,-1.2800000000000011,-0.3000000000000007,0.4800000000000004,-1.4299999999999997,-1.269999999999996,-0.379999999999999,-1.0100000000000051,-1.3700000000000045,1.1200000000000045,-0.5,-0.22000000000000242,0.8500000000000227,0.2600000000000051,-1.5300000000000011,-1.3799999999999955,1.3100000000000023,-1.6399999999999935,-1.3400000000000034,-0.40000000000000213,3.6599999999999966,0.009999999999999787,0.5400000000000063,0.010000000000000009,0.370000000000001,-0.009999999999999787,-0.010000000000000231,-0.16999999999999993,-0.03000000000000025,-0.17999999999999972,-0.09999999999999964,-0.040000000000000036,-0.040000000000000036,0.26000000000000156,-0.129999999999999,-0.29000000000000625,-0.03000000000000025,-0.28999999999999915,0.04999999999999982,0.1299999999999999,-0.7800000000000011,-0.1899999999999995,-0.1399999999999988,0.35999999999999943,-0.020000000000000018,-1.9299999999999926,1.6299999999999955,-0.16000000000000014,-0.010000000000001563,0.1999999999999993,-0.2799999999999976,-0.04999999999999982,-0.21000000000000085,-0.6599999999999966,0.9699999999999989,-0.1700000000000017,0.7099999999999991,-0.4399999999999977,-0.120000000000001,-0.5999999999999979,0.6999999999999993,-5.1200000000000045,-0.3099999999999987,-0.41000000000000014,-0.5500000000000007,-0.040000000000000036,-1.9800000000000182,-0.7300000000000004,0.370000000000001,-0.26000000000000156,-0.2699999999999996,-0.05000000000000071,0.5499999999999972,-0.010000000000000009,-0.5700000000000003,-0.11999999999999744,0.10000000000000142,-0.05000000000000071,-0.21999999999999886,-0.5,0.3500000000000014,-0.4200000000000017,-0.08999999999999986,0.3200000000000003,-2.7200000000000273,0.15000000000000036,-1.0200000000000031,-0.46000000000000085,-0.16999999999999815,-0.05999999999999872,-0.44999999999999574,-0.09999999999999787,-0.07000000000000028,0.16000000000000014,0.019999999999999574,-0.2599999999999998,0.490000000000002,0.21999999999999886,0.1899999999999995,0.05000000000000071,0.2900000000000009,-0.03000000000000025,0.009999999999999787,-0.1599999999999966,-0.020000000000003126,0.9700000000000006,0.6400000000000006,-0.10000000000000142,-1.0600000000000023,-0.02999999999999936,-0.1299999999999999,-0.5,-0.129999999999999,0.10999999999999943,0.020000000000000462,-0.120000000000001,0.1999999999999993,0.38000000000000256,0.0600000000000005,0.16000000000000014,0.129999999999999,0.0,0.46999999999999886,-0.05999999999999961,-0.019999999999999574,0.5500000000000043,-0.1899999999999995,0.1299999999999999,-0.10999999999999943,0.009999999999999787,0.25,0.3999999999999986,-0.240000000000002,-0.16999999999999993,-0.020000000000000018,-0.259999999999998,-0.6400000000000006,-0.019999999999999574,-0.0,-0.04999999999999982,0.27999999999999936,-0.490000000000002,0.33000000000000007,0.08999999999999986,-0.04999999999999982,-0.14999999999999947,0.5499999999999972,-2.719999999999999,0.16999999999999993,-0.10000000000000142,-0.020000000000000462,-0.020000000000000018,-0.3199999999999985,-0.03999999999999915,-0.019999999999999574,-0.009999999999999787,-0.3800000000000008,0.35999999999999943,1.3399999999999999,0.5800000000000001,-0.25,0.14999999999999858,-0.18999999999999773,0.75,0.020000000000000018,0.3199999999999985,0.0,0.1899999999999995,0.020000000000000462,0.09999999999999964,1.3200000000000003,-0.08999999999999986,-0.45999999999999375,-1.9099999999999824,-1.9200000000000017,-0.6799999999999997,-0.3999999999999986,-1.5699999999999932,-0.9600000000000009,-1.230000000000004,-1.5,2.3799999999999955,0.5699999999999967,-0.5599999999999987,-0.23999999999999844,-1.3200000000000074,-0.4200000000000017,-3.200000000000003,-0.33000000000000007,4.420000000000002,-1.2600000000000193,-0.8400000000000034,-1.4199999999999875,-3.839999999999975,-0.519999999999996,0.7000000000000028,-3.410000000000025,-0.29999999999999893,-0.9500000000000028,0.09999999999999964,-4.090000000000003,-2.480000000000018,0.6999999999999993,-0.5399999999999991,0.8400000000000034,0.8099999999999987,0.370000000000001,1.2600000000000051
2024-05-16,-0.33999999999999986,-0.4499999999999993,-0.3500000000000014,-0.08999999999999986,-0.020000000000000462,-0.07000000000000028,-0.010000000000000675,-0.07000000000000028,-0.4200000000000017,0.5300000000000011,0.00999999999999801,-0.1200000000000001,-0.30999999999999517,-4.560000000000002,-0.5500000000000114,-0.28000000000000025,-0.08000000000000007,0.4199999999999946,-0.480000000000004,0.09999999999999964,0.03000000000000025,0.14999999999999858,0.08999999999999986,0.009999999999999787,-0.13000000000000256,0.16000000000000014,-0.15000000000000036,-2.680000000000007,0.10999999999999943,-0.11000000000000032,0.35999999999999943,-1.8800000000000026,-0.3200000000000003,-0.5700000000000003,0.019999999999999574,0.3300000000000054,0.16000000000000014,-0.27999999999999936,-0.33999999999999986,-0.21999999999999886,-0.15000000000000036,-0.5100000000000051,-0.10999999999999943,-0.030000000000001137,0.0600000000000005,-1.0,-0.480000000000004,0.370000000000001,-0.04999999999999982,0.1599999999999966,0.00999999999999801,-0.21999999999999886,-0.10999999999999943,-0.9700000000000006,-0.20000000000000284,-0.060000000000002274,0.27999999999999403,-1.7699999999999818,-1.17,0.11999999999999744,0.11000000000000121,0.4000000000000057,0.35999999999999943,-1.1000000000000014,-0.019999999999999574,-0.1999999999999993,-0.8299999999999841,0.07000000000000028,0.3500000000000014,0.21000000000000085,0.3100000000000023,0.14999999999999858,0.0,0.23000000000000398,-1.8100000000000023,-0.23999999999999488,-1.5,0.09000000000000341,-0.5399999999999991,0.06000000000000005,0.20000000000000284,0.02999999999999936,-0.9500000000000028,0.10999999999999943,0.240000000000002,1.1999999999999957,-0.02000000000000135,0.00999999999999801,0.7400000000000091,-3.7299999999999898,-1.1200000000000045,1.1900000000000048,0.129999999999999,0.00999999999999801,-0.2400000000000002,-0.259999999999998,-0.259999999999998,-0.8699999999999974,-0.129999999999999,0.14999999999999858,-0.03999999999999204,-1.7800000000000011,0.35999999999999943,-0.029999999999997584,-1.7099999999999795,-1.5300000000000011,-0.6800000000000068,-2.009999999999991,-0.09999999999999432,-0.38000000000000256,0.3200000000000074,0.060000000000002274,-0.7199999999999989,-0.1299999999999999,0.5499999999999972,-0.0,0.1899999999999995,-0.08999999999999986,-0.020000000000000018,0.08999999999999986,-0.08000000000000007,0.20999999999999996,0.120000000000001,0.03000000000000025,0.03000000000000025,0.030000000000001137,-0.21999999999999886,-1.2000000000000028,-0.040000000000000036,0.3100000000000005,0.009999999999999787,-0.009999999999999787,-0.4399999999999977,-0.10999999999999943,0.0600000000000005,-0.05000000000000071,-0.020000000000000018,0.37999999999999545,-0.6000000000000014,-0.17999999999999972,-0.34999999999999787,-0.05999999999999872,-0.029999999999997584,-0.040000000000000036,-0.03999999999999915,-0.01999999999999602,-0.04999999999999716,-0.18999999999999773,-0.22000000000000064,0.5200000000000031,0.030000000000001137,0.5399999999999991,0.129999999999999,0.7400000000000091,-0.010000000000001563,-0.09999999999999787,-0.08999999999999986,-0.009999999999999787,-4.5,0.7399999999999984,-0.3500000000000014,-0.370000000000001,-1.0400000000000027,-0.05000000000000071,0.20000000000000284,-0.08000000000000007,0.259999999999998,0.22000000000000242,0.4399999999999977,0.16000000000000014,-0.019999999999999574,-0.10999999999999943,-0.16000000000000014,0.12999999999999545,0.10999999999999943,-0.13000000000000256,-1.3500000000000227,0.03999999999999915,-0.07000000000000028,-0.14000000000000057,-0.0600000000000005,0.030000000000001137,0.28000000000000114,0.05999999999999872,-0.040000000000000036,-0.019999999999999574,-0.16000000000000014,0.009999999999999787,-0.04999999999999716,1.1299999999999955,0.0,0.10000000000000142,0.009999999999999787,-0.0,-0.14000000000000057,0.13000000000000256,-0.46000000000000085,-0.14999999999999858,0.07000000000000028,0.5700000000000003,0.519999999999996,-0.04999999999999982,-0.20999999999999996,-1.2799999999999976,-0.3800000000000008,-0.36999999999999744,-0.05999999999999961,-0.16999999999999993,0.009999999999999787,0.360000000000003,-0.08999999999999986,-0.0600000000000005,0.0,-0.009999999999999787,-1.2099999999999937,-0.04999999999999982,-0.05999999999999961,-1.2199999999999989,-0.0,-0.020000000000000462,-0.08000000000000007,-0.03000000000000025,0.040000000000000036,-0.629999999999999,-0.14999999999999858,0.049999999999998934,-0.010000000000000231,-0.7299999999999969,-0.21000000000000085,-0.08999999999999986,-0.14000000000000057,-0.05999999999999961,-0.049999999999998934,-0.6400000000000006,0.08999999999999986,0.019999999999999574,0.040000000000000036,0.08000000000000007,-0.13000000000000256,-0.3100000000000023,0.13000000000000078,-0.0799999999999983,0.02999999999999936,-0.020000000000000018,-0.08000000000000185,-0.0600000000000005,0.5600000000000023,-0.009999999999999787,0.6500000000000004,-0.010000000000001563,-0.3600000000000012,0.0,-0.35999999999999943,0.08000000000000007,0.030000000000001137,-0.08000000000000007,-0.03000000000000025,0.17999999999999972,-0.1299999999999999,-0.019999999999999574,-0.02999999999999936,-0.009999999999999787,0.10000000000000142,-0.14999999999999947,-0.759999999999998,-0.1799999999999926,0.35999999999999943,-0.9400000000000048,0.3999999999999986,-1.7800000000000011,-0.10999999999999943,0.09999999999999432,5.390000000000001,2.0400000000000063,0.019999999999999574,0.14000000000000057,-0.3299999999999983,-4.650000000000006,-0.12000000000000455,1.8700000000000045,0.46000000000000085,-0.45999999999999375,-0.0700000000000216,0.46999999999999886,0.710000000000008,4.439999999999998,-1.3599999999999994,1.5800000000000054,-0.910000000000025,0.16000000000000014,1.1400000000000006,-0.0600000000000005,-7.609999999999985,1.1399999999999864,-0.16000000000000014,-0.30000000000000426,-0.10999999999999943,-0.010000000000001563,0.41000000000000014,0.1600000000000037
2024-05-17,0.25,-0.8200000000000003,-0.17999999999999972,-0.26000000000000023,-0.10000000000000053,0.22999999999999865,-0.0600000000000005,-0.129999999999999,1.3100000000000023,-0.259999999999998,-0.1700000000000017,0.08000000000000007,-0.07000000000000028,4.469999999999999,-3.4699999999999704,-0.11000000000000032,-0.0600000000000005,0.09000000000000341,-0.8599999999999994,0.19000000000000128,-0.11000000000000032,1.1400000000000006,0.3200000000000003,-0.19000000000000128,0.18999999999999773,-0.3500000000000014,-0.08000000000000007,-2.359999999999985,-0.3200000000000003,0.16000000000000014,0.23000000000000043,-0.23000000000000043,-0.04999999999999716,-0.8300000000000054,0.05000000000000071,1.75,0.28000000000000114,-0.9700000000000006,0.08999999999999986,0.04999999999999716,-0.04999999999999982,0.5399999999999991,-0.9899999999999984,-1.860000000000003,0.009999999999999787,0.00999999999999801,-0.9499999999999957,0.3200000000000003,0.08000000000000007,0.3499999999999943,0.120000000000001,-0.17999999999999972,-0.04999999999999982,-1.2300000000000004,-1.7000000000000028,-0.05999999999999517,-1.5799999999999983,-0.8199999999999932,-0.9599999999999991,0.5999999999999943,-0.0600000000000005,-0.6099999999999994,-0.38000000000000256,-0.120000000000001,-0.15000000000000036,0.15000000000000213,1.2800000000000011,-0.28000000000000114,-0.0799999999999983,-0.14000000000000057,-0.15000000000000213,-0.8599999999999994,-0.19000000000000128,-0.8299999999999983,-1.5799999999999983,-1.1400000000000006,-0.3300000000000125,1.1599999999999966,0.5600000000000023,0.020000000000000018,-0.46999999999999886,-0.3100000000000005,-3.819999999999993,0.25,-0.28999999999999915,1.1099999999999994,-0.14000000000000057,0.39000000000000057,4.460000000000008,0.0800000000000125,-0.480000000000004,-1.1000000000000014,-0.16000000000000014,-0.019999999999999574,0.07000000000000028,-0.08999999999999986,-1.4799999999999969,0.5799999999999983,-0.3000000000000007,0.6599999999999966,-1.1799999999999926,-3.3300000000000125,-1.0699999999999932,0.00999999999999801,3.759999999999991,-1.4799999999999969,-0.10999999999999943,-1.6800000000000068,-1.9299999999999997,-1.0799999999999983,1.019999999999996,-0.4499999999999993,0.9500000000000028,-0.14000000000000057,0.6400000000000006,0.020000000000000018,-0.11999999999999922,-0.10000000000000053,-0.06000000000000005,0.0600000000000005,0.019999999999999574,-0.10000000000000053,0.019999999999999574,0.040000000000000036,-0.1299999999999999,-0.41000000000000014,0.030000000000001137,0.6000000000000014,0.040000000000000036,-1.0199999999999996,-0.05999999999999961,-0.09999999999999964,-0.45000000000000284,0.06999999999999851,0.11999999999999922,0.23999999999999844,-0.1499999999999999,-0.29999999999999716,0.5399999999999991,0.09999999999999964,0.05999999999999872,0.129999999999999,-0.060000000000002274,-0.06999999999999984,-0.240000000000002,-0.060000000000002274,-1.3100000000000023,0.0800000000000054,0.08999999999999986,0.4200000000000017,-0.25,0.06999999999999673,-0.0,-0.1599999999999966,0.3500000000000014,0.1999999999999993,-0.08000000000000007,-0.13000000000000034,10.5,-0.13000000000000256,0.3500000000000014,0.129999999999999,0.029999999999997584,-0.33999999999999986,0.07000000000000739,-0.19999999999999996,2.4499999999999957,0.05000000000000071,0.44000000000000483,0.030000000000001137,-0.08999999999999986,0.39000000000000057,-1.120000000000001,-0.7299999999999969,0.020000000000000462,-0.08000000000000185,1.9699999999999704,-0.19000000000000128,0.6899999999999977,0.14999999999999858,0.05000000000000071,-0.33999999999999986,0.519999999999996,-0.35999999999999943,0.03000000000000025,0.08000000000000007,0.0600000000000005,0.08999999999999986,0.060000000000002274,0.730000000000004,-0.129999999999999,0.28999999999999915,0.11000000000000121,0.019999999999999574,0.08000000000000007,-0.08000000000000185,-1.1499999999999986,-0.2599999999999998,0.41999999999999815,0.28999999999999915,0.44999999999999574,-0.16999999999999993,0.20000000000000018,0.120000000000001,-1.0299999999999994,0.3200000000000003,0.04999999999999982,0.13000000000000078,-0.1899999999999995,0.16000000000000014,-0.09999999999999964,-0.09000000000000075,-0.10999999999999943,-0.03000000000000025,-2.1500000000000057,-0.08000000000000007,-0.0600000000000005,-1.2000000000000028,-0.08000000000000007,-0.0600000000000005,0.10999999999999943,-0.05999999999999961,0.11999999999999922,-1.0199999999999996,0.0,-0.009999999999999787,-0.06000000000000005,-0.6000000000000014,-0.10999999999999943,-0.02999999999999936,-0.20000000000000018,0.04999999999999982,0.20000000000000107,1.2000000000000028,0.15000000000000036,0.2699999999999996,0.05999999999999961,0.0,0.21000000000000085,3.759999999999991,-0.06999999999999851,0.120000000000001,-0.05999999999999961,-0.040000000000000036,-0.129999999999999,-0.08999999999999986,0.509999999999998,-0.020000000000000018,-0.02999999999999936,-0.10000000000000142,-0.129999999999999,0.23000000000000043,-2.6999999999999886,-0.049999999999998934,0.5100000000000016,0.08999999999999986,0.019999999999999574,0.03999999999999915,-0.03000000000000025,-0.1399999999999988,0.020000000000000462,0.019999999999999574,0.45000000000000284,0.04999999999999982,-0.3100000000000023,1.8100000000000023,-0.6799999999999997,0.35999999999999943,-0.5,0.1599999999999966,-1.6700000000000017,0.6799999999999926,-1.1600000000000037,-0.769999999999996,0.3000000000000007,-1.120000000000001,0.6600000000000001,-3.819999999999993,0.09000000000000341,1.3200000000000074,0.019999999999999574,2.489999999999995,0.8700000000000045,0.25,1.5800000000000125,-1.4700000000000273,1.3299999999999983,-0.6499999999999986,1.579999999999984,0.34999999999999964,-0.03999999999999915,0.1899999999999995,9.170000000000016,2.759999999999991,-0.3999999999999986,-1.6000000000000014,-0.6799999999999997,-0.33999999999999986,0.5399999999999991,0.4799999999999969
2024-05-20,-0.03999999999999915,0.17999999999999972,0.5200000000000031,-0.08999999999999986,0.1800000000000006,0.05999999999999872,0.009999999999999787,0.06999999999999851,1.460000000000008,0.610000000000003,-0.9000000000000021,0.16000000000000014,0.3100000000000023,-2.890000000000015,2.849999999999966,-0.02999999999999936,-0.11999999999999922,-0.36999999999999744,-1.5400000000000063,0.0600000000000005,0.07000000000000028,-1.230000000000004,-0.7200000000000024,-0.05999999999999872,-0.9100000000000037,-0.05000000000000071,0.08000000000000007,-0.8900000000000148,-0.5899999999999999,-0.0600000000000005,-0.3099999999999987,0.3200000000000003,0.10000000000000142,-1.1799999999999997,-0.48999999999999844,0.7000000000000028,-0.3200000000000003,-0.6100000000000012,0.05000000000000071,-0.4200000000000017,0.040000000000000036,0.46000000000000085,-0.28000000000000114,-0.6599999999999966,0.05999999999999872,-0.370000000000001,0.13000000000000256,-2.3900000000000006,-0.040000000000000036,-0.4100000000000037,-0.389999999999997,0.19000000000000128,0.0600000000000005,-0.360000000000003,0.12000000000000455,-0.6799999999999997,0.3299999999999983,0.19999999999998863,-0.3200000000000003,-0.19000000000000483,0.1899999999999995,-0.28000000000000114,0.03999999999999915,-0.019999999999999574,0.15000000000000036,0.25,-3.280000000000001,-1.0899999999999999,-0.019999999999999574,0.4499999999999993,0.09999999999999787,-1.6600000000000037,0.05000000000000071,0.35999999999999943,1.4099999999999966,-0.04999999999999716,-0.3500000000000085,-0.4300000000000068,0.18000000000000327,-0.02999999999999936,0.3999999999999986,-0.14999999999999858,-2.5500000000000114,-0.02999999999999936,-0.28999999999999915,-0.12999999999999545,0.009999999999999787,0.13000000000000256,0.010000000000005116,-6.280000000000001,0.0799999999999983,-1.4199999999999946,-0.07000000000000028,0.3200000000000003,0.09999999999999964,-0.07000000000000028,0.990000000000002,0.14000000000000057,-0.5899999999999999,-0.14000000000000057,1.0100000000000051,-0.44999999999998863,-9.010000000000005,-0.08999999999999986,1.5,-0.5899999999999963,-0.04999999999999716,-4.319999999999993,-0.3399999999999963,0.0899999999999963,0.8100000000000023,-0.4700000000000024,-0.1599999999999966,-0.16000000000000014,-0.4099999999999966,-0.0,-0.15000000000000036,0.07000000000000028,-0.010000000000000231,-0.1200000000000001,0.009999999999999787,0.1200000000000001,-0.120000000000001,-0.07000000000000028,-0.25,-0.09999999999999787,-0.14000000000000057,-0.46999999999999886,-0.009999999999999787,-0.11999999999999922,-0.020000000000000462,-0.010000000000000675,0.17999999999999972,-0.040000000000000924,-0.09999999999999964,-0.40000000000000213,0.06999999999999984,-0.6899999999999977,0.5,-0.08999999999999986,-0.4400000000000013,-0.8500000000000014,-0.029999999999997584,-0.06999999999999984,-0.07000000000000028,0.9399999999999977,0.23000000000000398,0.1700000000000017,0.129999999999999,-1.5700000000000003,-0.10999999999999943,0.2799999999999976,0.00999999999999801,-0.5200000000000102,-0.05999999999999872,0.3099999999999987,-0.8300000000000001,0.009999999999999787,6.0,-1.490000000000002,-0.4499999999999993,-0.14000000000000057,-0.05999999999999872,-0.16000000000000014,-0.4099999999999966,-0.06999999999999984,0.13000000000000256,-0.2699999999999996,1.129999999999999,-0.09999999999999964,0.120000000000001,0.6000000000000014,-1.0,-0.020000000000003126,-0.0600000000000005,-0.1700000000000017,-0.8000000000000114,0.0600000000000005,-0.5200000000000031,-0.39000000000000057,0.02000000000000135,-0.4499999999999993,-0.44000000000000483,0.2099999999999973,0.009999999999999787,-0.03000000000000025,-0.07000000000000028,-0.15000000000000036,-0.8300000000000018,0.15000000000000568,-0.009999999999999787,-0.010000000000001563,0.05000000000000071,0.019999999999999574,0.02000000000000135,-0.120000000000001,-1.8000000000000043,-0.11000000000000121,-0.14000000000000057,-1.0399999999999991,-0.45000000000000284,-0.17999999999999972,0.020000000000000462,-0.5199999999999996,-0.5299999999999994,-0.16000000000000014,0.0699999999999994,-0.08000000000000007,-0.08000000000000007,-0.9400000000000013,0.10999999999999943,-0.0,-0.019999999999999574,0.009999999999999787,0.259999999999998,-0.009999999999999787,0.040000000000000036,-0.28999999999999915,-0.0600000000000005,-0.02999999999999936,-0.009999999999999787,-0.009999999999999787,-0.370000000000001,-0.8500000000000014,-0.029999999999997584,0.009999999999999787,-0.040000000000000036,-0.3299999999999983,-0.21000000000000085,0.020000000000000462,-0.0600000000000005,-0.03000000000000025,-0.09999999999999964,0.6499999999999986,-0.08000000000000007,-0.9800000000000004,-0.020000000000000462,0.03000000000000025,-0.4400000000000013,-3.9099999999999966,-0.09999999999999964,-0.6000000000000014,-0.0,-0.029999999999999805,0.23000000000000043,-0.2900000000000009,-0.05000000000000071,0.009999999999999787,-0.33000000000000007,-1.0499999999999972,0.019999999999999574,0.019999999999999574,-1.730000000000004,-0.6699999999999999,-0.6899999999999977,-0.02000000000000135,-0.03000000000000025,0.33999999999999986,0.02999999999999936,-0.17999999999999972,0.020000000000000462,0.04999999999999982,-0.060000000000002274,-0.02999999999999936,-0.3299999999999983,-2.9099999999999966,-0.19999999999999574,0.03999999999999915,-0.3500000000000014,-1.7199999999999989,0.4200000000000017,0.09000000000000341,-1.009999999999998,-1.3500000000000085,0.03999999999999915,-0.6099999999999994,-1.0300000000000011,-3.0799999999999983,0.6199999999999974,-0.18999999999999773,-0.25,-4.11999999999999,5.030000000000001,-0.6700000000000017,-0.6999999999999886,2.1399999999999864,0.0,-0.740000000000002,-11.910000000000025,0.05000000000000071,1.1000000000000014,0.009999999999999787,-5.099999999999994,2.3700000000000045,-0.030000000000001137,0.46000000000000085,0.19999999999999574,-0.19000000000000128,-0.13000000000000256,-0.2700000000000031
2024-05-21,0.16999999999999993,0.009999999999999787,-0.41999999999999815,-0.03000000000000025,0.03000000000000025,0.009999999999999787,-0.010000000000000675,0.22000000000000064,-0.01999999999999602,0.22000000000000242,-0.5400000000000027,0.009999999999999787,0.20000000000000284,-1.0700000000000216,-1.829999999999984,-0.0600000000000005,-0.16999999999999993,-0.0800000000000054,-1.3599999999999994,-0.09999999999999964,0.020000000000000462,-0.6799999999999997,-0.21000000000000085,-0.06999999999999851,-0.00999999999999801,0.0799999999999983,0.07000000000000028,-0.7600000000000193,0.08000000000000007,-0.08999999999999986,-0.00999999999999801,-0.2699999999999996,0.509999999999998,-0.4099999999999966,0.0600000000000005,0.7100000000000009,-0.240000000000002,-0.21999999999999886,0.07000000000000028,0.9699999999999989,-0.08000000000000007,-1.0700000000000003,-0.509999999999998,-0.9700000000000024,-0.1999999999999993,0.23000000000000043,-1.0300000000000011,-0.4400000000000013,-0.07000000000000028,-0.21000000000000085,-0.09999999999999787,0.129999999999999,0.010000000000000675,-0.22999999999999687,-0.730000000000004,0.0899999999999963,-0.7700000000000031,-5.0,-0.33000000000000007,-0.9600000000000009,-0.2599999999999998,-0.5899999999999963,-0.5700000000000003,-0.25,-0.16000000000000014,-0.5,4.090000000000003,-0.5100000000000016,-0.240000000000002,0.7100000000000009,-0.46999999999999886,-0.23000000000000398,-0.05000000000000071,-0.5399999999999991,-1.230000000000004,-0.5200000000000031,-3.5,5.140000000000001,-0.6699999999999982,-0.009999999999999787,-0.5799999999999983,-0.1999999999999993,-2.710000000000008,-0.0600000000000005,-0.529999999999994,-0.8999999999999986,-0.3000000000000007,-0.6000000000000014,-1.4500000000000028,0.5699999999999932,-0.3999999999999986,-0.259999999999998,-0.5999999999999979,-0.5999999999999979,-0.25,-0.35999999999999943,-0.21999999999999886,-0.5899999999999963,0.13999999999999702,-0.22000000000000597,-0.28000000000000114,-1.8899999999999864,-1.8100000000000023,-0.3099999999999987,-2.019999999999982,-1.4699999999999989,2.450000000000003,-2.6100000000000136,-0.11999999999999744,-0.21000000000000085,0.8700000000000045,-0.09000000000000341,-1.2800000000000011,0.09999999999999964,-0.5599999999999952,-0.010000000000000009,-0.07000000000000028,0.040000000000000036,0.020000000000000018,0.0,-0.009999999999999787,-0.1299999999999999,0.03999999999999915,-0.04999999999999982,0.020000000000000462,-0.05000000000000071,0.010000000000001563,-0.14000000000000057,0.13999999999999968,0.10999999999999943,0.009999999999999787,-0.0600000000000005,-0.37000000000000455,-0.15000000000000036,0.05000000000000071,-0.4299999999999997,-0.019999999999999574,-1.019999999999996,-0.10000000000000142,-0.16000000000000014,-0.17999999999999972,0.16000000000000014,-0.35999999999999943,0.06000000000000005,-0.35999999999999943,-0.010000000000005116,-1.230000000000004,0.46000000000000085,0.009999999999999787,-1.0199999999999996,-0.25,-0.28999999999999915,0.5199999999999996,-0.12999999999999545,-0.39000000000000057,-0.26000000000000156,-0.5899999999999999,-0.040000000000000036,-4.0,-1.6999999999999993,-0.41000000000000014,-0.21000000000000085,0.05999999999999872,-0.08000000000000007,-0.04000000000000625,-0.010000000000000231,-0.4399999999999977,0.1700000000000017,0.010000000000001563,0.08000000000000007,-0.03999999999999915,-0.4399999999999977,-0.48999999999999844,-0.0799999999999983,-0.03000000000000025,0.07000000000000028,-3.240000000000009,-0.0600000000000005,0.519999999999996,-0.46999999999999886,-0.11000000000000121,-0.6000000000000014,-0.7899999999999991,0.11000000000000298,-0.03000000000000025,-0.07000000000000028,0.05999999999999872,0.21000000000000085,-0.35999999999999943,0.8400000000000034,-0.05999999999999872,-0.370000000000001,-0.009999999999999787,0.009999999999999787,0.19000000000000128,-0.1999999999999993,-0.2700000000000031,-0.129999999999999,-0.18999999999999773,-1.0399999999999991,-0.39000000000000057,0.009999999999999787,-0.16000000000000014,-0.5,-0.02999999999999936,0.1700000000000017,0.05999999999999961,-0.03999999999999915,-0.09999999999999964,0.5,0.08000000000000007,-0.05000000000000071,-0.02999999999999936,0.040000000000000036,-0.060000000000002274,0.009999999999999787,0.04999999999999982,0.09000000000000341,-0.11000000000000121,-0.040000000000000036,-0.040000000000000036,0.040000000000000036,0.07000000000000028,-0.10000000000000142,-0.21999999999999886,-0.21999999999999886,-0.040000000000000036,-0.09999999999999432,-0.3099999999999987,-0.009999999999999787,0.03000000000000025,0.03000000000000025,-0.040000000000000924,2.5700000000000003,0.2900000000000009,0.0,0.03000000000000025,0.0,-0.16000000000000014,1.8499999999999943,0.0,-0.620000000000001,-0.03000000000000025,0.009999999999999787,0.259999999999998,-0.08000000000000007,-0.14999999999999858,0.0,-0.11000000000000121,-0.29999999999999716,-0.17999999999999972,-0.08000000000000007,-0.8100000000000023,-0.05000000000000071,-0.8200000000000003,-0.049999999999998934,0.020000000000000018,-0.14000000000000057,0.02999999999999936,0.02000000000000135,0.040000000000000036,-0.04999999999999982,-0.3100000000000023,0.04999999999999982,-0.6699999999999946,0.15000000000000568,0.990000000000002,-0.18999999999999773,0.6099999999999994,-2.680000000000007,-0.5399999999999991,-0.6599999999999966,-0.990000000000002,0.7700000000000102,0.14999999999999858,-0.5399999999999991,-0.629999999999999,-0.3299999999999983,0.030000000000001137,0.23999999999999488,-0.5199999999999996,-1.6599999999999966,-3.9099999999999966,-0.23000000000000398,2.210000000000008,-6.0,-1.8500000000000085,-1.730000000000004,-1.900000000000034,-0.29999999999999893,-0.04999999999999716,-0.1299999999999999,-8.930000000000007,0.44999999999998863,-0.3099999999999987,-1.5399999999999991,-0.3200000000000003,-0.7800000000000011,-0.46999999999999886,-0.46000000000000085
2024-05-22,-0.009999999999999787,-0.21000000000000085,0.07000000000000028,-0.040000000000000036,-0.09999999999999964,0.1399999999999988,0.0,0.10999999999999943,1.1400000000000006,-0.26000000000000156,1.6199999999999974,0.009999999999999787,-0.6900000000000048,4.659999999999997,3.230000000000018,0.03000000000000025,0.13000000000000078,-0.23999999999999488,0.09000000000000341,0.21000000000000085,-0.009999999999999787,-0.769999999999996,-0.28999999999999915,0.0,0.6000000000000014,-0.129999999999999,-0.08999999999999986,1.4199999999999875,0.040000000000000924,0.019999999999999574,0.120000000000001,-0.8499999999999979,0.23000000000000398,-0.0899999999999963,0.07000000000000028,1.8900000000000006,0.11000000000000298,0.08000000000000007,0.28000000000000114,-0.0400000000000027,-0.02999999999999936,-0.3999999999999986,-0.5399999999999991,-0.1700000000000017,-1.0299999999999994,0.08999999999999986,0.1700000000000017,0.05000000000000071,-0.14999999999999947,-0.4799999999999969,0.26000000000000156,-0.26000000000000156,0.1800000000000006,0.21000000000000085,-0.3999999999999915,0.6299999999999955,-0.5399999999999991,-2.6399999999999864,0.0,0.10999999999999943,-1.3699999999999992,-0.6299999999999955,-0.8500000000000014,-0.9899999999999984,0.10999999999999943,0.2400000000000002,1.8600000000000136,-0.41000000000000014,0.020000000000003126,0.26000000000000156,-0.3099999999999987,0.5599999999999952,-0.02000000000000135,-0.8999999999999986,0.5,0.00999999999999801,-0.6700000000000017,1.1299999999999955,0.5199999999999996,-0.0,-1.8699999999999974,0.019999999999999574,-0.06999999999999318,0.010000000000001563,-0.8099999999999952,0.17999999999999972,0.14000000000000057,0.5200000000000031,-4.8799999999999955,4.260000000000019,-1.5700000000000003,1.2800000000000011,0.08999999999999986,0.41000000000000014,-0.3699999999999992,-0.8099999999999987,-1.009999999999998,-4.699999999999996,-0.16999999999999815,0.509999999999998,1.1899999999999977,-3.329999999999984,-6.240000000000009,-0.259999999999998,0.4800000000000182,-4.349999999999994,-3.7099999999999937,-3.0100000000000193,-0.8599999999999994,-0.9199999999999946,-0.769999999999996,-0.030000000000001137,-1.0600000000000023,-0.10999999999999943,0.19999999999999574,0.0,-0.019999999999999574,-0.08999999999999986,-0.040000000000000036,0.0600000000000005,-0.08999999999999986,-0.08999999999999986,0.08000000000000007,-0.04999999999999982,-0.13999999999999968,-0.07000000000000028,-0.00999999999999801,0.17999999999999972,0.08999999999999986,-0.08999999999999986,-0.020000000000000462,-0.04999999999999982,-0.980000000000004,-0.4299999999999997,-0.040000000000000924,0.00999999999999801,-0.05999999999999961,1.1300000000000097,-0.4399999999999977,0.10999999999999943,-0.5100000000000016,-0.010000000000001563,0.17999999999999972,-0.04999999999999982,-0.23999999999999844,0.259999999999998,-2.680000000000007,-0.509999999999998,0.25,-0.5,-0.0600000000000005,-0.05000000000000071,0.25,3.7700000000000102,-1.9499999999999993,-0.5700000000000003,-0.09999999999999964,-0.010000000000000231,7.289999999999964,-0.240000000000002,0.10999999999999943,-0.13000000000000256,0.22999999999999687,0.08000000000000007,0.45000000000000284,-0.14000000000000012,0.6700000000000017,-0.15000000000000213,0.6099999999999994,-1.1799999999999997,-0.07000000000000028,-0.6600000000000001,-0.21000000000000085,0.01999999999999602,0.020000000000000462,-0.10000000000000142,-1.9099999999999682,-0.030000000000001137,-0.00999999999999801,-0.10000000000000142,-0.1399999999999988,0.07000000000000028,0.3200000000000003,-0.120000000000001,0.010000000000000675,0.009999999999999787,0.019999999999999574,-0.05000000000000071,-0.21000000000000085,-0.3400000000000034,-0.019999999999999574,0.060000000000002274,-0.0,-0.020000000000000462,-0.08000000000000007,-1.259999999999998,0.259999999999998,0.049999999999998934,-0.010000000000001563,-0.22999999999999687,0.4299999999999997,-0.2400000000000002,0.019999999999999574,-0.28999999999999915,-0.08000000000000007,-0.14999999999999858,-0.09999999999999964,-0.129999999999999,-0.009999999999999787,-0.05999999999999872,-0.13999999999999968,0.010000000000000675,0.019999999999999574,0.009999999999999787,-0.0,-0.0600000000000005,-0.04999999999999982,-0.269999999999996,0.05000000000000071,0.010000000000000675,-0.09000000000000075,0.009999999999999787,-0.15000000000000036,-0.07000000000000028,0.23000000000000043,-0.3100000000000005,0.009999999999999787,0.37000000000000455,-0.05000000000000071,-0.019999999999999574,-0.05999999999999961,-0.08999999999999986,0.02000000000000135,0.4799999999999969,0.19000000000000128,-0.8300000000000018,0.040000000000000036,0.08000000000000007,-0.2799999999999976,-0.950000000000017,-0.07000000000000028,-0.3200000000000003,-0.020000000000000462,-0.03000000000000025,0.129999999999999,-0.08000000000000007,-1.2899999999999991,-0.009999999999999787,0.29999999999999893,-0.4499999999999993,-0.07000000000000028,-0.1399999999999988,0.6000000000000085,0.03999999999999915,-0.21999999999999886,0.08000000000000007,-0.029999999999999805,0.2599999999999998,-0.020000000000000462,-0.08000000000000007,0.020000000000000462,-0.05000000000000071,0.14999999999999858,-0.04999999999999982,0.00999999999999801,-0.5300000000000011,0.4099999999999966,-3.6300000000000026,1.0500000000000043,-1.3199999999999932,0.6300000000000026,0.23000000000000398,-1.509999999999998,-0.8400000000000034,-0.120000000000001,-0.41000000000000014,-1.25,-0.03999999999999204,-0.4000000000000057,0.39000000000000057,-0.20999999999999908,-5.829999999999998,2.319999999999993,-1.3700000000000045,0.030000000000001137,-3.2700000000000102,0.4900000000000091,0.020000000000003126,-3.089999999999975,-0.16000000000000014,-0.13000000000000256,-0.79,1.990000000000009,0.18000000000000682,-1.4899999999999984,-3.1599999999999966,-0.46999999999999886,0.379999999999999,-3.3999999999999986,-0.1600000000000037
2024-05-23,-0.16000000000000014,0.16000000000000014,0.4800000000000004,-0.08999999999999986,-0.08999999999999986,0.16999999999999993,0.04999999999999982,0.22999999999999865,0.3299999999999983,0.3000000000000007,-0.740000000000002,0.020000000000000462,0.4799999999999969,-3.359999999999985,-3.5700000000000216,0.23000000000000043,-0.07000000000000028,0.3400000000000034,2.4299999999999926,0.41999999999999993,0.11000000000000032,-0.75,0.4200000000000017,0.19000000000000128,0.3200000000000003,0.5599999999999987,0.25,-1.5200000000000102,0.2599999999999998,0.22000000000000064,0.33999999999999986,0.2900000000000027,0.9899999999999984,0.9599999999999937,-0.08999999999999986,0.00999999999999801,0.40000000000000213,-0.13000000000000078,-0.14000000000000057,-0.23999999999999844,0.07000000000000028,1.3999999999999986,-0.21000000000000085,-0.7199999999999989,-0.09000000000000163,-0.0799999999999983,0.6600000000000037,0.5999999999999979,-0.1899999999999995,1.2199999999999989,0.39000000000000057,-0.3999999999999986,-0.10999999999999943,-0.7300000000000004,0.6000000000000085,-0.46000000000000085,-0.0,-0.0,-0.6099999999999994,0.5500000000000043,-0.23000000000000043,1.2299999999999969,-1.1400000000000006,-0.3500000000000014,-0.15000000000000036,-0.34999999999999964,-1.9699999999999989,-0.05999999999999872,0.39000000000000057,-0.35999999999999943,-0.7399999999999984,-0.9100000000000037,0.120000000000001,1.6999999999999957,-1.539999999999992,0.7899999999999991,-2.789999999999992,-1.4899999999999949,-0.16999999999999815,-0.019999999999999574,-0.8999999999999986,0.370000000000001,3.990000000000009,0.2900000000000009,-0.8999999999999986,0.12000000000000455,0.33999999999999986,1.2800000000000011,-2.3900000000000006,-0.6200000000000045,-1.0899999999999963,-1.759999999999998,-0.08999999999999986,-0.6099999999999994,-0.3699999999999992,-0.5899999999999999,-1.019999999999996,0.23999999999999488,-0.08000000000000185,-0.28000000000000114,0.37000000000000455,-0.549999999999983,-1.5999999999999943,-0.7099999999999973,-5.0,-2.3200000000000003,-1.5900000000000034,-6.200000000000017,-0.8299999999999983,-2.6499999999999986,-0.5300000000000011,0.8499999999999979,1.730000000000004,-0.009999999999999787,0.6499999999999986,0.030000000000000027,-0.17999999999999972,-0.040000000000000036,-0.040000000000000036,0.08000000000000007,-0.1299999999999999,0.05999999999999961,0.040000000000000924,-0.040000000000000036,-0.1299999999999999,0.4399999999999977,-0.21999999999999886,0.5600000000000023,-0.04999999999999982,-0.3699999999999992,-0.05000000000000071,0.13999999999999968,-0.490000000000002,-0.379999999999999,0.25,0.6799999999999997,-0.08999999999999986,1.539999999999992,0.3300000000000054,-0.09000000000000163,-0.08000000000000185,-0.060000000000002274,0.4299999999999997,-0.06999999999999984,-0.07000000000000028,-0.490000000000002,-2.1899999999999977,-0.3000000000000007,-0.22000000000000064,1.2800000000000011,0.16000000000000014,-0.22000000000000242,-0.14000000000000057,-1.259999999999991,-0.5199999999999996,-0.5300000000000011,0.370000000000001,0.11000000000000032,-5.7000000000000455,0.7899999999999991,0.5100000000000016,0.6400000000000006,-0.3100000000000023,0.33999999999999986,1.269999999999996,-0.1200000000000001,-0.2700000000000031,-0.060000000000002274,0.1999999999999993,-0.5299999999999994,-0.22000000000000242,-0.7200000000000024,1.5199999999999996,0.6599999999999966,-0.05999999999999961,-0.14999999999999858,-1.9700000000000273,0.16000000000000014,-0.769999999999996,-0.129999999999999,-0.26000000000000156,-0.05999999999999872,-0.6099999999999994,-0.16999999999999815,0.05000000000000071,0.10999999999999943,-0.0600000000000005,-0.049999999999998934,-0.240000000000002,-0.22999999999998977,0.16000000000000014,-0.17999999999999972,0.2599999999999998,0.05000000000000071,-0.010000000000001563,-0.629999999999999,-0.5399999999999991,0.4399999999999995,0.5199999999999996,0.259999999999998,-0.9600000000000009,-0.13999999999999968,-0.0,-0.19000000000000128,-0.45000000000000107,-0.07000000000000028,0.0,0.17999999999999972,0.1999999999999993,-0.28999999999999915,0.03000000000000025,0.15000000000000036,0.17999999999999972,0.019999999999999574,-0.6199999999999974,-0.08000000000000007,-0.019999999999999574,-0.5700000000000003,0.27999999999999936,0.10000000000000053,-0.08000000000000007,-0.019999999999999574,-0.25,0.0400000000000027,-0.11999999999999744,-0.21000000000000085,0.10999999999999988,-0.0899999999999963,0.14000000000000057,-0.040000000000000036,-0.09999999999999964,-0.0699999999999994,0.20000000000000107,-1.4499999999999957,-0.27000000000000135,-0.39000000000000057,-0.03000000000000025,0.15000000000000036,-0.4099999999999966,3.3899999999999864,0.27999999999999936,-0.3200000000000003,-0.08000000000000007,-0.03000000000000025,-0.08999999999999986,-0.14000000000000057,-0.23000000000000043,-0.029999999999999805,0.02999999999999936,-0.33000000000000185,0.27999999999999936,0.35999999999999943,-2.200000000000003,-0.21000000000000085,0.5899999999999999,0.14000000000000057,-0.029999999999999805,0.13000000000000078,-0.04999999999999982,-0.009999999999999787,0.010000000000000675,0.019999999999999574,1.1099999999999994,-0.03000000000000025,1.240000000000002,0.789999999999992,-0.8299999999999983,-1.8700000000000045,-0.8199999999999932,41.709999999999994,-1.5700000000000003,-0.3100000000000023,0.5899999999999963,2.0,-0.6999999999999993,1.1400000000000006,-0.9600000000000009,0.3400000000000034,-0.3299999999999983,-1.269999999999996,-0.040000000000000924,-0.9099999999999966,-1.5200000000000102,-0.47000000000000597,0.010000000000019327,1.3500000000000227,-1.190000000000012,1.3100000000000023,7.0,-0.26000000000000156,-0.5100000000000051,-0.28000000000000025,5.2900000000000205,-0.4300000000000068,-0.00999999999999801,-3.4499999999999957,-0.8200000000000003,1.0599999999999987,-0.9399999999999977,1.1000000000000014
2024-05-24,-0.08999999999999986,-0.5700000000000003,-0.1999999999999993,-0.0900000000000003,0.08000000000000007,0.10999999999999943,-0.04999999999999982,-0.13000000000000078,-0.8800000000000097,-0.019999999999999574,0.46000000000000085,-0.20999999999999996,-0.10999999999999943,2.3499999999999943,6.089999999999975,-0.02999999999999936,-0.5,-0.04999999999999716,-0.7900000000000063,0.07000000000000028,-0.02999999999999936,1.4899999999999949,-0.46999999999999886,-0.129999999999999,-0.5300000000000011,-0.17999999999999972,0.02000000000000135,2.4499999999999886,0.08000000000000007,-0.019999999999999574,0.019999999999999574,1.2600000000000016,-0.33000000000000185,1.1000000000000014,-0.03999999999999915,0.8800000000000026,-0.40000000000000213,-0.3099999999999987,-0.19000000000000128,0.3099999999999987,-0.11000000000000032,2.270000000000003,0.8900000000000006,-0.4800000000000004,-0.08000000000000007,0.3000000000000007,-0.5,-0.370000000000001,0.0,-0.8500000000000014,-0.389999999999997,-0.41000000000000014,0.0,-0.2699999999999996,-0.3299999999999983,-0.240000000000002,0.5400000000000063,-6.160000000000025,-0.33000000000000007,0.0,-0.28000000000000114,-0.45000000000000284,-0.8399999999999963,0.9999999999999964,-0.03999999999999915,-0.21999999999999886,5.649999999999977,-0.129999999999999,-0.25,-0.10999999999999943,-0.41000000000000014,-0.3999999999999986,-0.11999999999999922,0.3500000000000014,1.6800000000000068,-1.0500000000000043,-3.319999999999993,2.960000000000008,-0.46000000000000085,-0.09999999999999964,-1.1099999999999994,-0.17999999999999972,-2.1400000000000006,-0.23000000000000043,0.990000000000002,0.7900000000000063,-0.39000000000000057,3.1700000000000017,-1.3399999999999892,8.400000000000006,-0.21999999999999886,-0.20000000000000284,-0.4399999999999977,-0.370000000000001,-0.16999999999999993,-0.39000000000000057,-1.2800000000000011,-1.4500000000000028,-0.13000000000000256,-0.46000000000000085,0.3100000000000023,-3.3600000000000136,-5.1200000000000045,-0.2699999999999996,-7.899999999999977,-1.759999999999998,2.6299999999999955,-6.349999999999994,-0.11999999999999744,-1.1599999999999966,1.3800000000000097,-0.41000000000000014,-0.46999999999999886,-0.08000000000000007,-0.060000000000002274,-0.010000000000000009,-0.1999999999999993,0.009999999999999787,-0.010000000000000231,0.03000000000000025,-0.04999999999999982,-0.3199999999999994,-0.1999999999999993,-0.04999999999999982,-0.05999999999999961,-0.28000000000000114,-0.11999999999999744,-0.759999999999998,-0.03000000000000025,-0.2900000000000009,-0.02999999999999936,-0.04999999999999982,-0.46000000000000085,-0.09999999999999964,0.009999999999999787,-0.14000000000000057,-0.009999999999999787,-0.6500000000000057,0.020000000000003126,-0.23000000000000043,-0.6099999999999994,-0.07000000000000028,-0.09999999999999787,0.029999999999999805,-0.10000000000000142,0.6099999999999994,-0.38000000000000966,-0.17999999999999972,0.09999999999999964,0.15000000000000213,-0.22999999999999865,-0.0,0.05999999999999872,-2.1599999999999966,-0.11999999999999744,-0.5,0.08000000000000007,-0.05999999999999961,14.930000000000064,-0.19000000000000128,0.6499999999999986,0.8599999999999994,-0.4299999999999997,0.41999999999999993,1.5600000000000023,-0.08999999999999986,-0.5899999999999963,-0.4599999999999973,0.00999999999999801,-0.40000000000000036,-0.13999999999999702,0.8200000000000003,-0.870000000000001,0.9400000000000048,-0.2400000000000002,-0.08999999999999986,5.310000000000002,-0.13000000000000078,0.75,-0.28999999999999915,-0.4299999999999997,-0.41000000000000014,-0.28000000000000114,-0.15000000000000213,-0.040000000000000036,-0.010000000000000675,0.049999999999998934,0.14000000000000057,0.120000000000001,0.23000000000000398,-0.10999999999999943,-0.10999999999999943,-0.14000000000000057,0.020000000000000462,-0.0600000000000005,-0.16999999999999815,-0.2600000000000051,-0.17999999999999972,-0.46000000000000085,-0.6899999999999977,-0.8299999999999983,-0.05000000000000071,0.02999999999999936,1.4700000000000024,-0.2400000000000002,-0.21999999999999886,-0.040000000000000036,-0.05000000000000071,-0.120000000000001,-0.23999999999999844,0.03000000000000025,-0.07000000000000028,-0.05000000000000071,-0.010000000000000675,-0.8900000000000006,-0.08000000000000007,0.040000000000000036,-0.5899999999999963,-0.16000000000000014,-0.0699999999999994,-0.11000000000000032,0.04999999999999982,-0.09999999999999964,0.7600000000000016,-0.35999999999999943,-0.02999999999999936,-0.020000000000000018,0.8000000000000007,0.8699999999999974,-0.0,-0.08999999999999986,-0.0,-0.20999999999999908,1.8100000000000023,0.4399999999999995,-0.19000000000000128,-0.009999999999999787,-0.009999999999999787,-0.4200000000000017,-3.260000000000005,-0.07000000000000028,0.28999999999999915,-0.03000000000000025,-0.019999999999999574,0.11999999999999922,-0.0600000000000005,-0.7100000000000009,0.009999999999999787,0.019999999999999574,-0.2900000000000027,-0.1899999999999995,-0.25,-2.1500000000000057,-0.030000000000001137,-0.019999999999999574,-0.08999999999999986,0.010000000000000231,0.009999999999999787,0.040000000000000036,-0.08999999999999986,-0.03999999999999915,0.019999999999999574,-0.5199999999999996,-0.040000000000000036,-1.2999999999999972,-1.539999999999992,-0.5399999999999991,0.4200000000000017,1.0800000000000054,3.6500000000000057,1.0799999999999983,1.499999999999993,-0.9099999999999966,-2.4099999999999966,-0.5500000000000007,0.07000000000000028,-0.5500000000000007,-1.8199999999999932,1.3699999999999974,2.660000000000011,0.009999999999999787,3.030000000000001,3.009999999999991,-1.0499999999999972,-3.2399999999999807,6.969999999999999,3.6399999999999864,-0.01999999999999602,8.5,0.22999999999999865,-0.36000000000000654,-0.1299999999999999,11.799999999999983,-0.3200000000000074,-0.08000000000000185,-1.4200000000000017,-0.5200000000000031,0.8599999999999994,-0.6600000000000001,-0.14000000000000057
2024-05-27,-0.1999999999999993,-0.120000000000001,-0.46000000000000085,0.04999999999999982,-0.03000000000000025,0.05000000000000071,-0.05999999999999961,0.10999999999999943,-0.9699999999999989,-0.370000000000001,0.030000000000001137,0.13000000000000078,-0.44999999999999574,0.5800000000000125,1.0199999999999818,-0.1200000000000001,0.07000000000000028,-0.75,-0.010000000000005116,0.09999999999999964,0.05999999999999961,0.240000000000002,-0.23999999999999844,0.08000000000000007,0.20999999999999375,0.29999999999999716,-0.06999999999999851,0.4300000000000068,-0.0600000000000005,-0.020000000000000462,-0.370000000000001,0.5500000000000007,-0.6400000000000006,0.46000000000000085,-0.10999999999999943,-1.9299999999999997,-0.14999999999999858,-0.129999999999999,-0.21000000000000085,0.11000000000000298,0.03000000000000025,1.1099999999999994,0.240000000000002,-0.6600000000000001,-0.40000000000000036,0.05999999999999872,-0.37000000000000455,-0.09999999999999787,0.05000000000000071,0.35999999999999943,-0.0400000000000027,0.2699999999999996,-0.08000000000000007,0.20000000000000107,0.4200000000000017,-1.1199999999999974,-0.020000000000003126,-17.0,-0.11999999999999922,-0.10000000000000142,0.23999999999999844,0.10000000000000142,-0.20000000000000284,0.379999999999999,0.10999999999999943,0.3100000000000005,-0.950000000000017,-0.33999999999999986,-0.10999999999999943,-0.14999999999999858,0.07000000000000028,0.4100000000000037,-0.14999999999999858,0.14999999999999858,0.7000000000000028,0.03999999999999915,1.1200000000000045,0.5799999999999983,-0.6799999999999997,0.08000000000000007,-0.25,-0.07000000000000028,2.5400000000000063,0.14000000000000057,-0.04999999999999716,0.4100000000000037,0.03999999999999915,1.4500000000000028,-0.01999999999999602,3.0,-1.1300000000000026,0.4200000000000017,-0.7300000000000004,1.0599999999999987,-0.4599999999999991,-0.05000000000000071,0.7899999999999991,0.8999999999999986,-0.379999999999999,-0.9500000000000028,0.6899999999999977,0.9699999999999989,2.4499999999999886,0.08000000000000185,-0.910000000000025,-0.7999999999999972,-1.4899999999999949,-1.6500000000000057,0.8200000000000003,-0.3299999999999983,-0.14000000000000057,-0.03999999999999915,-2.980000000000004,0.09999999999999964,0.05000000000000426,0.0,-0.1899999999999995,0.08000000000000007,-0.0,-0.14999999999999947,-0.08000000000000007,-0.3800000000000008,0.07000000000000028,0.08999999999999986,0.040000000000000036,0.14000000000000057,0.20000000000000284,0.3999999999999986,-0.040000000000000036,0.049999999999998934,-0.08999999999999986,-0.019999999999999574,-0.05000000000000426,-0.25,-0.19000000000000128,0.019999999999999574,-0.040000000000000036,-0.9000000000000057,-0.6300000000000026,0.370000000000001,-0.34999999999999787,-0.6799999999999997,-0.14999999999999858,-0.1200000000000001,0.10999999999999943,-0.2600000000000051,1.8300000000000125,-0.5100000000000016,-0.4900000000000002,0.41999999999999815,0.11999999999999922,-0.7600000000000016,0.23999999999999844,-1.089999999999975,-0.45000000000000284,-0.6799999999999997,0.040000000000000924,0.009999999999999787,6.960000000000036,0.4700000000000024,0.05000000000000071,-0.5999999999999979,0.17999999999999972,0.09999999999999964,-0.28000000000000114,-0.030000000000000027,-1.7399999999999949,0.010000000000001563,-0.6900000000000013,0.40000000000000036,-0.00999999999999801,-0.370000000000001,-0.07000000000000028,0.2700000000000031,0.08000000000000007,-0.23000000000000043,-0.9799999999999898,-0.2400000000000002,0.8200000000000003,-0.8900000000000006,0.379999999999999,0.14000000000000057,-0.14000000000000057,-0.21000000000000085,0.020000000000000462,-0.05000000000000071,-0.14000000000000057,-0.23000000000000043,-0.7300000000000004,-2.269999999999996,0.05999999999999872,0.07000000000000028,0.11999999999999922,-0.040000000000000036,-0.23000000000000043,-0.23000000000000043,-0.6700000000000017,0.1999999999999993,0.08999999999999986,-0.6899999999999977,-0.21000000000000085,0.10000000000000053,-0.1700000000000017,0.7100000000000009,0.120000000000001,-0.33999999999999986,-0.020000000000000462,0.0600000000000005,-0.46000000000000085,-0.6699999999999982,-0.14999999999999947,0.040000000000000036,0.07000000000000028,-0.0600000000000005,0.21000000000000085,-0.09999999999999964,-0.0699999999999994,0.3200000000000003,0.10999999999999943,-0.019999999999999574,0.08999999999999986,0.040000000000000036,-0.4399999999999995,0.4400000000000013,0.14999999999999858,-0.02999999999999936,-0.020000000000000018,0.0,0.41000000000000014,-0.10000000000000053,0.04999999999999982,-0.010000000000000675,0.16000000000000014,0.39000000000000057,0.16000000000000014,-0.129999999999999,-0.09999999999999964,-0.20000000000000018,0.16000000000000014,-4.359999999999999,0.11999999999999922,0.4700000000000024,-0.0600000000000005,-0.03999999999999959,-0.22999999999999865,-0.2699999999999996,0.5599999999999987,0.009999999999999787,-0.1800000000000015,-0.05000000000000071,0.09999999999999964,0.08000000000000007,-0.25,-0.21999999999999886,-0.379999999999999,0.05000000000000071,0.020000000000000018,-0.8999999999999986,0.040000000000000036,-0.16000000000000014,-0.02999999999999936,0.009999999999999787,-0.40000000000000213,-0.2400000000000002,0.8200000000000003,-2.8499999999999943,0.3299999999999983,-0.3999999999999986,0.20000000000000284,-2.030000000000001,0.7700000000000031,-3.559999999999995,-0.5599999999999952,-0.4099999999999966,-0.14000000000000057,-0.05999999999999872,0.6699999999999982,1.4500000000000028,-0.17999999999999972,-2.8800000000000097,-0.35999999999999943,1.0100000000000051,0.9799999999999898,-2.8699999999999974,0.9900000000000091,0.910000000000025,2.9799999999999898,-0.509999999999998,6.399999999999977,-0.33000000000000007,-1.1599999999999966,-0.16000000000000014,4.090000000000003,1.210000000000008,-0.17999999999999972,0.21999999999999886,-0.990000000000002,0.1999999999999993,-0.3500000000000014,-2.1000000000000014
2024-05-28,-0.10999999999999943,0.34999999999999964,-0.28000000000000114,-0.06000000000000005,0.16000000000000014,-0.14000000000000057,-0.04999999999999982,-0.16000000000000014,-0.5600000000000023,-0.39000000000000057,-0.19000000000000128,0.33000000000000007,-0.25,-0.37000000000000455,-2.829999999999984,-0.05000000000000071,0.5500000000000007,-0.35999999999999943,1.460000000000008,-0.08999999999999986,0.20000000000000018,0.00999999999999801,-0.33999999999999986,-0.11000000000000121,-0.45000000000000284,-0.09999999999999787,-0.11999999999999922,1.5500000000000114,-0.3000000000000007,0.09999999999999964,-0.21000000000000085,-1.1099999999999994,-1.0300000000000011,1.8300000000000054,0.08999999999999986,0.12000000000000455,-0.5,-0.1999999999999993,0.25,0.10000000000000142,0.09999999999999964,-0.15000000000000568,0.07000000000000028,-0.8900000000000006,-0.14000000000000057,-0.3099999999999987,-0.8299999999999983,-0.41999999999999815,-0.0699999999999994,1.019999999999996,-0.259999999999998,-0.4299999999999997,-0.03000000000000025,-0.4299999999999997,-0.9399999999999977,-0.4199999999999946,-0.35999999999999943,0.9800000000000182,-0.26000000000000156,0.010000000000005116,0.0,-0.35999999999999943,-0.39000000000000057,0.7800000000000011,0.16000000000000014,-0.41999999999999993,-0.9699999999999989,-0.16999999999999815,-0.240000000000002,0.0,0.010000000000001563,-0.5,-0.019999999999999574,-0.5899999999999963,-0.25,-0.10000000000000142,-2.4399999999999977,0.29999999999999716,-0.629999999999999,-0.0600000000000005,-0.3500000000000014,-0.16000000000000014,-0.6299999999999955,-0.14000000000000057,-0.11999999999999744,1.1000000000000014,-0.11000000000000121,-0.18999999999999773,-1.3799999999999955,7.3799999999999955,-0.509999999999998,0.6299999999999955,-0.33000000000000185,-0.4400000000000013,-0.28999999999999915,-0.14999999999999858,0.030000000000001137,-1.769999999999996,-0.41999999999999815,-0.6499999999999986,-0.35999999999999943,-2.2099999999999795,0.07999999999998408,-0.3200000000000003,2.8000000000000114,0.14999999999999858,0.4899999999999949,-4.399999999999977,-1.7800000000000011,-0.9000000000000057,-1.259999999999991,-0.28999999999999915,0.5,0.0,0.6000000000000014,0.010000000000000009,-0.009999999999999787,-0.04999999999999982,-0.040000000000000036,-0.009999999999999787,-0.0,-0.09000000000000075,0.14000000000000057,0.08000000000000007,0.0600000000000005,-0.10999999999999943,0.5700000000000003,-0.3100000000000023,-0.03000000000000025,-0.20000000000000107,-0.0600000000000005,-0.04999999999999982,-0.3400000000000034,-0.019999999999999574,-0.2900000000000009,-0.07000000000000028,-0.03000000000000025,-1.1200000000000045,-0.20000000000000284,-0.129999999999999,-0.3299999999999983,0.05000000000000071,-0.05000000000000071,-0.020000000000000018,0.26000000000000156,-0.5700000000000003,-0.4200000000000017,-0.1600000000000037,-0.019999999999999574,-0.05000000000000071,-0.11999999999999922,0.0,0.0799999999999983,-2.7799999999999727,-0.3299999999999983,-0.10000000000000142,0.009999999999999787,-0.029999999999999805,-5.479999999999791,-0.2700000000000031,-0.19000000000000128,-0.019999999999999574,0.14999999999999858,-0.02000000000000135,1.8199999999999932,0.050000000000000044,-0.12999999999999545,0.259999999999998,-0.6000000000000014,-0.1899999999999995,0.17999999999999972,-0.0799999999999983,-0.3500000000000014,-0.3100000000000023,0.009999999999999787,0.0400000000000027,-3.1899999999999977,-0.16000000000000014,0.8800000000000026,0.029999999999997584,0.17999999999999972,-0.25,-0.30999999999999517,0.1999999999999993,-0.08999999999999986,-0.07000000000000028,-0.02000000000000135,-0.07000000000000028,-0.379999999999999,-0.5799999999999983,-0.08000000000000007,-0.11999999999999744,-0.11999999999999922,-0.020000000000000462,0.09999999999999964,-0.0400000000000027,-0.740000000000002,-0.2599999999999998,-0.16999999999999815,0.8999999999999986,-0.8500000000000014,-0.14000000000000057,-0.1899999999999995,-0.7399999999999984,-0.3200000000000003,0.08999999999999986,0.009999999999999787,0.11999999999999922,-0.21000000000000085,0.28999999999999915,-0.02999999999999936,-0.05999999999999961,0.10999999999999943,0.009999999999999787,0.3400000000000034,-0.05999999999999961,-0.009999999999999787,1.2600000000000051,-0.11999999999999922,-0.04999999999999982,-0.08000000000000007,0.009999999999999787,0.120000000000001,-0.16000000000000014,-0.14000000000000057,0.07000000000000028,-0.0,-0.010000000000001563,-0.4400000000000013,-0.020000000000000462,0.07000000000000028,-0.03000000000000025,-0.120000000000001,0.030000000000001137,0.019999999999999574,-0.10999999999999943,-0.08999999999999986,-0.07000000000000028,-0.2599999999999998,-4.810000000000002,0.16000000000000014,0.010000000000001563,-0.05000000000000071,-0.020000000000000018,-0.019999999999999574,0.15000000000000036,0.019999999999999574,-0.020000000000000018,0.22999999999999865,-0.03999999999999915,0.13000000000000078,0.21000000000000085,-0.9299999999999926,-0.08999999999999986,-0.14999999999999858,-0.13000000000000078,-0.029999999999999805,-0.4900000000000002,0.0,-0.25,0.02999999999999936,-0.0699999999999994,-0.4400000000000013,-0.010000000000000675,-1.0200000000000031,-1.5300000000000011,-0.1600000000000037,-1.8400000000000034,-0.3999999999999986,-1.1899999999999977,-1.0,-1.0899999999999892,0.0,0.5999999999999943,-0.3000000000000007,-0.07000000000000028,-0.10000000000000142,-0.5100000000000051,-0.03999999999999915,-0.20999999999999375,0.0,-3.1400000000000006,2.030000000000001,-0.05999999999999517,1.0,-2.630000000000024,-0.28000000000000114,-1.0300000000000011,-1.0,-0.5099999999999998,-0.45000000000000284,-0.16999999999999993,-3.740000000000009,-1.1999999999999886,-0.11999999999999744,1.259999999999998,0.0799999999999983,-0.41000000000000014,-0.35999999999999943,-0.020000000000003126
2024-05-29,0.14000000000000057,0.0600000000000005,-0.1700000000000017,0.010000000000000231,0.020000000000000462,0.13000000000000078,0.009999999999999787,0.08000000000000007,1.1800000000000068,0.09999999999999787,-0.41999999999999815,0.22000000000000064,0.44999999999999574,-1.3400000000000034,-1.5900000000000034,0.04999999999999982,-0.16999999999999993,0.38000000000000256,0.480000000000004,-0.21000000000000085,0.0,-0.1599999999999966,-0.029999999999997584,0.030000000000001137,0.22999999999999687,-0.019999999999999574,-0.05000000000000071,-0.8199999999999932,0.13000000000000078,-0.020000000000000462,0.10000000000000142,-0.10000000000000142,-0.4299999999999997,0.0800000000000054,0.1899999999999995,-0.7000000000000028,-0.10000000000000142,0.11999999999999922,-0.36999999999999744,-0.14000000000000057,-0.020000000000000462,-0.3300000000000054,0.05000000000000071,-0.379999999999999,-0.6999999999999993,-0.3200000000000003,-0.11000000000000654,0.2699999999999996,0.02999999999999936,0.04999999999999716,-0.08000000000000185,-0.18999999999999773,-0.08000000000000007,0.0,-0.12999999999999545,0.0,-0.09000000000000341,-6.28000000000003,-0.02999999999999936,-0.10999999999999943,-1.3000000000000007,-0.480000000000004,-0.8800000000000026,0.07000000000000028,0.02999999999999936,0.129999999999999,-17.319999999999993,-0.16999999999999815,0.010000000000001563,-0.129999999999999,-0.5,0.03999999999999915,0.019999999999999574,-0.7899999999999991,-0.5800000000000125,0.35999999999999943,0.25,0.7999999999999972,0.41999999999999815,0.019999999999999574,-1.1199999999999974,-0.009999999999999787,0.5899999999999892,-0.03999999999999915,-0.060000000000002274,-0.20000000000000284,-0.08999999999999986,-0.8599999999999994,-1.0699999999999932,-0.009999999999990905,-0.8999999999999986,1.4500000000000028,-0.2699999999999996,-0.030000000000001137,-0.02999999999999936,-0.26000000000000156,-0.07000000000000028,-2.8399999999999963,0.09999999999999787,-0.6199999999999974,0.04000000000000625,-0.9899999999999807,2.0500000000000114,-0.1999999999999993,0.9499999999999886,-0.8800000000000026,-1.0600000000000023,2.3000000000000114,14.689999999999998,0.07000000000000028,0.0899999999999892,-0.14999999999999858,-0.9000000000000057,0.049999999999998934,0.04999999999999716,0.010000000000000009,0.0600000000000005,0.040000000000000036,-0.029999999999999805,-0.02999999999999936,0.0,-0.009999999999999787,-0.08000000000000007,0.03000000000000025,0.0,0.029999999999997584,-0.17999999999999972,0.259999999999998,-0.02999999999999936,0.07000000000000028,0.04999999999999982,0.0,0.10999999999999943,-0.22999999999999865,0.040000000000000924,-0.33000000000000185,-0.009999999999999787,0.6200000000000045,-0.18999999999999773,-0.120000000000001,-0.23999999999999844,0.1700000000000017,-0.09999999999999787,-0.1200000000000001,0.08999999999999986,-0.25,-0.3100000000000023,0.3999999999999986,-0.03999999999999915,0.5300000000000011,-0.07000000000000028,-0.08999999999999986,-0.23999999999999844,0.18999999999999773,-1.0199999999999996,0.14000000000000057,-0.21999999999999886,-0.010000000000000231,9.3599999999999,-0.23000000000000043,-0.05000000000000071,0.060000000000002274,-0.030000000000001137,-0.08000000000000007,-0.980000000000004,0.010000000000000009,-0.45000000000000284,0.020000000000003126,0.25,-0.6799999999999997,0.14000000000000057,-0.13999999999999702,-0.4400000000000013,-0.04000000000000625,-0.009999999999999787,0.08000000000000185,2.5900000000000034,-0.2400000000000002,-0.1600000000000037,-0.029999999999997584,-0.26000000000000156,0.17999999999999972,-0.20999999999999375,-0.019999999999999574,-0.009999999999999787,0.009999999999999787,0.05999999999999872,0.16000000000000014,-0.990000000000002,0.04999999999999716,-0.010000000000001563,-0.17999999999999972,-0.009999999999999787,0.009999999999999787,0.11999999999999922,-0.5100000000000016,0.39000000000000057,0.040000000000000924,-0.05000000000000071,0.5500000000000043,0.6199999999999974,0.0,0.049999999999998934,0.08999999999999986,0.11999999999999922,0.25,-0.05999999999999961,-0.05000000000000071,-0.20000000000000107,-0.05999999999999872,0.10000000000000053,-0.0,0.05000000000000071,0.03000000000000025,0.28999999999999915,0.07000000000000028,0.009999999999999787,-0.269999999999996,0.03999999999999915,-0.009999999999999787,0.040000000000000036,0.020000000000000462,-0.29999999999999893,0.3500000000000014,-0.18999999999999773,-0.13000000000000078,-0.010000000000000231,-0.4800000000000004,-0.2699999999999996,0.05999999999999961,0.020000000000000462,0.009999999999999787,0.040000000000000924,-0.21999999999999886,-0.1999999999999993,-0.3500000000000014,-0.040000000000000036,-0.009999999999999787,0.03999999999999915,0.04000000000000625,-0.019999999999999574,0.13000000000000256,-0.009999999999999787,0.029999999999999805,0.019999999999999574,0.09999999999999964,-0.4800000000000004,-0.010000000000000231,0.129999999999999,0.19000000000000128,-0.06999999999999851,0.030000000000001137,0.269999999999996,0.25,-0.3999999999999986,0.040000000000000924,0.040000000000000036,0.08000000000000007,0.040000000000000036,-0.02000000000000135,0.03000000000000025,0.009999999999999787,0.0,0.1299999999999999,0.5700000000000003,-0.06999999999999318,0.010000000000005116,0.14999999999999858,0.18999999999999773,-1.0300000000000011,-0.3200000000000003,0.2799999999999869,-0.9600000000000009,-0.060000000000002274,-0.6400000000000006,-0.6499999999999986,-0.25,-0.10999999999999943,-0.30000000000000426,-1.25,0.22000000000000064,30.83,-1.9299999999999784,0.22999999999999687,-0.9099999999999966,-0.4200000000000159,-0.8399999999999892,-0.6099999999999994,4.490000000000009,0.08999999999999986,1.269999999999996,-0.3000000000000007,-0.25,-0.19000000000001194,-0.5299999999999976,0.1599999999999966,-0.5399999999999991,-0.00999999999999801,-2.080000000000002,-0.1700000000000017
2024-05-30,-0.14000000000000057,0.3100000000000005,-0.0400000000000027,-0.06000000000000005,0.0,0.15999999999999925,0.009999999999999787,-0.009999999999999787,-0.6699999999999875,0.10999999999999943,-0.5899999999999999,-0.08000000000000007,0.5300000000000011,4.909999999999997,1.6400000000000148,0.10999999999999943,0.07000000000000028,-0.0799999999999983,6.730000000000004,0.3200000000000003,0.020000000000000462,-0.14000000000000057,-0.23999999999999844,0.030000000000001137,0.0800000000000054,-0.14999999999999858,-0.030000000000001137,2.950000000000017,-0.14000000000000057,-0.019999999999999574,0.28999999999999915,-0.03999999999999915,0.360000000000003,-0.3500000000000014,0.29999999999999893,-1.1400000000000006,-0.21999999999999886,0.4499999999999993,-0.0400000000000027,-0.35999999999999943,0.09999999999999964,-0.9200000000000017,-0.3099999999999987,-0.33999999999999986,-0.05999999999999872,0.08000000000000185,0.14000000000000057,0.18999999999999773,-0.020000000000000462,-0.7899999999999991,0.10999999999999943,-0.9200000000000017,0.0,0.6400000000000006,0.6099999999999994,-0.44000000000000483,0.5999999999999943,1.1999999999999886,-0.1999999999999993,-0.04000000000000625,-0.370000000000001,-0.10999999999999943,-0.19000000000000483,-1.0799999999999983,0.1999999999999993,0.2599999999999998,3.160000000000025,0.7399999999999984,0.26000000000000156,0.15000000000000213,-0.3000000000000007,0.5900000000000034,-0.0600000000000005,-0.14999999999999858,-0.5700000000000074,-0.01999999999999602,-1.759999999999991,-0.75,-1.3900000000000006,-0.03000000000000025,0.980000000000004,0.08000000000000007,0.0,0.05000000000000071,0.13000000000000256,0.23999999999999488,-0.05000000000000071,-1.759999999999998,-0.1599999999999966,-1.0300000000000011,-0.4099999999999966,0.5799999999999983,-0.3100000000000023,-0.14999999999999858,-0.22000000000000064,-0.14000000000000057,0.04999999999999716,0.980000000000004,0.41000000000000014,-0.020000000000003126,-3.030000000000001,0.5600000000000023,0.7599999999999909,0.019999999999999574,-0.9099999999999682,-0.7800000000000011,-2.1000000000000085,0.27000000000001023,-0.10000000000000142,-0.22999999999999687,-0.36999999999999034,-0.05000000000000071,-3.1000000000000085,0.08999999999999986,-0.0899999999999963,0.010000000000000009,0.2599999999999998,-0.0600000000000005,-0.020000000000000018,0.020000000000000462,0.009999999999999787,0.20000000000000018,-0.09999999999999964,0.08000000000000007,-0.019999999999999574,0.08999999999999986,-0.05000000000000071,0.22999999999999687,-0.0600000000000005,0.21999999999999886,-0.009999999999999787,0.0,0.8299999999999983,-0.019999999999999574,-0.09999999999999964,-0.33999999999999986,-0.009999999999999787,1.2299999999999898,-1.7899999999999991,-0.16000000000000014,-0.10999999999999943,0.6799999999999997,-0.04999999999999716,0.03000000000000025,0.41999999999999815,-0.14000000000000057,1.5600000000000023,-0.23999999999999844,0.14000000000000057,1.1400000000000006,-0.22000000000000064,-0.23000000000000043,-0.4599999999999973,2.6500000000000057,0.5399999999999991,-0.39000000000000057,-0.5399999999999991,0.029999999999999805,25.0,0.7199999999999989,-0.029999999999997584,-0.8699999999999974,-0.10000000000000142,0.03999999999999915,3.25,0.06000000000000005,0.07000000000000028,-0.21999999999999886,0.1999999999999993,-0.28999999999999915,-0.07000000000000028,-0.6699999999999982,0.1700000000000017,-0.75,0.09000000000000075,0.23000000000000043,1.8799999999999955,-0.019999999999999574,-0.4299999999999997,-0.029999999999997584,-0.00999999999999801,0.4399999999999977,-1.4499999999999957,0.00999999999999801,-0.019999999999999574,-0.020000000000000462,0.11000000000000121,0.16999999999999993,-0.8200000000000003,-0.5600000000000023,-0.02000000000000135,0.019999999999999574,-0.009999999999999787,0.019999999999999574,-0.0600000000000005,-0.10000000000000142,-0.21999999999999886,-0.08999999999999986,0.10999999999999943,0.35999999999999943,-1.0399999999999991,0.0699999999999994,0.14999999999999858,-0.2699999999999996,0.2699999999999996,-0.129999999999999,0.03000000000000025,-0.02999999999999936,0.03999999999999915,0.5899999999999999,-0.019999999999999574,-0.009999999999999787,-0.02999999999999936,-0.040000000000000036,-0.3200000000000003,-0.019999999999999574,0.09999999999999964,-0.4100000000000037,-0.019999999999999574,-0.0,0.0699999999999994,-0.02999999999999936,0.15000000000000036,-0.17999999999999972,0.0,-0.07000000000000028,0.029999999999999805,0.010000000000001563,-0.129999999999999,-0.020000000000000462,0.04999999999999982,-0.010000000000000675,0.13000000000000078,-0.0,-0.13000000000000078,0.7199999999999989,0.019999999999999574,-0.009999999999999787,0.049999999999998934,1.1400000000000006,0.0600000000000005,0.07000000000000028,0.04999999999999982,-0.009999999999999787,-0.1899999999999995,0.2900000000000009,0.0,-0.0,-0.3000000000000007,0.010000000000001563,-0.0600000000000005,0.040000000000000924,1.3599999999999994,-0.14000000000000057,0.8099999999999987,0.010000000000001563,-0.020000000000000018,0.5700000000000003,0.040000000000000036,0.10999999999999943,-0.040000000000000036,-0.14999999999999947,0.07000000000000028,-0.04999999999999982,-0.17999999999999972,1.7900000000000063,-0.3300000000000054,-4.470000000000006,-0.11999999999999744,-1.3200000000000074,0.3500000000000014,0.6200000000000045,-1.0799999999999983,-1.7299999999999898,-0.240000000000002,-0.3999999999999986,0.3000000000000007,-2.450000000000003,0.28999999999999915,-1.9399999999999977,0.41999999999999993,-1.3800000000000097,-1.0700000000000216,-0.060000000000002274,-2.3400000000000034,-0.6099999999999852,0.030000000000001137,0.21999999999999886,-0.8100000000000023,-0.2599999999999998,0.14000000000000057,0.02999999999999936,0.5300000000000011,-1.190000000000012,-1.25,0.09999999999999432,-0.9299999999999997,-0.21999999999999886,0.04999999999999716,-2.450000000000003
2024-05-31,-0.009999999999999787,-0.019999999999999574,-0.10999999999999943,0.07000000000000028,0.040000000000000036,0.15999999999999925,-0.0,0.11000000000000121,0.4200000000000017,0.3000000000000007,0.3999999999999986,0.09999999999999964,0.259999999999998,0.75,-6.159999999999997,0.02999999999999936,-0.2699999999999996,0.3999999999999986,0.3200000000000074,0.08999999999999986,0.03000000000000025,-0.44999999999999574,-0.16999999999999815,0.0,-0.36999999999999744,-0.23000000000000043,0.019999999999999574,0.4399999999999977,-0.07000000000000028,0.11000000000000032,0.1700000000000017,-0.21000000000000085,-0.060000000000002274,-0.12999999999999545,-0.030000000000001137,-0.1599999999999966,-0.21000000000000085,0.0,-0.08999999999999986,0.5499999999999972,-0.020000000000000462,-0.3200000000000003,-1.120000000000001,-0.18999999999999773,-0.4299999999999997,0.00999999999999801,-0.5100000000000051,0.1999999999999993,0.1200000000000001,0.22000000000000597,-0.120000000000001,-0.03999999999999915,0.0600000000000005,-0.02999999999999936,-0.09000000000000341,1.4200000000000017,-0.10000000000000142,6.5499999999999545,-0.049999999999998934,0.04999999999999716,-0.6300000000000008,-0.5,0.6099999999999994,-0.46999999999999886,0.15000000000000036,-0.16999999999999993,1.1599999999999966,-0.120000000000001,-0.23000000000000043,-0.07000000000000028,0.3200000000000003,-0.259999999999998,-0.08999999999999986,0.13000000000000256,-0.3299999999999983,-0.3999999999999986,-1.759999999999991,-2.680000000000007,-0.28000000000000114,0.02999999999999936,-0.7299999999999969,-0.02999999999999936,0.30999999999998806,0.02999999999999936,0.030000000000001137,0.23000000000000398,0.05000000000000071,-0.14999999999999858,2.010000000000005,2.6999999999999886,-0.28999999999999915,-0.10000000000000142,0.030000000000001137,-0.07000000000000028,0.15000000000000036,0.13000000000000256,-0.1700000000000017,-4.289999999999999,-0.1999999999999993,0.27999999999999403,0.30999999999998806,1.5900000000000034,1.8999999999999773,-0.23999999999999844,8.29000000000002,-0.45000000000000284,-0.20000000000000284,-1.6400000000000148,-0.0899999999999963,0.1700000000000017,-0.9299999999999926,0.4700000000000024,-1.0400000000000063,-0.0600000000000005,0.39000000000000057,-0.010000000000000009,0.05000000000000071,-0.009999999999999787,-0.020000000000000018,0.019999999999999574,-0.08000000000000007,-0.10000000000000053,0.009999999999999787,0.08999999999999986,0.020000000000000462,-0.060000000000002274,-0.05000000000000071,-0.060000000000002274,-0.1200000000000001,-0.0,-0.009999999999999787,0.019999999999999574,0.07000000000000028,-0.17999999999999972,0.16000000000000014,-0.15000000000000213,-0.009999999999999787,-0.9599999999999937,-0.3500000000000014,0.23999999999999844,0.16999999999999815,0.08999999999999986,-0.020000000000003126,-0.04999999999999982,0.33999999999999986,0.5200000000000031,-1.3200000000000074,0.010000000000001563,0.16999999999999993,-0.0400000000000027,0.1399999999999988,0.629999999999999,-0.34999999999999787,0.8499999999999943,-0.5299999999999976,-0.22000000000000242,0.10999999999999943,-0.029999999999999805,-0.5499999999999545,0.21999999999999886,-0.03999999999999915,-0.10999999999999943,0.5199999999999996,-0.2599999999999998,0.269999999999996,0.010000000000000009,-0.5899999999999963,0.05999999999999872,0.6600000000000001,-0.2400000000000002,-0.07000000000000028,-0.08999999999999986,0.030000000000001137,-0.19999999999999574,-0.020000000000000462,0.21999999999999886,-2.1599999999999966,-0.11000000000000121,-0.14000000000000057,-0.1999999999999993,0.08999999999999986,-0.20000000000000284,0.5200000000000031,0.08999999999999986,-0.08999999999999986,-0.020000000000000462,0.08000000000000007,0.0,-0.019999999999999574,-0.1599999999999966,0.019999999999999574,-0.18999999999999773,0.0600000000000005,0.0,0.11999999999999922,-0.3099999999999987,0.28999999999999915,0.009999999999999787,-0.03999999999999915,-0.7600000000000051,0.39000000000000057,-0.020000000000000462,0.120000000000001,1.0300000000000011,0.27999999999999936,-0.05000000000000071,0.03000000000000025,-0.009999999999999787,-0.15000000000000036,0.3500000000000014,-0.0600000000000005,-0.019999999999999574,0.07000000000000028,0.0,0.0799999999999983,0.0600000000000005,-0.0699999999999994,0.17999999999999972,-0.030000000000001137,0.0,-0.03000000000000025,-0.010000000000000675,-0.08999999999999986,0.120000000000001,-0.05999999999999872,0.2400000000000002,-0.010000000000000231,0.10999999999999943,0.4299999999999997,0.019999999999999574,-0.020000000000000462,-0.05000000000000071,-0.019999999999999574,-0.8900000000000006,-0.35999999999999943,0.00999999999999801,0.010000000000000675,-0.0,0.11000000000000121,-0.3499999999999943,0.02000000000000135,-0.28000000000000114,0.020000000000000462,0.020000000000000018,0.08000000000000007,-0.05999999999999872,-0.019999999999999574,0.0,0.23000000000000043,0.379999999999999,-0.09999999999999964,0.009999999999999787,-0.39000000000000057,0.1999999999999993,-0.23000000000000043,-0.049999999999998934,0.0,0.0,0.009999999999999787,0.08999999999999986,0.03000000000000025,-0.02999999999999936,-0.1700000000000017,0.08000000000000007,-0.46999999999999886,1.5999999999999943,-0.1700000000000017,-3.970000000000006,0.3200000000000003,-0.7199999999999989,-0.060000000000002274,-0.9300000000000068,0.8299999999999983,-1.039999999999992,-0.019999999999999574,-0.23000000000000043,-0.05000000000000071,0.29999999999999716,0.75,-0.730000000000004,0.0,-0.28000000000000114,3.9799999999999898,0.14999999999999858,-2.0900000000000034,1.8000000000000114,-1.789999999999992,-0.7000000000000028,-1.0,-0.22000000000000064,-1.5899999999999963,0.14000000000000057,-2.259999999999991,-1.759999999999991,-0.019999999999999574,0.060000000000002274,-0.14000000000000057,0.3500000000000014,-0.5799999999999983,-0.5399999999999991
2024-06-03,0.129999999999999,-0.16000000000000014,-0.2699999999999996,-0.08999999999999986,0.04999999999999982,0.05000000000000071,-0.009999999999999787,0.16999999999999993,-0.2599999999999909,0.33999999999999986,-0.10999999999999943,0.04999999999999982,-0.02999999999999403,0.6200000000000045,-2.950000000000017,0.1200000000000001,-0.2699999999999996,-0.779999999999994,0.45999999999999375,-0.5299999999999994,-0.009999999999999787,-0.8399999999999963,-0.16000000000000014,0.06999999999999851,-0.10999999999999943,-0.029999999999997584,0.08000000000000007,0.7199999999999989,-0.08000000000000007,0.17999999999999972,0.010000000000001563,0.10999999999999943,-0.019999999999999574,-0.480000000000004,-0.05000000000000071,-0.9899999999999949,0.129999999999999,-0.23000000000000043,0.10999999999999943,-0.10000000000000142,-0.040000000000000036,-0.5700000000000003,0.4200000000000017,-0.07000000000000028,-0.15000000000000036,0.4400000000000013,0.1599999999999966,-0.07000000000000028,0.1299999999999999,0.03999999999999915,-0.129999999999999,0.18999999999999773,0.05999999999999961,-0.17999999999999972,0.37000000000000455,0.29000000000000625,-0.3999999999999986,-15.529999999999973,0.3699999999999992,-0.04999999999999716,0.14000000000000057,0.2700000000000031,0.14999999999999858,-0.7199999999999989,0.09999999999999964,0.7099999999999991,-8.079999999999984,-0.120000000000001,0.3500000000000014,0.31999999999999673,0.15000000000000213,-1.2000000000000028,-0.23000000000000043,-1.9299999999999997,1.5900000000000034,0.03999999999999915,-3.969999999999999,1.9599999999999937,0.2900000000000027,-0.0699999999999994,-1.6000000000000014,-0.08999999999999986,2.510000000000005,0.10999999999999943,0.8199999999999967,2.059999999999995,0.4499999999999993,-2.0,-0.12000000000000455,-11.079999999999984,-0.240000000000002,0.3299999999999983,0.33000000000000185,-0.2799999999999976,-0.21999999999999886,0.28999999999999915,0.6700000000000017,1.8099999999999952,-0.33999999999999986,0.3300000000000054,-1.3800000000000097,-4.740000000000009,-0.5,1.3900000000000006,-6.460000000000036,-0.75,-1.3799999999999955,3.1299999999999955,0.8500000000000014,0.509999999999998,-0.21000000000000796,-0.11999999999999744,-0.6800000000000068,0.0600000000000005,-0.17999999999999972,0.050000000000000044,0.03999999999999915,-0.08000000000000007,0.050000000000000266,-0.05999999999999961,-0.04999999999999982,0.040000000000000036,-0.35999999999999943,0.04999999999999982,0.04999999999999982,0.19000000000000128,0.2699999999999996,0.13000000000000256,-0.27000000000000046,0.019999999999999574,-0.019999999999999574,0.07000000000000028,0.6899999999999977,-0.20999999999999908,-0.33000000000000007,0.5,-0.020000000000000018,0.7600000000000051,-0.6599999999999966,-0.02000000000000135,-0.39000000000000057,0.28000000000000114,-0.2099999999999973,0.040000000000000036,0.05999999999999872,0.14000000000000057,-0.3299999999999983,0.2099999999999973,0.08000000000000007,-0.31999999999999673,0.07000000000000028,0.379999999999999,-0.28999999999999915,-1.4699999999999989,0.06999999999999673,0.9600000000000009,-0.16999999999999993,0.04999999999999982,9.059999999999945,0.8099999999999987,0.4200000000000017,-0.870000000000001,-0.46999999999999886,-0.3200000000000003,1.0900000000000034,0.08999999999999986,-0.05000000000000426,-0.05999999999999872,-0.9400000000000013,-0.14000000000000057,-0.0799999999999983,-0.3999999999999986,-0.25,0.17999999999999972,-0.08999999999999986,-0.36999999999999744,-1.759999999999991,0.1399999999999988,0.4200000000000017,0.019999999999999574,0.08000000000000185,-0.2699999999999996,-0.23000000000000398,-0.8200000000000003,-0.040000000000000036,0.05999999999999961,0.3099999999999996,0.22000000000000064,-0.3999999999999986,-1.6899999999999977,0.02999999999999936,0.060000000000002274,0.07000000000000028,0.020000000000000462,0.27999999999999936,-0.07000000000000028,-0.45000000000000284,-0.13000000000000078,-0.21999999999999886,-1.0100000000000051,1.1799999999999997,0.02999999999999936,-0.17999999999999972,-0.9600000000000009,-0.030000000000001137,-0.08999999999999986,0.05000000000000071,-0.03999999999999915,0.28999999999999915,0.379999999999999,0.10999999999999943,0.04999999999999982,-0.34999999999999964,-0.020000000000000462,0.060000000000002274,-0.020000000000000462,-0.040000000000000036,0.04999999999999716,0.13000000000000078,0.020000000000000462,-0.03000000000000025,-0.010000000000000675,0.1999999999999993,0.10999999999999943,-0.23000000000000043,0.0600000000000005,-0.0,-0.22999999999999687,0.010000000000001563,0.010000000000000675,0.040000000000000036,0.040000000000000036,0.4800000000000004,-2.4199999999999946,-0.2599999999999998,-0.030000000000001137,-0.009999999999999787,-0.0600000000000005,-0.02999999999999936,-1.9299999999999926,-0.08999999999999986,0.1700000000000017,0.040000000000000036,0.03000000000000025,0.3200000000000003,-0.019999999999999574,-0.15000000000000213,0.029999999999999805,0.21000000000000085,0.33999999999999986,0.030000000000001137,-0.019999999999999574,-0.5300000000000011,-0.1999999999999993,-0.08000000000000185,-0.0600000000000005,0.020000000000000018,-1.0199999999999996,-0.019999999999999574,-0.4499999999999993,-0.0,-0.009999999999999787,-0.030000000000001137,0.20000000000000018,-0.0899999999999963,1.9299999999999926,-0.10999999999999943,-1.5399999999999991,0.19999999999999574,0.7700000000000102,0.03999999999999915,-1.5700000000000074,-3.1000000000000014,-2.519999999999996,0.129999999999999,0.7699999999999996,0.39000000000000057,0.3400000000000034,-0.28000000000000114,-3.0600000000000023,0.16999999999999993,-0.4899999999999949,-15.180000000000007,-1.3699999999999974,-7.560000000000002,1.0699999999999932,0.18999999999999773,0.3500000000000014,-4.949999999999989,0.14000000000000057,-0.8099999999999952,-0.3899999999999988,-6.200000000000017,5.099999999999994,-0.379999999999999,1.0399999999999991,0.12999999999999545,-0.9299999999999997,-0.17999999999999972,-0.5899999999999963
2024-06-04,0.03999999999999915,-0.2699999999999996,0.030000000000001137,0.029999999999999805,-0.08000000000000007,0.14000000000000057,0.07999999999999918,0.08000000000000007,-0.3399999999999892,0.33000000000000007,0.120000000000001,-0.17999999999999972,0.990000000000002,1.2900000000000205,3.2499999999999716,0.10000000000000053,0.20000000000000107,0.10000000000000142,1.8100000000000023,0.5199999999999996,-0.04999999999999982,-1.7199999999999989,-0.33999999999999986,0.02999999999999936,-0.6400000000000006,-0.21999999999999886,0.07000000000000028,1.8000000000000114,-0.02999999999999936,0.019999999999999574,0.07000000000000028,-0.23000000000000043,-0.8100000000000023,-0.03999999999999915,-0.13000000000000078,1.8500000000000014,0.3999999999999986,-0.20999999999999908,0.26000000000000156,0.17999999999999972,0.17999999999999972,-0.25,0.2699999999999996,-0.3200000000000003,-0.05000000000000071,-0.11999999999999744,-0.7899999999999991,-0.019999999999999574,0.1200000000000001,0.0800000000000054,-0.019999999999999574,0.08999999999999986,0.040000000000000036,-0.9199999999999999,0.6400000000000006,0.25,0.36999999999999744,4.230000000000018,0.07000000000000028,-0.29000000000000625,-0.009999999999999787,0.14999999999999858,0.07000000000000028,0.21999999999999886,0.16000000000000014,0.2699999999999996,1.0500000000000114,-0.1999999999999993,0.1700000000000017,0.13999999999999702,0.26000000000000156,0.39000000000000057,-0.05000000000000071,-0.3399999999999963,1.730000000000004,-0.11999999999999744,0.01999999999999602,0.4000000000000057,-0.120000000000001,-0.009999999999999787,-2.9299999999999997,0.040000000000000924,0.6799999999999926,0.08999999999999986,0.22000000000000242,-0.4000000000000057,-0.019999999999999574,-0.6299999999999955,-4.329999999999998,4.650000000000006,-0.5,-1.8999999999999986,0.019999999999999574,0.08000000000000185,-0.08999999999999986,0.26000000000000156,-0.7199999999999989,-1.5799999999999983,0.10999999999999943,-0.00999999999999801,0.1799999999999926,3.469999999999999,1.8899999999999864,0.3500000000000014,1.8999999999999773,-0.37000000000000455,-0.1599999999999966,-8.139999999999986,1.0599999999999952,-0.740000000000002,-1.509999999999991,0.029999999999997584,-0.13000000000000966,0.040000000000000924,0.0799999999999983,-0.010000000000000009,-0.1999999999999993,0.040000000000000036,0.0,0.04999999999999982,-0.1200000000000001,-0.08999999999999986,0.16999999999999993,0.07000000000000028,0.08999999999999986,0.129999999999999,0.0,0.39000000000000057,0.05999999999999872,-0.3200000000000003,0.009999999999999787,0.019999999999999574,-1.0,-0.3299999999999983,-0.14000000000000057,0.030000000000001137,0.020000000000000018,-1.4099999999999966,0.10000000000000142,0.120000000000001,0.11999999999999744,1.2300000000000004,-0.4700000000000024,0.08000000000000007,-0.33000000000000185,-1.3299999999999983,0.8799999999999955,0.5999999999999979,0.03999999999999915,0.129999999999999,0.16000000000000014,-1.1899999999999977,0.389999999999997,-3.4199999999999875,-0.00999999999999801,-0.0799999999999983,-0.10999999999999943,0.020000000000000018,13.809999999999945,0.379999999999999,0.17999999999999972,0.010000000000001563,0.0799999999999983,-0.0600000000000005,1.1800000000000068,0.030000000000000027,-0.010000000000005116,0.1999999999999993,-0.35999999999999943,0.009999999999999787,-0.19000000000000128,-0.10999999999999943,0.3099999999999987,-1.0700000000000003,-0.11000000000000032,0.40000000000000213,0.8100000000000023,0.019999999999999574,-0.5500000000000043,-0.6900000000000013,-0.0,-0.0400000000000027,-0.45000000000000284,0.05000000000000071,0.020000000000000462,0.019999999999999574,-0.07000000000000028,0.0,-0.030000000000001137,0.20999999999999375,0.019999999999999574,-0.030000000000001137,0.09000000000000163,0.03000000000000025,0.07000000000000028,0.10999999999999943,0.8699999999999974,-0.2699999999999996,-0.25,1.0,-2.0600000000000023,-0.13999999999999968,-0.25,-0.08000000000000185,-0.11000000000000121,-0.05000000000000071,-0.02999999999999936,-0.07000000000000028,0.16999999999999993,0.8900000000000006,0.040000000000000036,0.019999999999999574,-0.05999999999999872,0.0,0.14000000000000057,0.040000000000000036,-0.1200000000000001,0.1700000000000017,-0.03999999999999915,0.009999999999999787,0.05999999999999961,0.02999999999999936,-0.09999999999999964,-0.09999999999999787,0.09999999999999787,0.17999999999999972,0.03000000000000025,-0.00999999999999801,0.9000000000000021,0.020000000000000462,-0.08000000000000007,0.08000000000000007,0.14000000000000057,-0.1699999999999946,-0.23000000000000043,-0.46000000000000085,-0.020000000000000462,0.08999999999999986,-0.13000000000000078,0.75,-0.1399999999999988,-0.0799999999999983,-0.09000000000000075,0.020000000000000018,0.17999999999999972,0.16999999999999993,0.15000000000000213,0.009999999999999787,-0.009999999999999787,-0.509999999999998,-0.13000000000000078,-0.08000000000000007,-2.9399999999999977,0.23000000000000043,-0.09000000000000341,-0.14999999999999858,0.010000000000000231,-0.5199999999999996,0.0,0.10000000000000142,0.0,0.009999999999999787,-0.1999999999999993,-0.02999999999999936,-0.21999999999999886,0.7099999999999937,-1.2800000000000011,0.060000000000002274,0.4299999999999997,0.46000000000000796,-0.3999999999999986,-1.25,-0.19000000000000483,0.75,-0.3200000000000003,0.00999999999999801,-0.03999999999999915,-0.29000000000000625,-1.3000000000000043,-0.8700000000000045,-0.23000000000000043,-5.170000000000002,-0.37999999999999545,-0.7399999999999949,2.569999999999993,2.069999999999993,0.4300000000000068,-0.4799999999999969,3.230000000000018,0.0,1.6699999999999946,0.21000000000000085,-1.420000000000016,-1.0300000000000011,0.05999999999999872,0.6499999999999986,-0.29999999999999716,0.19000000000000128,-0.019999999999999574,0.10999999999999943
2024-06-05,0.15000000000000036,-0.25,0.10000000000000142,-0.07999999999999963,0.009999999999999787,0.2900000000000009,0.009999999999999787,-0.16000000000000014,-0.7600000000000051,-0.16000000000000014,0.6500000000000021,-0.16000000000000014,0.12999999999999545,3.5400000000000205,-5.449999999999989,-0.07000000000000028,-0.1800000000000015,0.6799999999999997,-0.769999999999996,0.019999999999999574,-0.02999999999999936,0.14999999999999858,-0.879999999999999,-0.040000000000000924,-0.21999999999999886,-0.240000000000002,-0.02999999999999936,2.0200000000000102,0.22000000000000064,-0.03999999999999915,0.3000000000000007,0.020000000000003126,-0.25,0.990000000000002,0.21999999999999886,-0.21999999999999886,-0.28999999999999915,-0.3100000000000005,0.13000000000000256,-0.10999999999999943,0.02999999999999936,-2.1799999999999997,-0.7100000000000009,-0.4800000000000004,-0.4299999999999997,-0.19000000000000128,-0.6600000000000037,-0.5100000000000016,-0.05999999999999961,-0.19000000000000483,-0.10000000000000142,-0.14999999999999858,-0.08999999999999986,-0.3200000000000003,-0.45999999999999375,1.0,0.09000000000000341,1.8700000000000045,0.03999999999999915,-0.46999999999999886,-0.23000000000000043,0.46999999999999886,-0.529999999999994,-0.15000000000000568,-0.1999999999999993,-0.23000000000000043,-2.6399999999999864,-0.19000000000000128,-0.1999999999999993,0.13000000000000256,-0.41999999999999815,-0.5399999999999991,0.08000000000000007,-1.2700000000000031,-0.8700000000000045,-0.14999999999999858,-0.46000000000000796,-0.4199999999999875,-0.46999999999999886,-0.009999999999999787,-1.1099999999999994,-0.07000000000000028,-1.8999999999999915,-0.030000000000001137,-0.2900000000000027,-0.04999999999999716,0.009999999999999787,-0.2600000000000051,-0.5400000000000063,-6.039999999999992,-0.7700000000000031,-0.17999999999999972,-0.5399999999999991,0.620000000000001,-0.41000000000000014,-0.23000000000000043,0.020000000000003126,-0.509999999999998,-0.16000000000000014,-0.1700000000000017,-3.030000000000001,-1.8499999999999943,-2.9499999999999886,-0.18999999999999773,-5.769999999999982,-1.0100000000000051,-1.3700000000000045,-0.75,-0.19999999999999574,0.0799999999999983,-1.4799999999999898,-0.1999999999999993,-1.490000000000009,-0.030000000000001137,0.14000000000000057,-0.020000000000000018,-0.09999999999999964,0.08000000000000007,-0.020000000000000018,-0.040000000000000036,-0.020000000000000462,0.0,0.10999999999999943,-0.07000000000000028,-0.009999999999999787,-0.019999999999999574,-0.14000000000000057,0.5499999999999972,-0.03999999999999915,-0.23000000000000043,-0.05999999999999961,-0.05999999999999961,-0.5500000000000043,-0.3699999999999992,-0.08999999999999986,-0.08999999999999986,0.010000000000000231,-0.29000000000000625,0.1599999999999966,0.009999999999999787,0.07000000000000028,-0.10999999999999943,-0.019999999999999574,0.10000000000000009,-0.3100000000000023,0.09000000000000341,0.04000000000000625,-0.18999999999999773,0.0,0.6600000000000001,-0.05000000000000071,-0.2699999999999996,-0.35999999999999943,0.19000000000002615,-0.28000000000000114,-0.3200000000000003,-0.16000000000000014,-0.03000000000000025,-9.200000000000045,0.259999999999998,-0.05000000000000071,-0.36999999999999744,-0.2099999999999973,-0.27000000000000135,-0.5100000000000051,-0.06000000000000005,-0.6999999999999957,0.14000000000000057,-0.22000000000000242,-0.3099999999999987,-0.07000000000000028,0.21000000000000085,-0.1999999999999993,-1.0,-0.13999999999999968,0.10999999999999943,0.05000000000001137,-0.02999999999999936,-0.7999999999999972,-0.4700000000000024,0.029999999999997584,1.3000000000000007,-0.269999999999996,-0.4800000000000004,-0.020000000000000462,-0.02999999999999936,-0.15999999999999925,-0.20999999999999908,0.8200000000000003,0.4199999999999875,-0.0600000000000005,-0.00999999999999801,0.05999999999999872,-0.019999999999999574,-0.07000000000000028,0.34999999999999787,0.38000000000000256,-0.07000000000000028,-0.060000000000002274,0.4099999999999966,-0.29999999999999716,-0.08000000000000007,-0.08999999999999986,-0.08999999999999986,0.39000000000000057,0.1999999999999993,0.0600000000000005,-0.120000000000001,0.0,0.1999999999999993,0.16999999999999993,-0.08000000000000007,-0.049999999999998934,-0.03000000000000025,-0.19000000000000483,-0.05000000000000071,0.0,-0.14999999999999858,-0.040000000000000924,-0.02999999999999936,0.040000000000000036,0.009999999999999787,-0.3200000000000003,-0.06999999999999673,0.020000000000003126,0.040000000000000924,-0.040000000000000036,0.129999999999999,0.370000000000001,-0.020000000000000462,-0.08999999999999986,-0.040000000000000036,-0.09999999999999964,-0.1700000000000017,0.0,-0.2699999999999996,-0.05999999999999961,0.21999999999999975,-0.120000000000001,-5.099999999999994,-0.08000000000000007,0.46000000000000085,0.019999999999999574,-0.020000000000000018,0.2900000000000009,0.22000000000000064,-0.17999999999999972,0.0,-0.23000000000000043,-0.5,-0.15000000000000036,-0.08999999999999986,-0.06999999999999318,-0.1899999999999995,0.370000000000001,-0.08000000000000007,0.050000000000000266,0.0,-0.010000000000000675,0.03999999999999915,-0.009999999999999787,0.0,-0.21000000000000085,0.0600000000000005,-0.6300000000000026,0.20999999999999375,-0.38000000000000256,-1.4299999999999997,-0.00999999999999801,-0.9899999999999949,-0.5799999999999983,-0.7000000000000028,-1.9299999999999997,-3.1200000000000045,-1.0899999999999999,-0.6099999999999994,0.05000000000000071,-1.9200000000000017,-0.6400000000000006,-0.5300000000000011,0.370000000000001,-1.5,-1.7700000000000102,1.5600000000000023,0.9200000000000159,3.9799999999999898,0.6700000000000017,-0.01999999999999602,0.7999999999999545,-0.15000000000000036,-1.769999999999996,0.019999999999999574,-0.5300000000000011,-0.030000000000001137,-0.6700000000000017,-0.0799999999999983,0.20000000000000284,-0.05000000000000071,-0.4200000000000017,-0.5700000000000003
2024-06-06,-0.030000000000001137,0.08999999999999986,-0.0799999999999983,0.08000000000000007,-0.04999999999999982,-0.0600000000000005,-0.020000000000000462,0.1399999999999988,-1.8400000000000034,-0.2599999999999998,0.16000000000000014,-0.16000000000000014,0.10999999999999943,3.0,3.8899999999999864,0.07000000000000028,0.34999999999999964,-0.6099999999999994,1.9000000000000057,-0.1399999999999988,0.020000000000000462,-1.3700000000000045,-0.46999999999999886,0.2699999999999996,-0.21000000000000085,0.129999999999999,0.19000000000000128,0.8599999999999852,0.16000000000000014,0.15000000000000036,0.1999999999999993,-0.759999999999998,0.2699999999999996,-0.8500000000000014,-0.1899999999999995,-0.740000000000002,0.10999999999999943,-0.120000000000001,-0.0400000000000027,0.3299999999999983,0.009999999999999787,-0.9299999999999997,-0.5100000000000016,0.5100000000000016,-0.02999999999999936,0.3999999999999986,-0.35999999999999943,-0.6600000000000001,0.040000000000000036,0.37000000000000455,-0.23000000000000043,-0.10000000000000142,-0.15000000000000036,0.4499999999999993,0.9699999999999989,-0.20000000000000284,0.38000000000000256,-5.060000000000002,0.34999999999999964,-0.30000000000000426,0.8699999999999992,-0.00999999999999801,-0.02999999999999403,0.21999999999999886,0.040000000000000924,0.23000000000000043,-2.289999999999992,-0.40000000000000213,-0.4299999999999997,-0.18999999999999773,-0.639999999999997,0.5900000000000034,-0.030000000000001137,-1.1199999999999974,1.4299999999999926,0.7000000000000028,-2.910000000000011,-1.2099999999999937,-1.3599999999999994,-0.08000000000000007,-0.060000000000002274,0.45000000000000107,0.9699999999999989,0.09999999999999964,0.8599999999999994,-0.10000000000000142,0.5700000000000003,0.8799999999999955,2.6999999999999886,41.540000000000006,0.4299999999999997,-1.5899999999999963,0.0,0.5999999999999979,0.019999999999999574,0.6600000000000001,1.9399999999999977,-0.28999999999999915,0.07000000000000028,0.12999999999999545,2.700000000000003,-0.6699999999999875,-1.5200000000000102,-0.08999999999999986,0.410000000000025,2.769999999999996,-2.25,4.839999999999975,0.7199999999999989,-0.8000000000000043,-0.20000000000000284,0.28999999999999915,-1.4000000000000057,0.03999999999999915,0.5300000000000011,0.040000000000000036,-0.16999999999999993,-0.03999999999999915,0.029999999999999805,0.02999999999999936,0.009999999999999787,-0.009999999999999787,-0.02000000000000135,-0.07000000000000028,-0.08000000000000007,0.05000000000000071,-0.39000000000000057,0.00999999999999801,0.05000000000000071,-0.040000000000000924,0.020000000000000462,0.07000000000000028,-0.4200000000000017,0.08000000000000007,-0.02999999999999936,0.21999999999999886,0.029999999999999805,0.009999999999990905,-0.4399999999999977,0.0,0.3000000000000007,-0.259999999999998,-0.25,0.040000000000000036,0.05000000000000071,1.0100000000000051,-0.6599999999999966,0.10000000000000142,-0.14999999999999858,0.21000000000000085,-0.25,0.14000000000000057,-0.23000000000000043,1.0900000000000034,0.6499999999999986,-0.33999999999999986,-0.27000000000000135,0.020000000000000018,4.190000000000055,-0.9899999999999984,0.48999999999999844,-0.7300000000000004,0.08000000000000185,0.5200000000000014,-0.4899999999999949,-0.040000000000000036,-0.8000000000000043,0.14999999999999858,-1.0899999999999999,0.5500000000000007,0.0799999999999983,0.5399999999999991,0.8200000000000003,-0.5700000000000003,-0.16000000000000014,-0.7899999999999991,2.1299999999999955,0.040000000000000924,-0.020000000000003126,-0.1700000000000017,-0.0,0.14999999999999858,-0.4399999999999977,-0.07000000000000028,0.04999999999999982,0.09000000000000075,0.10999999999999943,0.040000000000000924,0.6300000000000026,1.1600000000000108,0.1299999999999999,-0.3299999999999983,0.07000000000000028,0.020000000000000462,0.0600000000000005,1.1000000000000014,-0.3500000000000014,0.1899999999999995,0.33999999999999986,-1.4099999999999966,-1.3799999999999955,0.05999999999999961,0.05999999999999872,-2.370000000000001,-0.09999999999999964,0.019999999999999574,0.020000000000000462,-0.030000000000001137,0.14000000000000057,-0.9400000000000013,0.04999999999999982,0.17999999999999972,-0.129999999999999,0.010000000000000675,0.6299999999999955,0.040000000000000036,0.03000000000000025,0.6200000000000045,0.20999999999999996,0.10000000000000053,-0.04999999999999982,-0.0,0.17000000000000082,0.5700000000000003,-0.07000000000000028,0.09999999999999964,0.04999999999999982,0.48999999999999844,0.030000000000001137,0.02999999999999936,0.009999999999999787,-0.009999999999999787,0.08999999999999986,2.3900000000000006,0.40000000000000036,-0.05999999999999872,-0.03000000000000025,-0.20999999999999996,0.15000000000000036,-2.280000000000001,-0.08999999999999986,-0.10000000000000142,-0.03000000000000025,0.029999999999999805,0.0,-0.22000000000000064,-0.240000000000002,0.020000000000000018,-0.15000000000000036,0.25,0.1999999999999993,0.11000000000000121,-0.9300000000000068,-0.3000000000000007,-0.5399999999999991,0.16999999999999993,-0.020000000000000018,-0.2700000000000031,-0.019999999999999574,0.019999999999999574,-0.0,-0.03000000000000025,0.3999999999999986,0.0,-0.09000000000000341,40.53999999999999,0.3200000000000003,-0.11999999999999744,0.28000000000000114,-2.75,0.39000000000000057,0.8099999999999881,-0.03999999999999915,-0.23999999999999488,-0.5899999999999999,0.5199999999999996,0.629999999999999,0.9099999999999966,0.30000000000000426,1.6199999999999903,0.2400000000000002,-2.1099999999999994,-1.6699999999999875,0.8599999999999994,0.710000000000008,-2.720000000000013,1.5700000000000074,-1.0399999999999991,-1.7399999999999523,-0.2599999999999998,-0.6299999999999955,0.2400000000000002,6.72999999999999,-0.4900000000000091,-1.5500000000000007,1.0,-0.010000000000005116,1.0500000000000007,0.6499999999999986,-0.6799999999999997
2024-06-07,-0.08999999999999986,-0.15000000000000036,-0.4499999999999993,0.04999999999999982,0.0,0.11999999999999922,-0.020000000000000462,-0.11000000000000121,-0.6000000000000085,-0.07000000000000028,0.05000000000000071,-0.08000000000000007,-0.22999999999999687,-2.799999999999983,-4.1200000000000045,0.040000000000000036,0.120000000000001,-0.4099999999999966,-0.7199999999999989,0.010000000000001563,-0.04999999999999982,0.4299999999999997,-0.7299999999999969,-0.049999999999998934,0.3299999999999983,0.07000000000000028,0.16000000000000014,2.5600000000000023,0.030000000000001137,-0.08000000000000007,-0.030000000000001137,0.240000000000002,-0.5700000000000003,-1.4299999999999997,0.17999999999999972,0.010000000000005116,-0.5899999999999999,0.08999999999999986,0.25,-0.240000000000002,0.03000000000000025,-1.1599999999999966,-0.3999999999999986,0.41999999999999815,-0.4299999999999997,0.05999999999999872,-0.4399999999999977,-0.6000000000000014,0.07000000000000028,-0.46999999999999886,-0.22000000000000242,-0.4700000000000024,0.10999999999999943,-0.25,-0.9500000000000028,0.259999999999998,-0.5300000000000011,-1.650000000000034,0.019999999999999574,-0.0,-0.14000000000000057,0.8099999999999952,-1.7999999999999972,0.8999999999999986,0.02999999999999936,0.14000000000000057,3.0,-0.3000000000000007,0.03999999999999915,-0.3299999999999983,0.6400000000000006,0.259999999999998,-0.049999999999998934,1.230000000000004,-0.4200000000000017,0.8599999999999994,-2.5400000000000063,-2.6099999999999994,1.1600000000000001,0.07000000000000028,-1.25,0.09999999999999964,-0.01999999999999602,0.09999999999999964,-0.40000000000000213,-1.1600000000000037,-0.009999999999999787,-0.6500000000000057,2.280000000000001,-5.909999999999997,0.07000000000000028,-0.14000000000000057,0.4299999999999997,0.04999999999999716,-0.21999999999999886,-0.2900000000000027,0.14999999999999858,-2.8900000000000006,-0.07000000000000028,-0.5200000000000031,1.960000000000008,11.590000000000003,0.8600000000000136,-0.14999999999999858,4.910000000000025,-0.9400000000000048,-1.6300000000000097,-0.5300000000000011,0.8700000000000045,-0.6999999999999957,0.3100000000000023,0.14000000000000057,-0.6299999999999955,-0.0600000000000005,-0.10000000000000142,0.040000000000000036,0.13000000000000078,-0.05999999999999961,0.040000000000000036,-0.1299999999999999,0.04999999999999982,0.0600000000000005,0.16000000000000014,-0.040000000000000036,0.020000000000000462,-0.10999999999999943,-0.010000000000001563,0.00999999999999801,0.08999999999999986,-0.13000000000000078,0.05000000000000071,0.0,-0.7100000000000009,0.1999999999999993,-0.030000000000001137,0.07000000000000028,0.009999999999999787,0.09000000000000341,0.29999999999999716,-0.049999999999998934,-0.16000000000000014,0.0400000000000027,-0.34999999999999787,-0.010000000000000231,-0.0799999999999983,0.759999999999998,-0.8100000000000023,-0.28999999999999915,-0.14999999999999858,0.03999999999999915,0.02999999999999936,-0.17999999999999972,0.4499999999999993,4.710000000000008,-0.35999999999999943,-0.23000000000000043,-0.2400000000000002,-0.050000000000000266,20.62999999999988,-0.259999999999998,0.0,-0.1999999999999993,0.030000000000001137,0.15000000000000036,-0.37999999999999545,-0.030000000000000027,-0.25,0.41999999999999815,0.36999999999999744,-0.23000000000000043,0.030000000000001137,-0.1700000000000017,0.15000000000000213,-0.09000000000000341,0.08999999999999986,-0.6600000000000001,4.400000000000006,0.019999999999999574,0.01999999999999602,-0.23000000000000043,-0.5500000000000007,0.41000000000000014,-0.18999999999999773,0.2799999999999976,-0.09999999999999964,0.09999999999999964,0.08000000000000007,0.09000000000000163,0.41000000000000014,0.480000000000004,0.07000000000000028,0.2799999999999976,0.03999999999999915,-0.11000000000000032,0.030000000000001137,-0.4400000000000013,0.1700000000000017,0.41000000000000014,0.09999999999999787,-0.00999999999999801,-0.04999999999999716,0.009999999999999787,0.02999999999999936,-1.5399999999999991,-0.120000000000001,0.03999999999999915,-0.0699999999999994,0.02999999999999936,-0.09999999999999964,0.05000000000000071,0.1299999999999999,0.16000000000000014,0.03999999999999915,0.16999999999999993,-0.3300000000000054,0.019999999999999574,-0.1800000000000006,-0.03999999999999915,0.010000000000000675,-0.009999999999999787,-0.0,-0.05999999999999961,-0.020000000000000462,-0.0400000000000027,-0.33999999999999986,0.03999999999999915,0.009999999999999787,-0.22000000000000242,-0.46999999999999886,-0.05999999999999961,-0.040000000000000036,0.0,0.07000000000000028,-0.240000000000002,0.02000000000000135,0.19000000000000128,-0.0699999999999994,0.08999999999999986,0.10999999999999943,1.980000000000004,0.05000000000000071,0.21000000000000085,-0.08000000000000007,-0.029999999999999805,-0.10000000000000142,0.0,0.8200000000000003,0.010000000000000231,0.3100000000000005,-0.21999999999999886,-0.019999999999999574,0.02999999999999936,0.18999999999999773,-0.030000000000001137,0.1700000000000017,0.129999999999999,0.03000000000000025,0.3299999999999983,-0.11000000000000032,0.25,-0.08000000000000007,-0.03000000000000025,0.17999999999999972,-0.020000000000000462,-1.1700000000000017,-0.0799999999999983,-0.18999999999999773,-0.8599999999999994,-0.28000000000000114,-2.6700000000000017,-0.7100000000000009,0.28999999999999204,1.1299999999999955,-0.04000000000000625,-0.46000000000000085,0.4800000000000004,-0.360000000000003,-0.3200000000000074,0.6099999999999994,0.30999999999998806,0.14000000000000057,2.5200000000000102,-2.9299999999999784,-0.6099999999999994,2.1599999999999966,39.39,-1.1599999999999966,-0.480000000000004,7.470000000000027,-0.25,-0.29999999999999716,-0.09999999999999964,7.6299999999999955,-0.14000000000000057,-0.8900000000000006,-0.8700000000000045,-0.8000000000000043,-0.019999999999999574,-0.5,0.4100000000000037
2024-06-11,0.120000000000001,-0.16000000000000014,0.14000000000000057,0.06000000000000005,0.0,0.13999999999999968,-0.040000000000000036,0.009999999999999787,-0.1599999999999966,0.3800000000000008,-0.33999999999999986,-0.08999999999999986,0.00999999999999801,6.77000000000001,7.240000000000009,-0.040000000000000036,0.009999999999999787,0.5300000000000011,-0.7000000000000028,0.4499999999999993,-0.019999999999999574,-1.3700000000000045,0.0400000000000027,-0.040000000000000924,0.37000000000000455,0.05000000000000071,-0.11999999999999922,3.8600000000000136,-0.1899999999999995,0.1299999999999999,-0.019999999999999574,0.33999999999999986,0.3999999999999986,0.22999999999999687,0.28999999999999915,-0.44999999999998863,-0.19000000000000128,-0.049999999999998934,-0.07000000000000028,0.030000000000001137,0.08000000000000007,-3.239999999999995,-0.14000000000000057,0.16999999999999815,-0.049999999999998934,0.6000000000000014,-1.4299999999999997,-0.3500000000000014,-0.08999999999999986,0.30000000000000426,-0.120000000000001,-0.0799999999999983,0.040000000000000036,-0.009999999999999787,0.9500000000000028,0.1599999999999966,-0.769999999999996,-8.420000000000016,0.15000000000000036,0.38000000000000256,-0.009999999999999787,-0.3000000000000007,-0.46000000000000085,-0.4200000000000017,-0.08999999999999986,-0.4399999999999995,-9.129999999999995,0.28000000000000114,0.00999999999999801,0.16999999999999815,0.18999999999999773,0.769999999999996,-0.03999999999999915,0.30000000000000426,0.769999999999996,0.10999999999999943,1.6400000000000006,0.37999999999999545,0.240000000000002,0.07000000000000028,-0.03999999999999915,-0.120000000000001,0.5,-0.040000000000000924,-0.45000000000000284,0.4000000000000057,-0.4900000000000002,-2.3100000000000023,0.5300000000000011,-0.5,0.20000000000000284,1.1499999999999986,0.41000000000000014,0.08999999999999986,-0.07000000000000028,0.11000000000000298,-1.3200000000000003,0.3200000000000003,0.21999999999999886,0.13000000000000256,1.9699999999999989,-4.429999999999978,-7.8799999999999955,0.3099999999999987,2.7000000000000455,-0.0799999999999983,-4.38000000000001,5.320000000000022,-1.240000000000002,0.10000000000000142,1.2099999999999937,0.2699999999999996,-6.339999999999989,-0.16000000000000014,0.07000000000000028,-0.020000000000000018,0.17999999999999972,0.11000000000000032,0.06000000000000005,0.25,0.15000000000000036,0.03000000000000025,0.10000000000000142,0.11000000000000032,0.020000000000000462,-0.03999999999999915,-0.240000000000002,0.6300000000000026,-0.02999999999999936,0.1899999999999995,0.10000000000000053,0.0,0.14999999999999858,-0.10000000000000142,0.009999999999999787,-0.030000000000001137,0.0,2.3300000000000125,1.2299999999999969,-0.10999999999999943,0.25,0.1999999999999993,-0.1999999999999993,0.06000000000000005,-0.23000000000000043,-0.5700000000000003,0.3100000000000023,-0.41999999999999815,0.05999999999999872,0.41000000000000014,0.17999999999999972,-0.10999999999999943,-0.25,-2.6899999999999977,0.1999999999999993,-1.0199999999999996,0.5700000000000003,-0.03000000000000025,50.180000000000064,1.1600000000000001,-0.010000000000001563,-0.879999999999999,0.4400000000000013,-0.22000000000000064,-0.9099999999999966,-0.030000000000000027,0.3200000000000003,0.21999999999999886,0.019999999999999574,0.09999999999999964,0.22000000000000064,-0.7600000000000016,0.6000000000000014,-1.2899999999999991,0.11000000000000032,0.0,5.6200000000000045,0.03999999999999915,-0.5399999999999991,-0.23999999999999844,0.3200000000000003,-0.33999999999999986,0.5300000000000011,0.129999999999999,-0.03000000000000025,-0.009999999999999787,0.16999999999999993,-0.1700000000000017,0.060000000000002274,-0.4200000000000017,0.03000000000000025,0.11999999999999744,-0.08000000000000007,-0.09000000000000075,0.1999999999999993,-0.14999999999999858,0.30000000000000426,0.16999999999999993,0.05999999999999872,0.7100000000000009,-0.5,-0.0,0.47000000000000064,-0.3200000000000003,0.20999999999999908,0.120000000000001,0.11999999999999922,0.17999999999999972,-0.11999999999999922,0.15000000000000213,0.17999999999999972,0.0600000000000005,0.16999999999999993,0.08999999999999986,0.28999999999999915,-0.07000000000000028,0.20999999999999996,-0.629999999999999,-0.17999999999999972,0.0,0.25,0.07999999999999918,0.22999999999999954,0.18999999999999773,0.060000000000002274,-0.019999999999999574,-0.06999999999999984,0.10999999999999943,-0.13999999999999702,0.1299999999999999,0.11000000000000032,0.10999999999999943,-0.040000000000000924,1.2100000000000009,-0.129999999999999,0.46000000000000085,0.1299999999999999,0.2599999999999998,0.0,-3.9000000000000057,0.23000000000000043,0.45000000000000284,-0.08000000000000007,0.06000000000000005,0.33999999999999986,0.16999999999999993,0.3200000000000003,-0.020000000000000018,0.620000000000001,-0.1700000000000017,-0.3100000000000005,0.02999999999999936,1.5499999999999972,0.3200000000000003,-0.7600000000000016,0.07000000000000028,0.040000000000000036,1.7199999999999989,-0.08000000000000007,0.120000000000001,-0.07000000000000028,0.2400000000000002,0.28999999999999915,0.2600000000000007,1.1400000000000006,0.3199999999999932,-0.07000000000000028,0.3400000000000034,-0.10999999999999943,2.3700000000000045,0.44999999999999574,-0.6599999999999966,0.0,0.15000000000000568,-0.00999999999999801,-0.4800000000000004,-0.7300000000000004,-0.23000000000000398,0.7199999999999989,-4.1000000000000085,-0.27999999999999936,1.4300000000000068,2.240000000000009,-0.509999999999998,-5.710000000000008,0.7099999999999937,-3.280000000000001,-0.0799999999999983,4.3799999999999955,-0.8100000000000005,0.4099999999999966,-0.08000000000000007,-9.409999999999997,0.14000000000000057,0.1999999999999993,-1.7700000000000031,-1.5500000000000043,-0.7799999999999976,0.08000000000000185,-1.7299999999999969
2024-06-12,0.010000000000001563,-0.1200000000000001,-0.5899999999999999,0.04999999999999982,0.0699999999999994,0.10000000000000053,-0.020000000000000462,0.08999999999999986,0.1599999999999966,0.09999999999999964,-0.0,-0.20000000000000018,-0.7999999999999972,-1.1099999999999852,-0.08999999999997499,0.0,0.08000000000000007,0.14000000000000057,0.769999999999996,0.1999999999999993,0.040000000000000036,0.04999999999999716,-0.5300000000000011,0.05000000000000071,-0.10999999999999943,-0.1999999999999993,-0.019999999999999574,-0.5799999999999841,0.15000000000000036,0.1200000000000001,-0.41999999999999815,-0.2700000000000031,-0.23999999999999844,-0.3300000000000054,-0.5099999999999998,-1.279999999999994,-0.0799999999999983,-0.16999999999999993,0.05000000000000071,0.10000000000000142,-0.009999999999999787,-0.6400000000000006,-0.4299999999999997,-0.120000000000001,-0.019999999999999574,0.22999999999999687,-0.21999999999999886,-0.33999999999999986,0.10000000000000053,-1.1199999999999974,0.030000000000001137,-0.39000000000000057,-0.09999999999999964,0.0799999999999983,0.09000000000000341,0.5899999999999963,0.20999999999999375,-1.7699999999999818,-0.15000000000000036,0.6199999999999974,0.17999999999999972,-0.129999999999999,0.13000000000000256,-1.6400000000000006,0.05999999999999872,-0.06999999999999851,-1.7299999999999898,0.05000000000000071,-0.029999999999997584,0.060000000000002274,0.05000000000000071,-0.30000000000000426,-0.16999999999999993,0.12000000000000455,-4.140000000000001,0.4400000000000013,-1.230000000000004,-6.599999999999994,-1.6699999999999982,0.07000000000000028,-0.5,-0.009999999999999787,-0.6999999999999886,-0.0600000000000005,0.3099999999999987,1.220000000000006,0.08000000000000007,-0.240000000000002,1.3300000000000125,0.19999999999998863,-0.7100000000000009,-1.7000000000000028,0.4400000000000013,-0.240000000000002,0.019999999999999574,0.0,-1.0200000000000031,-0.259999999999998,0.019999999999999574,-0.5599999999999952,-0.12000000000000455,-3.170000000000016,-2.0800000000000125,-1.129999999999999,6.260000000000048,0.740000000000002,0.6999999999999886,-2.9799999999999898,0.060000000000002274,0.21000000000000085,-0.9399999999999977,-0.08000000000000185,-0.5599999999999881,-0.040000000000000924,0.47000000000000597,-0.0,0.11999999999999922,0.019999999999999574,0.009999999999999787,0.08000000000000007,0.04999999999999982,0.08999999999999986,0.05000000000000071,0.040000000000000036,0.010000000000000675,-0.05999999999999872,-0.14000000000000057,-0.269999999999996,-0.2400000000000002,-0.120000000000001,0.04999999999999982,0.0,0.060000000000002274,0.0600000000000005,0.08999999999999986,-0.03999999999999915,0.010000000000000231,0.6500000000000057,0.490000000000002,0.07000000000000028,0.010000000000001563,-0.8599999999999994,0.09999999999999787,0.010000000000000231,-0.21000000000000085,-0.6199999999999974,1.6499999999999915,-0.26000000000000156,-0.07000000000000028,0.259999999999998,-0.120000000000001,0.05999999999999872,-0.2699999999999996,-2.469999999999999,-0.10000000000000142,-0.1999999999999993,0.41999999999999993,-0.009999999999999787,2.6800000000000637,0.4299999999999997,-0.0,-0.21000000000000085,0.010000000000001563,-0.07000000000000028,0.6099999999999994,0.020000000000000018,-0.8100000000000023,0.3000000000000007,-0.26000000000000156,0.08000000000000007,0.15000000000000036,-0.09999999999999787,0.16000000000000014,-0.6499999999999986,0.11000000000000032,0.08999999999999986,-0.06999999999999318,-0.009999999999999787,-7.82,0.10999999999999943,0.28000000000000114,0.3000000000000007,-0.39000000000000057,0.1999999999999993,-0.08999999999999986,-0.009999999999999787,-0.03000000000000025,-0.05000000000000071,-1.2900000000000027,-0.1799999999999926,-0.020000000000000462,0.1999999999999993,-0.05000000000000071,0.10000000000000053,-0.17999999999999972,0.05999999999999872,0.0899999999999963,-0.5099999999999998,0.010000000000001563,-1.2100000000000009,-0.75,0.05999999999999961,0.009999999999999787,-0.16000000000000014,-0.07000000000000028,-0.129999999999999,-0.019999999999999574,-0.019999999999999574,-0.019999999999999574,-1.25,-0.010000000000000675,0.019999999999999574,0.0,-0.009999999999999787,-0.4299999999999997,0.04999999999999982,-0.020000000000000462,-0.16000000000000014,-0.009999999999999787,-0.009999999999999787,0.03000000000000025,-0.040000000000000036,0.16999999999999993,0.2699999999999996,-0.08999999999999986,-0.02999999999999936,0.0,-0.2099999999999973,-0.48999999999999844,-0.04999999999999982,0.019999999999999574,-0.020000000000000462,-0.009999999999999787,0.1599999999999966,0.009999999999999787,-0.8000000000000007,-0.019999999999999574,0.08999999999999986,0.019999999999999574,2.269999999999996,0.009999999999999787,0.21999999999999886,0.009999999999999787,-0.009999999999999787,-0.05999999999999872,0.17999999999999972,0.46999999999999886,0.010000000000000231,0.05000000000000071,0.05999999999999872,-0.08999999999999986,0.0,0.18000000000000682,-0.6100000000000012,0.21000000000000085,0.03999999999999915,-0.0,0.20000000000000107,0.019999999999999574,0.0600000000000005,-0.04999999999999982,0.040000000000000036,-0.0799999999999983,0.13999999999999968,0.29999999999999716,0.8500000000000085,-2.9200000000000017,-0.4200000000000017,-0.17999999999999972,-0.030000000000001137,-0.8400000000000034,-0.25,0.45999999999999375,-0.6099999999999994,0.14000000000000057,0.16000000000000014,-0.4800000000000004,-0.04999999999999716,0.2600000000000051,-0.960000000000008,0.11999999999999922,3.3299999999999983,-4.909999999999997,0.490000000000002,-2.8300000000000125,-1.75,-0.480000000000004,0.1700000000000017,-1.1100000000000136,-0.4499999999999993,0.3299999999999983,-0.10999999999999943,-0.6099999999999852,5.269999999999996,-0.09999999999999787,0.3100000000000023,-0.010000000000005116,0.08000000000000185,-0.13000000000000256,-1.0399999999999991
2024-06-13,0.08000000000000007,0.17999999999999972,0.17999999999999972,0.1200000000000001,-0.0600000000000005,-0.16000000000000014,-0.020000000000000462,-0.1399999999999988,1.2399999999999949,0.2699999999999996,-0.379999999999999,-0.23000000000000043,1.3400000000000034,2.410000000000025,1.9400000000000261,-0.07000000000000028,0.010000000000001563,0.480000000000004,1.4099999999999966,0.16999999999999993,0.0600000000000005,-0.8699999999999974,0.03999999999999915,-0.08000000000000007,0.7099999999999973,-0.120000000000001,0.040000000000000924,3.3400000000000034,0.39000000000000057,0.1299999999999999,-0.10000000000000142,-0.45000000000000284,0.33000000000000185,-0.17999999999999972,-0.22000000000000064,2.6799999999999997,-0.05000000000000071,0.15999999999999837,0.060000000000002274,0.35999999999999943,0.33000000000000007,-0.1600000000000037,-0.7399999999999984,0.2799999999999976,-0.08000000000000007,0.5500000000000007,0.4299999999999997,0.25,0.05999999999999961,0.14999999999999858,-0.08000000000000185,-0.18999999999999773,0.03000000000000025,0.75,0.07000000000000739,0.3200000000000003,0.7999999999999972,-3.159999999999968,-0.1399999999999988,0.4000000000000057,0.08999999999999986,-0.39000000000000057,0.6899999999999977,-0.19000000000000483,0.16999999999999993,-0.11000000000000121,-10.090000000000003,-0.509999999999998,0.5700000000000003,0.2900000000000027,0.2799999999999976,2.3200000000000003,-0.20999999999999908,0.6799999999999997,-2.509999999999991,0.029999999999997584,-6.179999999999993,-3.1099999999999994,-0.3500000000000014,-0.10999999999999943,0.4299999999999997,-0.16999999999999993,-0.22999999999998977,-0.009999999999999787,-0.5100000000000016,0.7000000000000028,-0.10000000000000142,-0.21000000000000085,27.97999999999999,-4.490000000000009,-1.519999999999996,-0.38000000000000256,-0.6799999999999997,-0.21000000000000085,0.3199999999999985,-0.0,-0.4799999999999969,-0.0799999999999983,0.9100000000000001,-1.0700000000000003,-0.6400000000000006,0.4199999999999875,0.2400000000000091,-0.23999999999999844,0.049999999999954525,0.04999999999999716,-1.690000000000012,-2.8100000000000023,-0.759999999999998,-0.2600000000000051,0.5600000000000023,0.5999999999999979,0.46000000000000796,-0.02000000000000135,0.6099999999999994,0.020000000000000018,0.0600000000000005,-0.0600000000000005,0.029999999999999805,-0.0600000000000005,-0.23999999999999932,0.04999999999999982,0.08000000000000007,0.08000000000000007,0.0600000000000005,0.019999999999999574,0.5,0.2700000000000031,-0.030000000000001137,0.25,0.009999999999999787,0.040000000000000036,1.6000000000000014,-0.10999999999999943,0.21999999999999886,0.1999999999999993,0.03000000000000025,1.0799999999999983,-1.0599999999999952,0.5,-0.14999999999999858,-0.33000000000000185,-0.370000000000001,0.06999999999999984,0.5200000000000014,-0.03999999999999915,-0.8900000000000006,0.4399999999999977,0.20999999999999908,0.33999999999999986,0.03999999999999915,-0.5399999999999991,0.39000000000000057,4.110000000000014,0.25,-0.19000000000000128,-0.21000000000000085,-0.04999999999999982,16.670000000000073,0.33999999999999986,-0.18999999999999773,0.28000000000000114,0.5899999999999999,0.0,1.1700000000000017,0.07000000000000006,-0.020000000000003126,0.05999999999999872,0.4499999999999993,0.10999999999999943,0.4800000000000004,-0.21000000000000085,0.46999999999999886,0.07000000000000028,-0.009999999999999787,0.10000000000000142,3.3400000000000034,-0.05000000000000071,0.020000000000003126,0.21000000000000085,0.010000000000001563,-0.14999999999999858,0.10999999999999943,-0.3200000000000003,0.05999999999999961,0.05000000000000071,0.13999999999999968,-0.08999999999999986,-0.15000000000000213,-0.9099999999999966,0.019999999999999574,0.10999999999999943,-0.030000000000001137,-0.03000000000000025,-0.11999999999999922,-0.13999999999999702,0.37000000000000455,-0.1999999999999993,-0.16000000000000014,-0.07000000000000028,-0.13000000000000256,0.019999999999999574,0.0,-1.5299999999999976,0.2599999999999998,-0.10999999999999943,-0.009999999999999787,-0.08999999999999986,-0.1399999999999988,-0.09999999999999787,-0.040000000000000036,0.04999999999999982,-0.009999999999999787,0.05999999999999961,-0.10000000000000142,-0.019999999999999574,-0.08999999999999986,0.0,-0.07000000000000028,0.020000000000000462,-0.07000000000000028,0.02999999999999936,0.20000000000000018,0.259999999999998,0.4599999999999973,-0.08999999999999986,-0.06000000000000005,0.120000000000001,-0.08999999999999986,-0.040000000000000036,-0.04999999999999982,-0.07000000000000028,0.10999999999999943,-2.960000000000001,-0.009999999999999787,-0.2699999999999996,-0.05000000000000071,-0.010000000000000675,-0.07000000000000028,1.1700000000000017,-0.10999999999999943,-0.08999999999999986,0.0,-0.03000000000000025,-0.16999999999999993,-0.08999999999999986,0.16000000000000014,-0.020000000000000018,0.0600000000000005,0.0799999999999983,0.0799999999999983,-0.02000000000000135,-0.4300000000000068,-0.02000000000000135,0.40000000000000213,-0.0600000000000005,-0.040000000000000036,-0.2400000000000002,0.010000000000000675,-0.08999999999999986,0.040000000000000036,0.03000000000000025,0.16999999999999815,0.13999999999999968,-0.5500000000000043,0.10000000000000853,-0.38000000000000256,1.3800000000000026,-0.12000000000000455,-3.6599999999999966,0.7800000000000011,-1.0900000000000034,0.9599999999999937,-1.7000000000000028,0.5899999999999999,-0.3299999999999983,-0.3299999999999983,0.3299999999999983,0.7800000000000011,-2.4000000000000057,0.15000000000000036,-6.420000000000002,-2.539999999999992,1.1000000000000014,-0.22999999999998977,-1.5400000000000063,-1.0,0.17999999999999972,3.4399999999999977,-0.2400000000000002,-0.6499999999999986,-0.120000000000001,-5.72999999999999,3.8400000000000034,0.029999999999997584,-0.7199999999999989,-0.9200000000000017,-0.7100000000000009,-0.28999999999999915,0.6999999999999957
2024-06-14,0.620000000000001,-0.23000000000000043,-0.120000000000001,0.009999999999999787,0.0,-0.07000000000000028,-0.04999999999999982,0.08000000000000007,-1.6899999999999977,-0.4400000000000013,-0.36999999999999744,-0.1299999999999999,0.8400000000000034,-0.11000000000001364,0.8299999999999841,-0.20000000000000018,-0.16999999999999993,-0.7000000000000028,2.9399999999999977,-0.1999999999999993,0.05000000000000071,-0.3499999999999943,-0.7200000000000024,-0.15000000000000036,0.8299999999999983,0.25,0.03999999999999915,-1.1200000000000045,0.07000000000000028,0.1299999999999999,0.2699999999999996,0.370000000000001,0.23999999999999844,-0.6999999999999957,0.1399999999999988,-15.090000000000003,0.3000000000000007,-0.28999999999999915,0.0799999999999983,-0.2699999999999996,-0.0,-0.5799999999999983,1.5700000000000003,0.14999999999999858,-0.0600000000000005,-0.5599999999999987,-0.509999999999998,0.0,-0.33000000000000007,-0.3200000000000003,-0.3200000000000003,0.10999999999999943,-0.1299999999999999,0.1800000000000015,-0.6399999999999864,-0.23999999999999488,-0.18999999999999773,5.399999999999977,0.0600000000000005,0.45000000000000284,-0.17999999999999972,0.129999999999999,0.1599999999999966,-1.1200000000000045,-0.040000000000000924,-0.07000000000000028,0.060000000000002274,1.6400000000000006,-0.21999999999999886,0.019999999999999574,-0.3099999999999987,0.5500000000000043,0.23999999999999844,0.269999999999996,-1.4300000000000068,0.370000000000001,4.320000000000007,-1.25,-2.200000000000003,0.14999999999999947,-0.17999999999999972,0.08000000000000007,-2.8999999999999915,-0.16999999999999993,0.4599999999999973,-1.009999999999998,0.3199999999999985,-0.6900000000000048,2.25,-14.600000000000009,-0.01999999999999602,3.4200000000000017,0.26000000000000156,-0.08000000000000185,0.27999999999999936,-0.029999999999997584,0.5700000000000003,-0.5,0.39000000000000057,-0.980000000000004,-1.3100000000000023,0.29000000000002046,7.569999999999993,0.620000000000001,-2.9399999999999977,0.5600000000000023,-1.9000000000000057,3.0200000000000102,0.5900000000000034,0.8599999999999994,-0.5300000000000011,0.29999999999999716,-0.14000000000000057,-0.009999999999999787,0.19000000000000483,0.010000000000000009,0.15000000000000036,-0.040000000000000036,-0.0,0.040000000000000036,-0.14999999999999947,0.1299999999999999,0.23000000000000043,-0.010000000000000675,-0.019999999999999574,-0.36999999999999744,0.10999999999999943,-0.990000000000002,0.33999999999999986,0.14000000000000057,-0.08000000000000007,-0.040000000000000036,-0.29999999999999716,-0.11999999999999922,-0.33000000000000007,0.030000000000001137,0.010000000000000231,-0.519999999999996,-0.6599999999999966,0.05000000000000071,-1.1700000000000017,0.379999999999999,0.120000000000001,0.040000000000000036,0.02999999999999936,0.1600000000000037,-0.7099999999999937,0.2799999999999976,0.02999999999999936,0.04999999999999716,0.019999999999999574,0.240000000000002,0.05000000000000071,-0.11000000000001364,0.6600000000000001,0.21000000000000085,-0.009999999999999787,0.040000000000000036,0.009999999999990905,-0.20000000000000284,-0.3200000000000003,-0.07000000000000028,-0.5399999999999991,-0.0,0.5499999999999972,0.019999999999999796,0.23999999999999488,0.21999999999999886,-0.7199999999999989,-0.03999999999999915,0.40000000000000213,-0.1999999999999993,-0.6699999999999982,0.769999999999996,0.13999999999999968,-0.1999999999999993,-6.409999999999997,-0.7099999999999991,0.25,0.14000000000000057,0.620000000000001,-0.3000000000000007,0.269999999999996,0.8000000000000007,-0.020000000000000462,-0.08000000000000007,0.17999999999999972,-0.14000000000000057,-0.5599999999999987,0.3299999999999983,-0.16999999999999904,0.14000000000000057,-0.11999999999999922,0.040000000000000036,-0.4400000000000013,-0.2099999999999973,0.060000000000002274,-0.040000000000000924,-0.34999999999999787,0.22999999999999687,0.4200000000000017,-0.10000000000000053,0.009999999999999787,1.3300000000000018,-0.4299999999999997,-0.28999999999999915,0.020000000000000462,0.02999999999999936,-0.6600000000000001,0.33000000000000185,0.04999999999999982,-0.1200000000000001,0.09999999999999964,0.03000000000000025,-0.5700000000000003,-0.0699999999999994,0.2400000000000002,-0.6099999999999994,-0.0600000000000005,-0.08999999999999986,-0.0600000000000005,-0.07000000000000028,0.07000000000000028,-0.5199999999999996,-0.3099999999999987,-0.6400000000000006,0.020000000000000018,-0.8599999999999994,0.010000000000001563,0.08000000000000007,-0.08999999999999986,0.010000000000000675,-0.34999999999999964,-2.3900000000000006,-0.0600000000000005,0.03999999999999915,0.03999999999999915,0.10999999999999943,-0.3200000000000003,-2.3100000000000023,-0.019999999999999574,-0.10000000000000142,0.040000000000000036,-0.03000000000000025,-0.3800000000000008,0.08000000000000007,-0.21999999999999886,-0.010000000000000231,0.25,-0.379999999999999,-0.40000000000000036,-0.33999999999999986,1.519999999999996,0.21999999999999886,0.28000000000000114,-0.16000000000000014,-0.009999999999999787,0.19000000000000128,0.020000000000000462,0.39000000000000057,-0.03000000000000025,0.20999999999999996,-0.7399999999999984,-0.08000000000000007,-1.4199999999999946,-2.1200000000000045,1.2999999999999972,-0.09999999999999432,-0.5300000000000011,-1.8200000000000074,0.10999999999999943,1.3299999999999983,-2.3499999999999943,-0.18999999999999773,-0.049999999999998934,0.23000000000000043,0.030000000000001137,-0.4200000000000017,-0.28999999999999915,1.6599999999999966,-0.17999999999999972,-1.0600000000000023,10.669999999999987,0.29999999999999716,4.340000000000003,-3.1700000000000017,-1.2000000000000028,1.6900000000000048,-3.7200000000000273,0.08000000000000007,0.20000000000000284,0.47000000000000064,4.47999999999999,-0.9000000000000057,-0.4299999999999997,-0.9299999999999997,-0.3100000000000023,-0.28999999999999915,-0.1700000000000017,-0.7100000000000009
2024-06-17,-0.08000000000000007,-0.29000000000000004,-0.07000000000000028,-0.03000000000000025,0.040000000000000036,0.1900000000000004,0.04999999999999982,-0.16999999999999993,-1.0799999999999983,-0.22000000000000064,-0.11999999999999744,0.020000000000000462,-0.11999999999999744,1.240000000000009,3.6599999999999966,-0.11000000000000032,-0.4400000000000013,-0.5700000000000003,1.5699999999999932,0.34999999999999964,-0.009999999999999787,-0.21000000000000085,0.33999999999999986,0.009999999999999787,-0.33999999999999986,-0.05999999999999872,0.009999999999999787,0.04999999999998295,0.030000000000001137,-0.0600000000000005,-0.4399999999999977,-0.4400000000000013,-0.1700000000000017,-0.39000000000000057,-0.26000000000000156,1.6300000000000026,-0.28000000000000114,-0.27999999999999936,0.48999999999999844,-0.010000000000001563,0.04999999999999982,-1.0599999999999952,0.05000000000000071,-1.629999999999999,0.23000000000000043,-0.4399999999999977,-0.00999999999999801,-1.5,-0.3799999999999999,-0.5,-0.10999999999999943,-1.0600000000000023,-0.23999999999999932,0.4400000000000013,1.1599999999999966,-0.779999999999994,-0.14999999999999858,10.539999999999964,-0.14000000000000057,0.7299999999999969,-0.2400000000000002,0.10999999999999943,0.03999999999999915,-2.6499999999999986,0.040000000000000924,-0.23000000000000043,-4.159999999999968,-0.03999999999999915,0.21000000000000085,0.0799999999999983,-1.4600000000000009,0.12999999999999545,-0.07000000000000028,-1.3900000000000006,-0.37999999999999545,-0.21000000000000085,2.6799999999999926,2.0999999999999943,3.450000000000003,-0.03000000000000025,-2.479999999999997,-0.15000000000000036,-1.1599999999999966,0.0,-0.16000000000000014,0.5100000000000051,-0.23000000000000043,0.1599999999999966,1.3499999999999943,4.2099999999999795,0.03999999999999915,-0.29999999999999716,-0.25,0.490000000000002,-0.8500000000000014,-0.3000000000000007,-0.759999999999998,-2.3900000000000006,-0.379999999999999,-0.2700000000000031,-2.8400000000000034,3.3100000000000023,-0.660000000000025,0.35999999999999943,-3.1200000000000045,0.15000000000000568,2.6899999999999977,0.25,-0.720000000000006,-0.75,-0.75,-0.2799999999999976,0.14000000000000057,-0.040000000000000924,0.14000000000000057,-0.010000000000000009,-0.17999999999999972,0.10999999999999943,-0.040000000000000036,-0.040000000000000036,0.3099999999999996,-0.1299999999999999,-0.02999999999999936,-0.16000000000000014,-0.0699999999999994,0.030000000000001137,-0.03999999999999915,-0.0800000000000054,0.13000000000000078,0.1999999999999993,0.0,-0.040000000000000036,-0.0799999999999983,-0.16000000000000014,0.019999999999999574,-0.09999999999999787,0.020000000000000018,-0.6400000000000006,0.20000000000000284,0.14000000000000057,-0.05999999999999872,0.370000000000001,-0.14000000000000057,0.03000000000000025,0.35999999999999943,0.6300000000000026,-0.7199999999999989,0.41000000000000014,0.21999999999999886,0.5400000000000027,-0.02999999999999936,-0.8000000000000007,-0.23999999999999844,-2.219999999999999,-0.08999999999999986,-0.9299999999999997,0.05000000000000071,-0.08000000000000007,-13.5,0.0799999999999983,-0.3000000000000007,-2.2300000000000004,-0.120000000000001,0.05000000000000071,0.7299999999999898,-0.050000000000000044,-0.480000000000004,-0.40000000000000213,-0.4299999999999997,-0.2400000000000002,0.09999999999999787,-1.6199999999999974,-0.4399999999999977,-0.6499999999999986,-0.07000000000000028,0.08999999999999986,-1.5200000000000102,-0.06999999999999851,0.04999999999999716,-0.3200000000000003,-0.10999999999999943,-0.2900000000000027,0.01999999999999602,-0.00999999999999801,-0.08000000000000007,-0.02999999999999936,-0.10000000000000053,-0.22000000000000064,-0.3200000000000003,-2.0799999999999983,-0.009999999999999787,0.23999999999999844,0.15000000000000036,0.08000000000000007,0.040000000000000924,0.0,-0.03999999999999915,0.049999999999998934,0.010000000000001563,-0.8100000000000023,1.009999999999998,0.03000000000000025,0.16999999999999993,0.28000000000000114,-0.2400000000000002,-0.10000000000000142,0.08999999999999986,0.009999999999999787,-0.11999999999999922,-0.3099999999999987,-0.14999999999999947,0.040000000000000036,0.02999999999999936,0.08000000000000007,-0.28999999999999915,-0.02999999999999936,0.07000000000000028,-0.3999999999999986,-0.020000000000000462,-0.019999999999999574,-0.040000000000000036,-0.07000000000000028,0.2400000000000002,-0.16000000000000014,0.19000000000000128,-0.41999999999999993,-0.020000000000000018,-0.05999999999999872,-0.6400000000000006,-0.019999999999999574,0.11999999999999922,-0.0699999999999994,-0.03999999999999915,-0.25,0.0,0.8200000000000003,-0.05000000000000071,0.14000000000000057,0.0600000000000005,0.2599999999999909,-0.05999999999999872,-0.030000000000001137,0.03000000000000025,-0.03000000000000025,0.4399999999999995,0.17999999999999972,0.6799999999999997,-0.010000000000000231,0.14000000000000057,-0.129999999999999,-0.07000000000000028,0.1399999999999988,-0.5,-0.4900000000000002,-0.05000000000000071,0.009999999999999787,-0.029999999999999805,-0.19000000000000128,0.05999999999999961,-0.009999999999999787,-0.05000000000000071,0.009999999999999787,0.240000000000002,-0.020000000000000462,-0.509999999999998,3.5700000000000074,0.269999999999996,-0.1600000000000037,0.020000000000003126,3.1199999999999903,-0.490000000000002,-0.01999999999999602,-1.2399999999999949,1.490000000000009,-0.7400000000000002,-1.120000000000001,0.34999999999999787,-1.8200000000000074,-0.00999999999999801,-3.6200000000000045,-0.08999999999999986,1.2399999999999949,-0.1599999999999966,-0.8299999999999983,1.7299999999999898,-2.6799999999999926,0.4200000000000017,0.8599999999999994,12.020000000000039,-0.08000000000000007,-1.7700000000000031,0.030000000000001137,-10.980000000000018,-0.29999999999999716,0.4800000000000004,-0.5399999999999991,0.46000000000000085,-0.9299999999999997,-0.5700000000000003,1.2800000000000011
2024-06-18,0.019999999999999574,-0.1200000000000001,-0.5700000000000003,0.0,-0.10000000000000053,-0.13999999999999968,-0.009999999999999787,0.07000000000000028,0.3100000000000023,-0.049999999999998934,-0.08999999999999986,-0.13999999999999968,0.259999999999998,-3.0600000000000023,6.319999999999993,0.009999999999999787,0.28999999999999915,0.04999999999999716,-0.4099999999999966,0.3099999999999987,0.05999999999999961,0.05999999999999517,0.060000000000002274,0.009999999999999787,0.46000000000000085,-0.05000000000000071,-0.14999999999999858,-1.8400000000000034,-0.019999999999999574,0.020000000000000462,-0.3200000000000003,-1.5199999999999996,0.34999999999999787,-0.9500000000000028,0.010000000000001563,0.04999999999999716,0.129999999999999,-0.08999999999999986,0.129999999999999,0.379999999999999,0.08999999999999986,0.10999999999999943,0.3500000000000014,-0.14999999999999858,0.15000000000000036,-0.05000000000000071,-0.21000000000000085,-0.35999999999999943,0.019999999999999574,-0.7000000000000028,-0.1700000000000017,0.10999999999999943,-0.03999999999999915,0.07000000000000028,0.7399999999999949,-0.18000000000000682,0.4099999999999966,0.4600000000000364,-0.019999999999999574,0.259999999999998,0.07000000000000028,0.19000000000000128,0.3999999999999986,0.990000000000002,0.08999999999999986,0.009999999999999787,-1.5699999999999932,0.5399999999999991,0.0,0.23000000000000043,-0.490000000000002,0.529999999999994,-0.07000000000000028,-0.7100000000000009,2.4099999999999966,0.5199999999999996,-1.3699999999999903,-1.009999999999991,-1.0499999999999972,0.009999999999999787,-0.13999999999999346,-0.019999999999999574,-0.45000000000000284,0.040000000000000924,-0.3000000000000007,-0.11000000000000654,0.2900000000000009,-0.5,1.6099999999999994,4.400000000000006,-0.14999999999999858,-1.5,1.2300000000000004,0.05000000000000071,0.25,0.17999999999999972,-1.029999999999994,-1.5,-0.28000000000000114,0.4299999999999997,1.0600000000000023,2.130000000000024,2.280000000000001,0.5299999999999976,-3.0600000000000023,0.0799999999999983,1.6200000000000045,-2.930000000000007,-1.2800000000000011,0.25,-1.0499999999999972,-0.010000000000001563,1.5600000000000023,-0.009999999999999787,-0.6099999999999994,0.010000000000000009,0.07000000000000028,0.04999999999999982,0.020000000000000018,0.1299999999999999,0.0699999999999994,0.08000000000000007,0.009999999999999787,0.02999999999999936,-0.10000000000000053,0.05000000000000071,-0.379999999999999,-0.01999999999999602,0.02999999999999936,-0.15000000000000036,0.040000000000000036,0.07000000000000028,0.37999999999999545,0.08000000000000007,0.03999999999999915,-0.23000000000000043,-0.009999999999999787,1.009999999999991,-0.529999999999994,0.09999999999999964,0.019999999999999574,-0.05999999999999872,0.129999999999999,0.06999999999999984,-0.06999999999999851,-0.5600000000000023,-0.6200000000000045,-0.75,0.10999999999999943,0.39000000000000057,0.0,0.10000000000000142,-0.4399999999999977,-0.8499999999999943,-0.03999999999999915,-0.07000000000000028,-0.1800000000000015,0.0,-20.0,0.2699999999999996,0.16000000000000014,0.11999999999999744,0.129999999999999,-0.05000000000000071,1.75,-0.020000000000000018,0.20000000000000284,0.16999999999999815,0.129999999999999,0.05999999999999872,0.1700000000000017,-0.05999999999999872,0.33999999999999986,-0.5700000000000003,0.020000000000000462,0.17999999999999972,-5.4199999999999875,0.3199999999999985,0.14999999999999858,0.2699999999999996,-0.08999999999999986,0.4800000000000004,0.10999999999999943,-0.08999999999999986,0.08999999999999986,0.03999999999999915,0.0600000000000005,-0.019999999999999574,0.10999999999999943,-1.059999999999988,-0.0600000000000005,-0.23000000000000043,0.03999999999999915,0.03000000000000025,0.16999999999999993,0.019999999999999574,0.22999999999999687,-0.03999999999999915,-0.2699999999999996,0.030000000000001137,-0.6099999999999994,0.03000000000000025,0.23000000000000043,-1.1099999999999994,-0.1899999999999995,0.030000000000001137,0.03000000000000025,-0.17999999999999972,0.11999999999999922,0.10999999999999943,0.040000000000000036,0.05999999999999961,0.0,0.009999999999999787,0.14999999999999858,0.02999999999999936,0.07000000000000028,-0.2099999999999973,-0.15999999999999925,0.040000000000000036,-0.10999999999999943,0.020000000000000462,0.05999999999999961,0.019999999999999574,-0.5199999999999996,0.009999999999999787,-0.04999999999999982,-0.120000000000001,0.4200000000000017,0.019999999999999574,-0.07999999999999918,-0.3200000000000003,-0.05999999999999872,-2.3200000000000003,-0.21000000000000085,0.25,0.020000000000000462,-0.3000000000000007,-0.02000000000000135,-2.0800000000000125,-0.14999999999999858,-0.21000000000000085,0.03000000000000025,0.0,-0.040000000000000924,0.10999999999999943,-0.03999999999999915,-0.03000000000000025,0.08000000000000007,0.03999999999999915,-0.11000000000000121,0.08000000000000007,-0.5100000000000051,0.10999999999999943,0.11999999999999744,0.02999999999999936,0.0,-0.5500000000000007,0.02999999999999936,0.120000000000001,0.010000000000000675,-0.11000000000000032,0.1700000000000017,0.08000000000000007,-0.9399999999999977,-0.5600000000000023,1.4399999999999977,-1.4600000000000009,-0.060000000000002274,-1.3199999999999932,-0.5700000000000003,-0.5600000000000023,-0.7600000000000051,0.8199999999999932,-0.4400000000000013,-0.120000000000001,0.8000000000000007,1.3099999999999952,0.490000000000002,-0.6800000000000068,-0.049999999999998934,-4.859999999999999,0.4199999999999875,0.5500000000000043,0.6800000000000068,-1.0300000000000011,-1.0699999999999932,1.730000000000004,0.19999999999998863,-0.20999999999999908,0.39000000000000057,-0.010000000000001563,-1.8900000000000148,0.4299999999999926,-0.3299999999999983,-0.4299999999999997,-0.5700000000000003,0.2699999999999996,-0.10999999999999943,0.35999999999999943
2024-06-19,-0.07000000000000028,-0.0600000000000005,-0.08999999999999986,-0.040000000000000036,-0.0600000000000005,-0.08999999999999986,0.0,-0.10000000000000142,0.8400000000000034,-0.23999999999999844,0.08000000000000185,-0.04999999999999982,-0.4200000000000017,-0.8499999999999943,0.9099999999999966,-0.07999999999999918,-0.16000000000000014,0.4299999999999997,-0.5600000000000023,0.26000000000000156,-0.02999999999999936,-1.0,-0.28999999999999915,-0.09999999999999964,1.5500000000000007,0.2699999999999996,-0.11999999999999922,0.3300000000000125,-0.13000000000000078,-0.0,-0.060000000000002274,-0.35999999999999943,-0.5300000000000011,-1.519999999999996,-0.1899999999999995,0.9499999999999957,-0.23000000000000043,0.23000000000000043,-0.05999999999999872,-0.09999999999999787,-0.009999999999999787,-0.4199999999999946,0.8599999999999994,-0.4299999999999997,-0.22000000000000064,-0.07000000000000028,1.2299999999999969,-0.21000000000000085,-0.13999999999999968,-0.5600000000000023,-0.1700000000000017,-0.08999999999999986,0.009999999999999787,-0.16999999999999993,-0.8700000000000045,-0.5699999999999932,0.25,4.949999999999989,-0.23000000000000043,-0.23000000000000398,0.41999999999999993,0.8399999999999999,-0.6799999999999997,0.0799999999999983,-0.03999999999999915,0.3199999999999985,-1.6399999999999864,-0.23999999999999844,0.389999999999997,-0.3099999999999987,-0.4800000000000004,-0.45000000000000284,-0.41999999999999993,-0.75,-0.710000000000008,-0.7800000000000011,-1.1600000000000108,3.9599999999999937,-1.2199999999999989,-0.019999999999999574,-0.07000000000000028,0.3699999999999992,-2.240000000000009,-0.19000000000000128,0.6700000000000017,1.8599999999999994,-0.29999999999999893,0.45000000000000284,-1.1599999999999966,-0.9099999999999966,-1.0799999999999983,-0.21000000000000085,0.09999999999999787,0.6799999999999997,-0.03999999999999915,-0.48999999999999844,-0.6400000000000006,3.479999999999997,-0.28000000000000114,-0.12999999999999545,-1.1000000000000085,-1.3200000000000216,-2.329999999999984,-0.3000000000000007,0.39999999999997726,1.8500000000000014,-1.1599999999999966,-4.199999999999989,-1.0300000000000011,1.7899999999999991,-1.7800000000000011,-0.08999999999999986,0.5499999999999972,-0.13000000000000078,-0.38000000000000256,-0.010000000000000009,-0.10000000000000142,0.05999999999999961,-0.020000000000000018,-0.02999999999999936,0.08000000000000007,0.0,0.0,-0.05000000000000071,-0.11000000000000032,-0.17999999999999972,-0.1999999999999993,-0.4399999999999977,-0.019999999999999574,-0.009999999999999787,-0.020000000000000462,-0.05999999999999961,0.09000000000000341,0.29999999999999893,-0.1999999999999993,-0.26000000000000156,-0.009999999999999787,-3.6600000000000037,0.8799999999999955,-0.10999999999999943,1.0,0.07000000000000028,0.28000000000000114,0.0,0.009999999999999787,-0.6099999999999994,0.9299999999999926,0.07000000000000028,-0.15000000000000036,0.129999999999999,-0.120000000000001,-0.28000000000000114,-0.8399999999999999,3.0200000000000102,0.28999999999999915,-0.28000000000000114,-0.4399999999999995,-0.020000000000000018,20.5,-0.41000000000000014,-0.33999999999999986,-0.3500000000000014,-0.11999999999999744,0.1999999999999993,-0.23999999999999488,-0.030000000000000027,0.8700000000000045,-0.10000000000000142,0.48999999999999844,0.35999999999999943,-0.10999999999999943,-0.39000000000000057,1.240000000000002,-0.25,-0.020000000000000462,-0.14000000000000057,-2.789999999999992,-0.3099999999999987,0.36999999999999744,0.4399999999999977,-0.05000000000000071,-0.0799999999999983,-0.18999999999999773,0.23999999999999844,-0.10000000000000053,-0.03999999999999915,0.02999999999999936,-0.23000000000000043,-1.0100000000000016,1.480000000000004,-0.08999999999999986,-0.05999999999999872,-0.09999999999999964,-0.020000000000000462,-0.13000000000000078,0.379999999999999,0.30000000000000426,-0.34999999999999964,-0.25,0.13000000000000256,-1.3500000000000014,-0.04999999999999982,0.07000000000000028,-0.15000000000000213,-0.019999999999999574,-0.23000000000000043,0.03000000000000025,0.040000000000000924,-0.2599999999999998,0.21000000000000085,0.08999999999999986,-0.009999999999999787,-0.09999999999999964,0.040000000000000036,-0.2700000000000031,0.009999999999999787,-0.20999999999999996,-0.259999999999998,-0.08000000000000007,-0.03000000000000025,0.0,-0.04999999999999982,-0.08999999999999986,0.010000000000001563,0.0799999999999983,0.3600000000000012,-0.009999999999999787,-0.07000000000000028,0.019999999999999574,-0.04999999999999982,0.020000000000000462,0.019999999999999574,-0.08999999999999986,-1.4099999999999966,-0.13000000000000078,1.610000000000003,-0.08000000000000007,0.019999999999999574,-0.17999999999999972,6.63000000000001,-0.009999999999999787,0.10999999999999943,0.009999999999999787,0.010000000000000231,-0.13000000000000078,-0.13000000000000078,0.120000000000001,-0.010000000000000231,0.0,0.490000000000002,-0.28000000000000114,-0.2599999999999998,1.7800000000000011,-0.040000000000000924,0.3999999999999986,0.22999999999999865,-0.010000000000000231,0.009999999999999787,-0.09000000000000075,0.09999999999999964,-0.040000000000000036,-0.03000000000000025,-0.5300000000000011,0.0,-0.1699999999999946,1.6699999999999875,-0.5900000000000034,-0.7700000000000031,-1.0,-1.25,-0.46999999999999886,1.25,-0.3200000000000003,-1.3299999999999983,0.6099999999999994,0.5599999999999987,-0.40000000000000213,-0.6900000000000048,-0.5200000000000031,-1.1099999999999994,-0.2599999999999998,0.9900000000000091,-0.9699999999999989,-0.7899999999999991,-2.539999999999992,-1.3100000000000023,0.6899999999999977,-0.9400000000000048,12.849999999999966,0.03999999999999915,-1.2199999999999989,-0.06999999999999851,-8.210000000000008,-2.8599999999999994,1.5600000000000023,-1.1700000000000017,-0.29999999999999716,-0.3000000000000007,0.5599999999999987,-0.6000000000000014
2024-06-20,-0.09999999999999964,0.2599999999999998,0.7600000000000016,0.06000000000000005,0.13999999999999968,-0.05999999999999961,-0.040000000000000036,0.11999999999999922,0.46999999999999886,-0.2400000000000002,0.0799999999999983,0.08000000000000007,0.9799999999999969,-1.7700000000000102,-6.3799999999999955,0.13000000000000078,-0.22999999999999865,-0.20999999999999375,3.2099999999999937,-0.3000000000000007,0.08000000000000007,-1.2100000000000009,0.7600000000000016,0.14000000000000057,-0.370000000000001,0.20000000000000284,0.16000000000000014,-2.0200000000000102,-0.02000000000000135,-0.03000000000000025,0.6199999999999974,0.7399999999999984,0.9100000000000001,-1.1899999999999977,-0.009999999999999787,2.759999999999998,-0.019999999999999574,-0.2900000000000009,0.05999999999999872,-0.15000000000000213,0.040000000000000036,0.10000000000000142,-0.7100000000000009,0.5,0.4800000000000004,-0.26000000000000156,-0.3200000000000003,1.120000000000001,-0.1800000000000006,0.9399999999999977,0.629999999999999,-0.4299999999999997,-0.009999999999999787,0.39000000000000057,2.1599999999999966,0.730000000000004,0.28999999999999915,-1.6999999999999886,0.4299999999999997,0.5799999999999983,0.7100000000000009,1.1300000000000026,1.0700000000000003,-0.8100000000000023,0.040000000000000924,0.40000000000000036,2.5,0.39000000000000057,0.5400000000000009,-0.46999999999999886,-0.7199999999999989,-0.2700000000000031,0.08000000000000007,1.1099999999999994,-0.07000000000000739,0.9699999999999989,-0.8499999999999943,-2.210000000000008,-0.13000000000000256,-0.04999999999999982,-0.7000000000000028,0.41999999999999993,2.1599999999999966,0.25,-0.7300000000000004,2.1099999999999994,-0.25,1.3599999999999994,0.480000000000004,-1.3000000000000114,1.6500000000000021,1.4299999999999997,-0.5599999999999987,-0.6999999999999993,-0.030000000000001137,0.75,0.5899999999999963,-3.8300000000000054,-0.13000000000000256,0.3299999999999983,-5.0,1.0199999999999818,-2.2299999999999898,0.17999999999999972,-1.5,2.450000000000003,1.3799999999999955,4.730000000000018,-1.1899999999999977,-0.7299999999999969,-0.6299999999999955,0.5,-1.1899999999999977,-0.02000000000000135,0.7199999999999989,0.020000000000000018,0.08000000000000007,0.040000000000000036,-0.040000000000000036,0.019999999999999574,0.020000000000000462,-0.11000000000000032,-0.14000000000000057,-0.09999999999999964,0.019999999999999574,-0.15000000000000213,0.10999999999999943,-0.14000000000000057,0.019999999999999574,0.25,0.05000000000000071,0.11000000000000032,1.6300000000000026,-0.21000000000000085,-0.14000000000000057,0.5399999999999991,0.03000000000000025,1.3400000000000034,-0.3299999999999983,0.3600000000000012,0.019999999999999574,-0.03999999999999915,0.129999999999999,-0.020000000000000018,-0.16999999999999993,0.759999999999998,-0.1599999999999966,0.3999999999999986,0.02999999999999936,0.04999999999999716,0.2400000000000002,0.010000000000001563,-0.4499999999999993,3.4099999999999966,-0.23000000000000043,0.129999999999999,0.08999999999999986,0.06999999999999984,-0.900000000000091,-0.19000000000000128,0.8900000000000006,-0.6700000000000017,-0.07000000000000028,0.3600000000000012,1.3199999999999932,0.050000000000000044,-0.1699999999999946,-0.2699999999999996,-0.1700000000000017,0.5199999999999996,0.16000000000000014,0.8000000000000007,-0.879999999999999,-0.740000000000002,-0.07000000000000028,-0.03999999999999915,0.8600000000000136,-0.05000000000000071,0.5300000000000011,0.019999999999999574,-0.259999999999998,0.6700000000000017,0.490000000000002,-0.3000000000000007,0.1200000000000001,0.1200000000000001,-0.08000000000000007,-0.20000000000000107,0.5299999999999976,0.060000000000002274,0.09999999999999964,-0.41000000000000014,0.05999999999999872,-0.0,-0.05000000000000071,0.7799999999999994,-0.6499999999999986,-0.3200000000000003,-0.019999999999999574,-1.1900000000000048,-0.28999999999999915,0.04999999999999982,-0.030000000000001137,0.14000000000000057,0.3500000000000014,-0.3200000000000003,-0.019999999999999574,-0.120000000000001,-0.09999999999999964,-0.620000000000001,0.03000000000000025,-0.08999999999999986,0.2599999999999998,0.020000000000000462,-0.490000000000002,0.0,0.02999999999999936,-0.129999999999999,0.27999999999999936,0.04999999999999982,-0.0699999999999994,0.019999999999999574,0.0,0.019999999999999574,0.28999999999999915,-0.2599999999999998,0.040000000000000036,0.21000000000000085,-0.46000000000000085,0.0,0.08000000000000007,-0.10999999999999943,0.1399999999999988,-1.5600000000000023,0.4499999999999993,0.08000000000000185,-0.020000000000000462,0.020000000000000462,0.16000000000000014,0.0799999999999983,0.05999999999999872,0.19000000000000128,0.009999999999999787,-0.020000000000000018,-0.11000000000000121,-0.16999999999999993,-0.620000000000001,-0.020000000000000018,-0.3000000000000007,-0.29999999999999716,-0.3000000000000007,0.0,2.1500000000000057,-0.379999999999999,0.23999999999999844,-0.040000000000000924,0.029999999999999805,-0.45000000000000107,0.040000000000000036,-0.13000000000000078,0.009999999999999787,0.019999999999999574,-0.13000000000000256,-0.020000000000000462,-1.5500000000000043,0.12999999999999545,0.8499999999999943,-1.2100000000000009,0.3500000000000014,1.730000000000004,0.46000000000000085,-0.7199999999999989,-0.8699999999999974,-0.269999999999996,-0.5499999999999989,0.9499999999999993,-0.5,1.75,-0.5499999999999972,-1.7099999999999937,0.049999999999998934,-2.4499999999999886,-0.549999999999983,-0.9099999999999966,-2.5700000000000216,-1.960000000000008,0.4199999999999875,-0.01999999999999602,0.6999999999999886,-0.17999999999999972,0.0800000000000054,0.05000000000000071,-2.569999999999993,-0.09999999999999432,-0.019999999999999574,-0.6700000000000017,-1.25,-0.14000000000000057,-1.2900000000000027,-1.269999999999996
2024-06-21,0.05000000000000071,-0.019999999999999574,0.490000000000002,0.010000000000000231,0.040000000000000036,-0.10999999999999943,0.03000000000000025,0.019999999999999574,-0.519999999999996,-0.08000000000000007,0.21000000000000085,-0.1299999999999999,0.0,1.4699999999999989,4.570000000000022,0.010000000000000675,0.10999999999999943,0.060000000000002274,-0.18999999999999773,0.11999999999999922,0.019999999999999574,0.17999999999999972,0.4400000000000013,-0.009999999999999787,0.13999999999999702,-0.9200000000000017,0.0600000000000005,2.0,-0.22999999999999865,-0.33999999999999986,-0.0400000000000027,0.21000000000000085,-0.1700000000000017,0.09000000000000341,0.16000000000000014,-1.0,0.4200000000000017,0.040000000000000924,-0.17999999999999972,0.10999999999999943,-0.08999999999999986,-1.3000000000000043,0.10000000000000142,-0.05999999999999872,0.0,0.03999999999999915,0.12999999999999545,0.4400000000000013,-0.05999999999999961,0.6299999999999955,0.08000000000000007,-0.3099999999999987,-0.0,0.11000000000000121,-0.8900000000000006,0.030000000000001137,0.19000000000000483,-0.4399999999999977,-0.08000000000000007,0.20000000000000284,-0.11999999999999922,-0.629999999999999,0.7600000000000016,0.46000000000000085,-0.13000000000000078,0.02999999999999936,0.8300000000000125,0.09999999999999787,0.2599999999999998,0.17999999999999972,-0.379999999999999,0.5400000000000063,0.03999999999999915,-0.3500000000000014,-0.4000000000000057,-0.41000000000000014,-0.9000000000000057,-0.2600000000000051,0.25,-0.03000000000000025,0.5600000000000023,0.07000000000000028,0.04000000000000625,0.0,0.14000000000000057,0.030000000000001137,0.08000000000000007,0.19000000000000483,0.4099999999999966,1.6999999999999886,-0.19000000000000128,0.46000000000000085,-0.10999999999999943,0.0,-0.4400000000000013,-0.26000000000000156,0.8399999999999963,-0.6499999999999986,-0.14999999999999858,0.3500000000000014,-0.9099999999999966,2.8300000000000125,1.1800000000000068,0.25,3.839999999999975,-0.36999999999999744,2.0700000000000074,3.1299999999999955,-0.17999999999999972,0.39000000000000057,2.1700000000000017,0.21000000000000085,-0.18999999999999773,0.02999999999999936,0.3299999999999983,0.0,0.049999999999998934,0.3899999999999997,-0.0,-0.020000000000000462,0.08000000000000007,0.07999999999999918,-0.010000000000001563,-0.03000000000000025,0.040000000000000036,-0.060000000000002274,-0.22999999999999865,0.30999999999999517,-0.009999999999999787,0.049999999999998934,-0.05000000000000071,-0.0,-0.21000000000000085,-0.0600000000000005,-0.030000000000001137,-0.129999999999999,-0.0,1.3599999999999994,-0.0799999999999983,0.13000000000000078,-0.03999999999999915,0.14000000000000057,-0.05000000000000071,0.010000000000000231,-0.16999999999999993,0.5600000000000023,0.7400000000000091,0.029999999999997584,-0.03999999999999915,-0.120000000000001,0.08000000000000007,-0.03999999999999915,-0.19000000000000128,0.0,-0.6000000000000014,-0.25,-0.019999999999999574,0.029999999999999805,29.09999999999991,0.019999999999999574,0.0799999999999983,-0.0799999999999983,-0.7699999999999996,-0.049999999999998934,1.690000000000012,-0.020000000000000018,0.21000000000000085,0.17999999999999972,0.25,-0.09999999999999964,0.16999999999999815,-0.2099999999999973,-0.22000000000000242,-0.09000000000000341,0.019999999999999574,-0.00999999999999801,7.219999999999999,-0.049999999999998934,0.14000000000000057,-0.07000000000000028,-0.060000000000002274,0.13000000000000256,-0.09999999999999432,0.010000000000001563,0.0,0.009999999999999787,-0.03000000000000025,0.019999999999999574,-0.03999999999999915,-1.0499999999999972,0.009999999999999787,0.6700000000000017,-0.049999999999998934,-0.009999999999999787,0.03999999999999915,-0.11999999999999922,0.2700000000000031,0.019999999999999574,0.5800000000000018,-0.5200000000000031,0.4799999999999969,0.009999999999999787,-0.0600000000000005,0.14000000000000057,0.08999999999999986,-0.05000000000000071,-0.009999999999999787,0.0600000000000005,0.019999999999999574,0.28000000000000114,0.020000000000000462,0.009999999999999787,0.08000000000000007,0.04999999999999982,-0.1600000000000037,0.04999999999999982,-0.03000000000000025,0.0,0.07000000000000028,0.040000000000000036,-0.05999999999999961,0.009999999999999787,-0.05999999999999961,0.010000000000001563,0.03999999999999915,-0.08000000000000007,0.009999999999999787,-0.10000000000000142,-0.620000000000001,-0.009999999999999787,-0.020000000000000462,0.0699999999999994,0.03999999999999915,0.7100000000000009,0.0,-0.10999999999999943,-0.0600000000000005,-0.1299999999999999,0.08999999999999986,0.6300000000000097,0.08000000000000007,-0.09999999999999787,0.009999999999999787,0.010000000000000231,0.02000000000000135,-0.08999999999999986,-0.14999999999999858,0.010000000000000231,-0.08999999999999986,0.11999999999999744,-0.15000000000000036,-0.009999999999999787,-0.7000000000000028,-0.16999999999999993,0.23999999999999844,0.02999999999999936,-0.020000000000000018,0.019999999999999574,-0.010000000000000675,0.0,0.020000000000000462,0.04999999999999982,0.11000000000000298,-0.14000000000000057,0.28999999999999915,-0.8499999999999943,-0.6000000000000014,0.490000000000002,0.3200000000000003,-0.8100000000000023,-0.10999999999999943,0.4299999999999926,0.21999999999999886,-0.7000000000000028,-0.08999999999999986,-0.14000000000000057,0.08999999999999986,0.769999999999996,0.38000000000000256,-1.5,-0.11999999999999922,-2.0,2.380000000000024,0.730000000000004,2.4199999999999875,-0.19999999999998863,-1.8399999999999892,0.17999999999999972,-0.5200000000000102,0.10000000000000142,-0.0899999999999963,-0.05000000000000071,0.549999999999983,1.1899999999999977,0.4399999999999977,0.46000000000000085,0.990000000000002,0.05000000000000071,0.0400000000000027,-0.04999999999999716
2024-06-24,0.019999999999999574,0.20000000000000018,0.9600000000000009,0.010000000000000231,-0.009999999999999787,0.09999999999999964,-0.0699999999999994,0.13999999999999968,-0.9299999999999926,0.14000000000000057,-0.21000000000000085,-0.04999999999999982,-0.30000000000000426,0.5900000000000034,-7.280000000000001,0.08999999999999986,0.5500000000000007,-0.3399999999999963,2.960000000000008,0.1800000000000015,0.08999999999999986,1.1999999999999957,-0.4299999999999997,0.08000000000000007,-0.36999999999999744,-0.5599999999999987,0.3000000000000007,-0.8300000000000125,-0.35999999999999943,0.08999999999999986,-0.3200000000000003,1.1500000000000021,-0.06999999999999673,1.740000000000002,0.3600000000000012,-0.39000000000000057,0.16999999999999815,-0.28000000000000114,-0.25,0.41999999999999815,-0.07000000000000028,-3.259999999999998,-0.8099999999999987,-0.33000000000000185,0.3899999999999988,0.019999999999999574,0.17999999999999972,-0.629999999999999,0.13999999999999968,1.25,0.46000000000000085,0.34999999999999787,0.23000000000000043,0.15000000000000036,-1.1800000000000068,0.18999999999999773,-0.6000000000000014,-4.410000000000025,0.3100000000000005,0.4299999999999997,0.46000000000000085,-0.6900000000000013,-0.389999999999997,-0.1600000000000037,-0.2699999999999996,0.39000000000000057,-0.7299999999999898,0.23999999999999844,-0.5300000000000011,0.019999999999999574,0.22000000000000242,-0.259999999999998,-0.05999999999999872,1.5900000000000034,0.7199999999999989,-1.4100000000000001,1.1000000000000085,-3.549999999999997,-0.09000000000000341,-0.0600000000000005,-0.44000000000000483,-0.1800000000000015,1.8299999999999983,-0.1399999999999988,0.6499999999999986,0.740000000000002,0.3200000000000003,2.0600000000000023,0.15000000000000568,-2.789999999999992,-0.9499999999999993,-0.35999999999999943,-0.22000000000000242,0.5800000000000018,-0.2699999999999996,0.6999999999999993,2.059999999999995,-2.3299999999999983,-0.509999999999998,1.9400000000000048,-0.9899999999999949,1.8199999999999932,2.180000000000007,-0.5199999999999996,-4.359999999999957,1.6000000000000014,-3.339999999999989,1.6200000000000045,0.7700000000000031,-1.4200000000000017,-1.7199999999999989,0.03999999999999915,2.3900000000000006,-0.019999999999999574,-0.37000000000000455,0.020000000000000018,-0.17999999999999972,0.020000000000000462,0.04999999999999982,-0.07000000000000028,0.009999999999999787,-0.03000000000000025,0.009999999999999787,-0.009999999999999787,-0.0,-0.019999999999999574,0.040000000000000924,-0.36999999999999744,0.13000000000000078,0.16999999999999993,-0.020000000000000462,0.11000000000000032,2.6400000000000006,0.16000000000000014,0.05000000000000071,0.26000000000000156,-0.0,-1.230000000000004,-0.6400000000000006,0.05000000000000071,-0.03999999999999915,1.0300000000000011,0.5399999999999991,0.10000000000000009,0.10000000000000142,0.25,-0.980000000000004,0.41000000000000014,-0.019999999999999574,-0.4299999999999997,0.34999999999999964,-0.21999999999999886,-0.16000000000000014,-0.12999999999999545,-0.5600000000000023,0.4200000000000017,-0.2400000000000002,-0.06999999999999984,-5.5499999999999545,-0.21999999999999886,0.5700000000000003,0.010000000000001563,-1.4100000000000001,0.22000000000000064,0.39000000000000057,0.08999999999999986,0.28000000000000114,-0.3200000000000003,0.5500000000000007,-0.379999999999999,0.16000000000000014,1.8200000000000003,-0.25,0.7100000000000009,0.009999999999999787,-0.25,2.1399999999999864,-0.06999999999999851,0.20000000000000284,0.3200000000000003,-0.3200000000000003,0.18999999999999773,0.38000000000000256,-0.5600000000000023,-0.020000000000000462,0.08000000000000007,0.03000000000000025,0.1999999999999993,-0.46999999999999886,-0.04999999999999716,0.03000000000000025,0.5,0.02999999999999936,0.040000000000000036,-0.02999999999999936,-0.4300000000000015,-0.020000000000003126,0.16000000000000014,-0.5799999999999983,-0.14000000000000057,0.18999999999999773,0.05999999999999961,0.17999999999999972,-0.9199999999999982,0.20999999999999908,0.07000000000000028,0.02999999999999936,0.14000000000000057,0.040000000000000924,-0.29999999999999716,-0.020000000000000462,0.1200000000000001,0.16999999999999993,-0.05999999999999961,-0.12999999999999545,-0.0,-0.05999999999999961,0.610000000000003,0.25,0.009999999999999787,0.08999999999999986,-0.0600000000000005,0.16999999999999993,-0.019999999999999574,-0.0,0.16999999999999993,0.06000000000000005,0.129999999999999,-0.5800000000000018,-0.0600000000000005,0.010000000000000675,0.03999999999999915,0.14000000000000057,1.1300000000000026,0.5399999999999991,0.740000000000002,-0.0,-0.15000000000000036,0.1899999999999995,4.439999999999998,0.09000000000000163,0.1999999999999993,-0.040000000000000036,0.010000000000000231,0.1700000000000017,0.05999999999999872,0.5300000000000011,0.020000000000000018,-0.09999999999999964,0.25,-0.019999999999999574,0.1899999999999995,0.1799999999999926,0.33999999999999986,0.14999999999999858,0.14999999999999858,0.020000000000000018,-0.41999999999999993,-0.03000000000000025,-0.15999999999999837,-0.020000000000000462,0.13999999999999968,0.5400000000000027,-0.14000000000000057,1.5,0.20000000000000284,-0.07000000000000028,0.22999999999999687,-1.0300000000000011,-1.0400000000000063,-0.6100000000000065,-0.5699999999999932,-0.3400000000000034,-0.7400000000000091,0.6699999999999999,0.5,6.999999999999998,-1.8800000000000026,0.7899999999999991,2.049999999999997,-0.08000000000000007,-1.5699999999999932,-1.160000000000025,-0.3200000000000003,2.990000000000009,2.219999999999999,-3.1199999999999903,-0.3100000000000023,-1.2900000000000205,0.3200000000000003,-0.990000000000002,-0.21999999999999886,8.97999999999999,2.569999999999993,1.5100000000000016,-0.9299999999999997,0.8999999999999986,1.0100000000000016,0.9000000000000021,1.490000000000002
2024-06-25,0.09999999999999964,-0.1200000000000001,-0.5399999999999991,-0.03000000000000025,-0.020000000000000462,0.040000000000000036,0.07000000000000028,0.04999999999999982,0.4100000000000108,-0.6500000000000004,0.3299999999999983,-0.1299999999999999,0.14999999999999858,0.8899999999999864,-4.019999999999982,-0.010000000000000675,-0.129999999999999,0.38000000000000256,1.7800000000000011,-0.019999999999999574,0.04999999999999982,2.0,-0.40000000000000213,0.15000000000000036,0.14000000000000057,-0.15000000000000213,0.07000000000000028,0.47999999999998977,-0.05000000000000071,0.07000000000000028,0.0,-0.6600000000000001,-0.10000000000000142,-1.1000000000000014,0.0,0.1699999999999946,-0.010000000000001563,-0.2900000000000009,-0.8999999999999986,-0.129999999999999,0.07999999999999918,2.4399999999999977,0.4200000000000017,0.3099999999999987,-0.23000000000000043,-0.41999999999999815,-0.21999999999999886,-0.5199999999999996,-0.03000000000000025,0.030000000000001137,0.33999999999999986,-0.39000000000000057,0.08999999999999986,0.0,0.44999999999998863,0.46000000000000085,-0.22000000000000597,11.060000000000002,-0.2599999999999998,0.5,0.4800000000000004,-0.48999999999999844,-0.5700000000000003,-0.720000000000006,0.20999999999999908,-0.17999999999999972,-4.069999999999993,0.379999999999999,-0.25,-0.36999999999999744,-0.4799999999999969,-0.14000000000000057,-0.09000000000000163,-0.3299999999999983,1.5600000000000023,-0.259999999999998,-1.5499999999999972,0.45000000000000284,-0.7899999999999991,-0.08999999999999986,-1.0500000000000043,-0.17999999999999972,2.240000000000009,0.26000000000000156,-0.5,0.720000000000006,-0.02999999999999936,3.0600000000000023,3.5900000000000034,5.310000000000002,0.75,1.1600000000000037,-0.8000000000000007,0.010000000000001563,-0.41000000000000014,0.5599999999999987,0.19999999999999574,-1.9600000000000009,0.04999999999999716,-0.6499999999999986,-3.530000000000001,-0.6599999999999966,5.599999999999994,0.4400000000000013,2.1399999999999864,-1.0799999999999983,4.690000000000012,-3.5999999999999943,0.4200000000000017,-0.14000000000000057,-0.519999999999996,-0.18999999999999773,3.969999999999999,-0.049999999999998934,0.30999999999999517,0.0,0.0,0.07999999999999918,-0.020000000000000018,0.019999999999999574,0.019999999999999574,-0.08999999999999986,-0.02999999999999936,0.019999999999999574,0.0,0.3000000000000007,-0.379999999999999,0.22999999999999687,-0.10999999999999943,-0.11000000000000121,0.04999999999999982,0.04999999999999982,0.13000000000000256,0.1399999999999988,-0.03999999999999915,-0.030000000000001137,-0.040000000000000036,0.1699999999999946,0.5500000000000043,0.21000000000000085,-0.6600000000000001,0.07000000000000028,0.16999999999999815,-0.06999999999999984,-0.3200000000000003,-0.5899999999999963,-1.5,0.21000000000000085,-0.3100000000000005,-0.3099999999999987,-0.129999999999999,-0.46000000000000085,-0.18999999999999773,-2.7299999999999898,0.6699999999999982,-0.7399999999999984,-0.2699999999999996,-0.009999999999999787,10.100000000000136,-0.14999999999999858,0.259999999999998,0.9899999999999984,0.41000000000000014,-0.2400000000000002,0.05000000000001137,-0.039999999999999813,-0.6799999999999997,-0.10000000000000142,0.09999999999999787,-0.39000000000000057,-0.26000000000000156,-1.2200000000000024,-0.40000000000000213,0.75,-0.040000000000000036,-0.07000000000000028,-0.3699999999999761,-0.06999999999999851,0.9899999999999949,0.129999999999999,-0.22000000000000242,-0.1999999999999993,-0.5900000000000034,-0.240000000000002,-0.040000000000000036,0.04999999999999982,0.040000000000000036,0.10999999999999943,-0.21000000000000085,-0.09999999999999432,0.1299999999999999,0.020000000000003126,0.08000000000000007,0.009999999999999787,0.019999999999999574,0.5899999999999999,0.1700000000000017,-0.16000000000000014,-0.4499999999999993,-0.3200000000000003,-0.5900000000000034,-0.040000000000000036,-0.019999999999999574,1.1099999999999994,-0.13000000000000078,0.10000000000000142,-0.04999999999999982,0.030000000000001137,0.1899999999999995,-0.21000000000000085,0.05000000000000071,0.0699999999999994,-0.0600000000000005,0.009999999999999787,-0.25,0.009999999999999787,0.010000000000000675,-0.0799999999999983,0.17999999999999972,0.10000000000000053,-0.040000000000000036,0.02999999999999936,-0.13999999999999968,-0.22999999999999687,0.16000000000000014,-0.019999999999999574,-0.03000000000000025,-0.45000000000000284,-0.20000000000000284,0.0,0.010000000000000675,0.0,0.22999999999999865,0.27999999999999403,-0.120000000000001,-0.29999999999999716,0.019999999999999574,0.040000000000000036,0.3699999999999992,-0.2600000000000051,-0.030000000000001137,-0.4799999999999969,0.009999999999999787,-0.020000000000000018,0.09000000000000163,-0.02000000000000135,0.6699999999999982,-0.010000000000000231,0.07000000000000028,-0.16000000000000014,-0.4399999999999995,0.34999999999999964,1.480000000000004,0.02999999999999936,-0.11999999999999744,0.09000000000000075,0.029999999999999805,-0.11000000000000121,0.03000000000000025,-0.019999999999999574,-0.02999999999999936,-0.010000000000000675,0.7399999999999984,0.07000000000000028,1.269999999999996,-0.9399999999999977,0.07000000000000028,0.0799999999999983,-0.12000000000000455,-5.400000000000006,-0.0800000000000054,0.09999999999999432,0.1700000000000017,3.259999999999991,0.3600000000000012,-0.14000000000000057,-0.03999999999999915,0.29999999999999716,0.19000000000000128,2.5,-0.08000000000000007,1.8199999999999932,0.3499999999999943,-2.1700000000000017,6.2099999999999795,1.5800000000000125,-2.460000000000008,-0.01999999999999602,-6.47999999999999,-0.5800000000000001,1.1199999999999974,0.34000000000000075,9.110000000000014,0.21999999999999886,-0.9600000000000009,-1.009999999999998,-1.6900000000000048,0.9499999999999993,-0.370000000000001,1.7199999999999989
2024-06-26,0.0,0.08000000000000007,-0.9600000000000009,0.04999999999999982,0.08000000000000007,-0.03000000000000025,0.08000000000000007,-0.1899999999999995,-1.0400000000000063,0.22000000000000064,-0.41000000000000014,0.009999999999999787,-0.4100000000000037,-1.0699999999999932,-3.609999999999985,-0.08000000000000007,0.2599999999999998,-0.5200000000000031,2.410000000000011,0.040000000000000924,0.08000000000000007,0.8500000000000014,-0.379999999999999,0.09999999999999964,0.14000000000000057,-0.46000000000000085,0.16000000000000014,-0.20999999999997954,-0.02000000000000135,-0.11000000000000032,0.11000000000000298,1.0199999999999996,-0.8299999999999983,-1.8400000000000034,-0.02999999999999936,-0.35999999999999943,0.16000000000000014,-0.09999999999999964,-0.3999999999999986,0.389999999999997,0.0699999999999994,1.3900000000000006,-0.13000000000000256,-0.5700000000000003,0.2699999999999996,-0.21000000000000085,-0.3200000000000003,-1.1099999999999994,-0.04999999999999982,-3.25,0.5099999999999998,0.6799999999999997,0.019999999999999574,-0.07000000000000028,-4.47999999999999,0.25,0.22999999999999687,4.910000000000025,-0.620000000000001,-0.11999999999999744,0.28000000000000114,-2.129999999999999,-2.0199999999999996,1.0400000000000063,-0.28000000000000114,-0.7300000000000004,-1.289999999999992,0.26000000000000156,0.33000000000000007,-0.28999999999999915,-0.6099999999999994,0.30999999999999517,0.07000000000000028,-0.7100000000000009,-1.1599999999999966,0.9100000000000001,1.769999999999996,0.8700000000000045,-3.269999999999996,0.009999999999999787,-0.23000000000000398,-0.27000000000000135,-4.240000000000009,0.15000000000000036,-1.3900000000000006,0.18999999999999773,-0.5599999999999987,1.2899999999999991,0.12000000000000455,-5.099999999999994,0.5800000000000018,0.3200000000000003,0.35999999999999943,-1.0199999999999996,-0.6099999999999994,-0.3099999999999987,-2.3000000000000043,1.240000000000002,-0.14000000000000057,0.45000000000000284,0.0,-0.8100000000000023,-0.15000000000000568,0.5300000000000011,1.8000000000000114,-0.7700000000000031,2.430000000000007,-6.260000000000019,-1.2100000000000009,-2.280000000000001,0.28000000000000114,-0.4599999999999973,1.9200000000000017,0.010000000000001563,0.29999999999999716,-0.030000000000000027,-0.03999999999999915,0.019999999999999574,0.040000000000000036,-0.009999999999999787,-0.009999999999999787,-0.07000000000000028,-0.009999999999999787,0.040000000000000036,0.04999999999999982,0.2799999999999976,0.05000000000000071,-0.23999999999999488,0.0,-0.14000000000000057,0.019999999999999574,0.0600000000000005,1.0700000000000003,0.08000000000000007,-0.02000000000000135,-0.3500000000000014,-0.07000000000000028,0.730000000000004,0.3500000000000014,0.27999999999999936,0.5800000000000018,-0.029999999999997584,-0.5500000000000007,0.040000000000000036,-0.02999999999999936,0.19999999999999574,-0.39000000000000057,0.28000000000000114,-0.3000000000000007,-0.08999999999999986,0.1999999999999993,0.030000000000001137,-0.31999999999999673,4.0,0.1999999999999993,0.3500000000000014,0.049999999999998934,0.040000000000000036,2.5699999999999363,0.240000000000002,0.7300000000000004,1.3299999999999983,0.129999999999999,0.45000000000000107,0.0899999999999892,0.010000000000000009,-1.4099999999999966,-0.00999999999999801,-0.46999999999999886,0.15000000000000036,0.129999999999999,0.7000000000000028,0.120000000000001,0.259999999999998,-0.05999999999999961,0.08000000000000185,-0.7199999999999989,0.019999999999999574,0.8599999999999994,0.26000000000000156,0.18999999999999773,0.21999999999999886,0.19000000000000483,0.0,0.03000000000000025,0.05999999999999961,0.03000000000000025,-0.05000000000000071,-0.2799999999999976,0.2599999999999909,0.08000000000000007,0.08999999999999986,0.08000000000000007,0.019999999999999574,-0.030000000000001137,0.22000000000000064,-0.990000000000002,0.22000000000000064,0.28999999999999915,0.17999999999999972,0.6499999999999986,0.1200000000000001,0.08000000000000007,0.7300000000000004,0.03999999999999915,0.00999999999999801,0.019999999999999574,0.009999999999999787,-0.27999999999999936,-0.0,-0.05000000000000071,0.11999999999999922,0.009999999999999787,0.020000000000000462,0.10000000000000142,0.009999999999999787,0.04999999999999982,0.030000000000001137,-0.5099999999999998,0.020000000000000462,-0.019999999999999574,0.03000000000000025,0.0,0.5200000000000031,0.33000000000000185,0.14000000000000057,0.020000000000000018,0.120000000000001,-0.120000000000001,-0.05999999999999961,0.020000000000000462,-0.040000000000000036,0.08000000000000007,1.4200000000000017,-0.4800000000000004,0.5100000000000016,0.009999999999999787,0.07000000000000028,0.1399999999999988,0.12000000000000455,0.030000000000001137,0.0400000000000027,-0.009999999999999787,0.009999999999999787,-0.0600000000000005,-0.3500000000000014,0.25,-0.010000000000000231,0.08999999999999986,-0.3000000000000007,0.09999999999999964,0.09999999999999964,1.4099999999999966,0.16999999999999993,0.08999999999999986,0.09000000000000075,-0.1299999999999999,0.02999999999999936,-0.02999999999999936,0.030000000000001137,0.03000000000000025,0.020000000000000462,0.28000000000000114,0.009999999999999787,-3.3399999999999963,-0.8100000000000023,0.28000000000000114,-1.1899999999999977,0.3299999999999983,0.730000000000004,0.3500000000000014,0.9599999999999937,-0.5200000000000031,0.25,-0.9000000000000004,-1.1000000000000014,0.08999999999999986,-0.3999999999999986,-0.6699999999999982,3.25,0.02999999999999936,-0.9300000000000068,-0.2600000000000193,1.3399999999999963,2.289999999999992,0.6000000000000085,1.490000000000009,-0.17999999999999972,-9.900000000000006,0.11999999999999922,-0.07000000000000028,0.1999999999999993,5.77000000000001,-0.21000000000000796,0.08999999999999986,1.1700000000000017,0.3999999999999986,-1.7199999999999989,-0.860000000000003,0.9299999999999997
2024-06-27,-0.05000000000000071,0.1900000000000004,-0.5400000000000027,-0.04999999999999982,-0.040000000000000036,0.2599999999999998,-0.009999999999999787,-0.16999999999999904,0.15000000000000568,-0.029999999999997584,-0.5500000000000007,0.41999999999999993,-0.6400000000000006,-1.1399999999999864,9.049999999999983,-0.0699999999999994,-0.3100000000000005,0.4299999999999997,-2.5900000000000034,0.16999999999999993,-0.04999999999999982,-0.9200000000000017,-0.5,-0.049999999999998934,0.5599999999999987,-0.03999999999999915,0.2699999999999996,1.6500000000000057,-0.10000000000000142,-0.09999999999999964,-0.10000000000000142,-0.6099999999999994,-0.9399999999999977,-0.7700000000000031,0.129999999999999,-0.05000000000000426,0.33999999999999986,0.2599999999999998,-0.39000000000000057,-0.35999999999999943,0.0,-1.3200000000000003,1.0400000000000027,-0.4499999999999993,-0.16999999999999993,0.10999999999999943,-0.5200000000000031,-0.5600000000000023,-0.14999999999999947,-1.6199999999999974,-0.3100000000000005,-0.16000000000000014,0.08999999999999986,0.5600000000000005,-0.12000000000000455,-0.4899999999999949,-0.5300000000000011,0.11000000000001364,-0.3200000000000003,-0.3299999999999983,-0.3600000000000012,-0.9600000000000009,-0.9800000000000004,-0.6499999999999986,-0.19000000000000128,-0.2699999999999996,-3.219999999999999,-0.4700000000000024,-0.33000000000000007,-0.5700000000000003,-0.6500000000000021,0.0,0.009999999999999787,-1.240000000000002,2.6299999999999955,0.15000000000000213,-3.239999999999995,3.1899999999999977,0.6400000000000006,0.04999999999999982,-0.030000000000001137,-0.23000000000000043,-3.210000000000008,0.34999999999999964,-0.8100000000000023,-0.5900000000000034,-0.3099999999999987,0.20000000000000284,-0.8000000000000043,-3.8600000000000136,1.0500000000000007,0.8399999999999963,0.17999999999999972,-0.379999999999999,-0.39000000000000057,-0.6499999999999986,-1.1000000000000014,-1.5,-0.14000000000000057,-0.28999999999999915,-0.35999999999999943,0.5099999999999909,-1.0,0.8599999999999994,0.5,-1.4400000000000048,-2.1700000000000017,-4.689999999999998,-0.8000000000000007,-0.769999999999996,1.6499999999999986,-0.36999999999999744,-1.3400000000000034,-0.009999999999999787,-0.3200000000000003,-0.020000000000000018,-0.010000000000001563,-0.05999999999999961,-0.019999999999999574,-0.019999999999999574,0.040000000000000036,-0.02999999999999936,-0.019999999999999574,0.009999999999999787,0.0,-0.0,-0.14999999999999858,-0.19999999999999574,0.009999999999999787,0.2699999999999996,-0.07000000000000028,-0.010000000000000675,-0.8999999999999986,0.2599999999999998,0.15000000000000036,-0.26000000000000156,0.009999999999999787,-1.2199999999999989,-0.3500000000000014,-0.05999999999999872,0.14000000000000057,-0.10999999999999943,-0.4800000000000004,0.10999999999999988,-0.2900000000000009,0.6599999999999966,2.2900000000000063,-0.33999999999999986,-0.47000000000000064,0.6899999999999977,-0.23000000000000043,0.14999999999999858,0.4400000000000013,3.3000000000000114,-0.4400000000000013,0.060000000000002274,-0.19000000000000128,-0.040000000000000036,-1.2699999999999818,-0.4800000000000004,-0.1999999999999993,-0.10000000000000142,-0.14000000000000057,0.010000000000001563,-1.1599999999999966,-0.029999999999999805,-0.0899999999999963,-0.21000000000000085,0.9600000000000009,-0.2699999999999996,-0.07000000000000028,-0.46000000000000085,-0.5500000000000007,0.6300000000000026,0.009999999999999787,-0.28999999999999915,2.0400000000000205,-0.009999999999999787,-0.25,-0.1999999999999993,0.14000000000000057,0.21999999999999886,-0.6700000000000017,-0.1700000000000017,-0.040000000000000036,-0.03000000000000025,-0.04999999999999982,-0.19000000000000128,-0.09999999999999787,-2.1300000000000097,0.0600000000000005,0.120000000000001,-0.019999999999999574,-0.040000000000000036,-0.28999999999999915,-0.40000000000000036,-0.39000000000000057,-0.2599999999999998,-0.120000000000001,0.25,1.220000000000006,-0.009999999999999787,-0.0600000000000005,-0.360000000000003,0.21000000000000085,-0.120000000000001,-0.11000000000000032,-0.009999999999999787,-0.08999999999999986,0.1700000000000017,0.3600000000000003,0.02999999999999936,-0.1899999999999995,-0.040000000000000036,0.22999999999999687,-0.02999999999999936,-0.11000000000000032,0.4200000000000017,-0.16999999999999993,-0.040000000000000036,-0.020000000000000462,-0.07000000000000028,-0.20000000000000018,0.1700000000000017,-0.05999999999999872,-0.2599999999999998,0.03000000000000025,-0.060000000000002274,0.3500000000000014,-0.08999999999999986,0.20999999999999996,-0.05999999999999961,0.22000000000000064,-2.280000000000001,-0.35999999999999943,-0.4200000000000017,-0.13000000000000078,0.020000000000000462,-0.08000000000000007,5.430000000000007,-0.049999999999998934,-0.4700000000000024,-0.09999999999999964,-0.040000000000000036,-0.27999999999999936,0.009999999999999787,-0.6099999999999994,-0.010000000000000231,-0.16000000000000014,0.9400000000000013,-0.33999999999999986,-0.14000000000000057,-1.4599999999999937,0.1899999999999995,-0.360000000000003,-0.13000000000000078,-0.040000000000000036,0.47000000000000064,-0.09000000000000075,0.14000000000000057,-0.0600000000000005,0.0,-0.490000000000002,-0.08000000000000007,-0.75,-1.2199999999999989,-0.8800000000000026,-1.6799999999999997,-0.04999999999999716,-2.9599999999999937,1.0899999999999963,-0.4000000000000057,-0.6799999999999997,-1.0700000000000074,-0.3899999999999988,-0.7699999999999996,-0.41999999999999993,1.9100000000000037,-0.41999999999999815,-1.0,-0.11000000000000121,-0.09000000000000341,1.6599999999999966,-0.25,-2.1599999999999966,-1.4399999999999977,-1.6000000000000085,-0.7100000000000009,-4.27000000000001,-0.4800000000000004,-0.5900000000000034,-0.23000000000000043,-4.359999999999985,2.950000000000003,-0.6199999999999974,1.25,-1.5499999999999972,-0.34999999999999787,-0.6400000000000006,-0.759999999999998
2024-06-28,0.019999999999999574,0.07000000000000028,-1.0899999999999999,0.040000000000000036,-0.07000000000000028,0.13999999999999968,0.09000000000000075,0.019999999999999574,0.4000000000000057,0.08999999999999986,-0.019999999999999574,0.11000000000000032,0.030000000000001137,4.689999999999998,7.390000000000015,-0.03999999999999915,-0.16999999999999993,-0.259999999999998,1.3200000000000074,0.23000000000000043,-0.04999999999999982,0.3200000000000003,-0.9500000000000028,0.13000000000000078,0.4400000000000013,0.16000000000000014,0.09999999999999964,1.6100000000000136,-0.02000000000000135,-0.03000000000000025,0.14000000000000057,-0.490000000000002,0.740000000000002,-0.4399999999999977,-0.09999999999999964,0.0899999999999963,-0.28000000000000114,-0.010000000000001563,0.03999999999999915,0.25,0.04999999999999982,-0.9299999999999997,-0.4800000000000004,0.020000000000003126,-0.019999999999999574,0.16000000000000014,-1.1400000000000006,-0.08999999999999986,-0.02999999999999936,-0.18999999999999773,-0.1800000000000015,-0.8900000000000006,-0.16000000000000014,-0.16999999999999993,1.5400000000000063,0.3200000000000003,-0.46999999999999886,0.22999999999996135,0.15000000000000036,-0.1999999999999993,0.25,-0.5899999999999999,-0.6600000000000001,0.46000000000000085,0.11999999999999922,0.019999999999999574,-0.75,-0.00999999999999801,-0.02999999999999936,-0.3500000000000014,0.16000000000000014,-0.3999999999999986,0.16000000000000014,0.5,-1.7000000000000028,-1.1700000000000017,-2.489999999999995,0.8400000000000034,-0.07000000000000028,-0.16999999999999993,1.1799999999999997,0.16000000000000014,3.989999999999995,0.7799999999999994,-0.11999999999999744,-0.0,-0.0,0.259999999999998,1.3500000000000014,-1.740000000000009,0.0,0.17999999999999972,-0.46000000000000085,0.13999999999999702,0.3099999999999987,0.13000000000000256,0.9699999999999989,0.6000000000000014,0.17999999999999972,-0.6799999999999997,-1.9299999999999926,4.969999999999999,4.019999999999996,-0.13999999999999702,3.589999999999975,1.4399999999999977,1.3400000000000034,1.2600000000000193,0.5,-1.1599999999999966,2.549999999999997,0.41000000000000014,0.75,0.009999999999999787,-0.25,-0.010000000000000009,-0.41999999999999993,0.05000000000000071,0.03000000000000025,-0.16999999999999993,-0.09000000000000075,-0.25,-0.1899999999999995,-0.16000000000000014,-0.05999999999999961,0.16999999999999815,0.23999999999999844,-0.07000000000000028,-0.020000000000000462,0.21000000000000085,-0.11000000000000032,0.0699999999999994,0.3500000000000014,-0.3199999999999985,0.07000000000000028,-0.23000000000000043,-0.029999999999999805,0.8599999999999994,-2.960000000000001,0.08000000000000007,-0.7399999999999984,0.25,-0.00999999999999801,-0.10000000000000009,-0.20000000000000107,0.7800000000000011,2.239999999999995,-0.09999999999999787,0.019999999999999574,-0.41999999999999815,-0.45000000000000107,-0.75,0.16000000000000014,3.930000000000007,0.33999999999999986,-0.11999999999999744,-0.5300000000000011,-0.0,23.09999999999991,-0.5,0.26000000000000156,0.28000000000000114,0.05000000000000071,-0.28999999999999915,-0.18999999999999773,0.020000000000000018,-0.44999999999999574,0.3099999999999987,-0.019999999999999574,0.11999999999999922,-0.03999999999999915,-0.9299999999999997,0.3200000000000003,-1.6200000000000045,-0.16000000000000014,-0.3200000000000003,5.1299999999999955,0.16000000000000014,0.7000000000000028,-0.8200000000000003,-0.389999999999997,-0.07000000000000028,-1.1199999999999974,-0.10000000000000142,-0.08000000000000007,0.09999999999999964,0.08000000000000007,-0.08999999999999986,-0.9200000000000017,2.7099999999999937,0.25,-0.509999999999998,0.3000000000000007,0.0600000000000005,0.21000000000000085,0.2400000000000002,0.17999999999999972,0.1899999999999995,0.6400000000000006,0.8699999999999974,-1.0399999999999991,0.04999999999999982,-0.2400000000000002,-0.5899999999999999,0.16999999999999993,-0.1700000000000017,0.04999999999999982,-0.10999999999999943,0.46999999999999886,-0.8599999999999994,0.13999999999999968,-0.07000000000000028,0.009999999999999787,0.040000000000000036,0.060000000000002274,-0.040000000000000036,0.02999999999999936,-0.010000000000001563,-0.0600000000000005,0.0600000000000005,-0.09999999999999964,0.0,-0.28000000000000025,-0.05000000000000071,-0.14000000000000057,0.11000000000000121,-0.050000000000000266,-0.03999999999999915,0.1700000000000017,0.05000000000000071,0.05999999999999961,-0.08999999999999986,0.09999999999999964,-0.07000000000000028,-0.20999999999999908,-0.05000000000000071,0.16999999999999993,-0.33000000000000007,0.5800000000000001,1.8200000000000074,-0.1999999999999993,-0.4800000000000004,0.03000000000000025,-0.0,0.08999999999999986,-0.6300000000000008,0.33999999999999986,-0.03000000000000025,-0.29999999999999893,0.23000000000000043,-0.030000000000001137,0.2400000000000002,0.46000000000000085,-0.3000000000000007,-0.6700000000000017,0.1899999999999995,0.029999999999999805,0.47000000000000064,0.0,0.25,0.009999999999999787,-0.22999999999999954,0.8399999999999999,0.020000000000000462,0.4200000000000017,0.269999999999996,-0.14000000000000057,0.10999999999999943,0.4100000000000037,1.2600000000000051,1.25,-0.0799999999999983,1.7299999999999969,-0.29000000000000625,0.25,0.22000000000000242,0.3200000000000003,-0.7299999999999969,0.5199999999999996,1.4200000000000017,-0.3100000000000005,-1.6800000000000068,0.47999999999998977,-1.1099999999999994,0.17000000000001592,0.21999999999999886,-0.730000000000004,0.490000000000002,18.129999999999995,0.11000000000000121,-3.5800000000000054,-0.03000000000000025,-0.05999999999997385,1.4299999999999926,0.019999999999999574,0.04999999999999716,0.18999999999999773,1.1799999999999997,-0.28999999999999915,-0.39000000000000057
2024-07-01,-0.1999999999999993,-0.3600000000000003,0.1700000000000017,-0.08999999999999986,0.019999999999999574,0.1200000000000001,0.010000000000000675,0.02999999999999936,-0.4099999999999966,0.5299999999999976,-2.16,0.019999999999999574,-1.3000000000000043,-0.4900000000000091,-3.299999999999983,0.040000000000000036,0.15000000000000036,-0.3200000000000003,1.5200000000000102,-0.3100000000000005,0.020000000000000462,1.0700000000000003,0.14999999999999858,0.02999999999999936,-1.0100000000000016,-0.17999999999999972,-0.07000000000000028,0.2600000000000193,-0.2699999999999996,-0.14999999999999947,0.3000000000000007,0.28999999999999915,0.2900000000000027,-0.9100000000000037,-0.3200000000000003,-2.020000000000003,-0.6099999999999994,-0.6800000000000015,-0.4400000000000013,0.09000000000000163,0.03000000000000025,-0.020000000000003126,0.4399999999999977,0.5499999999999972,0.15000000000000036,-0.8900000000000006,0.3500000000000014,0.2799999999999976,0.040000000000000036,0.5399999999999991,-0.0600000000000005,0.2099999999999973,0.13999999999999968,-0.9000000000000004,-0.1799999999999926,-0.3999999999999986,0.39000000000000057,4.970000000000027,0.009999999999999787,-0.10000000000000142,0.05000000000000071,0.17999999999999972,0.0799999999999983,-0.4000000000000057,0.11999999999999922,0.019999999999999574,3.4499999999999886,-0.3000000000000007,-0.1899999999999995,-0.8499999999999979,0.2699999999999996,-1.3900000000000006,-0.019999999999999574,0.13000000000000256,0.5799999999999983,-0.2699999999999996,0.4000000000000057,1.3900000000000006,0.5599999999999952,-0.11000000000000032,1.3599999999999994,0.07000000000000028,-1.6800000000000068,-0.08999999999999986,0.129999999999999,-1.3999999999999986,0.11999999999999922,0.07000000000000028,-1.1199999999999974,-7.02000000000001,0.1700000000000017,-0.1600000000000037,-0.23000000000000043,-0.09999999999999787,-0.08999999999999986,-0.129999999999999,-0.17999999999999972,0.9699999999999989,0.5599999999999987,1.470000000000006,2.7900000000000063,3.960000000000008,0.5099999999999909,-0.00999999999999801,-5.880000000000052,-8.329999999999998,-1.7800000000000011,1.5600000000000023,0.40000000000000213,-0.1600000000000037,1.2100000000000009,0.29999999999999716,1.0600000000000023,0.049999999999998934,0.3299999999999983,-0.050000000000000044,0.16000000000000014,-0.04999999999999982,0.020000000000000018,0.05999999999999961,0.10999999999999943,-0.33000000000000007,-0.27000000000000135,0.0699999999999994,-0.019999999999999574,-0.030000000000001137,-0.07000000000000028,0.1700000000000017,-0.17000000000000082,-0.5500000000000007,-0.020000000000000462,0.009999999999999787,-1.0399999999999991,0.09000000000000163,0.0,-0.8300000000000018,0.03000000000000025,0.5100000000000051,0.46000000000000085,0.23999999999999844,0.9199999999999982,-0.7199999999999989,0.010000000000001563,0.06999999999999984,0.13000000000000078,-0.18999999999999773,1.4399999999999977,-0.4400000000000013,-0.3000000000000007,0.5,0.08000000000000007,-0.10999999999999943,-0.8499999999999979,-0.9399999999999977,0.2699999999999996,0.5,0.08999999999999986,0.08000000000000007,-27.00999999999999,-0.08000000000000185,0.1999999999999993,-0.33999999999999986,0.25,-0.17999999999999972,2.0999999999999943,-0.06999999999999984,-0.1599999999999966,-0.4499999999999993,0.010000000000001563,0.0,0.3000000000000007,-0.19000000000000128,0.34999999999999787,0.0,0.040000000000000036,-0.41000000000000014,3.819999999999993,-0.030000000000001137,0.0,-0.4399999999999977,0.41000000000000014,0.129999999999999,-0.27999999999999403,0.5599999999999987,-0.1200000000000001,0.0,0.07000000000000028,-0.4499999999999993,-1.0399999999999991,0.04000000000000625,0.0,0.240000000000002,-0.15000000000000036,-0.040000000000000036,-0.120000000000001,0.030000000000001137,0.020000000000003126,0.049999999999998934,-0.08999999999999986,0.9100000000000037,0.7100000000000009,0.040000000000000036,0.0,0.6000000000000014,-0.7300000000000004,0.129999999999999,-0.03000000000000025,-0.09999999999999964,0.22999999999999865,-1.1000000000000014,0.11000000000000032,-0.009999999999999787,0.05999999999999961,0.08000000000000007,-0.259999999999998,-0.08999999999999986,0.07000000000000028,-0.7899999999999991,0.0,-0.019999999999999574,0.05000000000000071,-0.1200000000000001,0.28000000000000025,-0.6799999999999997,-0.2699999999999996,-0.3600000000000012,0.040000000000000036,-0.3000000000000007,-0.019999999999999574,0.009999999999999787,0.13000000000000078,0.08999999999999986,0.10999999999999943,-0.3100000000000023,-0.03999999999999915,-0.5899999999999999,-0.05000000000000071,0.11000000000000032,-0.05999999999999872,3.1599999999999966,0.120000000000001,0.370000000000001,0.04999999999999982,0.020000000000000018,-0.47000000000000064,0.10999999999999943,-0.16000000000000014,-0.029999999999999805,0.28000000000000114,-0.240000000000002,0.09999999999999964,0.10000000000000142,0.00999999999999801,0.4399999999999995,-0.46999999999999886,0.07999999999999918,0.040000000000000036,0.33000000000000007,-0.16999999999999993,-0.2699999999999996,-0.04999999999999982,-0.02999999999999936,-0.3200000000000003,-0.08999999999999986,-0.07000000000000028,-0.6200000000000045,0.5300000000000011,-0.3100000000000023,-0.07000000000000028,-1.8799999999999955,0.1699999999999946,-0.3399999999999892,1.5,-0.3500000000000085,0.05999999999999872,0.22000000000000242,0.3199999999999985,-1.3900000000000006,-0.019999999999999574,-1.210000000000008,0.16000000000000014,-1.0499999999999972,0.9499999999999886,-0.6799999999999997,1.0100000000000193,-1.2099999999999937,0.15000000000000568,-0.35999999999999943,22.5,0.08000000000000007,-2.0999999999999943,0.16999999999999993,6.170000000000016,2.219999999999999,-0.10999999999999943,-0.3500000000000014,0.21000000000000085,-0.6500000000000021,0.1999999999999993,0.28999999999999915
2024-07-02,-0.05000000000000071,-0.16000000000000014,-0.41000000000000014,-0.029999999999999805,0.08000000000000007,0.16999999999999993,-0.02999999999999936,0.019999999999999574,1.0900000000000034,1.0100000000000016,-1.1700000000000017,0.3700000000000001,-0.47000000000000597,0.9900000000000091,-1.9199999999999875,-0.020000000000000462,-0.05000000000000071,0.6400000000000006,-0.730000000000004,-0.11000000000000121,-0.010000000000000675,2.3299999999999983,-0.21999999999999886,0.02000000000000135,1.3400000000000034,0.25,-0.1200000000000001,-3.259999999999991,-0.0600000000000005,-0.03000000000000025,0.1700000000000017,-0.5600000000000023,0.41000000000000014,-0.28999999999999915,-0.16999999999999993,-0.8000000000000043,-0.490000000000002,-0.21000000000000085,0.129999999999999,0.3800000000000008,-0.11000000000000032,-0.8200000000000003,-0.75,-0.19000000000000128,0.08000000000000007,0.15000000000000213,-0.10000000000000142,-0.3000000000000007,-0.03000000000000025,-0.6600000000000037,-0.15000000000000036,-0.18999999999999773,-0.08000000000000007,-0.14000000000000057,0.6000000000000085,-0.29999999999999716,-0.3999999999999986,6.850000000000023,-0.019999999999999574,0.6899999999999977,0.4399999999999995,-0.31999999999999673,-0.5399999999999991,-0.18000000000000682,-0.16000000000000014,-0.03999999999999915,-2.8300000000000125,-0.4800000000000004,-0.08000000000000007,-0.5899999999999999,-0.10999999999999943,-0.6499999999999986,0.16000000000000014,-0.4400000000000013,-1.1400000000000006,-0.43000000000000327,-2.219999999999999,-0.4399999999999977,-0.75,0.04999999999999982,-0.6300000000000026,-0.11000000000000121,-1.6199999999999903,-0.20000000000000107,0.5399999999999991,-0.6200000000000045,0.13000000000000078,-1.3500000000000014,2.8299999999999983,0.710000000000008,-1.0299999999999976,1.4399999999999977,0.9200000000000017,0.40000000000000213,0.46999999999999886,0.35999999999999943,-0.07000000000000028,-0.740000000000002,-0.33999999999999986,-0.1599999999999966,3.1400000000000006,0.010000000000019327,4.909999999999997,0.05999999999999872,-0.17000000000001592,-1.3399999999999963,2.489999999999995,3.109999999999985,-0.6600000000000001,1.009999999999998,-1.6200000000000045,-0.15000000000000213,-0.36999999999999034,-0.25,-0.12000000000000455,-0.020000000000000018,0.030000000000001137,-0.08999999999999986,-0.06000000000000005,-0.14000000000000057,-0.23000000000000043,0.05999999999999961,-0.16000000000000014,-0.0600000000000005,-0.040000000000000036,-0.00999999999999801,0.7799999999999994,-0.7199999999999989,0.07000000000000028,-0.28000000000000114,-0.0600000000000005,0.009999999999999787,-0.39000000000000057,0.1800000000000015,0.10999999999999943,-0.4800000000000004,-0.03000000000000025,0.6199999999999974,-0.07000000000000028,0.4499999999999993,0.129999999999999,0.08000000000000185,-0.16000000000000014,-0.010000000000000231,0.5399999999999991,0.8000000000000043,2.0,-0.1999999999999993,-0.3800000000000008,0.35999999999999943,-0.15000000000000036,0.4299999999999997,1.1099999999999994,0.5900000000000034,0.5599999999999987,-0.370000000000001,0.0,-0.04999999999999982,-50.319999999999936,0.00999999999999801,-0.13000000000000256,-0.6600000000000001,-0.4400000000000013,-0.4399999999999995,0.28000000000000114,-0.010000000000000009,0.7000000000000028,0.4499999999999993,1.129999999999999,-0.14000000000000057,-0.16999999999999815,-0.129999999999999,-0.23999999999999844,0.00999999999999801,0.019999999999999574,-0.019999999999999574,1.579999999999984,-0.06999999999999851,-0.5599999999999987,0.4800000000000004,0.2900000000000027,-0.1999999999999993,-0.47000000000000597,0.0,0.009999999999999787,0.040000000000000036,-0.04999999999999982,0.09999999999999964,1.1000000000000014,1.460000000000008,0.0,-0.08000000000000185,0.0,0.040000000000000036,0.0,-0.23000000000000043,0.8400000000000034,-0.129999999999999,-0.13999999999999702,-0.519999999999996,1.8200000000000003,-0.040000000000000036,0.33000000000000007,-0.6400000000000006,-0.29999999999999893,-0.1700000000000017,-0.08999999999999986,-0.019999999999999574,-0.10999999999999943,-0.07000000000000028,-0.1299999999999999,-0.020000000000000462,-0.019999999999999574,-0.07999999999999918,-0.5500000000000043,-0.02999999999999936,-0.09999999999999964,-0.4499999999999993,-0.019999999999999574,0.0,-0.020000000000000462,-0.14999999999999947,-0.11000000000000032,0.14999999999999858,-0.09999999999999787,-0.2900000000000009,0.0,0.45000000000000284,0.5600000000000023,-0.08000000000000007,0.0,0.0,0.10999999999999943,-1.0,-0.13000000000000078,-0.1999999999999993,0.05000000000000071,-0.04999999999999982,-0.08999999999999986,-1.7800000000000011,-0.0600000000000005,0.5599999999999987,-0.11000000000000032,-0.06999999999999984,0.1899999999999995,-0.23000000000000043,-0.4800000000000004,-0.009999999999999787,0.16000000000000014,0.6000000000000014,-0.15000000000000036,-0.040000000000000924,0.6899999999999977,-0.05000000000000071,-0.1999999999999993,0.0,-0.050000000000000266,-0.23000000000000043,0.1299999999999999,0.07000000000000028,-0.08999999999999986,0.0,-0.00999999999999801,-0.1900000000000004,-0.8399999999999963,2.1899999999999977,-0.36999999999999744,0.8699999999999974,0.25,-2.480000000000004,-1.7100000000000009,0.1599999999999966,-0.28999999999999915,2.239999999999995,-0.33000000000000007,-0.40000000000000213,0.5100000000000016,-0.9000000000000057,0.4200000000000017,4.200000000000003,-0.120000000000001,-2.1899999999999977,-0.5200000000000102,-0.9299999999999997,-3.960000000000008,2.3900000000000006,-0.5700000000000074,-1.0300000000000011,-4.97999999999999,-0.009999999999999787,-0.8399999999999963,-0.09999999999999964,7.840000000000003,-1.3800000000000097,-0.15000000000000213,-0.3400000000000034,-0.12999999999999545,-0.6099999999999994,0.4800000000000004,-0.3500000000000014
2024-07-03,-0.08999999999999986,0.03000000000000025,-0.010000000000001563,-0.04999999999999982,0.04999999999999982,-0.2699999999999996,-0.019999999999999574,-0.019999999999999574,0.030000000000001137,-0.47999999999999865,-0.5599999999999987,-0.28000000000000025,0.8099999999999952,-1.3799999999999955,-4.409999999999997,-0.04999999999999982,-0.2599999999999998,-0.12999999999999545,-0.14000000000000057,0.25,-0.03000000000000025,1.480000000000004,-0.4700000000000024,0.3000000000000007,0.8299999999999983,-0.16000000000000014,-0.04999999999999982,-0.5600000000000023,0.019999999999999574,0.010000000000000675,-0.08999999999999986,-0.259999999999998,-0.28000000000000114,-0.0799999999999983,0.28000000000000114,-1.6799999999999997,-0.0400000000000027,-0.16999999999999993,-0.28000000000000114,0.27999999999999936,0.08999999999999986,0.8099999999999952,-0.2699999999999996,-0.25,0.009999999999999787,-0.610000000000003,1.4499999999999957,-0.1700000000000017,-0.009999999999999787,-0.769999999999996,0.1999999999999993,0.04999999999999716,0.17999999999999972,-0.049999999999998934,-0.44999999999998863,-0.5399999999999991,0.4799999999999969,1.3500000000000227,-0.10999999999999943,0.05000000000000071,-0.17999999999999972,-0.9599999999999973,-0.370000000000001,-0.20000000000000284,-0.02999999999999936,-0.009999999999999787,-0.8700000000000045,-0.019999999999999574,-0.129999999999999,-0.13999999999999702,-0.28999999999999915,-0.22000000000000597,0.019999999999999574,-0.2699999999999996,0.39000000000000057,-0.18999999999999773,1.0100000000000051,-0.5400000000000063,-0.30000000000000426,0.0,-0.2700000000000031,-0.02000000000000135,1.9300000000000068,0.009999999999999787,0.07000000000000028,0.259999999999998,-0.08999999999999986,-0.44000000000000483,-0.2700000000000031,-2.1100000000000136,0.3999999999999986,0.03999999999999915,0.14999999999999858,-0.16999999999999815,0.16000000000000014,0.05000000000000071,-1.1499999999999986,-1.0,-0.08999999999999986,0.9600000000000009,-0.9499999999999886,-3.4199999999999875,-2.219999999999999,-0.14999999999999858,-4.599999999999966,-0.9600000000000009,0.37999999999999545,4.490000000000009,-0.030000000000001137,0.6099999999999994,-0.9399999999999977,-0.3299999999999983,0.21000000000000796,0.0,-0.8900000000000006,0.0,-0.040000000000000924,0.0,-0.010000000000000231,0.03999999999999915,-0.009999999999999787,-0.11000000000000032,0.03999999999999915,-0.020000000000000462,0.040000000000000036,-0.18999999999999773,-0.05000000000000071,-0.6199999999999974,-0.11000000000000032,-0.08999999999999986,0.02999999999999936,0.07000000000000028,-0.4200000000000017,-0.06999999999999851,0.019999999999999574,-0.16000000000000014,-0.019999999999999574,-1.0399999999999991,0.6600000000000037,-0.10999999999999943,-0.03999999999999915,-0.08999999999999986,-0.07000000000000028,0.04999999999999982,-0.019999999999999574,-1.2000000000000028,0.12000000000000455,-0.23000000000000043,-0.049999999999998934,0.030000000000001137,-0.16000000000000014,-0.08000000000000185,-0.5,-1.75,0.35999999999999943,-1.2399999999999984,-0.13000000000000078,-0.06000000000000005,9.299999999999955,-0.28999999999999915,-0.17999999999999972,-1.6700000000000017,0.2699999999999996,0.5999999999999996,-0.8700000000000045,0.040000000000000036,0.8699999999999974,0.060000000000002274,-0.5,-0.040000000000000924,0.2400000000000002,0.05000000000000071,-0.28999999999999915,-0.3999999999999986,-0.020000000000000462,-0.08999999999999986,-5.22999999999999,0.009999999999999787,0.5500000000000007,-0.41000000000000014,-0.08999999999999986,0.03999999999999915,-0.14000000000000057,0.17999999999999972,0.0,0.020000000000000462,-0.009999999999999787,-0.10999999999999943,-0.3200000000000003,-1.289999999999992,0.040000000000000036,-0.14999999999999858,0.16999999999999993,-0.0,0.08999999999999986,-0.02999999999999936,-0.46000000000000085,0.0,0.00999999999999801,-0.5499999999999972,-0.6799999999999997,0.03000000000000025,-0.020000000000000462,0.019999999999999574,0.11999999999999922,-0.22000000000000242,-0.019999999999999574,0.0,0.009999999999999787,0.6000000000000014,-0.09999999999999964,-0.03000000000000025,-0.020000000000000462,-0.02999999999999936,0.10000000000000142,0.040000000000000036,0.019999999999999574,0.129999999999999,-0.08999999999999986,0.019999999999999574,-0.019999999999999574,-0.08000000000000007,-0.1299999999999999,0.35999999999999943,0.35999999999999943,-0.08999999999999986,0.0,0.010000000000001563,-0.33999999999999986,-0.040000000000000036,0.019999999999999574,-0.010000000000000675,0.0,-0.7900000000000063,-0.1999999999999993,0.6400000000000006,-0.040000000000000036,0.07000000000000028,0.11000000000000121,-4.13000000000001,0.009999999999999787,-0.38000000000000256,-0.010000000000000675,0.010000000000000231,-0.2400000000000002,-0.08999999999999986,-0.370000000000001,-0.020000000000000018,-0.17999999999999972,-0.2799999999999976,-0.009999999999999787,-0.009999999999999787,-6.170000000000002,-0.15999999999999837,-0.05000000000000071,-0.019999999999999574,-0.020000000000000018,-0.5800000000000001,-0.08999999999999986,-0.08999999999999986,-0.04999999999999982,-0.03000000000000025,0.05999999999999872,-0.14000000000000057,-0.5800000000000054,-0.7400000000000091,-0.4100000000000037,0.490000000000002,0.0,-0.25,-0.12999999999999545,0.04999999999999716,-0.6300000000000026,0.6799999999999926,-0.13000000000000078,-0.3200000000000003,-0.35999999999999943,0.12000000000000455,0.16000000000000014,1.480000000000004,0.09000000000000163,0.3999999999999915,13.060000000000002,-0.5100000000000051,-5.25,-0.8599999999999994,-0.1599999999999966,-0.4299999999999997,-1.8700000000000045,-0.07000000000000028,-0.6700000000000017,0.009999999999999787,1.5,-1.1899999999999977,0.23000000000000043,0.9299999999999997,-0.17999999999999972,-0.41999999999999815,0.00999999999999801,-0.7999999999999972
2024-07-04,0.05000000000000071,-0.21999999999999975,0.23000000000000043,-0.06999999999999984,0.08999999999999986,-0.020000000000000462,0.04999999999999982,0.1200000000000001,-1.5699999999999932,0.019999999999999574,-0.6099999999999994,0.10000000000000053,0.6099999999999994,3.1000000000000227,-1.2800000000000011,0.03000000000000025,-0.3100000000000005,0.10999999999999943,2.950000000000003,0.07000000000000028,0.040000000000000036,-0.8500000000000014,0.18999999999999773,0.23000000000000043,-0.379999999999999,0.3099999999999987,-0.09000000000000075,-0.4099999999999966,0.22999999999999865,-0.10000000000000053,0.4399999999999977,-0.370000000000001,1.0300000000000011,-0.7800000000000011,-0.009999999999999787,-0.25,-0.17999999999999972,-0.27999999999999936,-0.16000000000000014,-0.21000000000000085,0.03000000000000025,-1.3300000000000054,-1.0599999999999987,-0.3500000000000014,0.33000000000000007,-0.06999999999999673,0.1599999999999966,-0.1599999999999966,0.1900000000000004,-0.9500000000000028,-0.20000000000000107,0.14999999999999858,-0.040000000000000036,-0.3200000000000003,-0.6900000000000119,0.7899999999999991,0.0,-2.569999999999993,0.3699999999999992,0.4200000000000017,-0.25,-0.4599999999999973,-0.9400000000000013,0.030000000000001137,0.11999999999999922,0.3200000000000003,-1.5300000000000011,-0.07000000000000028,0.5300000000000011,-0.28999999999999915,-0.6999999999999993,0.28999999999999915,0.14999999999999858,-0.8000000000000007,2.280000000000001,0.5899999999999999,-2.1099999999999994,-0.9399999999999977,0.14999999999999858,0.0,-0.4000000000000057,0.28000000000000114,5.189999999999998,-0.129999999999999,0.8399999999999999,-0.28999999999999915,0.3999999999999986,1.0300000000000011,0.9299999999999997,0.4900000000000091,-0.07000000000000028,-0.3100000000000023,0.259999999999998,0.28000000000000114,-0.5599999999999987,0.5100000000000016,0.6300000000000026,0.8200000000000003,0.16000000000000014,0.6600000000000037,-1.4000000000000057,0.09999999999999432,-2.6700000000000017,0.5800000000000018,3.3999999999999773,-1.5600000000000023,-1.3599999999999994,-6.060000000000002,0.9399999999999977,1.6300000000000026,1.2100000000000009,-0.5500000000000007,2.6199999999999903,-0.02999999999999936,-0.5900000000000034,0.020000000000000018,0.03999999999999915,0.019999999999999574,-0.009999999999999787,-0.019999999999999574,0.009999999999999787,0.009999999999999787,-0.11999999999999922,-0.08000000000000007,0.16999999999999993,0.33999999999999986,0.019999999999999574,-0.25,0.09999999999999964,-0.2699999999999996,-0.04999999999999982,0.10999999999999943,-0.37999999999999545,0.21000000000000085,0.07000000000000028,0.41000000000000014,0.15000000000000036,-1.230000000000004,0.0,-0.15000000000000036,-0.0799999999999983,-0.029999999999997584,0.3299999999999983,0.020000000000000018,-0.20000000000000107,-0.21999999999999886,-0.5900000000000034,0.379999999999999,0.0600000000000005,0.3200000000000003,0.20000000000000107,-0.35999999999999943,-0.029999999999997584,3.969999999999999,0.5400000000000027,-0.5500000000000007,-0.2699999999999996,-0.1200000000000001,-14.259999999999991,-0.6799999999999997,0.5499999999999972,-0.5300000000000011,-0.10999999999999943,-0.3800000000000008,1.3900000000000006,-0.07000000000000006,0.9299999999999997,0.010000000000001563,-0.010000000000001563,0.27999999999999936,-0.05000000000000071,-0.5100000000000016,0.9800000000000004,-0.36999999999999744,-0.0600000000000005,-0.019999999999999574,2.0600000000000023,0.11000000000000121,-0.4200000000000017,0.00999999999999801,-0.019999999999999574,0.1999999999999993,-0.11999999999999744,0.08999999999999986,-0.0,0.15000000000000036,-0.019999999999999574,0.019999999999999574,0.259999999999998,-1.059999999999988,0.15999999999999925,-0.019999999999999574,-0.16000000000000014,0.009999999999999787,-0.129999999999999,0.3899999999999988,0.8499999999999943,0.15000000000000036,0.4400000000000013,0.14999999999999858,0.3100000000000023,0.17999999999999972,-0.09999999999999964,0.10999999999999943,-0.33000000000000007,0.0799999999999983,0.020000000000000462,-0.08000000000000007,0.16999999999999993,0.08000000000000185,-0.03000000000000025,0.1899999999999995,0.1200000000000001,0.040000000000000036,0.29000000000000625,-0.040000000000000036,-0.14999999999999947,-0.4299999999999997,0.20000000000000018,0.0699999999999994,-0.040000000000000036,0.07000000000000028,-0.08000000000000007,-0.14000000000000057,-0.21000000000000085,-0.15000000000000036,-0.009999999999999787,-0.19000000000000128,-0.36999999999999744,-0.04999999999999982,-0.03000000000000025,-0.07000000000000028,0.16999999999999993,-1.6299999999999955,0.2599999999999998,-0.2099999999999973,-0.020000000000000462,-0.04999999999999982,0.09999999999999964,-3.3700000000000045,-0.09999999999999964,0.259999999999998,0.02999999999999936,0.009999999999999787,0.10999999999999943,0.07000000000000028,0.46999999999999886,-0.0,-0.20999999999999908,0.03999999999999915,0.1999999999999993,0.2900000000000009,-3.230000000000004,0.05999999999999872,-0.28000000000000114,0.21999999999999975,-0.010000000000000231,0.05999999999999872,-0.08000000000000007,0.019999999999999574,0.03000000000000025,0.009999999999999787,1.1600000000000001,0.009999999999999787,-0.8099999999999952,-0.4200000000000017,-1.1000000000000014,-0.8999999999999986,-0.07000000000000028,-4.099999999999994,-0.15000000000000568,0.6500000000000057,-0.6899999999999977,-0.4100000000000108,-0.15000000000000036,-0.3299999999999983,-0.20999999999999908,2.3800000000000026,0.8000000000000007,-0.09000000000000341,-0.1899999999999995,3.1799999999999926,3.2299999999999898,0.0,-2.960000000000008,-0.39000000000000057,2.280000000000001,0.7899999999999991,-6.730000000000018,-0.1800000000000015,-0.10999999999999943,0.04999999999999982,-2.039999999999992,-1.3299999999999983,0.75,-0.9299999999999997,0.9000000000000057,0.620000000000001,0.41000000000000014,-0.10000000000000142
2024-07-05,0.28999999999999915,-0.0600000000000005,0.0,-0.010000000000000231,0.0,0.04999999999999982,0.020000000000000462,-0.02999999999999936,-0.5999999999999943,-0.14000000000000057,0.4400000000000013,0.009999999999999787,0.6699999999999946,2.1399999999999864,-2.6599999999999966,0.019999999999999574,0.10999999999999943,0.3200000000000003,0.7900000000000063,0.10000000000000142,0.03000000000000025,0.13000000000000256,-0.23999999999999844,-0.07000000000000028,0.03999999999999915,-0.3000000000000007,0.07000000000000028,1.6400000000000148,0.049999999999998934,0.010000000000000675,0.029999999999997584,-0.3200000000000003,-1.1400000000000006,-1.0399999999999991,0.019999999999999574,-0.3200000000000003,-0.259999999999998,-0.14000000000000057,0.10999999999999943,-0.33000000000000007,-0.040000000000000036,0.10999999999999943,-1.0,-0.030000000000001137,0.11999999999999922,0.5500000000000007,0.44999999999999574,-0.379999999999999,0.040000000000000036,0.09000000000000341,0.0600000000000005,-0.120000000000001,-0.009999999999999787,-0.0,-0.4099999999999966,-1.6000000000000014,-0.0,2.4600000000000364,0.03999999999999915,0.0799999999999983,0.10999999999999943,-0.10000000000000142,-0.14999999999999858,0.13000000000000256,-0.049999999999998934,0.0600000000000005,-2.5999999999999943,-0.3200000000000003,-0.5400000000000009,0.23000000000000043,0.2699999999999996,-0.00999999999999801,-0.05000000000000071,0.11000000000000298,-2.5500000000000043,-0.1700000000000017,0.39000000000000057,-0.39000000000000057,0.3200000000000003,-0.0,-0.3499999999999943,-0.2599999999999998,2.319999999999993,0.08000000000000007,-0.5399999999999991,-0.4399999999999977,-0.4499999999999993,0.060000000000002274,-1.8800000000000026,1.509999999999991,-1.629999999999999,-3.75,0.14000000000000057,-0.00999999999999801,0.6700000000000017,0.14000000000000057,-0.020000000000003126,0.1599999999999966,-0.019999999999999574,0.4399999999999977,1.1899999999999977,1.9799999999999898,-2.6899999999999977,-0.8400000000000034,-1.9300000000000068,-0.490000000000002,0.8399999999999892,0.6200000000000045,-0.33000000000000185,0.3300000000000054,0.740000000000002,0.10000000000000142,0.14000000000000057,0.16000000000000014,-0.0799999999999983,0.010000000000000009,0.09999999999999964,0.15999999999999925,0.020000000000000018,-0.07000000000000028,-0.009999999999999787,-0.009999999999999787,0.049999999999998934,0.08000000000000007,-0.02999999999999936,0.23000000000000043,-0.20000000000000107,0.8299999999999983,0.009999999999999787,-0.049999999999998934,-0.0,0.019999999999999574,-0.46999999999999886,0.08000000000000007,0.08000000000000007,-0.2699999999999996,-0.020000000000000018,0.5500000000000043,0.28000000000000114,-0.11999999999999922,0.2799999999999976,0.16000000000000014,-0.6099999999999994,0.07000000000000028,0.11999999999999922,-1.5799999999999983,0.0899999999999892,-0.5899999999999999,-0.3100000000000005,-0.7799999999999976,-0.02000000000000135,0.07000000000000028,-0.120000000000001,-1.4000000000000057,0.3000000000000007,0.020000000000003126,-1.33,0.010000000000000231,32.74000000000001,-1.3500000000000014,0.18999999999999773,0.40000000000000213,-0.23000000000000043,0.0600000000000005,-0.7000000000000028,0.0,-0.6400000000000006,0.3000000000000007,0.10999999999999943,0.14000000000000057,-0.030000000000001137,0.28999999999999915,0.010000000000001563,0.07000000000000028,0.0699999999999994,0.029999999999997584,-7.849999999999994,-0.0600000000000005,-0.5600000000000023,0.0799999999999983,0.370000000000001,0.16000000000000014,0.13000000000000256,0.07000000000000028,0.0,0.0,0.0699999999999994,0.33999999999999986,0.7999999999999972,1.1500000000000057,0.019999999999999574,-0.03999999999999915,0.08999999999999986,-0.03000000000000025,0.10000000000000142,0.049999999999998934,-0.75,0.08999999999999986,-0.010000000000001563,0.29999999999999716,1.5399999999999991,-0.010000000000000675,-0.03000000000000025,0.19000000000000128,-0.1899999999999995,0.4299999999999997,0.1299999999999999,0.09999999999999964,0.0600000000000005,0.23000000000000043,0.1200000000000001,0.07999999999999918,0.14999999999999947,0.07000000000000028,0.8599999999999994,0.09999999999999964,0.1899999999999995,1.009999999999998,0.08000000000000007,0.019999999999999574,0.10000000000000053,0.1299999999999999,0.10000000000000053,0.6699999999999982,-0.5399999999999991,0.2699999999999996,-0.029999999999999805,0.7399999999999984,0.2900000000000027,0.13999999999999968,0.0699999999999994,0.040000000000000036,0.019999999999999574,-1.6000000000000014,0.1899999999999995,0.019999999999999574,-0.009999999999999787,0.03000000000000025,0.02999999999999936,-1.5799999999999983,0.16000000000000014,-0.10000000000000142,0.020000000000000462,0.05999999999999961,1.2699999999999996,0.10000000000000142,0.10000000000000142,0.010000000000000231,-0.20000000000000107,-0.019999999999999574,-0.1899999999999995,-0.019999999999999574,0.980000000000004,0.1399999999999988,-0.46999999999999886,0.08000000000000007,0.040000000000000036,0.1999999999999993,0.13000000000000078,0.03999999999999915,0.11000000000000032,0.03000000000000025,-0.21000000000000085,0.20999999999999996,-0.4799999999999969,-0.3399999999999892,-0.4200000000000017,0.4099999999999966,-0.509999999999998,-1.8300000000000125,-0.5799999999999983,-0.8500000000000085,-0.03999999999999915,-0.18999999999999773,-0.2699999999999996,0.13000000000000256,-0.3199999999999985,-0.9299999999999997,0.2699999999999996,-0.2400000000000091,0.2699999999999996,-4.679999999999993,0.020000000000010232,-1.25,2.0999999999999943,-0.519999999999996,-2.5799999999999983,0.7999999999999972,-6.240000000000009,-0.27000000000000135,0.17999999999999972,-0.020000000000000462,0.6599999999999966,-4.439999999999998,0.05000000000000071,0.759999999999998,-0.01999999999999602,0.370000000000001,-0.33000000000000185,-0.480000000000004
2024-07-08,-0.040000000000000924,0.20999999999999996,-0.28999999999999915,0.07999999999999985,0.13999999999999968,0.1200000000000001,-0.0699999999999994,0.23999999999999932,0.23000000000000398,0.5099999999999998,0.26000000000000156,0.05999999999999961,-0.38999999999999346,-3.0600000000000023,5.310000000000002,0.22999999999999954,-0.07000000000000028,0.25,-2.0200000000000102,0.40000000000000036,-0.02999999999999936,1.5799999999999983,0.1999999999999993,0.3699999999999992,0.26000000000000156,-0.490000000000002,0.16999999999999993,3.039999999999992,-0.08000000000000007,0.1200000000000001,0.35999999999999943,-0.6400000000000006,-1.0199999999999996,-0.39000000000000057,0.22999999999999865,0.4899999999999949,0.26000000000000156,0.27999999999999936,-0.11999999999999744,-0.379999999999999,0.08000000000000007,-0.9699999999999989,-0.8900000000000006,-0.46999999999999886,0.41000000000000014,-0.35999999999999943,-0.9299999999999997,0.6700000000000017,0.09999999999999964,2.5,0.5199999999999996,-0.16000000000000014,-0.11000000000000032,0.40000000000000036,1.5999999999999943,-1.0,0.0,-2.2700000000000387,0.5700000000000003,0.5,0.5999999999999996,1.3000000000000007,0.9800000000000004,-0.6400000000000006,0.25,0.4900000000000002,-2.960000000000008,0.16000000000000014,-0.41999999999999993,-0.25,-0.4499999999999993,-0.21999999999999886,-0.23000000000000043,1.2800000000000011,-2.3900000000000006,0.759999999999998,-0.28999999999999204,-1.3199999999999932,-0.970000000000006,-0.16999999999999993,1.2100000000000009,-0.3999999999999986,-0.28999999999999204,0.25,1.1900000000000013,1.0600000000000023,-0.46000000000000085,0.740000000000002,-2.8500000000000014,-2.8899999999999864,-1.009999999999998,-2.1000000000000014,0.08999999999999986,-0.41000000000000014,0.10000000000000142,0.5,1.5899999999999963,2.6099999999999994,-0.2699999999999996,-1.1199999999999974,-2.6099999999999994,-1.710000000000008,2.6799999999999926,-0.370000000000001,-5.6299999999999955,-0.5900000000000034,0.45000000000000284,-5.460000000000008,0.8099999999999987,1.4699999999999989,-1.25,-0.379999999999999,2.8700000000000045,0.08999999999999986,-0.46000000000000085,0.020000000000000018,0.08999999999999986,-0.020000000000000462,0.020000000000000018,0.0,-0.05999999999999961,-0.15000000000000036,-0.34999999999999964,0.07000000000000028,0.0,-0.3099999999999987,-0.2599999999999998,0.10999999999999943,0.1299999999999999,0.25,0.0,0.1299999999999999,-0.75,-0.27999999999999936,0.23999999999999844,-0.28999999999999915,0.020000000000000018,-0.6499999999999986,0.18000000000000682,0.16999999999999993,0.0799999999999983,6.949999999999999,-0.4200000000000017,-0.019999999999999574,0.40000000000000036,0.8200000000000003,1.8599999999999994,-0.370000000000001,0.34999999999999964,0.16000000000000014,-0.2599999999999998,-0.16000000000000014,0.23000000000000043,-2.969999999999999,0.9499999999999993,-0.4299999999999997,0.25,-0.040000000000000036,33.0,0.21000000000000085,-0.41999999999999815,-0.23000000000000043,-0.5299999999999976,0.33999999999999986,1.8699999999999903,0.04999999999999982,0.45000000000000284,0.5899999999999999,-0.21000000000000085,0.05999999999999872,-0.16000000000000014,0.8099999999999987,0.6600000000000001,0.4099999999999966,-0.10999999999999943,0.020000000000003126,3.5,-0.22000000000000064,-0.5100000000000016,0.05999999999999872,0.33999999999999986,0.25,-0.13999999999999346,-0.6000000000000014,-0.019999999999999574,0.15000000000000036,0.05999999999999961,-0.08000000000000007,0.490000000000002,1.4099999999999966,0.20999999999999996,0.03999999999999915,0.07000000000000028,-0.019999999999999574,-0.13000000000000078,0.41999999999999993,-0.20000000000000284,-0.41000000000000014,0.5899999999999999,-1.7199999999999989,0.740000000000002,0.0,-0.08999999999999986,-0.11999999999999744,0.25,0.08999999999999986,0.0,0.2400000000000002,0.11999999999999922,0.34999999999999787,0.0,0.29000000000000004,0.2599999999999998,0.040000000000000036,-0.27999999999999403,-0.019999999999999574,0.11000000000000032,-0.10000000000000142,0.25,0.14999999999999947,0.1899999999999995,0.05999999999999961,-0.04999999999999982,0.29999999999999716,-0.1999999999999993,-0.17999999999999972,-0.040000000000000036,0.2699999999999996,0.15000000000000213,0.08000000000000007,-0.0600000000000005,-0.08999999999999986,0.35999999999999943,-1.2299999999999969,-0.370000000000001,0.3100000000000023,0.05000000000000071,0.040000000000000036,0.5999999999999996,-2.3499999999999943,0.3699999999999992,0.21000000000000085,0.0,0.020000000000000018,0.11999999999999922,0.13000000000000078,-0.379999999999999,-0.009999999999999787,0.3100000000000005,0.3000000000000007,-0.3000000000000007,0.7199999999999989,-2.6300000000000026,-0.019999999999999574,-0.19000000000000128,0.2400000000000002,-0.009999999999999787,0.9299999999999997,-0.10000000000000053,-0.4599999999999991,0.0600000000000005,-0.05999999999999961,1.2699999999999996,0.07000000000000028,-0.9299999999999997,-0.539999999999992,1.1500000000000057,0.17999999999999972,-0.36999999999999744,-1.0,1.6299999999999955,-0.6500000000000057,-1.4299999999999997,-3.9099999999999966,0.22000000000000064,-0.6799999999999997,0.23999999999999844,1.7800000000000011,-0.7399999999999984,0.11999999999999034,-0.16999999999999993,0.7600000000000051,-1.6699999999999875,-2.219999999999999,-0.4399999999999977,0.04999999999999716,-0.519999999999996,-0.6099999999999994,-4.659999999999997,-0.33999999999999986,-2.1699999999999946,0.3100000000000005,-0.30000000000001137,-3.9099999999999966,0.6600000000000001,-0.6799999999999997,-0.36999999999999744,1.0500000000000007,0.6699999999999999,-0.060000000000002274
2024-07-09,-0.14000000000000057,0.040000000000000036,-1.6700000000000017,-0.020000000000000018,0.0600000000000005,-0.15000000000000036,-0.02999999999999936,0.03000000000000025,0.13000000000000966,0.6099999999999994,-0.17999999999999972,0.010000000000000675,-0.1699999999999946,-1.6399999999999864,-1.0900000000000034,0.05999999999999961,-0.2400000000000002,-0.4299999999999997,-1.6800000000000068,-0.07000000000000028,-0.0699999999999994,-2.6700000000000017,-0.48999999999999844,0.15000000000000036,0.5999999999999979,0.28999999999999915,-0.16000000000000014,1.1599999999999966,0.129999999999999,0.14000000000000057,0.17999999999999972,-1.0700000000000003,-0.3000000000000007,-2.1600000000000037,-0.08999999999999986,0.259999999999998,-0.05000000000000071,0.009999999999999787,-0.34999999999999787,-0.1899999999999995,0.05999999999999961,-2.4200000000000017,-0.9100000000000001,-0.2799999999999976,0.1999999999999993,-0.18999999999999773,0.5599999999999952,-0.6099999999999994,-0.16000000000000014,0.29999999999999716,-0.41999999999999993,-0.9699999999999989,-0.11000000000000032,0.21000000000000085,0.789999999999992,2.530000000000001,-0.22999999999999687,-8.189999999999998,-0.009999999999999787,-0.08000000000000185,-0.009999999999999787,0.379999999999999,-0.16000000000000014,-2.020000000000003,0.03999999999999915,0.2400000000000002,-7.609999999999985,-0.18999999999999773,0.09999999999999964,-0.25,0.0600000000000005,1.25,-0.08999999999999986,0.05000000000000071,0.39000000000000057,-0.6999999999999993,-4.599999999999994,-8.36999999999999,-2.5700000000000003,-0.08000000000000007,0.7000000000000028,0.0600000000000005,-1.8599999999999994,-0.16999999999999993,0.019999999999999574,0.7199999999999989,0.019999999999999574,-2.3800000000000026,-0.13000000000000256,-9.940000000000026,-0.4299999999999997,-0.7000000000000028,-0.6999999999999993,-0.3099999999999987,-1.620000000000001,-0.29999999999999893,-2.240000000000002,1.9200000000000017,0.7699999999999996,0.5300000000000011,0.8499999999999943,0.13999999999998636,3.5799999999999983,-0.14999999999999858,-0.8100000000000023,-1.3500000000000014,-2.759999999999991,-2.920000000000016,0.33999999999999986,0.4799999999999969,-0.39000000000000057,0.060000000000002274,-2.069999999999993,-0.21000000000000085,-1.3399999999999963,0.020000000000000018,0.02999999999999936,0.020000000000000462,-0.020000000000000018,-0.23000000000000043,-0.009999999999999787,-0.15000000000000036,0.08000000000000007,0.040000000000000036,0.09000000000000075,-0.35999999999999943,0.2599999999999998,-0.4799999999999969,0.07000000000000028,0.009999999999999787,-0.04999999999999982,0.10000000000000053,0.21000000000000085,-0.20999999999999908,0.11999999999999922,-0.16000000000000014,0.0,-1.7899999999999991,-0.6699999999999946,0.4399999999999995,-0.740000000000002,-0.129999999999999,-0.14000000000000057,-0.0600000000000005,0.3699999999999992,-0.21999999999999886,0.6599999999999966,-0.1999999999999993,0.14999999999999858,0.39000000000000057,-0.1899999999999995,-0.41000000000000014,0.10000000000000142,-1.3199999999999932,0.3099999999999987,-1.2299999999999969,0.28999999999999915,0.009999999999999787,18.029999999999973,0.05999999999999872,-0.16999999999999815,-1.8900000000000006,0.0,0.08000000000000007,-0.4399999999999977,0.0,1.4399999999999977,0.11000000000000298,0.129999999999999,0.08000000000000007,-0.2400000000000002,-2.6400000000000006,0.25,0.1600000000000037,0.009999999999999787,0.23000000000000043,0.19999999999998863,0.120000000000001,0.4499999999999993,-0.129999999999999,-0.030000000000001137,0.1999999999999993,0.23000000000000398,0.389999999999997,-0.0,-0.10000000000000053,-0.14000000000000057,-0.28999999999999915,-0.17999999999999972,-0.6299999999999955,-0.11000000000000032,-0.25,0.21000000000000085,0.020000000000000462,0.0600000000000005,-0.07000000000000028,-0.8500000000000014,-0.3000000000000007,0.3299999999999983,0.01999999999999602,-0.6799999999999997,-0.0,0.0600000000000005,-2.039999999999999,0.009999999999999787,0.8500000000000014,-0.009999999999999787,0.03999999999999915,-0.11999999999999922,-0.21000000000000085,0.08000000000000007,-0.6000000000000005,-0.13999999999999968,-0.03000000000000025,-0.6799999999999997,-0.08999999999999986,0.04999999999999982,-0.5899999999999999,-0.09999999999999964,0.04999999999999982,-0.040000000000000036,-0.05000000000000071,-0.3200000000000003,0.6700000000000017,0.120000000000001,-0.10999999999999943,0.029999999999999805,-0.3200000000000003,-0.5299999999999976,0.040000000000000036,0.040000000000000036,-0.040000000000000036,0.34999999999999964,-3.3399999999999963,-0.6900000000000013,-0.10999999999999943,0.03999999999999915,-0.10999999999999943,0.379999999999999,-5.5,0.10999999999999943,-0.240000000000002,-0.04999999999999982,0.029999999999999805,0.4900000000000002,-0.02999999999999936,0.14000000000000057,-0.009999999999999787,-0.019999999999999574,-0.28000000000000114,-0.20000000000000107,0.14999999999999858,0.04999999999999716,-0.10999999999999943,-0.370000000000001,-0.22999999999999954,-0.040000000000000036,0.11999999999999922,0.009999999999999787,0.11000000000000121,0.04999999999999982,-0.05000000000000071,0.5800000000000018,-0.009999999999999787,-1.6499999999999986,-1.0300000000000011,-0.39000000000000057,-0.9100000000000037,-0.5,-4.25,0.6499999999999986,-0.3299999999999983,0.14999999999999858,2.0600000000000023,0.019999999999999574,-0.3100000000000023,-0.09000000000000163,-2.030000000000001,-0.0400000000000027,-4.460000000000008,0.16999999999999993,-0.4899999999999949,-5.939999999999998,0.25,-3.8400000000000034,-1.769999999999996,-2.1299999999999955,-0.46999999999999886,-1.009999999999991,0.4499999999999993,1.6000000000000014,-0.41999999999999993,-14.840000000000003,-0.9099999999999966,0.060000000000002274,-1.3999999999999986,-1.1400000000000006,-0.120000000000001,0.09999999999999964,-1.4599999999999937
2024-07-10,0.07000000000000028,0.05999999999999961,-0.019999999999999574,-0.030000000000000027,0.13000000000000078,-0.09999999999999964,0.040000000000000036,0.009999999999999787,-0.28999999999999204,-0.09999999999999964,0.6400000000000006,-0.11000000000000032,0.010000000000005116,-2.4499999999999886,0.01999999999998181,0.0,-0.3000000000000007,-0.5,-1.3199999999999932,-0.1899999999999995,-0.09000000000000075,-0.0800000000000054,-0.129999999999999,-0.28999999999999915,-0.240000000000002,-0.16999999999999993,-0.10999999999999943,-0.5299999999999869,0.129999999999999,0.1200000000000001,-0.5800000000000018,-0.07000000000000028,-0.07000000000000028,0.10000000000000142,0.3500000000000014,-0.8500000000000014,0.5399999999999991,0.0600000000000005,-0.22000000000000242,-0.2599999999999998,0.0600000000000005,-0.2700000000000031,0.1999999999999993,-0.1700000000000017,-0.3200000000000003,-0.370000000000001,-0.05000000000000426,-0.9500000000000028,0.0,-0.14000000000000057,0.11000000000000121,0.7699999999999996,-0.08000000000000007,0.0,0.0800000000000125,0.8200000000000003,-0.20000000000000284,-5.210000000000036,0.14000000000000057,0.010000000000001563,-0.1399999999999988,-0.5899999999999999,-0.33000000000000185,-0.3100000000000023,0.019999999999999574,-0.07000000000000028,-0.09999999999999432,-0.1999999999999993,0.14999999999999858,0.4499999999999993,-0.15000000000000036,0.8999999999999986,-0.049999999999998934,-0.19000000000000128,0.4299999999999997,0.10999999999999943,-10.980000000000004,-9.210000000000008,0.9599999999999937,-0.20999999999999996,-0.29999999999999716,0.03999999999999915,-0.9399999999999977,-0.010000000000001563,0.18000000000000327,0.7000000000000028,0.08000000000000007,0.14999999999999858,-0.7100000000000009,3.1999999999999886,-0.379999999999999,-1.0399999999999991,0.360000000000003,-0.14999999999999858,0.10999999999999943,-0.22000000000000064,-0.04000000000000625,-3.259999999999998,0.3000000000000007,0.1700000000000017,-0.6499999999999915,2.719999999999999,-1.0900000000000034,0.0,-2.2100000000000364,-1.5600000000000023,-0.18999999999999773,2.259999999999991,0.0,-0.17999999999999972,-0.730000000000004,1.1999999999999993,-1.3599999999999994,0.049999999999998934,0.1700000000000017,-0.010000000000000009,0.40000000000000036,-0.04999999999999982,-0.020000000000000018,-0.16000000000000014,-0.1299999999999999,0.09999999999999964,0.1899999999999995,-0.1200000000000001,0.14000000000000057,-0.3100000000000023,0.21999999999999886,-0.21000000000000085,0.2400000000000002,-0.040000000000000924,-0.03999999999999915,0.0,1.1899999999999977,0.4599999999999991,-0.3200000000000003,-0.10000000000000142,0.10999999999999988,-0.6199999999999974,0.10999999999999943,0.120000000000001,-1.879999999999999,1.1100000000000012,0.13000000000000256,-0.07000000000000028,-0.4399999999999995,0.4199999999999946,-0.8299999999999983,-0.2799999999999976,-0.10999999999999943,0.8399999999999999,0.02999999999999936,-0.509999999999998,0.020000000000003126,2.8499999999999943,-0.35999999999999943,-0.04999999999999716,-0.03999999999999915,0.10000000000000009,-0.44000000000005457,0.010000000000001563,0.1999999999999993,-0.3299999999999983,-0.18999999999999773,-0.16000000000000014,0.09999999999999432,-0.020000000000000018,0.5,0.46000000000000085,-0.05999999999999872,0.2400000000000002,0.1399999999999988,-0.20000000000000284,0.120000000000001,0.5600000000000023,0.2699999999999996,0.7200000000000024,1.4799999999999898,0.14000000000000057,0.0,0.9899999999999984,0.3999999999999986,0.129999999999999,0.480000000000004,-0.2099999999999973,-0.05999999999999961,-0.020000000000000462,0.009999999999999787,-0.019999999999999574,0.7000000000000028,-1.2199999999999989,0.02999999999999936,-0.33000000000000185,0.14000000000000057,0.040000000000000036,0.11000000000000121,-0.40000000000000036,1.6000000000000014,-0.14000000000000057,0.23000000000000043,1.6899999999999977,-0.8599999999999994,0.0699999999999994,-0.07000000000000028,-0.05000000000000071,-0.019999999999999574,0.17999999999999972,0.25,-0.08999999999999986,0.02000000000000135,1.2100000000000009,-0.0600000000000005,-0.07000000000000028,0.20000000000000018,0.019999999999999574,0.3399999999999963,0.019999999999999574,0.3600000000000003,0.28000000000000114,0.14999999999999947,-0.009999999999999787,-0.10000000000000053,0.05999999999999961,0.5000000000000009,0.019999999999999574,-0.3400000000000034,0.040000000000000924,-0.029999999999999805,-0.6999999999999993,-0.8100000000000023,-0.05999999999999961,-0.04999999999999982,0.15000000000000036,0.049999999999998934,-2.9100000000000037,-0.29999999999999893,0.8499999999999979,-0.05999999999999961,0.14999999999999947,0.120000000000001,-2.819999999999993,-0.3200000000000003,-0.3100000000000005,-0.07999999999999918,0.009999999999999787,-0.10999999999999943,0.3100000000000005,-0.3200000000000003,-0.009999999999999787,0.33000000000000007,-0.25,-0.0600000000000005,-0.009999999999999787,0.20000000000000284,0.629999999999999,-0.4400000000000013,-0.040000000000000036,0.0,-0.15000000000000036,-0.07000000000000028,0.22000000000000064,0.009999999999999787,0.0,-0.120000000000001,-0.2599999999999998,-0.25,-0.8199999999999932,0.28000000000000114,-0.10999999999999943,0.28999999999999915,0.04000000000000625,-0.0800000000000054,-0.03999999999999204,-0.3500000000000014,0.789999999999992,0.02000000000000135,-1.8200000000000003,-0.33000000000000007,-0.3299999999999983,0.17999999999999972,0.6200000000000045,0.3100000000000005,-3.049999999999997,1.7399999999999807,0.8200000000000003,0.12000000000000455,-3.7900000000000063,-0.29000000000000625,1.7099999999999937,-6.679999999999978,-0.03999999999999915,-0.5499999999999972,-0.019999999999999574,3.799999999999983,0.10000000000000853,0.1999999999999993,-0.0899999999999963,-0.07000000000000028,0.25,0.1399999999999988,-0.1699999999999946
2024-07-11,-0.009999999999999787,0.15999999999999925,-0.2699999999999996,-0.08000000000000007,0.13999999999999968,-0.29000000000000004,-0.03000000000000025,-0.3700000000000001,-0.0899999999999963,-0.17999999999999972,-0.8800000000000026,-0.17999999999999972,-0.759999999999998,-3.3499999999999943,-5.070000000000022,-0.03000000000000025,-1.0199999999999996,-0.7999999999999972,-2.430000000000007,0.22999999999999865,-0.11999999999999922,-1.3000000000000043,-0.8000000000000007,0.17999999999999972,0.0799999999999983,-0.3699999999999992,-0.2600000000000007,-3.9399999999999835,0.13000000000000078,-0.08999999999999986,0.3099999999999987,-0.3100000000000023,-0.5500000000000007,0.25,0.2900000000000009,-0.4200000000000017,0.18999999999999773,0.13000000000000078,-0.8199999999999967,-0.9199999999999982,0.27999999999999936,-0.9100000000000037,0.38000000000000256,-0.4800000000000004,0.2699999999999996,0.129999999999999,0.28000000000000114,-0.28000000000000114,-0.2599999999999998,-0.39000000000000057,-0.4399999999999995,-0.5,-0.009999999999999787,-0.6400000000000006,-2.1799999999999926,-0.07000000000000028,0.25,6.310000000000002,-0.8699999999999992,-0.6799999999999997,-0.3600000000000012,-1.370000000000001,-1.6799999999999997,-0.7000000000000028,-0.3699999999999992,-0.41999999999999993,0.5600000000000023,-0.5500000000000007,-0.3500000000000014,-0.23000000000000043,-0.879999999999999,0.4200000000000017,-0.0,-1.4000000000000021,-4.909999999999997,-0.8500000000000014,-6.259999999999991,0.1700000000000017,1.5899999999999963,0.05999999999999961,-2.0899999999999963,-1.0099999999999998,-2.8999999999999915,-0.3100000000000005,-1.0399999999999991,-0.5300000000000011,-0.4900000000000002,-0.44999999999999574,-2.25,4.27000000000001,-0.759999999999998,-1.3999999999999986,-1.1499999999999986,-0.5899999999999999,-0.28999999999999915,-0.5800000000000018,-0.480000000000004,0.9200000000000017,-0.14000000000000057,0.25,-0.8799999999999955,-3.9599999999999795,-3.239999999999995,-1.0800000000000018,-3.2100000000000364,-3.3999999999999986,-1.7800000000000011,-8.659999999999997,-0.9499999999999993,-2.6499999999999986,-1.0100000000000051,0.5700000000000003,-2.450000000000003,-0.08999999999999986,-0.6099999999999994,-0.020000000000000018,0.379999999999999,-0.07000000000000028,0.0,0.0,0.03000000000000025,0.22000000000000064,0.08999999999999986,-0.0,-0.27000000000000046,0.14999999999999858,-0.8000000000000007,1.7800000000000011,0.08999999999999986,-0.16999999999999993,-0.019999999999999574,-0.07999999999999918,1.0499999999999972,0.34999999999999964,0.1999999999999993,-0.4800000000000004,-0.20000000000000018,-2.769999999999996,-0.7600000000000051,0.3199999999999985,0.379999999999999,0.010000000000001563,-0.3999999999999986,0.08000000000000007,0.15000000000000036,-1.1900000000000048,-2.780000000000001,-0.34999999999999787,-0.46000000000000085,-1.0700000000000003,-0.2699999999999996,-0.15000000000000213,-0.7899999999999991,-5.689999999999998,0.46999999999999886,-0.05999999999999872,0.5300000000000011,0.08000000000000007,-24.5,-0.25,0.5,-0.9299999999999997,-0.28999999999999915,0.33000000000000007,-2.6599999999999966,-0.05999999999999983,-0.05999999999999517,0.18999999999999773,0.5800000000000018,-0.3699999999999992,-0.010000000000001563,0.8900000000000006,-1.0,0.36999999999999744,0.17999999999999972,0.14000000000000057,-1.9099999999999966,0.08000000000000007,-1.3000000000000007,0.46000000000000085,0.129999999999999,-0.5700000000000003,-1.0700000000000003,0.08999999999999986,0.009999999999999787,-0.08000000000000007,-0.08000000000000007,0.5899999999999999,0.09000000000000341,-0.35999999999999943,-0.15000000000000036,-0.6000000000000014,-0.16999999999999993,0.3799999999999999,0.03999999999999915,-0.6600000000000001,-1.9200000000000017,-0.16999999999999993,0.08999999999999986,-0.030000000000001137,1.0799999999999983,-0.17999999999999972,-0.20000000000000018,0.18999999999999773,-0.3699999999999992,0.129999999999999,-0.04999999999999982,-0.120000000000001,-0.08000000000000007,0.0,0.04999999999999982,0.16999999999999993,-0.20999999999999996,0.040000000000000036,-0.0799999999999983,0.009999999999999787,-0.03000000000000025,-0.019999999999999574,-0.1899999999999995,-0.08999999999999986,-0.08000000000000007,0.07000000000000028,0.2400000000000002,0.6799999999999997,-0.11000000000000298,-0.17999999999999972,-0.04999999999999982,-0.41999999999999815,-1.009999999999998,0.2999999999999998,-0.13999999999999968,0.07000000000000028,0.15000000000000036,-0.03999999999999915,0.23000000000000043,-0.10000000000000142,0.040000000000000036,0.08000000000000007,0.08000000000000007,-0.1700000000000017,0.10999999999999943,-0.1800000000000015,0.03000000000000025,0.029999999999999805,0.16999999999999993,0.13000000000000078,-0.5700000000000003,-0.029999999999999805,0.129999999999999,-0.879999999999999,-0.09999999999999964,-0.09999999999999964,-3.979999999999997,-0.08000000000000007,-0.490000000000002,-0.03000000000000025,0.010000000000000231,0.16999999999999993,0.04999999999999982,0.22000000000000064,0.04999999999999982,-0.22999999999999954,-0.5399999999999991,-0.08000000000000007,-1.0900000000000034,-1.6499999999999915,-1.2800000000000011,-1.7199999999999989,-0.46000000000000085,-0.9599999999999937,-1.7000000000000028,-0.35999999999999943,-0.4200000000000017,-0.7999999999999972,-0.5700000000000003,1.0699999999999967,-0.8800000000000008,-1.6000000000000014,-0.8800000000000026,-0.7799999999999869,0.27000000000000135,-7.329999999999998,-15.51000000000002,-1.6199999999999974,2.3600000000000136,-2.200000000000003,-0.1700000000000017,-0.8799999999999955,-4.049999999999983,-0.08999999999999986,-0.20000000000000284,0.13999999999999968,9.48999999999998,-2.269999999999996,-0.5399999999999991,-1.0799999999999983,-0.4100000000000037,-0.5700000000000003,0.6399999999999988,-0.28000000000000114
2024-07-12,-0.17999999999999972,-0.14000000000000057,-0.5,-0.029999999999999805,-0.009999999999999787,-0.16999999999999993,-0.009999999999999787,0.05999999999999961,1.1000000000000014,-0.009999999999999787,-0.7000000000000028,-0.1299999999999999,0.00999999999999801,0.030000000000001137,1.6999999999999886,-0.009999999999999787,-0.02999999999999936,-0.18999999999999773,-1.1800000000000068,-0.1399999999999988,-0.009999999999999787,-0.03999999999999915,-0.030000000000001137,-0.049999999999998934,-0.5700000000000003,-0.19000000000000128,0.08000000000000007,-3.079999999999984,-0.08999999999999986,-0.15000000000000036,-0.4399999999999977,-0.5400000000000027,-0.4399999999999977,-1.2700000000000031,-1.0899999999999999,-0.4200000000000017,-0.07000000000000028,-0.47999999999999865,-0.0799999999999983,0.07000000000000028,0.3199999999999994,-0.14999999999999858,-0.7300000000000004,0.029999999999997584,0.10999999999999943,-0.7300000000000004,1.0100000000000051,0.5700000000000003,-0.009999999999999787,-0.5900000000000034,-0.20000000000000107,-0.259999999999998,-0.08000000000000007,0.27999999999999936,0.29000000000000625,-0.6700000000000017,0.060000000000002274,15.300000000000011,-0.1899999999999995,-0.07000000000000028,0.11999999999999922,-0.3200000000000003,-0.3200000000000003,-0.8599999999999994,0.08000000000000007,-0.22999999999999865,-9.560000000000002,-0.07000000000000028,-0.3199999999999985,-0.060000000000002274,-0.1999999999999993,1.0700000000000003,-0.14000000000000057,-0.120000000000001,0.2600000000000051,-0.08999999999999986,-0.8499999999999943,-5.069999999999993,-1.0499999999999972,0.08999999999999986,0.6400000000000006,-0.08999999999999986,-1.0999999999999943,-0.07000000000000028,-0.120000000000001,2.520000000000003,-0.08000000000000007,-0.10999999999999943,-2.289999999999999,-3.1399999999999864,0.03999999999999915,0.05999999999999517,-0.129999999999999,-0.20000000000000284,-0.16999999999999815,-0.020000000000003126,-0.46999999999999886,0.21000000000000085,-0.1999999999999993,-0.990000000000002,0.37999999999999545,2.7900000000000205,0.29999999999999716,-0.07000000000000028,1.1100000000000136,-6.390000000000001,0.18000000000000682,0.19999999999998863,-0.3200000000000003,0.07000000000000028,-2.5,-0.3099999999999987,-1.5600000000000023,-0.2400000000000002,0.03999999999999915,0.0,-0.27000000000000135,-0.1299999999999999,0.16000000000000014,0.0,-0.009999999999999787,-0.02999999999999936,0.1899999999999995,-0.019999999999999574,0.16999999999999993,0.03999999999999915,-0.019999999999999574,-1.1000000000000014,0.0600000000000005,-0.33000000000000007,-0.03000000000000025,0.03000000000000025,-0.3399999999999963,-0.13000000000000078,-0.17999999999999972,0.5500000000000007,-0.03000000000000025,0.39000000000000057,-0.13000000000000256,-0.02999999999999936,-0.3000000000000007,0.3500000000000014,0.019999999999999574,-0.009999999999999787,-0.009999999999999787,0.6700000000000017,-2.789999999999992,-0.10999999999999943,-0.16999999999999993,0.8499999999999979,0.09000000000000163,0.18999999999999773,-0.5599999999999987,-0.789999999999992,0.120000000000001,-0.019999999999999574,0.2699999999999996,-0.06000000000000005,16.730000000000018,1.4199999999999982,-0.120000000000001,-0.14000000000000057,-0.03999999999999915,-0.22000000000000064,-1.0700000000000074,-0.030000000000000027,-0.6600000000000037,-0.09999999999999787,-0.5499999999999972,0.07000000000000028,0.5400000000000009,-0.1999999999999993,-0.14000000000000057,-0.11999999999999744,-0.1200000000000001,-0.21000000000000085,4.030000000000001,0.009999999999999787,-0.5800000000000018,-0.060000000000002274,-0.15000000000000213,-0.1999999999999993,0.22999999999999687,-0.3100000000000023,-0.009999999999999787,-0.009999999999999787,-0.20000000000000018,0.27999999999999936,-0.5399999999999991,-0.7099999999999937,0.0,-0.39000000000000057,0.049999999999998934,-0.009999999999999787,0.07000000000000028,-0.040000000000000924,-0.5700000000000003,-0.08999999999999986,-0.07000000000000028,-0.46999999999999886,-0.269999999999996,-0.08999999999999986,0.35999999999999943,1.5,-0.6699999999999999,-0.3999999999999986,0.1299999999999999,0.009999999999999787,-0.08999999999999986,-0.46999999999999886,0.1200000000000001,-0.02999999999999936,0.05999999999999961,-0.08999999999999986,-0.740000000000002,-0.05000000000000071,-0.08000000000000007,-0.28999999999999915,-0.1299999999999999,0.0,0.0,-0.15000000000000036,-0.1200000000000001,-0.5599999999999987,-0.16000000000000014,0.129999999999999,0.0,-0.6799999999999997,0.13000000000000256,0.08999999999999986,0.0600000000000005,0.009999999999999787,0.0,1.1799999999999997,-0.08999999999999986,0.5299999999999976,0.08999999999999986,0.1200000000000001,0.02999999999999936,-0.4199999999999875,0.030000000000001137,-0.2500000000000018,0.08999999999999986,-0.04999999999999982,-0.33999999999999986,-0.13000000000000078,0.21999999999999886,0.0,0.2599999999999998,-0.21000000000000085,-0.16999999999999993,-0.06999999999999851,0.4200000000000017,0.26000000000000156,-0.39000000000000057,-0.1200000000000001,-0.03000000000000025,0.6600000000000001,0.3200000000000003,0.2400000000000002,0.0699999999999994,0.020000000000000462,-0.16000000000000014,-0.10000000000000053,-0.8200000000000003,0.29000000000000625,-0.020000000000003126,-0.6600000000000037,0.04999999999999716,1.0600000000000023,0.39000000000000057,0.06999999999999318,-0.22999999999999687,-3.6400000000000006,-0.3100000000000005,-0.389999999999997,-0.7300000000000004,0.8999999999999986,0.03999999999999915,-0.46999999999999886,0.2900000000000009,-4.260000000000005,1.1200000000000045,-1.4399999999999977,1.3700000000000045,-3.010000000000005,-2.3999999999999915,-0.3399999999999963,-0.37999999999999545,0.0600000000000005,-0.0799999999999983,0.020000000000000462,-2.25,-0.730000000000004,-0.120000000000001,-0.10999999999999943,-0.21000000000000085,-0.28000000000000114,0.0400000000000027,0.36999999999999744
2024-07-15,0.019999999999999574,-0.1200000000000001,-0.8399999999999999,-0.04999999999999982,0.20999999999999996,-0.0600000000000005,0.009999999999999787,-0.07999999999999918,-0.060000000000002274,-0.40000000000000036,0.10000000000000142,-0.0699999999999994,-0.10000000000000142,1.420000000000016,-1.4099999999999966,0.0,-0.1899999999999995,-0.23999999999999488,-1.3299999999999983,0.1399999999999988,0.31999999999999984,-0.4100000000000037,-0.010000000000001563,0.019999999999999574,-0.030000000000001137,0.030000000000001137,-0.03999999999999915,0.09999999999999432,-0.20999999999999908,-0.1299999999999999,0.17999999999999972,0.08999999999999986,-0.04999999999999716,0.21999999999999886,0.0600000000000005,-0.7899999999999991,0.020000000000003126,-0.02999999999999936,0.07000000000000028,-0.05999999999999872,-0.09999999999999964,-0.46000000000000085,-0.05000000000000071,-0.16999999999999815,-0.28999999999999915,0.25,-0.05999999999999517,1.75,-0.08000000000000007,-0.529999999999994,-0.09999999999999964,-0.46999999999999886,0.0,-0.22999999999999865,-0.060000000000002274,0.04999999999999716,-0.3399999999999963,6.28000000000003,-0.2599999999999998,0.0,-0.25,-0.2900000000000027,-0.5400000000000027,0.07000000000000028,-0.08999999999999986,-0.22000000000000064,-0.910000000000025,-0.16000000000000014,0.05000000000000071,-0.28000000000000114,-0.46999999999999886,-1.6300000000000026,0.009999999999999787,-0.8200000000000003,-2.260000000000005,-0.010000000000001563,1.2600000000000051,0.960000000000008,-0.6700000000000017,0.11000000000000032,-0.3200000000000003,-0.29999999999999893,-0.35999999999999943,-0.02999999999999936,-0.4299999999999997,-0.5499999999999972,-0.23000000000000043,-0.1599999999999966,1.9000000000000057,-0.539999999999992,-0.4399999999999977,-1.0,0.05999999999999872,-0.1599999999999966,-0.16000000000000014,-0.129999999999999,-1.2800000000000011,-1.269999999999996,-0.9800000000000004,0.21000000000000085,-0.9200000000000017,-1.6800000000000068,-0.7599999999999909,-0.4800000000000004,-3.5,1.240000000000002,-0.480000000000004,-2.579999999999984,-0.6099999999999994,-0.8599999999999994,-1.6600000000000037,-0.5600000000000023,-1.6400000000000006,0.040000000000000924,-0.14000000000000057,-0.020000000000000018,0.120000000000001,0.04999999999999982,0.029999999999999805,-0.04999999999999982,-0.05999999999999961,-0.040000000000000036,-0.2699999999999996,-0.14999999999999947,-0.1200000000000001,-0.10000000000000142,-0.010000000000001563,-0.21999999999999886,-0.08000000000000007,-0.019999999999999574,-0.02999999999999936,-0.040000000000000036,0.23999999999999488,0.16000000000000014,-0.030000000000001137,-0.019999999999999574,-0.009999999999999787,0.03999999999999915,0.04999999999999716,-0.03999999999999915,-0.13999999999999702,-0.8800000000000008,-0.10000000000000142,-0.010000000000000675,-0.34999999999999964,-0.490000000000002,-1.7199999999999989,-0.23000000000000043,-0.040000000000000924,0.1999999999999993,-0.05000000000000071,-0.20000000000000284,-0.16999999999999815,-1.9099999999999966,0.14000000000000057,0.28000000000000114,0.05999999999999872,0.010000000000000231,-3.9199999999998454,1.0599999999999987,0.21999999999999886,-1.1799999999999997,0.09999999999999787,0.3099999999999987,-0.6099999999999994,-0.050000000000000044,-0.75,0.08000000000000185,0.8399999999999999,-0.08999999999999986,0.0600000000000005,0.4400000000000013,-0.9499999999999993,-0.17999999999999972,0.0600000000000005,-0.04999999999999716,-1.3199999999999932,-0.09999999999999964,-0.7099999999999973,-0.08999999999999986,-0.17999999999999972,-0.010000000000001563,-0.3500000000000014,-0.5500000000000007,0.009999999999999787,-0.019999999999999574,0.05999999999999961,0.040000000000000924,0.6000000000000014,-1.2900000000000063,0.0,0.060000000000002274,-0.019999999999999574,0.040000000000000036,-0.09999999999999964,-0.28999999999999915,-0.30000000000000426,0.17999999999999972,-0.08999999999999986,-1.1799999999999997,0.5700000000000003,-0.04999999999999982,0.0,-0.3000000000000007,-0.1999999999999993,0.15000000000000213,0.08999999999999986,0.009999999999999787,0.03999999999999915,-0.6099999999999994,-0.1299999999999999,0.02999999999999936,-0.009999999999999787,-0.1200000000000001,-0.14999999999999858,-0.04999999999999982,0.08000000000000007,0.05000000000000071,-0.07000000000000028,0.0,-0.040000000000000036,-0.1200000000000001,0.13000000000000078,0.4499999999999993,0.10999999999999943,-0.14999999999999858,-0.009999999999999787,-0.060000000000002274,-0.11000000000000298,0.09999999999999964,-0.009999999999999787,0.040000000000000036,0.009999999999999787,-0.6000000000000014,-0.129999999999999,0.35999999999999943,0.03000000000000025,0.04999999999999982,-0.040000000000000924,-4.219999999999999,0.02999999999999936,0.07000000000000028,-0.05999999999999961,0.020000000000000018,0.019999999999999574,-0.14000000000000057,-0.5500000000000007,0.0,-0.05999999999999961,0.3299999999999983,-0.0600000000000005,-0.07000000000000028,-0.8700000000000045,0.25,0.33999999999999986,-0.009999999999999787,-0.020000000000000018,-0.05999999999999872,0.21999999999999975,0.16000000000000014,-0.08000000000000007,-0.04999999999999982,-0.07000000000000028,0.08999999999999986,-0.14000000000000057,-0.6700000000000017,-0.75,0.10000000000000142,-0.29999999999999716,-0.4099999999999966,-0.10000000000000142,-2.680000000000007,1.1000000000000014,-0.19999999999998863,0.4399999999999995,-0.10000000000000142,-0.5199999999999996,2.6199999999999974,-0.14000000000000057,-0.14999999999999147,-0.370000000000001,3.989999999999995,-8.129999999999995,-0.6400000000000006,2.4099999999999966,3.9299999999999926,-1.4099999999999966,-0.480000000000004,3.3799999999999955,0.21000000000000085,-0.21999999999999886,-0.14000000000000057,-8.799999999999983,-1.2000000000000028,0.5499999999999972,0.480000000000004,0.28999999999999915,0.5899999999999999,-0.5700000000000003,0.29999999999999716
2024-07-16,0.02999999999999936,-0.08999999999999986,-0.6499999999999986,0.009999999999999787,0.040000000000000036,0.1200000000000001,-0.019999999999999574,0.009999999999999787,0.6700000000000017,0.6999999999999993,0.23999999999999844,0.25,-0.020000000000003126,-0.7300000000000182,1.8000000000000114,-0.009999999999999787,-0.620000000000001,0.15000000000000568,-1.740000000000009,0.22999999999999865,0.13000000000000034,-0.5900000000000034,0.259999999999998,-0.14000000000000057,-0.4299999999999997,-0.010000000000001563,0.030000000000001137,0.01999999999999602,0.030000000000001137,0.019999999999999574,0.07000000000000028,-2.200000000000003,0.09999999999999787,-1.2000000000000028,-0.10000000000000142,-0.04999999999999716,-0.05999999999999872,-0.1899999999999995,-0.14999999999999858,0.25,-0.019999999999999574,-1.8399999999999963,0.1999999999999993,-0.5700000000000003,-0.29999999999999893,-0.21999999999999886,-0.35999999999999943,0.3999999999999986,-0.009999999999999787,-0.8799999999999955,-0.21000000000000085,-1.3999999999999986,-0.21999999999999975,0.049999999999998934,-0.36999999999999034,0.44999999999999574,0.01999999999999602,-12.71999999999997,-0.9199999999999999,-0.21999999999999886,-0.1999999999999993,-0.22000000000000242,-0.3200000000000003,-2.1799999999999997,0.009999999999999787,-0.129999999999999,2.7199999999999704,0.4800000000000004,0.02999999999999936,0.03999999999999915,0.21999999999999886,0.6299999999999955,-0.08000000000000007,0.2699999999999996,1.0300000000000011,-1.8000000000000007,-3.0999999999999943,0.6499999999999915,-1.25,-0.08999999999999986,-1.1300000000000026,0.05999999999999872,-0.4200000000000017,-0.11999999999999922,0.05999999999999872,-1.0399999999999991,0.02000000000000135,-1.3699999999999974,-6.299999999999997,1.460000000000008,-0.3099999999999987,0.3200000000000003,-1.5800000000000018,0.16999999999999815,-0.9100000000000001,-0.23000000000000043,-1.1599999999999966,0.529999999999994,0.129999999999999,0.8599999999999994,-2.0900000000000034,-1.1800000000000068,-5.890000000000001,0.21000000000000085,5.699999999999989,1.9699999999999989,-2.219999999999999,-0.4200000000000159,0.6999999999999993,-0.5900000000000034,-1.009999999999998,-0.6700000000000017,1.0600000000000023,-0.02000000000000135,0.13000000000000256,0.010000000000000009,-0.019999999999999574,0.019999999999999574,-0.010000000000000231,-0.05999999999999961,0.009999999999999787,-0.03000000000000025,0.009999999999999787,-0.05999999999999961,0.04999999999999982,-0.2699999999999996,-0.029999999999997584,0.00999999999999801,0.5999999999999996,-0.09999999999999964,0.0,-0.08000000000000007,-0.1700000000000017,0.08000000000000007,-0.28999999999999915,-0.14999999999999858,-0.06000000000000005,-0.21000000000000085,-0.010000000000005116,-0.040000000000000924,-0.9599999999999973,0.0600000000000005,-0.18000000000000327,-0.009999999999999787,-0.1899999999999995,-0.1700000000000017,0.1700000000000017,-0.17999999999999972,-0.019999999999999574,0.03999999999999915,0.14000000000000057,0.08000000000000185,-0.11000000000000298,-6.280000000000001,-0.5699999999999967,-0.41000000000000014,-0.6900000000000013,0.009999999999999787,-1.099999999999909,1.5,-0.3299999999999983,-1.2800000000000011,-0.019999999999999574,-0.14999999999999858,-1.9000000000000057,0.010000000000000009,-0.3399999999999963,-0.17999999999999972,0.120000000000001,0.16999999999999993,-0.20999999999999908,-1.2000000000000028,-0.379999999999999,-0.3200000000000003,0.019999999999999574,-0.14000000000000057,2.719999999999999,-0.20000000000000107,-0.639999999999997,-0.39000000000000057,0.05000000000000071,-0.05000000000000071,-1.009999999999998,0.370000000000001,-0.05999999999999961,-0.02999999999999936,-0.019999999999999574,-0.08000000000000007,0.04999999999999716,1.2999999999999972,-0.08000000000000007,-0.05000000000000071,0.11999999999999922,-0.09999999999999964,0.08000000000000007,-0.17999999999999972,-0.25,0.019999999999999574,-0.1700000000000017,0.01999999999999602,0.980000000000004,-0.10999999999999943,0.02999999999999936,-0.5,-0.23000000000000043,-0.030000000000001137,0.019999999999999574,-0.07000000000000028,-0.11999999999999922,0.05000000000000071,-0.009999999999999787,0.019999999999999574,-0.15000000000000036,-0.009999999999999787,1.3400000000000034,-0.03000000000000025,0.019999999999999574,0.7399999999999984,-0.1299999999999999,-0.04999999999999982,-0.08000000000000007,0.3100000000000005,-0.14000000000000057,-0.10999999999999943,0.07000000000000028,0.040000000000000924,-0.0,0.2699999999999996,0.370000000000001,-0.019999999999999574,0.03000000000000025,0.010000000000000675,-0.08999999999999986,-1.5600000000000023,0.07000000000000028,-0.16000000000000014,0.05999999999999961,0.0,-0.13000000000000078,0.44999999999998863,0.019999999999999574,0.0,-0.05000000000000071,-0.020000000000000018,-0.09999999999999964,0.03999999999999915,0.21000000000000085,-0.020000000000000018,0.13999999999999968,0.0799999999999983,0.05000000000000071,0.0600000000000005,-0.5900000000000034,0.16000000000000014,-0.39000000000000057,-0.0,-0.0,-0.009999999999999787,-0.03000000000000025,-0.10999999999999943,-0.03000000000000025,-0.020000000000000462,-0.620000000000001,0.08999999999999986,-2.019999999999996,-0.35999999999999943,0.44000000000000483,-1.4200000000000017,0.09000000000000341,-1.730000000000004,-0.10000000000000142,1.3400000000000034,0.36999999999999744,-1.769999999999996,0.0,0.07000000000000028,0.3199999999999985,-0.5,-0.010000000000001563,-0.789999999999992,0.03999999999999915,1.4500000000000028,1.0699999999999932,0.730000000000004,-3.8600000000000136,3.519999999999996,-5.840000000000003,1.3999999999999986,-7.740000000000009,0.05000000000000071,0.9500000000000028,-0.10000000000000053,-41.640000000000015,0.2799999999999869,0.3200000000000003,0.7999999999999972,-0.4199999999999946,-0.33000000000000185,-0.5299999999999976,-0.2600000000000051
2024-07-17,-0.09999999999999964,-0.20000000000000018,-0.4400000000000013,-0.020000000000000018,0.0600000000000005,0.09999999999999964,0.010000000000000675,-0.13999999999999968,1.4399999999999977,-0.16000000000000014,0.8399999999999999,-0.08000000000000007,-0.259999999999998,-3.950000000000017,-7.660000000000025,-0.019999999999999574,-0.26000000000000156,0.07000000000000028,-1.779999999999987,0.009999999999999787,-0.040000000000000036,-0.7999999999999972,-0.08999999999999986,-0.09999999999999964,-0.7399999999999984,0.08999999999999986,-0.0600000000000005,-3.279999999999987,0.08000000000000007,-0.02999999999999936,-0.36999999999999744,-0.4599999999999973,-0.5599999999999987,-0.8999999999999986,0.25,-0.28999999999999915,-0.14000000000000057,0.13000000000000078,0.3099999999999987,-0.3099999999999987,-0.05999999999999961,-0.8299999999999983,-0.25,-0.14000000000000057,-0.11000000000000121,-0.7399999999999984,-0.3299999999999983,0.1999999999999993,-0.019999999999999574,-0.0899999999999963,-0.16000000000000014,-0.4800000000000004,0.040000000000000036,-0.27000000000000135,-2.3800000000000097,-0.8900000000000006,-0.8900000000000006,0.03000000000002956,-0.25,-0.030000000000001137,0.129999999999999,-0.08999999999999986,0.09999999999999787,-1.1200000000000045,-0.02000000000000135,-0.15000000000000036,0.5199999999999818,0.3200000000000003,-0.2599999999999998,0.28999999999999915,-0.14999999999999858,0.29000000000000625,-0.10999999999999943,-0.39000000000000057,-2.6500000000000057,0.00999999999999801,6.909999999999997,5.159999999999997,-1.5500000000000043,0.08999999999999986,-0.13000000000000256,-0.26000000000000156,0.21000000000000796,-0.05000000000000071,-0.8500000000000014,-0.5700000000000003,-0.33000000000000007,-0.44999999999999574,-0.010000000000005116,6.409999999999997,-0.21000000000000085,-2.729999999999997,-0.2700000000000031,-0.39000000000000057,-0.9500000000000028,-0.05999999999999872,-0.3999999999999986,-1.2999999999999972,0.16000000000000014,-0.28000000000000114,-1.7600000000000051,-1.589999999999975,-2.9399999999999977,-0.6600000000000001,-9.199999999999989,-2.230000000000004,0.23000000000000398,-5.200000000000017,-0.11999999999999744,-0.519999999999996,-0.6599999999999966,-0.9899999999999984,-0.5999999999999943,-0.17999999999999972,-0.5399999999999991,-0.0,0.21000000000000085,0.019999999999999574,-0.029999999999999805,-0.019999999999999574,-0.020000000000000462,0.3099999999999996,0.14000000000000057,-0.0600000000000005,-0.09999999999999964,0.120000000000001,0.20000000000000284,-0.28000000000000114,0.07000000000000028,-0.25,0.0699999999999994,-0.03000000000000025,-0.5900000000000034,-0.08999999999999986,-0.2900000000000009,-0.05999999999999872,-0.040000000000000036,-0.8200000000000003,0.519999999999996,-0.14000000000000057,-0.8099999999999987,-0.27000000000000135,-0.36999999999999744,0.11999999999999966,-0.1999999999999993,-0.7899999999999991,-0.5400000000000063,-0.41000000000000014,0.009999999999999787,0.8999999999999986,0.02000000000000135,0.019999999999999574,-0.25,-6.439999999999998,-0.019999999999999574,-0.03999999999999915,-0.3000000000000007,-0.06999999999999984,-25.40000000000009,-0.16000000000000014,0.11000000000000298,-1.3599999999999994,-0.4299999999999997,-0.009999999999999787,-1.3400000000000034,-0.020000000000000018,-0.46999999999999886,0.35999999999999943,0.10999999999999943,0.08000000000000007,0.08000000000000007,-0.360000000000003,-0.46999999999999886,-0.21999999999999886,0.22999999999999954,-0.16999999999999815,-6.219999999999999,0.10999999999999943,0.15000000000000213,-0.4299999999999997,0.4499999999999993,-0.46000000000000085,0.04000000000000625,-0.0,0.03000000000000025,-0.040000000000000036,-0.040000000000000036,0.040000000000000924,1.6599999999999966,1.8599999999999994,-0.08000000000000007,0.28999999999999915,-0.23000000000000043,0.020000000000000462,0.03999999999999915,-0.02999999999999936,-1.5300000000000011,-0.0,-0.28000000000000114,0.6899999999999977,-0.46999999999999886,0.0600000000000005,-0.0600000000000005,1.5100000000000016,-0.2599999999999998,-0.1999999999999993,0.03000000000000025,-0.05999999999999872,-0.13000000000000078,0.5599999999999987,-0.07000000000000028,-0.03000000000000025,-0.019999999999999574,0.009999999999999787,1.1000000000000014,-0.040000000000000036,-0.0,0.48999999999999844,0.0,-0.08000000000000007,-0.009999999999999787,0.020000000000000462,0.5700000000000003,-1.0700000000000003,-0.4299999999999997,-0.03999999999999915,0.010000000000000231,-0.9000000000000021,-0.21999999999999886,0.019999999999999574,-0.04999999999999982,-0.0,0.0600000000000005,-1.3599999999999994,-0.07000000000000028,-0.3200000000000003,0.14999999999999947,0.07000000000000028,0.0600000000000005,-0.3499999999999943,0.0,0.35999999999999943,-0.05999999999999961,0.03000000000000025,0.049999999999998934,0.41999999999999993,0.09999999999999787,-0.0,-0.16999999999999993,-0.16000000000000014,-0.28999999999999915,0.02999999999999936,-3.0400000000000063,0.2599999999999998,0.740000000000002,-0.019999999999999574,0.009999999999999787,0.2599999999999998,0.010000000000000675,-0.120000000000001,-0.21999999999999975,-0.0699999999999994,0.25,0.05999999999999961,-0.44999999999999574,-0.7399999999999949,-0.7299999999999969,0.00999999999999801,-0.8500000000000014,-3.200000000000003,-1.7000000000000028,-3.6599999999999966,0.04999999999999716,-1.0799999999999983,-0.019999999999999574,0.5300000000000011,0.4599999999999991,-0.7899999999999991,-0.6300000000000026,-1.9899999999999949,0.6099999999999994,-2.3400000000000034,-1.7700000000000102,1.8200000000000003,-2.609999999999985,-1.9899999999999949,-1.2199999999999989,-0.3500000000000014,1.539999999999992,-0.6000000000000014,3.210000000000001,-0.13999999999999968,-1.9000000000000057,-1.809999999999988,-0.11999999999999744,0.46000000000000085,-0.4899999999999949,-0.07000000000000028,-0.060000000000002274,-0.8400000000000034
2024-07-18,0.009999999999999787,0.019999999999999574,0.1999999999999993,0.010000000000000231,0.05999999999999961,0.009999999999999787,-0.019999999999999574,0.0600000000000005,1.0700000000000003,0.02999999999999936,0.31999999999999673,0.09999999999999964,0.4399999999999977,1.3799999999999955,0.0700000000000216,-0.040000000000000036,0.08000000000000007,-0.9500000000000028,-0.0799999999999983,0.0600000000000005,-0.03000000000000025,0.509999999999998,-0.5400000000000027,0.0,0.2700000000000031,0.13000000000000078,-0.05000000000000071,0.3400000000000034,-0.040000000000000924,-0.0699999999999994,-0.0799999999999983,-0.2699999999999996,0.3200000000000003,-0.6300000000000026,-0.019999999999999574,-1.1300000000000026,-0.240000000000002,0.25,-0.17999999999999972,-0.020000000000003126,-0.040000000000000036,0.21000000000000085,-0.129999999999999,-0.07000000000000028,-0.17999999999999972,-0.05000000000000071,-1.9699999999999989,0.4200000000000017,-0.05000000000000071,0.23000000000000398,0.07000000000000028,0.25,-0.03000000000000025,0.009999999999999787,-0.25,-0.36999999999999744,0.35999999999999943,-8.060000000000002,0.09999999999999964,0.26000000000000156,-0.030000000000001137,0.00999999999999801,0.05000000000000071,1.0999999999999943,0.05999999999999872,0.019999999999999574,1.920000000000016,0.10999999999999943,-0.1399999999999988,-0.26000000000000156,-0.2099999999999973,-0.010000000000005116,0.030000000000001137,-0.21999999999999886,-0.10000000000000853,-0.6199999999999974,-0.9300000000000068,-1.019999999999996,1.2899999999999991,0.1299999999999999,-1.1700000000000017,0.05999999999999872,0.01999999999999602,0.03999999999999915,-0.25,-1.509999999999998,0.17999999999999972,0.09000000000000341,-1.1000000000000085,1.710000000000008,0.5799999999999983,0.3500000000000014,-0.21999999999999886,0.39000000000000057,0.4399999999999977,-0.15000000000000213,-0.11999999999999744,0.5300000000000011,0.0,0.980000000000004,1.0499999999999972,-7.460000000000008,-0.9200000000000017,0.04999999999999716,5.0400000000000205,-3.030000000000001,0.3299999999999983,-0.20000000000001705,-0.8699999999999974,0.46000000000000085,1.0999999999999943,-0.04999999999999716,-1.9699999999999989,-0.2699999999999996,-0.10000000000000142,-0.020000000000000018,-0.16999999999999993,-0.02999999999999936,0.0,0.08000000000000007,-0.05999999999999961,0.10999999999999943,-0.2599999999999998,-0.08999999999999986,-0.009999999999999787,-0.11999999999999744,-0.28000000000000114,-0.020000000000003126,0.02999999999999936,0.13000000000000078,-0.0699999999999994,-0.019999999999999574,-0.8699999999999974,-0.41000000000000014,-0.040000000000000924,-0.10000000000000142,0.010000000000000231,1.5,-1.1299999999999955,-0.040000000000000924,-0.39000000000000057,0.0600000000000005,0.10000000000000142,-0.020000000000000018,0.05000000000000071,0.4099999999999966,-0.5300000000000011,0.370000000000001,-0.1999999999999993,-0.10000000000000142,-0.13000000000000078,-0.509999999999998,0.26000000000000156,-0.18999999999999773,-0.0799999999999983,-0.00999999999999801,-0.4700000000000024,-0.010000000000000231,-3.8900000000001,0.23000000000000043,0.07000000000000028,-0.6299999999999955,-0.16999999999999815,-0.0,0.37999999999999545,-0.010000000000000009,-0.5899999999999963,0.4400000000000013,-0.21000000000000085,0.019999999999999574,-0.0600000000000005,0.4799999999999969,-0.259999999999998,-1.25,0.08999999999999986,0.5800000000000018,0.9000000000000057,0.0600000000000005,0.2699999999999996,0.21000000000000085,0.34999999999999787,0.21000000000000085,-1.4799999999999969,-0.5599999999999987,-0.05999999999999961,-0.040000000000000036,-0.0,0.009999999999999787,0.7299999999999969,-3.4000000000000057,-0.040000000000000036,0.25,-0.29999999999999893,0.009999999999999787,0.030000000000001137,0.009999999999999787,-0.19999999999999574,-0.009999999999999787,0.10999999999999943,0.3299999999999983,-1.9500000000000028,0.009999999999999787,-0.010000000000000675,0.5399999999999991,-0.07000000000000028,-0.09999999999999787,0.05000000000000071,0.010000000000001563,-0.15000000000000036,0.17999999999999972,-0.07000000000000028,0.0,-0.03000000000000025,-0.0,0.0799999999999983,-0.0600000000000005,0.020000000000000462,0.28999999999999915,-0.04999999999999982,-0.07000000000000028,-0.05999999999999961,0.0,0.020000000000000462,0.48999999999999844,0.0799999999999983,-0.11999999999999922,-0.010000000000000231,0.12999999999999545,0.129999999999999,-0.019999999999999574,-0.040000000000000036,0.020000000000000462,-0.14000000000000057,0.8300000000000054,-0.08000000000000007,0.17999999999999972,-0.1299999999999999,-0.16999999999999993,-0.07000000000000028,0.20000000000000284,-0.07000000000000028,-0.08999999999999986,-0.040000000000000036,0.0,-0.10000000000000142,0.10999999999999943,0.14000000000000057,0.010000000000000231,0.14000000000000057,-0.21000000000000085,0.13000000000000078,0.05000000000000071,-0.3400000000000034,0.11000000000000121,-0.019999999999999574,-0.05000000000000071,-0.009999999999999787,0.05999999999999872,-0.040000000000000036,0.21000000000000085,0.0,-0.13999999999999968,-0.03999999999999915,0.03000000000000025,-0.6200000000000045,0.3299999999999983,0.10999999999999943,0.1600000000000037,-0.6799999999999997,-0.8000000000000114,0.10999999999999943,-0.3100000000000023,-0.20000000000000284,0.37000000000000455,-0.0600000000000005,-0.14000000000000057,-0.2599999999999998,-0.5700000000000003,0.23999999999999844,2.0,0.05999999999999872,-3.960000000000008,-0.5100000000000193,0.21000000000000085,-3.0900000000000034,0.04999999999999716,1.2600000000000051,-0.2700000000000031,2.299999999999983,-0.4900000000000002,2.460000000000001,0.05999999999999961,-6.060000000000002,-3.6400000000000006,-0.07000000000000028,-0.5899999999999963,0.060000000000002274,0.360000000000003,-0.030000000000001137,-0.39000000000000057
2024-07-19,-0.040000000000000924,0.08000000000000007,0.3200000000000003,0.020000000000000018,-0.010000000000000231,-0.1299999999999999,-0.040000000000000036,0.09999999999999964,-0.29999999999999716,-0.0600000000000005,0.259999999999998,-0.1299999999999999,-0.970000000000006,4.079999999999984,3.890000000000015,-0.019999999999999574,0.3899999999999988,-0.10999999999999943,0.010000000000005116,0.1700000000000017,0.03000000000000025,-0.6600000000000037,0.23000000000000043,-0.13000000000000078,-0.07000000000000028,-0.34999999999999964,0.03999999999999915,-2.319999999999993,-0.02999999999999936,-0.02999999999999936,0.120000000000001,-0.22000000000000242,-0.8300000000000018,-0.6599999999999966,0.0600000000000005,0.7199999999999989,-0.1999999999999993,-0.3200000000000003,-0.5799999999999983,0.05999999999999872,-0.07000000000000028,-2.0800000000000054,-0.120000000000001,0.030000000000001137,0.129999999999999,0.3299999999999983,0.740000000000002,-1.1400000000000006,0.02999999999999936,0.6099999999999994,-0.1999999999999993,0.22000000000000242,-0.040000000000000036,-0.13000000000000078,0.9699999999999989,-0.6499999999999986,0.3100000000000023,-0.660000000000025,-0.33000000000000007,0.28000000000000114,-0.22000000000000064,-0.20000000000000284,-0.21999999999999886,-0.8000000000000043,0.07000000000000028,-0.20000000000000107,-2.6299999999999955,-0.08999999999999986,-0.3699999999999992,-0.20000000000000284,0.010000000000001563,-0.30000000000000426,-0.03999999999999915,-0.09999999999999787,-0.6499999999999915,0.4399999999999977,-2.0600000000000023,2.1899999999999977,-0.5300000000000011,-0.040000000000000036,0.17999999999999972,-0.05999999999999872,-1.5,-0.16000000000000014,0.41999999999999815,0.7000000000000028,0.05999999999999872,-3.6799999999999997,0.8999999999999915,-5.02000000000001,0.33999999999999986,1.0499999999999972,-2.520000000000003,0.05000000000000071,-0.370000000000001,0.17999999999999972,-1.1499999999999986,0.9299999999999997,-0.16000000000000014,0.1700000000000017,-5.239999999999995,1.0900000000000034,2.0600000000000023,-0.13999999999999702,-0.7900000000000205,2.3499999999999943,-2.5,0.010000000000019327,0.39000000000000057,-0.060000000000002274,2.9399999999999977,0.35999999999999943,-1.5899999999999892,-0.03999999999999915,-0.5700000000000003,0.010000000000000009,-0.009999999999999787,0.020000000000000462,0.009999999999999787,-0.009999999999999787,0.019999999999999574,-0.040000000000000036,-0.019999999999999574,0.019999999999999574,-0.07000000000000028,-0.4200000000000017,-0.05999999999999872,-0.1599999999999966,0.040000000000000036,0.2900000000000009,-0.009999999999999787,0.009999999999999787,0.36999999999999744,0.030000000000001137,0.09999999999999964,-0.3000000000000007,-0.050000000000000266,0.1700000000000017,-0.8000000000000043,-0.040000000000000924,-0.17999999999999972,0.019999999999999574,-0.23999999999999844,0.08000000000000007,0.06999999999999851,0.0799999999999983,-0.7600000000000051,0.2699999999999996,-0.11000000000000121,-0.46999999999999886,-0.16000000000000014,-0.08000000000000185,0.08999999999999986,-8.02000000000001,-0.3299999999999983,-1.8299999999999983,-0.46000000000000085,0.04999999999999982,-28.1099999999999,0.75,-0.4799999999999969,-0.18999999999999773,0.17999999999999972,-0.33999999999999986,0.8599999999999994,0.040000000000000036,0.4399999999999977,-0.05000000000000071,0.14999999999999858,-0.25,-0.11999999999999922,-1.1899999999999977,-0.0400000000000027,0.8500000000000014,0.009999999999999787,-0.28000000000000114,-3.7099999999999795,-0.009999999999999787,-0.8099999999999987,-0.019999999999999574,-0.10000000000000142,-0.18999999999999773,-0.9699999999999989,0.7800000000000011,-0.08999999999999986,-0.08999999999999986,0.05000000000000071,0.02000000000000135,1.2799999999999976,1.1599999999999966,-0.1299999999999999,-0.17999999999999972,-0.08999999999999986,-0.040000000000000036,-0.0,-0.28000000000000114,-0.519999999999996,-0.3100000000000005,-0.5999999999999979,0.0799999999999983,-1.6799999999999997,-0.08999999999999986,-0.10000000000000053,-0.75,0.33999999999999986,-0.029999999999997584,0.04999999999999982,-0.06999999999999851,-0.15000000000000036,-0.18999999999999773,-0.03000000000000025,-0.07999999999999918,-0.009999999999999787,0.009999999999999787,-0.6600000000000037,-0.010000000000000675,0.009999999999999787,-0.22000000000000242,-0.1299999999999999,0.009999999999999787,0.03000000000000025,-0.0,-0.10000000000000053,-0.10999999999999943,-0.39000000000000057,-0.11999999999999922,-0.050000000000000266,-0.19999999999999574,-0.06999999999999673,0.019999999999999574,0.009999999999999787,-0.1200000000000001,-0.15000000000000036,18.46,-0.41000000000000014,-0.13000000000000078,-0.04999999999999982,-0.1900000000000004,-0.27999999999999936,0.7000000000000028,-0.02000000000000135,-0.14000000000000057,0.009999999999999787,-0.0,-0.040000000000000924,0.22999999999999865,-0.21999999999999886,-0.010000000000000231,0.02000000000000135,0.21000000000000085,0.0600000000000005,-0.14000000000000057,-0.3400000000000034,-0.0600000000000005,0.509999999999998,-0.05999999999999961,-0.020000000000000018,-0.08000000000000007,0.0600000000000005,-0.11999999999999922,-0.009999999999999787,-0.05999999999999961,-0.5199999999999996,0.0699999999999994,-2.2900000000000063,2.2099999999999937,0.2700000000000031,-0.509999999999998,0.490000000000002,-7.260000000000005,-1.1700000000000017,0.8299999999999983,0.3399999999999963,-2.0999999999999943,-0.16999999999999993,0.030000000000001137,0.2400000000000002,0.18999999999999773,-0.25,2.0,0.20999999999999908,4.009999999999991,-4.349999999999994,-0.00999999999999801,0.8499999999999943,-1.6200000000000045,-2.8599999999999994,-0.060000000000002274,-4.280000000000001,-0.29999999999999893,2.6499999999999986,-0.02999999999999936,-14.399999999999977,2.3700000000000045,-0.40000000000000213,-0.04999999999999716,-1.4099999999999966,-0.6600000000000001,-0.5199999999999996,-2.450000000000003
2024-07-22,0.1399999999999988,-0.07999999999999918,-0.23999999999999844,-0.020000000000000018,-0.029999999999999805,-0.13999999999999968,-0.019999999999999574,-0.15000000000000036,0.030000000000001137,0.41000000000000014,0.4400000000000013,0.04999999999999982,0.02999999999999403,-4.679999999999978,9.050000000000011,-0.010000000000000675,0.33000000000000007,-0.39000000000000057,-0.23000000000000398,-0.1999999999999993,0.0600000000000005,0.14000000000000057,0.10000000000000142,0.030000000000001137,-0.25,-0.21000000000000085,0.040000000000000924,-2.1999999999999886,-0.03999999999999915,0.11000000000000032,-0.030000000000001137,-0.23000000000000043,0.0799999999999983,-0.8300000000000054,0.14000000000000057,-0.46000000000000085,-0.120000000000001,-0.16000000000000014,-0.1999999999999993,0.030000000000001137,-0.10000000000000053,0.9599999999999937,-0.18999999999999773,-0.08000000000000185,-0.08000000000000007,-0.5199999999999996,-0.1599999999999966,0.5700000000000003,-0.11000000000000032,-0.3400000000000034,-0.019999999999999574,-0.28999999999999915,0.05000000000000071,-0.09999999999999964,-0.8100000000000023,-0.4200000000000017,0.030000000000001137,-1.589999999999975,-0.16999999999999993,0.07000000000000028,0.019999999999999574,0.09999999999999787,-0.240000000000002,-0.4299999999999997,0.2599999999999998,-0.019999999999999574,1.5500000000000114,-0.21999999999999886,0.13000000000000078,0.3299999999999983,0.23000000000000043,0.8000000000000043,0.019999999999999574,-0.4299999999999997,-1.8999999999999915,-0.4399999999999977,0.9299999999999926,-1.8100000000000023,0.29000000000000625,0.04999999999999982,0.00999999999999801,-0.02000000000000135,-0.29999999999999716,0.009999999999999787,-0.379999999999999,-0.7000000000000028,-0.20999999999999908,-0.01999999999999602,1.8200000000000074,-0.37999999999999545,-0.39000000000000057,-2.1600000000000037,-0.5900000000000034,-0.129999999999999,0.0799999999999983,0.28000000000000114,-0.5900000000000034,0.07000000000000028,-0.14999999999999858,0.7199999999999989,0.4300000000000068,0.0800000000000125,3.700000000000003,-1.1799999999999997,-1.1000000000000227,0.06999999999999318,0.2599999999999909,1.25,-0.5199999999999996,-0.4799999999999969,0.6099999999999994,-0.3200000000000003,0.010000000000005116,0.15000000000000036,0.07000000000000028,-0.010000000000000009,0.28999999999999915,0.1299999999999999,-0.03000000000000025,0.0699999999999994,0.040000000000000036,0.28000000000000025,0.08000000000000007,-0.08000000000000007,-0.009999999999999787,-0.8000000000000007,-0.129999999999999,-0.9099999999999966,0.17999999999999972,-0.049999999999998934,-0.04999999999999982,-0.020000000000000462,-0.3500000000000014,0.05999999999999872,0.040000000000000924,0.1999999999999993,-0.02999999999999936,-0.9099999999999966,-0.12000000000000455,-0.07000000000000028,0.010000000000001563,-0.049999999999998934,0.1999999999999993,-0.07000000000000028,-0.23000000000000043,-0.5400000000000063,-0.9100000000000108,-0.17999999999999972,-0.2900000000000009,-0.3100000000000023,-0.0600000000000005,-0.3100000000000023,0.629999999999999,-1.670000000000016,0.14000000000000057,-1.3000000000000007,-0.389999999999997,-0.020000000000000018,-26.61999999999989,-0.3200000000000003,0.2700000000000031,0.6400000000000006,0.490000000000002,-0.3200000000000003,-0.7599999999999909,0.010000000000000009,0.6000000000000014,-0.240000000000002,-0.41999999999999815,0.11000000000000121,-0.049999999999998934,0.10999999999999943,0.030000000000001137,0.17999999999999972,0.09999999999999964,0.370000000000001,-7.009999999999991,-0.03999999999999915,-0.120000000000001,0.019999999999999574,0.4200000000000017,-0.29999999999999716,0.03999999999999915,-0.1999999999999993,0.03000000000000025,-0.07000000000000028,0.08000000000000007,0.1800000000000015,0.9499999999999993,3.010000000000005,-0.05999999999999961,0.3100000000000023,-0.040000000000000924,0.020000000000000462,0.13000000000000078,-0.009999999999999787,1.1999999999999957,0.049999999999998934,0.019999999999999574,0.240000000000002,0.490000000000002,-0.020000000000000462,0.16999999999999993,0.25,-0.009999999999999787,-0.34999999999999787,0.1200000000000001,0.019999999999999574,0.08000000000000007,1.1499999999999986,0.10000000000000053,-0.020000000000000462,-0.009999999999999787,0.07000000000000028,-0.030000000000001137,-0.05000000000000071,0.0,0.25,-0.23000000000000043,-0.0,0.0,-0.07000000000000028,-0.16000000000000014,-0.21000000000000085,-0.370000000000001,-0.22000000000000064,0.03000000000000025,0.35999999999999943,0.23999999999999844,-0.07000000000000028,0.03000000000000025,0.04999999999999982,-0.03999999999999915,0.38000000000000256,0.02999999999999936,0.009999999999999787,-0.05999999999999961,-0.1200000000000001,-0.11999999999999922,2.1099999999999994,0.09999999999999964,0.08000000000000007,-0.0,0.050000000000000266,0.27999999999999936,0.33999999999999986,0.08999999999999986,0.0,-0.07000000000000028,-0.120000000000001,0.0,-0.02999999999999936,-1.1499999999999915,-0.02999999999999936,-0.33999999999999986,-0.0,0.040000000000000036,0.05999999999999872,0.1200000000000001,0.16000000000000014,-0.019999999999999574,0.05000000000000071,-0.21000000000000085,0.14000000000000057,-0.9099999999999966,-0.5600000000000023,-0.46999999999999886,-0.5700000000000003,-0.5700000000000003,-4.730000000000004,1.8599999999999994,-0.37999999999999545,0.3200000000000003,-1.3900000000000006,0.1999999999999993,0.370000000000001,-0.28000000000000114,0.8200000000000003,0.8000000000000007,-1.6299999999999955,-0.27999999999999936,-0.6000000000000085,0.9699999999999989,0.9200000000000017,-1.1599999999999966,3.0,0.4399999999999977,0.39000000000000057,-4.760000000000019,0.14000000000000057,-0.20000000000000284,-0.07000000000000028,-3.17999999999995,-3.299999999999997,0.16000000000000014,-0.5200000000000031,0.5700000000000003,-1.0500000000000007,-0.08999999999999986,-0.22000000000000597
2024-07-23,0.05000000000000071,-0.13000000000000078,0.7699999999999996,0.020000000000000018,0.11000000000000032,-0.15000000000000036,-0.03000000000000025,-0.1899999999999995,-1.25,-0.3100000000000005,0.9699999999999989,-0.09999999999999964,1.6099999999999994,6.860000000000014,14.139999999999986,0.04999999999999982,-0.5800000000000001,-0.759999999999998,3.6199999999999903,0.41999999999999993,0.10999999999999988,-1.5500000000000043,-0.5899999999999999,-0.15000000000000036,0.6700000000000017,0.5699999999999985,-0.09999999999999964,4.420000000000002,0.27999999999999936,-0.09999999999999964,0.8099999999999987,1.1500000000000021,0.5599999999999987,-1.2800000000000011,0.1999999999999993,-1.0700000000000003,-0.3299999999999983,-0.4299999999999997,-0.6600000000000001,0.6400000000000006,0.25,-2.259999999999998,0.38000000000000256,0.48999999999999844,0.2599999999999998,-0.17999999999999972,-1.0,-1.240000000000002,-0.17999999999999972,-1.0600000000000023,0.5899999999999999,-0.6600000000000001,-0.22000000000000064,0.41000000000000014,2.9099999999999966,1.2999999999999972,-0.6600000000000037,17.840000000000032,-0.2699999999999996,0.7900000000000027,0.16000000000000014,-1.0999999999999979,-1.1899999999999977,-1.2899999999999991,0.41999999999999993,0.5099999999999998,12.380000000000024,0.8599999999999994,0.46000000000000085,0.6900000000000013,0.629999999999999,-1.2999999999999972,-0.13000000000000078,1.2999999999999972,-1.4499999999999886,-1.2900000000000027,5.019999999999996,-4.590000000000003,-1.0900000000000034,0.009999999999999787,1.1599999999999966,0.4299999999999997,-3.539999999999992,-0.33999999999999986,1.6499999999999986,-1.9799999999999969,-0.41000000000000014,-3.020000000000003,-2.3200000000000074,-3.680000000000007,-1.1599999999999966,-1.4600000000000009,-0.8599999999999994,0.6700000000000017,-0.7200000000000024,0.5899999999999999,-1.7900000000000063,-2.219999999999999,-0.5100000000000016,1.7700000000000031,-2.450000000000003,-3.3200000000000216,-5.700000000000003,-0.15000000000000213,7.5499999999999545,-0.5999999999999943,-4.079999999999998,8.530000000000001,-1.25,1.7999999999999972,-0.6099999999999994,0.9100000000000001,-3.8299999999999983,0.009999999999999787,-0.5300000000000011,-0.020000000000000018,-0.23000000000000043,0.019999999999999574,-0.019999999999999574,-0.05999999999999961,0.1800000000000006,-0.20999999999999996,0.14000000000000057,0.009999999999999787,0.09000000000000075,-0.990000000000002,-0.2699999999999996,0.0,-0.2400000000000002,-0.13000000000000078,-0.009999999999999787,-0.08999999999999986,1.6300000000000026,-0.3699999999999992,-0.22000000000000064,-0.5500000000000007,-0.0699999999999994,2.3700000000000045,-1.279999999999994,0.3000000000000007,-0.5399999999999991,-0.4299999999999997,-0.5599999999999987,0.19999999999999973,-0.2400000000000002,1.3600000000000065,-1.9299999999999926,0.990000000000002,0.7099999999999991,0.8499999999999979,-0.2900000000000009,-0.41000000000000014,1.25,-4.439999999999998,-0.46000000000000085,-0.8900000000000006,-0.6900000000000013,0.08999999999999986,44.0,1.2699999999999996,-0.4400000000000013,2.0700000000000003,-0.3200000000000003,-0.2699999999999996,2.010000000000005,-0.020000000000000018,-1.3900000000000006,-0.28000000000000114,0.8000000000000007,-0.9100000000000001,0.15000000000000036,-1.4199999999999982,0.7699999999999996,-0.8000000000000043,0.0,-0.389999999999997,11.710000000000008,-0.14999999999999858,-0.7199999999999989,0.620000000000001,0.07000000000000028,0.6799999999999997,-0.4799999999999969,0.2900000000000027,-0.05999999999999961,-0.1200000000000001,-0.040000000000000036,-0.10000000000000142,-0.41000000000000014,0.769999999999996,-0.10999999999999943,1.0,-0.2900000000000009,-0.020000000000000462,-0.08000000000000007,-0.3600000000000012,-0.8000000000000043,-0.4499999999999993,-0.5399999999999991,-0.6699999999999946,-1.6700000000000017,-0.15000000000000036,0.16999999999999993,-0.370000000000001,0.2400000000000002,-0.16000000000000014,0.009999999999999787,0.41000000000000014,-0.2400000000000002,-0.379999999999999,-0.07000000000000028,-0.20000000000000018,-0.09999999999999964,-0.10000000000000053,0.21000000000000085,-0.019999999999999574,-0.13999999999999968,-0.4299999999999997,-0.25,-0.07000000000000028,-0.03000000000000025,-0.16999999999999993,0.41000000000000014,-0.4399999999999977,0.5299999999999976,0.0600000000000005,-0.06000000000000005,-0.610000000000003,-0.7899999999999991,-0.08000000000000007,-0.020000000000000462,-0.0600000000000005,-0.23000000000000043,1.490000000000002,-0.3699999999999992,-0.35999999999999943,0.0,-0.040000000000000036,-0.34999999999999964,-3.5900000000000034,-0.07000000000000028,-0.3699999999999992,0.020000000000000462,0.010000000000000231,-0.16000000000000014,-0.120000000000001,-0.870000000000001,0.020000000000000018,-0.0,-0.4400000000000013,-0.3000000000000007,-0.33999999999999986,-1.9500000000000028,-0.35999999999999943,1.0800000000000018,-0.2699999999999996,0.020000000000000018,0.030000000000001137,-0.15000000000000036,0.1800000000000015,-0.10999999999999943,-0.16000000000000014,-0.8300000000000018,-0.04999999999999982,-1.3299999999999983,3.219999999999999,-0.8699999999999974,-1.3900000000000006,1.2800000000000011,-6.010000000000005,2.6200000000000045,5.460000000000008,-1.8200000000000003,4.8799999999999955,-0.47000000000000064,1.0700000000000003,-0.5499999999999989,2.1400000000000006,-0.870000000000001,5.490000000000009,0.5700000000000012,-0.4099999999999966,-4.730000000000018,5.130000000000003,-4.77000000000001,-2.6599999999999966,-3.3599999999999994,-1.0,-7.0400000000000205,0.6099999999999994,-1.75,-0.20000000000000018,16.76000000000002,-3.019999999999996,-0.490000000000002,-1.6200000000000045,-1.5899999999999963,-0.5700000000000003,-0.41000000000000014,1.6999999999999957
2024-07-24,-0.049999999999998934,0.1999999999999993,-0.1700000000000017,0.050000000000000044,0.10999999999999988,0.02999999999999936,-0.03000000000000025,0.16999999999999993,2.3000000000000043,0.16999999999999993,-0.39000000000000057,-0.019999999999999574,0.060000000000002274,-1.460000000000008,-3.7900000000000205,-0.04999999999999982,0.5899999999999999,0.9400000000000048,-1.0400000000000063,0.009999999999999787,0.10000000000000009,-0.19000000000000483,-0.3000000000000007,-0.049999999999998934,0.35999999999999943,-0.08999999999999986,-0.13999999999999968,-0.7399999999999949,0.19000000000000128,-0.0600000000000005,-0.19000000000000128,-0.4800000000000004,-0.25,0.01999999999999602,0.09999999999999964,-0.12999999999999545,-0.16999999999999815,0.34999999999999964,0.0,-0.019999999999999574,-0.08999999999999986,-0.44999999999999574,1.0500000000000007,-0.010000000000001563,0.3100000000000005,-0.08000000000000185,-0.3999999999999986,-0.6199999999999974,-0.15000000000000036,-0.23999999999999488,-0.1999999999999993,0.33999999999999986,-0.05999999999999961,0.0600000000000005,0.23999999999999488,0.7199999999999989,-0.37999999999999545,-3.079999999999984,-0.16000000000000014,-0.259999999999998,-0.23999999999999844,-1.2600000000000016,-0.5800000000000018,-0.5499999999999972,0.33999999999999986,-0.28000000000000114,-3.2399999999999807,-0.26000000000000156,-0.2599999999999998,-0.21999999999999886,0.5400000000000009,-0.3200000000000003,-0.0,-0.6700000000000017,-1.460000000000008,0.5599999999999987,2.5900000000000034,2.9599999999999937,-0.5200000000000031,-0.25,1.009999999999998,-0.20999999999999908,-1.4699999999999989,0.20999999999999908,-0.3500000000000014,1.5700000000000003,-0.14000000000000057,-0.990000000000002,-0.8199999999999932,0.5799999999999841,-0.3400000000000034,-1.0700000000000003,0.4299999999999997,-0.33999999999999986,0.3099999999999987,-0.33999999999999986,-0.19999999999999574,-1.1700000000000017,0.33999999999999986,-0.35999999999999943,3.25,-0.12000000000000455,-0.39000000000000057,-0.39000000000000057,5.720000000000027,-0.7000000000000028,-1.2199999999999989,-1.210000000000008,-0.6499999999999986,-0.6799999999999997,1.0799999999999983,-0.2699999999999996,-1.0600000000000023,-0.03999999999999915,0.3499999999999943,0.0,-0.08000000000000007,0.009999999999999787,0.08000000000000007,-0.1200000000000001,0.03000000000000025,-0.20999999999999996,-0.2400000000000002,-0.23000000000000043,-0.05999999999999961,-0.3200000000000003,0.019999999999999574,-0.1600000000000037,-0.1299999999999999,0.27999999999999936,-0.04999999999999982,0.009999999999999787,-0.519999999999996,0.1899999999999995,-0.1999999999999993,-0.129999999999999,0.050000000000000266,-0.5599999999999952,-0.6400000000000006,-0.08000000000000007,0.23000000000000043,-0.08000000000000007,-0.21999999999999886,-0.03000000000000025,-0.16000000000000014,-0.00999999999999801,-0.4099999999999966,-0.019999999999999574,0.41999999999999993,-0.6000000000000014,-0.10999999999999943,-0.05999999999999872,-0.5199999999999996,-0.9499999999999886,0.48999999999999844,-0.10999999999999943,0.0,-0.020000000000000018,-14.980000000000018,0.629999999999999,-0.240000000000002,0.11999999999999744,0.25,-0.21000000000000085,2.009999999999991,0.04999999999999982,-0.10000000000000142,-0.5,0.4700000000000024,-0.3800000000000008,-0.20999999999999908,-0.7600000000000016,0.5800000000000018,0.0800000000000054,-0.09999999999999964,-0.259999999999998,-4.289999999999992,-0.08000000000000007,-0.5,0.120000000000001,-0.4700000000000024,0.370000000000001,-0.46000000000000085,0.36999999999999744,-0.08000000000000007,0.0,0.010000000000000675,-0.16999999999999993,-0.07000000000000028,1.0200000000000102,-0.010000000000000675,-0.3999999999999986,0.0,-0.040000000000000036,-0.03999999999999915,0.3699999999999992,-0.0,0.41000000000000014,-0.28000000000000114,-0.6999999999999957,-0.28999999999999915,-0.05999999999999961,0.040000000000000036,-0.23999999999999844,0.3200000000000003,-0.11000000000000298,0.03999999999999915,-0.120000000000001,-0.07000000000000028,-0.379999999999999,0.03000000000000025,0.009999999999999787,-0.16000000000000014,0.02999999999999936,-0.22999999999999687,-0.019999999999999574,0.08000000000000007,-0.10000000000000142,-0.16000000000000014,-0.019999999999999574,-0.11000000000000032,0.04999999999999982,-0.09999999999999964,0.3500000000000014,0.11999999999999744,0.08999999999999986,-0.06000000000000005,0.509999999999998,1.5,0.040000000000000036,-0.14999999999999947,0.03000000000000025,0.009999999999999787,2.710000000000001,-0.019999999999999574,-0.13000000000000078,-0.08000000000000007,-0.15000000000000036,-0.07000000000000028,0.3999999999999915,-0.08999999999999986,0.09999999999999964,0.019999999999999574,0.1499999999999999,0.05999999999999872,-0.05000000000000071,0.5399999999999991,0.010000000000000231,0.08000000000000007,-0.16999999999999815,-0.1999999999999993,-0.019999999999999574,1.5400000000000063,-0.16999999999999993,0.010000000000001563,-0.16999999999999993,-0.03000000000000025,-0.03999999999999915,0.009999999999999787,-0.47999999999999865,0.0,-0.09999999999999964,-0.379999999999999,0.03000000000000025,0.39000000000000057,-0.6700000000000017,-0.5500000000000043,-0.3999999999999986,-0.45000000000000284,-3.3299999999999983,-0.9199999999999946,0.18999999999999773,0.980000000000004,-1.6700000000000017,-0.23000000000000043,-0.3299999999999983,0.28000000000000114,-0.6099999999999994,1.2699999999999996,-2.5799999999999983,-0.1299999999999999,-1.7299999999999898,2.0,0.17999999999999972,-2.219999999999999,-1.0,0.14000000000000057,-0.46000000000000085,-6.509999999999991,-0.2599999999999998,0.13000000000000256,0.25,-12.789999999999992,-1.1400000000000006,-0.33999999999999986,-1.1000000000000014,-0.7000000000000028,0.05000000000000071,-0.4399999999999977,-0.4299999999999997
2024-07-25,0.040000000000000924,0.04999999999999982,-0.19000000000000128,0.010000000000000009,0.040000000000000036,0.17000000000000082,-0.009999999999999787,-0.2400000000000002,-0.6799999999999997,-0.16000000000000014,-0.0,0.03000000000000025,-0.4799999999999969,2.4199999999999875,-0.549999999999983,0.03000000000000025,0.5299999999999994,0.23000000000000398,0.8599999999999994,-0.009999999999999787,-0.020000000000000018,-0.240000000000002,-0.240000000000002,0.09999999999999964,-0.33999999999999986,-0.08999999999999986,-0.1200000000000001,-0.28000000000000114,0.10000000000000142,-0.08999999999999986,0.23000000000000043,-0.0799999999999983,-0.019999999999999574,0.9599999999999937,-0.08000000000000007,1.4799999999999969,0.129999999999999,0.16999999999999993,-0.10999999999999943,0.019999999999999574,0.08000000000000007,-0.19000000000000483,-0.29999999999999716,0.2699999999999996,-0.2900000000000009,-0.00999999999999801,-0.6099999999999994,0.14000000000000057,-0.3799999999999999,0.0799999999999983,0.08000000000000007,0.26000000000000156,-0.05999999999999961,-0.03999999999999915,-0.7999999999999972,0.12999999999999545,0.0,-3.490000000000009,0.1399999999999988,-0.019999999999999574,-0.5499999999999989,-0.629999999999999,-0.9600000000000009,0.7899999999999991,0.09999999999999964,-0.21000000000000085,0.39999999999997726,0.10999999999999943,0.15000000000000036,0.129999999999999,0.15000000000000036,-0.1600000000000037,-0.25,-0.8599999999999994,-1.4099999999999966,-0.05000000000000071,-1.8200000000000074,-1.3000000000000114,0.14999999999999858,0.0,0.6099999999999994,-0.17999999999999972,-3.819999999999993,0.129999999999999,-0.5199999999999996,-1.1799999999999997,-0.2599999999999998,-1.0,-0.0899999999999892,8.070000000000007,-0.620000000000001,0.030000000000001137,0.07000000000000028,0.21000000000000085,-0.26000000000000156,0.15000000000000036,0.14999999999999858,-0.0899999999999963,0.0,-0.4799999999999969,-0.14999999999999147,-1.4099999999999966,-2.2099999999999937,0.19000000000000128,-1.079999999999984,-1.2800000000000011,-1.0999999999999943,-3.640000000000015,-0.2799999999999976,-0.9799999999999969,0.10999999999999943,-0.33999999999999986,0.5400000000000063,0.030000000000001137,0.46000000000000085,0.010000000000000009,-0.02000000000000135,0.1200000000000001,0.10000000000000009,0.020000000000000462,0.04999999999999982,-0.13999999999999968,-0.16000000000000014,-0.009999999999999787,0.03000000000000025,0.14000000000000057,0.28000000000000114,0.3500000000000014,0.14999999999999947,-0.08000000000000007,-0.05999999999999961,-0.0699999999999994,0.8700000000000045,-0.21999999999999886,0.009999999999999787,0.03999999999999915,0.0,0.23999999999999488,2.3300000000000054,-0.3800000000000008,0.7199999999999989,0.29999999999999893,-0.3000000000000007,-0.05999999999999961,-0.02999999999999936,-0.060000000000002274,0.7900000000000063,0.0400000000000027,0.16000000000000014,-0.41999999999999815,0.0,0.05999999999999872,-0.4200000000000017,17.0,-0.17999999999999972,-0.21000000000000085,1.0299999999999994,0.020000000000000018,9.529999999999973,1.5599999999999987,-0.3500000000000014,1.7099999999999937,-0.05999999999999872,0.0600000000000005,-0.960000000000008,0.020000000000000018,0.10999999999999943,0.41000000000000014,-0.03999999999999915,-0.02999999999999936,0.16000000000000014,0.6899999999999977,0.2900000000000027,-0.29000000000000625,-0.08000000000000007,0.120000000000001,0.46999999999999886,-0.08999999999999986,-0.4700000000000024,-0.07000000000000028,0.870000000000001,-0.010000000000001563,-0.17999999999999972,0.21000000000000085,-0.16999999999999993,-0.020000000000000462,0.010000000000000675,-0.0,1.4699999999999989,1.0,0.05000000000000071,0.8399999999999999,0.049999999999998934,0.009999999999999787,0.0600000000000005,-0.33000000000000007,0.1600000000000037,0.17999999999999972,0.19000000000000128,0.509999999999998,0.18999999999999773,0.009999999999999787,-0.040000000000000036,1.1000000000000014,0.08000000000000007,0.11999999999999744,0.1200000000000001,-0.040000000000000924,0.07000000000000028,0.5100000000000016,0.11000000000000032,-0.09000000000000075,-0.09999999999999964,-0.04999999999999982,-0.00999999999999801,0.019999999999999574,0.09999999999999964,-0.19000000000000128,0.0,-0.04999999999999982,-0.09999999999999964,-0.0,-0.17999999999999972,0.21999999999999886,-0.029999999999997584,-0.2400000000000002,-0.040000000000000036,-0.17999999999999972,-0.240000000000002,0.040000000000000036,-0.040000000000000036,0.020000000000000462,-0.11000000000000121,-0.75,0.09999999999999964,0.17999999999999972,-0.11000000000000032,-0.1900000000000004,-0.17999999999999972,-0.9100000000000108,-0.009999999999999787,0.2599999999999998,-0.0600000000000005,0.03000000000000025,-0.11999999999999922,0.40000000000000036,-1.7300000000000004,-0.029999999999999805,0.4899999999999993,-0.4399999999999977,0.030000000000001137,0.07000000000000028,-1.5600000000000023,-0.15000000000000036,1.1000000000000014,0.0699999999999994,-0.009999999999999787,0.16999999999999993,-0.009999999999999787,0.02000000000000135,-0.02999999999999936,0.08999999999999986,-0.41999999999999815,0.14999999999999947,0.04999999999999716,1.6400000000000006,-0.6099999999999994,-1.0799999999999983,0.28000000000000114,0.6500000000000057,0.769999999999996,-1.1799999999999926,-0.3399999999999963,-0.1599999999999966,-0.120000000000001,-0.4499999999999993,-1.3399999999999999,0.14999999999999858,-0.2099999999999973,-1.8999999999999915,0.41000000000000014,-1.9699999999999989,-0.339999999999975,-0.779999999999994,-2.8100000000000023,-3.0600000000000023,-0.6400000000000006,0.020000000000003126,1.0900000000000034,0.1899999999999995,-0.39000000000000057,-0.3200000000000003,-5.449999999999989,0.0,-0.620000000000001,0.7100000000000009,-0.01999999999999602,0.5300000000000011,-0.9299999999999997,-0.14999999999999858
2024-07-26,0.0600000000000005,-0.13999999999999968,0.19000000000000128,0.020000000000000018,-0.10000000000000009,-0.05999999999999961,-0.05000000000000071,0.019999999999999574,-3.440000000000005,-1.290000000000001,-0.6799999999999997,0.019999999999999574,0.4199999999999946,1.7299999999999898,0.7699999999999818,-0.0699999999999994,0.05000000000000071,-2.4399999999999977,0.1700000000000017,0.120000000000001,0.07000000000000028,-0.6099999999999994,-1.2600000000000016,-0.15000000000000036,0.19000000000000128,0.17999999999999972,-0.41000000000000014,0.4200000000000017,0.02999999999999936,0.020000000000000462,0.030000000000001137,-0.0799999999999983,0.33000000000000185,0.259999999999998,-0.1399999999999988,-0.23000000000000398,0.04999999999999716,0.040000000000000924,0.010000000000001563,-0.08000000000000185,0.019999999999999574,-0.8400000000000034,-0.7999999999999972,-0.33999999999999986,0.02999999999999936,0.3200000000000003,-1.490000000000002,-0.33000000000000185,-0.4500000000000002,0.23999999999999488,0.1399999999999988,0.120000000000001,0.16999999999999993,0.07000000000000028,-0.01999999999999602,-0.00999999999999801,0.3100000000000023,-2.9499999999999886,-0.049999999999998934,-0.25,-0.07000000000000028,-0.7100000000000009,0.9400000000000013,0.8299999999999983,0.030000000000001137,-0.34999999999999964,-4.560000000000002,0.13000000000000256,0.05999999999999872,0.14999999999999858,-0.34999999999999964,0.259999999999998,0.08000000000000007,1.1700000000000017,-0.23999999999999488,-0.8100000000000023,0.4900000000000091,-1.8700000000000045,-0.5700000000000003,0.1299999999999999,-1.0499999999999972,0.0,0.5600000000000023,-0.25,-0.08999999999999986,0.6400000000000006,-0.009999999999999787,-0.29999999999999716,-0.7199999999999989,1.980000000000004,0.1999999999999993,-0.7899999999999991,-0.5700000000000003,0.21999999999999886,0.370000000000001,0.47999999999999865,0.0,-0.3299999999999983,0.120000000000001,0.11999999999999744,1.9499999999999886,-1.6200000000000045,-0.519999999999996,-0.14000000000000057,1.8500000000000227,-0.980000000000004,0.9399999999999977,2.1399999999999864,-0.08999999999999986,0.0799999999999983,-1.4499999999999957,-0.17999999999999972,-1.9099999999999966,-0.1899999999999995,-0.19000000000000483,0.020000000000000018,-0.019999999999999574,-0.08000000000000007,-0.03000000000000025,-0.09000000000000075,0.07000000000000028,0.03000000000000025,0.3200000000000003,-0.07000000000000028,-0.019999999999999574,0.240000000000002,-0.2900000000000009,-0.46000000000000085,0.04999999999999982,-0.10999999999999943,0.08000000000000007,0.08999999999999986,0.0800000000000054,0.15000000000000036,0.07000000000000028,-0.259999999999998,-0.010000000000000231,-0.980000000000004,0.5200000000000031,-0.2599999999999998,-0.16000000000000014,0.16999999999999993,-0.010000000000001563,-0.13999999999999968,-0.20000000000000107,0.39000000000000057,-0.8100000000000023,-0.16000000000000014,0.2400000000000002,0.4799999999999969,-0.370000000000001,-0.4299999999999997,-0.35999999999999943,2.8899999999999864,0.129999999999999,0.13000000000000256,0.28999999999999915,0.06000000000000005,8.299999999999955,0.05999999999999872,0.0,0.10999999999999943,0.120000000000001,0.040000000000000924,0.21000000000000796,0.010000000000000009,0.3400000000000034,-0.5,-2.1000000000000014,-0.19000000000000128,0.11000000000000121,0.09999999999999787,0.21999999999999886,-2.0500000000000043,0.04999999999999982,-0.18999999999999773,0.8799999999999955,-0.1999999999999993,-0.6700000000000017,-0.10999999999999943,-0.120000000000001,-0.03999999999999915,-1.0399999999999991,0.6799999999999997,-0.010000000000000675,-0.15999999999999925,0.10999999999999943,-0.0,-0.010000000000001563,4.980000000000004,-0.09999999999999964,0.20999999999999908,-0.2400000000000002,-0.040000000000000036,-0.16000000000000014,0.16000000000000014,-0.29999999999999716,-0.2900000000000009,-0.23999999999999844,-0.45000000000000284,0.3299999999999983,-0.019999999999999574,0.040000000000000036,0.3000000000000007,-0.2699999999999996,-0.22000000000000242,-0.07000000000000028,0.040000000000000924,-0.1399999999999988,0.020000000000003126,-0.1200000000000001,-0.07999999999999918,-0.1900000000000004,0.09999999999999964,1.4799999999999969,-0.040000000000000036,0.1200000000000001,-0.2699999999999996,0.07000000000000028,-0.05999999999999961,-0.20000000000000018,0.1299999999999999,0.08999999999999986,0.5100000000000016,-0.259999999999998,-0.27000000000000135,0.020000000000000018,-0.14000000000000057,-0.610000000000003,0.11000000000000032,-0.05999999999999961,-0.05000000000000071,0.11999999999999922,0.20999999999999375,-0.40000000000000036,-0.22000000000000064,0.27000000000000046,-0.040000000000000036,-0.2400000000000002,-0.6200000000000045,-0.019999999999999574,0.1399999999999988,0.019999999999999574,-0.06000000000000005,0.08999999999999986,-0.0600000000000005,-0.21999999999999886,0.010000000000000231,0.08000000000000007,0.3500000000000014,-0.5300000000000011,-0.16999999999999993,0.37000000000000455,-0.17999999999999972,0.41999999999999993,-0.20999999999999996,0.020000000000000018,-0.07000000000000028,-0.17999999999999972,0.21000000000000085,0.10000000000000053,0.05999999999999961,0.41000000000000014,-0.1200000000000001,0.6499999999999986,0.030000000000001137,0.28000000000000114,0.5700000000000003,0.0799999999999983,1.2900000000000063,0.6000000000000014,1.4500000000000028,-2.3100000000000023,0.9300000000000068,0.2599999999999998,-1.0999999999999979,-0.6699999999999999,0.0799999999999983,0.41000000000000014,0.009999999999990905,0.25,3.5,-4.039999999999992,0.02999999999999403,-3.890000000000015,0.14000000000000057,-0.4899999999999949,-0.13000000000000256,-0.37999999999999545,-0.40000000000000036,-0.6899999999999977,0.009999999999999787,-5.070000000000022,-4.109999999999999,-0.6600000000000001,0.5300000000000011,0.519999999999996,1.0399999999999991,-0.010000000000001563,1.0499999999999972
2024-07-29,0.08000000000000007,0.14999999999999947,-0.2699999999999996,-0.020000000000000018,-0.020000000000000018,-0.08000000000000007,0.040000000000000036,-0.1200000000000001,0.03999999999999915,0.27000000000000135,-0.03999999999999915,0.2999999999999998,1.0599999999999952,-3.6000000000000085,4.889999999999986,0.03000000000000025,-0.120000000000001,0.0,1.4000000000000057,0.009999999999999787,-0.010000000000000231,-0.21999999999999886,-0.03999999999999915,-0.0600000000000005,1.5400000000000027,0.3600000000000012,-0.009999999999999787,2.1000000000000085,0.10999999999999943,-0.08000000000000007,0.75,-0.28999999999999915,-0.36999999999999744,-0.14000000000000057,-0.09999999999999964,1.2099999999999937,0.0799999999999983,0.5,-0.010000000000001563,0.28999999999999915,0.03999999999999915,-1.1400000000000006,-0.509999999999998,-0.14000000000000057,-0.21999999999999886,0.2699999999999996,-0.990000000000002,0.5999999999999979,-0.3100000000000005,-0.04999999999999716,-0.129999999999999,-0.10999999999999943,-0.1200000000000001,-0.3100000000000005,-1.3499999999999943,0.6300000000000026,0.7100000000000009,2.730000000000018,-0.1899999999999995,-0.4400000000000013,-0.34999999999999964,-1.1499999999999986,-0.9499999999999993,-0.46000000000000085,-0.0600000000000005,0.0,-5.849999999999994,-0.08000000000000185,0.16999999999999993,-0.21000000000000085,-0.33999999999999986,0.8599999999999994,-0.02999999999999936,-0.5800000000000018,-0.3100000000000023,0.010000000000001563,-0.6899999999999977,0.4899999999999949,0.45000000000000284,0.0,-1.8299999999999983,-0.17999999999999972,-1.769999999999996,-0.11999999999999922,0.8999999999999986,2.490000000000002,-0.20999999999999908,-1.0600000000000023,-1.6999999999999886,-5.340000000000003,1.0700000000000003,0.4399999999999977,-0.0799999999999983,-0.120000000000001,-0.10999999999999943,-0.4399999999999995,-0.490000000000002,-0.35999999999999943,0.3299999999999983,0.6799999999999997,-2.3799999999999955,-4.819999999999993,2.049999999999997,0.0,10.75,1.009999999999998,1.9699999999999989,4.009999999999991,0.9800000000000004,-0.490000000000002,-0.22999999999999687,-0.22000000000000242,-0.9300000000000068,0.1999999999999993,1.1299999999999955,-0.0,-0.08000000000000007,-0.13999999999999968,0.08000000000000007,0.03000000000000025,0.1200000000000001,0.13999999999999968,0.05000000000000071,0.1200000000000001,0.04999999999999982,-0.38000000000000256,-0.3800000000000008,0.0800000000000054,-0.040000000000000036,0.33000000000000007,0.09999999999999964,-0.009999999999999787,-0.5500000000000043,0.1999999999999993,0.16999999999999993,-0.14999999999999858,0.010000000000000231,-0.769999999999996,-0.8200000000000003,-0.41000000000000014,-0.3500000000000014,0.20000000000000107,-0.21999999999999886,0.020000000000000018,0.28000000000000114,0.5799999999999983,-1.730000000000004,1.3900000000000006,-0.02000000000000135,0.030000000000001137,-0.10999999999999943,-0.019999999999999574,-0.5700000000000003,-3.4799999999999898,-0.23999999999999844,-0.2799999999999976,-0.39000000000000057,0.0,-24.170000000000073,0.33999999999999986,-0.16000000000000014,-0.3499999999999943,-0.16999999999999815,-0.11000000000000121,-1.1999999999999886,-0.010000000000000009,2.799999999999997,0.120000000000001,-0.41000000000000014,-0.33999999999999986,-0.05999999999999872,-0.5500000000000007,0.35999999999999943,-0.3999999999999986,0.1200000000000001,-0.09999999999999787,3.6999999999999886,-0.08000000000000007,-0.379999999999999,-0.21000000000000085,0.13000000000000256,0.33999999999999986,-0.6300000000000026,0.05000000000000071,0.040000000000000036,-0.04999999999999982,0.08999999999999986,-0.629999999999999,-0.6799999999999997,0.5999999999999943,-0.17999999999999972,-0.08000000000000007,-0.07000000000000028,0.05999999999999961,-0.1999999999999993,-0.3100000000000005,-0.46000000000000085,-0.27000000000000135,-0.2699999999999996,0.04000000000000625,-1.2800000000000011,0.04999999999999982,-0.0,-0.3000000000000007,-0.17999999999999972,0.23000000000000043,-0.1200000000000001,-0.10999999999999943,-0.14999999999999858,0.21000000000000085,0.14000000000000057,-0.019999999999999574,-0.08000000000000007,0.08000000000000007,0.22999999999999687,-0.1200000000000001,0.040000000000000036,0.21000000000000085,-0.03000000000000025,0.010000000000000675,0.08999999999999986,0.05000000000000071,0.019999999999999574,0.5800000000000018,0.3200000000000003,-0.28000000000000114,-0.06000000000000005,-0.6400000000000006,-0.370000000000001,0.08000000000000007,-0.1299999999999999,-0.14999999999999947,-0.16000000000000014,-0.480000000000004,-0.14000000000000057,-0.3800000000000008,0.03000000000000025,0.04999999999999982,-0.16000000000000014,-1.3100000000000023,-0.120000000000001,0.0600000000000005,-0.05999999999999961,-0.08000000000000007,0.16000000000000014,0.040000000000000924,-1.0300000000000011,-0.029999999999999805,-0.0600000000000005,0.5,-0.14000000000000057,-0.040000000000000924,2.230000000000004,0.14000000000000057,0.2599999999999998,-0.16000000000000014,-0.029999999999999805,-0.2400000000000002,0.13999999999999968,-0.10999999999999943,0.11000000000000032,-0.33000000000000007,-0.2799999999999976,-0.16999999999999993,-0.8900000000000006,0.28000000000000114,0.5399999999999991,-1.0,0.7800000000000011,-2.1200000000000045,2.5,0.2400000000000091,-1.3400000000000034,2.220000000000013,0.47000000000000064,-0.8499999999999979,-0.4299999999999997,1.3200000000000003,0.40000000000000213,1.8599999999999994,0.09000000000000075,-0.01999999999999602,-2.5999999999999943,-0.22999999999999687,-2.4399999999999977,-0.10999999999999943,-0.46000000000000796,-0.8000000000000043,-1.240000000000009,-0.28000000000000114,-0.740000000000002,-0.17999999999999972,-4.2099999999999795,-0.3299999999999983,-0.33999999999999986,-0.21999999999999886,-0.5899999999999963,0.09999999999999787,0.629999999999999,3.049999999999997
2024-07-30,-0.02999999999999936,-0.05999999999999961,-0.10000000000000142,-0.030000000000000027,0.06000000000000005,0.08999999999999986,0.019999999999999574,0.08000000000000007,1.8200000000000003,-0.5199999999999996,-0.019999999999999574,0.09999999999999964,1.3200000000000003,-0.9000000000000057,1.6999999999999886,0.0,0.5600000000000005,0.8399999999999963,-0.5500000000000114,-0.030000000000001137,-0.0,-0.5799999999999983,-0.0400000000000027,-0.019999999999999574,-0.29999999999999716,0.02999999999999936,-0.15000000000000036,0.8099999999999881,-0.1399999999999988,-0.03000000000000025,0.13999999999999702,0.17999999999999972,0.14000000000000057,0.7899999999999991,0.08999999999999986,-0.28000000000000114,0.28999999999999915,0.02000000000000135,0.21000000000000085,0.35999999999999943,0.10000000000000053,-0.6099999999999994,-0.41000000000000014,0.060000000000002274,0.02999999999999936,0.28999999999999915,0.20000000000000284,0.3200000000000003,0.10999999999999943,-0.14999999999999858,0.040000000000000924,0.28000000000000114,0.07000000000000028,0.07000000000000028,-0.03999999999999204,0.3200000000000003,0.4799999999999969,1.3600000000000136,-0.02999999999999936,0.4399999999999977,-0.019999999999999574,-0.17999999999999972,-0.08000000000000185,-0.9200000000000017,0.15000000000000036,-0.0600000000000005,5.189999999999998,0.3099999999999987,0.0600000000000005,-0.23000000000000043,0.3699999999999992,0.7999999999999972,-0.07000000000000028,-0.18999999999999773,-1.9000000000000057,-0.3500000000000014,-1.3299999999999983,-0.37999999999999545,-0.8400000000000034,0.1200000000000001,-0.6000000000000014,-0.08000000000000007,-0.45000000000000284,0.019999999999999574,0.25,0.9600000000000009,0.08000000000000007,0.5399999999999991,-0.6000000000000085,-1.9300000000000068,-0.0799999999999983,0.509999999999998,-0.1600000000000037,0.060000000000002274,-0.21000000000000085,0.030000000000001137,0.46000000000000085,-0.17999999999999972,0.35999999999999943,-0.5700000000000003,0.12999999999999545,0.3599999999999852,1.9500000000000028,-0.5800000000000018,9.060000000000002,1.3399999999999963,0.6299999999999955,-0.4900000000000091,0.060000000000002274,-0.05000000000000426,-0.4099999999999966,-0.14000000000000057,-1.4100000000000108,-0.1399999999999988,-0.10000000000000142,0.010000000000000009,0.1399999999999988,-0.040000000000000036,-0.06999999999999984,0.019999999999999574,-0.03000000000000025,-0.17999999999999972,-0.14000000000000057,0.23000000000000043,-0.03000000000000025,0.0400000000000027,0.0,-0.030000000000001137,0.16999999999999993,-0.2599999999999998,0.03000000000000025,-0.009999999999999787,0.6799999999999997,0.0,0.15000000000000036,-0.05999999999999872,0.0,0.020000000000003126,-0.05000000000000426,-0.03999999999999915,0.9499999999999993,0.1899999999999995,0.10000000000000142,-0.10000000000000009,0.07000000000000028,0.490000000000002,2.4200000000000017,0.05999999999999872,0.1999999999999993,0.3299999999999983,0.09999999999999964,-0.35999999999999943,-0.16000000000000014,-0.6100000000000136,0.0,-1.1099999999999994,-0.08000000000000007,-0.04999999999999982,18.029999999999973,-0.1999999999999993,0.05000000000000071,0.2700000000000031,0.10999999999999943,-0.040000000000000924,0.4000000000000057,-0.029999999999999805,0.9699999999999989,0.4400000000000013,1.0800000000000018,-0.09999999999999964,0.20000000000000107,-0.11000000000000298,-0.25,-0.060000000000002274,-0.11000000000000032,0.41999999999999815,-2.109999999999985,-0.0,0.1999999999999993,-0.00999999999999801,0.5100000000000016,0.33999999999999986,-0.28999999999999915,-0.08999999999999986,-0.040000000000000036,-0.020000000000000462,-0.05999999999999961,-0.1899999999999995,1.5399999999999991,1.0700000000000074,0.07000000000000028,0.7300000000000004,0.03999999999999915,-0.040000000000000036,0.05000000000000071,0.05000000000000071,-0.519999999999996,0.010000000000001563,0.030000000000001137,1.0400000000000063,0.07000000000000028,0.020000000000000462,-0.15999999999999925,0.9499999999999993,0.10999999999999943,0.029999999999997584,-0.08000000000000007,-0.05000000000000071,0.08999999999999986,0.620000000000001,-0.11000000000000032,-0.03000000000000025,-0.1200000000000001,0.0,0.00999999999999801,-0.08000000000000007,-0.0,-0.16999999999999815,-0.040000000000000036,-0.03999999999999915,0.040000000000000036,0.009999999999999787,0.22999999999999954,-0.10999999999999943,0.19000000000000128,-0.02999999999999936,-0.010000000000000231,-0.28999999999999915,0.8100000000000023,-0.040000000000000036,0.019999999999999574,-0.08000000000000007,0.040000000000000924,-1.4100000000000037,-1.5299999999999994,0.33999999999999986,0.11000000000000032,-0.04999999999999982,-0.09999999999999964,-0.11999999999999034,0.02999999999999936,0.4399999999999995,0.010000000000000675,0.0,0.23000000000000043,0.3600000000000012,-0.23000000000000043,0.010000000000000231,-0.0699999999999994,-0.10000000000000142,-0.08000000000000007,-0.02999999999999936,0.04999999999999716,0.41999999999999993,-0.1999999999999993,0.0,-0.009999999999999787,-0.16000000000000014,0.010000000000000675,0.2900000000000009,0.02999999999999936,-0.04999999999999982,0.03999999999999915,-0.03000000000000025,-0.0,1.0499999999999972,-1.6899999999999977,0.4200000000000017,0.05000000000000426,-0.75,-0.6400000000000006,-0.6999999999999886,-0.4399999999999977,-1.009999999999991,-0.009999999999999787,-0.19000000000000128,-0.1399999999999988,0.4299999999999997,-0.10999999999999943,0.4399999999999977,0.20000000000000018,-0.010000000000005116,1.2600000000000193,-0.46999999999999886,3.210000000000008,2.3000000000000114,-1.1500000000000057,0.29999999999999716,0.4399999999999977,-0.46000000000000085,-1.5400000000000063,0.1299999999999999,-2.1200000000000045,-1.1200000000000045,-0.0,0.240000000000002,-0.8099999999999952,0.120000000000001,0.07000000000000028,0.8999999999999986
2024-07-31,-0.1899999999999995,-0.33999999999999986,-0.6600000000000001,-0.09000000000000008,-0.1299999999999999,-0.15000000000000036,-0.16000000000000014,-0.1299999999999999,-2.6999999999999957,-0.45000000000000107,-0.4499999999999993,-0.21999999999999975,1.0899999999999963,-5.329999999999998,-9.379999999999995,-0.16000000000000014,-0.14000000000000057,-1.0300000000000011,-4.6299999999999955,-0.17999999999999972,-0.10000000000000009,-0.7199999999999989,-0.0,-0.41000000000000014,-0.5499999999999972,-0.27999999999999936,-0.3100000000000005,-3.569999999999993,-0.20000000000000107,-0.09999999999999964,-0.26000000000000156,-0.879999999999999,-1.3000000000000007,-1.0899999999999963,-0.1999999999999993,-0.9699999999999989,-0.1999999999999993,-0.5699999999999985,-1.0,-0.8499999999999979,-0.16999999999999993,-1.4600000000000009,-0.4400000000000013,-0.39000000000000057,-0.5700000000000003,-0.29999999999999716,-0.46999999999999886,1.0500000000000007,-0.02999999999999936,-0.9600000000000009,-0.6400000000000006,-0.28999999999999915,-0.16000000000000014,-0.5400000000000009,-2.25,1.3800000000000026,-1.279999999999994,-6.560000000000002,-0.4800000000000004,-0.3999999999999986,-0.5499999999999989,-1.4599999999999973,-1.1700000000000017,-0.769999999999996,-0.40000000000000036,-0.5300000000000011,3.140000000000015,-0.6099999999999994,-0.6400000000000006,-0.7199999999999989,-0.9599999999999991,-0.740000000000002,-0.34999999999999964,-1.5599999999999987,-4.939999999999998,-0.5999999999999979,-0.5799999999999983,-4.200000000000003,-1.5200000000000031,0.28000000000000025,-1.3200000000000003,-0.8499999999999996,-10.099999999999994,-0.7599999999999998,-2.599999999999998,-1.8399999999999963,-0.6799999999999997,-1.5900000000000034,-0.7800000000000011,-1.8400000000000034,-1.629999999999999,-2.710000000000001,-0.4200000000000017,-1.1999999999999993,-0.2700000000000031,-0.9700000000000006,-1.8900000000000006,-2.0600000000000023,-0.33000000000000185,-0.46999999999999886,-1.7000000000000028,-1.420000000000016,-3.6899999999999977,-0.8399999999999999,8.970000000000027,0.5799999999999983,-3.8200000000000074,-14.099999999999994,-1.4600000000000009,-2.9399999999999977,-0.8799999999999955,-1.0800000000000018,-3.3699999999999903,-0.009999999999999787,-0.7299999999999969,-0.020000000000000018,0.2600000000000007,-0.010000000000000675,-0.009999999999999787,0.11000000000000032,0.1299999999999999,-0.009999999999999787,0.13000000000000078,-0.020000000000000462,-0.09999999999999964,-0.879999999999999,-0.5399999999999991,-0.30999999999999517,-0.09999999999999964,-0.4900000000000002,0.08000000000000007,-0.17999999999999972,-1.7800000000000011,-0.3099999999999987,-0.23000000000000043,-0.33000000000000185,-0.050000000000000266,-1.6400000000000006,0.3200000000000003,-0.33999999999999986,-0.26000000000000156,-0.4900000000000002,-0.8099999999999987,-0.0900000000000003,-0.40000000000000036,-2.210000000000001,2.4399999999999977,0.7600000000000016,-0.5600000000000005,-0.759999999999998,-0.14000000000000057,0.030000000000001137,-1.1300000000000026,-5.72999999999999,-0.5599999999999987,0.18999999999999773,-0.3299999999999983,-0.040000000000000036,41.289999999999964,-0.8400000000000034,-1.0,-0.5700000000000003,0.029999999999997584,-0.34999999999999964,-2.1599999999999966,-0.06000000000000005,-0.4200000000000017,0.17999999999999972,-1.3900000000000006,-0.5099999999999998,-0.4800000000000004,-2.3199999999999967,-1.7100000000000009,-0.03999999999999915,0.1200000000000001,0.3299999999999983,-3.5700000000000216,-0.3000000000000007,-0.33999999999999986,-0.28999999999999915,0.26000000000000156,-0.6900000000000013,0.1700000000000017,0.25,0.02999999999999936,-0.2599999999999998,0.040000000000000036,-0.02999999999999936,0.75,2.549999999999997,-0.25,-0.41999999999999993,-0.27000000000000135,0.08000000000000007,-0.0,-0.6199999999999992,-1.019999999999996,-1.299999999999999,-0.8999999999999986,0.04999999999999716,-2.1999999999999957,-0.09999999999999964,0.0699999999999994,-0.9899999999999984,-0.41999999999999993,-0.05999999999999872,-0.0,-0.07000000000000028,-0.41000000000000014,-0.46000000000000085,-0.0,-0.33999999999999986,-0.28000000000000025,0.11000000000000032,-1.230000000000004,-0.07000000000000028,0.13999999999999968,-1.2799999999999976,-0.23000000000000043,-0.1900000000000004,-0.04999999999999982,0.14000000000000057,0.29000000000000004,-1.1099999999999994,0.10000000000000142,-0.1999999999999993,-0.03000000000000025,-1.2600000000000016,0.6300000000000026,0.08999999999999986,0.05999999999999961,0.04999999999999982,-0.4900000000000002,1.2299999999999969,-0.7100000000000009,-0.7900000000000009,0.14000000000000057,0.08999999999999986,-0.7400000000000002,-4.539999999999992,-0.03999999999999915,-0.3899999999999988,0.04999999999999982,0.009999999999999787,0.009999999999999787,0.19000000000000128,-1.3500000000000014,0.010000000000000231,-0.14999999999999947,-0.6500000000000021,-0.7899999999999991,-0.8500000000000014,-3.6700000000000017,-0.3699999999999992,-0.6699999999999982,-0.45999999999999996,-0.009999999999999787,-0.25,0.1299999999999999,0.5800000000000001,0.10999999999999943,-0.07000000000000028,-1.8399999999999999,-0.019999999999999574,-1.8999999999999986,-3.3400000000000034,1.8500000000000014,-0.7100000000000009,-1.5399999999999991,-5.38000000000001,-1.5400000000000063,-2.010000000000005,-2.739999999999995,-2.269999999999996,-0.6600000000000001,-1.1900000000000013,-0.6399999999999988,-2.289999999999999,-1.4800000000000004,-2.990000000000009,-0.3099999999999996,-0.6800000000000068,-1.9399999999999977,-1.1300000000000026,-9.649999999999977,-4.150000000000006,-4.5,-0.990000000000002,-16.919999999999987,-0.20999999999999908,0.5200000000000031,-0.27999999999999936,-19.659999999999997,-1.4500000000000028,-1.2300000000000004,-1.990000000000002,-1.3500000000000014,-1.4299999999999997,-0.8900000000000006,1.5
2024-08-01,0.0,-0.1899999999999995,-0.26000000000000156,-0.03000000000000025,-0.020000000000000018,-0.020000000000000462,0.04999999999999982,-0.08999999999999986,-0.17999999999999972,-0.3100000000000005,0.120000000000001,-0.13999999999999968,0.020000000000003126,-5.86999999999999,-8.780000000000001,0.009999999999999787,-0.379999999999999,0.5999999999999943,-2.3500000000000085,-0.08999999999999986,-0.029999999999999805,-0.35999999999999943,-0.21999999999999886,-0.040000000000000924,0.9100000000000001,0.40999999999999837,0.0,-2.8599999999999994,-0.08999999999999986,-0.040000000000000036,-0.21999999999999886,-0.2099999999999973,-0.490000000000002,-0.21000000000000085,-0.1399999999999988,0.519999999999996,-0.14000000000000057,-0.3299999999999983,-0.5800000000000018,-0.2799999999999976,-0.08999999999999986,-0.10999999999999943,-0.5500000000000007,-0.010000000000001563,-0.20000000000000107,-0.17999999999999972,0.46999999999999886,0.41000000000000014,-0.019999999999999574,-0.46000000000000085,-0.08000000000000007,-0.03999999999999915,0.0,-0.28000000000000114,-1.4299999999999926,1.8500000000000014,-0.39000000000000057,2.6299999999999955,-0.28000000000000114,-0.3000000000000007,-0.14999999999999858,-0.629999999999999,-0.610000000000003,-0.3999999999999986,-0.07000000000000028,-0.13000000000000078,2.8500000000000227,-0.28000000000000114,-0.040000000000000924,-0.5299999999999976,-0.2400000000000002,-0.28000000000000114,0.08000000000000007,-0.5399999999999991,-0.060000000000002274,0.3100000000000023,-6.289999999999992,-2.1599999999999966,-0.5500000000000043,0.07000000000000028,-0.6899999999999977,-0.17999999999999972,-1.8900000000000006,-0.16000000000000014,-0.6699999999999982,-1.0499999999999972,-0.1899999999999995,-0.75,-0.9299999999999926,0.4000000000000057,-0.379999999999999,-1.1099999999999994,-0.09000000000000341,-0.23000000000000043,-0.11999999999999744,-0.22000000000000242,-0.6400000000000006,-0.480000000000004,-0.16000000000000014,-0.3999999999999986,-1.2000000000000028,6.009999999999991,-0.769999999999996,-0.060000000000002274,-1.8800000000000239,0.35999999999999943,-0.6300000000000097,-2.6200000000000045,-0.4200000000000017,-0.9499999999999957,-0.6599999999999966,-0.490000000000002,-0.23999999999999488,-0.16999999999999993,-0.1700000000000017,-0.010000000000000009,-0.20999999999999996,0.02999999999999936,-0.009999999999999787,-0.16000000000000014,0.020000000000000462,0.009999999999999787,0.11000000000000121,0.0699999999999994,-0.009999999999999787,-0.22000000000000242,-0.3699999999999992,-0.01999999999999602,-0.040000000000000036,-0.35999999999999943,0.019999999999999574,-0.05999999999999961,-1.0499999999999972,-0.05999999999999872,0.05000000000000071,-0.05000000000000071,0.02999999999999936,-0.6600000000000037,0.25,0.129999999999999,0.019999999999999574,-0.16000000000000014,0.020000000000003126,0.009999999999999787,-0.3100000000000005,-0.259999999999998,3.3499999999999943,-0.22000000000000242,-0.11000000000000121,-0.08999999999999986,0.009999999999999787,-0.21999999999999886,-0.8200000000000003,-2.6500000000000057,-0.23999999999999844,-1.7100000000000009,0.20000000000000284,-0.020000000000000018,-35.11999999999989,-0.06999999999999673,-0.19000000000000128,0.5300000000000011,0.6000000000000014,-0.13000000000000078,-1.4899999999999949,-0.020000000000000018,1.8599999999999994,0.379999999999999,-0.48999999999999844,-0.27999999999999936,0.3100000000000005,0.3000000000000007,-0.5700000000000003,-0.35999999999999943,-0.019999999999999574,-1.3000000000000007,-6.100000000000023,-0.07000000000000028,1.2800000000000011,-0.16999999999999815,0.240000000000002,-0.5899999999999999,-0.07000000000000028,0.26000000000000156,-0.03000000000000025,-0.05999999999999961,-0.02999999999999936,-0.030000000000001137,0.5700000000000003,-0.10000000000000853,0.009999999999999787,-0.11999999999999922,0.02999999999999936,0.08999999999999986,-0.05000000000000071,-0.13000000000000078,-0.3200000000000003,-0.35999999999999943,-0.16999999999999815,-0.3400000000000034,-0.8999999999999986,-0.009999999999999787,0.0699999999999994,0.129999999999999,-0.3099999999999987,-0.10999999999999943,-0.040000000000000036,-0.07000000000000028,0.16999999999999993,-0.23000000000000043,-0.08999999999999986,-0.10000000000000053,-0.040000000000000924,0.040000000000000036,-0.05000000000000426,-0.040000000000000036,0.040000000000000036,-0.05999999999999872,0.0,-0.009999999999999787,-0.0600000000000005,0.03000000000000025,0.0600000000000005,-0.010000000000001563,-0.029999999999997584,-0.08999999999999986,-0.020000000000000018,0.02999999999999403,-0.22000000000000242,-0.020000000000000462,-0.040000000000000036,0.07000000000000028,-0.02000000000000135,-0.4200000000000017,-0.08999999999999986,-0.1800000000000015,0.010000000000000675,-0.4500000000000002,-0.019999999999999574,-3.1099999999999994,-0.20000000000000107,0.11999999999999922,0.1299999999999999,0.020000000000000018,-0.07000000000000028,0.05999999999999872,-0.8900000000000006,-0.040000000000000036,-0.05999999999999961,-0.14000000000000057,-0.14999999999999858,-0.29999999999999893,-1.4099999999999966,-0.06999999999999851,0.05000000000000071,-0.07999999999999918,-0.020000000000000018,0.10999999999999943,0.040000000000000036,0.07000000000000028,0.03000000000000025,-0.08000000000000007,0.21999999999999886,-0.05000000000000071,-0.18999999999999773,-1.8100000000000023,-0.240000000000002,-0.3500000000000014,-0.5300000000000011,-2.1999999999999886,-1.0900000000000034,-0.9000000000000057,0.4299999999999997,1.0699999999999932,-0.3100000000000005,-0.35999999999999943,-0.3699999999999992,-1.1400000000000006,-0.5799999999999983,0.7599999999999909,0.04999999999999982,2.299999999999997,0.21000000000000796,-0.3400000000000034,1.240000000000009,-3.239999999999995,0.1599999999999966,-0.740000000000002,-7.839999999999975,-0.25,-2.450000000000003,-0.14999999999999947,-6.060000000000002,-4.099999999999994,-0.5199999999999996,-0.6000000000000014,-0.38000000000000256,0.0799999999999983,-0.41000000000000014,0.00999999999999801
2024-08-02,-0.129999999999999,-0.09000000000000075,-0.5500000000000007,0.009999999999999787,0.04999999999999982,-0.1299999999999999,-0.05999999999999961,-0.04999999999999982,-0.5899999999999963,0.39000000000000057,-0.07000000000000028,-0.040000000000000036,0.0,-1.440000000000012,-1.1299999999999955,-0.08999999999999986,-0.4900000000000002,0.030000000000001137,0.14000000000000057,0.1399999999999988,-0.040000000000000036,-0.740000000000002,-0.3000000000000007,-0.21999999999999886,-0.5599999999999987,-0.11000000000000121,-0.16999999999999993,-0.29999999999999716,-0.129999999999999,-0.02999999999999936,-0.04999999999999716,0.8500000000000014,0.21000000000000085,1.0499999999999972,-0.08000000000000007,0.240000000000002,-0.120000000000001,-0.040000000000000924,0.14000000000000057,0.05999999999999872,-0.019999999999999574,-1.740000000000002,-0.4800000000000004,-0.2699999999999996,-0.16999999999999993,-0.14999999999999858,-0.3299999999999983,-0.41000000000000014,0.25,-0.39000000000000057,0.20999999999999908,-0.3200000000000003,-0.10999999999999943,-0.25,-0.12000000000000455,-0.28000000000000114,-0.25,-8.300000000000011,-0.1899999999999995,-0.39000000000000057,-0.17999999999999972,-0.28000000000000114,-0.11999999999999744,0.6400000000000006,0.05000000000000071,-0.21000000000000085,9.419999999999987,-0.23000000000000043,-0.4100000000000019,-0.14000000000000057,-0.16000000000000014,-0.7700000000000031,-0.08000000000000007,-0.39000000000000057,-0.07000000000000739,-0.4299999999999997,-5.959999999999994,-3.1700000000000017,-0.4099999999999966,-0.03000000000000025,-0.5800000000000054,-0.1899999999999995,-2.299999999999997,-0.20000000000000107,-0.129999999999999,-0.259999999999998,-0.049999999999998934,-1.6200000000000045,1.4000000000000057,10.920000000000002,0.6700000000000017,-2.4299999999999997,0.6799999999999962,-0.28999999999999915,-0.23000000000000043,-0.22999999999999687,-0.5999999999999943,1.25,-0.46999999999999886,0.22999999999999687,-2.239999999999995,-3.210000000000008,-0.23000000000000398,-0.08999999999999986,5.120000000000033,-0.519999999999996,-2.5,-1.329999999999984,-0.129999999999999,-0.28000000000000114,-0.2600000000000051,0.10999999999999943,0.6899999999999977,-0.09999999999999964,-0.0799999999999983,-0.010000000000000009,0.20000000000000018,-0.04999999999999982,-0.010000000000000231,-0.03000000000000025,-0.10000000000000053,-0.1200000000000001,0.049999999999998934,0.03000000000000025,0.009999999999999787,-0.36999999999999744,-0.129999999999999,-0.4299999999999997,0.0,-0.1700000000000017,-0.040000000000000036,-0.11000000000000032,0.04999999999999716,0.11000000000000121,-0.17999999999999972,0.03999999999999915,-0.040000000000000036,0.020000000000003126,-0.00999999999999801,-0.21999999999999886,-0.6999999999999993,-0.16000000000000014,-0.17999999999999972,-0.06000000000000005,-0.08999999999999986,-0.21999999999999886,-0.25,-0.360000000000003,0.34999999999999964,-0.5799999999999983,-0.16999999999999993,-0.129999999999999,-0.5600000000000023,1.5999999999999943,-0.03999999999999915,-0.010000000000001563,-0.030000000000001137,0.0,-0.7100000000000364,-0.8100000000000023,-0.3099999999999987,1.7000000000000028,-0.370000000000001,-0.1899999999999995,-0.5300000000000011,-0.010000000000000009,0.20000000000000284,-0.030000000000001137,-0.40000000000000213,-0.1899999999999995,0.02000000000000135,-1.129999999999999,-0.11999999999999744,-0.21999999999999886,0.019999999999999574,0.010000000000001563,-1.2299999999999898,0.3699999999999992,-0.08999999999999986,-0.40000000000000213,-0.05000000000000071,-0.05999999999999872,-0.4299999999999997,0.11999999999999744,-0.009999999999999787,-0.07000000000000028,-0.02999999999999936,-0.07000000000000028,-0.9499999999999993,-1.5700000000000074,-0.10999999999999943,-0.370000000000001,-0.16000000000000014,-0.07999999999999918,0.1399999999999988,-0.14999999999999858,-0.6499999999999986,-0.4299999999999997,-0.3200000000000003,-0.29999999999999716,0.3399999999999963,-0.009999999999999787,-0.14999999999999947,1.6400000000000006,-0.09000000000000163,-0.120000000000001,-0.0600000000000005,-0.08000000000000007,-0.3500000000000014,-0.21000000000000085,-0.040000000000000036,-0.10999999999999943,-0.1999999999999993,0.020000000000000462,0.6899999999999977,0.04999999999999982,0.019999999999999574,-0.6499999999999986,-0.11999999999999922,-0.07000000000000028,-0.04999999999999982,0.0,0.2699999999999996,-0.7199999999999989,0.05999999999999872,0.09999999999999964,-0.010000000000000231,-0.49999999999999645,-0.509999999999998,0.010000000000000675,-0.08999999999999986,-0.010000000000000675,-0.2699999999999996,1.5799999999999983,-0.4400000000000013,0.34999999999999964,0.02999999999999936,-0.0600000000000005,-0.22000000000000064,-1.6099999999999994,0.009999999999999787,0.41999999999999993,-0.040000000000000036,-0.020000000000000018,0.07000000000000028,-0.16999999999999993,-0.4700000000000024,-0.009999999999999787,0.05999999999999961,-0.1999999999999993,-0.23000000000000043,-0.2400000000000002,-0.6000000000000085,0.06999999999999851,0.6699999999999982,-0.1900000000000004,-0.029999999999999805,-0.02999999999999936,0.019999999999999574,-0.1399999999999988,0.009999999999999787,-0.08000000000000007,-0.7999999999999972,-0.020000000000000462,0.8200000000000003,-0.7000000000000028,-0.6099999999999994,-0.3999999999999986,0.03999999999999915,-3.719999999999999,-0.1599999999999966,0.06999999999999318,-0.7399999999999949,-2.8900000000000006,-0.11999999999999922,-0.3100000000000023,-0.34999999999999964,-0.8199999999999932,0.03999999999999915,-3.6799999999999926,0.2999999999999998,-2.3999999999999915,1.25,2.6599999999999966,-0.1599999999999966,-1.6800000000000068,-1.6899999999999977,0.20000000000000284,-2.6500000000000057,-0.10999999999999943,-0.8300000000000054,0.14000000000000057,12.900000000000006,1.1499999999999915,-0.3200000000000003,-0.46000000000000085,-0.75,-0.5299999999999976,-0.3100000000000023,0.6899999999999977
2024-08-05,0.08999999999999986,0.02999999999999936,0.7800000000000011,0.010000000000000231,0.14000000000000012,0.09999999999999964,0.03000000000000025,0.07000000000000028,1.3400000000000034,-0.23000000000000043,0.7099999999999973,0.020000000000000462,-0.0,-3.450000000000003,-2.759999999999991,0.03000000000000025,-0.46000000000000085,-0.46000000000000085,-0.5100000000000051,-0.15000000000000036,0.11000000000000032,1.0700000000000003,0.41999999999999815,0.08999999999999986,0.370000000000001,0.41999999999999993,0.33000000000000096,-2.299999999999997,-0.040000000000000924,0.0600000000000005,0.28999999999999915,1.2899999999999991,-0.19000000000000128,1.5900000000000034,0.0600000000000005,-0.30000000000000426,0.379999999999999,-0.16000000000000014,1.490000000000002,-0.23000000000000043,-0.1299999999999999,2.3999999999999986,0.21999999999999886,0.14999999999999858,0.10999999999999943,-0.10999999999999943,1.0900000000000034,1.0899999999999999,-0.08000000000000007,0.9699999999999989,0.5600000000000005,1.2199999999999989,0.14999999999999947,0.21999999999999886,0.04000000000000625,0.07000000000000028,-0.010000000000005116,14.129999999999995,0.0600000000000005,0.8499999999999979,0.20000000000000107,0.21999999999999886,0.4700000000000024,2.6799999999999997,0.14000000000000057,-0.2900000000000009,-3.5999999999999943,0.08999999999999986,-0.120000000000001,0.5899999999999999,0.3099999999999987,-0.5399999999999991,0.0600000000000005,0.33000000000000185,-0.27000000000001023,0.41000000000000014,6.950000000000003,1.3700000000000045,2.469999999999999,-0.0,0.5799999999999983,-0.09999999999999964,0.9000000000000057,0.049999999999998934,0.8100000000000023,0.39000000000000057,0.05999999999999872,2.4599999999999937,-0.6700000000000017,8.86,1.1199999999999974,-1.2199999999999989,1.0300000000000011,-0.07000000000000028,1.2399999999999984,0.3400000000000034,0.8700000000000045,2.269999999999996,-0.019999999999999574,1.009999999999998,4.280000000000001,0.09000000000000341,-2.1099999999999994,-0.21999999999999886,-0.25,1.7399999999999949,-1.9899999999999949,1.6200000000000045,0.3500000000000014,0.6700000000000017,1.4199999999999946,0.3299999999999983,0.5,0.08999999999999986,-0.39000000000000057,-0.010000000000000009,-0.16999999999999993,0.08000000000000007,0.03999999999999959,0.07000000000000028,0.20000000000000018,0.11999999999999922,0.15000000000000036,0.14999999999999947,-0.05999999999999961,-0.08999999999999986,0.23000000000000043,0.17999999999999972,0.08000000000000007,0.02999999999999936,-0.09999999999999964,0.07000000000000028,-0.4399999999999977,0.17999999999999972,0.030000000000001137,0.28999999999999915,-0.03000000000000025,0.3400000000000034,1.6700000000000017,-0.14000000000000057,-0.7699999999999996,0.2699999999999996,-0.14000000000000057,0.08999999999999986,-0.39000000000000057,-0.4799999999999969,-1.7000000000000028,-0.019999999999999574,-0.17999999999999972,0.5199999999999996,-0.20999999999999908,-0.04999999999999716,0.3299999999999983,-2.469999999999999,-0.41999999999999815,-0.870000000000001,0.7200000000000006,0.020000000000000018,-24.559999999999945,0.6400000000000006,0.19000000000000128,2.4299999999999997,0.0,0.1999999999999993,0.1700000000000017,0.010000000000000009,-0.6300000000000026,-0.3099999999999987,0.46999999999999886,-0.1399999999999988,0.14000000000000057,-1.25,-0.5,-0.6700000000000017,-0.10999999999999943,0.4400000000000013,-6.4199999999999875,-0.010000000000001563,-0.030000000000001137,0.3099999999999987,0.21999999999999886,0.120000000000001,0.7399999999999949,0.33999999999999986,0.0600000000000005,0.04999999999999982,0.14000000000000057,0.1999999999999993,1.5700000000000003,-1.1599999999999966,-0.0,0.11999999999999922,0.009999999999999787,0.05000000000000071,0.3099999999999987,0.13000000000000078,-1.480000000000004,-0.25,0.03999999999999915,0.6400000000000006,1.2100000000000009,-0.08999999999999986,0.23000000000000043,1.9099999999999966,0.05999999999999872,0.14000000000000057,0.040000000000000036,0.11999999999999922,0.08999999999999986,0.240000000000002,0.040000000000000036,0.10000000000000053,-0.2599999999999998,0.020000000000000462,-0.17999999999999972,0.0600000000000005,0.04999999999999982,0.07000000000000028,-0.3099999999999996,0.040000000000000036,0.08000000000000007,0.009999999999999787,-0.20999999999999996,-0.3000000000000007,0.4499999999999993,-0.1899999999999995,0.029999999999999805,-0.5899999999999999,-0.40000000000000213,0.03000000000000025,0.07000000000000028,0.040000000000000036,-0.10999999999999943,-1.019999999999996,-0.9600000000000009,-0.28999999999999915,0.08999999999999986,-0.2599999999999998,0.15000000000000036,-1.4899999999999949,-0.08999999999999986,-0.39000000000000057,0.04999999999999982,0.020000000000000018,0.2400000000000002,0.4399999999999995,0.1999999999999993,0.010000000000000231,0.3700000000000001,0.3100000000000023,-0.17999999999999972,-0.129999999999999,0.1699999999999875,0.16000000000000014,-0.33000000000000007,0.08000000000000007,0.03000000000000025,0.41999999999999993,-0.019999999999999574,0.11000000000000121,0.03000000000000025,0.15000000000000036,-0.3000000000000007,0.08999999999999986,2.3900000000000006,0.4099999999999966,-0.4199999999999946,0.7100000000000009,-0.25,-2.519999999999996,-0.02999999999999403,0.8799999999999955,1.0800000000000054,4.420000000000002,0.22000000000000064,0.36999999999999744,0.16000000000000014,-0.4899999999999949,-0.3000000000000007,5.400000000000006,-0.1899999999999995,-3.680000000000007,1.8000000000000114,3.3999999999999986,5.210000000000008,0.6400000000000006,4.159999999999997,1.0300000000000011,-2.6500000000000057,-0.4399999999999995,2.509999999999998,0.0699999999999994,15.409999999999997,1.019999999999996,-0.3200000000000003,-1.3099999999999952,0.8200000000000003,-0.7600000000000016,0.11999999999999744,1.1300000000000026
2024-08-06,0.120000000000001,0.09999999999999964,0.22000000000000242,0.040000000000000036,0.06000000000000005,0.03999999999999915,-0.020000000000000462,0.11000000000000032,1.7299999999999969,0.09000000000000163,0.03999999999999915,0.13000000000000078,0.46999999999999886,0.09000000000000341,-0.22999999999998977,0.020000000000000462,0.02999999999999936,-0.4299999999999997,1.3200000000000074,0.09999999999999964,0.010000000000000231,-1.1600000000000037,-0.6799999999999997,-0.05000000000000071,0.41000000000000014,0.030000000000001137,-0.019999999999999574,-0.09999999999999432,0.02999999999999936,0.020000000000000462,0.46999999999999886,0.129999999999999,0.5,0.4200000000000017,0.11999999999999922,-0.14000000000000057,0.0,0.25,0.3100000000000023,0.3200000000000003,-0.020000000000000462,1.0700000000000003,0.10999999999999943,0.1999999999999993,-0.33999999999999986,0.3099999999999987,-1.8000000000000043,-0.010000000000001563,0.05999999999999961,1.4799999999999969,0.129999999999999,0.0799999999999983,0.05999999999999961,0.1999999999999993,0.480000000000004,0.07000000000000028,0.0799999999999983,-1.1899999999999977,0.2400000000000002,0.1999999999999993,-0.7599999999999998,-0.879999999999999,0.7000000000000028,0.8800000000000026,0.20999999999999908,-0.8200000000000003,2.240000000000009,-0.0799999999999983,0.3500000000000014,0.10999999999999943,0.23000000000000043,-0.060000000000002274,-0.019999999999999574,0.4400000000000013,1.0400000000000063,0.6600000000000001,0.730000000000004,0.75,1.1400000000000006,0.0,0.4200000000000017,0.129999999999999,0.2400000000000091,0.019999999999999574,0.5800000000000018,-0.36999999999999744,0.40999999999999837,0.27999999999999403,-3.7099999999999937,4.359999999999999,0.9800000000000004,1.3999999999999986,0.6500000000000021,0.36999999999999744,0.3999999999999986,0.5400000000000027,0.240000000000002,0.779999999999994,-0.0799999999999983,0.3999999999999986,-1.0600000000000023,-2.0500000000000114,-4.349999999999994,0.3500000000000014,0.6899999999999977,-4.200000000000003,0.46999999999999886,3.5600000000000023,0.5199999999999996,0.9500000000000028,-3.3799999999999955,0.23999999999999844,-1.519999999999996,0.14000000000000057,0.00999999999999801,0.010000000000000009,-0.14999999999999947,-0.019999999999999574,-0.010000000000000231,-0.0699999999999994,-0.0699999999999994,0.009999999999999787,-0.03999999999999915,0.0,-0.04999999999999982,-0.010000000000001563,0.040000000000000924,-0.40000000000000213,0.03000000000000025,0.3200000000000003,0.07000000000000028,0.040000000000000036,0.6100000000000065,0.16999999999999993,0.2699999999999996,0.14000000000000057,-0.03000000000000025,0.4100000000000037,0.04000000000000625,0.009999999999999787,0.29999999999999716,0.0600000000000005,-0.14000000000000057,0.0,0.07000000000000028,0.259999999999998,0.0,0.3299999999999983,0.07000000000000028,0.030000000000001137,0.33999999999999986,0.18999999999999773,0.0799999999999983,0.3100000000000023,0.5599999999999987,-1.0999999999999979,-0.2699999999999996,0.040000000000000036,-5.309999999999945,-0.6400000000000006,0.0400000000000027,0.26000000000000156,-0.33000000000000185,0.11999999999999922,0.7999999999999972,-0.040000000000000036,0.14999999999999858,0.21999999999999886,-0.4499999999999993,-0.3800000000000008,0.15000000000000036,0.28000000000000114,0.5700000000000003,-0.6499999999999986,0.040000000000000036,-0.17999999999999972,1.5800000000000125,-0.03999999999999915,-0.1999999999999993,0.11999999999999922,0.07000000000000028,-0.010000000000001563,0.5799999999999983,0.4399999999999977,0.0,0.040000000000000036,-0.0699999999999994,-0.16000000000000014,0.08999999999999986,0.9400000000000119,0.0600000000000005,0.4299999999999997,-0.0600000000000005,0.02999999999999936,-0.08000000000000007,0.35999999999999943,-0.10999999999999943,0.129999999999999,0.0799999999999983,-0.3200000000000003,-0.6000000000000014,0.03000000000000025,0.14000000000000057,0.389999999999997,-0.3699999999999992,-0.16999999999999815,0.009999999999999787,0.019999999999999574,0.07000000000000028,0.48999999999999844,0.10999999999999943,-0.04999999999999982,0.08000000000000007,-0.05999999999999961,1.1000000000000014,0.0699999999999994,-0.07000000000000028,0.9299999999999997,0.15000000000000036,0.0,0.05000000000000071,-0.07000000000000028,0.019999999999999574,1.6700000000000017,0.14999999999999858,-0.3099999999999987,0.0,1.9600000000000009,-0.08999999999999986,-0.05999999999999961,-0.03000000000000025,-0.05999999999999961,0.030000000000001137,1.0699999999999932,0.18999999999999773,0.23000000000000043,-0.009999999999999787,-0.040000000000000036,0.07000000000000028,-2.489999999999995,-0.05000000000000071,0.19000000000000128,0.02999999999999936,0.03000000000000025,0.16999999999999993,0.07000000000000028,-1.2699999999999996,-0.009999999999999787,0.3100000000000005,0.2900000000000027,0.11999999999999922,-0.05000000000000071,1.6099999999999994,0.019999999999999574,-0.28000000000000114,-0.009999999999999787,0.029999999999999805,-0.09999999999999964,-0.08999999999999986,-0.09999999999999964,0.05999999999999961,0.08000000000000007,0.029999999999997584,0.11000000000000032,0.6099999999999994,-0.9599999999999937,0.9099999999999966,0.46000000000000085,0.39000000000000057,-0.6099999999999994,0.6700000000000017,-1.7999999999999972,0.1700000000000017,0.3400000000000034,0.3600000000000012,0.5999999999999979,-1.4600000000000009,0.7100000000000009,0.46999999999999886,0.5200000000000102,-0.04999999999999982,-6.6299999999999955,5.990000000000009,-0.030000000000001137,0.7400000000000091,-0.5,1.0600000000000023,0.7299999999999969,3.5200000000000102,0.10999999999999943,0.480000000000004,-0.16000000000000014,3.7700000000000102,-3.740000000000009,-1.0499999999999972,1.6099999999999994,0.29999999999999716,0.46000000000000085,-0.9599999999999973,-0.01999999999999602
2024-08-07,0.0,-0.08999999999999986,-0.010000000000001563,-0.029999999999999805,-0.040000000000000036,0.020000000000000462,0.03000000000000025,-0.0600000000000005,0.7800000000000011,-0.13000000000000078,-0.060000000000002274,-0.08999999999999986,0.14000000000000057,0.37000000000000455,-4.719999999999999,-0.020000000000000462,-0.2900000000000009,-0.21000000000000085,-0.6300000000000097,-0.21000000000000085,-0.020000000000000018,-1.6099999999999994,-0.010000000000001563,-0.019999999999999574,-0.3200000000000003,-0.09000000000000163,-0.03000000000000025,1.0999999999999943,-0.17999999999999972,-0.020000000000000462,0.08000000000000185,0.6099999999999994,-0.5300000000000011,1.1799999999999997,0.0,-1.1200000000000045,-0.5199999999999996,-0.0600000000000005,-0.6600000000000001,-0.25,-0.04999999999999982,-0.30000000000000426,0.09999999999999787,-0.08999999999999986,-0.11999999999999922,-0.19000000000000128,0.22999999999999687,0.129999999999999,0.08999999999999986,0.03999999999999915,0.28999999999999915,-0.07000000000000028,-0.040000000000000036,-0.13000000000000078,-0.37000000000000455,0.39000000000000057,0.14999999999999858,-2.5600000000000023,-0.11999999999999922,0.21000000000000085,-0.08999999999999986,-0.5799999999999983,-0.5,-0.3100000000000023,0.0,-0.13000000000000078,0.009999999999990905,-0.019999999999999574,-0.14000000000000057,0.3299999999999983,-0.16000000000000014,-1.3200000000000003,-0.10999999999999943,-0.26000000000000156,-0.4300000000000068,-0.15000000000000213,-2.3700000000000045,-1.0100000000000051,-0.6900000000000048,-0.16000000000000014,-1.1099999999999994,-0.1999999999999993,0.009999999999990905,-0.07000000000000028,-0.1700000000000017,0.46000000000000085,-0.1399999999999988,-1.5700000000000003,0.10999999999999943,-1.1600000000000108,0.029999999999997584,-1.4200000000000017,0.25,-0.029999999999997584,-0.2699999999999996,-0.2699999999999996,0.0,-0.269999999999996,-0.370000000000001,0.4799999999999969,-0.01999999999999602,-1.2800000000000011,0.7000000000000028,-0.5800000000000018,-1.8100000000000023,-1.3599999999999994,-0.4300000000000068,-1.490000000000009,-0.35999999999999943,-0.47000000000000597,0.4299999999999997,-0.019999999999999574,-0.6199999999999903,0.07000000000000028,-0.30999999999999517,-0.010000000000000009,0.020000000000000462,-0.0,-0.020000000000000018,0.009999999999999787,-0.03000000000000025,-0.1200000000000001,0.08000000000000007,-0.07999999999999918,-0.009999999999999787,-0.14000000000000057,-0.16000000000000014,-0.120000000000001,-0.08000000000000007,-0.10999999999999943,-0.019999999999999574,-0.04999999999999982,-0.3300000000000054,-0.120000000000001,-0.07000000000000028,-0.10999999999999943,-0.019999999999999574,0.5,0.00999999999999801,-0.02999999999999936,0.010000000000001563,-0.0,-0.060000000000002274,0.010000000000000231,-0.2599999999999998,-0.759999999999998,-1.1899999999999977,-0.370000000000001,-0.030000000000001137,-0.05000000000000071,-0.02000000000000135,0.28999999999999915,-0.010000000000001563,-2.259999999999991,0.240000000000002,-0.35999999999999943,0.10999999999999943,-0.009999999999999787,10.799999999999955,-0.09999999999999787,-0.18000000000000327,-0.4800000000000004,-0.26000000000000156,0.019999999999999574,-0.25,-0.020000000000000018,-2.1000000000000014,0.28999999999999915,0.019999999999999574,-0.22000000000000064,-0.0600000000000005,-0.28000000000000114,-0.6799999999999997,0.23000000000000398,-0.02999999999999936,-0.40000000000000213,-6.0,0.019999999999999574,-0.16000000000000014,-0.2599999999999998,0.28000000000000114,-0.1999999999999993,0.10000000000000142,0.28999999999999915,-0.009999999999999787,-0.08000000000000007,-0.08999999999999986,0.07000000000000028,-0.5299999999999976,-0.5499999999999972,0.03999999999999915,-0.33000000000000007,0.07000000000000028,-0.010000000000000675,0.049999999999998934,-0.21999999999999886,-0.020000000000003126,-0.049999999999998934,-0.09999999999999787,-0.730000000000004,-1.4499999999999957,0.0,0.1299999999999999,-0.41000000000000014,-0.08000000000000007,0.10999999999999943,0.10000000000000053,-0.040000000000000924,-0.07000000000000028,0.370000000000001,0.04999999999999982,-0.03000000000000025,-0.08999999999999986,-0.020000000000000462,-0.19999999999999574,-0.020000000000000462,0.009999999999999787,-0.3000000000000007,-0.10000000000000053,-0.040000000000000036,-0.040000000000000036,0.020000000000000462,0.040000000000000036,-0.379999999999999,0.10000000000000142,-0.10999999999999943,0.009999999999999787,-0.7300000000000004,0.0400000000000027,0.0,-0.019999999999999574,0.03000000000000025,-0.02999999999999936,-0.29999999999999716,-0.4800000000000004,0.10999999999999943,-0.04999999999999982,-0.05999999999999961,-0.049999999999998934,-3.5,0.019999999999999574,-0.27999999999999936,-0.010000000000000675,0.03000000000000025,0.009999999999999787,-0.09999999999999964,-0.03999999999999915,0.020000000000000018,0.1200000000000001,0.18999999999999773,-0.07000000000000028,-0.03999999999999915,-1.4100000000000108,-0.5300000000000011,0.13000000000000078,-0.020000000000000462,0.020000000000000018,0.15999999999999837,0.03000000000000025,-0.23000000000000043,0.009999999999999787,0.020000000000000462,-0.14999999999999858,0.010000000000000675,1.7000000000000028,-0.12999999999999545,-0.5,-0.37000000000000455,-0.259999999999998,-1.75,-0.5300000000000011,-0.4000000000000057,0.7199999999999989,-2.3800000000000097,0.2900000000000009,-0.4299999999999997,-0.389999999999997,-1.7800000000000011,-0.17999999999999972,-1.230000000000004,0.10999999999999943,-0.12999999999999545,0.75,-0.3100000000000023,-1.579999999999984,-0.5,3.230000000000004,-0.6199999999999974,-1.490000000000009,0.009999999999999787,-1.1599999999999966,-0.08000000000000007,3.960000000000008,1.2199999999999989,-0.029999999999997584,-0.10999999999999943,-0.18999999999999773,-0.3099999999999987,-0.08999999999999986,-0.05000000000000426
2024-08-08,0.009999999999999787,-0.1299999999999999,0.11999999999999744,-0.029999999999999805,-0.029999999999999805,-0.04999999999999982,-0.040000000000000036,-0.020000000000000462,0.259999999999998,0.040000000000000924,-0.010000000000001563,0.009999999999999787,-1.8699999999999974,-2.309999999999988,-7.780000000000001,-0.010000000000000675,0.40000000000000036,0.00999999999999801,0.3999999999999915,-0.08000000000000007,0.009999999999999787,-1.5200000000000031,0.8599999999999994,-0.0,-0.620000000000001,-0.0600000000000005,0.08000000000000007,-1.3499999999999943,0.10999999999999943,-0.07000000000000028,-0.5599999999999987,-0.120000000000001,0.14999999999999858,0.4299999999999997,-0.03999999999999915,0.490000000000002,-0.08999999999999986,-0.02999999999999936,-1.5,-0.120000000000001,-0.20000000000000018,0.37999999999999545,0.3299999999999983,0.10000000000000142,-0.05000000000000071,0.08999999999999986,-1.1599999999999966,-0.18999999999999773,-0.0,-0.3100000000000023,-0.05000000000000071,-0.25,-0.040000000000000036,-0.08000000000000007,-0.38000000000000966,0.6800000000000068,-0.5900000000000034,-1.9499999999999886,0.0600000000000005,-0.07000000000000028,-0.120000000000001,0.00999999999999801,-0.360000000000003,-0.44000000000000483,-0.13000000000000078,-0.34999999999999964,2.5,-0.14999999999999858,0.010000000000001563,0.030000000000001137,-0.03999999999999915,0.38000000000000256,-0.019999999999999574,-0.23999999999999844,1.6799999999999926,0.060000000000002274,-1.6599999999999966,-1.730000000000004,0.14000000000000057,-0.08999999999999986,-0.46999999999999886,-0.08000000000000007,-0.05000000000001137,0.009999999999999787,-0.9899999999999984,0.0799999999999983,0.0,0.9699999999999989,-0.6899999999999977,-2.819999999999993,-0.28999999999999915,-1.4399999999999977,-0.21000000000000085,-0.2699999999999996,-0.22000000000000242,-0.16000000000000014,-0.39000000000000057,0.8900000000000006,0.129999999999999,0.28000000000000114,-0.45999999999999375,1.2699999999999818,-0.7000000000000028,0.34999999999999787,0.8999999999999773,-1.6300000000000097,0.36999999999999034,-1.210000000000008,0.23999999999999844,0.05000000000000426,-1.3100000000000023,-0.5400000000000027,-0.7900000000000063,-0.07000000000000028,0.10999999999999943,-0.0,-0.11000000000000032,0.009999999999999787,0.020000000000000018,-0.019999999999999574,-0.040000000000000036,-0.04999999999999982,-0.07000000000000028,-0.019999999999999574,0.03000000000000025,-0.10000000000000142,-0.010000000000001563,-0.3500000000000014,-0.05999999999999961,-0.009999999999999787,0.019999999999999574,-0.020000000000000462,-0.35999999999999943,-0.08000000000000007,0.09999999999999964,0.1700000000000017,0.04999999999999982,-1.0600000000000023,0.7899999999999991,-0.009999999999999787,0.1700000000000017,0.25,0.019999999999999574,-0.04999999999999982,0.1899999999999995,0.4299999999999997,-3.010000000000005,-0.4200000000000017,-0.28000000000000114,-0.07000000000000028,-0.3099999999999987,-0.1700000000000017,-0.5399999999999991,-2.3100000000000023,-0.120000000000001,0.0400000000000027,-0.2400000000000002,-0.04999999999999982,-15.190000000000055,0.39000000000000057,0.22999999999999687,-0.5599999999999987,-0.6799999999999997,0.009999999999999787,-1.240000000000009,-0.040000000000000036,0.1700000000000017,-0.3200000000000003,-0.120000000000001,-0.16000000000000014,-0.030000000000001137,0.010000000000001563,0.240000000000002,2.230000000000004,-0.02999999999999936,-0.21999999999999886,-3.9000000000000057,-0.03999999999999915,-0.18999999999999773,-0.2599999999999998,-0.18000000000000327,-0.28000000000000114,1.1400000000000006,0.030000000000001137,-0.019999999999999574,-0.02999999999999936,-0.07000000000000028,-0.07000000000000028,0.060000000000002274,0.0,-0.03999999999999915,0.5399999999999991,-0.009999999999999787,0.040000000000000036,0.1899999999999995,-0.08000000000000007,-0.03999999999999915,-0.0,-0.11999999999999744,0.00999999999999801,0.20000000000000284,-0.07000000000000028,0.05000000000000071,-0.08000000000000185,-0.2699999999999996,0.120000000000001,0.009999999999999787,-0.009999999999999787,-0.030000000000001137,-0.41000000000000014,-0.009999999999999787,-0.020000000000000462,0.08000000000000007,0.020000000000000462,0.11999999999999744,-0.020000000000000462,-0.019999999999999574,0.10000000000000142,0.040000000000000036,-0.0,-0.04999999999999982,0.04999999999999982,-0.03000000000000025,-0.010000000000001563,-0.08999999999999986,0.08000000000000007,0.010000000000000231,-0.07000000000000028,0.15000000000000213,-0.020000000000000462,0.040000000000000036,-0.03000000000000025,-0.10999999999999943,-0.030000000000001137,-1.2399999999999984,-0.21000000000000085,-0.020000000000000462,0.07000000000000028,0.02000000000000135,0.09999999999999432,-0.02999999999999936,-0.08999999999999986,0.02999999999999936,0.0,-0.08000000000000007,-0.03999999999999915,-0.46999999999999886,-0.010000000000000231,-0.28000000000000025,-0.18999999999999773,-0.05000000000000071,-0.02999999999999936,-0.6099999999999994,-0.07000000000000028,0.2699999999999996,-0.010000000000000675,-0.010000000000000231,0.4499999999999993,0.0,-0.16000000000000014,0.0,-0.10000000000000053,0.030000000000001137,0.0,-0.25,-0.6700000000000017,0.3999999999999986,-0.37000000000000455,-0.6999999999999957,0.060000000000002274,-2.1199999999999974,-0.789999999999992,-0.46999999999999886,0.5,-0.07000000000000028,-0.129999999999999,-0.13999999999999702,-2.729999999999997,0.2699999999999996,-0.6199999999999903,0.13999999999999968,-2.1700000000000017,-2.069999999999993,-0.38000000000000256,-2.609999999999985,0.009999999999990905,0.7399999999999949,-0.8799999999999955,-2.0500000000000114,0.02999999999999936,-1.8699999999999974,-0.009999999999999787,0.03999999999999204,-1.1800000000000068,0.029999999999997584,0.6599999999999966,-0.0799999999999983,-0.0,0.10999999999999943,-0.259999999999998
2024-08-09,-0.09999999999999964,-0.2599999999999998,-0.11000000000000298,-0.040000000000000036,0.04999999999999982,0.020000000000000462,-0.009999999999999787,0.1200000000000001,-0.46000000000000085,-0.129999999999999,-0.05000000000000071,-0.0600000000000005,0.010000000000005116,-0.4199999999999875,-2.420000000000016,-0.040000000000000036,-0.019999999999999574,-0.17999999999999972,1.6800000000000068,-0.040000000000000924,-0.010000000000000231,-1.0399999999999991,-0.030000000000001137,-0.07000000000000028,0.19000000000000128,-0.21999999999999886,-0.04999999999999982,-0.2699999999999818,-0.08999999999999986,-0.03000000000000025,-0.2799999999999976,-0.25,-0.4599999999999973,-0.11999999999999744,-0.009999999999999787,0.0899999999999963,-0.029999999999997584,0.15000000000000036,-1.7000000000000028,0.41000000000000014,-0.16999999999999993,-0.37000000000000455,-0.14000000000000057,-0.28000000000000114,-0.1999999999999993,-0.16000000000000014,-0.6300000000000026,-0.33999999999999986,-0.07999999999999918,-0.25,-0.21999999999999886,-0.3500000000000014,0.1299999999999999,-0.25,-0.28000000000000114,-0.9200000000000017,-0.3300000000000054,-0.12999999999999545,-0.129999999999999,-0.39000000000000057,-0.3500000000000014,0.41000000000000014,0.509999999999998,-0.8099999999999952,-0.08999999999999986,-0.2400000000000002,-5.170000000000016,0.379999999999999,-0.3099999999999987,0.3099999999999987,-0.3699999999999992,-0.45000000000000284,-0.009999999999999787,0.6799999999999997,2.25,-0.610000000000003,-1.7900000000000063,-1.5799999999999983,-0.7100000000000009,-0.04999999999999982,-0.6300000000000026,-0.15000000000000036,-0.8800000000000097,-0.20999999999999908,0.629999999999999,0.8000000000000043,0.3600000000000012,0.3400000000000034,-0.5,-2.030000000000001,0.6000000000000014,-0.8699999999999974,-0.3500000000000014,-0.379999999999999,0.17999999999999972,-0.2500000000000018,0.4299999999999997,-0.4399999999999977,-0.16999999999999815,-0.5300000000000011,-1.5300000000000011,2.4000000000000057,-0.3499999999999943,-0.4400000000000013,4.220000000000027,-1.6199999999999974,-0.3299999999999983,-2.289999999999992,-0.2900000000000027,1.0600000000000023,-1.5600000000000023,-0.2900000000000027,2.069999999999993,-0.14999999999999858,-0.3100000000000023,-0.010000000000000009,0.040000000000000036,-0.009999999999999787,0.0,-0.040000000000000036,-0.03000000000000025,-0.03000000000000025,0.03999999999999915,-0.05999999999999961,-0.07000000000000028,-0.17999999999999972,-0.120000000000001,-0.3999999999999986,0.0,-0.07000000000000028,0.07000000000000028,-0.03000000000000025,-0.5700000000000003,-0.09999999999999964,0.22000000000000064,-0.10999999999999943,0.10000000000000009,-0.29000000000000625,-0.7600000000000051,0.21000000000000085,-0.41000000000000014,0.0600000000000005,-0.23999999999999844,0.010000000000000231,-0.15000000000000036,-0.1599999999999966,-0.8900000000000006,-0.46000000000000085,-0.3100000000000005,-0.14000000000000057,-0.040000000000000924,-0.11999999999999744,-0.28999999999999915,-2.0700000000000216,-0.2799999999999976,0.0,-0.08999999999999986,-0.009999999999999787,-6.1099999999999,-0.4499999999999993,-0.2900000000000027,-0.7200000000000024,-0.3299999999999983,0.25,-0.5800000000000125,-0.030000000000000027,0.3200000000000003,0.120000000000001,-0.0400000000000027,-0.1899999999999995,-0.030000000000001137,0.4399999999999977,-0.5100000000000016,-0.0799999999999983,-0.009999999999999787,-0.04999999999999716,-1.4000000000000057,-0.08000000000000007,0.05000000000000071,-0.02999999999999936,-0.6199999999999974,-0.1999999999999993,-0.010000000000005116,0.240000000000002,0.009999999999999787,-0.0699999999999994,0.009999999999999787,0.040000000000000924,-0.7199999999999989,1.9399999999999977,-0.0799999999999983,-0.6999999999999993,-0.09999999999999964,0.0699999999999994,0.16000000000000014,0.33999999999999986,2.0700000000000003,-0.25,-0.17999999999999972,0.1599999999999966,-0.9500000000000028,-0.11000000000000032,0.020000000000000462,-0.3099999999999987,-0.46000000000000085,0.07000000000000028,0.0,-0.07000000000000028,-0.07000000000000028,-0.00999999999999801,-0.02999999999999936,-0.07000000000000028,-0.05000000000000071,-0.040000000000000036,0.21000000000000085,0.16999999999999993,-0.03000000000000025,-0.879999999999999,-0.08999999999999986,-0.04999999999999982,0.0,0.04999999999999982,-0.08000000000000007,-0.2699999999999996,-0.3200000000000003,0.1899999999999995,-0.009999999999999787,-0.1999999999999993,-0.00999999999999801,-0.020000000000000462,-0.05999999999999961,0.03000000000000025,-0.05999999999999872,-0.22999999999999687,-0.35999999999999943,-0.11000000000000121,0.10999999999999943,0.0,-0.10999999999999943,3.6199999999999903,-0.040000000000000924,0.16999999999999993,-0.010000000000000675,-0.010000000000000231,-0.040000000000000924,-0.1899999999999995,-0.3299999999999983,0.0,-0.020000000000000462,-0.18000000000000327,-0.14000000000000057,-0.02999999999999936,1.1899999999999977,-0.21999999999999886,-0.129999999999999,0.09000000000000075,-0.010000000000000231,-0.10999999999999943,-0.05999999999999961,-0.030000000000001137,-0.009999999999999787,-0.04999999999999982,-0.16999999999999815,0.019999999999999574,-0.1699999999999946,-0.14000000000000057,1.0,-0.8100000000000023,-0.23999999999999488,1.269999999999996,-0.759999999999998,0.5200000000000102,-0.23000000000000398,0.12000000000000455,0.27999999999999936,0.16000000000000014,-0.4400000000000013,1.3000000000000043,0.7300000000000004,0.5500000000000114,-0.10999999999999943,-1.1700000000000017,-0.6700000000000159,-0.240000000000002,-1.8899999999999864,-0.45000000000000284,-0.36999999999999034,-0.5999999999999943,-3.25,0.39000000000000057,0.030000000000001137,0.1200000000000001,-17.420000000000016,2.969999999999999,-0.4799999999999969,1.2800000000000011,0.6499999999999986,-0.38000000000000256,-0.120000000000001,-1.0100000000000051
2024-08-12,-0.02999999999999936,-0.2999999999999998,-0.259999999999998,-0.08000000000000007,-0.040000000000000036,0.0,0.0,-0.040000000000000036,-0.8800000000000026,-0.019999999999999574,-0.33999999999999986,-0.009999999999999787,-0.8299999999999983,-0.09000000000000341,-3.4099999999999966,-0.0600000000000005,-0.16000000000000014,0.030000000000001137,0.7199999999999989,-0.02999999999999936,-0.029999999999999805,-0.4099999999999966,0.00999999999999801,-0.07000000000000028,-0.3100000000000023,0.02999999999999936,-0.07000000000000028,-0.37000000000001876,-0.08000000000000007,0.10999999999999943,-0.2699999999999996,-0.21999999999999886,-0.060000000000002274,-0.4200000000000017,0.019999999999999574,-1.990000000000002,0.08000000000000185,-0.3000000000000007,-0.33999999999999986,-0.2699999999999996,0.08999999999999986,-0.13999999999999346,0.46999999999999886,0.2799999999999976,-0.040000000000000924,0.33999999999999986,-0.10000000000000142,0.14000000000000057,-0.019999999999999574,1.1899999999999977,-0.05000000000000071,-0.03999999999999915,-0.08999999999999986,-0.3699999999999992,-0.5300000000000011,-0.4299999999999997,-0.38999999999999346,-2.840000000000032,-0.14999999999999858,-0.07000000000000028,0.010000000000001563,-0.2799999999999976,-0.28999999999999915,0.10000000000000142,-0.040000000000000924,-0.09999999999999964,-1.2199999999999989,0.10000000000000142,-1.5999999999999979,0.0,-0.19000000000000128,-1.0900000000000034,0.009999999999999787,0.5199999999999996,-1.4500000000000028,-0.4399999999999977,-2.25,1.8799999999999955,0.14999999999999858,0.04999999999999982,-0.3200000000000003,-0.0600000000000005,-0.769999999999996,0.08999999999999986,-0.9499999999999993,0.9299999999999997,-0.46000000000000085,2.259999999999998,1.0999999999999943,0.8199999999999932,-0.05999999999999872,-0.3500000000000014,0.019999999999999574,0.07000000000000028,0.08999999999999986,-0.15000000000000036,-0.1600000000000037,1.5100000000000051,-0.0,-0.4799999999999969,-0.3399999999999892,1.0,1.3400000000000034,-0.14000000000000057,2.2200000000000273,-0.509999999999998,1.8500000000000085,-1.6500000000000057,0.5199999999999996,-0.10000000000000142,1.0300000000000011,0.11999999999999744,-1.9300000000000068,0.05000000000000071,-0.10000000000000142,0.010000000000000009,-0.02999999999999936,0.04999999999999982,0.040000000000000036,0.0,0.08000000000000007,-0.08000000000000007,0.010000000000001563,-0.010000000000000675,0.1200000000000001,-0.019999999999999574,-0.07000000000000028,-0.21000000000000085,-0.05000000000000071,-0.2900000000000009,-0.05999999999999961,0.0,-0.13000000000000256,0.02999999999999936,-0.11999999999999922,-0.10999999999999943,-0.08000000000000007,-0.6299999999999955,-0.04999999999999716,0.0,-0.21999999999999886,-0.379999999999999,-0.41000000000000014,-0.009999999999999787,-0.11999999999999922,-1.2100000000000009,-0.6899999999999977,-0.7199999999999989,0.14000000000000057,0.019999999999999574,0.1399999999999988,0.0,0.240000000000002,1.259999999999991,0.0,-0.6600000000000001,0.09999999999999964,-0.040000000000000036,-0.7000000000000455,-0.10000000000000142,-0.23999999999999844,0.029999999999997584,-0.33999999999999986,0.1899999999999995,-1.0,-0.07000000000000006,-0.23000000000000398,0.10999999999999943,-0.36999999999999744,0.0,0.22999999999999865,-0.26000000000000156,-0.19000000000000128,-0.17999999999999972,0.03999999999999915,-0.5,-2.210000000000008,-0.019999999999999574,-0.08999999999999986,-0.3899999999999988,-0.010000000000001563,0.16000000000000014,0.04999999999999716,-0.35999999999999943,0.009999999999999787,0.0,0.009999999999999787,-0.030000000000001137,-0.10999999999999943,-1.8599999999999994,-0.019999999999999574,-0.08999999999999986,0.0,0.0,-0.0600000000000005,0.11999999999999922,1.5499999999999972,-0.040000000000000924,0.0,-0.25,0.7100000000000009,0.16999999999999993,-0.0600000000000005,-0.14999999999999858,-0.5899999999999999,-0.08999999999999986,-0.03000000000000025,-0.08999999999999986,-0.07000000000000028,0.4800000000000004,-0.04999999999999982,-0.040000000000000036,-0.04999999999999982,-0.02999999999999936,0.00999999999999801,-0.010000000000000675,0.04999999999999982,-0.1700000000000017,0.1200000000000001,-0.009999999999999787,0.08000000000000007,-0.07000000000000028,0.08999999999999986,0.060000000000002274,-0.370000000000001,-0.02999999999999936,0.0,-0.129999999999999,-0.07000000000000028,-0.010000000000000675,-0.009999999999999787,0.02999999999999936,-0.02000000000000135,0.3500000000000014,-0.3500000000000014,-0.22999999999999865,-0.08999999999999986,0.03000000000000025,0.0600000000000005,2.3500000000000085,-0.08000000000000007,-0.02999999999999936,0.019999999999999574,0.029999999999999805,-0.07000000000000028,-0.02999999999999936,0.1999999999999993,0.009999999999999787,0.14000000000000057,-0.03999999999999915,-0.05999999999999872,-0.17999999999999972,-0.8799999999999955,-0.46000000000000085,0.019999999999999574,-0.11999999999999922,-0.010000000000000231,0.05999999999999872,-0.08000000000000007,-0.08999999999999986,-0.03000000000000025,0.04999999999999982,0.8500000000000014,0.019999999999999574,-0.05000000000000426,-0.4899999999999949,-0.11999999999999744,0.030000000000001137,-0.010000000000005116,-0.5500000000000114,-0.3999999999999986,0.4900000000000091,-0.5400000000000063,0.1599999999999966,0.08000000000000007,-0.05999999999999872,-0.33999999999999986,-0.20000000000000284,0.10999999999999943,0.06999999999999318,0.0600000000000005,2.049999999999997,1.8499999999999943,0.7999999999999972,-0.6700000000000159,-3.3299999999999983,-1.6899999999999977,-0.15000000000000568,-1.759999999999991,-0.16999999999999993,-1.0799999999999983,0.009999999999999787,-5.909999999999997,0.30000000000001137,-0.3500000000000014,0.4100000000000037,1.2999999999999972,-0.25,-0.10000000000000142,0.28999999999999915
2024-08-13,0.0600000000000005,-0.04999999999999982,0.28999999999999915,0.0,0.050000000000000266,0.02999999999999936,-0.04999999999999982,-0.009999999999999787,-0.020000000000003126,-0.3099999999999987,0.3000000000000007,-0.02999999999999936,0.12999999999999545,1.960000000000008,-3.1399999999999864,-0.020000000000000462,0.02999999999999936,0.10000000000000142,1.3400000000000034,0.19000000000000128,-0.029999999999999805,-0.7899999999999991,0.23999999999999844,0.0600000000000005,0.08999999999999986,-0.08999999999999986,0.07000000000000028,2.1099999999999994,-0.0600000000000005,0.019999999999999574,-0.1700000000000017,-0.4299999999999997,-0.019999999999999574,0.259999999999998,0.10000000000000053,-0.5399999999999991,0.010000000000001563,0.040000000000000924,-0.35999999999999943,-0.20999999999999908,0.040000000000000036,-0.4299999999999997,-0.10000000000000142,0.16000000000000014,-0.05000000000000071,0.05999999999999872,-0.5399999999999991,0.1999999999999993,0.05999999999999961,0.21000000000000085,0.019999999999999574,-0.18999999999999773,-0.009999999999999787,0.23000000000000043,0.7199999999999989,0.3400000000000034,0.4200000000000017,1.410000000000025,-0.07000000000000028,-0.019999999999999574,0.16000000000000014,-0.5399999999999991,-0.5700000000000003,-0.5700000000000003,0.02000000000000135,0.009999999999999787,1.670000000000016,-0.0400000000000027,-0.5700000000000003,0.060000000000002274,-0.2400000000000002,0.00999999999999801,-0.08999999999999986,-0.07000000000000028,0.10999999999999943,0.07000000000000028,-3.6699999999999875,1.1099999999999994,0.03999999999999915,0.019999999999999574,-1.2800000000000011,-0.10000000000000142,-2.1500000000000057,-0.16999999999999993,-0.8800000000000026,1.0399999999999991,-0.3200000000000003,0.259999999999998,-1.5999999999999943,-3.5900000000000034,0.5700000000000003,-0.8099999999999952,-0.029999999999997584,-0.05000000000000071,0.019999999999999574,-0.07000000000000028,0.23000000000000398,0.3100000000000023,-0.3200000000000003,0.04000000000000625,-0.5700000000000074,-4.780000000000001,1.0999999999999943,0.14000000000000057,5.819999999999993,-0.23000000000000398,0.5900000000000034,-0.3299999999999841,-0.2900000000000027,0.36999999999999744,0.19999999999999574,0.07000000000000028,0.0799999999999983,0.009999999999999787,0.05999999999999517,-0.0,0.0,-0.040000000000000036,0.03000000000000025,-0.020000000000000462,0.03000000000000025,-0.03000000000000025,-0.15000000000000036,0.0699999999999994,-0.02999999999999936,-0.18999999999999773,0.08000000000000007,-0.17999999999999616,-0.020000000000000462,-0.02999999999999936,0.009999999999999787,0.040000000000000036,0.5300000000000011,0.10999999999999943,0.08999999999999986,-0.10000000000000142,0.020000000000000018,0.4100000000000037,-1.2899999999999991,-0.02000000000000135,0.39000000000000057,-0.08999999999999986,-0.3000000000000007,0.029999999999999805,0.05000000000000071,-0.9600000000000009,1.9099999999999966,-0.14999999999999858,-0.040000000000000924,-0.03999999999999915,-0.08000000000000007,-0.2699999999999996,0.22999999999999687,-0.19999999999998863,0.10000000000000142,0.19000000000000128,-0.1800000000000015,-0.010000000000000231,13.089999999999918,-0.08999999999999986,0.129999999999999,-0.5100000000000016,-0.13000000000000256,0.03999999999999915,1.3599999999999994,0.0,-0.20999999999999375,-0.07000000000000028,0.41000000000000014,0.08000000000000007,0.15000000000000036,-0.14000000000000057,-0.33999999999999986,-0.8200000000000003,0.009999999999999787,0.030000000000001137,-2.4099999999999966,-0.09999999999999964,-0.07000000000000028,-0.009999999999999787,0.07000000000000028,0.26000000000000156,0.07000000000000028,0.08000000000000185,-0.03000000000000025,-0.08000000000000007,-0.08000000000000007,-0.02000000000000135,-0.3000000000000007,0.5600000000000023,-0.129999999999999,-0.09999999999999964,0.08000000000000007,0.0,-0.0,-0.08000000000000007,1.5799999999999983,-0.1899999999999995,-0.1700000000000017,-0.21999999999999886,-0.490000000000002,0.0,-0.11000000000000032,-0.14000000000000057,-0.05000000000000071,-0.03999999999999915,-0.07000000000000028,0.040000000000000924,-0.08999999999999986,0.05999999999999872,-0.09999999999999964,-0.15000000000000036,-0.020000000000000462,-0.020000000000000462,-0.1600000000000037,0.040000000000000036,-0.08000000000000007,0.4200000000000017,0.04999999999999982,-0.02999999999999936,0.03000000000000025,-0.009999999999999787,0.0,-0.1999999999999993,0.0799999999999983,0.05000000000000071,-0.020000000000000018,0.19000000000000128,-0.08999999999999986,-0.08999999999999986,-0.009999999999999787,-0.08999999999999986,-0.030000000000001137,-0.07000000000000028,0.0600000000000005,0.1999999999999993,0.040000000000000036,-0.10000000000000053,-0.15000000000000036,0.8100000000000023,-0.16000000000000014,-0.14999999999999858,-0.009999999999999787,0.020000000000000018,-0.09999999999999964,-0.0799999999999983,0.3000000000000007,-0.009999999999999787,0.03000000000000025,0.03999999999999915,-0.27999999999999936,0.1999999999999993,0.21999999999999886,-0.22000000000000064,-0.17999999999999972,0.11999999999999922,-0.020000000000000018,-0.120000000000001,0.0600000000000005,0.120000000000001,-0.040000000000000036,-0.08000000000000007,0.4800000000000004,-0.10999999999999943,0.5600000000000023,0.5499999999999972,-0.17999999999999972,-0.3999999999999986,0.46999999999999886,0.21999999999999886,1.240000000000002,-0.5699999999999932,-0.10000000000000142,-1.0700000000000074,-0.049999999999998934,-0.14999999999999858,-0.4800000000000004,0.25,0.18999999999999773,-0.769999999999996,-0.05999999999999961,0.6500000000000057,1.0600000000000023,-1.0600000000000023,2.7700000000000102,-0.18000000000000682,-0.18999999999999773,0.37999999999999545,0.1699999999999875,-0.5600000000000005,0.5700000000000003,0.009999999999999787,-0.35000000000002274,-0.14000000000000057,0.25,0.15000000000000568,-0.10000000000000142,0.030000000000001137,0.14999999999999858,0.4200000000000017
2024-08-14,-0.02999999999999936,-0.04999999999999982,-0.120000000000001,-0.019999999999999796,-0.020000000000000018,-0.13000000000000078,0.009999999999999787,-0.13999999999999968,0.46000000000000085,-0.129999999999999,-0.33999999999999986,-0.11000000000000032,-0.44999999999999574,-1.8999999999999915,-2.780000000000001,-0.03000000000000025,-0.16000000000000014,-0.10999999999999943,-1.5499999999999972,0.379999999999999,-0.009999999999999787,-1.1099999999999994,0.11999999999999744,-0.120000000000001,-0.00999999999999801,0.46000000000000085,0.03000000000000025,-1.269999999999996,-0.15000000000000036,-0.0,1.129999999999999,-0.2699999999999996,-0.3000000000000007,0.12999999999999545,-0.08000000000000007,-0.6599999999999966,-0.010000000000001563,-0.09999999999999964,-0.48999999999999844,-0.19000000000000128,-0.0,-0.6799999999999997,-0.3299999999999983,-0.33000000000000185,-0.13000000000000078,-0.23000000000000043,-0.10000000000000142,-0.5500000000000007,-0.15999999999999925,-0.25,-0.05000000000000071,0.09999999999999787,-0.13999999999999968,-0.1999999999999993,-0.6400000000000006,0.9499999999999957,-0.3500000000000014,3.990000000000009,-0.10999999999999943,0.10000000000000142,-0.11000000000000121,-0.5700000000000003,-0.7000000000000028,-0.4299999999999997,0.2900000000000009,-0.05000000000000071,-2.1299999999999955,0.34999999999999787,-0.6600000000000001,0.4399999999999995,-0.29999999999999893,-0.3999999999999986,-0.0,-0.7699999999999996,2.219999999999999,0.240000000000002,-0.2599999999999909,1.6300000000000097,1.3599999999999994,-0.05999999999999961,-0.18999999999999773,-0.13000000000000078,-1.1899999999999977,-0.07000000000000028,-0.7699999999999996,-1.3999999999999986,-0.3699999999999992,0.3500000000000014,-1.9099999999999966,-1.1599999999999966,-0.41000000000000014,-2.029999999999994,-0.5,-0.259999999999998,0.23000000000000043,-0.3699999999999992,0.30000000000000426,-0.3200000000000003,-0.3200000000000003,-0.44000000000000483,2.0900000000000034,-1.5699999999999932,4.1000000000000085,0.5199999999999996,-4.140000000000015,-1.6300000000000026,-0.519999999999996,-3.0999999999999943,-0.5800000000000018,1.3200000000000003,0.15000000000000568,1.110000000000003,2.299999999999997,-0.019999999999999574,0.4000000000000057,-0.010000000000000009,-0.02999999999999936,0.040000000000000036,0.03000000000000025,0.019999999999999574,0.16999999999999993,-0.1200000000000001,-0.2599999999999998,0.010000000000000675,0.02999999999999936,-0.2099999999999973,0.2699999999999996,0.08000000000000185,0.04999999999999982,-0.07000000000000028,-0.03000000000000025,-0.0,-0.3200000000000003,0.23000000000000043,0.3200000000000003,-0.07000000000000028,-0.03000000000000025,-0.030000000000001137,0.030000000000001137,-0.1700000000000017,0.120000000000001,-0.1899999999999995,-0.23000000000000043,-0.06999999999999984,-0.16000000000000014,-0.1700000000000017,2.210000000000008,-0.370000000000001,0.33000000000000007,-0.2799999999999976,-0.19000000000000128,-0.4499999999999993,0.990000000000002,-1.6200000000000045,-0.3000000000000007,-0.0,-0.15000000000000036,-0.040000000000000036,-9.710000000000036,-0.07000000000000028,0.370000000000001,-0.370000000000001,0.5499999999999972,0.11999999999999922,-0.6799999999999926,-0.020000000000000018,-0.27999999999999403,-0.370000000000001,-0.4399999999999977,-0.16000000000000014,-0.25,-0.379999999999999,0.5400000000000027,-0.36999999999999744,-0.10000000000000053,0.14000000000000057,3.329999999999984,0.09999999999999964,0.3099999999999987,1.5700000000000003,-0.3500000000000014,-0.25,-0.5499999999999972,-0.28999999999999915,-0.04999999999999982,-0.020000000000000462,-0.009999999999999787,-0.05000000000000071,-0.030000000000001137,-2.259999999999991,-0.08000000000000007,-0.2599999999999998,-0.15000000000000036,-0.03000000000000025,0.07000000000000028,-0.1899999999999995,-0.240000000000002,-0.08000000000000007,-0.120000000000001,0.05000000000000426,1.8100000000000023,0.0,-0.04999999999999982,-0.5999999999999979,-0.11999999999999922,0.03999999999999915,0.009999999999999787,-0.03999999999999915,0.08999999999999986,-0.11999999999999744,-0.02999999999999936,-0.03000000000000025,-0.0600000000000005,0.0,0.28999999999999915,0.019999999999999574,0.08000000000000007,-0.3099999999999987,-0.010000000000000675,-0.019999999999999574,-0.03000000000000025,0.019999999999999574,-0.1299999999999999,-0.05000000000000071,-0.029999999999997584,0.25,-0.010000000000000231,-0.23999999999999844,-0.28000000000000114,-0.019999999999999574,-0.019999999999999574,-0.0,-0.120000000000001,-0.9299999999999997,-0.22000000000000064,-0.3699999999999992,-0.0699999999999994,-0.2400000000000002,-0.120000000000001,-2.3400000000000034,0.03999999999999915,-0.28999999999999915,0.040000000000000036,0.0,-0.0,-0.009999999999999787,0.05999999999999872,-0.010000000000000231,-0.10000000000000053,0.41999999999999815,-0.10999999999999943,-0.11999999999999922,-0.9299999999999997,-0.09000000000000163,-0.1399999999999988,-0.010000000000000675,-0.03000000000000025,-0.22000000000000064,-0.020000000000000462,-0.1999999999999993,0.019999999999999574,0.0699999999999994,-0.14999999999999858,0.10000000000000053,-0.39000000000000057,-0.9899999999999949,1.3300000000000054,-0.7199999999999989,-0.4199999999999946,-2.049999999999997,-0.6799999999999997,-2.1899999999999977,0.1600000000000037,0.25,0.29999999999999893,0.5,-0.35999999999999943,0.46999999999999886,1.1700000000000017,-0.7299999999999898,-0.08000000000000007,-1.9300000000000068,0.75,-1.1099999999999994,7.650000000000006,-1.8499999999999943,0.05999999999998806,1.1799999999999997,4.050000000000011,0.02999999999999936,0.8400000000000034,-0.019999999999999574,-0.9800000000000182,0.19999999999998863,-0.3099999999999987,1.1599999999999966,0.6000000000000014,0.14000000000000057,-0.25,-0.25
2024-08-15,-0.10999999999999943,-0.1299999999999999,-0.26000000000000156,-0.030000000000000027,-0.1299999999999999,-0.1800000000000006,0.020000000000000462,-0.04999999999999982,-0.10000000000000142,-0.1899999999999995,0.16000000000000014,-0.14999999999999947,0.05000000000000426,-1.3400000000000034,0.9900000000000091,-0.07000000000000028,-0.03999999999999915,-0.4000000000000057,0.1599999999999966,0.129999999999999,-0.06999999999999984,-0.28000000000000114,-0.09999999999999787,-0.08999999999999986,-0.019999999999999574,0.0,-0.16000000000000014,-0.6200000000000045,-0.02999999999999936,-0.019999999999999574,0.6499999999999986,-0.16000000000000014,-0.15000000000000213,-0.3999999999999986,-0.20000000000000018,-0.05000000000000426,-0.05000000000000071,-0.14999999999999858,-0.3999999999999986,-0.02000000000000135,0.07000000000000028,-0.30999999999999517,-0.5699999999999967,-0.07000000000000028,-0.13000000000000078,-0.120000000000001,-0.1700000000000017,0.120000000000001,0.04999999999999982,-0.00999999999999801,-0.16000000000000014,0.21000000000000085,-0.0699999999999994,-0.049999999999998934,-0.4200000000000017,-0.1600000000000037,-0.6199999999999974,1.490000000000009,-0.009999999999999787,-0.1999999999999993,-0.3000000000000007,0.019999999999999574,0.030000000000001137,-0.14000000000000057,0.05000000000000071,-0.3899999999999988,-4.890000000000015,0.13000000000000078,-0.3999999999999986,-0.11000000000000121,-0.03999999999999915,0.240000000000002,-0.09999999999999964,-0.10999999999999943,-0.010000000000005116,-0.2699999999999996,2.3299999999999983,-3.3900000000000006,-0.6999999999999957,0.0600000000000005,0.03999999999999915,-0.13000000000000078,-0.8099999999999881,-0.019999999999999574,0.10000000000000142,-0.9600000000000009,-0.05999999999999872,-0.45000000000000284,0.29000000000000625,-0.6800000000000068,-0.05000000000000071,0.3999999999999986,0.41999999999999815,0.21000000000000085,0.120000000000001,-0.20999999999999908,-0.4000000000000057,-1.2000000000000028,-0.129999999999999,0.22999999999999687,0.9399999999999977,-1.1899999999999977,1.1000000000000085,-0.14000000000000057,0.9200000000000159,0.060000000000002274,-0.4099999999999966,-0.4200000000000159,-0.019999999999999574,0.14000000000000057,0.8900000000000006,0.4800000000000004,-0.37999999999999545,-0.16999999999999993,-0.8100000000000023,-0.010000000000000009,-0.10000000000000053,-0.11000000000000032,-0.050000000000000266,-0.15000000000000036,0.009999999999999787,-0.08000000000000007,0.15000000000000036,-0.040000000000000036,-0.03000000000000025,-0.29999999999999716,-0.3200000000000003,-0.8999999999999986,-0.0,-0.05000000000000071,-0.03000000000000025,-0.08000000000000007,-0.14999999999999858,0.14000000000000057,-0.13000000000000078,-0.11999999999999744,-0.0,1.269999999999996,-0.0899999999999963,-0.19000000000000128,0.1999999999999993,-0.2400000000000002,0.019999999999999574,-0.06000000000000005,-0.10000000000000142,-0.4200000000000017,-0.4399999999999977,-0.20000000000000284,0.15000000000000036,-0.29999999999999716,-0.09999999999999964,0.3200000000000003,0.120000000000001,-3.799999999999983,-0.9299999999999997,0.0,0.019999999999999574,-0.040000000000000036,-13.590000000000146,-0.10000000000000142,-0.08999999999999986,0.370000000000001,0.10999999999999943,-0.13000000000000078,-0.14000000000000057,-0.030000000000000027,-0.46000000000000085,-0.129999999999999,0.019999999999999574,-0.08000000000000007,-0.129999999999999,-0.21999999999999886,-0.11000000000000298,-0.14000000000000057,-0.010000000000000675,0.07000000000000028,-0.2400000000000091,-0.27999999999999936,-0.3999999999999986,0.05000000000000071,0.17999999999999972,-0.21999999999999886,-0.10999999999999943,0.25,-0.08000000000000007,-0.0600000000000005,-0.0600000000000005,-0.10999999999999943,-0.120000000000001,1.980000000000004,-0.0600000000000005,-0.4299999999999997,-0.2400000000000002,-0.04999999999999982,-0.05000000000000071,-0.25,0.240000000000002,-0.13000000000000078,-0.3200000000000003,-1.0599999999999952,-0.7199999999999989,0.020000000000000462,-0.08999999999999986,-0.7199999999999989,-0.1899999999999995,-0.3099999999999987,-0.04999999999999982,-0.08000000000000007,-0.3000000000000007,-0.7899999999999991,-0.0699999999999994,-0.040000000000000036,-0.0600000000000005,-0.019999999999999574,-0.8299999999999983,-0.09999999999999964,-0.0699999999999994,-0.4499999999999993,-0.08000000000000007,-0.009999999999999787,-0.07000000000000028,-0.03000000000000025,-0.1200000000000001,0.030000000000001137,-0.18999999999999773,-0.02999999999999936,-0.04999999999999982,-0.759999999999998,-0.26000000000000156,-0.05999999999999961,-0.09999999999999964,0.05999999999999961,-0.13000000000000078,-1.2100000000000009,-0.11000000000000121,-0.5299999999999994,0.11000000000000032,-0.20000000000000018,-0.14000000000000057,0.7399999999999949,-0.05000000000000071,0.0,-0.08000000000000007,-0.06000000000000005,-0.07000000000000028,-0.08000000000000007,0.33000000000000185,-0.009999999999999787,-0.040000000000000036,0.010000000000001563,-0.16999999999999993,-0.08999999999999986,-0.6599999999999966,-0.34000000000000163,-0.17999999999999972,-0.040000000000000036,0.020000000000000018,-0.21000000000000085,-0.07000000000000028,0.07000000000000028,-0.03000000000000025,-0.09000000000000075,-0.17999999999999972,-0.10999999999999943,-0.38000000000000256,0.3299999999999983,0.2600000000000051,-0.5900000000000034,-0.6099999999999994,0.2599999999999909,0.03999999999999915,-3.0799999999999983,-0.4299999999999997,0.4000000000000057,-0.019999999999999574,-0.370000000000001,0.16999999999999993,0.37999999999999545,0.2699999999999996,-0.519999999999996,-0.13000000000000078,-0.8599999999999994,1.0999999999999943,-0.3500000000000014,0.6899999999999977,0.6299999999999955,-3.030000000000001,-0.6199999999999974,-4.300000000000011,-0.120000000000001,1.2100000000000009,-0.08999999999999986,-0.36000000000001364,0.8900000000000006,-0.6799999999999997,0.45000000000000284,0.38000000000000256,-0.6700000000000017,-0.379999999999999,-0.7299999999999969
2024-08-16,-0.10000000000000142,-0.11000000000000032,-0.05999999999999872,-0.040000000000000036,-0.020000000000000018,-0.009999999999999787,0.020000000000000462,-0.0699999999999994,0.740000000000002,0.2599999999999998,-0.129999999999999,0.03000000000000025,-0.09999999999999432,-1.2900000000000063,0.4199999999999875,-0.010000000000000675,0.05000000000000071,0.5,3.239999999999995,-0.22999999999999865,0.009999999999999787,-0.46999999999999886,1.0999999999999979,-0.049999999999998934,-0.240000000000002,-0.10999999999999943,-0.04999999999999982,0.060000000000002274,-0.15999999999999837,0.15000000000000036,-0.259999999999998,-0.120000000000001,-1.7199999999999989,-0.11999999999999744,-0.02999999999999936,0.259999999999998,0.16000000000000014,-0.009999999999999787,0.21000000000000085,0.0,-0.04999999999999982,-0.3500000000000014,-0.0799999999999983,-0.23999999999999844,-0.08999999999999986,0.360000000000003,0.7800000000000011,0.629999999999999,-0.16999999999999993,-0.21999999999999886,0.02999999999999936,-0.3000000000000007,0.05000000000000071,0.5299999999999994,0.6500000000000057,-0.19999999999999574,0.2600000000000051,2.1000000000000227,-0.3000000000000007,-0.08999999999999986,-0.2900000000000009,-0.21999999999999886,-0.3000000000000007,0.3299999999999983,0.11000000000000121,-0.3200000000000003,-3.6200000000000045,-0.20000000000000107,0.0,0.11999999999999744,-0.29999999999999893,-0.7999999999999972,-0.0600000000000005,-0.6400000000000006,-0.4000000000000057,0.25,1.8299999999999983,2.530000000000001,0.5,0.0,-0.8800000000000026,-0.07000000000000028,-0.5899999999999892,-0.09999999999999964,0.6400000000000006,-0.20000000000000284,0.010000000000001563,-0.47000000000000597,-0.1700000000000017,-4.859999999999999,0.019999999999999574,0.9799999999999969,-0.28999999999999915,-0.25,0.21000000000000085,-0.16000000000000014,-0.5900000000000034,-0.5399999999999991,0.379999999999999,0.5499999999999972,0.0,0.21999999999999886,-2.2700000000000102,0.21999999999999886,-1.009999999999991,-1.25,-0.18999999999999773,0.1799999999999784,-0.2699999999999996,-0.03999999999999915,-0.14999999999999858,-0.379999999999999,-0.9500000000000028,0.10999999999999943,-0.22999999999999687,-0.010000000000000009,-0.10000000000000053,0.05999999999999961,-0.020000000000000018,0.05999999999999961,-0.040000000000000036,-0.1200000000000001,-0.0600000000000005,0.010000000000000675,-0.03000000000000025,-0.04999999999999716,-0.02000000000000135,0.39000000000000057,0.08000000000000007,-0.030000000000001137,-0.20000000000000018,-0.0600000000000005,0.060000000000002274,-0.030000000000001137,0.3800000000000008,-0.029999999999997584,0.010000000000000231,1.9500000000000028,-0.20999999999999375,-0.16999999999999993,0.05000000000000071,0.07000000000000028,0.129999999999999,-0.0,-0.08999999999999986,0.19999999999999574,0.3499999999999943,0.13999999999999702,0.14000000000000057,-0.15000000000000213,0.14999999999999858,0.0400000000000027,0.16000000000000014,-2.4799999999999898,-0.620000000000001,0.8300000000000018,0.34000000000000163,-0.020000000000000018,4.309999999999945,0.629999999999999,-0.17999999999999972,-0.029999999999997584,0.1700000000000017,-0.120000000000001,0.5300000000000011,-0.010000000000000009,0.5600000000000023,0.4399999999999977,-0.6800000000000033,-0.2599999999999998,0.33999999999999986,-0.21999999999999886,-0.05000000000000071,1.0200000000000031,-0.05999999999999961,0.09999999999999787,-1.509999999999991,-0.019999999999999574,-0.2699999999999996,-0.17999999999999972,-0.0,-0.029999999999997584,0.8100000000000023,-0.17999999999999972,-0.019999999999999574,-0.08000000000000007,-0.019999999999999574,-0.3000000000000007,-0.509999999999998,-0.0799999999999983,-0.05000000000000071,-0.11999999999999922,-0.17999999999999972,-0.009999999999999787,-0.16999999999999993,-0.34999999999999964,-0.35999999999999943,-0.11999999999999922,-0.10000000000000142,0.3400000000000034,-0.36999999999999744,-0.0,0.16000000000000014,-0.3999999999999986,-0.3200000000000003,0.129999999999999,-0.0600000000000005,0.0,-0.0600000000000005,0.4299999999999997,-0.1200000000000001,-0.07000000000000028,-0.07000000000000028,-0.08000000000000007,0.28999999999999915,0.0600000000000005,0.13000000000000078,0.09999999999999787,-0.040000000000000036,-0.019999999999999574,0.019999999999999574,-0.08999999999999986,-0.07000000000000028,0.21999999999999886,0.1700000000000017,-0.09999999999999964,-0.020000000000000018,0.4800000000000004,-0.04999999999999716,-0.11000000000000032,0.04999999999999982,-0.040000000000000036,-0.41999999999999993,-0.28999999999999915,0.3800000000000008,0.009999999999999787,0.07000000000000028,0.0,-0.05000000000000071,-5.040000000000006,-0.07000000000000028,0.13000000000000078,-0.05999999999999961,0.040000000000000036,-0.2900000000000009,-0.15000000000000036,-0.5899999999999999,-0.009999999999999787,-0.40000000000000036,-0.11999999999999744,-0.08000000000000007,-0.14000000000000057,-0.4099999999999966,-0.14999999999999858,-0.28999999999999915,-0.07000000000000028,0.029999999999999805,-0.1899999999999995,-0.16999999999999993,-0.03999999999999915,-0.05999999999999961,0.0,-0.41000000000000014,0.08000000000000007,0.04999999999999716,-0.8499999999999943,0.0899999999999963,0.5,-0.30000000000000426,-1.3300000000000125,-0.18999999999999773,1.2999999999999972,-0.46000000000000085,-1.2999999999999972,0.39000000000000057,-0.14000000000000057,-0.5199999999999996,-1.1099999999999994,-0.26000000000000156,0.15000000000000568,-0.1999999999999993,1.6899999999999977,-2.0,-0.25,1.490000000000009,-3.030000000000001,0.2400000000000091,0.9799999999999969,-2.880000000000024,-0.040000000000000924,-0.25,0.02999999999999936,-3.280000000000001,3.5999999999999943,-0.13000000000000256,0.39000000000000057,-0.10000000000000142,0.0,-0.21999999999999886,-0.21999999999999886
2024-08-19,-0.15999999999999837,0.0,-0.120000000000001,0.0,0.040000000000000036,-0.25,0.009999999999999787,0.07999999999999918,0.6199999999999974,-0.25,-0.28999999999999915,-0.15000000000000036,-0.30999999999999517,0.46999999999999886,2.609999999999985,-0.1900000000000004,0.21000000000000085,0.28000000000000114,-1.960000000000008,-0.1999999999999993,0.010000000000000231,-0.010000000000005116,-0.120000000000001,-0.02999999999999936,-0.28000000000000114,0.030000000000001137,-0.07000000000000028,1.0600000000000023,-0.05000000000000071,0.009999999999999787,0.09999999999999787,0.10000000000000142,0.379999999999999,0.19999999999999574,-0.03999999999999915,-0.22000000000000597,0.129999999999999,-0.040000000000000924,0.25,0.05000000000000071,0.08000000000000007,0.8599999999999994,-0.03999999999999915,0.08999999999999986,0.15000000000000036,0.4400000000000013,-0.35999999999999943,-0.8900000000000006,0.0600000000000005,-0.04999999999999716,0.1999999999999993,-0.21000000000000085,0.09000000000000075,0.5,-0.12999999999999545,0.6799999999999997,-0.28999999999999915,0.13999999999998636,0.0,0.8299999999999983,-0.1999999999999993,0.18999999999999773,-0.379999999999999,-0.3200000000000003,-0.0,-0.06999999999999851,0.30999999999997385,0.2400000000000002,-0.629999999999999,-0.10000000000000142,-0.040000000000000924,0.9699999999999989,0.08999999999999986,-0.33000000000000185,0.5300000000000011,-0.41000000000000014,-0.5799999999999983,-0.9200000000000017,-0.22000000000000597,-0.13999999999999968,0.9200000000000017,0.3100000000000005,-0.30999999999998806,0.03999999999999915,-0.10999999999999943,-0.46999999999999886,-0.1800000000000015,-0.12999999999999545,0.980000000000004,1.6800000000000068,0.6699999999999982,-0.3999999999999986,-0.1700000000000017,-0.16000000000000014,0.0,0.0,0.29999999999999716,-0.730000000000004,0.40000000000000213,-0.01999999999999602,-0.9000000000000057,-1.9799999999999898,10.019999999999996,-0.23999999999999844,1.6299999999999955,-0.4199999999999946,0.8100000000000023,-1.4499999999999886,0.3099999999999987,1.5600000000000023,1.5200000000000031,0.10999999999999943,-1.2199999999999989,-0.16999999999999993,0.44000000000000483,0.0,-0.040000000000000036,-0.16000000000000014,-0.03999999999999959,-0.10000000000000053,0.0,-0.1200000000000001,0.02000000000000135,0.040000000000000036,-0.0600000000000005,-0.060000000000002274,-0.33000000000000007,-0.2700000000000031,-0.07000000000000028,-0.0,0.05999999999999961,0.010000000000000675,-0.00999999999999801,0.03999999999999915,-0.009999999999999787,-0.00999999999999801,0.009999999999999787,-0.6799999999999997,0.21999999999999886,-0.11999999999999922,-0.07000000000000028,-0.129999999999999,-0.16000000000000014,-0.08000000000000007,0.16000000000000014,1.009999999999998,-0.09999999999999432,0.04999999999999716,-0.2599999999999998,-0.2699999999999996,0.0,0.060000000000002274,-0.010000000000001563,2.5,-0.25,0.3200000000000003,-0.6700000000000017,-0.009999999999999787,5.759999999999991,-1.0899999999999999,-0.030000000000001137,-0.23999999999999844,0.05000000000000071,-0.019999999999999574,0.4299999999999997,-0.020000000000000018,1.009999999999998,-0.08999999999999986,0.3299999999999983,-0.17999999999999972,-0.03999999999999915,-0.10000000000000142,-0.759999999999998,-0.240000000000002,0.009999999999999787,-0.5499999999999972,-0.22999999999998977,0.019999999999999574,-0.26000000000000156,0.009999999999999787,0.3200000000000003,0.120000000000001,-0.00999999999999801,0.10999999999999943,0.0,0.0699999999999994,-0.29000000000000004,0.3000000000000007,-0.05999999999999872,0.04000000000000625,0.040000000000000924,0.08000000000000007,0.040000000000000924,-0.040000000000000036,0.1399999999999988,-0.2400000000000002,-0.259999999999998,-0.05000000000000071,0.16000000000000014,-0.17999999999999972,0.3399999999999963,0.03000000000000025,0.07000000000000028,-0.2799999999999976,0.05000000000000071,-0.23000000000000043,-0.08999999999999986,-0.05000000000000071,0.0,0.05000000000000071,-0.11000000000000032,-0.02999999999999936,0.009999999999999787,-0.1299999999999999,-0.46000000000000085,-0.1200000000000001,-0.1899999999999995,-0.7900000000000027,0.009999999999999787,0.009999999999999787,-0.10000000000000053,-0.1299999999999999,-0.1899999999999995,-0.7700000000000031,-0.05000000000000071,-0.03999999999999915,0.040000000000000036,0.7100000000000009,-0.240000000000002,0.09999999999999964,0.03000000000000025,-0.0600000000000005,0.07000000000000028,-0.3100000000000023,0.02999999999999936,-0.03999999999999915,0.04999999999999982,-0.39999999999999947,-0.019999999999999574,-2.719999999999999,-0.16999999999999993,-0.19000000000000128,0.019999999999999574,-0.03999999999999959,-0.5999999999999996,0.0600000000000005,-0.28999999999999915,-0.0,0.1899999999999995,0.20000000000000284,-0.120000000000001,0.040000000000000924,0.09000000000000341,0.009999999999999787,0.34999999999999964,0.1200000000000001,0.040000000000000036,-0.02999999999999936,-0.17000000000000082,-0.25,-0.11000000000000032,0.1200000000000001,0.00999999999999801,-0.10000000000000053,-0.46000000000000085,-0.2599999999999909,-0.44999999999999574,1.5700000000000003,-0.19999999999999574,-1.960000000000008,1.2700000000000031,-1.1799999999999926,-0.720000000000006,1.75,-0.08999999999999986,0.10999999999999943,-0.16000000000000014,-0.47000000000000597,0.030000000000001137,0.0799999999999983,0.08000000000000007,1.5100000000000051,0.0800000000000125,-1.4600000000000009,-0.9699999999999989,0.029999999999986926,0.0,-0.46000000000000085,-6.3300000000000125,-0.09999999999999964,-2.1500000000000057,-0.03999999999999915,-10.400000000000006,3.930000000000007,-0.3299999999999983,2.5999999999999943,-0.03999999999999915,-0.16000000000000014,0.5,0.0
2024-08-20,-0.05000000000000071,0.1299999999999999,0.5399999999999991,-0.030000000000000027,0.0,-0.08000000000000007,0.09999999999999964,0.07999999999999918,-0.6600000000000037,-0.08999999999999986,-0.509999999999998,-0.04999999999999982,-0.19999999999999574,-0.9300000000000068,-1.4000000000000057,-0.16000000000000014,0.5600000000000005,0.21999999999999886,-1.3799999999999955,-0.2599999999999998,0.010000000000000231,1.0300000000000011,-0.28000000000000114,0.08999999999999986,0.46999999999999886,0.07000000000000028,-0.09000000000000075,-0.7999999999999972,-0.16000000000000014,-0.09999999999999964,0.3200000000000003,0.5199999999999996,-0.3999999999999986,0.6400000000000006,0.2699999999999996,0.4000000000000057,-0.23000000000000043,-0.05000000000000071,-0.39000000000000057,-0.1899999999999995,0.08000000000000007,1.6699999999999946,-0.3099999999999987,0.07000000000000028,-0.14000000000000057,-0.5800000000000018,0.6999999999999957,-0.20000000000000284,-0.1299999999999999,0.4899999999999949,-0.23000000000000043,-0.22000000000000242,0.05999999999999961,0.4900000000000002,0.7800000000000011,-0.480000000000004,-0.14000000000000057,-2.759999999999991,0.3200000000000003,-0.2699999999999996,-0.16999999999999993,-0.4299999999999997,0.17999999999999972,-0.0899999999999963,0.4399999999999995,0.3500000000000014,1.0600000000000023,-0.009999999999999787,-0.060000000000002274,0.33000000000000007,0.2400000000000002,1.1700000000000017,0.15000000000000036,0.41000000000000014,-1.6899999999999977,-0.25,-0.5200000000000102,-1.1400000000000006,-0.30999999999999517,-0.010000000000000675,-0.6799999999999997,-0.08999999999999986,1.9499999999999886,0.08999999999999986,0.9899999999999984,-0.5200000000000031,-0.2599999999999998,1.4100000000000037,-0.37000000000000455,0.04999999999999716,-0.4800000000000004,3.1799999999999997,-0.03999999999999915,0.259999999999998,0.010000000000001563,0.29999999999999893,0.779999999999994,-0.9799999999999969,0.7099999999999973,-0.1600000000000037,-1.75,-0.7299999999999898,-2.3100000000000023,0.5600000000000023,4.599999999999994,-1.0200000000000031,-1.4000000000000057,2.6500000000000057,0.39000000000000057,-1.1199999999999974,0.240000000000002,-0.3099999999999987,-1.2600000000000051,-0.10999999999999943,-0.04999999999999716,-0.0,0.10999999999999943,0.009999999999999787,0.029999999999999805,-0.04999999999999982,0.08999999999999986,-0.08999999999999986,0.049999999999998934,-0.05999999999999961,0.0,-0.10999999999999943,0.010000000000001563,-0.05999999999999517,0.09999999999999964,-0.14000000000000057,-0.03000000000000025,0.05000000000000071,0.5700000000000003,0.16000000000000014,-0.20999999999999908,0.019999999999999574,-0.04999999999999982,0.8400000000000034,0.6400000000000006,0.15000000000000036,-0.1999999999999993,0.8699999999999992,-0.23000000000000043,-0.07000000000000028,-0.379999999999999,0.14000000000000057,0.7999999999999972,-0.26000000000000156,-0.1999999999999993,-0.33999999999999986,0.16999999999999993,0.2900000000000027,-0.23999999999999844,-0.0,0.3200000000000003,-0.29999999999999716,-0.34000000000000163,0.03000000000000025,-2.7200000000000273,0.05999999999999872,0.4399999999999995,-0.5,0.379999999999999,0.22999999999999865,3.1499999999999986,0.029999999999999805,0.30999999999999517,-0.16000000000000014,-0.1700000000000017,0.0,0.41000000000000014,0.6499999999999986,-0.1999999999999993,0.4299999999999997,0.0600000000000005,0.16000000000000014,-1.8600000000000136,0.040000000000000924,0.21999999999999886,-0.16000000000000014,0.019999999999999574,0.370000000000001,0.30000000000000426,0.08000000000000185,0.040000000000000036,0.0699999999999994,0.11000000000000032,-0.02000000000000135,0.7399999999999984,-0.25,0.13000000000000078,-0.25,-0.10000000000000142,-0.03000000000000025,0.0,-0.17999999999999972,-0.240000000000002,0.2400000000000002,0.16000000000000014,0.6600000000000037,0.8899999999999935,0.019999999999999574,0.1200000000000001,-0.13000000000000256,-0.20999999999999908,-0.10999999999999943,-0.009999999999999787,-0.07000000000000028,0.0600000000000005,0.620000000000001,0.040000000000000036,0.0600000000000005,0.08999999999999986,0.03000000000000025,0.14999999999999858,0.0,0.040000000000000036,-0.22000000000000242,0.11000000000000032,0.08000000000000007,-0.04999999999999982,-0.1200000000000001,-0.10999999999999943,-0.10000000000000142,-0.0,0.20000000000000107,0.010000000000000231,-0.120000000000001,-0.3200000000000003,0.010000000000000675,-0.009999999999999787,-0.07000000000000028,-0.11000000000000121,0.7000000000000028,-0.049999999999998934,0.7700000000000014,-0.009999999999999787,-0.09999999999999964,0.2400000000000002,0.1700000000000017,-0.08999999999999986,-0.41000000000000014,-0.040000000000000036,-0.009999999999999787,-0.030000000000001137,0.17999999999999972,-0.20000000000000284,-0.010000000000000231,-0.07000000000000028,-0.28999999999999915,0.129999999999999,-0.10999999999999943,1.2199999999999989,-0.7999999999999989,-0.16999999999999815,-0.1200000000000001,-0.03999999999999959,-0.28999999999999915,-0.129999999999999,-0.049999999999998934,0.040000000000000036,-0.1200000000000001,0.33999999999999986,-0.020000000000000462,0.9799999999999969,-0.01999999999999602,-0.47000000000000597,-0.5500000000000043,-0.30000000000000426,-1.2600000000000051,-0.509999999999998,-0.010000000000005116,-0.8500000000000014,-2.5799999999999983,0.21999999999999886,-0.8900000000000006,-0.40000000000000036,1.6199999999999974,-0.46999999999999886,-0.25,-0.09999999999999964,-0.6499999999999915,-1.9699999999999989,-0.25,-1.6199999999999761,-2.3100000000000023,-1.1899999999999977,0.9299999999999997,-4.849999999999994,-0.05000000000000071,-0.22000000000000597,0.040000000000000036,-7.02000000000001,-0.269999999999996,-0.129999999999999,2.6200000000000045,0.20000000000000284,-0.9400000000000013,0.03999999999999915,0.7100000000000009
2024-08-21,0.009999999999999787,0.1200000000000001,-0.35999999999999943,-0.020000000000000018,0.010000000000000231,0.1800000000000006,0.019999999999999574,0.13000000000000078,0.13999999999999346,-0.11999999999999922,0.16999999999999815,-0.1200000000000001,-0.28999999999999915,0.7099999999999937,-0.5999999999999943,-0.11000000000000032,-0.22999999999999865,-0.13000000000000256,-1.5700000000000074,-0.02999999999999936,0.03000000000000025,-0.01999999999999602,0.23999999999999844,-0.09999999999999964,0.33000000000000185,0.009999999999999787,-0.05999999999999961,-0.9500000000000028,0.16000000000000014,0.11000000000000032,-0.2900000000000027,0.0,-0.05000000000000071,-0.21000000000000085,-0.1299999999999999,-0.17999999999999972,0.14000000000000057,-0.15000000000000036,-0.05999999999999872,-0.2400000000000002,-0.019999999999999574,-0.6900000000000048,-0.33999999999999986,-0.25,0.17999999999999972,-0.240000000000002,-0.6099999999999994,-0.29999999999999716,-0.019999999999999574,-0.020000000000003126,0.23000000000000043,-0.7600000000000016,-0.040000000000000036,-0.28999999999999915,-0.1700000000000017,0.5300000000000011,0.0799999999999983,-0.4800000000000182,-0.030000000000001137,0.08999999999999986,0.2400000000000002,-0.4299999999999997,0.6699999999999982,-0.769999999999996,0.09999999999999964,0.129999999999999,-4.52000000000001,-0.10999999999999943,0.6799999999999997,-0.08999999999999986,-0.3100000000000005,1.3999999999999986,0.0,-0.11000000000000298,-1.3900000000000006,-0.05999999999999872,-1.3500000000000085,-5.840000000000003,-0.8900000000000006,-0.09000000000000075,0.0799999999999983,0.009999999999999787,0.0,-0.009999999999999787,-0.5399999999999991,0.5,0.29999999999999893,1.3499999999999943,-1.4200000000000017,0.5300000000000011,1.3800000000000026,-1.4099999999999966,0.2699999999999996,0.2700000000000031,-0.33999999999999986,-0.0,1.3000000000000043,-0.04999999999999716,-0.610000000000003,0.14000000000000057,0.3100000000000023,0.8600000000000136,-1.3999999999999915,-0.2699999999999996,1.2800000000000011,1.9200000000000017,1.4699999999999989,0.9699999999999989,-0.7199999999999989,-0.6000000000000014,0.25,-0.3200000000000003,0.05000000000001137,0.05000000000000071,-0.030000000000001137,-0.010000000000000009,0.0600000000000005,-0.05999999999999961,-0.009999999999999787,0.0,-0.03000000000000025,-0.07000000000000028,-0.019999999999999574,0.009999999999999787,0.040000000000000036,-0.00999999999999801,0.0,-0.23999999999999488,-0.03000000000000025,0.16999999999999904,0.0,-0.07999999999999918,-0.20999999999999375,-0.16000000000000014,-0.040000000000000924,0.030000000000001137,-0.009999999999999787,-0.7099999999999937,0.1700000000000017,0.08999999999999986,-0.3099999999999987,0.15000000000000036,-0.28999999999999915,-0.050000000000000266,-0.14999999999999858,-0.060000000000002274,0.29999999999999716,-0.3299999999999983,-0.07000000000000028,0.0799999999999983,-0.11000000000000121,0.08000000000000185,-0.08999999999999986,-1.009999999999991,0.14000000000000057,0.5400000000000027,-0.3000000000000007,-0.020000000000000018,-5.1400000000001,-1.0399999999999991,-0.16000000000000014,-0.21999999999999886,0.6500000000000021,-0.030000000000001137,-1.5100000000000051,-0.010000000000000009,-0.28999999999999915,0.019999999999999574,0.21999999999999886,-0.08000000000000007,-0.2599999999999998,-0.010000000000001563,-0.16000000000000014,-0.4200000000000017,0.0,-0.45000000000000284,-1.3599999999999852,-0.009999999999999787,0.030000000000001137,0.22000000000000064,0.3000000000000007,-0.14999999999999858,-0.11999999999999744,-0.10000000000000142,-0.03000000000000025,-0.03000000000000025,-0.030000000000001137,0.5299999999999994,-0.14000000000000057,-0.6500000000000057,0.0,-0.05000000000000071,-0.009999999999999787,0.08000000000000007,0.16000000000000014,-0.08000000000000007,-0.5799999999999983,-0.20999999999999908,0.010000000000001563,0.0800000000000054,-0.17999999999999972,0.10000000000000053,-0.08999999999999986,-0.120000000000001,-0.049999999999998934,0.07000000000000028,-0.11000000000000032,-0.0600000000000005,-0.10999999999999943,-0.120000000000001,-0.07000000000000028,-0.04999999999999982,0.019999999999999574,-0.04999999999999982,0.04999999999999716,0.010000000000000675,0.0,-0.46999999999999886,-0.04999999999999982,0.1200000000000001,0.040000000000000036,-0.08999999999999986,-0.08999999999999986,0.5100000000000016,0.3200000000000003,-0.15000000000000036,-0.03999999999999959,-0.0799999999999983,-0.19000000000000128,0.0,-0.04999999999999982,0.07000000000000028,-0.03999999999999915,-0.11999999999999744,-0.14000000000000057,-0.16000000000000014,-0.13999999999999968,0.020000000000000462,-0.049999999999998934,-2.760000000000005,-0.08000000000000007,0.06999999999999851,0.0,0.020000000000000018,-0.3699999999999992,0.03999999999999915,0.39000000000000057,-0.020000000000000018,-0.07000000000000028,-0.25,-0.009999999999999787,-0.02999999999999936,-0.8399999999999963,-0.049999999999998934,0.10999999999999943,-0.040000000000000036,0.0,0.10999999999999943,-0.07000000000000028,-0.16999999999999993,-0.009999999999999787,-0.040000000000000036,0.07000000000000028,-0.040000000000000036,-0.020000000000003126,-0.3299999999999983,0.5599999999999952,-0.509999999999998,0.20000000000000284,1.759999999999991,-0.3999999999999986,0.0,0.14999999999999858,0.6799999999999926,-0.05999999999999872,-0.3500000000000014,-0.34999999999999964,0.1600000000000037,0.45000000000000284,5.240000000000009,0.019999999999999574,-1.5,0.14000000000001478,-0.23000000000000398,-2.219999999999999,-2.6000000000000085,-1.3299999999999983,-0.12000000000000455,2.450000000000017,0.16000000000000014,0.480000000000004,-0.040000000000000036,-15.859999999999985,-1.519999999999996,0.240000000000002,-1.259999999999998,1.6000000000000014,-0.21000000000000085,-0.14000000000000057,-0.9699999999999989
2024-08-22,-0.030000000000001137,-0.08000000000000007,1.1800000000000033,0.040000000000000036,0.010000000000000231,-0.08999999999999986,-0.04999999999999982,-0.019999999999999574,-0.9300000000000068,-0.03999999999999915,-0.05000000000000071,0.010000000000000675,-0.04999999999999716,0.6400000000000006,6.210000000000008,-0.05999999999999961,0.3500000000000014,-0.4299999999999997,1.5999999999999943,-0.14000000000000057,0.020000000000000018,-0.28999999999999915,-0.21000000000000085,0.17999999999999972,-0.23999999999999844,-0.13000000000000078,0.1200000000000001,1.210000000000008,0.08999999999999986,0.16999999999999993,0.10999999999999943,0.43000000000000327,0.46000000000000085,0.9799999999999969,-0.04999999999999982,-0.5800000000000054,-0.06999999999999673,-0.10999999999999943,0.2900000000000027,0.23000000000000043,0.040000000000000036,1.0300000000000011,-0.33000000000000185,-0.41999999999999815,0.25,-0.240000000000002,0.35999999999999943,0.08999999999999986,-0.040000000000000036,0.9200000000000017,0.2400000000000002,-0.46000000000000085,0.040000000000000036,0.0,0.8299999999999983,-0.4199999999999946,0.21000000000000085,5.6299999999999955,-0.13000000000000078,-0.3100000000000023,0.3699999999999992,-0.8999999999999986,-1.009999999999998,0.3999999999999986,-0.15000000000000036,-0.41000000000000014,-0.47999999999998977,0.34999999999999964,-0.33000000000000007,0.20999999999999908,-0.27999999999999936,-0.12000000000000455,,-0.6600000000000001,1.7700000000000031,0.370000000000001,-1.1499999999999915,-3.8900000000000006,0.03999999999999915,-0.16999999999999993,1.019999999999996,0.3100000000000005,4.400000000000006,0.3200000000000003,-0.33000000000000185,0.75,-0.2400000000000002,-0.10000000000000142,0.12999999999999545,-0.8299999999999983,-0.9599999999999973,-0.8300000000000054,0.20000000000000284,1.0,-0.14000000000000057,0.3000000000000007,1.25,1.0399999999999991,-0.2799999999999976,-0.04999999999999716,0.9899999999999949,-4.7900000000000205,-0.8900000000000006,0.8000000000000007,0.7199999999999989,-0.3999999999999986,-1.4499999999999886,20.19999999999999,-0.0799999999999983,1.2999999999999972,-1.8299999999999983,0.120000000000001,0.7000000000000028,0.049999999999998934,0.7199999999999989,-0.0,0.03000000000000025,-0.03000000000000025,-0.020000000000000018,-0.04999999999999982,-0.07000000000000028,-0.09999999999999964,-0.33000000000000007,-0.07000000000000028,0.009999999999999787,0.19000000000000128,0.08000000000000007,-0.05999999999999517,0.10000000000000053,-0.08999999999999986,-0.0,0.08000000000000007,0.3200000000000003,0.25,0.16999999999999993,0.17999999999999972,0.010000000000000231,1.3000000000000043,-0.02999999999999403,-0.11999999999999922,0.509999999999998,-0.14000000000000057,0.379999999999999,-0.04999999999999982,0.0,-1.6199999999999974,-0.20999999999999375,-0.20000000000000284,-0.0,0.41000000000000014,0.07000000000000028,-0.41999999999999815,0.030000000000001137,0.8900000000000148,-0.5100000000000016,-0.6099999999999994,-0.11999999999999922,0.029999999999999805,7.529999999999973,-0.17999999999999972,0.47000000000000064,-0.41999999999999815,-0.29999999999999716,0.22999999999999865,1.2800000000000011,0.010000000000000009,0.6400000000000006,-0.3999999999999986,0.5500000000000007,0.2600000000000007,0.09999999999999964,0.8200000000000003,0.5399999999999991,-0.6800000000000068,-0.020000000000000462,-0.07000000000000028,2.140000000000015,0.10999999999999943,0.0,0.009999999999999787,-0.41000000000000014,0.35999999999999943,-0.259999999999998,-0.48999999999999844,-0.019999999999999574,0.1200000000000001,-0.08000000000000007,0.34999999999999964,-0.240000000000002,-1.0499999999999972,0.16000000000000014,-0.07000000000000028,0.07000000000000028,-0.009999999999999787,0.05000000000000071,0.33999999999999986,-0.23000000000000398,0.7700000000000014,0.5199999999999996,0.1599999999999966,-0.37999999999999545,0.08999999999999986,-0.07000000000000028,-0.379999999999999,0.25,-0.05000000000000071,-0.09000000000000075,-0.03999999999999915,0.09999999999999964,-0.03999999999999915,-0.08999999999999986,0.20000000000000018,0.11000000000000032,-0.040000000000000036,0.259999999999998,-0.04999999999999982,-0.03000000000000025,-0.17999999999999972,0.2599999999999998,-0.03000000000000025,-0.04999999999999982,-0.1200000000000001,-0.03000000000000025,-0.129999999999999,-0.05000000000000071,0.27999999999999936,0.0,-0.1999999999999993,-0.2900000000000027,-0.05999999999999961,-0.05999999999999961,-0.0,0.1899999999999995,0.8699999999999974,0.15000000000000036,0.010000000000001563,0.05000000000000071,-0.11000000000000032,0.25,0.5100000000000051,-0.10999999999999943,-0.16999999999999993,0.03000000000000025,-0.020000000000000018,0.3100000000000005,0.02999999999999936,0.8099999999999987,-0.009999999999999787,0.0600000000000005,-0.029999999999997584,0.3200000000000003,0.21000000000000085,1.0700000000000003,-0.009999999999999787,0.010000000000001563,0.13999999999999968,-0.010000000000000231,-0.05000000000000071,0.11000000000000121,-0.2400000000000002,-0.1200000000000001,-0.07000000000000028,0.6199999999999974,0.0600000000000005,2.490000000000002,0.09999999999999432,1.240000000000002,0.11000000000000654,0.23000000000000398,2.1300000000000097,1.4200000000000017,0.3499999999999943,-0.4799999999999969,-1.809999999999988,-0.27999999999999936,1.1199999999999974,0.45000000000000107,-1.1500000000000057,-0.5299999999999976,-0.3399999999999892,-0.010000000000000675,1.7999999999999972,-1.3700000000000045,-0.6700000000000017,3.3100000000000023,-0.18000000000000682,-0.3199999999999932,0.4199999999999946,-0.9899999999999807,-0.33999999999999986,-1.1299999999999955,0.13000000000000078,-3.1499999999999773,-0.5499999999999972,0.3099999999999987,-1.0900000000000034,-0.5700000000000003,0.3099999999999987,0.4200000000000017,1.240000000000002
2024-08-23,0.08999999999999986,-0.05999999999999961,0.3000000000000007,0.0,-0.020000000000000018,-0.1200000000000001,0.04999999999999982,0.04999999999999982,-1.3699999999999903,-0.34999999999999964,0.08000000000000185,-0.14000000000000057,-0.6499999999999986,-4.290000000000006,1.0800000000000125,0.0,0.120000000000001,-0.7800000000000011,-0.04999999999999716,-0.1999999999999993,-0.009999999999999787,0.05999999999999517,-0.3299999999999983,0.09999999999999964,-1.0899999999999999,0.16000000000000014,-0.08000000000000007,0.12000000000000455,-0.0600000000000005,-0.46999999999999975,0.1999999999999993,0.1700000000000017,0.030000000000001137,0.21999999999999886,-0.040000000000000036,-0.15000000000000568,0.370000000000001,0.15000000000000036,-0.08999999999999986,-0.019999999999999574,0.0,-0.6300000000000026,0.16000000000000014,-0.7699999999999996,-0.03000000000000025,0.16000000000000014,-0.12000000000000455,0.11999999999999744,0.02999999999999936,-0.8500000000000014,0.08000000000000007,0.07000000000000028,-0.019999999999999574,-0.129999999999999,0.6799999999999926,-0.3200000000000003,-0.5,-5.669999999999959,-0.17999999999999972,-0.33000000000000185,-0.27000000000000135,0.9800000000000004,-0.6900000000000013,0.09000000000000341,0.08999999999999986,-0.009999999999999787,-1.1800000000000068,0.16999999999999993,-0.02999999999999936,0.10999999999999943,-0.2400000000000002,-0.7399999999999949,,-0.39000000000000057,1.0999999999999943,0.26000000000000156,-1.1400000000000006,-1.3400000000000034,0.14999999999999858,-0.0699999999999994,1.740000000000002,0.010000000000001563,0.29000000000000625,0.11000000000000121,-0.259999999999998,-0.14999999999999858,0.009999999999999787,-0.8599999999999994,-1.5100000000000051,1.4699999999999989,-0.22000000000000242,-0.14999999999999858,0.3000000000000007,-0.3200000000000003,0.11999999999999744,-0.1999999999999993,-1.5900000000000034,0.39000000000000057,-0.08999999999999986,-0.6499999999999986,0.1799999999999926,3.0,0.1799999999999926,-0.14000000000000057,3.3300000000000125,-0.46000000000000085,-0.030000000000001137,-2.569999999999993,0.03999999999999915,-0.060000000000002274,0.6899999999999977,0.10999999999999943,-0.269999999999996,-0.009999999999999787,0.269999999999996,0.010000000000000009,-0.08999999999999986,-0.03000000000000025,0.010000000000000231,-0.020000000000000462,0.010000000000000675,-0.05999999999999961,0.47000000000000064,0.08000000000000007,-0.05000000000000071,-0.370000000000001,-0.3999999999999986,-0.4000000000000057,-0.07000000000000028,-0.04999999999999982,-0.03000000000000025,0.009999999999999787,0.3200000000000003,-0.05000000000000071,0.33000000000000007,0.5,0.020000000000000018,-0.01999999999999602,0.1699999999999946,-0.3000000000000007,0.16000000000000014,0.040000000000000924,0.00999999999999801,0.03000000000000025,-0.16999999999999993,-0.3100000000000023,-0.6599999999999966,0.010000000000001563,0.10000000000000142,0.060000000000002274,-0.010000000000001563,-0.13999999999999702,-0.7199999999999989,-2.450000000000017,0.08000000000000185,-0.2699999999999996,0.009999999999999787,-0.010000000000000231,4.940000000000055,0.060000000000002274,0.33999999999999986,0.41000000000000014,0.33999999999999986,-0.16999999999999993,0.14000000000000057,-0.010000000000000009,-0.730000000000004,-0.5199999999999996,-0.6600000000000001,0.27999999999999936,0.28999999999999915,-0.10999999999999943,0.5300000000000011,0.21999999999999886,0.08000000000000007,0.15000000000000213,-0.8899999999999864,0.15000000000000036,0.10000000000000142,-0.10999999999999943,-0.39000000000000057,0.16000000000000014,-0.03999999999999915,-0.3299999999999983,0.019999999999999574,0.07000000000000028,0.0,-0.0600000000000005,0.05000000000000071,-0.010000000000005116,0.08000000000000007,0.17999999999999972,-0.120000000000001,-0.03000000000000025,-0.019999999999999574,0.019999999999999574,0.05999999999999517,-0.3699999999999992,0.259999999999998,-0.3500000000000014,-1.4299999999999997,-0.03000000000000025,0.0600000000000005,0.07000000000000028,-0.019999999999999574,-0.5,-0.020000000000000462,-0.019999999999999574,-0.16999999999999993,0.129999999999999,0.05000000000000071,0.040000000000000036,0.05000000000000071,0.009999999999999787,-1.6400000000000006,0.010000000000000675,-0.009999999999999787,-0.9600000000000009,0.08000000000000007,0.05000000000000071,-0.009999999999999787,0.040000000000000036,0.020000000000000462,-0.8399999999999999,0.05999999999999872,-0.10999999999999943,-0.020000000000000018,-0.6700000000000017,0.3200000000000003,0.0,0.0,-0.019999999999999574,-0.1999999999999993,0.019999999999999574,-0.08000000000000007,-0.15999999999999837,-0.010000000000000675,0.03999999999999915,0.1999999999999993,-1.4300000000000068,-0.019999999999999574,0.05999999999999872,-0.0,0.009999999999999787,0.019999999999999574,-0.02999999999999936,-0.14000000000000057,0.010000000000000231,-0.02999999999999936,0.0,-0.47999999999999865,0.07000000000000028,0.6799999999999997,-0.20000000000000107,0.11000000000000298,0.08999999999999986,0.020000000000000018,0.20000000000000107,0.019999999999999574,-0.10999999999999943,0.009999999999999787,0.040000000000000036,0.029999999999997584,-0.03000000000000025,-0.12999999999999545,-2.700000000000003,-0.00999999999999801,0.10999999999999943,0.30000000000000426,1.0,-0.18999999999999773,-1.1400000000000006,-1.0899999999999963,-0.6700000000000017,-0.05000000000000071,-0.16000000000000014,-0.27000000000000135,-0.6099999999999994,-0.5500000000000007,-1.2900000000000063,-0.020000000000000462,-0.6599999999999966,0.6800000000000068,-0.1599999999999966,7.7900000000000205,2.549999999999997,-1.0499999999999972,-0.5499999999999972,2.0900000000000034,-0.3099999999999987,0.5700000000000003,0.03000000000000025,7.6699999999999875,-0.7000000000000028,0.10999999999999943,-0.5499999999999972,0.1600000000000037,0.26000000000000156,0.10000000000000142,0.5900000000000034
2024-08-26,0.019999999999999574,-0.1200000000000001,0.05000000000000071,0.010000000000000009,-0.029999999999999805,0.040000000000000036,0.019999999999999574,-0.21999999999999975,-0.8599999999999994,-0.27999999999999936,-0.8399999999999999,-0.08999999999999986,-0.01999999999999602,0.3200000000000074,-2.4099999999999966,0.019999999999999574,-0.019999999999999574,0.030000000000001137,-1.039999999999992,-0.049999999999998934,0.040000000000000036,-1.4300000000000068,-0.3200000000000003,0.03999999999999915,-0.03999999999999915,0.13000000000000078,0.019999999999999574,2.989999999999995,-0.15000000000000036,-0.0,-0.129999999999999,0.030000000000001137,0.14999999999999858,0.0799999999999983,0.040000000000000036,-1.1500000000000057,0.05000000000000071,0.16000000000000014,0.07000000000000028,0.23000000000000043,0.03000000000000025,0.3999999999999986,0.0799999999999983,-0.620000000000001,-0.1800000000000006,-0.05000000000000071,0.5499999999999972,-0.120000000000001,-0.5700000000000003,0.07000000000000028,-0.27000000000000135,0.28999999999999915,0.11000000000000032,-0.40000000000000036,0.1700000000000017,0.21000000000000085,-0.07000000000000028,1.9499999999999886,-0.08000000000000007,0.1700000000000017,-0.07000000000000028,-0.870000000000001,-0.5700000000000003,0.5399999999999991,0.05999999999999872,0.10999999999999943,-0.06999999999999318,0.21000000000000085,0.02999999999999936,0.15000000000000036,-0.1999999999999993,0.10999999999999943,,-0.75,0.759999999999998,-0.17999999999999972,-1.769999999999996,-0.6900000000000119,0.6700000000000017,-0.07000000000000028,0.7199999999999989,0.6000000000000014,1.0,0.02999999999999936,-0.09999999999999787,-0.6300000000000026,-0.09999999999999964,-0.10000000000000142,-3.319999999999993,5.579999999999998,0.120000000000001,-0.9299999999999997,0.05000000000000071,0.07000000000000028,0.3299999999999983,-0.9399999999999995,1.1599999999999966,0.519999999999996,-0.08999999999999986,1.1799999999999997,-0.7000000000000028,2.119999999999976,0.9200000000000017,-0.22000000000000242,11.70999999999998,0.5399999999999991,1.0,-3.3400000000000034,-0.629999999999999,0.3400000000000034,-1.2000000000000028,0.21999999999999886,-0.3199999999999932,0.11999999999999922,0.010000000000005116,0.020000000000000018,0.1200000000000001,-0.009999999999999787,0.020000000000000018,0.04999999999999982,-0.02999999999999936,-0.04999999999999982,-0.09999999999999964,-0.0699999999999994,-0.0600000000000005,-0.6400000000000006,0.060000000000002274,0.07000000000000028,0.03000000000000025,-0.10999999999999943,0.0,0.009999999999999787,0.6200000000000045,-0.14000000000000057,-0.11999999999999922,0.33999999999999986,0.040000000000000036,0.720000000000006,-0.00999999999999801,0.33999999999999986,-0.08000000000000185,0.049999999999998934,0.05999999999999872,-0.020000000000000018,0.06999999999999851,-0.29999999999999716,0.7600000000000051,0.4200000000000017,-0.06999999999999851,-0.33999999999999986,0.05000000000000071,-0.18000000000000327,-0.6199999999999974,1.6500000000000057,0.129999999999999,0.07000000000000028,0.2400000000000002,-0.040000000000000036,2.990000000000009,0.6400000000000006,0.11999999999999922,-0.6900000000000013,0.15000000000000213,-0.07000000000000028,-0.25,-0.030000000000000027,-0.3200000000000003,0.019999999999999574,0.09999999999999787,-0.07999999999999918,0.019999999999999574,0.240000000000002,-0.2099999999999973,0.6300000000000026,0.009999999999999787,-0.14000000000000057,2.069999999999993,-0.009999999999999787,1.5999999999999979,-0.07000000000000028,0.14000000000000057,0.3500000000000014,0.8200000000000003,-0.08999999999999986,0.04999999999999982,-0.009999999999999787,0.07000000000000028,0.07000000000000028,-0.6400000000000006,0.4899999999999949,0.07000000000000028,-0.009999999999999787,-0.0600000000000005,0.05000000000000071,-0.09999999999999964,-0.08999999999999986,0.6499999999999986,0.1999999999999993,0.0,0.07000000000000028,0.6499999999999986,-0.0,0.009999999999999787,-0.33999999999999986,-0.2699999999999996,0.16000000000000014,0.0,0.030000000000001137,-0.009999999999999787,0.019999999999999574,0.0,0.04999999999999982,-0.04999999999999982,0.0,0.0,-0.020000000000000462,-0.03000000000000025,0.14999999999999858,0.04999999999999982,-0.04999999999999982,-0.040000000000000036,0.03000000000000025,-0.08999999999999986,0.22000000000000242,0.5399999999999991,-0.1999999999999993,0.03000000000000025,-0.39000000000000057,-0.10999999999999943,0.009999999999999787,0.040000000000000036,0.04999999999999982,0.08000000000000007,-0.05999999999999872,-0.02999999999999936,-0.02999999999999936,0.020000000000000462,0.41000000000000014,-0.009999999999999787,-0.01999999999999602,0.030000000000001137,-0.3099999999999987,0.019999999999999574,-0.009999999999999787,0.08000000000000007,-0.120000000000001,0.08999999999999986,-0.03000000000000025,-0.09999999999999964,-0.0799999999999983,-0.009999999999999787,0.019999999999999574,-0.15000000000000568,-0.3999999999999986,-0.15000000000000213,0.040000000000000036,0.009999999999999787,0.120000000000001,0.0,-0.08000000000000007,0.0,0.05000000000000071,0.09999999999999787,0.020000000000000462,-0.7000000000000028,-2.1899999999999977,-0.6499999999999986,-0.8499999999999943,0.35999999999999943,-0.8599999999999994,1.1400000000000006,-2.7299999999999898,0.5200000000000031,1.3800000000000097,-0.20000000000000107,-0.7899999999999991,0.08999999999999986,0.7299999999999969,0.00999999999999801,-1.0799999999999983,-0.21999999999999975,1.2199999999999989,4.530000000000001,0.8999999999999986,-0.549999999999983,0.6200000000000045,-1.3700000000000045,-0.17999999999999972,-0.19999999999998863,0.16000000000000014,4.399999999999999,-0.08999999999999986,-5.800000000000011,-1.1299999999999955,-0.029999999999997584,3.789999999999999,0.46000000000000085,0.3299999999999983,-0.21000000000000085,0.21999999999999886
2024-08-27,-0.0600000000000005,0.22000000000000064,0.5300000000000011,0.07999999999999985,0.14000000000000012,-0.09999999999999964,-0.03000000000000025,0.0,-0.3299999999999983,-0.21000000000000085,0.14000000000000057,-0.05999999999999961,0.6400000000000006,0.21999999999999886,-1.7900000000000205,0.11999999999999922,0.2900000000000009,-0.29999999999999716,-0.269999999999996,-0.08999999999999986,0.10999999999999988,-0.480000000000004,-0.39000000000000057,0.14999999999999858,-0.22000000000000242,-0.2400000000000002,-0.08999999999999986,-0.4200000000000017,0.1899999999999995,-0.2699999999999996,-0.019999999999999574,0.370000000000001,-0.0400000000000027,-0.5800000000000018,0.07000000000000028,-0.6200000000000045,0.3100000000000023,0.33000000000000007,-0.029999999999997584,-0.17999999999999972,-0.020000000000000462,-0.6699999999999946,0.6300000000000008,-0.490000000000002,-0.1299999999999999,0.15000000000000213,0.11999999999999744,-0.21999999999999886,-0.29000000000000004,0.6700000000000017,-0.3200000000000003,0.8200000000000003,0.07000000000000028,-0.3100000000000005,-0.23000000000000398,-0.13000000000000256,0.509999999999998,-2.9700000000000273,0.3200000000000003,-0.23999999999999844,-0.07000000000000028,-0.3500000000000014,-0.14000000000000057,-0.8100000000000023,-0.030000000000001137,-1.2400000000000002,1.3900000000000148,-0.08999999999999986,0.2699999999999996,-0.17999999999999972,-0.33999999999999986,1.1099999999999994,,-0.7300000000000004,-0.5900000000000034,-1.9800000000000004,1.5300000000000011,-2.760000000000005,-0.28000000000000114,0.03000000000000025,-1.2100000000000009,-0.22999999999999865,-1.9200000000000017,-0.11999999999999922,0.10999999999999943,-1.1700000000000017,0.049999999999998934,0.5799999999999983,-0.269999999999996,-1.0900000000000034,0.39000000000000057,-0.9600000000000009,-0.5599999999999987,0.33999999999999986,-0.5899999999999999,-0.40000000000000036,-0.8500000000000014,5.650000000000006,0.8500000000000014,0.509999999999998,-0.7900000000000063,-0.4199999999999875,2.280000000000001,-0.3000000000000007,1.6999999999999886,1.009999999999998,2.3200000000000074,0.5900000000000034,-0.7399999999999984,-0.5600000000000023,0.6400000000000006,0.33999999999999986,-0.21000000000000796,0.0,0.4100000000000037,-0.020000000000000018,-0.040000000000000036,-0.009999999999999787,-0.009999999999999787,-0.04999999999999982,0.040000000000000036,-0.010000000000000675,-0.16999999999999993,-0.29000000000000004,-0.040000000000000036,0.0,0.03999999999999915,0.07000000000000028,0.019999999999999574,-0.21999999999999975,-0.019999999999999574,-0.019999999999999574,1.0,0.40000000000000036,-0.120000000000001,-0.39000000000000057,-0.020000000000000018,0.020000000000003126,-0.490000000000002,-0.25,0.36999999999999744,-0.15000000000000036,-0.03999999999999915,0.009999999999999787,-0.16999999999999993,0.28000000000000114,-0.25,0.0,0.08000000000000007,-0.16000000000000014,0.2400000000000002,0.259999999999998,-0.25,-1.6400000000000148,0.1700000000000017,-0.39000000000000057,-0.40000000000000036,0.16999999999999993,-7.930000000000064,0.9800000000000004,-0.2400000000000002,-1.1600000000000001,0.370000000000001,-0.17999999999999972,0.259999999999998,0.030000000000000027,0.13000000000000256,-0.1999999999999993,-0.75,0.05999999999999961,-0.15000000000000036,0.9600000000000009,-0.7199999999999989,0.28999999999999915,0.009999999999999787,-0.6400000000000006,-0.030000000000001137,-0.10000000000000142,0.6999999999999993,0.3699999999999992,-0.1999999999999993,-0.1999999999999993,-0.3100000000000023,-0.019999999999999574,-0.009999999999999787,-0.019999999999999574,-0.030000000000001137,-0.009999999999999787,-0.8200000000000003,-1.6200000000000045,-0.09999999999999964,-0.05000000000000071,-0.16000000000000014,0.0699999999999994,0.049999999999998934,-0.2400000000000002,-0.11999999999999744,-0.17999999999999972,0.41999999999999815,-1.3500000000000014,-1.6400000000000006,0.04999999999999982,0.08000000000000007,-0.370000000000001,0.33999999999999986,-0.15000000000000213,-0.040000000000000036,0.19000000000000128,-0.16000000000000014,-0.39000000000000057,-0.0,-0.0699999999999994,0.08999999999999986,-0.0600000000000005,-0.20000000000000284,-0.020000000000000462,-0.07999999999999918,-0.030000000000001137,0.17999999999999972,-0.009999999999999787,-0.0600000000000005,-0.10000000000000053,-0.019999999999999574,-0.010000000000001563,-0.5599999999999987,-0.03999999999999915,-0.020000000000000018,-0.3499999999999943,0.14000000000000057,-0.040000000000000036,-0.07000000000000028,0.15000000000000036,-0.15000000000000036,0.6900000000000013,0.27999999999999936,0.09999999999999964,-0.08000000000000007,-0.22999999999999954,0.14000000000000057,-1.25,0.11000000000000121,0.009999999999999787,-0.009999999999999787,-0.009999999999999787,-0.03999999999999915,-0.2699999999999996,0.09999999999999787,0.040000000000000036,-0.0600000000000005,0.41000000000000014,-0.28999999999999915,-0.08999999999999986,1.1199999999999974,-0.33999999999999986,-0.14000000000000057,-0.14000000000000057,0.019999999999999574,-0.05000000000000071,-0.11999999999999922,0.0,-0.08999999999999986,-0.05999999999999961,-0.2700000000000031,0.05000000000000071,-0.6700000000000017,-2.4200000000000017,-0.07000000000000028,-0.4200000000000017,-0.10999999999999943,2.569999999999993,-0.5100000000000051,-2.5,-0.2700000000000031,1.8199999999999932,-0.3000000000000007,-0.490000000000002,-0.6199999999999992,2.009999999999998,0.4800000000000004,-1.0499999999999972,-0.09999999999999964,0.46000000000000796,-1.039999999999992,-0.9699999999999989,-0.46000000000000796,-1.5900000000000034,0.4200000000000017,-0.18999999999999773,8.699999999999989,0.35999999999999943,-3.469999999999999,-0.03000000000000025,-3.1200000000000045,1.440000000000012,1.759999999999998,-0.509999999999998,-0.3299999999999983,0.5899999999999999,0.010000000000001563,0.6300000000000026
2024-08-28,0.09999999999999964,-0.08999999999999986,0.08999999999999986,-0.020000000000000018,0.0,0.010000000000000675,0.03000000000000025,-0.13000000000000078,1.059999999999988,-0.03999999999999915,-0.17999999999999972,0.010000000000000675,-0.7800000000000011,5.810000000000002,7.280000000000001,-0.03000000000000025,0.16000000000000014,2.970000000000006,-0.7099999999999937,-0.03999999999999915,0.029999999999999805,-0.38000000000000256,-0.5199999999999996,0.11000000000000121,0.46999999999999886,-0.1999999999999993,0.08999999999999986,3.700000000000003,-0.009999999999999787,-0.23000000000000043,-0.2699999999999996,-0.14999999999999858,-0.1999999999999993,0.129999999999999,-0.1200000000000001,-1.5300000000000011,0.15000000000000213,-0.2599999999999998,0.029999999999997584,-0.10999999999999943,-0.010000000000000675,0.12999999999999545,0.41999999999999993,0.020000000000003126,-0.040000000000000036,0.3099999999999987,-1.9299999999999997,0.010000000000001563,0.16999999999999993,0.00999999999999801,0.11999999999999922,0.019999999999999574,0.20000000000000018,0.2699999999999996,1.3799999999999955,-0.10000000000000142,0.7600000000000051,-3.25,0.16000000000000014,0.05999999999999872,-0.14000000000000057,-0.07000000000000028,-0.21999999999999886,0.060000000000002274,0.019999999999999574,-0.11999999999999922,3.950000000000017,-0.0600000000000005,0.05000000000000071,-0.009999999999999787,0.07000000000000028,0.4399999999999977,,0.07000000000000028,-0.4000000000000057,-0.3100000000000023,1.009999999999991,1.7000000000000028,0.3100000000000023,0.020000000000000462,-0.17999999999999972,0.1399999999999988,0.519999999999996,-0.009999999999999787,-0.10000000000000142,-1.0499999999999972,-0.3099999999999987,0.4199999999999946,0.04999999999999716,-0.6899999999999977,-0.2099999999999973,-1.1000000000000014,0.1999999999999993,-0.08000000000000185,0.129999999999999,0.08999999999999986,-0.8400000000000034,0.5300000000000011,0.17999999999999972,0.010000000000005116,0.46999999999999886,0.6800000000000068,-0.39000000000000057,-1.0199999999999996,9.139999999999986,0.759999999999998,0.7199999999999989,-1.3300000000000125,0.35999999999999943,-2.0799999999999983,0.4099999999999966,-0.05000000000000071,-0.4000000000000057,0.0600000000000005,0.17999999999999972,-0.0,-0.08000000000000007,0.08000000000000007,-0.010000000000000231,-0.009999999999999787,0.05999999999999961,-0.020000000000000462,-0.10999999999999943,-0.08000000000000007,0.0600000000000005,-0.030000000000001137,0.07000000000000028,0.020000000000003126,-0.07000000000000028,-0.08999999999999986,-0.019999999999999574,-0.0,0.060000000000002274,0.13000000000000078,0.20999999999999908,0.05000000000000071,0.029999999999999805,-0.4200000000000017,-0.6200000000000045,-0.07000000000000028,-0.00999999999999801,0.019999999999999574,-0.05999999999999872,-0.010000000000000231,-0.2900000000000009,-0.10000000000000142,0.06999999999999318,0.05000000000000071,-0.20999999999999908,0.379999999999999,0.5,0.019999999999999574,0.019999999999999574,-1.2700000000000102,0.019999999999999574,0.07000000000000028,-0.28999999999999915,0.0,15.069999999999936,0.7899999999999991,0.21000000000000085,0.04999999999999716,0.5899999999999999,0.10999999999999943,-0.1599999999999966,-0.0,0.3299999999999983,-0.120000000000001,0.21999999999999886,-0.05999999999999961,-0.16000000000000014,-0.16000000000000014,-0.28000000000000114,-1.0900000000000034,-0.08000000000000007,0.3999999999999986,10.140000000000015,-0.040000000000000924,0.21000000000000085,0.10999999999999943,-0.14000000000000057,0.39000000000000057,0.21999999999999886,-0.019999999999999574,0.0600000000000005,0.010000000000000675,-0.05000000000000071,0.10999999999999943,0.21000000000000085,0.030000000000001137,0.05000000000000071,-0.16999999999999993,0.019999999999999574,-0.04999999999999982,-0.0600000000000005,-0.08999999999999986,-0.7700000000000031,-0.370000000000001,0.0799999999999983,-0.29000000000000625,0.7800000000000011,-0.08000000000000007,-0.0600000000000005,0.019999999999999574,0.009999999999999787,0.11999999999999744,-0.04999999999999982,-0.13999999999999968,0.009999999999999787,-0.10999999999999943,0.0600000000000005,0.019999999999999574,-0.0600000000000005,-0.040000000000000036,-0.03999999999999915,-0.03000000000000025,-0.08999999999999897,-0.18999999999999773,0.02999999999999936,-0.0,0.16999999999999993,-0.040000000000000036,0.02999999999999936,0.2699999999999996,-0.370000000000001,-0.3699999999999992,0.020000000000000018,-0.19999999999999574,0.39000000000000057,-0.0699999999999994,0.08999999999999986,-0.1200000000000001,0.009999999999999787,0.45000000000000284,0.06999999999999851,0.16000000000000014,0.10000000000000053,-0.1299999999999999,-0.019999999999999574,1.3699999999999903,0.17999999999999972,-0.20000000000000107,0.08000000000000007,0.03999999999999959,0.33000000000000007,-0.14000000000000057,0.2699999999999996,-0.010000000000000231,-0.09999999999999964,0.03999999999999915,0.08000000000000007,-0.009999999999999787,-0.7299999999999969,-0.1399999999999988,0.25,0.0,-0.03000000000000025,0.05999999999999872,-0.09999999999999964,-0.1399999999999988,0.04999999999999982,-0.0,0.08000000000000185,0.10000000000000053,0.28999999999999915,-0.6099999999999994,-0.22999999999999687,-0.480000000000004,0.4000000000000057,-0.7000000000000028,0.14999999999999858,0.3200000000000074,-0.020000000000003126,0.6200000000000045,0.009999999999999787,0.10000000000000142,0.120000000000001,1.6000000000000014,0.05000000000000071,-0.28000000000000114,-0.11000000000000032,-0.5699999999999932,0.9200000000000159,1.1900000000000048,-0.7299999999999898,4.61999999999999,-0.5900000000000034,0.5399999999999991,-3.3000000000000114,0.08000000000000007,-2.0700000000000003,0.020000000000000462,3.9000000000000057,-1.009999999999991,0.4399999999999977,-0.2700000000000031,0.17999999999999972,-0.23999999999999844,-0.0799999999999983,0.6400000000000006
2024-08-29,0.1999999999999993,0.020000000000000462,-0.33000000000000185,0.020000000000000018,-0.15000000000000036,0.08999999999999986,-0.0,0.019999999999999574,-0.980000000000004,0.120000000000001,-0.08000000000000185,0.3899999999999997,-0.3999999999999986,2.3400000000000034,6.800000000000011,0.0600000000000005,-0.23000000000000043,0.010000000000005116,-1.4499999999999886,0.0600000000000005,-0.06000000000000005,-0.22999999999999687,-0.22000000000000242,-0.009999999999999787,-0.030000000000001137,0.1999999999999993,0.020000000000000462,-4.780000000000001,0.07000000000000028,-0.0699999999999994,-0.05000000000000071,-0.1700000000000017,-0.4499999999999993,-0.240000000000002,0.1299999999999999,0.6799999999999997,1.1400000000000006,0.07000000000000028,-0.21000000000000085,0.23000000000000043,-0.0,-0.35999999999999943,-0.9600000000000009,-0.29999999999999716,-0.29000000000000004,0.370000000000001,0.509999999999998,-0.5600000000000023,-0.07000000000000028,-0.2700000000000031,-0.16999999999999993,-0.26000000000000156,0.08999999999999986,-0.39000000000000057,-1.1499999999999915,-0.11999999999999744,-2.4100000000000037,-1.2900000000000205,-0.019999999999999574,0.029999999999997584,-0.4900000000000002,-0.4200000000000017,-0.25,-0.6299999999999955,0.05000000000000071,0.2699999999999996,-2.0,-0.40000000000000036,-0.2599999999999998,-0.33999999999999986,-0.33999999999999986,-0.240000000000002,,-1.0999999999999979,-2.229999999999997,0.7700000000000031,4.27000000000001,-5.63000000000001,0.11999999999999744,0.14999999999999947,-0.5700000000000003,-0.15000000000000036,-1.2199999999999989,-0.16999999999999993,-0.620000000000001,1.1199999999999974,0.05000000000000071,-1.3900000000000006,-4.530000000000001,5.920000000000002,-0.6899999999999977,-2.5,-0.28000000000000114,-0.3299999999999983,-0.28999999999999915,1.2899999999999991,0.509999999999998,1.0200000000000031,0.030000000000001137,0.4399999999999977,-1.8100000000000023,2.019999999999982,-1.1099999999999994,0.16000000000000014,1.6799999999999784,-5.100000000000001,0.5799999999999983,-4.189999999999998,-0.6900000000000013,0.7000000000000028,0.1700000000000017,-0.2699999999999996,-2.3999999999999915,0.2699999999999996,-0.17999999999999972,0.0,-0.09999999999999964,0.20999999999999996,0.06999999999999984,0.14999999999999947,0.14000000000000057,0.1200000000000001,0.4599999999999991,0.22999999999999954,-0.07000000000000028,-0.35999999999999943,0.2400000000000002,0.75,0.09999999999999964,0.0,0.11000000000000032,0.05000000000000071,0.3999999999999986,0.05999999999999872,0.0,-0.39000000000000057,-0.07999999999999963,0.7299999999999969,-0.19000000000000483,-0.049999999999998934,0.3099999999999987,-0.08000000000000007,0.3200000000000003,-0.03000000000000025,-0.4800000000000004,-0.8200000000000003,-1.3399999999999892,0.07000000000000028,-0.17999999999999972,-0.2799999999999976,0.02999999999999936,-0.46000000000000085,-0.46000000000000085,1.5900000000000034,-0.7899999999999991,-0.5300000000000011,0.030000000000001137,-0.040000000000000036,24.299999999999955,0.3100000000000023,-0.23999999999999844,-0.7700000000000031,0.1700000000000017,0.1999999999999993,-0.519999999999996,0.010000000000000009,-0.8299999999999983,0.39000000000000057,-0.23999999999999844,-0.41000000000000014,-1.0099999999999998,-0.6900000000000013,-0.5400000000000027,-0.509999999999998,0.1200000000000001,0.370000000000001,1.0,0.1999999999999993,-0.04999999999999716,0.009999999999999787,0.5700000000000003,-0.620000000000001,0.3299999999999983,0.46000000000000085,0.019999999999999574,0.02999999999999936,0.2400000000000002,0.39000000000000057,0.6000000000000014,1.2999999999999972,0.03999999999999915,0.08999999999999986,0.2699999999999996,0.5,0.2400000000000002,-0.41999999999999993,-0.3400000000000034,0.08000000000000007,-0.11000000000000298,-0.6599999999999966,-1.5600000000000023,-0.07000000000000028,0.08999999999999986,0.5500000000000007,-0.3200000000000003,0.5199999999999996,0.20999999999999996,0.17999999999999972,-0.10999999999999943,-0.010000000000001563,0.3600000000000003,-0.03000000000000025,0.020000000000000462,0.23000000000000043,0.5700000000000003,-0.07000000000000028,0.3800000000000008,0.15000000000000213,0.08999999999999986,0.020000000000000462,0.14999999999999947,0.27000000000000046,0.020000000000000462,0.8900000000000006,-0.2699999999999996,-0.02999999999999936,0.10000000000000009,0.10000000000000142,-0.4800000000000004,0.20999999999999996,0.22999999999999954,0.2999999999999998,-0.040000000000000924,-1.2799999999999976,-0.15000000000000036,-0.019999999999999574,-0.040000000000000036,-0.0600000000000005,0.009999999999999787,-2.530000000000001,0.15000000000000036,0.019999999999999574,0.16000000000000014,0.1200000000000001,0.4800000000000004,0.27999999999999936,-0.34999999999999787,0.040000000000000036,0.46000000000000085,-0.3200000000000003,0.030000000000001137,0.0600000000000005,-0.9299999999999997,-0.0600000000000005,0.10999999999999943,-0.10000000000000053,0.06999999999999984,0.23000000000000043,0.34999999999999964,0.35999999999999943,0.20999999999999996,0.04999999999999982,-0.21999999999999886,0.20999999999999996,-0.28000000000000114,0.9899999999999949,-0.4100000000000037,-0.5999999999999943,0.19000000000000483,-1.2099999999999937,-0.6200000000000045,-0.2600000000000051,-1.25,0.3300000000000125,-0.33000000000000007,-0.7699999999999996,-0.379999999999999,0.28000000000000114,-0.6000000000000014,-0.04999999999999716,-0.009999999999999787,-4.769999999999996,-1.4699999999999989,-0.4100000000000037,-3.030000000000001,0.7999999999999972,-0.29000000000000625,-0.21000000000000085,3.6200000000000045,-0.16999999999999993,1.0300000000000011,-0.10999999999999943,0.09000000000000341,-1.1299999999999955,0.7200000000000024,-1.240000000000002,-0.25,-0.4200000000000017,-0.5999999999999979,0.10000000000000142
2024-08-30,-0.02999999999999936,-0.5199999999999996,-0.509999999999998,-0.09999999999999987,0.0,-0.0600000000000005,-0.04999999999999982,-0.040000000000000036,-0.7999999999999972,-0.27000000000000135,-0.2699999999999996,0.07000000000000028,0.35999999999999943,-4.0,-5.430000000000007,-0.11000000000000032,-0.33999999999999986,-0.8900000000000006,-1.2199999999999989,-0.16000000000000014,0.020000000000000018,0.25,0.5,-0.3100000000000005,-1.1499999999999986,-0.6699999999999999,-0.1200000000000001,-4.25,-0.049999999999998934,-0.1200000000000001,-0.25,-0.509999999999998,0.3299999999999983,-0.990000000000002,-0.07000000000000028,0.5399999999999991,0.129999999999999,-0.33999999999999986,0.17999999999999972,-0.019999999999999574,-0.20000000000000018,-1.5200000000000031,-0.2699999999999996,-0.26000000000000156,-0.28000000000000025,-0.120000000000001,-0.01999999999999602,-0.8299999999999983,0.08999999999999986,-0.7999999999999972,-0.370000000000001,-1.6199999999999974,0.08000000000000007,-0.5,-4.640000000000001,-1.2899999999999991,0.7100000000000009,-13.099999999999966,-0.9399999999999995,-0.5499999999999972,0.20000000000000107,-0.9399999999999977,-0.7100000000000009,-2.190000000000005,-0.17999999999999972,-0.129999999999999,-14.569999999999993,-0.4800000000000004,-0.03999999999999915,-0.39000000000000057,-0.35999999999999943,-0.8000000000000043,,0.33000000000000185,0.740000000000002,-0.6199999999999974,1.4000000000000057,0.2599999999999909,-2.309999999999995,0.0,-1.1400000000000006,-0.27999999999999936,-6.189999999999998,-0.41000000000000014,-0.28000000000000114,0.5700000000000003,0.17999999999999972,-1.1700000000000017,1.25,2.260000000000005,-0.3200000000000003,-0.3100000000000023,-1.3999999999999986,-0.6400000000000006,-0.740000000000002,0.27999999999999936,0.75,-0.46999999999999886,-0.14999999999999858,-0.18999999999999773,-5.420000000000002,-3.539999999999992,-1.0,-0.14999999999999858,-22.600000000000023,0.25,-2.8799999999999955,-3.5500000000000114,-0.4599999999999973,0.23000000000000398,-0.39000000000000057,-0.490000000000002,-0.8100000000000023,0.120000000000001,-0.480000000000004,-0.020000000000000018,-0.0,0.10000000000000053,-0.020000000000000018,0.1900000000000004,-0.11000000000000032,0.22999999999999954,0.16999999999999993,0.0600000000000005,-0.03000000000000025,-0.5,-0.2400000000000002,0.7800000000000011,-0.03000000000000025,-0.40999999999999925,0.040000000000000036,-0.25,-0.8100000000000023,-0.25,-0.009999999999999787,0.14999999999999858,0.009999999999999787,-1.2899999999999991,0.39000000000000057,-0.3200000000000003,-0.23999999999999844,-0.17999999999999972,0.14000000000000057,0.020000000000000018,-0.21000000000000085,0.18999999999999773,-2.180000000000007,-0.16000000000000014,-0.09999999999999964,-0.120000000000001,-0.22000000000000064,-0.8599999999999994,-0.5899999999999999,-3.469999999999999,-0.18000000000000327,-0.46000000000000085,0.879999999999999,-0.050000000000000266,-29.8900000000001,0.7199999999999989,-0.5399999999999991,-1.7299999999999969,-0.26000000000000156,-0.27000000000000135,-1.5500000000000043,-0.05999999999999983,-0.35999999999999943,0.28000000000000114,-1.1099999999999994,-0.05999999999999872,0.14000000000000057,-1.1799999999999997,-0.6199999999999974,0.14999999999999858,0.040000000000000036,0.06999999999999673,-10.230000000000018,-0.15999999999999837,-0.13000000000000256,-0.09999999999999964,-0.20999999999999908,0.240000000000002,-0.5700000000000003,-0.019999999999999574,0.04999999999999982,-0.13999999999999968,0.16000000000000014,0.129999999999999,0.35999999999999943,1.4100000000000108,-0.16999999999999993,-0.0,-0.15000000000000036,-0.040000000000000036,0.019999999999999574,-0.25,-1.9199999999999946,-0.33999999999999986,-0.4599999999999973,0.20000000000000284,-0.5399999999999991,-0.07000000000000028,-0.14000000000000057,-1.25,-0.6999999999999993,0.17999999999999972,0.1200000000000001,0.07000000000000028,-0.6899999999999995,-0.7600000000000016,0.1899999999999995,-0.11000000000000032,-0.1200000000000001,0.1900000000000004,-1.4100000000000037,0.17999999999999972,0.4499999999999993,-2.919999999999998,-0.15000000000000036,-0.08000000000000007,0.02999999999999936,0.23999999999999932,0.009999999999999787,-1.8900000000000006,0.0799999999999983,0.10000000000000142,0.11999999999999966,-0.8800000000000026,-0.8500000000000014,0.16999999999999993,0.14999999999999947,0.009999999999999787,-0.1999999999999993,-0.8699999999999974,-0.23000000000000043,-0.040000000000000924,0.08000000000000007,0.1200000000000001,-0.3699999999999992,-1.9399999999999977,-0.030000000000001137,-0.23000000000000043,0.019999999999999574,0.040000000000000036,0.22000000000000064,-0.02999999999999936,-0.120000000000001,0.0,-0.2400000000000002,-0.10000000000000142,-0.3200000000000003,-1.0100000000000016,-1.5300000000000011,0.23000000000000043,-0.07000000000000028,-0.16999999999999993,0.020000000000000018,-0.3699999999999992,0.3799999999999999,-0.07000000000000028,0.1200000000000001,0.09999999999999964,-1.2100000000000009,0.22999999999999954,-1.3000000000000043,-1.190000000000012,-0.46999999999999886,-2.0400000000000063,-3.009999999999998,-4.760000000000005,-1.1399999999999935,-0.7199999999999989,-1.0100000000000051,-2.960000000000008,-0.3600000000000012,-0.4499999999999993,0.21000000000000085,-2.469999999999999,-0.35999999999999943,-2.3799999999999955,-0.07000000000000028,-0.539999999999992,2.319999999999993,-1.2800000000000011,-2.75,0.060000000000002274,-4.390000000000001,-1.1000000000000014,-0.5900000000000034,0.3800000000000008,1.4500000000000028,-0.14000000000000057,-16.400000000000006,-1.6299999999999955,-0.19000000000000128,-0.769999999999996,-0.00999999999999801,-0.5300000000000011,-0.33999999999999986,-0.980000000000004
2024-09-02,-0.05000000000000071,-0.33999999999999986,-0.629999999999999,-0.030000000000000027,-0.06000000000000005,-0.1800000000000006,0.3199999999999994,-0.07000000000000028,0.480000000000004,-0.27000000000000135,-0.07000000000000028,0.009999999999999787,0.3399999999999963,6.780000000000001,-6.820000000000022,-0.08999999999999986,-0.39000000000000057,0.3499999999999943,-2.9199999999999875,-0.17999999999999972,-0.029999999999999805,-1.4799999999999969,-0.8000000000000007,-0.25,-1.1799999999999997,-0.07000000000000028,0.22000000000000064,-4.030000000000001,0.09999999999999964,-0.28000000000000025,0.0400000000000027,-0.6699999999999982,-0.629999999999999,-0.980000000000004,-0.03000000000000025,0.5499999999999972,-0.33000000000000007,-0.40000000000000036,-0.120000000000001,-0.16000000000000014,-0.16000000000000014,-1.230000000000004,-0.5899999999999999,-0.26000000000000156,-0.21000000000000085,-0.28999999999999915,-0.13000000000000256,-0.5599999999999987,0.019999999999999574,-1.0,-0.20000000000000107,-1.2199999999999989,-0.07000000000000028,-0.4900000000000002,-3.8799999999999955,-0.8200000000000003,-0.10000000000000142,-10.879999999999995,0.9299999999999997,-0.5499999999999972,-0.19000000000000128,-1.2299999999999969,-1.3300000000000018,-0.8700000000000045,-0.16999999999999993,-0.379999999999999,-8.319999999999993,-0.7400000000000002,-0.29999999999999893,-0.33999999999999986,-0.40000000000000036,-0.10999999999999943,,-0.7199999999999989,-2.450000000000003,-0.34999999999999787,-2.680000000000007,-2.480000000000004,-0.6999999999999957,0.019999999999999574,-0.9399999999999977,-0.47999999999999865,-3.969999999999999,-0.40000000000000036,-0.6999999999999993,-1.259999999999998,-0.25,-1.7299999999999969,-1.019999999999996,-4.77000000000001,-1.1699999999999982,-2.4299999999999997,-0.9100000000000001,-0.8499999999999979,-0.41000000000000014,-0.6099999999999994,-1.7100000000000009,-1.0700000000000003,-0.14000000000000057,1.3099999999999987,-2.549999999999997,-3.1500000000000057,-2.089999999999989,-0.48999999999999844,-4.320000000000022,-2.3000000000000043,-3.1999999999999957,-6.320000000000022,-0.7899999999999991,-1.3999999999999986,-0.9899999999999949,-0.35999999999999943,-1.4099999999999966,-0.03999999999999915,-0.8800000000000026,-0.020000000000000018,0.0,-0.3200000000000003,-0.04999999999999982,-0.23000000000000043,-0.03000000000000025,0.09999999999999964,0.049999999999998934,0.16000000000000014,-0.14000000000000057,-0.36999999999999744,0.18999999999999773,-0.21999999999999886,0.15000000000000036,-0.2699999999999996,-0.009999999999999787,-0.15999999999999925,-0.490000000000002,-0.3099999999999987,-0.39000000000000057,-0.10000000000000142,0.04999999999999982,-1.8200000000000003,3.469999999999999,-0.29999999999999893,-0.2799999999999976,-0.4300000000000015,-0.16000000000000014,0.020000000000000018,-0.46000000000000085,-0.23000000000000398,-2.1599999999999966,2.0799999999999983,0.21999999999999886,-0.5599999999999987,0.4499999999999993,0.09999999999999787,-0.4400000000000013,-5.390000000000015,-0.8000000000000007,-0.740000000000002,-0.4400000000000013,-0.1200000000000001,-48.190000000000055,-0.8299999999999983,-0.48999999999999844,-1.6199999999999974,-0.060000000000002274,-0.39000000000000057,-2.4000000000000057,-0.039999999999999813,0.36999999999999744,0.5199999999999996,-0.3099999999999987,-0.27999999999999936,0.09999999999999964,-0.7000000000000028,-0.39000000000000057,-0.5899999999999963,0.09000000000000075,-0.2099999999999973,-9.390000000000015,-0.21999999999999886,-0.38000000000000256,-0.25,0.4399999999999995,-0.9899999999999984,-0.990000000000002,0.33000000000000185,0.29000000000000004,-0.16999999999999993,0.07000000000000028,0.0600000000000005,-0.46000000000000085,-2.089999999999989,-0.14000000000000057,-0.05000000000000071,-0.08000000000000007,0.0,0.22000000000000064,-0.620000000000001,-1.3799999999999955,-0.4900000000000002,-0.5199999999999996,0.5300000000000011,-0.18999999999999773,-0.16000000000000014,0.3600000000000003,-1.0199999999999996,-0.03999999999999915,-0.010000000000001563,-0.11000000000000032,0.4900000000000002,-0.28999999999999915,0.14000000000000057,0.08000000000000007,0.010000000000000675,0.15000000000000036,0.17000000000000082,-0.5799999999999983,0.1299999999999999,-0.05000000000000071,0.10999999999999943,-0.13999999999999968,-0.08999999999999986,0.29000000000000004,-0.040000000000000036,-0.0600000000000005,0.16000000000000014,0.05999999999999872,0.4900000000000002,-0.1200000000000001,-0.7899999999999991,-1.0800000000000018,0.009999999999999787,-0.10999999999999943,-0.16999999999999993,-0.15000000000000036,-1.8299999999999983,-0.5,0.0,0.09000000000000075,0.22999999999999954,-0.21999999999999886,-1.3100000000000023,0.6300000000000008,0.23000000000000043,0.08999999999999986,0.009999999999999787,-0.009999999999999787,0.08000000000000007,-0.8399999999999999,0.04999999999999982,-0.21999999999999975,-1.0999999999999979,-0.40000000000000036,-0.45000000000000107,-2.0799999999999983,-0.8200000000000003,-0.39000000000000057,-0.23000000000000043,0.06000000000000005,-0.09999999999999964,-0.04999999999999982,0.0600000000000005,0.11000000000000032,0.33999999999999986,-1.2300000000000004,0.009999999999999787,-1.25,3.8000000000000043,-1.4399999999999977,0.9599999999999937,-1.0499999999999972,-5.349999999999994,-0.5899999999999963,-1.1400000000000006,-0.05999999999999517,-4.1299999999999955,-0.41000000000000014,-0.6999999999999993,-0.2400000000000002,1.0,-1.0799999999999983,-3.839999999999989,-0.1900000000000004,-1.9500000000000028,-10.590000000000003,-2.6799999999999997,-7.230000000000018,-3.1099999999999994,-1.519999999999996,-1.2600000000000051,-13.680000000000007,-0.5099999999999998,2.739999999999995,-0.15000000000000036,-4.550000000000011,1.509999999999991,0.5899999999999999,-1.5799999999999983,-0.28999999999999915,1.490000000000002,-0.5399999999999991,-1.4600000000000009
2024-09-03,-0.02999999999999936,0.09999999999999964,0.16000000000000014,0.030000000000000027,0.06000000000000005,-0.019999999999999574,0.0699999999999994,-0.07000000000000028,0.7399999999999949,-0.03999999999999915,0.10000000000000142,-0.04999999999999982,-1.230000000000004,1.730000000000004,2.9000000000000057,-0.020000000000000462,0.15000000000000036,0.5800000000000054,0.4299999999999926,-0.0600000000000005,-0.06000000000000005,0.259999999999998,-0.5999999999999979,0.25,0.28999999999999915,-0.33000000000000007,-0.08999999999999986,1.3199999999999932,0.02999999999999936,-0.1200000000000001,-0.5699999999999967,0.23000000000000043,0.2099999999999973,0.38000000000000256,-0.1299999999999999,-0.7700000000000031,0.16000000000000014,0.22000000000000064,0.240000000000002,0.129999999999999,-0.09999999999999964,0.6799999999999997,-0.629999999999999,0.33000000000000185,0.120000000000001,-0.1700000000000017,0.44999999999999574,0.259999999999998,0.08999999999999986,-0.7000000000000028,0.21000000000000085,-0.019999999999999574,0.010000000000000675,0.129999999999999,-0.23999999999999488,-0.05999999999999517,-0.9600000000000009,4.090000000000032,0.40000000000000036,0.22999999999999687,-0.39000000000000057,-0.5,-1.1999999999999993,0.0800000000000054,0.0,0.15000000000000036,-5.980000000000018,0.41000000000000014,-0.17999999999999972,0.1999999999999993,-0.370000000000001,0.769999999999996,,-0.4299999999999997,-1.0,0.6099999999999994,0.9699999999999989,-5.240000000000009,-0.0799999999999983,0.3099999999999996,-0.7800000000000011,0.09999999999999964,1.2199999999999989,0.0600000000000005,-0.030000000000001137,0.240000000000002,0.129999999999999,0.9399999999999977,0.01999999999999602,1.1800000000000068,0.28999999999999915,1.3700000000000045,0.38000000000000256,0.1999999999999993,-0.26000000000000156,-0.41999999999999993,0.45000000000000284,1.0799999999999983,0.11000000000000298,0.6699999999999982,0.18999999999999773,-4.460000000000008,1.0,0.05999999999999872,1.0100000000000193,-0.1699999999999946,0.5799999999999983,0.8700000000000045,-0.46999999999999886,0.30000000000000426,1.1599999999999966,0.16000000000000014,0.8400000000000034,-0.14000000000000057,0.13000000000000256,-0.0,-0.10000000000000053,-0.05999999999999961,-0.04999999999999982,0.05999999999999961,0.05999999999999961,-0.09999999999999964,-0.23999999999999844,0.2999999999999998,0.040000000000000036,0.1999999999999993,0.07000000000000028,-0.3099999999999987,-0.08000000000000007,0.040000000000000036,0.040000000000000036,0.04999999999999982,0.259999999999998,0.16000000000000014,0.0600000000000005,-0.22000000000000242,-0.0,0.6600000000000037,,-0.07000000000000028,0.2699999999999996,-0.14000000000000057,-0.3200000000000003,0.03000000000000025,0.25,-0.6799999999999997,0.5099999999999909,-0.35999999999999943,0.09999999999999964,0.0799999999999983,0.08999999999999986,-0.620000000000001,-0.019999999999999574,0.8500000000000227,-0.7899999999999991,0.08999999999999986,-0.22999999999999865,-0.020000000000000018,15.0,-0.4800000000000004,0.3200000000000003,-0.019999999999999574,-0.14000000000000057,0.15000000000000036,0.7800000000000011,0.019999999999999796,0.22999999999999687,-0.34999999999999787,-0.759999999999998,0.23000000000000043,0.39000000000000057,0.2900000000000027,0.21000000000000085,0.6599999999999966,-0.09000000000000075,-0.09999999999999787,2.210000000000008,0.11999999999999922,-0.7000000000000028,-0.040000000000000924,-0.129999999999999,0.5700000000000003,0.3300000000000054,-0.6000000000000014,-0.040000000000000036,0.0,-0.1299999999999999,0.21000000000000085,0.5899999999999999,-0.28999999999999204,-0.1800000000000015,0.3100000000000005,-0.3099999999999987,0.009999999999999787,0.08999999999999986,0.3200000000000003,0.6599999999999966,0.1399999999999988,0.120000000000001,-0.8999999999999986,-1.3200000000000003,0.05000000000000071,0.040000000000000036,-0.00999999999999801,0.2599999999999998,0.14000000000000057,-0.1299999999999999,-0.08999999999999986,0.08999999999999986,-0.17999999999999972,-0.08999999999999986,0.03000000000000025,0.15000000000000036,0.20999999999999996,-0.240000000000002,0.08000000000000007,-0.17999999999999972,-0.30999999999999517,0.0699999999999994,0.04999999999999982,-0.08000000000000007,0.1800000000000006,0.0600000000000005,-0.25,0.26000000000000156,0.03999999999999915,0.0,0.03999999999999915,0.3400000000000034,0.11000000000000032,0.16000000000000014,0.009999999999999787,0.019999999999999574,-1.1900000000000048,0.07000000000000028,-0.21000000000000085,0.040000000000000036,0.009999999999999787,0.02999999999999936,-2.6599999999999966,-0.14999999999999947,-0.10999999999999943,0.04999999999999982,0.040000000000000036,0.2400000000000002,0.29999999999999893,0.1999999999999993,0.009999999999999787,0.11000000000000032,-0.03999999999999915,0.07000000000000028,0.2400000000000002,0.21000000000000085,-0.4299999999999997,-0.11999999999999922,0.0600000000000005,-0.020000000000000018,0.22000000000000064,-0.16000000000000014,0.5800000000000001,-0.14000000000000057,,0.3100000000000023,0.1299999999999999,0.21999999999999886,0.44999999999999574,0.6499999999999986,-0.45999999999999375,0.12999999999999545,1.6799999999999926,0.6499999999999986,0.19000000000001194,-1.7700000000000031,1.1599999999999966,-0.3699999999999992,-0.35999999999999943,0.17999999999999972,-0.8699999999999974,0.41999999999999815,1.4799999999999898,0.0,-1.0700000000000074,-4.240000000000009,-2.989999999999995,0.9900000000000091,-0.04000000000000625,-0.5500000000000114,0.23000000000000398,5.189999999999998,0.05000000000000071,1.6599999999999966,-0.08999999999999986,-11.439999999999998,-1.2199999999999989,0.379999999999999,0.03999999999999915,0.740000000000002,0.03999999999999915,0.17999999999999972,0.5200000000000031
2024-09-04,-0.0600000000000005,0.05999999999999961,0.129999999999999,-0.020000000000000018,0.0,-0.08999999999999986,0.03000000000000025,0.03000000000000025,0.4899999999999949,0.05000000000000071,0.379999999999999,-0.020000000000000462,1.980000000000004,-1.5400000000000063,-1.5,-0.08000000000000007,0.019999999999999574,-0.10000000000000142,0.25,0.129999999999999,0.0,-0.3999999999999986,-0.04999999999999716,-0.09999999999999964,-0.46000000000000085,-0.10000000000000142,-0.009999999999999787,-1.2099999999999937,-0.10999999999999943,-0.040000000000000036,-0.36999999999999744,-0.240000000000002,-0.21999999999999886,-0.35999999999999943,-0.14000000000000057,0.030000000000001137,-0.11999999999999922,-0.25,-0.21000000000000085,-0.009999999999999787,-0.009999999999999787,-0.1600000000000037,0.07000000000000028,-0.21000000000000085,0.030000000000001137,-0.18999999999999773,0.3200000000000003,-0.4599999999999973,-0.030000000000001137,-0.21000000000000085,-0.040000000000000924,0.5100000000000016,-0.0600000000000005,0.09999999999999964,-0.5100000000000051,-0.21000000000000085,0.21000000000000085,-4.900000000000034,-0.2900000000000009,0.14000000000000057,-0.2400000000000002,-0.25,0.010000000000001563,0.7899999999999991,0.009999999999999787,-0.23000000000000043,3.2399999999999807,-0.45000000000000107,-0.08999999999999986,0.41999999999999993,-0.09999999999999964,-1.1199999999999974,,-0.8900000000000006,0.060000000000002274,0.08999999999999986,1.8100000000000023,1.2999999999999972,-0.8800000000000026,-0.08000000000000007,-0.21999999999999886,-0.019999999999999574,-0.09999999999999432,0.0,0.379999999999999,-0.22999999999999687,0.17999999999999972,-0.23000000000000398,0.01999999999999602,3.4099999999999966,0.1999999999999993,0.0899999999999963,-0.5,-0.08999999999999986,0.5199999999999996,0.1899999999999995,-0.259999999999998,-0.17999999999999972,-0.3500000000000014,-0.8700000000000045,-0.09000000000000341,1.5,-1.0899999999999892,-0.16000000000000014,0.3299999999999841,-0.14000000000000057,-0.13000000000000256,0.18999999999999773,-0.6700000000000017,0.6199999999999974,-1.039999999999992,0.28000000000000114,-0.8299999999999983,0.07000000000000028,-0.05000000000000426,-0.010000000000000009,-0.08000000000000007,0.14999999999999947,-0.020000000000000018,0.020000000000000462,-0.020000000000000462,-0.08000000000000007,0.02999999999999936,-0.08000000000000007,0.010000000000000675,0.0,-0.029999999999997584,-0.26000000000000156,0.0,0.1899999999999995,0.009999999999999787,-0.03000000000000025,0.6099999999999994,-0.0600000000000005,-0.14000000000000057,-0.11000000000000298,0.009999999999999787,-0.30000000000000426,,0.27000000000000135,-0.1999999999999993,-0.21000000000000085,-0.14999999999999858,0.11000000000000032,-0.05000000000000071,-0.07000000000000028,0.6599999999999966,-0.13000000000000256,0.019999999999999574,0.6499999999999986,0.009999999999999787,0.03999999999999915,-0.26000000000000156,-1.3900000000000148,0.1999999999999993,-0.0799999999999983,0.3100000000000005,-0.029999999999999805,-10.0,-0.33999999999999986,-0.05000000000000071,-0.5300000000000011,-0.17999999999999972,-0.02000000000000135,-0.6700000000000017,-0.019999999999999796,0.35999999999999943,0.21999999999999886,0.129999999999999,-0.0600000000000005,0.0600000000000005,-0.11000000000000298,-0.08999999999999986,-0.25,-0.040000000000000036,-0.34999999999999787,-2.0600000000000023,-0.07000000000000028,0.3999999999999986,0.14999999999999858,0.21999999999999886,-0.03999999999999915,0.09999999999999432,0.03999999999999915,-0.040000000000000036,-0.0600000000000005,0.020000000000000462,-0.16000000000000014,1.5599999999999987,-0.4099999999999966,-0.030000000000001137,0.4399999999999995,0.05000000000000071,-0.020000000000000462,0.09999999999999964,-0.16000000000000014,-1.8700000000000045,0.009999999999999787,0.05999999999999872,-0.5200000000000031,-0.3100000000000023,0.040000000000000036,-0.08000000000000007,0.5199999999999996,-0.05000000000000071,-0.120000000000001,-0.020000000000000462,-0.1900000000000004,-0.09999999999999964,-0.1999999999999993,-0.03000000000000025,-0.019999999999999574,-0.05000000000000071,0.03999999999999915,0.5700000000000003,-0.13999999999999968,-0.07000000000000028,-0.28000000000000114,-0.0699999999999994,-0.040000000000000036,-0.1299999999999999,-0.04999999999999982,0.21999999999999975,-0.08999999999999986,0.18999999999999773,-0.08999999999999986,0.08999999999999986,-0.4200000000000017,0.46999999999999886,-0.009999999999999787,-0.11000000000000032,-0.09999999999999964,-0.06999999999999851,0.6099999999999994,0.16999999999999993,-0.27999999999999936,0.0,-0.040000000000000036,-0.0600000000000005,5.019999999999996,-0.08999999999999986,0.6500000000000004,0.0600000000000005,0.03000000000000025,-0.1899999999999995,0.46000000000000085,-0.21999999999999886,0.020000000000000018,-0.22000000000000064,0.14000000000000057,0.03999999999999915,-0.07000000000000028,0.5900000000000034,-0.25,0.8100000000000005,-0.02999999999999936,-0.010000000000000231,-0.06999999999999851,-0.020000000000000462,-0.15000000000000036,-0.019999999999999574,,0.0,-0.07000000000000028,-0.39000000000000057,0.5999999999999943,-1.009999999999998,0.6900000000000048,0.6700000000000017,-0.0799999999999983,-0.3100000000000023,1.460000000000008,0.20000000000000284,-0.9300000000000068,-0.14000000000000057,-0.18999999999999773,0.009999999999999787,-1.0300000000000011,-0.17999999999999972,1.1799999999999926,0.35999999999999943,1.6599999999999966,4.389999999999986,-0.8499999999999943,1.6599999999999966,-1.7800000000000011,-0.8499999999999943,0.0,0.8499999999999943,-0.16999999999999993,0.03999999999999915,-0.1299999999999999,-1.5600000000000023,-0.030000000000001137,-0.10000000000000142,0.03999999999999915,-0.060000000000002274,-0.14999999999999858,0.0799999999999983,-0.7299999999999969
2024-09-05,0.05000000000000071,0.1299999999999999,-0.21999999999999886,0.030000000000000027,-0.040000000000000036,-0.010000000000000675,0.009999999999999787,0.0,1.8900000000000006,0.16000000000000014,-0.28999999999999915,-0.009999999999999787,0.21999999999999886,0.710000000000008,-0.3599999999999852,0.040000000000000036,-0.11000000000000121,-0.18999999999999773,0.4200000000000017,0.09999999999999964,0.040000000000000036,-0.240000000000002,-0.14999999999999858,0.07000000000000028,-0.43000000000000327,-0.010000000000001563,-0.13999999999999968,0.4399999999999977,0.019999999999999574,0.05999999999999961,0.23999999999999844,-0.3200000000000003,0.4400000000000013,0.2699999999999996,0.09999999999999964,0.1600000000000037,0.08999999999999986,0.22999999999999865,-0.23000000000000043,-0.16000000000000014,0.07000000000000028,0.6099999999999994,-0.490000000000002,-0.08999999999999986,0.05000000000000071,-0.04999999999999716,0.07000000000000028,-0.020000000000003126,-0.0600000000000005,-0.36999999999999744,0.05000000000000071,-0.13999999999999702,0.020000000000000462,0.0600000000000005,0.6200000000000045,0.5,-0.3200000000000003,3.92999999999995,0.13000000000000078,0.05999999999999872,0.13000000000000078,-0.34999999999999787,-0.5399999999999991,-0.6100000000000065,0.030000000000001137,-0.3100000000000005,2.530000000000001,0.00999999999999801,0.14000000000000057,0.5999999999999996,-0.11999999999999922,-0.00999999999999801,,-0.060000000000002274,0.4399999999999977,-0.7299999999999969,0.030000000000001137,2.1299999999999955,0.04999999999999716,-0.04999999999999982,-0.010000000000005116,0.16000000000000014,-0.8799999999999955,-0.1899999999999995,0.16999999999999815,0.07000000000000028,0.17999999999999972,-0.5100000000000051,-0.9599999999999937,-0.23000000000000398,0.26000000000000156,0.5600000000000023,-0.05999999999999872,-0.34999999999999787,-0.1999999999999993,-0.03999999999999915,-0.7100000000000009,0.44000000000000483,0.16999999999999815,0.4899999999999949,-1.5900000000000034,-0.3499999999999943,-0.4700000000000131,0.08000000000000185,-2.0600000000000023,-2.229999999999997,-1.0799999999999983,0.9000000000000057,0.1999999999999993,0.6000000000000014,0.25,0.3099999999999987,-0.28999999999999204,-0.0,-0.23000000000000398,-0.010000000000000009,-0.0,0.040000000000000036,0.0,-0.07000000000000028,0.019999999999999574,0.05000000000000071,0.02999999999999936,0.040000000000000036,0.0,0.010000000000001563,0.0799999999999983,0.16000000000000014,0.11000000000000032,0.08999999999999986,0.05999999999999961,-0.08999999999999986,0.10000000000000142,0.019999999999999574,-0.0600000000000005,0.11000000000000298,0.0,-0.09000000000000341,,0.0600000000000005,-0.4099999999999966,0.1999999999999993,0.2699999999999996,0.0,-0.0,0.490000000000002,-0.10999999999999943,0.22000000000000242,0.3699999999999992,-0.15000000000000213,0.05000000000000071,-0.16999999999999815,-0.22000000000000242,1.3400000000000034,0.1700000000000017,-0.23999999999999844,0.0600000000000005,-0.10999999999999988,-4.880000000000109,-0.18999999999999773,-0.21999999999999886,-0.030000000000001137,-0.40000000000000213,-0.16000000000000014,0.4000000000000057,0.029999999999999805,0.07000000000000028,-0.08999999999999986,-0.05999999999999872,0.21999999999999886,0.16000000000000014,-0.25,-0.14000000000000057,0.07000000000000028,-0.05999999999999961,0.21000000000000085,0.6099999999999852,-0.3200000000000003,-0.46000000000000085,0.040000000000000924,-0.20999999999999908,-0.34999999999999787,-0.3100000000000023,-0.029999999999997584,-0.009999999999999787,0.05000000000000071,-0.09999999999999964,0.09999999999999964,-0.14999999999999858,1.1200000000000045,-0.21000000000000085,-0.33000000000000007,-0.09999999999999964,-0.07000000000000028,-0.03999999999999915,0.08999999999999986,-1.1000000000000014,0.040000000000000924,-0.22000000000000242,0.9399999999999977,-0.509999999999998,-0.019999999999999574,0.04999999999999982,-0.0400000000000027,0.05000000000000071,0.060000000000002274,0.0,0.0600000000000005,-0.23999999999999844,0.3500000000000014,-0.040000000000000036,0.04999999999999982,0.010000000000000675,-0.019999999999999574,-0.7800000000000011,0.08999999999999986,0.009999999999999787,0.5300000000000011,-0.09999999999999964,0.0600000000000005,0.03000000000000025,-0.08000000000000007,-0.15000000000000036,-0.7899999999999991,0.2699999999999996,-0.02999999999999936,0.009999999999999787,0.3200000000000003,0.379999999999999,0.0,0.0600000000000005,0.03000000000000025,-0.21999999999999886,-1.3200000000000003,-0.16999999999999993,-0.120000000000001,0.07000000000000028,0.009999999999999787,0.08999999999999986,1.2600000000000051,-0.009999999999999787,0.16999999999999993,0.03000000000000025,0.009999999999999787,0.08999999999999986,-0.11999999999999922,-0.1999999999999993,-0.010000000000000231,0.2699999999999996,0.120000000000001,0.10999999999999943,-0.02999999999999936,-0.17999999999999972,0.1899999999999995,0.0,0.0600000000000005,-0.020000000000000018,0.16999999999999993,0.09999999999999964,0.019999999999999574,0.03000000000000025,,0.21999999999999886,-0.04999999999999982,-0.25,-0.38000000000000256,0.259999999999998,0.14999999999999858,0.2600000000000051,0.269999999999996,-0.12000000000000455,0.6400000000000006,0.25,-0.710000000000008,0.049999999999998934,-0.29999999999999716,-0.21000000000000085,0.060000000000002274,-0.4400000000000013,0.5499999999999972,-0.020000000000000462,-1.6500000000000057,2.269999999999982,0.09000000000000341,1.4300000000000068,-3.5400000000000063,1.769999999999996,-0.19999999999999574,0.2300000000000182,-0.33999999999999986,-1.1000000000000014,0.03000000000000025,32.23999999999998,1.0,0.17999999999999972,-0.4000000000000057,-0.3999999999999986,-0.41000000000000014,-0.019999999999999574,0.4399999999999977
2024-09-06,-0.009999999999999787,-0.1200000000000001,-0.35999999999999943,-0.030000000000000027,-0.03000000000000025,-0.0699999999999994,-0.10000000000000053,-0.15000000000000036,-0.5700000000000003,-0.2599999999999998,-0.09000000000000341,-0.08999999999999986,-0.6699999999999946,2.8000000000000114,4.240000000000009,0.05999999999999961,-0.07000000000000028,-0.38000000000000256,-1.1099999999999994,-0.09999999999999964,-0.03000000000000025,1.3400000000000034,-0.41999999999999815,0.02000000000000135,-0.6800000000000033,-0.08000000000000007,-0.0600000000000005,-2.019999999999996,-0.09999999999999964,-0.02999999999999936,-0.16000000000000014,-0.5599999999999987,-0.5600000000000023,0.5700000000000003,-0.13999999999999968,0.7199999999999989,0.2900000000000009,-0.09999999999999964,-0.21999999999999886,-0.25,-0.009999999999999787,1.3599999999999994,-0.26000000000000156,-0.33999999999999986,-0.23000000000000043,0.16000000000000014,-0.3500000000000014,-0.18999999999999773,-0.14000000000000057,0.25,-0.22000000000000064,-0.370000000000001,-0.11000000000000032,-0.2400000000000002,-1.039999999999992,-0.39000000000000057,-0.3500000000000014,-4.560000000000002,-0.2400000000000002,-0.33000000000000185,-0.34000000000000163,-0.4800000000000004,-0.6499999999999986,1.3299999999999983,-0.08000000000000007,0.019999999999999574,-1.25,-0.3099999999999987,0.21000000000000085,-0.3100000000000005,-0.3500000000000014,0.00999999999999801,-0.09999999999999964,-0.8000000000000007,1.8799999999999955,-0.389999999999997,3.1999999999999886,0.11999999999999034,-0.6400000000000006,0.1200000000000001,-0.6899999999999977,-0.1899999999999995,1.3400000000000034,0.08999999999999986,0.7800000000000011,-0.4799999999999969,-0.129999999999999,-0.9100000000000037,-1.289999999999992,-2.25,-0.5899999999999999,1.730000000000004,-0.6400000000000006,-0.25,0.379999999999999,-0.25,-0.7700000000000031,-0.7600000000000051,-0.16999999999999815,-1.0899999999999963,-1.3599999999999994,-0.8500000000000227,-2.460000000000008,-0.4299999999999997,-7.780000000000001,-3.0600000000000023,-1.8699999999999974,3.829999999999984,-0.00999999999999801,-0.9699999999999989,1.3799999999999955,-0.16999999999999815,-1.2099999999999937,0.10999999999999943,-0.12000000000000455,-0.010000000000000009,0.08999999999999986,0.04999999999999982,-0.0,-0.020000000000000462,-0.020000000000000462,0.040000000000000036,0.040000000000000924,0.04999999999999982,-0.0,0.05000000000000071,0.3000000000000007,0.05000000000000071,-0.03000000000000025,-0.09999999999999964,-0.009999999999999787,0.009999999999999787,-0.22999999999999687,-0.09999999999999964,-0.129999999999999,-0.19000000000000128,0.020000000000000018,1.0700000000000003,,0.2400000000000002,-0.5199999999999996,-0.1899999999999995,-0.3099999999999987,-0.029999999999999805,-0.13000000000000078,-0.6000000000000014,-0.20000000000000284,-0.15000000000000213,-0.26000000000000156,-0.0799999999999983,0.1700000000000017,-0.10000000000000142,1.3800000000000026,-1.5300000000000011,-0.26000000000000156,-0.010000000000001563,0.02999999999999936,-0.050000000000000266,-6.880000000000109,0.13000000000000256,-0.22999999999999687,0.6799999999999997,-0.15000000000000213,-0.16000000000000014,0.7000000000000028,-0.020000000000000018,-0.3500000000000014,-0.10999999999999943,-0.1999999999999993,-0.28999999999999915,0.009999999999999787,-0.5899999999999999,-0.3999999999999986,0.3100000000000023,-0.04999999999999982,-0.26000000000000156,-4.2099999999999795,,-0.4399999999999977,-0.2400000000000002,0.06999999999999851,-0.259999999999998,-0.25,0.019999999999999574,-0.020000000000000462,-0.009999999999999787,0.03000000000000025,0.0,-0.0400000000000027,0.2400000000000091,0.08999999999999986,-0.3200000000000003,-0.07000000000000028,-0.019999999999999574,-0.03999999999999915,-0.23000000000000043,-0.8200000000000003,0.030000000000001137,-0.17999999999999972,-0.6799999999999997,-0.23000000000000398,-0.040000000000000036,0.14999999999999947,0.5199999999999996,-0.13000000000000078,0.08999999999999986,-0.009999999999999787,-0.05000000000000071,,1.2699999999999996,-0.019999999999999574,-0.0,-0.019999999999999574,0.009999999999999787,-0.1700000000000017,-0.040000000000000036,0.0,-0.0799999999999983,-0.08999999999999986,-0.009999999999999787,-0.040000000000000036,0.009999999999999787,0.0,-0.7399999999999984,-0.129999999999999,0.2400000000000002,-0.009999999999999787,-0.10999999999999943,0.0,-0.11000000000000032,-0.05000000000000071,-0.0,-0.25,0.00999999999999801,-0.22000000000000064,-0.21999999999999886,-0.0600000000000005,-0.05999999999999961,-0.009999999999999787,-1.9699999999999989,-0.05999999999999961,-0.2699999999999996,-0.0600000000000005,0.010000000000000231,0.07000000000000028,-0.09000000000000163,-0.9299999999999997,-0.020000000000000018,-0.2400000000000002,-0.33999999999999986,-0.0600000000000005,-0.5399999999999991,1.9099999999999966,0.02999999999999936,0.08000000000000007,-0.040000000000000036,-0.009999999999999787,-0.11000000000000121,-0.020000000000000462,0.1999999999999993,0.009999999999999787,,-0.6099999999999994,0.0,1.3900000000000006,-0.5200000000000031,-0.8599999999999994,-0.10999999999999943,-0.17999999999999972,-1.9099999999999966,-0.4200000000000017,-0.75,0.6200000000000045,-1.8299999999999983,-0.33999999999999986,-0.3299999999999983,0.8099999999999987,-1.25,-0.28000000000000114,-1.5100000000000051,-0.009999999999999787,-2.0700000000000074,-3.4799999999999898,-0.259999999999998,-1.170000000000016,-1.0700000000000074,1.480000000000004,-0.9799999999999969,-5.0,-0.2699999999999996,-0.28999999999999915,0.1800000000000006,8.280000000000001,-1.2000000000000028,-0.4299999999999997,-0.480000000000004,-0.7800000000000011,-0.5700000000000003,0.370000000000001,0.8900000000000006
2024-09-09,0.23000000000000043,-0.09999999999999964,0.5599999999999987,0.010000000000000009,0.04999999999999982,0.1200000000000001,-0.0600000000000005,0.1200000000000001,1.9299999999999997,0.3200000000000003,0.29999999999999716,0.20000000000000018,-0.20000000000000284,2.6999999999999886,4.6200000000000045,0.019999999999999574,-0.21000000000000085,1.0600000000000023,0.3299999999999983,0.3000000000000007,0.029999999999999805,-0.5399999999999991,0.38000000000000256,-0.02999999999999936,0.5599999999999987,-0.41000000000000014,0.0,1.3100000000000023,0.02999999999999936,0.020000000000000462,0.07000000000000028,-0.19000000000000128,0.3200000000000003,-0.10000000000000142,0.1900000000000004,0.519999999999996,-0.129999999999999,0.11999999999999922,0.120000000000001,0.1399999999999988,0.2400000000000002,-0.20000000000000284,-0.19000000000000128,-0.18000000000000327,-0.08999999999999986,0.5,-0.490000000000002,0.6400000000000006,0.009999999999999787,-0.3400000000000034,0.15000000000000036,-0.019999999999999574,0.11000000000000032,-0.0600000000000005,1.6200000000000045,0.1700000000000017,0.17999999999999972,2.0200000000000387,0.21999999999999886,0.8200000000000003,-0.05999999999999872,0.5199999999999996,0.4400000000000013,-0.00999999999999801,0.08999999999999986,-0.15000000000000036,-1.6200000000000045,0.2400000000000002,0.11999999999999922,-0.1999999999999993,-0.08000000000000007,-0.4799999999999969,-0.05000000000000071,-0.21999999999999886,-1.1899999999999977,0.030000000000001137,-0.09000000000000341,8.0,0.20999999999999375,0.020000000000000462,-0.3100000000000023,-0.21999999999999886,0.4200000000000017,-0.009999999999999787,0.010000000000001563,-0.14000000000000057,0.08999999999999986,-0.25,-0.3399999999999892,-2.5799999999999983,-0.20000000000000284,-0.47000000000000597,0.18999999999999773,-0.08999999999999986,-0.040000000000000924,0.07000000000000028,0.28999999999999915,0.21000000000000085,0.10999999999999943,-0.6000000000000014,0.6299999999999955,0.799999999999983,0.06999999999999318,-0.7899999999999991,1.5900000000000034,-1.25,-0.3100000000000023,-1.1200000000000045,-0.490000000000002,0.23000000000000398,0.7599999999999909,0.13000000000000256,0.7900000000000063,0.049999999999998934,0.6899999999999977,0.010000000000000009,0.07000000000000028,-0.0,0.10000000000000009,0.09999999999999964,0.13999999999999968,0.07999999999999918,0.030000000000001137,0.21999999999999975,-0.05000000000000071,-0.0799999999999983,0.8899999999999988,1.0100000000000016,0.1900000000000004,0.15000000000000036,0.0600000000000005,0.019999999999999574,0.5500000000000043,0.2400000000000002,-0.1399999999999988,0.16000000000000014,0.009999999999999787,0.8299999999999983,,0.02999999999999936,0.2099999999999973,0.7800000000000011,0.1700000000000017,0.07000000000000028,0.02999999999999936,-0.14999999999999858,0.2599999999999909,0.5500000000000007,-0.21999999999999886,0.23000000000000043,0.129999999999999,-0.030000000000001137,-0.14000000000000057,-0.11000000000001364,0.14999999999999858,0.18999999999999773,0.3100000000000005,0.0,23.0,0.9700000000000024,0.22000000000000064,0.34999999999999787,0.36999999999999744,0.09999999999999964,0.8900000000000006,-0.009999999999999787,0.13000000000000256,-0.129999999999999,0.7300000000000004,-0.08000000000000007,0.009999999999999787,-0.05999999999999872,-0.11999999999999744,0.4799999999999969,0.14000000000000057,0.48999999999999844,4.0800000000000125,,0.0400000000000027,0.22999999999999865,-0.25,0.19000000000000128,0.7199999999999989,-0.25,0.08000000000000007,0.019999999999999574,0.25,-0.2599999999999998,0.9599999999999973,1.6400000000000006,-0.0600000000000005,0.05000000000000071,-0.02999999999999936,-0.08000000000000007,-0.07000000000000028,0.21999999999999886,0.03999999999999915,0.08999999999999986,-0.0400000000000027,0.8200000000000003,0.6199999999999974,0.040000000000000036,-0.09000000000000075,0.240000000000002,0.28999999999999915,0.41999999999999993,0.17999999999999972,0.16999999999999993,,0.5700000000000003,0.08000000000000007,0.009999999999999787,0.04999999999999982,-0.009999999999999787,0.5700000000000003,0.020000000000000462,0.0699999999999994,-0.5,0.07000000000000028,-0.03000000000000025,0.08999999999999986,-0.02999999999999936,0.1200000000000001,0.9299999999999997,-0.05000000000000071,-0.11999999999999922,0.050000000000000266,0.25,-0.3099999999999987,-0.10000000000000053,0.13999999999999968,0.08999999999999986,-0.049999999999998934,0.13000000000000256,-0.09999999999999964,0.3200000000000003,-0.0600000000000005,0.11000000000000032,-0.09999999999999964,4.599999999999994,0.21000000000000085,0.27000000000000135,0.04999999999999982,0.03000000000000025,0.2900000000000009,0.21999999999999886,-0.28999999999999915,0.020000000000000018,0.20999999999999996,0.1700000000000017,-0.040000000000000924,-0.019999999999999574,-1.2299999999999969,0.41000000000000014,0.6099999999999994,-0.040000000000000036,0.04999999999999982,0.21999999999999886,0.05999999999999961,-0.08000000000000007,0.040000000000000036,,0.120000000000001,0.08999999999999986,0.20000000000000284,0.9899999999999949,-0.6099999999999994,0.10999999999999943,0.21999999999999886,0.9399999999999977,0.5499999999999972,0.789999999999992,-0.6899999999999977,-0.7399999999999949,-0.14999999999999858,0.3099999999999987,-0.14000000000000057,1.5399999999999991,0.17999999999999972,-0.23999999999999488,0.20000000000000018,0.29999999999999716,0.8100000000000023,-0.44000000000000483,-0.04000000000000625,4.049999999999997,0.21999999999999886,0.17999999999999972,0.20000000000001705,0.26000000000000156,1.3099999999999952,-0.02999999999999936,-4.469999999999999,3.9399999999999977,0.010000000000001563,1.019999999999996,-0.19999999999999574,-0.3200000000000003,-0.23999999999999844,-0.21000000000000085
2024-09-10,0.05000000000000071,0.07000000000000028,0.3299999999999983,-0.0,0.029999999999999805,0.07000000000000028,-0.040000000000000036,0.20000000000000018,-0.3400000000000034,-0.049999999999998934,-0.060000000000002274,0.07000000000000028,0.35999999999999943,-0.710000000000008,0.9699999999999989,0.0,0.0600000000000005,0.10000000000000142,0.1599999999999966,-0.10999999999999943,-0.04999999999999982,0.0,-0.05999999999999872,0.02999999999999936,-0.16999999999999815,-0.3200000000000003,0.009999999999999787,0.21000000000000796,0.0600000000000005,0.08000000000000007,-0.15000000000000213,-0.21000000000000085,0.21999999999999886,-0.75,0.03000000000000025,4.010000000000005,0.08000000000000007,0.25,0.35999999999999943,0.08999999999999986,0.08999999999999986,-0.3999999999999986,-0.120000000000001,0.03999999999999915,0.05999999999999961,-0.029999999999997584,0.17999999999999972,-0.10999999999999943,0.030000000000001137,-0.5,-0.23000000000000043,-0.28999999999999915,-0.02999999999999936,0.049999999999998934,0.23000000000000398,0.8800000000000026,0.0799999999999983,-2.640000000000043,-0.2599999999999998,0.5200000000000031,-0.0,0.39000000000000057,0.6799999999999997,-0.6199999999999974,0.009999999999999787,-0.11999999999999922,-0.3299999999999841,0.08999999999999986,0.010000000000001563,0.09999999999999964,0.21999999999999886,-0.05999999999999517,0.009999999999999787,0.6099999999999994,-0.980000000000004,-1.0100000000000016,1.3400000000000034,2.25,0.01999999999999602,-0.05999999999999961,-0.18999999999999773,-0.11999999999999922,0.3200000000000074,-0.030000000000001137,-0.05000000000000071,-1.269999999999996,0.0,-0.2700000000000031,-0.010000000000005116,-4.430000000000007,-0.0,-0.28000000000000114,-0.4399999999999977,-0.0,0.040000000000000924,-0.14000000000000057,-1.3100000000000023,-0.6600000000000037,-0.10000000000000142,-0.8999999999999986,-0.7999999999999972,3.990000000000009,2.490000000000009,-0.1700000000000017,0.4900000000000091,-3.940000000000005,0.14000000000000057,2.329999999999984,-0.35999999999999943,-0.8299999999999983,0.4000000000000057,-0.010000000000001563,1.5799999999999983,-0.11999999999999922,0.41000000000000014,0.010000000000000009,0.009999999999999787,0.03000000000000025,0.009999999999999787,0.08999999999999986,0.0,-0.03000000000000025,-0.05999999999999872,0.1200000000000001,0.11999999999999922,-0.10000000000000142,0.049999999999998934,-0.04999999999999716,0.040000000000000036,0.08999999999999986,0.009999999999999787,-0.02999999999999936,0.5700000000000003,0.1999999999999993,0.3500000000000014,0.14999999999999858,0.08000000000000007,-0.6099999999999994,,0.0600000000000005,-0.3099999999999987,-0.129999999999999,-0.010000000000001563,0.009999999999999787,-0.20999999999999908,-0.07000000000000028,-0.6400000000000006,0.41000000000000014,-0.15000000000000036,-0.120000000000001,-0.019999999999999574,0.03999999999999915,-0.03999999999999915,-0.700000000000017,0.2699999999999996,-0.23000000000000043,0.009999999999999787,0.040000000000000036,3.0,-0.0799999999999983,-0.3199999999999985,-0.16999999999999815,0.610000000000003,-0.2900000000000009,-0.10000000000000142,0.020000000000000018,-0.1599999999999966,0.370000000000001,-0.03999999999999915,0.15000000000000036,-0.16999999999999993,-0.17999999999999972,0.5499999999999972,0.0899999999999963,-0.040000000000000036,0.3200000000000003,0.2599999999999909,,0.23000000000000043,0.09000000000000163,0.0600000000000005,-0.120000000000001,-0.07000000000000028,-0.20000000000000284,0.009999999999999787,0.0699999999999994,0.04999999999999982,0.009999999999999787,0.21999999999999886,1.6599999999999966,-0.040000000000000924,-0.02999999999999936,0.0,0.05000000000000071,-0.09999999999999964,0.17999999999999972,-0.3299999999999983,-0.09999999999999964,-0.28000000000000114,0.2700000000000031,0.8500000000000014,0.15000000000000036,-0.040000000000000036,-0.21999999999999886,-0.3100000000000005,0.09999999999999964,0.05999999999999961,0.03000000000000025,,0.41000000000000014,0.11000000000000032,-0.08999999999999986,-0.03000000000000025,-0.08000000000000007,-0.020000000000003126,0.0,0.009999999999999787,-0.29999999999999716,-0.08999999999999986,0.03000000000000025,-0.020000000000000462,-0.05999999999999961,-0.040000000000000036,-0.17999999999999972,0.4299999999999997,0.049999999999998934,0.029999999999999805,0.03999999999999915,0.03999999999999915,0.009999999999999787,0.040000000000000036,-0.020000000000000462,0.02999999999999936,-0.30999999999999517,-0.21000000000000085,0.0,0.03000000000000025,0.020000000000000462,-0.09999999999999964,-2.269999999999996,0.03000000000000025,-0.02999999999999936,-0.020000000000000462,0.03000000000000025,-0.02999999999999936,0.08000000000000007,0.3000000000000007,0.009999999999999787,0.009999999999999787,0.03999999999999915,-0.049999999999998934,-0.13000000000000078,0.5100000000000051,-0.10999999999999943,0.07000000000000028,-0.009999999999999787,-0.019999999999999574,-0.02000000000000135,-0.17999999999999972,0.040000000000000924,-0.1200000000000001,,-0.08999999999999986,-0.05999999999999961,-1.4499999999999957,-0.21000000000000085,2.1199999999999974,0.7299999999999969,0.19999999999999574,-1.0999999999999943,0.05999999999999517,-1.019999999999996,-0.39000000000000057,-0.010000000000005116,0.10000000000000142,0.22000000000000242,0.05000000000000071,0.9200000000000017,0.28000000000000114,-0.29000000000000625,0.009999999999999787,-2.910000000000011,1.0200000000000102,-0.20000000000000284,-2.309999999999988,-0.3100000000000023,-2.5,0.259999999999998,-8.909999999999997,0.15000000000000036,-0.37000000000000455,0.05000000000000071,2.969999999999999,-0.6500000000000057,0.23999999999999844,-0.39000000000000057,0.1599999999999966,-0.4400000000000013,-0.17999999999999972,0.02999999999999403
2024-09-11,0.25,0.009999999999999787,-0.07000000000000028,-0.020000000000000018,-0.06999999999999984,-0.08999999999999986,-0.05999999999999961,0.13999999999999968,-0.9099999999999966,0.21000000000000085,-0.4700000000000024,-0.08000000000000007,-0.2700000000000031,1.259999999999991,5.75,-0.019999999999999574,0.0,-0.09000000000000341,0.14000000000000057,0.08999999999999986,-0.08000000000000007,0.04999999999999716,-0.26000000000000156,-0.009999999999999787,-0.35999999999999943,-0.40000000000000036,-0.08000000000000007,-0.4200000000000017,0.13000000000000078,0.020000000000000462,0.4800000000000004,-0.10999999999999943,0.08000000000000185,-0.07000000000000028,-0.08999999999999986,-2.229999999999997,-0.33999999999999986,0.1899999999999995,0.029999999999997584,-0.13000000000000078,-0.03000000000000025,-0.27999999999999403,-0.46000000000000085,-0.6500000000000021,-0.09999999999999964,0.3000000000000007,0.0,-0.629999999999999,0.009999999999999787,0.18000000000000682,0.009999999999999787,-0.4200000000000017,-0.010000000000000675,-0.049999999999998934,-0.18000000000000682,-0.10999999999999943,0.240000000000002,1.7399999999999523,0.06999999999999851,-0.120000000000001,-0.02999999999999936,-2.530000000000001,-2.490000000000002,-0.36999999999999744,-0.1399999999999988,-0.21000000000000085,-8.450000000000017,0.1399999999999988,-0.049999999999998934,0.1399999999999988,-1.2400000000000002,-0.05000000000000426,-0.019999999999999574,-1.0300000000000011,-1.6099999999999994,-0.17999999999999972,-1.3200000000000074,1.2099999999999937,0.5399999999999991,0.20999999999999996,-1.2999999999999972,0.0600000000000005,0.6599999999999966,0.009999999999999787,0.0,-0.1599999999999966,-0.129999999999999,0.14000000000000057,-3.739999999999995,-0.25,-0.25,0.18999999999999773,-0.379999999999999,-0.129999999999999,0.08000000000000007,-0.27000000000000135,0.17999999999999972,-0.14999999999999858,-0.21999999999999886,-0.6000000000000014,-0.4000000000000057,-5.400000000000006,-1.4500000000000028,-0.7800000000000011,-0.9699999999999989,-5.009999999999998,-0.00999999999999801,0.9000000000000057,-1.0100000000000016,0.3100000000000023,0.519999999999996,-0.05999999999999872,0.27000000000001023,-0.25,-0.21000000000000085,-0.010000000000000009,-0.20999999999999996,0.34999999999999964,-0.04999999999999982,0.25,0.08999999999999986,0.27000000000000046,0.41000000000000014,0.20000000000000018,0.02999999999999936,0.120000000000001,0.28000000000000114,-0.11000000000000298,0.07000000000000028,0.05999999999999961,0.05999999999999961,-0.03000000000000025,0.6799999999999997,0.02999999999999936,0.030000000000001137,0.1999999999999993,0.009999999999999787,0.3500000000000014,,0.0,-0.23000000000000043,0.15000000000000036,0.14999999999999858,-0.029999999999999805,-0.0600000000000005,-0.9500000000000028,-0.9699999999999989,-0.16999999999999815,-0.07000000000000028,-0.029999999999997584,-0.019999999999999574,0.379999999999999,-0.03999999999999915,-2.0,-0.3200000000000003,-0.2099999999999973,-0.0600000000000005,0.03000000000000025,-2.0,-0.4299999999999997,0.10999999999999943,-0.2699999999999996,0.21000000000000085,0.11999999999999922,0.5499999999999972,0.0,-0.6499999999999986,0.759999999999998,-0.8200000000000003,-0.08999999999999986,0.06999999999999851,0.08999999999999986,-0.020000000000003126,0.09000000000000341,0.1899999999999995,0.3500000000000014,0.25,,0.38000000000000256,-0.06999999999999851,0.5199999999999996,-0.28000000000000114,0.3399999999999963,1.3499999999999979,-0.040000000000000036,0.05000000000000071,0.16999999999999993,-0.22000000000000064,0.5199999999999996,2.5,0.05000000000000071,0.120000000000001,-0.14000000000000057,0.13999999999999968,0.5099999999999998,-0.22999999999999865,0.0,0.009999999999999787,-0.08999999999999986,0.75,1.019999999999996,0.010000000000000675,-0.019999999999999574,-0.03999999999999915,0.05000000000000071,0.2699999999999996,0.17999999999999972,-0.05999999999999961,,0.6099999999999994,0.28000000000000025,0.019999999999999574,0.009999999999999787,0.13999999999999968,-0.13999999999999346,0.09999999999999964,0.20000000000000018,0.4700000000000024,0.020000000000000462,0.0,-0.04999999999999982,-0.1299999999999999,0.04999999999999982,-0.0799999999999983,-0.3000000000000007,-0.009999999999999787,-0.040000000000000036,0.14000000000000057,-0.5199999999999996,0.1299999999999999,0.11000000000000032,-0.04999999999999982,-0.09999999999999964,0.7100000000000009,-0.08000000000000007,-0.07000000000000028,-0.14000000000000057,0.07000000000000028,-0.03999999999999915,5.299999999999997,-0.0699999999999994,0.25,0.1299999999999999,0.07000000000000028,0.2699999999999996,0.15000000000000036,-0.4200000000000017,-0.020000000000000018,0.23999999999999932,0.23000000000000043,-0.030000000000001137,-0.049999999999998934,0.10000000000000142,0.11000000000000121,0.02000000000000135,-0.020000000000000462,-0.04999999999999982,-0.019999999999999574,-0.17999999999999972,0.5300000000000011,0.16999999999999993,,0.08999999999999986,0.17999999999999972,0.10000000000000142,-1.7899999999999991,1.25,-0.8799999999999955,-0.7199999999999989,-1.4200000000000017,0.4399999999999977,0.1799999999999926,0.6300000000000026,-0.03999999999999204,-0.5,-0.6600000000000001,-0.2900000000000009,0.6799999999999997,-0.8800000000000026,-0.29000000000000625,0.16000000000000014,-3.559999999999988,0.5999999999999943,0.3100000000000023,-0.8900000000000148,-4.050000000000011,0.29999999999999716,-0.5,-5.159999999999997,-0.29999999999999893,-1.5300000000000011,0.0699999999999994,1.9799999999999898,-0.539999999999992,-0.3299999999999983,0.07000000000000028,-0.5799999999999983,0.05999999999999872,0.07000000000000028,1.5100000000000051
2024-09-12,0.08999999999999986,-0.0,0.07000000000000028,0.0,0.04999999999999982,-0.1200000000000001,-0.019999999999999574,0.05999999999999961,0.7100000000000009,-0.15000000000000036,-0.33999999999999986,-0.040000000000000036,1.6599999999999966,3.3300000000000125,6.099999999999994,-0.03000000000000025,0.11000000000000121,0.4300000000000068,-1.7999999999999972,0.2599999999999998,-0.04999999999999982,0.6599999999999966,0.18999999999999773,0.009999999999999787,-0.5100000000000016,-0.3200000000000003,0.0,2.6500000000000057,-0.10999999999999943,-0.04999999999999982,-0.5500000000000007,0.17999999999999972,0.41000000000000014,0.1999999999999993,-0.0,-1.3999999999999986,0.07000000000000028,-0.10999999999999943,0.23000000000000043,0.3000000000000007,0.23000000000000043,0.7000000000000028,-0.5399999999999991,-0.060000000000002274,-0.03000000000000025,0.0,0.22999999999999687,-0.259999999999998,0.009999999999999787,-0.2600000000000051,-0.08999999999999986,0.4299999999999997,0.21999999999999975,-0.10999999999999943,1.019999999999996,0.9199999999999946,0.17999999999999972,-2.319999999999993,-0.11999999999999922,0.46000000000000085,-0.3200000000000003,-0.7800000000000011,-0.2799999999999976,-0.3500000000000014,0.120000000000001,-0.2400000000000002,-1.0900000000000318,0.10999999999999943,0.13000000000000078,0.019999999999999574,-0.5600000000000005,0.990000000000002,-0.10999999999999943,-0.7200000000000024,0.9200000000000017,0.4100000000000037,0.28000000000000114,-2.5900000000000034,-0.5300000000000011,-0.050000000000000266,0.18000000000000682,-0.05999999999999872,-1.3199999999999932,0.08000000000000007,0.1700000000000017,-0.0899999999999963,-0.049999999999998934,0.7000000000000028,-0.7399999999999949,-1.8199999999999932,0.18999999999999773,-0.269999999999996,0.6099999999999994,0.259999999999998,0.3500000000000014,-0.3200000000000003,0.5400000000000063,0.35999999999999943,0.3000000000000007,-0.13000000000000256,0.6499999999999915,2.789999999999992,-0.9599999999999937,-0.05999999999999872,7.900000000000006,-1.1799999999999926,0.9699999999999989,-0.9900000000000091,-0.360000000000003,-0.36999999999999744,-0.5300000000000011,-0.07000000000000028,1.3000000000000114,-0.22000000000000064,-0.16000000000000014,-0.0,0.020000000000000462,-0.020000000000000462,-0.06999999999999984,0.019999999999999574,0.019999999999999574,0.020000000000000462,0.08999999999999986,0.03000000000000025,0.040000000000000036,-0.120000000000001,-0.07000000000000028,0.15000000000000213,-0.009999999999999787,-0.019999999999999574,0.03000000000000025,0.03000000000000025,-0.5700000000000003,0.05000000000000071,-0.15000000000000036,-0.19000000000000128,0.040000000000000036,0.44000000000000483,,-0.0600000000000005,0.259999999999998,-0.2400000000000002,-0.10999999999999943,-0.03999999999999959,0.41999999999999993,-0.46000000000000085,0.060000000000002274,0.5700000000000003,-0.13000000000000078,-0.019999999999999574,0.10999999999999943,-0.0400000000000027,0.28999999999999915,-1.960000000000008,0.120000000000001,0.3100000000000023,-0.11999999999999922,-0.04999999999999982,44.940000000000055,-0.1999999999999993,-0.10999999999999943,-0.26000000000000156,-0.14000000000000057,-0.0600000000000005,1.1400000000000006,-0.010000000000000009,-0.6300000000000026,-0.2900000000000027,-0.20000000000000284,-0.07000000000000028,-0.1399999999999988,0.41000000000000014,-0.259999999999998,0.030000000000001137,0.009999999999999787,0.16000000000000014,5.75,,0.00999999999999801,-0.16000000000000014,-0.25,0.370000000000001,-0.0799999999999983,0.05999999999999872,-0.020000000000000462,-0.019999999999999574,0.05999999999999961,0.0600000000000005,0.18999999999999773,-0.5600000000000023,-0.009999999999999787,-0.20000000000000107,-0.019999999999999574,0.07000000000000028,0.16000000000000014,-0.07000000000000028,-0.8500000000000014,0.05999999999999872,-0.05999999999999872,0.8699999999999974,-0.29999999999999716,0.020000000000000462,-0.03000000000000025,-0.05999999999999872,0.009999999999999787,0.23000000000000043,0.03000000000000025,-0.03000000000000025,,0.14000000000000057,0.03000000000000025,-0.040000000000000036,0.04999999999999982,0.020000000000000462,-0.0799999999999983,-0.03000000000000025,0.009999999999999787,-0.03999999999999915,0.020000000000000462,-0.03000000000000025,0.009999999999999787,0.0,0.05999999999999961,0.379999999999999,0.370000000000001,-0.040000000000000924,0.0,0.19000000000000483,-0.19000000000000128,0.03000000000000025,-0.019999999999999574,-0.009999999999999787,-0.049999999999998934,-0.7299999999999969,-0.11000000000000121,-0.09999999999999964,-0.16999999999999993,-0.16000000000000014,-0.120000000000001,-3.3100000000000023,0.009999999999999787,0.0600000000000005,0.04999999999999982,0.03000000000000025,-0.3699999999999992,0.08999999999999986,-0.08000000000000185,0.0,0.11999999999999922,0.09999999999999787,0.0,-0.0600000000000005,0.39000000000000057,0.1800000000000015,0.0,-0.020000000000000462,0.020000000000000018,-0.22000000000000064,-0.03000000000000025,0.120000000000001,0.0,,-0.19000000000000128,0.09999999999999964,0.3100000000000023,-0.7899999999999991,-1.2199999999999989,-0.5,-0.259999999999998,-1.8799999999999955,1.009999999999998,0.8699999999999903,-0.3100000000000023,1.3599999999999994,-0.29999999999999893,-0.39000000000000057,-0.02999999999999936,-1.2600000000000051,-0.5100000000000016,-0.8400000000000034,0.010000000000000675,-0.44999999999998863,-0.8199999999999932,0.6000000000000014,-0.6299999999999955,-3.0900000000000034,3.1000000000000085,-0.4200000000000017,-2.269999999999982,0.009999999999999787,-1.0399999999999991,-0.03000000000000025,-1.1699999999999875,-1.2600000000000051,-1.2200000000000024,0.5,-0.030000000000001137,-0.05999999999999872,-0.14000000000000057,-0.3500000000000014
2024-09-13,-0.040000000000000924,-0.010000000000000675,-0.17999999999999972,-0.0,-0.07000000000000028,-0.1200000000000001,-0.0,-0.1299999999999999,-1.1400000000000006,-0.049999999999998934,-0.38000000000000256,-0.040000000000000036,-0.10000000000000142,1.7800000000000011,-4.310000000000002,0.0600000000000005,-0.1399999999999988,0.5800000000000054,-1.0,0.0600000000000005,0.06000000000000005,0.8299999999999983,-0.10999999999999943,-0.0600000000000005,-0.16000000000000014,-0.16000000000000014,-0.04999999999999982,4.159999999999997,-0.0,-0.05999999999999961,0.3500000000000014,-0.129999999999999,0.5400000000000027,-0.33999999999999986,-0.09000000000000075,-0.8300000000000054,-0.20000000000000107,-0.16999999999999993,0.07000000000000028,0.4399999999999995,-0.10999999999999943,-0.6400000000000006,-0.19000000000000128,0.5999999999999979,-0.20999999999999996,0.23000000000000043,0.8599999999999994,-0.6500000000000021,-0.0600000000000005,-0.259999999999998,-0.0,0.13000000000000256,-0.03000000000000025,0.23000000000000043,0.09000000000000341,-0.13000000000000256,0.1700000000000017,5.1200000000000045,0.35999999999999943,-0.19000000000000128,-0.25,-1.4800000000000004,-1.879999999999999,-0.6599999999999966,-0.08000000000000007,-0.3200000000000003,-2.019999999999982,-0.07000000000000028,-0.129999999999999,0.33000000000000007,-0.6400000000000006,-0.07000000000000028,-0.11000000000000121,1.129999999999999,0.30000000000000426,0.3299999999999983,-3.7900000000000063,-0.28999999999999204,-1.4600000000000009,0.050000000000000266,-1.0400000000000063,-0.1999999999999993,1.1600000000000108,-0.06999999999999851,-0.5399999999999991,-0.1599999999999966,-0.14000000000000057,-0.7199999999999989,-0.8799999999999955,-7.939999999999998,-0.5600000000000023,0.14999999999999858,-0.5799999999999983,-0.0400000000000027,0.02000000000000135,0.5300000000000011,1.019999999999996,0.6400000000000006,-0.15000000000000036,-0.4200000000000017,1.6000000000000085,-5.849999999999994,-2.230000000000004,0.0799999999999983,-0.46000000000000796,-1.1900000000000048,2.1300000000000026,2.789999999999992,-0.9899999999999984,-1.1499999999999986,0.730000000000004,-0.22000000000000242,-1.0,-0.120000000000001,-0.17999999999999972,0.010000000000000009,0.019999999999999574,-0.04999999999999982,-0.020000000000000018,0.040000000000000036,-0.019999999999999574,0.04999999999999982,-0.08000000000000007,0.13999999999999968,-0.019999999999999574,-0.0400000000000027,0.22000000000000064,-0.370000000000001,-0.040000000000000036,0.009999999999999787,0.0,-0.0,-0.3099999999999987,0.16000000000000014,0.11999999999999922,0.28999999999999915,-0.009999999999999787,-0.5599999999999952,,0.3000000000000007,0.1599999999999966,-0.2699999999999996,-0.1700000000000017,-0.009999999999999787,0.019999999999999574,0.19999999999999574,-0.14000000000000057,0.019999999999999574,0.07000000000000028,0.030000000000001137,-0.030000000000001137,0.23999999999999844,0.5,1.8799999999999955,-0.28999999999999915,0.4299999999999997,-0.35999999999999943,-0.009999999999999787,30.929999999999836,-0.7199999999999989,0.20999999999999908,0.09999999999999787,0.08000000000000185,-0.10999999999999943,1.519999999999996,0.0,-1.3400000000000034,0.14000000000000057,-0.38000000000000256,-0.3600000000000003,0.02999999999999936,-0.3200000000000003,0.3200000000000003,0.00999999999999801,0.009999999999999787,0.060000000000002274,3.950000000000017,,0.48999999999999844,0.370000000000001,0.08000000000000007,0.28999999999999915,-0.0799999999999983,-0.4400000000000013,-0.009999999999999787,0.03000000000000025,-0.05999999999999961,0.019999999999999574,-0.6900000000000013,-1.3900000000000006,0.0600000000000005,0.049999999999998934,-0.08999999999999986,-0.03000000000000025,0.08000000000000007,-0.28999999999999915,-0.5499999999999972,0.08000000000000007,-0.0,0.240000000000002,0.07000000000000028,-0.1200000000000001,-0.10000000000000053,-0.41000000000000014,0.15000000000000036,-0.0600000000000005,0.04999999999999982,0.040000000000000036,,-0.09999999999999787,-0.03000000000000025,-0.0600000000000005,0.08999999999999986,-0.040000000000000036,0.28999999999999915,-0.009999999999999787,-0.0699999999999994,0.08000000000000185,-0.0699999999999994,-0.009999999999999787,0.0600000000000005,0.019999999999999574,-0.010000000000000675,0.22999999999999687,0.1999999999999993,-0.11000000000000121,0.050000000000000266,-0.23999999999999488,-0.1999999999999993,0.03000000000000025,-0.020000000000000462,-0.010000000000000675,0.07000000000000028,-0.3200000000000003,-0.07000000000000028,-0.15000000000000036,0.07000000000000028,-0.04999999999999982,0.03999999999999915,3.4200000000000017,0.11000000000000032,0.0600000000000005,0.0,-0.0,-0.1899999999999995,0.0600000000000005,-0.6400000000000006,0.0,0.07000000000000028,0.019999999999999574,0.049999999999998934,0.05000000000000071,-0.05000000000000426,-0.07000000000000028,-0.4800000000000004,0.010000000000000675,0.0,-0.10999999999999943,0.03000000000000025,-0.08000000000000007,0.04999999999999982,,-0.129999999999999,0.009999999999999787,-0.29999999999999716,0.030000000000001137,0.060000000000002274,-0.8299999999999983,-0.0799999999999983,2.030000000000001,1.0799999999999983,0.020000000000010232,-0.8200000000000003,-0.46999999999999886,0.45000000000000107,0.6699999999999982,-0.3699999999999992,-0.10999999999999943,0.5199999999999996,1.5,0.040000000000000036,-1.8700000000000045,4.569999999999993,0.14000000000000057,4.540000000000006,1.4200000000000017,-1.8800000000000097,-0.1599999999999966,-0.3199999999999932,0.08000000000000007,-0.8699999999999974,0.14000000000000057,-6.009999999999991,-1.1599999999999966,0.2799999999999976,0.3300000000000054,-0.23000000000000398,0.18999999999999773,-0.3100000000000023,0.5799999999999983
2024-09-18,0.07000000000000028,-0.16999999999999993,-0.10999999999999943,-0.020000000000000018,-0.020000000000000018,-0.16999999999999993,0.03000000000000025,0.14999999999999947,1.740000000000002,-0.3099999999999987,-0.7100000000000009,-0.17999999999999972,-0.14999999999999858,-0.7999999999999972,-1.5900000000000034,-0.04999999999999982,0.009999999999999787,-1.2800000000000011,-0.8700000000000045,0.21000000000000085,-0.020000000000000018,-0.28000000000000114,0.4200000000000017,-0.0600000000000005,-0.8500000000000014,-0.05000000000000071,-0.27999999999999936,-1.5100000000000051,0.15000000000000036,-0.02999999999999936,-0.010000000000001563,0.0400000000000027,0.25,0.019999999999999574,-0.1800000000000006,0.9600000000000009,0.11999999999999922,-0.379999999999999,-0.4299999999999997,0.0600000000000005,0.08000000000000007,0.14999999999999858,-0.019999999999999574,-0.19000000000000128,-0.11000000000000032,0.17999999999999972,0.10999999999999943,0.6499999999999986,0.08000000000000007,0.020000000000003126,-0.0600000000000005,0.490000000000002,-0.04999999999999982,-0.3000000000000007,-0.75,0.9399999999999977,-0.47000000000000597,1.660000000000025,-0.05000000000000071,-0.05000000000000071,-0.23000000000000043,-0.17999999999999972,-0.5,1.25,0.05000000000000071,-0.05999999999999872,-3.4399999999999977,-0.17999999999999972,0.3000000000000007,0.3100000000000005,-0.4499999999999993,1.25,0.03999999999999915,-0.3500000000000014,-1.1099999999999994,0.00999999999999801,1.0499999999999972,-3.9599999999999937,2.1499999999999986,0.009999999999999787,-0.3200000000000003,0.009999999999999787,1.0700000000000074,0.049999999999998934,-0.030000000000001137,0.5799999999999983,-0.08999999999999986,0.3999999999999986,0.6499999999999915,-2.299999999999997,-0.04999999999999716,-0.9199999999999946,0.14000000000000057,-0.11999999999999744,-0.39000000000000057,-0.03999999999999915,-1.3400000000000034,-0.5600000000000023,0.5800000000000001,-0.010000000000005116,0.04999999999999716,2.9000000000000057,-1.2600000000000051,0.09999999999999787,3.5999999999999943,-0.7899999999999991,-0.4099999999999966,-1.049999999999983,0.0799999999999983,0.25,-2.1000000000000085,0.33999999999999986,-0.9300000000000068,-0.02999999999999936,0.5500000000000007,0.010000000000000009,0.020000000000000462,0.040000000000000036,0.06000000000000005,0.07000000000000028,-0.0,-0.019999999999999574,-0.019999999999999574,-0.1999999999999993,0.14000000000000057,0.019999999999999574,-0.5600000000000005,0.509999999999998,0.1299999999999999,-0.14999999999999947,-0.010000000000000675,-0.0699999999999994,0.3099999999999987,0.05999999999999872,0.22999999999999865,-0.08000000000000185,0.10999999999999988,0.9200000000000017,,0.08999999999999986,-0.3299999999999983,-0.3999999999999986,-0.060000000000002274,-0.020000000000000018,0.33999999999999986,0.3499999999999943,-1.8900000000000006,-0.08000000000000185,-0.20000000000000107,-0.3500000000000014,0.049999999999998934,-0.23000000000000043,0.2799999999999976,6.539999999999992,-0.2900000000000027,0.03999999999999915,-0.05000000000000071,0.010000000000000231,-37.23000000000002,0.07000000000000028,-0.07000000000000028,1.1799999999999997,0.15000000000000213,0.03999999999999915,0.5,-0.029999999999999805,-2.1499999999999986,-0.33999999999999986,-0.8299999999999983,-0.2400000000000002,-0.3800000000000008,0.21999999999999886,-0.3099999999999987,0.3299999999999983,-0.020000000000000462,0.25,-2.4099999999999966,,-0.17999999999999972,0.08999999999999986,-0.02999999999999936,-0.1999999999999993,0.14000000000000057,0.019999999999999574,0.020000000000000462,-0.02999999999999936,-0.040000000000000036,0.14999999999999858,0.129999999999999,0.45999999999999375,-0.07000000000000028,0.1800000000000015,-0.049999999999998934,-0.07000000000000028,0.10999999999999943,0.17999999999999972,0.3400000000000034,-0.009999999999999787,0.18999999999999773,0.39000000000000057,-0.46999999999999886,0.10999999999999943,-0.07000000000000028,-0.5,-0.28999999999999915,-0.09999999999999964,0.009999999999999787,-0.0,,-0.9800000000000004,-0.010000000000000675,-0.009999999999999787,-0.020000000000000462,0.05999999999999961,-0.8100000000000023,-0.08999999999999986,0.0699999999999994,-0.4799999999999969,0.010000000000000675,-0.0,0.020000000000000462,-0.1200000000000001,-0.2599999999999998,-0.8000000000000007,0.3200000000000003,-0.009999999999999787,-0.03000000000000025,-1.0399999999999991,-0.75,0.08000000000000007,-0.03000000000000025,-0.010000000000000675,-0.009999999999999787,-0.5399999999999991,0.05999999999999872,-0.3500000000000014,0.020000000000000462,0.08000000000000007,-0.05999999999999872,-7.980000000000004,-0.04999999999999982,0.22000000000000064,0.03000000000000025,0.009999999999999787,0.16000000000000014,0.16000000000000014,0.6199999999999992,-0.010000000000000231,0.16000000000000014,0.010000000000001563,0.009999999999999787,0.040000000000000924,-1.0800000000000054,-0.33999999999999986,0.35999999999999943,-0.019999999999999574,0.0,-0.3800000000000008,0.11000000000000032,-0.11999999999999922,0.07000000000000028,,-0.05999999999999872,0.03000000000000025,0.10999999999999943,-1.8200000000000003,0.20000000000000284,0.6099999999999994,-0.28999999999999915,-0.980000000000004,0.46999999999999886,-0.6200000000000045,-0.3500000000000014,0.5999999999999943,-0.25,0.21000000000000085,-0.28000000000000114,-1.2700000000000031,-0.21999999999999886,-0.519999999999996,-0.20999999999999996,-3.6099999999999994,2.2099999999999795,1.7700000000000031,-1.4100000000000108,3.219999999999999,-3.25,-1.009999999999998,-2.7399999999999807,-0.3600000000000012,-0.7800000000000011,-0.25,-10.490000000000009,4.319999999999993,-0.04999999999999716,1.5799999999999983,-0.8900000000000006,-0.39000000000000057,-0.25,-0.7700000000000031
2024-09-19,-0.040000000000000924,-0.27999999999999936,-0.28000000000000114,-0.06000000000000005,-0.0900000000000003,-0.11000000000000032,-0.03000000000000025,-0.1899999999999995,-0.030000000000001137,-0.6000000000000014,-0.3100000000000023,-0.2999999999999998,-0.14999999999999858,-1.480000000000004,-4.800000000000011,-0.09000000000000075,-0.47999999999999865,0.12999999999999545,-1.6899999999999977,0.10999999999999943,-0.11000000000000032,-0.36999999999999744,0.4800000000000004,-0.08000000000000007,-0.5500000000000007,-0.009999999999999787,-0.16000000000000014,-3.210000000000008,-0.16000000000000014,-0.08000000000000007,-0.7600000000000016,-0.3200000000000003,-0.019999999999999574,-0.46000000000000085,-0.22999999999999954,0.29999999999999716,-0.41000000000000014,-0.3100000000000005,0.2099999999999973,-0.33999999999999986,-0.05999999999999961,-1.0,-0.19000000000000128,0.08000000000000185,-0.1299999999999999,-0.21000000000000085,-0.14000000000000057,0.1999999999999993,0.019999999999999574,-0.7399999999999949,-0.28999999999999915,-0.120000000000001,-0.1200000000000001,-0.2599999999999998,-1.1300000000000097,-0.4199999999999946,-0.3299999999999983,2.170000000000016,-0.5099999999999998,-0.0400000000000027,-0.33999999999999986,-0.360000000000003,-0.10999999999999943,-0.11999999999999744,-0.34999999999999964,-0.3999999999999986,3.069999999999993,-0.46999999999999886,-0.28000000000000114,-0.129999999999999,-0.14000000000000057,-0.4100000000000037,-0.27000000000000135,-0.5300000000000011,-1.6399999999999935,0.36999999999999744,5.840000000000003,-0.5,0.519999999999996,-0.0,0.13999999999999346,-0.33999999999999986,-3.8900000000000006,-0.33000000000000007,-0.490000000000002,-0.3299999999999983,-0.1899999999999995,-0.6999999999999957,0.39000000000000057,3.6099999999999994,-0.22999999999999687,-0.8500000000000014,0.120000000000001,-0.5999999999999979,0.08999999999999986,-0.10999999999999943,-0.6000000000000014,-0.5600000000000023,-0.5,-0.5,0.8999999999999915,-0.5,0.539999999999992,-0.5199999999999996,-2.5600000000000023,0.7000000000000028,-3.509999999999998,-4.649999999999977,-0.45000000000000284,-0.29999999999999716,2.0799999999999983,-0.9499999999999993,-2.5999999999999943,-0.1999999999999993,0.6500000000000021,-0.020000000000000018,-0.09999999999999964,-0.0,-0.03000000000000025,0.11000000000000032,-0.019999999999999574,0.020000000000000462,0.08999999999999986,0.0699999999999994,0.009999999999999787,-0.3999999999999986,0.16000000000000014,0.28999999999999915,-0.15000000000000036,-0.28000000000000025,0.010000000000000675,-0.11000000000000032,-0.5399999999999991,-0.120000000000001,0.05000000000000071,-0.5200000000000031,0.010000000000000231,-1.9500000000000028,,-0.3800000000000008,0.10999999999999943,0.08999999999999986,-0.21999999999999886,-0.1499999999999999,-0.019999999999999574,0.11999999999999744,-2.8499999999999943,-0.389999999999997,-0.370000000000001,-0.629999999999999,-0.10999999999999943,0.35999999999999943,0.5100000000000016,-3.6999999999999886,-0.25,-0.5700000000000003,-0.11000000000000121,-0.040000000000000036,5.900000000000091,-0.08999999999999986,-0.5600000000000005,0.08999999999999986,0.3000000000000007,-0.17999999999999972,-1.9499999999999957,-0.040000000000000036,-0.45000000000000284,0.10999999999999943,-0.8500000000000014,-0.28000000000000025,0.08000000000000007,-0.6600000000000001,-0.8599999999999994,0.9399999999999977,0.020000000000000462,0.120000000000001,-5.349999999999994,,0.4700000000000024,-0.20000000000000107,-0.07000000000000028,-0.6699999999999982,0.5799999999999983,-0.00999999999999801,-0.020000000000000462,-0.05999999999999961,0.07000000000000028,-0.0,-0.38000000000000256,0.789999999999992,-0.0600000000000005,-0.11999999999999922,-0.13000000000000078,-0.0,-0.09999999999999964,-0.35999999999999943,-0.5700000000000003,-0.2400000000000002,-0.14000000000000057,0.240000000000002,0.00999999999999801,0.03000000000000025,-0.1900000000000004,-0.10000000000000142,-0.3600000000000012,0.019999999999999574,-0.03000000000000025,-0.1200000000000001,,-0.21000000000000085,-0.010000000000000675,0.08999999999999986,-0.17999999999999972,-0.0,-0.3299999999999983,0.009999999999999787,-0.0,-0.23000000000000398,-0.15000000000000036,-0.07000000000000028,-0.08999999999999986,0.02999999999999936,-0.40000000000000036,0.019999999999999574,-0.35999999999999943,-0.09999999999999964,-0.08000000000000007,-0.12999999999999545,-0.030000000000001137,0.020000000000000462,-0.08999999999999986,-0.08000000000000007,-0.21999999999999886,-0.14999999999999858,-0.3099999999999987,-0.20999999999999908,0.05999999999999961,-0.02999999999999936,-0.3000000000000007,-6.11999999999999,-0.1200000000000001,0.08999999999999986,-0.009999999999999787,-0.020000000000000018,-0.0,-0.21000000000000085,-0.13000000000000078,-0.009999999999999787,0.03000000000000025,-0.08999999999999986,-0.09999999999999964,-0.02999999999999936,-1.3800000000000026,0.2699999999999996,-0.3600000000000012,-0.08000000000000007,-0.020000000000000018,-0.35999999999999943,0.05000000000000071,0.009999999999999787,0.040000000000000036,,-0.1999999999999993,-0.03000000000000025,-0.7299999999999969,-1.1099999999999994,-0.6599999999999966,-0.480000000000004,-0.03999999999999915,-1.0499999999999972,-1.3399999999999963,-1.3900000000000006,-0.6199999999999974,-1.5300000000000011,-0.22000000000000064,-0.1999999999999993,-0.28000000000000114,-2.460000000000001,-0.6400000000000006,-0.730000000000004,-0.41999999999999993,0.5600000000000023,-2.0800000000000125,-0.3399999999999963,-0.37000000000000455,0.15000000000000568,1.1899999999999977,-0.8900000000000006,-2.170000000000016,0.25,0.35999999999999943,-0.16000000000000014,-0.5099999999999909,0.6499999999999915,0.23000000000000043,-1.3100000000000023,-0.3399999999999963,-0.9699999999999989,-0.16000000000000014,0.5700000000000003
2024-09-20,-0.08999999999999986,0.1200000000000001,-0.23000000000000043,0.030000000000000027,-0.040000000000000036,-0.0600000000000005,-0.009999999999999787,0.040000000000000036,0.7800000000000011,-0.15000000000000036,-0.060000000000002274,0.0,0.3999999999999986,-0.12999999999999545,-0.8900000000000148,0.009999999999999787,-0.11999999999999922,0.4200000000000017,-0.6099999999999994,-0.16000000000000014,0.03999999999999959,0.4799999999999969,0.25,0.0,-0.2700000000000031,0.1999999999999993,0.019999999999999574,-0.6200000000000045,0.15000000000000036,-0.0600000000000005,-0.14000000000000057,0.08999999999999986,-0.029999999999997584,-0.7299999999999969,0.0,0.9699999999999989,-0.2599999999999998,0.08000000000000007,0.019999999999999574,-0.08999999999999986,0.1299999999999999,-0.12999999999999545,-0.2099999999999973,0.09000000000000341,0.17999999999999972,-0.39000000000000057,0.10000000000000142,-1.2100000000000009,-0.009999999999999787,0.10999999999999943,-0.10000000000000142,-0.4800000000000004,0.04999999999999982,-0.019999999999999574,0.44999999999998863,0.17999999999999972,-0.6400000000000006,-0.910000000000025,-0.15000000000000036,0.16999999999999815,-0.3699999999999992,-0.2700000000000031,-0.48999999999999844,-0.8200000000000003,-0.009999999999999787,-0.16000000000000014,0.7400000000000091,0.060000000000002274,-0.05000000000000071,-0.2699999999999996,-0.41999999999999993,0.6400000000000006,-0.02000000000000135,-0.5799999999999983,-0.6599999999999966,-0.28999999999999915,-1.3400000000000034,-0.8900000000000006,0.07000000000000028,0.0,0.6900000000000048,0.0600000000000005,-0.4300000000000068,0.0,-0.4299999999999997,-0.12999999999999545,-0.129999999999999,-0.529999999999994,0.4200000000000017,-1.0300000000000011,0.509999999999998,-0.5799999999999983,0.0,0.15000000000000213,-0.2599999999999998,0.3200000000000003,0.20000000000000284,-0.20000000000000284,0.010000000000001563,0.12999999999999545,-0.46999999999999886,-1.3000000000000114,1.6300000000000097,0.33999999999999986,-2.75,-0.9600000000000009,-1.3900000000000006,-0.4299999999999784,0.7800000000000011,1.259999999999998,-0.4000000000000057,0.23999999999999844,0.5500000000000114,0.009999999999999787,0.10999999999999943,-0.010000000000000009,0.08000000000000007,0.020000000000000462,-0.020000000000000018,-0.040000000000000036,0.010000000000000675,0.009999999999999787,0.0600000000000005,-0.05999999999999961,-0.1299999999999999,-0.05000000000000071,0.16999999999999993,-0.120000000000001,-0.08999999999999986,0.14000000000000057,-0.020000000000000462,0.040000000000000036,0.129999999999999,-0.049999999999998934,-0.02999999999999936,0.03999999999999915,-0.06000000000000005,-0.020000000000003126,-2.1799999999999997,-0.05000000000000071,-0.23999999999999844,0.14000000000000057,-0.1700000000000017,0.06000000000000005,-0.15000000000000036,2.289999999999999,0.060000000000002274,-0.03999999999999915,-0.10000000000000142,-0.28999999999999915,-0.02999999999999936,0.029999999999997584,-0.19000000000000128,3.8000000000000114,0.75,-0.05999999999999872,-0.3899999999999988,-0.010000000000000231,2.9200000000000728,-0.5700000000000003,-0.14999999999999858,0.18999999999999773,-0.05999999999999872,0.02999999999999936,1.1200000000000045,-0.040000000000000036,0.0,0.23000000000000043,0.2699999999999996,-0.1299999999999999,0.08000000000000007,-0.26000000000000156,0.05999999999999872,0.6099999999999994,0.040000000000000036,0.010000000000001563,1.0900000000000034,,-0.389999999999997,0.16000000000000014,-0.03999999999999915,-0.05999999999999872,0.25,0.17999999999999972,0.019999999999999574,0.009999999999999787,-0.04999999999999982,-0.10000000000000142,0.0799999999999983,1.480000000000004,0.019999999999999574,0.02999999999999936,0.10999999999999943,-0.02999999999999936,-0.16000000000000014,0.5199999999999996,0.6700000000000017,0.1399999999999988,0.1700000000000017,0.5,-0.30000000000000426,0.009999999999999787,0.17000000000000082,0.00999999999999801,0.049999999999998934,-0.1999999999999993,-0.040000000000000036,0.009999999999999787,,-0.4499999999999993,-0.05000000000000071,0.019999999999999574,0.03000000000000025,-0.040000000000000036,-0.11999999999999744,-0.009999999999999787,-0.040000000000000036,0.04999999999999716,-0.16000000000000014,-0.02999999999999936,0.04999999999999982,-0.019999999999999574,0.07999999999999918,-0.18999999999999773,-0.16999999999999815,0.08000000000000007,-0.010000000000000231,0.0,0.17999999999999972,-0.08000000000000007,0.020000000000000462,0.0,-0.019999999999999574,0.6799999999999997,-0.129999999999999,0.22000000000000064,-0.14999999999999947,-0.040000000000000036,0.16000000000000014,-1.6699999999999875,-0.040000000000000036,-0.049999999999998934,-0.020000000000000462,-0.020000000000000018,-0.17999999999999972,-0.0600000000000005,0.41000000000000014,0.0,-0.14000000000000057,-0.15000000000000213,0.13000000000000078,-0.07000000000000028,-0.8299999999999983,0.129999999999999,-0.4800000000000004,0.03000000000000025,-0.029999999999999805,-0.3200000000000003,0.05000000000000071,-0.16000000000000014,-0.02999999999999936,-0.3600000000000003,0.030000000000001137,0.009999999999999787,0.29000000000000625,-0.7399999999999949,-0.10000000000000142,0.3400000000000034,-0.259999999999998,-1.3799999999999955,0.21999999999999886,0.5999999999999943,0.10999999999999943,2.019999999999996,0.3100000000000005,-0.08999999999999986,0.15000000000000036,0.12999999999999545,-0.25,-0.21999999999999886,0.28000000000000025,0.8700000000000045,1.3600000000000136,0.6300000000000026,3.9299999999999926,-4.780000000000001,0.0,-0.9600000000000009,-1.0900000000000034,0.13000000000000078,-1.3800000000000026,-0.09999999999999964,-0.6299999999999955,1.0500000000000114,0.2700000000000031,-0.6200000000000045,-0.030000000000001137,-0.029999999999997584,-0.09999999999999787,0.11999999999999744
2024-09-23,-0.1399999999999988,0.040000000000000036,-0.7399999999999984,0.0,-0.010000000000000231,-0.1299999999999999,0.0,0.010000000000000675,1.539999999999992,0.129999999999999,-0.4499999999999993,0.04999999999999982,0.00999999999999801,-0.9799999999999898,-1.1200000000000045,0.019999999999999574,0.0,0.35999999999999943,-0.20000000000000284,-0.13000000000000078,0.020000000000000018,-0.03999999999999915,0.15000000000000213,-0.09000000000000163,0.6900000000000013,-0.009999999999999787,0.040000000000000924,-2.010000000000005,-0.03999999999999915,-0.08000000000000007,0.1700000000000017,-0.08000000000000185,-0.5299999999999976,-0.1599999999999966,0.1299999999999999,-0.03999999999999915,0.22999999999999865,0.07000000000000028,-0.07000000000000028,-0.05000000000000071,0.04999999999999982,-0.19000000000000483,-0.33999999999999986,-0.029999999999997584,-0.03000000000000025,-0.6499999999999986,-0.04999999999999716,-0.33999999999999986,0.05000000000000071,-0.12000000000000455,0.10999999999999943,-0.010000000000001563,-0.07000000000000028,-0.0600000000000005,-0.30000000000001137,-0.23999999999999488,0.0,9.560000000000002,-0.22000000000000064,0.010000000000001563,0.019999999999999574,0.08999999999999986,-0.010000000000001563,-0.12000000000000455,0.0,0.4299999999999997,6.100000000000023,-0.4399999999999977,0.0600000000000005,0.009999999999999787,0.11999999999999922,-0.29999999999999716,0.13000000000000078,-0.13000000000000256,0.4399999999999977,1.1999999999999993,-1.6699999999999875,-0.9099999999999966,0.5499999999999972,-0.11000000000000032,-0.3200000000000003,-0.09999999999999964,-0.46999999999999886,-0.02999999999999936,0.09999999999999787,-0.6099999999999994,-0.0600000000000005,-0.6799999999999997,2.019999999999996,-0.09999999999999432,-0.240000000000002,0.38000000000000256,0.240000000000002,-0.14000000000000057,-0.17999999999999972,-0.120000000000001,-0.03999999999999915,-3.3699999999999974,-0.19000000000000128,0.35999999999999943,-2.480000000000004,-2.5999999999999943,-2.839999999999989,0.1999999999999993,-5.539999999999992,2.519999999999996,-0.4200000000000017,0.009999999999990905,-0.5199999999999996,-0.5300000000000011,1.1099999999999994,0.740000000000002,-1.3200000000000074,0.120000000000001,0.019999999999999574,0.010000000000000009,-0.1900000000000004,-0.23999999999999932,-0.06999999999999984,0.10000000000000053,0.10999999999999943,-0.2600000000000007,0.2400000000000002,0.10000000000000053,-0.10999999999999943,0.019999999999999574,-0.3899999999999988,0.4499999999999993,-0.1200000000000001,0.02999999999999936,0.0,-0.019999999999999574,0.5299999999999976,-0.0799999999999983,0.030000000000001137,-0.10000000000000142,-0.06000000000000005,0.21000000000000085,0.01999999999999602,0.02000000000000135,-0.14999999999999858,-0.5600000000000005,0.020000000000003126,-0.04999999999999982,-0.16999999999999993,0.0,-0.01999999999999602,0.129999999999999,-0.08000000000000007,0.030000000000001137,0.03999999999999915,-0.09999999999999787,-0.00999999999999801,-3.2299999999999898,-0.379999999999999,-0.28000000000000114,0.28000000000000114,-0.020000000000000018,2.380000000000109,0.379999999999999,-0.1999999999999993,-0.2699999999999996,0.1999999999999993,-0.009999999999999787,-0.6200000000000045,-0.010000000000000009,0.09999999999999432,0.5199999999999996,0.25,-0.08999999999999986,-0.11000000000000121,-0.04999999999999716,-0.030000000000001137,-0.0799999999999983,-0.10000000000000053,0.120000000000001,-0.25,,0.22000000000000242,0.1899999999999995,-0.47000000000000064,-0.08999999999999986,-0.07000000000000028,0.05000000000000071,0.0,0.0,-0.1200000000000001,-0.21999999999999886,0.3099999999999987,-0.3500000000000085,-0.02999999999999936,-0.040000000000000924,0.019999999999999574,0.09000000000000075,-0.05999999999999872,-0.07000000000000028,-0.10000000000000142,-0.129999999999999,-0.08999999999999986,0.6000000000000014,0.490000000000002,-0.09999999999999964,0.17000000000000082,-0.14999999999999858,0.0,0.3099999999999987,0.1299999999999999,0.020000000000000462,,0.46000000000000085,0.14999999999999947,-0.03000000000000025,0.020000000000000462,0.08000000000000007,-0.05999999999999517,0.07000000000000028,0.08999999999999986,-0.45000000000000284,-0.020000000000000462,0.010000000000000675,0.0,0.04999999999999982,-0.05999999999999961,0.4299999999999997,-0.4400000000000013,0.25,0.010000000000000231,0.5399999999999991,0.010000000000001563,0.04999999999999982,0.040000000000000036,0.019999999999999574,-0.08000000000000007,-0.03999999999999915,-0.17999999999999972,0.05999999999999872,0.040000000000000036,-0.16999999999999993,-0.019999999999999574,0.9000000000000057,0.0600000000000005,0.08999999999999986,0.04999999999999982,0.050000000000000266,0.379999999999999,0.09999999999999964,-0.33999999999999986,-0.009999999999999787,0.07999999999999918,-0.2099999999999973,-0.0600000000000005,0.09999999999999964,-0.010000000000005116,-0.3100000000000005,-0.0600000000000005,0.040000000000000036,-0.020000000000000018,0.2699999999999996,-0.10999999999999943,0.129999999999999,0.05000000000000071,-0.009999999999999787,-0.05000000000000071,-0.1299999999999999,-0.23000000000000398,-1.3199999999999932,-1.1700000000000017,-0.490000000000002,0.35999999999999943,-0.5100000000000051,-0.6500000000000057,-1.3599999999999994,-1.0300000000000011,-1.7800000000000011,0.15000000000000036,-0.240000000000002,-0.35999999999999943,-2.280000000000001,-0.8199999999999967,-0.1600000000000108,-0.05000000000000071,9.219999999999999,-2.079999999999984,-1.0900000000000034,-3.210000000000008,-4.6699999999999875,-0.4099999999999966,-0.20000000000000284,0.5699999999999932,0.17999999999999972,1.1099999999999994,-0.13000000000000078,-3.740000000000009,2.0900000000000034,0.3999999999999986,-0.259999999999998,-0.21000000000000085,-0.4399999999999977,-0.060000000000002274,-0.4299999999999997
2024-09-24,-0.33000000000000007,-0.1900000000000004,0.5200000000000031,-0.06999999999999984,-0.10999999999999988,-0.29000000000000004,-0.27999999999999936,-0.4899999999999993,-0.44000000000001194,-0.3800000000000008,-0.8399999999999999,-0.3000000000000007,-1.4399999999999977,-8.27000000000001,-6.569999999999993,-0.4500000000000002,-0.34999999999999964,-0.04999999999999716,-3.4000000000000057,-0.7999999999999989,-0.08000000000000007,-1.6199999999999974,0.5199999999999996,-0.5299999999999994,-1.1600000000000001,-0.8099999999999987,-0.03999999999999915,-8.069999999999993,-0.34999999999999964,-0.2599999999999998,-0.5400000000000027,-0.6499999999999986,-0.7200000000000024,-1.2899999999999991,-0.4500000000000002,-1.4799999999999969,-0.41999999999999993,-0.02999999999999936,-0.6099999999999994,-0.620000000000001,-0.28000000000000025,-1.7700000000000031,-0.9800000000000004,-0.8200000000000003,-0.75,-1.1799999999999997,-1.2899999999999991,-1.25,-0.2599999999999998,-1.0399999999999991,-0.3100000000000005,-0.5700000000000003,-0.2999999999999998,-0.35999999999999943,-2.9599999999999937,-1.5899999999999963,-0.6899999999999977,-11.229999999999961,-0.46000000000000085,-0.8200000000000003,-0.6500000000000004,-1.9300000000000033,-2.490000000000002,-2.2900000000000063,-0.34999999999999964,-0.6600000000000001,-4.289999999999992,-1.0200000000000031,-0.5600000000000005,-1.1499999999999986,-1.1600000000000001,-2.739999999999995,-0.35999999999999943,-2.200000000000003,2.1700000000000017,0.030000000000001137,-3.799999999999997,-3.0700000000000074,-1.3200000000000003,-0.16000000000000014,-2.469999999999999,-0.4499999999999993,-12.350000000000009,-1.2300000000000004,-1.0,-3.559999999999995,-0.41000000000000014,-2.509999999999998,0.5300000000000011,-13.259999999999991,-1.5400000000000027,-1.5900000000000034,-0.7300000000000004,-0.7799999999999976,-0.8899999999999988,-0.7199999999999989,-1.1099999999999994,0.03999999999999915,-0.9000000000000021,1.1099999999999994,-2.769999999999996,-9.320000000000022,-2.719999999999999,0.18999999999999773,-10.689999999999998,-1.6299999999999955,-2.5900000000000034,-8.199999999999989,-1.7699999999999996,-2.6999999999999957,0.21999999999999886,-1.3300000000000018,-2.0799999999999983,-0.4599999999999991,-1.2600000000000016,-0.040000000000000036,0.21999999999999975,-0.28000000000000025,-0.06999999999999984,-0.21999999999999975,-0.28000000000000025,-0.3299999999999992,-0.20999999999999908,-0.27999999999999936,-0.20000000000000018,-1.5100000000000016,-0.43000000000000327,-1.740000000000002,-0.14999999999999947,-0.08999999999999986,-0.20999999999999996,-0.2699999999999996,-1.5300000000000011,-0.46999999999999886,-0.33999999999999986,-0.4800000000000004,-0.06999999999999984,-2.450000000000003,-1.1400000000000006,-0.5299999999999994,-0.8299999999999983,-0.5999999999999996,-0.5299999999999976,-0.08000000000000007,-0.7699999999999996,-0.9499999999999957,-3.309999999999988,-0.8299999999999983,-0.6699999999999999,-0.8000000000000007,-0.370000000000001,-0.05000000000000071,-0.9499999999999993,-7.22999999999999,-0.75,-0.7300000000000004,-0.1399999999999988,-0.10000000000000009,-111.05999999999995,-0.3099999999999987,-1.120000000000001,-1.2100000000000009,-0.8399999999999999,-0.22000000000000064,-2.5500000000000043,-0.040000000000000036,1.0799999999999983,-0.5100000000000016,-0.21999999999999886,-0.54,0.049999999999998934,-1.139999999999997,-1.1799999999999997,-0.8200000000000003,-0.10999999999999943,-1.2800000000000011,-10.570000000000022,,-0.5600000000000023,-0.5099999999999998,-0.35999999999999943,-1.3599999999999994,-1.1699999999999946,-0.5600000000000023,-0.1200000000000001,-0.3200000000000003,-0.16999999999999993,-0.3200000000000003,-0.8800000000000026,-3.1400000000000006,-0.46999999999999886,-0.8900000000000006,-0.7300000000000004,-0.13999999999999968,-0.02999999999999936,-0.8599999999999994,-1.3999999999999986,-0.8900000000000006,-1.1400000000000006,-2.0799999999999983,-0.8299999999999983,-0.20000000000000018,-0.3899999999999997,-1.8699999999999974,-0.370000000000001,-0.620000000000001,-0.21999999999999975,-0.27999999999999936,,-1.4000000000000021,-0.2400000000000002,-0.3100000000000005,-0.21999999999999975,-0.17999999999999972,-2.4099999999999966,-0.20999999999999996,-0.4500000000000002,-2.8399999999999963,-0.16999999999999993,-0.21999999999999975,-0.1900000000000004,-0.28000000000000025,-0.25,-2.0600000000000023,-0.740000000000002,-0.40000000000000036,-0.08999999999999986,-1.269999999999996,-0.1999999999999993,-0.1800000000000006,-0.2599999999999998,-0.16999999999999993,-0.6199999999999992,-0.990000000000002,-0.3100000000000005,-1.0300000000000011,-0.1900000000000004,-0.29000000000000004,-0.6899999999999995,-2.75,-0.27999999999999936,-0.46000000000000085,-0.03000000000000025,-0.13999999999999968,-0.3800000000000008,-0.34999999999999964,-0.8300000000000001,-0.04999999999999982,-0.23000000000000043,-0.6899999999999977,-0.7100000000000009,-0.75,-3.020000000000003,-0.5700000000000003,-0.6900000000000013,-0.35999999999999943,-0.06000000000000005,-0.5600000000000005,-0.33999999999999986,-0.5,-0.20999999999999996,-0.14999999999999947,-1.8200000000000003,-0.28000000000000025,-1.8699999999999974,-1.25,0.75,-2.0,-2.039999999999999,-3.720000000000013,-1.5499999999999972,-1.8900000000000006,-0.3500000000000014,-2.3799999999999955,-0.9100000000000001,-1.2300000000000004,-0.9100000000000001,1.1700000000000017,-0.5600000000000023,-3.2700000000000102,-0.29000000000000004,1.8800000000000097,-2.8400000000000034,-1.5300000000000011,-3.9000000000000057,-0.10000000000000853,-2.6099999999999994,-2.970000000000006,-7.549999999999983,-0.370000000000001,-2.020000000000003,-0.2600000000000007,-9.189999999999998,-5.489999999999995,-1.1600000000000001,-2.6400000000000006,-1.6400000000000006,-1.1999999999999993,-0.9800000000000004,-1.3400000000000034
2024-09-25,-0.13000000000000078,-0.1899999999999995,-0.05999999999999872,-0.10000000000000009,-0.07000000000000028,-0.1200000000000001,-0.13000000000000078,0.22000000000000064,-2.069999999999993,-0.14000000000000057,-0.21999999999999886,0.009999999999999787,-1.0400000000000063,1.8499999999999943,-0.3300000000000125,-0.5600000000000005,-0.13000000000000078,-1.0,-1.3599999999999994,0.1999999999999993,-0.010000000000000231,-0.7299999999999969,-0.35999999999999943,-0.33999999999999986,0.4299999999999997,0.1700000000000017,-0.08000000000000007,1.7399999999999949,-0.040000000000000924,-0.08000000000000007,0.07000000000000028,-0.08999999999999986,-0.8599999999999994,0.20000000000000284,0.08999999999999986,-0.6400000000000006,-0.21000000000000085,0.08000000000000007,-0.03999999999999915,-0.11999999999999922,-0.019999999999999574,-0.8999999999999986,0.1700000000000017,-0.11999999999999744,-0.10999999999999943,0.13000000000000256,0.36999999999999744,-0.28999999999999915,-0.15000000000000036,-0.5300000000000011,-0.21999999999999886,-0.1999999999999993,-0.10000000000000053,-0.14000000000000057,-0.980000000000004,0.8200000000000003,0.29999999999999716,-0.38999999999998636,-0.09999999999999964,-0.7399999999999984,-0.08999999999999986,0.0,-0.6699999999999982,-0.3100000000000023,0.0600000000000005,-0.5800000000000001,-8.51000000000002,0.6500000000000021,-0.2400000000000002,0.11000000000000298,0.08000000000000007,0.010000000000005116,-0.16000000000000014,0.2799999999999976,-1.509999999999991,0.4499999999999993,0.8900000000000006,-0.6299999999999955,0.9700000000000024,0.05000000000000071,-0.39000000000000057,-0.2699999999999996,-4.549999999999997,-0.4599999999999991,-1.1400000000000006,1.0,-0.27999999999999936,0.7899999999999991,0.8900000000000006,-0.1700000000000017,0.33999999999999986,-2.009999999999998,-0.39000000000000057,-0.46000000000000085,-0.16000000000000014,0.16000000000000014,-1.2299999999999969,0.44000000000000483,-0.14999999999999858,0.8299999999999983,1.3100000000000023,-5.579999999999984,-3.5,-0.240000000000002,-2.819999999999993,-1.1599999999999966,-0.9200000000000017,-1.4000000000000057,0.23000000000000043,0.6099999999999994,-0.18999999999999773,0.010000000000001563,-0.7900000000000063,-0.40000000000000036,-0.21999999999999886,-0.030000000000000027,-0.009999999999999787,0.2400000000000002,-0.08000000000000007,-0.020000000000000462,-0.16999999999999993,0.08000000000000007,-0.0600000000000005,0.040000000000000036,-0.13999999999999968,-0.33999999999999986,-0.029999999999997584,-1.019999999999996,-0.08000000000000007,0.11999999999999922,-0.09999999999999964,-0.6100000000000003,-0.529999999999994,-0.2900000000000009,-0.33000000000000007,-0.10000000000000142,-0.040000000000000036,-0.6199999999999974,-1.8100000000000023,0.0600000000000005,0.019999999999999574,-0.08000000000000007,-0.33000000000000185,0.03000000000000025,0.129999999999999,-0.18000000000000682,1.2399999999999949,-0.370000000000001,0.11000000000000121,-0.2799999999999976,-0.1999999999999993,-0.7799999999999976,-0.05000000000000071,-5.990000000000009,0.16000000000000014,-0.060000000000002274,-0.5100000000000016,-0.04999999999999982,26.40000000000009,0.7000000000000028,-0.34999999999999787,-0.8000000000000007,-0.6000000000000014,-0.129999999999999,-0.10999999999999943,-0.06000000000000005,1.0799999999999983,0.019999999999999574,-0.740000000000002,0.11999999999999922,0.02999999999999936,-0.7800000000000011,-0.4399999999999977,-0.6499999999999986,-0.010000000000000675,0.870000000000001,-0.6000000000000227,,0.38000000000000256,-0.34999999999999964,0.1999999999999993,0.28000000000000114,-0.9600000000000009,-0.16999999999999815,-0.08000000000000007,-0.11000000000000032,-0.1900000000000004,-0.3200000000000003,-0.41000000000000014,0.28999999999999204,-0.030000000000001137,0.25,0.17999999999999972,-0.1299999999999999,-0.3100000000000005,0.15000000000000036,-0.30000000000000426,-0.129999999999999,0.10999999999999943,0.6000000000000014,0.6700000000000017,-0.13999999999999968,-0.22999999999999954,0.490000000000002,0.049999999999998934,-0.4200000000000017,-0.16999999999999993,-0.4300000000000006,,-0.07000000000000028,-0.03000000000000025,-0.05999999999999961,-0.13999999999999968,-0.040000000000000036,-0.8599999999999994,-0.07000000000000028,0.08000000000000007,-0.9500000000000028,-0.08000000000000007,-0.09999999999999964,-0.2699999999999996,-0.040000000000000036,-0.13999999999999968,-0.29000000000000625,0.21000000000000085,-0.2400000000000002,-0.10000000000000009,-1.3000000000000043,-0.46000000000000085,-0.0699999999999994,-0.25,-0.1900000000000004,-0.3800000000000008,0.18999999999999773,-0.03999999999999915,0.25,0.05999999999999961,-0.20999999999999996,-0.27999999999999936,-2.469999999999999,-0.5400000000000009,-0.23000000000000043,0.07000000000000028,0.050000000000000266,-0.3699999999999992,-0.040000000000000924,0.10999999999999943,-0.050000000000000266,0.1200000000000001,-0.3200000000000003,-0.02999999999999936,-0.23000000000000043,-0.6899999999999977,0.16000000000000014,-0.41000000000000014,-0.07000000000000028,-0.06000000000000005,-0.21999999999999886,0.0600000000000005,0.10999999999999943,-0.0,-0.2400000000000002,-0.46999999999999886,0.11000000000000032,-0.07000000000000028,1.6400000000000006,-0.21000000000000085,-0.23000000000000398,0.28000000000000114,-1.1499999999999915,0.8200000000000003,0.4299999999999926,1.0900000000000034,1.8599999999999994,0.1899999999999995,-0.25,0.40000000000000036,-0.25,-0.2799999999999976,-1.0499999999999972,-0.10000000000000053,-0.6800000000000068,-1.3599999999999852,0.12000000000000455,0.23000000000000398,-0.4000000000000057,0.6299999999999955,-0.1700000000000017,-0.46999999999999886,-0.25,-2.1499999999999986,-0.05999999999999961,0.20999999999997954,1.5900000000000034,0.16000000000000014,1.0399999999999991,-0.8800000000000026,0.38000000000000256,-0.129999999999999,-0.12999999999999545
2024-09-26,-0.6500000000000004,-0.7299999999999995,0.8200000000000003,-0.2200000000000002,0.10999999999999943,0.3200000000000003,0.1899999999999995,-0.3700000000000001,3.450000000000003,0.6699999999999999,0.8800000000000026,-0.33999999999999986,-1.6099999999999994,-11.25,-15.25,-0.33999999999999986,0.5199999999999996,1.9000000000000057,-6.209999999999994,0.7099999999999991,-0.08000000000000007,-1.9400000000000048,-0.5599999999999987,0.5899999999999999,-2.539999999999999,0.5299999999999994,0.17999999999999972,-12.210000000000008,-0.48999999999999844,-0.41999999999999993,-1.0899999999999999,0.740000000000002,1.1000000000000014,1.0,-0.40000000000000036,-0.5800000000000054,0.3800000000000008,-0.9600000000000009,-0.7300000000000004,-0.7300000000000004,-0.40999999999999925,-4.850000000000001,-0.9899999999999984,0.5,0.41999999999999993,-1.4299999999999997,-0.6000000000000014,1.2899999999999991,0.17999999999999972,1.1899999999999977,0.4299999999999997,-0.2900000000000027,0.2400000000000002,-0.4399999999999995,-7.289999999999992,-3.460000000000001,-2.010000000000005,-8.300000000000011,-1.0199999999999996,1.3099999999999987,-0.7199999999999989,1.0199999999999996,1.0,0.03999999999999915,-0.379999999999999,0.7699999999999996,6.810000000000002,1.0500000000000007,0.40000000000000036,0.8099999999999987,-1.049999999999999,-1.5599999999999952,-0.34999999999999964,1.3399999999999999,2.4200000000000017,1.0700000000000003,2.200000000000003,1.9500000000000028,1.2799999999999976,0.020000000000000462,1.5300000000000011,-1.1400000000000006,-14.760000000000005,-1.6799999999999997,1.2600000000000016,-2.25,-0.5299999999999994,-2.549999999999997,-0.480000000000004,7.690000000000012,-1.2099999999999973,-2.210000000000001,0.6899999999999977,-1.3300000000000018,0.45000000000000284,0.620000000000001,2.440000000000005,-2.309999999999995,0.8000000000000007,0.46999999999999886,-2.6200000000000045,2.4099999999999966,3.9299999999999926,0.509999999999998,-2.5100000000000193,-3.4099999999999966,-3.530000000000001,-15.730000000000018,1.1099999999999994,-4.150000000000006,-2.739999999999995,-1.7199999999999989,1.4200000000000017,0.34999999999999964,-1.3699999999999974,0.050000000000000044,0.15000000000000036,0.22999999999999954,-0.14000000000000012,-0.040000000000000036,0.20999999999999996,0.05999999999999961,-0.05000000000000071,0.03000000000000025,-0.22999999999999954,-1.3200000000000003,0.490000000000002,1.230000000000004,-0.2999999999999998,-0.8300000000000001,0.1299999999999999,0.22999999999999954,-2.490000000000002,0.379999999999999,-0.6600000000000001,-0.5799999999999983,-0.16000000000000014,-5.619999999999997,0.4399999999999977,-0.5600000000000005,0.5300000000000011,0.5400000000000009,-0.7399999999999984,-0.14000000000000012,-0.7100000000000009,-2.6199999999999974,2.980000000000004,-1.2199999999999989,0.5800000000000001,0.7800000000000011,0.33000000000000007,0.41999999999999815,-1.5599999999999987,-14.389999999999986,-1.1000000000000014,-0.9299999999999997,0.2699999999999996,-0.16999999999999993,-130.0,0.21999999999999886,-1.0,0.8200000000000003,-1.5799999999999983,-0.4399999999999995,-5.960000000000001,-0.15999999999999992,0.44000000000000483,0.6000000000000014,1.3599999999999994,0.47000000000000064,0.46000000000000085,1.3300000000000018,-2.080000000000002,-0.8500000000000014,0.0600000000000005,-0.10000000000000142,-16.450000000000017,,-0.010000000000001563,0.33000000000000007,0.27000000000000135,-1.9899999999999984,0.8700000000000045,0.1999999999999993,0.08000000000000007,-0.2599999999999998,-0.20999999999999908,0.4800000000000004,0.6000000000000014,1.0300000000000011,0.3699999999999992,-0.02999999999999936,-0.620000000000001,0.10000000000000053,0.16000000000000014,-0.8200000000000003,-3.3500000000000014,0.7599999999999998,-1.1699999999999982,0.9499999999999957,-0.9600000000000009,-0.41000000000000014,0.29000000000000004,0.5899999999999999,-1.08,-0.8499999999999979,0.17999999999999972,0.3600000000000003,,1.3099999999999987,-0.1299999999999999,-0.35000000000000053,-0.3099999999999996,0.04999999999999982,-3.0600000000000023,0.23999999999999932,0.2999999999999998,2.8399999999999963,0.27000000000000046,-0.2599999999999998,0.3000000000000007,0.16000000000000014,0.4500000000000002,-2.200000000000003,-0.5199999999999996,0.33000000000000007,0.10999999999999988,-1.1299999999999955,-1.4399999999999977,-0.15000000000000036,0.3200000000000003,0.23999999999999932,0.6300000000000008,-2.3800000000000026,0.5099999999999998,-0.8600000000000012,-0.17999999999999972,0.11000000000000032,-0.6799999999999997,-0.589999999999975,0.5299999999999994,0.33999999999999986,-0.0699999999999994,-0.17999999999999972,0.4300000000000015,0.009999999999999787,0.9500000000000011,0.06999999999999984,-0.08999999999999986,-0.5700000000000003,0.5299999999999994,0.5300000000000011,-5.800000000000004,0.2400000000000002,0.4499999999999993,-0.4399999999999995,-0.10999999999999988,0.5,0.21999999999999975,0.08999999999999986,0.08999999999999986,0.07000000000000028,1.5300000000000011,-0.3099999999999996,1.3200000000000003,-4.150000000000006,0.5600000000000023,1.0799999999999983,-2.729999999999997,-3.9200000000000017,-3.8999999999999986,-2.3400000000000034,3.0799999999999983,3.4399999999999977,-0.7300000000000004,1.1900000000000013,0.7699999999999996,-4.780000000000001,-2.370000000000001,-5.819999999999993,0.33999999999999897,-3.210000000000008,-8.379999999999995,-2.3700000000000045,6.469999999999999,0.7199999999999989,-2.239999999999995,-2.479999999999997,13.120000000000005,-0.7099999999999991,1.009999999999998,-0.33000000000000007,1.990000000000009,-5.340000000000003,-1.1499999999999986,-4.640000000000001,1.2899999999999991,-1.0399999999999991,-0.6499999999999986,-1.4600000000000009
2024-09-27,-0.2699999999999996,-0.8000000000000007,-2.3599999999999994,0.23999999999999977,-0.2400000000000002,-0.2999999999999998,-0.3600000000000003,-0.3200000000000003,0.5600000000000023,-0.7599999999999998,-1.2299999999999969,0.16000000000000014,-2.1599999999999966,-12.370000000000005,16.78,0.20999999999999996,-0.6199999999999992,-0.01999999999999602,-9.080000000000013,-0.5300000000000011,-0.18000000000000016,-2.8200000000000003,-1.1600000000000001,-1.2599999999999998,-2.1000000000000014,-1.2299999999999986,-0.15000000000000036,-13.430000000000007,-0.47000000000000064,-0.16000000000000014,-0.7300000000000004,-1.639999999999997,-1.649999999999995,-3.4299999999999997,-0.41999999999999993,-2.5799999999999983,-0.6199999999999992,-0.6600000000000001,-0.6799999999999997,-0.8399999999999999,-0.25,-3.3100000000000023,-1.9700000000000024,-1.5100000000000016,-0.6300000000000008,-0.8999999999999986,-1.1899999999999977,-1.8000000000000007,-0.39000000000000057,-2.8299999999999983,-0.9500000000000011,-1.25,-0.2599999999999998,-1.1399999999999988,-5.859999999999999,-3.469999999999999,-2.1199999999999974,-30.30000000000001,-1.1199999999999992,-1.4700000000000024,-1.120000000000001,-2.8099999999999987,-2.91,-2.059999999999995,-0.370000000000001,-1.0700000000000003,-14.379999999999995,-0.879999999999999,-0.8000000000000007,-0.5100000000000016,-1.4700000000000006,-3.219999999999999,-0.8100000000000005,-2.8100000000000023,-6.710000000000008,-1.8299999999999983,-7.97999999999999,-8.150000000000006,1.8100000000000023,-0.0,-5.710000000000001,-1.7599999999999998,-26.849999999999994,-2.820000000000002,-3.6099999999999994,-4.039999999999999,-1.1500000000000004,-5.240000000000002,-7.579999999999998,-3.9199999999999875,-2.5,-3.6899999999999977,-1.4899999999999984,-1.509999999999998,-0.9799999999999969,-1.700000000000001,-9.780000000000001,-4.780000000000001,-0.9499999999999993,-1.8900000000000006,-8.209999999999994,-21.30000000000001,-9.0,-3.0100000000000016,-26.66999999999996,-8.479999999999997,-9.569999999999993,-32.72,-3.0400000000000027,-5.669999999999995,0.3100000000000023,-2.1099999999999994,-4.8999999999999915,0.02999999999999936,-1.8300000000000054,0.050000000000000044,0.20999999999999996,-0.08999999999999986,0.009999999999999787,0.0699999999999994,0.03000000000000025,0.04999999999999982,0.08999999999999986,0.08999999999999986,-0.3000000000000007,2.25,-0.629999999999999,0.25,0.15000000000000036,-0.9100000000000001,0.040000000000000036,0.3700000000000001,2.3400000000000034,-0.5899999999999999,0.34999999999999964,-1.0500000000000007,-0.18999999999999995,3.5,1.1000000000000014,0.4599999999999991,1.120000000000001,0.23999999999999844,-1.1999999999999993,0.04999999999999982,0.0799999999999983,2.219999999999999,4.709999999999994,1.0500000000000007,0.6500000000000004,0.8599999999999994,-0.5600000000000005,0.07000000000000028,1.2899999999999991,9.610000000000014,1.3200000000000003,-1.1199999999999974,-0.10999999999999943,0.10000000000000009,100.20000000000005,0.05000000000000071,-1.8900000000000006,1.4999999999999964,1.1099999999999994,-0.9100000000000001,5.700000000000003,0.16999999999999993,1.509999999999998,0.19000000000000128,0.3000000000000007,0.7799999999999994,0.48999999999999844,1.6499999999999986,1.5700000000000003,1.6199999999999974,0.0600000000000005,0.4399999999999977,18.090000000000003,,-1.8200000000000003,-0.7100000000000009,0.21000000000000085,-2.080000000000002,1.759999999999998,0.14000000000000057,0.1200000000000001,-0.41999999999999993,0.09999999999999964,-0.02000000000000135,0.0,0.6400000000000006,0.6799999999999997,0.5099999999999998,-1.0700000000000003,-0.02999999999999936,-0.20000000000000107,-1.4000000000000004,-4.349999999999994,1.1500000000000004,-2.2200000000000024,-0.9199999999999946,3.4000000000000057,-0.4500000000000002,0.28000000000000025,1.3399999999999999,1.1900000000000013,-0.10999999999999943,-0.08999999999999986,0.14999999999999858,,-0.030000000000001137,-0.08000000000000007,-0.4900000000000002,0.2400000000000002,0.1899999999999995,1.4799999999999969,0.1200000000000001,0.2699999999999996,2.3300000000000054,-0.39999999999999947,0.39000000000000057,0.11999999999999922,0.1900000000000004,0.2900000000000009,1.0900000000000034,0.0400000000000027,-0.7400000000000002,0.06999999999999984,0.7700000000000031,1.3500000000000014,-0.11000000000000032,0.019999999999999574,0.08000000000000007,1.2899999999999991,2.0999999999999943,-0.740000000000002,0.5599999999999987,-0.040000000000000036,-0.020000000000000462,-1.2100000000000009,3.8100000000000023,0.11999999999999922,-0.34999999999999964,0.0600000000000005,-0.04999999999999982,-0.16000000000000014,-0.009999999999999787,-1.6699999999999982,0.03000000000000025,0.6100000000000003,-1.0300000000000011,0.8300000000000001,1.1899999999999995,6.3700000000000045,-0.21000000000000085,0.14000000000000057,0.6400000000000006,0.0,0.3100000000000005,0.3099999999999996,0.030000000000001137,0.1200000000000001,0.14999999999999947,2.6000000000000014,-0.05999999999999961,-3.760000000000005,3.8499999999999943,-4.329999999999998,-2.509999999999998,2.469999999999999,6.950000000000003,3.950000000000003,-1.8299999999999983,2.3500000000000014,7.63000000000001,-1.0899999999999999,-2.4399999999999977,1.2200000000000006,5.240000000000002,2.5000000000000036,5.13000000000001,0.25,5.8799999999999955,10.050000000000011,4.719999999999999,9.460000000000008,5.150000000000006,5.1000000000000085,2.6200000000000045,16.53,0.6400000000000006,1.3900000000000006,-0.4800000000000004,-16.97,-9.72999999999999,1.4200000000000017,-6.109999999999999,-1.8599999999999994,-2.3000000000000007,1.2899999999999991,-3.6300000000000026
2024-09-30,-0.7900000000000009,0.8800000000000008,-2.4899999999999984,0.27,-0.3200000000000003,-0.4500000000000002,-0.5199999999999996,-0.7299999999999986,-3.0600000000000023,-1.3099999999999987,-1.6700000000000017,-0.35999999999999943,-4.530000000000001,13.609999999999985,18.460000000000008,0.6699999999999999,-1.2600000000000016,-3.539999999999999,9.989999999999995,-1.17,-0.3199999999999994,-3.969999999999999,-2.490000000000002,-1.5199999999999996,-1.7299999999999969,-1.3399999999999999,-0.6699999999999999,-14.769999999999982,-0.8200000000000003,0.5200000000000005,-1.4199999999999982,-2.150000000000002,-2.5800000000000054,-3.770000000000003,-0.7400000000000002,-4.329999999999998,-1.200000000000001,-1.0299999999999994,-1.6900000000000013,-1.5,-0.5500000000000007,-5.669999999999995,-2.1599999999999966,-2.1000000000000014,-0.9399999999999995,2.1999999999999993,-3.960000000000001,-2.0299999999999976,-0.879999999999999,-4.039999999999999,-1.2299999999999986,-1.7300000000000004,-0.4900000000000002,1.25,-8.060000000000002,-3.760000000000005,-2.299999999999997,-32.68000000000001,-1.2300000000000004,-2.599999999999998,-1.2300000000000004,-3.129999999999999,-3.200000000000003,-2.980000000000004,-0.6999999999999993,-1.629999999999999,-23.319999999999993,-1.3900000000000006,-1.4199999999999982,-1.1600000000000001,-1.6799999999999997,-3.1500000000000057,-1.08,-3.1099999999999994,-7.609999999999999,-3.3500000000000014,-10.090000000000003,-10.89,-3.25,-0.2999999999999998,-8.130000000000003,-2.6500000000000004,32.22,3.379999999999999,-5.560000000000002,-8.150000000000006,-2.450000000000001,-10.740000000000002,-14.379999999999995,-21.26000000000002,-5.400000000000002,-9.689999999999998,-3.9100000000000037,-3.370000000000001,-2.8000000000000007,-3.0,-11.549999999999997,-8.759999999999998,-1.8200000000000003,-5.43,-14.900000000000006,-25.079999999999984,-17.620000000000005,-5.050000000000001,-27.970000000000027,-11.820000000000007,-15.480000000000004,-39.26999999999998,-6.529999999999994,-9.940000000000005,-6.060000000000002,-5.490000000000002,-10.710000000000008,-0.26000000000000156,-2.719999999999999,-0.15999999999999992,-0.46999999999999975,-0.33999999999999986,-0.21999999999999975,-0.4500000000000002,-0.5300000000000002,-0.39000000000000057,-0.6600000000000001,-0.2999999999999998,-0.3899999999999997,-2.469999999999999,-1.0599999999999987,-1.9799999999999969,-0.5700000000000003,-1.0,-0.3799999999999999,-0.7400000000000002,-3.8200000000000003,-0.9500000000000011,-1.0600000000000005,-1.879999999999999,-0.19999999999999973,-4.829999999999998,-3.3800000000000026,-0.9700000000000006,-1.6499999999999986,-1.25,-2.520000000000003,-0.2999999999999998,-0.990000000000002,-3.6199999999999974,-5.909999999999997,-2.280000000000001,-1.1999999999999993,-1.8000000000000007,-0.9100000000000001,-1.5500000000000007,-1.7900000000000027,-23.5,-2.0699999999999967,-2.0600000000000023,-0.8599999999999994,-0.31000000000000005,-118.79999999999995,-1.4299999999999997,2.080000000000002,-3.210000000000001,-1.9400000000000013,-1.0500000000000007,-7.11999999999999,0.19000000000000017,-3.950000000000003,-1.0100000000000016,-2.049999999999997,-0.9400000000000013,-1.1400000000000006,-2.979999999999997,-2.849999999999998,-4.25,-0.35999999999999943,-1.6099999999999994,-19.899999999999977,,-2.6900000000000013,-1.2400000000000002,-1.049999999999999,-1.4699999999999989,-2.3999999999999986,-1.0600000000000023,-0.35999999999999943,-0.6600000000000001,-0.3000000000000007,-0.6500000000000004,-2.280000000000001,-5.409999999999997,-1.0099999999999998,-0.990000000000002,-1.7699999999999996,-0.35000000000000053,-0.4299999999999997,-1.5999999999999979,-3.010000000000005,-1.5500000000000007,-2.4399999999999977,-1.7899999999999991,-5.729999999999997,-0.47999999999999954,-0.5700000000000003,-2.1900000000000013,-1.3099999999999987,-0.9299999999999997,-0.25,-0.7100000000000009,,-0.879999999999999,-0.5199999999999996,-0.7999999999999989,-0.5600000000000005,-0.09999999999999964,-5.190000000000005,-0.6800000000000006,-0.16000000000000014,-4.219999999999999,-0.7900000000000009,-0.6200000000000001,-0.5100000000000007,-0.16999999999999993,-0.7699999999999996,-3.3299999999999983,-1.25,-0.9800000000000004,-0.29000000000000004,-4.0,-2.759999999999998,-0.20999999999999996,-0.3799999999999999,-0.45999999999999996,-1.6000000000000014,-4.210000000000001,-1.1799999999999997,-1.0799999999999983,-0.3799999999999999,-0.5199999999999996,-1.75,-11.659999999999997,-0.8800000000000008,-1.259999999999998,-0.4299999999999997,-0.14000000000000012,-0.9499999999999993,-0.6399999999999988,-1.8399999999999999,-0.16999999999999993,-0.4599999999999991,-1.759999999999998,-1.3100000000000005,-1.4000000000000004,-7.019999999999996,-0.75,-0.629999999999999,-0.8499999999999996,-0.16000000000000014,-0.870000000000001,-0.27999999999999936,-0.5199999999999996,-0.1299999999999999,-0.40000000000000036,-3.509999999999998,-0.35999999999999943,-4.339999999999996,-6.1200000000000045,-4.759999999999998,-4.550000000000004,-4.3700000000000045,-8.299999999999997,-4.689999999999998,-7.0,-4.380000000000003,-9.189999999999998,-1.3599999999999994,-2.6800000000000033,-1.6099999999999994,-4.729999999999997,-3.2099999999999937,-7.969999999999999,-0.33000000000000007,-8.400000000000006,-23.390000000000015,-9.879999999999995,-27.099999999999994,-14.700000000000003,-17.189999999999998,-6.839999999999996,-44.39999999999998,-3.16,-5.899999999999999,-1.4100000000000001,-48.190000000000026,-13.040000000000006,-3.789999999999999,-10.670000000000002,-7.329999999999998,-5.079999999999998,-3.5900000000000034,-10.0
2024-10-08,-0.6699999999999999,-0.6600000000000001,-3.1200000000000045,-0.29000000000000004,-0.20999999999999996,-0.08000000000000007,0.5700000000000003,-0.2400000000000002,-4.1299999999999955,-0.08000000000000007,0.3999999999999986,-0.08000000000000007,-1.6799999999999997,-9.300000000000011,-20.269999999999982,-0.7399999999999993,-0.3199999999999985,3.5600000000000023,-10.989999999999995,-0.33999999999999986,-0.25,-4.369999999999997,-2.59,1.6700000000000017,1.3099999999999952,-0.4400000000000013,-0.22000000000000064,-1.5400000000000205,-0.11999999999999922,-0.4500000000000002,0.28999999999999915,-2.41,-1.5399999999999991,-4.149999999999999,0.13000000000000078,-4.210000000000001,-0.5499999999999972,0.3000000000000007,-0.5799999999999983,-0.7899999999999991,-0.3799999999999999,6.240000000000002,-1.5300000000000011,-2.3099999999999987,-0.8100000000000005,-2.2699999999999996,-4.020000000000003,2.990000000000002,-1.0,-4.440000000000005,-1.2699999999999996,-1.7799999999999976,-0.23000000000000043,-1.370000000000001,1.1299999999999955,0.5400000000000063,0.3299999999999983,36.599999999999966,-1.3499999999999996,-1.5399999999999991,-1.1999999999999993,-3.450000000000003,-3.519999999999996,-2.8699999999999974,-0.16999999999999993,-1.1300000000000026,-20.069999999999993,-0.8099999999999987,-0.8500000000000014,-0.5899999999999999,-1.8500000000000014,1.2100000000000009,1.1799999999999997,-3.4200000000000017,-7.819999999999993,-3.0,-11.099999999999994,-11.980000000000004,-2.229999999999997,-0.0,-9.759999999999998,-3.1799999999999997,-38.66,4.059999999999999,-6.68,-12.450000000000003,-2.9399999999999995,-12.980000000000004,-19.61,-30.97,-6.479999999999997,-10.230000000000004,-3.8200000000000003,-3.2399999999999984,-3.84,-3.8699999999999974,-14.040000000000006,10.510000000000005,-1.3599999999999994,-5.100000000000001,-19.0,-47.110000000000014,-21.17,-6.07,-31.5,-12.189999999999998,18.58,-47.12000000000003,-8.030000000000001,-7.8799999999999955,-4.590000000000003,-5.979999999999997,-18.599999999999994,-0.3699999999999992,-0.509999999999998,-0.10000000000000009,-0.23000000000000043,-0.35000000000000053,-0.11000000000000032,0.20999999999999996,-0.08999999999999986,0.09000000000000075,0.3800000000000008,-0.05999999999999961,0.15000000000000036,2.7200000000000024,-0.5400000000000027,-2.3900000000000006,-0.27999999999999936,0.03999999999999915,-0.1900000000000004,0.8200000000000003,-1.3599999999999994,-0.33999999999999986,-0.27999999999999936,-1.740000000000002,0.09999999999999964,0.6499999999999915,-1.529999999999994,-0.1899999999999995,-1.5100000000000016,0.10999999999999943,-1.5299999999999976,-0.040000000000000036,0.0400000000000027,-3.710000000000001,-2.430000000000007,-0.6600000000000001,-0.8500000000000014,-0.5399999999999991,-1.0199999999999996,-0.22999999999999687,-0.41000000000000014,-14.310000000000002,-1.5500000000000007,2.259999999999998,0.17999999999999972,-0.04999999999999982,25.0,0.34999999999999787,2.289999999999999,3.530000000000001,-0.09999999999999787,-1.1500000000000004,0.8499999999999943,-0.20999999999999996,-0.07000000000000028,0.5300000000000011,-0.9699999999999989,-0.7199999999999989,-0.46000000000000085,-3.270000000000003,1.2399999999999984,-4.670000000000002,0.0699999999999994,-0.990000000000002,-11.910000000000025,,-1.9299999999999997,-0.46999999999999886,0.5599999999999987,0.10999999999999943,-2.710000000000001,0.8300000000000018,-0.0600000000000005,-0.7300000000000004,-0.16000000000000014,-0.25,-1.4199999999999982,0.4399999999999977,1.1100000000000012,-0.1999999999999993,1.9399999999999977,-0.04999999999999982,-0.45000000000000107,-1.7200000000000024,-0.36999999999999744,1.7100000000000009,-2.6900000000000013,1.1600000000000037,-5.890000000000001,0.16000000000000014,-0.41000000000000014,-2.5199999999999996,-0.28000000000000114,-0.740000000000002,-0.1900000000000004,-0.5999999999999996,,1.4199999999999982,0.35000000000000053,0.8800000000000008,-0.2400000000000002,-0.040000000000000036,-4.6399999999999935,-0.6599999999999993,0.05000000000000071,-4.640000000000001,-0.7899999999999991,0.6799999999999997,-0.29000000000000004,0.05999999999999961,0.1899999999999995,-1.6599999999999966,0.75,-0.8399999999999999,-0.20999999999999996,-4.399999999999999,-1.7200000000000024,-0.16999999999999993,-0.20999999999999996,-0.35000000000000053,1.759999999999998,-3.3400000000000034,-1.0199999999999996,0.29999999999999716,-0.04999999999999982,-0.4299999999999997,1.9299999999999997,-9.350000000000023,-0.6199999999999992,-1.2900000000000027,0.11000000000000032,-0.04999999999999982,-0.13000000000000078,-0.3200000000000003,-2.0199999999999996,-0.040000000000000036,0.02999999999999936,-1.4100000000000001,1.4399999999999995,1.5399999999999991,-7.689999999999998,-0.1899999999999995,0.17999999999999972,-0.9299999999999997,-0.08000000000000007,-0.8999999999999986,0.08000000000000007,0.13000000000000078,0.03000000000000025,-0.23000000000000043,-3.8599999999999994,-0.1900000000000004,4.770000000000003,0.8599999999999994,-5.240000000000002,-2.9399999999999977,-3.6299999999999955,9.129999999999995,-2.990000000000002,-1.9299999999999926,-0.740000000000002,-10.719999999999999,-1.4800000000000004,-2.9499999999999993,-1.1400000000000006,1.509999999999998,-1.0600000000000023,-8.83999999999999,0.06999999999999851,-7.049999999999997,15.019999999999982,-13.38000000000001,-32.80000000000001,-10.86999999999999,-20.659999999999997,-7.210000000000001,-50.460000000000036,3.8000000000000007,-7.630000000000003,-1.7299999999999986,57.829999999999984,-11.539999999999992,-3.75,-9.950000000000003,-9.43,-6.320000000000004,-3.7399999999999984,11.999999999999993
2024-10-09,-1.200000000000001,-1.040000000000001,-2.220000000000006,-0.31999999999999984,-0.46999999999999975,-0.7700000000000005,0.6200000000000001,-0.9499999999999993,-5.179999999999993,-1.4699999999999989,-2.5,-0.27999999999999936,-4.630000000000003,-15.900000000000006,-22.329999999999984,-0.8099999999999996,-1.5199999999999996,-3.5700000000000003,-3.6499999999999915,-1.3600000000000012,-0.3700000000000001,1.9499999999999957,-1.8500000000000014,1.3800000000000026,-2.370000000000001,-1.3299999999999983,-0.6300000000000008,-16.370000000000005,-0.879999999999999,-0.6100000000000003,-1.8500000000000014,1.5,-2.8100000000000023,-2.4499999999999957,-0.9299999999999997,-2.3699999999999974,-1.5399999999999991,-1.1899999999999995,-0.34999999999999787,-1.629999999999999,-0.4900000000000002,-2.3900000000000006,-0.759999999999998,-2.3200000000000003,-1.1199999999999992,-2.799999999999997,-4.359999999999999,-2.120000000000001,-0.629999999999999,1.9100000000000037,-1.7399999999999984,-2.3000000000000007,-0.6900000000000004,-1.5199999999999996,-9.670000000000002,-2.479999999999997,-3.6000000000000014,-2.420000000000016,-0.13000000000000078,-2.3299999999999983,-1.4700000000000006,-3.789999999999999,-3.3200000000000003,-4.25,-0.8699999999999992,-1.8900000000000006,-21.689999999999998,-1.8499999999999979,-1.6099999999999994,-1.2200000000000024,-2.0400000000000027,-3.1099999999999994,0.2599999999999998,1.9000000000000057,-9.149999999999991,-2.799999999999997,-5.779999999999987,0.46999999999999886,-2.8299999999999983,-0.3200000000000003,-9.14,-3.459999999999999,0.9799999999999898,-0.5399999999999991,-3.469999999999999,-10.14,0.17999999999999972,-0.75,-20.08,-19.430000000000007,0.07000000000000028,-11.39,-4.25,-4.689999999999998,-3.099999999999998,-2.969999999999999,-15.340000000000003,-2.259999999999991,-2.8299999999999983,-4.800000000000004,14.019999999999996,-44.0,-20.400000000000006,-4.640000000000001,-27.819999999999993,-17.89,-5.820000000000007,-52.01000000000002,-6.859999999999999,-11.969999999999999,-9.900000000000006,-5.109999999999999,-12.61,-0.5899999999999999,-3.4399999999999977,-0.17000000000000015,-0.4900000000000002,-0.6000000000000005,-0.29000000000000004,-0.5499999999999998,-0.6400000000000006,-0.4299999999999997,-0.4900000000000002,-0.4399999999999995,-0.5099999999999998,-0.4299999999999997,-1.490000000000002,-2.990000000000002,-0.6299999999999999,-1.0999999999999996,-0.3700000000000001,0.9000000000000004,-4.300000000000004,-1.370000000000001,-1.3200000000000003,-2.120000000000001,-0.29000000000000004,-6.780000000000001,-3.1499999999999986,-1.0299999999999994,-1.9700000000000024,-1.3399999999999999,-2.419999999999998,-0.3600000000000003,-1.2300000000000004,-4.329999999999998,-8.870000000000005,-2.460000000000001,-1.370000000000001,-2.2799999999999976,-1.17,-0.75,-2.1900000000000013,-26.30000000000001,-2.4399999999999977,-2.490000000000002,-1.4100000000000001,-0.3700000000000001,-127.84999999999991,-2.030000000000001,-2.5199999999999996,-0.4399999999999977,-2.1499999999999986,-1.0099999999999998,-6.489999999999995,-0.22999999999999998,-1.6700000000000017,-0.6999999999999993,-1.9799999999999969,-1.0999999999999996,-1.0700000000000003,1.4699999999999989,-2.6099999999999994,-3.8400000000000034,-0.2600000000000007,-2.129999999999999,-23.080000000000013,,-3.4200000000000017,-1.42,-0.25,-2.4299999999999997,-2.299999999999997,-0.6699999999999982,-0.33999999999999986,-0.8000000000000007,-0.6300000000000008,-0.8200000000000003,-2.599999999999998,-3.519999999999996,1.0899999999999999,-1.0300000000000011,-1.4600000000000009,-0.33000000000000007,-1.1300000000000008,-1.9299999999999997,-4.280000000000001,1.8800000000000026,0.7100000000000009,-2.0899999999999963,-6.710000000000001,-0.54,-0.8600000000000003,-1.7100000000000009,-1.17,-1.4000000000000021,-0.4500000000000002,-0.7999999999999989,,-1.4800000000000004,-0.6900000000000004,0.9700000000000006,-0.7800000000000011,-0.08999999999999986,-6.029999999999994,-0.8099999999999996,-0.2999999999999998,2.0600000000000023,-0.8499999999999996,0.75,-0.6200000000000001,-0.08000000000000007,-0.7200000000000006,-4.079999999999998,-1.3499999999999979,-0.9500000000000011,-0.34999999999999964,4.839999999999996,-2.650000000000002,-0.2699999999999996,-0.5899999999999999,-0.5800000000000001,1.5199999999999996,-1.6400000000000006,-1.8300000000000018,-1.660000000000002,-0.33999999999999986,-0.6499999999999995,2.120000000000001,-10.469999999999999,-1.0299999999999994,-1.7400000000000002,-0.25,-0.23999999999999977,-1.1000000000000014,-0.8900000000000006,-2.219999999999999,-0.20000000000000018,-0.79,-1.6999999999999993,1.58,1.6899999999999995,-8.489999999999995,-1.0200000000000014,-1.0300000000000011,1.0299999999999994,-0.20999999999999996,-1.6199999999999992,-0.16999999999999993,-0.6799999999999997,-0.16000000000000014,-0.4500000000000002,4.25,-0.5700000000000003,-3.460000000000001,-4.700000000000003,-1.8100000000000023,-6.100000000000001,-5.149999999999999,-8.120000000000005,-5.450000000000003,-6.0,-4.270000000000003,2.4399999999999977,-1.6400000000000006,-2.4400000000000013,-1.879999999999999,-6.090000000000003,-3.6499999999999986,4.109999999999999,-0.7000000000000011,-10.590000000000003,-76.0,1.8500000000000085,-1.1999999999999886,18.39999999999999,-7.060000000000002,-3.6300000000000026,54.06,-3.2399999999999984,-8.270000000000003,-1.4299999999999997,-24.50999999999999,-13.329999999999998,-2.3000000000000007,-13.549999999999997,-0.12000000000000455,-3.210000000000001,-3.960000000000001,-11.900000000000006
2024-10-10,0.3000000000000007,-0.22000000000000064,-0.3999999999999986,0.16999999999999993,0.04999999999999982,0.2400000000000002,-0.16999999999999993,-0.09999999999999964,3.289999999999992,0.3699999999999992,0.2699999999999996,0.1999999999999993,0.8800000000000026,4.189999999999998,-1.5800000000000125,-0.40000000000000036,-0.009999999999999787,1.7199999999999989,-5.230000000000004,0.34000000000000163,0.020000000000000462,-1.2900000000000063,0.05999999999999872,-0.6099999999999994,1.620000000000001,-0.10000000000000142,0.08000000000000007,4.299999999999983,0.17999999999999972,0.15000000000000036,0.40000000000000213,-0.6500000000000021,0.6400000000000006,-1.9299999999999997,0.3699999999999992,0.5999999999999943,0.28999999999999915,0.29999999999999893,-0.7899999999999991,-0.1700000000000017,0.13999999999999968,-4.299999999999997,-1.0400000000000027,-0.28000000000000114,-0.2400000000000002,0.23999999999999844,0.6099999999999994,-0.6099999999999994,0.02999999999999936,-2.229999999999997,-0.019999999999999574,0.8300000000000018,-0.05000000000000071,-0.33000000000000007,0.20999999999999375,0.00999999999999801,0.6000000000000014,-16.70999999999998,-1.3599999999999994,-0.129999999999999,-0.5,-0.5900000000000034,0.8800000000000026,1.3700000000000045,0.10999999999999943,-0.46000000000000085,10.199999999999989,0.23000000000000043,0.0799999999999983,0.28000000000000114,-0.5799999999999983,-1.5,-0.6400000000000006,-0.3200000000000003,-3.3700000000000045,0.9600000000000009,-1.2700000000000102,-6.1000000000000085,0.7100000000000009,-0.16999999999999993,0.5500000000000043,-0.20000000000000107,-40.29000000000002,-4.349999999999998,-1.8600000000000065,-1.740000000000002,-0.5800000000000018,-5.75,2.3400000000000034,-3.6899999999999977,-2.029999999999994,-0.789999999999992,0.030000000000001137,0.029999999999997584,0.3200000000000003,-0.75,-3.469999999999999,-7.79999999999999,0.7899999999999991,0.09000000000000341,-3.180000000000007,3.0,-2.8499999999999943,-0.5800000000000018,1.339999999999975,-0.6700000000000017,-9.700000000000003,0.09000000000000341,-0.8299999999999983,-0.75,2.719999999999999,-0.8500000000000014,-4.340000000000003,0.40000000000000036,0.4099999999999966,0.040000000000000036,0.1200000000000001,0.27000000000000046,0.13000000000000034,0.21999999999999975,-0.3700000000000001,0.17999999999999972,-0.15000000000000036,0.2999999999999998,0.1200000000000001,-2.6000000000000014,0.6499999999999986,1.7199999999999989,-0.4300000000000006,0.1399999999999988,-0.2400000000000002,-0.3200000000000003,-0.02999999999999403,0.2900000000000009,0.33000000000000007,0.33999999999999986,0.020000000000000018,2.799999999999997,-1.980000000000004,0.25,-0.3099999999999987,-1.3900000000000006,-0.20000000000000284,0.17000000000000082,-0.8100000000000023,0.8900000000000006,0.5700000000000074,0.46999999999999886,-0.030000000000001137,0.6199999999999974,0.33000000000000007,-0.029999999999997584,0.10999999999999943,3.5999999999999943,-0.41000000000000014,0.9800000000000004,0.25,0.0,44.84999999999991,0.25,2.219999999999999,-1.1299999999999955,0.879999999999999,0.129999999999999,2.089999999999989,-0.1200000000000001,1.759999999999998,-0.379999999999999,0.9299999999999997,-0.34999999999999964,-0.030000000000001137,-1.6300000000000026,0.19000000000000128,-0.5700000000000003,0.1299999999999999,0.2799999999999976,1.6299999999999955,,0.33999999999999986,0.3000000000000007,0.35999999999999943,1.0899999999999999,0.269999999999996,0.629999999999999,0.10999999999999943,-0.29000000000000004,-0.5199999999999996,-0.4900000000000002,1.1199999999999974,-2.1799999999999926,-0.09000000000000163,0.7199999999999989,-1.4800000000000004,0.09999999999999964,0.120000000000001,-0.40000000000000213,0.0,-1.129999999999999,-2.0700000000000003,-2.6000000000000014,-0.9699999999999989,0.1299999999999999,-0.5300000000000002,-0.1999999999999993,0.379999999999999,0.7899999999999991,0.2699999999999996,-0.8699999999999992,,0.8999999999999986,0.2999999999999998,-0.3099999999999987,0.08000000000000007,-0.15000000000000036,2.799999999999997,-0.009999999999999787,0.35000000000000053,2.729999999999997,-0.17999999999999972,-0.21999999999999975,-0.6200000000000001,-0.22999999999999954,0.5,1.1600000000000037,0.16999999999999815,0.28000000000000114,-0.31999999999999984,0.39000000000000057,0.8200000000000003,-0.29000000000000004,-0.5,-0.4500000000000002,-0.3000000000000007,-1.3900000000000006,0.45000000000000284,-0.9599999999999991,-0.3199999999999994,-0.5599999999999996,-0.9800000000000004,-7.449999999999989,0.9299999999999997,0.34999999999999964,0.1800000000000006,0.13999999999999968,-0.5700000000000003,0.2900000000000009,-0.5,-0.20000000000000018,0.23000000000000043,-0.05000000000000071,-0.8099999999999987,-0.5199999999999996,-1.8500000000000085,-0.6600000000000001,0.4200000000000017,-0.41999999999999993,0.08999999999999986,0.11999999999999922,0.2599999999999998,-0.5600000000000005,0.20000000000000018,-0.3099999999999996,-1.8699999999999974,0.20000000000000018,-3.440000000000005,2.299999999999997,-0.8599999999999994,-0.0899999999999963,0.37000000000000455,-6.569999999999993,-0.5700000000000003,-0.7800000000000011,-0.3399999999999963,-0.0799999999999983,-0.3999999999999986,-0.0799999999999983,-0.620000000000001,0.45000000000000284,0.0,-5.019999999999996,0.2699999999999996,-0.12000000000000455,-7.0,-7.519999999999996,-17.819999999999993,4.4199999999999875,0.030000000000001137,-0.8499999999999943,3.8000000000000114,-2.3200000000000003,0.759999999999998,-0.009999999999999787,-24.30000000000001,-1.559999999999988,0.26000000000000156,-1.9200000000000017,0.14999999999999858,-2.1799999999999997,-0.00999999999999801,-8.870000000000005
2024-10-11,-0.2599999999999998,-0.019999999999999574,-1.8099999999999987,-0.03000000000000025,-0.16999999999999993,-0.20000000000000018,-0.15000000000000036,-0.22000000000000064,-1.5300000000000011,-0.5399999999999991,-0.33999999999999986,-0.2999999999999998,-1.5200000000000031,-5.909999999999997,-10.400000000000006,-0.7700000000000005,-0.4800000000000004,-1.0599999999999952,-7.989999999999995,-0.3200000000000003,-0.17999999999999972,-2.7099999999999937,-1.3699999999999974,-0.5199999999999996,0.35999999999999943,-0.4200000000000017,-0.2599999999999998,-2.329999999999984,-0.1999999999999993,-0.20000000000000018,-0.5500000000000007,-1.379999999999999,-1.1400000000000006,-1.7700000000000031,-0.23999999999999844,-2.559999999999995,-0.5799999999999983,0.16999999999999993,-0.030000000000001137,-0.6499999999999986,-0.23999999999999932,-4.510000000000005,-1.5399999999999991,-1.1899999999999977,-0.46000000000000085,-1.0199999999999996,-1.4100000000000037,-1.879999999999999,-0.5899999999999999,-1.8300000000000054,-0.8200000000000003,-0.8500000000000014,-0.25,-0.5,-1.9899999999999949,-1.509999999999998,0.0799999999999983,-22.49000000000001,-0.8100000000000005,1.740000000000002,0.13000000000000078,-1.9399999999999977,-2.8700000000000045,-1.25,-0.33000000000000007,-0.7899999999999991,-15.839999999999975,-0.9600000000000009,-0.7800000000000011,-0.33999999999999986,-1.2699999999999996,-1.2100000000000009,-0.3899999999999988,-2.1499999999999986,-3.3400000000000034,-1.740000000000002,-6.549999999999997,-9.460000000000008,-0.7000000000000028,-0.11999999999999922,-3.8200000000000003,-1.1600000000000001,-8.47999999999999,0.3000000000000007,-3.179999999999996,-4.690000000000005,1.9999999999999982,-6.88000000000001,-4.650000000000006,-3.0700000000000216,-3.770000000000003,-4.020000000000003,-1.4600000000000009,-1.2399999999999984,-1.4300000000000033,-1.4699999999999989,-3.430000000000007,-0.8500000000000014,-0.8399999999999999,-1.3700000000000045,-6.3999999999999915,-16.210000000000008,-6.840000000000003,3.1499999999999986,-13.579999999999984,-4.219999999999999,-9.210000000000008,19.25,-2.719999999999999,-2.8999999999999986,-0.7999999999999972,-1.6199999999999974,-6.519999999999996,-0.15000000000000036,-0.6299999999999955,-0.050000000000000044,-0.2600000000000007,-0.15000000000000036,-0.08000000000000007,-0.11000000000000032,0.009999999999999787,0.0,-0.33000000000000007,-0.1299999999999999,-0.20000000000000018,0.4200000000000017,-0.6699999999999982,-0.29999999999999716,-0.35000000000000053,0.22000000000000064,-0.28000000000000025,-0.2400000000000002,-1.7100000000000009,-0.370000000000001,-0.25,-0.6900000000000013,-0.08000000000000007,-2.969999999999999,-1.6500000000000057,-0.3100000000000005,-0.9200000000000017,-0.9199999999999999,-0.8599999999999994,-0.09000000000000075,0.05000000000000071,-2.3699999999999974,-3.450000000000003,-0.6199999999999974,-0.16000000000000014,-0.34999999999999787,-0.6300000000000008,-0.4700000000000024,-0.8900000000000006,11.469999999999999,-0.9000000000000021,-2.1900000000000013,-0.28000000000000114,-0.08999999999999986,-35.00999999999999,0.23000000000000043,-2.080000000000002,-1.6200000000000045,-0.09999999999999787,-0.7099999999999991,-2.4499999999999886,-0.040000000000000036,-0.519999999999996,0.14999999999999858,-0.620000000000001,-0.5700000000000003,-0.4299999999999997,-1.8999999999999986,0.3299999999999983,-2.759999999999998,-0.08999999999999986,-0.34999999999999787,-9.98999999999998,0.9699999999999989,1.8200000000000003,-0.5,-0.07000000000000028,-0.2699999999999996,-2.030000000000001,0.030000000000001137,-0.0699999999999994,-0.20999999999999996,-0.08999999999999986,-0.08000000000000007,0.08000000000000185,-0.23000000000000398,-0.4299999999999997,-0.4299999999999997,-1.3499999999999979,-0.04999999999999982,0.02999999999999936,-0.75,-0.7199999999999989,-0.13000000000000078,1.0800000000000018,-0.3500000000000014,-2.3100000000000023,0.21999999999999975,-0.35000000000000053,-1.2100000000000009,-0.03999999999999915,-0.3999999999999986,-0.1299999999999999,0.25,1.6199999999999974,-0.17999999999999972,-0.1999999999999993,-0.7799999999999994,-0.15999999999999837,0.009999999999999787,-0.9600000000000009,-0.2400000000000002,-0.03000000000000025,-2.039999999999999,-0.3800000000000008,-0.20000000000000018,-0.27000000000000046,0.0,0.02999999999999936,-0.6000000000000014,-0.379999999999999,-0.5400000000000009,-0.20999999999999996,-1.25,-1.3000000000000007,0.0,-0.25,-0.3200000000000003,-0.5500000000000007,-2.0,-0.6700000000000017,-0.4599999999999973,-0.33999999999999986,-0.4499999999999993,-0.00999999999999801,-4.289999999999992,-0.3100000000000005,-0.19000000000000128,-0.14000000000000057,-0.05999999999999961,-0.1399999999999988,-0.040000000000000924,-0.4400000000000013,-0.14000000000000012,-0.20000000000000018,-0.759999999999998,-0.13000000000000078,-0.75,-2.9200000000000017,-0.3199999999999985,-0.11000000000000298,-0.16000000000000014,-0.04999999999999982,-0.3899999999999988,0.0600000000000005,-0.2400000000000002,0.009999999999999787,-0.2400000000000002,-3.6400000000000006,-0.11000000000000032,-1.5,-3.280000000000001,-3.479999999999997,-2.509999999999998,-1.0,-7.890000000000001,-2.229999999999997,-3.6799999999999926,-0.25,-3.450000000000003,-0.7900000000000009,-1.8800000000000026,-0.6400000000000006,0.14999999999999858,-0.9400000000000013,-4.079999999999998,-0.14999999999999858,-3.269999999999996,3.6200000000000045,-5.3700000000000045,-11.620000000000005,-3.6699999999999875,-7.329999999999998,-0.5400000000000063,-20.330000000000013,-2.210000000000001,-1.5300000000000011,-0.16000000000000014,-14.199999999999989,-5.070000000000007,-2.2600000000000016,-3.1200000000000045,-4.800000000000004,-2.5600000000000023,-0.40000000000000213,-5.539999999999992
2024-10-14,-0.29999999999999893,-0.2400000000000002,0.5700000000000003,-0.050000000000000266,0.08999999999999986,-0.16999999999999993,-0.02999999999999936,0.0,-2.230000000000004,0.20999999999999908,-1.7199999999999989,-0.4500000000000002,0.37000000000000455,0.18000000000000682,-10.02000000000001,-0.8499999999999996,0.15000000000000036,-1.25,0.009999999999990905,0.16999999999999993,0.05999999999999961,-2.239999999999995,-1.4199999999999982,0.08999999999999986,1.490000000000002,0.25,-0.16999999999999993,-0.10999999999998522,-0.03999999999999915,-0.25,0.23000000000000043,0.7100000000000009,0.5900000000000034,0.9500000000000028,0.16999999999999993,0.5399999999999991,0.33000000000000007,-0.5299999999999994,0.26000000000000156,-0.03999999999999915,-0.10999999999999943,-4.810000000000002,0.1999999999999993,0.28999999999999915,-0.15000000000000036,-1.4399999999999977,-0.7800000000000011,-1.6799999999999997,0.2400000000000002,0.740000000000002,-0.5300000000000011,-0.5500000000000007,-0.020000000000000462,-1.0299999999999994,0.09999999999999432,-0.6000000000000014,-1.75,-3.2099999999999795,-1.2799999999999994,-0.7900000000000027,-0.7699999999999996,0.35999999999999943,0.46000000000000085,-1.7899999999999991,-0.030000000000001137,0.3200000000000003,6.949999999999989,-0.28999999999999915,0.23000000000000043,-1.0899999999999999,0.23999999999999844,-1.009999999999998,0.02999999999999936,0.19000000000000483,0.9300000000000068,0.769999999999996,0.519999999999996,-1.7600000000000051,-0.7800000000000011,0.0699999999999994,0.5700000000000003,0.16999999999999993,-8.030000000000001,-0.21999999999999886,0.379999999999999,0.5799999999999983,0.1399999999999988,-1.960000000000008,0.04999999999999716,-2.3600000000000136,0.9299999999999997,-0.7999999999999972,0.6099999999999994,-0.23999999999999844,-1.2700000000000031,0.39000000000000057,-4.219999999999999,-5.1299999999999955,0.14999999999999858,0.769999999999996,1.8900000000000006,7.930000000000007,0.7000000000000028,0.5,-0.45999999999997954,1.4099999999999966,3.3700000000000045,0.4399999999999977,-0.259999999999998,0.4799999999999969,0.3299999999999983,0.04999999999999716,3.1899999999999977,-0.2400000000000002,0.1700000000000017,0.020000000000000018,0.04999999999999982,-0.16000000000000014,-0.08000000000000007,-0.07000000000000028,-0.16000000000000014,0.02999999999999936,-0.11999999999999922,0.04999999999999982,-0.019999999999999574,-0.7100000000000009,-0.75,-0.8999999999999986,-0.6200000000000001,-0.5399999999999991,0.1200000000000001,-0.2600000000000007,0.19999999999999574,-0.02000000000000135,0.03999999999999915,-0.07000000000000028,0.0,0.21999999999999886,0.20000000000000284,0.05999999999999872,0.5100000000000016,0.40000000000000036,-0.0400000000000027,-0.29000000000000004,0.3200000000000003,1.1899999999999977,0.06999999999999318,0.029999999999997584,-0.010000000000001563,-0.2799999999999976,-0.47000000000000064,-0.23000000000000043,0.22000000000000242,-1.1599999999999966,-0.2900000000000027,0.8900000000000006,0.3099999999999987,0.050000000000000266,3.0,0.5599999999999987,1.5600000000000023,0.8900000000000006,-0.8999999999999986,0.2400000000000002,-1.3900000000000006,-0.09000000000000008,0.4099999999999966,0.029999999999997584,-0.7300000000000004,-0.41999999999999993,-0.28999999999999915,0.8200000000000003,-0.8399999999999999,-2.25,0.0600000000000005,-0.46999999999999886,2.789999999999992,-1.0600000000000005,0.14999999999999858,-0.25,0.23999999999999844,-0.00999999999999801,-1.7100000000000009,-0.14000000000000057,-0.019999999999999574,-0.009999999999999787,-0.47000000000000064,-0.6400000000000006,0.10000000000000142,-2.230000000000004,0.08000000000000007,-0.0400000000000027,-0.2699999999999996,0.0600000000000005,-0.13000000000000078,-0.5500000000000007,3.3800000000000026,-0.08000000000000007,-0.490000000000002,0.07000000000000028,0.9099999999999966,-0.08000000000000007,0.22999999999999954,0.5700000000000003,-0.6699999999999999,-0.6600000000000001,-0.20999999999999996,0.27999999999999936,-1.2200000000000024,-0.45000000000000284,-0.23999999999999932,0.2900000000000009,-0.02999999999999936,-0.20000000000000018,1.1300000000000026,-0.2999999999999998,-0.16000000000000014,0.4000000000000057,-0.28000000000000114,-0.009999999999999787,0.1200000000000001,-0.20000000000000018,-0.5700000000000003,-1.0799999999999983,-0.14000000000000057,0.120000000000001,0.06000000000000005,-1.3099999999999952,-0.1700000000000017,-0.1899999999999995,-0.3100000000000005,0.08999999999999986,-0.019999999999999574,0.6600000000000037,-0.6600000000000001,0.3999999999999986,0.21999999999999975,0.21999999999999886,-0.21999999999999886,-2.219999999999999,0.22000000000000064,0.07000000000000028,0.1200000000000001,-0.08999999999999986,-0.7399999999999984,0.05000000000000071,-0.3200000000000003,0.040000000000000036,-0.2599999999999998,0.019999999999999574,0.02999999999999936,-0.6900000000000013,0.269999999999996,0.40999999999999837,-0.43000000000000327,0.019999999999999574,-0.06999999999999984,0.1399999999999988,-0.39000000000000057,0.07000000000000028,-0.1200000000000001,0.03000000000000025,-3.1799999999999997,-0.16999999999999993,-0.990000000000002,-0.6700000000000017,0.44999999999999574,-0.35999999999999943,-0.38999999999999346,-2.4199999999999875,-1.3599999999999994,0.060000000000002274,-0.19000000000000483,1.2800000000000011,0.370000000000001,1.1300000000000026,-0.17999999999999972,-3.0799999999999983,0.0799999999999983,-2.1200000000000045,-0.34999999999999964,-0.45000000000000284,-7.579999999999984,-1.4100000000000108,-4.689999999999998,1.039999999999992,-0.5,-1.25,-9.5,0.11000000000000298,-1.4400000000000048,0.09999999999999964,-41.10000000000002,0.45999999999999375,0.9299999999999997,0.5499999999999972,-0.07000000000000028,1.25,0.15000000000000213,-6.11999999999999
2024-10-15,-0.11999999999999922,-0.14000000000000057,-0.4299999999999997,-0.06000000000000005,-0.1299999999999999,-0.20999999999999996,-0.1800000000000006,0.21000000000000085,-3.0,0.6799999999999997,-0.10000000000000142,-0.28000000000000025,-1.2800000000000011,6.810000000000002,-8.930000000000007,-0.75,-0.28999999999999915,-1.2700000000000031,-3.5600000000000023,-0.27000000000000135,-0.09999999999999964,-0.9600000000000009,-0.6400000000000006,-0.5299999999999994,-1.0200000000000031,-0.0,0.2599999999999998,-5.759999999999991,-0.23000000000000043,-0.1900000000000004,-0.41000000000000014,0.240000000000002,-0.6000000000000014,-1.3399999999999963,-0.20000000000000107,-0.480000000000004,-0.46000000000000085,-0.13000000000000078,-0.8300000000000018,-0.379999999999999,0.0699999999999994,-1.2199999999999989,-0.5100000000000016,-0.5500000000000007,0.21000000000000085,-0.8599999999999994,0.240000000000002,-1.2699999999999996,-0.33999999999999986,0.6000000000000014,-0.3200000000000003,-0.6799999999999997,-0.019999999999999574,-0.09999999999999964,-2.0,-1.3400000000000034,-1.0,-6.990000000000009,-0.4299999999999997,-1.110000000000003,0.22000000000000064,-1.1099999999999994,-1.019999999999996,-0.39000000000000057,-0.2400000000000002,0.07000000000000028,-9.0,-0.35999999999999943,-0.25,-0.7699999999999996,-0.48999999999999844,-1.2299999999999969,-0.3200000000000003,-1.0500000000000043,-2.200000000000003,-0.6699999999999946,-1.3199999999999932,-4.200000000000003,-1.5300000000000011,-0.10999999999999943,-2.1300000000000026,-0.5299999999999994,-8.340000000000003,-0.9100000000000001,-1.5,-1.8499999999999943,-0.5999999999999996,-1.8599999999999994,4.299999999999997,-4.199999999999989,-0.5499999999999972,-2.4399999999999977,-0.8200000000000003,-0.4599999999999973,-0.5100000000000016,-0.6700000000000017,-2.4499999999999957,3.1899999999999977,-0.6600000000000001,-0.6499999999999986,-1.3900000000000006,-8.5,-1.289999999999992,-1.1400000000000006,-14.0,2.3100000000000023,-3.950000000000003,-8.77000000000001,-1.2899999999999991,3.1699999999999946,-2.2099999999999937,-1.1400000000000006,1.1700000000000017,-0.15000000000000036,-0.5200000000000031,0.040000000000000036,-0.17999999999999972,-0.15000000000000036,-0.07000000000000028,-0.16000000000000014,-0.2699999999999996,-0.22000000000000064,-0.21999999999999886,-0.20000000000000018,-0.020000000000000462,-0.740000000000002,-0.379999999999999,-0.8299999999999983,-0.16000000000000014,0.14000000000000057,-0.08999999999999986,-0.3600000000000003,1.1799999999999997,0.4300000000000015,-0.4300000000000015,-0.6099999999999994,-0.029999999999999805,2.5900000000000034,-1.25,-0.33000000000000007,0.5100000000000016,-0.3100000000000005,-0.46000000000000085,-0.2599999999999998,-0.3200000000000003,-0.7899999999999991,-2.5,-0.5899999999999999,-0.41000000000000014,0.7099999999999973,-0.2599999999999998,0.9399999999999977,-0.5800000000000018,-7.069999999999993,0.07000000000000028,0.08999999999999986,-0.5299999999999994,-0.08000000000000007,-47.74000000000001,0.8999999999999986,-0.639999999999997,-0.4200000000000017,-0.3000000000000007,-0.370000000000001,-3.0400000000000063,-0.06000000000000005,-1.1899999999999977,-0.5600000000000023,-0.6900000000000013,-0.23000000000000043,-0.46999999999999886,-0.5800000000000018,-1.1600000000000001,-1.1499999999999986,-0.1299999999999999,-0.41000000000000014,-9.340000000000003,-0.8499999999999996,1.3599999999999994,0.4399999999999995,-0.33000000000000185,-0.8599999999999994,-0.7100000000000009,-0.4700000000000024,0.11000000000000032,-0.16999999999999993,-0.040000000000000924,-0.41999999999999993,1.2000000000000028,-3.1599999999999966,-0.3899999999999988,-0.6500000000000021,-0.8000000000000007,-0.05000000000000071,-0.10000000000000142,-0.4499999999999993,-1.2099999999999937,-0.5999999999999996,-0.6699999999999982,-0.8599999999999994,-2.3900000000000006,-0.10999999999999943,-0.1899999999999995,-0.5599999999999987,-0.3000000000000007,-0.3099999999999987,-0.09999999999999964,-0.379999999999999,-1.0100000000000016,-0.8399999999999999,-0.08000000000000007,-0.5299999999999994,-0.23000000000000043,-0.11000000000000032,-1.480000000000004,-0.25,-0.16000000000000014,-1.990000000000002,-0.2599999999999998,-0.16000000000000014,-0.17999999999999972,-0.20999999999999996,-0.5800000000000001,-0.8699999999999974,-0.21999999999999886,-0.33000000000000007,-0.08000000000000007,-1.3200000000000003,-0.9100000000000001,-0.15999999999999925,-0.1299999999999999,-0.09999999999999964,-0.6400000000000006,-1.8499999999999943,-0.08999999999999986,-0.5300000000000011,-0.08999999999999986,-0.14999999999999858,-0.6500000000000021,12.629999999999995,-0.6400000000000006,0.5499999999999989,-0.13999999999999968,-0.10000000000000009,-0.3199999999999985,0.3200000000000003,-0.6499999999999986,0.010000000000000231,0.4299999999999997,-0.620000000000001,-0.47999999999999865,-0.5599999999999987,-2.3299999999999983,-0.4399999999999995,-0.5400000000000027,-0.23000000000000043,0.029999999999999805,-0.33999999999999986,-0.33000000000000007,-0.2900000000000009,-0.1200000000000001,-0.16999999999999993,-1.6799999999999997,-0.1899999999999995,-0.8100000000000023,-1.4699999999999989,-1.8200000000000003,-1.4100000000000037,-1.0599999999999952,-2.799999999999997,-1.8400000000000034,-1.3299999999999983,-1.6799999999999997,-1.3900000000000006,-0.4400000000000013,-0.6500000000000021,-0.47000000000000064,-1.2999999999999972,1.1000000000000014,-1.1200000000000045,0.39000000000000057,-0.7999999999999972,-10.399999999999977,-1.9300000000000068,-4.150000000000006,4.6499999999999915,-7.200000000000003,-2.0999999999999943,-1.200000000000017,-0.870000000000001,-2.039999999999999,-0.25,-18.55000000000001,-5.640000000000001,0.0799999999999983,-2.6500000000000057,-1.8799999999999955,0.7100000000000009,-0.5399999999999991,1.4199999999999875
2024-10-16,0.16000000000000014,-0.8000000000000007,-0.5399999999999991,-0.19999999999999973,-0.04999999999999982,-0.0699999999999994,-0.009999999999999787,-0.03999999999999915,-0.7600000000000051,-0.10999999999999943,-0.38000000000000256,-0.03000000000000025,-0.11999999999999744,0.6000000000000227,-2.4499999999999886,-0.8000000000000007,-0.10000000000000142,1.1000000000000014,-1.4199999999999875,0.0,-0.020000000000000462,-0.28999999999999915,0.23000000000000043,0.05000000000000071,-0.05999999999999872,-0.129999999999999,-0.05000000000000071,-2.3499999999999943,-0.0,-0.23000000000000043,-0.259999999999998,-0.5799999999999983,-0.45000000000000284,-0.8800000000000026,0.08999999999999986,0.9299999999999997,0.10000000000000142,-0.41000000000000014,0.010000000000001563,-0.019999999999999574,-0.1299999999999999,1.0499999999999972,0.48999999999999844,0.4399999999999977,0.25,-1.120000000000001,-1.4299999999999997,1.3200000000000003,-0.08000000000000007,-0.04999999999999716,-0.21000000000000085,-0.4499999999999993,0.010000000000000675,-0.6899999999999995,0.7900000000000063,0.75,-0.11999999999999744,-12.800000000000011,0.4800000000000004,-1.0299999999999976,-0.7699999999999996,-0.5600000000000023,-0.6499999999999986,-1.2899999999999991,0.1800000000000015,0.00999999999999801,8.20999999999998,-0.05999999999999872,-0.05000000000000071,-0.17999999999999972,-0.34999999999999964,-0.2600000000000051,-0.10999999999999943,-0.8699999999999974,-0.8299999999999983,0.2700000000000031,5.1299999999999955,-0.9699999999999989,1.7800000000000011,0.0,-1.7000000000000028,-0.33000000000000007,-1.8100000000000023,0.21999999999999886,-0.9400000000000013,-1.4000000000000057,-0.47999999999999865,-1.4200000000000017,-4.049999999999997,9.100000000000023,-0.6300000000000026,-1.3700000000000045,-0.5799999999999983,-0.2699999999999996,-0.21999999999999886,-0.46999999999999886,-0.8500000000000014,-1.1300000000000026,-0.120000000000001,-0.970000000000006,-3.160000000000011,7.3700000000000045,-4.060000000000002,1.3300000000000018,-8.899999999999977,-1.8199999999999932,-3.75,-2.3400000000000034,-0.75,-1.4699999999999989,-2.519999999999996,-0.519999999999996,-1.1599999999999966,0.08999999999999986,-0.3200000000000003,-0.0,-0.009999999999999787,0.16000000000000014,-0.050000000000000266,0.05000000000000071,0.05999999999999961,0.020000000000000462,0.09999999999999964,-0.009999999999999787,0.04999999999999982,-0.3099999999999987,-0.10999999999999943,-1.0,-0.7499999999999991,-0.46000000000000085,0.0,0.020000000000000462,-0.37999999999999545,-0.1999999999999993,-0.129999999999999,-0.2699999999999996,0.020000000000000018,-0.5699999999999932,-0.00999999999999801,-0.08999999999999986,-0.4299999999999997,-0.17999999999999972,-0.4200000000000017,0.0,0.21999999999999886,1.4200000000000017,-0.5900000000000034,-0.13999999999999702,0.23000000000000043,-0.07000000000000028,-0.20000000000000107,0.04999999999999716,0.14000000000000057,4.0,-0.08000000000000185,-0.5,-0.4499999999999993,-0.029999999999999805,31.75,-1.0,0.0,-0.6799999999999997,-0.13000000000000256,0.0,-0.9399999999999977,-0.19000000000000017,1.3500000000000014,-0.45000000000000284,0.6899999999999977,-0.2699999999999996,-0.00999999999999801,-0.5599999999999987,0.0,-0.8599999999999994,0.009999999999999787,-0.120000000000001,-2.3100000000000023,-0.8200000000000003,-0.7300000000000004,-0.28999999999999915,0.08999999999999986,-0.3500000000000014,0.060000000000002274,0.16999999999999815,-0.009999999999999787,0.0,0.2400000000000002,0.35999999999999943,0.10999999999999943,-0.5499999999999972,-0.08999999999999986,0.5299999999999994,-0.21999999999999886,-0.10000000000000053,0.22000000000000064,-0.370000000000001,0.36999999999999744,0.009999999999999787,-0.610000000000003,-0.28000000000000114,-0.20000000000000284,-0.019999999999999574,-0.009999999999999787,1.0700000000000003,-0.9600000000000009,-0.6099999999999994,0.08999999999999986,0.07000000000000028,-0.5799999999999983,0.019999999999999574,-0.2500000000000009,-0.14000000000000057,-0.04999999999999982,0.09999999999999964,0.19000000000000483,-0.1900000000000004,-0.2400000000000002,-0.8599999999999994,-0.08000000000000007,-0.019999999999999574,0.04999999999999982,0.10000000000000053,0.14000000000000057,0.44000000000000483,0.05999999999999872,0.040000000000000924,0.020000000000000018,0.25,0.9400000000000013,-0.1899999999999995,-0.22999999999999954,0.009999999999999787,-0.0400000000000027,-0.46999999999999886,-0.33999999999999986,-0.28999999999999915,0.040000000000000036,-0.040000000000000924,-0.05999999999999872,1.9699999999999989,0.019999999999999574,-0.040000000000000924,0.03000000000000025,-0.06000000000000005,-0.7400000000000002,-0.009999999999999787,-0.5599999999999987,0.020000000000000018,0.009999999999999787,-0.379999999999999,-0.02000000000000135,-0.14000000000000057,2.930000000000007,-0.03999999999999915,0.3200000000000003,-0.040000000000000924,0.04999999999999982,-0.10999999999999943,0.1399999999999988,-0.02999999999999936,-0.08000000000000007,-0.009999999999999787,-0.6500000000000057,-0.20000000000000018,-2.1799999999999997,-2.1000000000000085,-1.1199999999999974,1.3100000000000023,2.1600000000000037,-2.7099999999999937,-0.519999999999996,1.4500000000000028,-1.009999999999998,-3.6299999999999955,0.33000000000000007,-0.36999999999999744,0.11999999999999922,-2.4299999999999997,0.5599999999999987,-1.9200000000000017,0.009999999999999787,8.400000000000006,3.880000000000024,-2.700000000000003,-5.639999999999986,7.190000000000012,-3.430000000000007,-1.5200000000000031,-3.0700000000000216,-1.0,-0.10999999999999943,0.4299999999999997,-13.360000000000014,-1.5900000000000034,-1.3299999999999983,-1.2199999999999989,-1.480000000000004,-0.4800000000000004,-1.120000000000001,-0.09000000000000341
2024-10-17,-0.11000000000000121,-0.7899999999999991,-0.00999999999999801,-0.19999999999999973,0.0600000000000005,0.10000000000000053,0.03000000000000025,-0.1299999999999999,2.1599999999999966,-0.16999999999999993,-0.18999999999999773,-0.019999999999999574,1.0800000000000054,-3.8000000000000114,-3.469999999999999,0.3100000000000005,0.08000000000000007,-0.8599999999999994,-0.9500000000000028,0.21999999999999886,0.040000000000000036,-1.7199999999999989,-0.120000000000001,-0.05000000000000071,-0.8999999999999986,0.4400000000000013,-0.15999999999999837,-3.700000000000017,-0.25,-0.22000000000000064,-0.25,-0.17999999999999972,-0.6400000000000006,-0.720000000000006,-0.08000000000000007,0.990000000000002,-0.3200000000000003,-0.8200000000000003,-0.3099999999999987,-0.17999999999999972,-0.0600000000000005,-0.6799999999999926,-0.259999999999998,-0.23000000000000043,-0.15999999999999837,-0.4499999999999993,-0.8699999999999974,0.21000000000000085,-0.21000000000000085,-1.3999999999999986,0.0,-0.10000000000000142,0.14000000000000057,-1.049999999999999,-1.3199999999999932,1.019999999999996,-0.3999999999999986,1.829999999999984,1.1399999999999988,-0.2900000000000027,0.25,-0.3299999999999983,-0.4200000000000017,-0.3500000000000014,-0.17999999999999972,0.10999999999999943,-0.37000000000000455,0.5,0.16999999999999815,-0.33000000000000185,-0.15000000000000036,-0.5599999999999952,-0.20000000000000107,-0.4400000000000013,-0.9699999999999989,0.9299999999999997,1.1400000000000006,-1.0,0.07000000000000028,-0.02999999999999936,-0.5899999999999963,-0.41999999999999993,-3.0500000000000114,-0.4800000000000004,-0.45000000000000284,-0.5599999999999952,-0.120000000000001,0.6899999999999977,-1.8400000000000034,1.8000000000000114,0.8399999999999999,-0.28999999999999915,-0.1600000000000037,-0.019999999999999574,-0.41999999999999815,-0.13000000000000256,-3.0799999999999983,-1.990000000000002,0.379999999999999,0.7299999999999969,-0.539999999999992,-2.3499999999999943,1.25,-0.5699999999999967,-5.0,-1.5499999999999972,-0.8100000000000023,-1.5200000000000102,-0.39000000000000057,-0.5700000000000003,0.12000000000000455,-0.14000000000000057,-0.29999999999999716,-0.11999999999999922,-0.3299999999999983,0.04999999999999982,0.15000000000000036,-0.10999999999999943,-0.06000000000000005,0.15000000000000036,-0.17999999999999972,-0.03000000000000025,0.25,0.08999999999999986,0.009999999999999787,-0.25,0.4400000000000013,-1.009999999999998,-0.7100000000000009,-1.0700000000000003,0.08999999999999986,-0.11000000000000032,-0.4200000000000017,0.28999999999999915,-0.2699999999999996,-0.3200000000000003,0.08000000000000007,-0.980000000000004,1.0399999999999991,-0.20000000000000107,-0.029999999999997584,-0.08000000000000007,-0.23000000000000043,-0.05999999999999961,-0.2699999999999996,0.03999999999999915,2.3400000000000034,-0.3200000000000003,0.370000000000001,-0.2900000000000027,0.16999999999999993,-0.22999999999999687,-0.5599999999999987,-3.25,0.7399999999999984,0.17999999999999972,-0.21999999999999886,0.1200000000000001,-27.90000000000009,-0.33999999999999986,-0.18000000000000327,-0.17999999999999972,-0.620000000000001,0.10999999999999943,-1.0400000000000063,-0.19000000000000017,1.1499999999999986,-0.33000000000000185,-0.5199999999999996,-0.08999999999999986,0.5900000000000034,-0.23000000000000043,0.7399999999999984,0.05999999999999517,0.04999999999999982,0.41000000000000014,6.310000000000002,-0.9499999999999993,0.16000000000000014,-0.3800000000000008,-0.049999999999998934,0.629999999999999,-0.11999999999999744,-0.41000000000000014,0.09999999999999964,-0.11000000000000032,0.0,-0.11999999999999922,0.14999999999999858,1.4500000000000028,-0.14000000000000057,-0.23000000000000043,-0.240000000000002,-0.040000000000000036,-0.0600000000000005,-0.3200000000000003,-0.6600000000000037,-0.22999999999999865,-0.5299999999999976,0.5399999999999991,0.9699999999999989,0.019999999999999574,0.1299999999999999,0.17999999999999972,-1.5099999999999998,-0.39000000000000057,0.05999999999999961,0.3100000000000005,-0.6000000000000014,-0.060000000000002274,-0.07000000000000028,-0.129999999999999,-0.09999999999999964,-0.03999999999999915,-0.38000000000000256,-0.1299999999999999,-0.11000000000000032,0.05999999999999517,-0.28999999999999915,0.019999999999999574,-0.13999999999999968,-0.07000000000000028,-0.14000000000000057,0.14999999999999858,0.08999999999999986,-0.17999999999999972,0.08000000000000007,0.18999999999999773,-0.7899999999999991,-0.03000000000000025,-0.2699999999999996,0.11000000000000032,0.1999999999999993,0.09999999999999432,-0.1999999999999993,-0.25,0.05999999999999961,-0.10999999999999943,-0.240000000000002,-0.8600000000000136,-0.25,0.29999999999999893,-0.11000000000000032,-0.03000000000000025,-0.4900000000000002,0.07000000000000028,-0.07000000000000028,-0.04999999999999982,-0.16000000000000014,-0.35999999999999943,-0.17999999999999972,-0.05000000000000071,-0.6599999999999966,0.13000000000000078,-0.3099999999999987,-0.15999999999999837,-0.029999999999999805,0.370000000000001,-0.08000000000000007,0.08000000000000007,-0.04999999999999982,0.16999999999999993,-0.17999999999999972,-0.1200000000000001,-3.010000000000005,2.1399999999999864,-0.7800000000000011,1.509999999999998,-0.9499999999999957,-0.6400000000000006,-1.0300000000000011,-0.480000000000004,-2.3399999999999963,-1.980000000000004,-0.09999999999999964,-0.45000000000000284,-0.1999999999999993,-3.5900000000000034,-0.870000000000001,-0.6899999999999977,-0.13999999999999968,3.019999999999996,-0.4899999999999807,0.9599999999999937,0.03999999999999204,0.0800000000000125,-2.6100000000000136,1.769999999999996,-8.460000000000008,-0.33999999999999986,-1.2100000000000009,-0.0600000000000005,-15.899999999999977,-1.5400000000000063,0.8900000000000006,-0.030000000000001137,1.1199999999999974,-1.0,-0.5500000000000007,-1.0300000000000011
2024-10-18,-0.08999999999999986,0.15999999999999837,-1.4299999999999997,0.009999999999999787,-0.08999999999999986,-0.20999999999999996,-0.25,-0.2999999999999998,-1.9300000000000068,0.09999999999999964,-0.07000000000000028,0.1899999999999995,-1.2900000000000063,-4.050000000000011,-4.049999999999983,-0.02999999999999936,-0.39000000000000057,-0.6899999999999977,-4.599999999999994,-0.07000000000000028,-0.07000000000000028,-2.0900000000000034,-0.8399999999999999,-0.8100000000000005,-0.620000000000001,-0.38000000000000256,-0.17999999999999972,-5.050000000000011,-0.16000000000000014,0.010000000000000675,-0.1999999999999993,-1.4299999999999997,-0.8700000000000045,-1.769999999999996,-0.14000000000000057,-1.0200000000000031,-0.28999999999999915,0.13000000000000078,-0.5899999999999999,-0.5399999999999991,-0.020000000000000462,-4.679999999999993,-1.370000000000001,-0.9599999999999973,-0.3199999999999985,-0.5500000000000007,1.0200000000000031,-1.3000000000000007,-0.3800000000000008,-1.4299999999999997,-0.5100000000000016,-1.0500000000000007,-0.1800000000000006,0.1999999999999993,-2.569999999999993,-1.8200000000000003,-0.5600000000000023,-36.13000000000005,0.5999999999999996,-0.8800000000000026,-0.33000000000000007,-1.0,-1.5700000000000003,-2.490000000000002,-0.28000000000000114,-0.4400000000000013,-10.879999999999995,-0.4299999999999997,-0.4800000000000004,-0.35999999999999943,-0.7199999999999989,-0.9499999999999957,-0.5100000000000016,-1.0899999999999999,-3.3599999999999994,-0.8100000000000023,-9.279999999999987,-7.299999999999997,-2.219999999999999,-0.03000000000000025,-3.240000000000002,-1.0,-30.160000000000025,-3.0500000000000007,-2.580000000000002,-3.3999999999999986,-0.9800000000000004,-8.239999999999995,-7.939999999999998,-17.5,-2.8000000000000007,-4.280000000000001,-1.9600000000000009,-1.1699999999999982,-1.4800000000000004,-1.360000000000003,-2.75,-3.4299999999999997,-0.6700000000000017,-1.0799999999999983,-8.289999999999992,-18.389999999999986,-6.780000000000001,-2.039999999999999,-12.199999999999989,-3.3200000000000074,-12.340000000000003,-17.930000000000007,-2.4399999999999977,-2.769999999999996,-0.1799999999999926,-1.3999999999999986,-8.409999999999997,0.07000000000000028,-0.8699999999999974,-0.04999999999999982,-0.1299999999999999,-0.009999999999999787,-0.020000000000000018,-0.1299999999999999,-0.019999999999999574,-0.04999999999999982,-0.1899999999999995,-0.07000000000000028,-0.0600000000000005,-1.75,-0.2699999999999996,-0.5599999999999952,-0.5999999999999996,0.15000000000000036,-0.09999999999999964,-0.33000000000000007,-1.6400000000000006,-0.379999999999999,-0.3099999999999987,-0.5300000000000011,-0.06000000000000005,-1.6899999999999977,-0.769999999999996,-0.15000000000000036,-0.8200000000000003,-0.29999999999999893,-0.8000000000000007,-0.009999999999999787,-0.4299999999999997,-1.259999999999998,-1.7199999999999989,-0.6600000000000001,-0.6800000000000015,-0.45000000000000284,-0.33999999999999986,-0.5999999999999979,-0.620000000000001,-7.389999999999986,-0.3999999999999986,-2.1799999999999997,-0.5299999999999994,-0.040000000000000036,-46.40000000000009,-0.5899999999999999,-2.34,-3.030000000000001,-0.16000000000000014,-0.23000000000000043,-1.480000000000004,0.020000000000000018,-1.740000000000002,0.10999999999999943,-0.8499999999999979,-0.23000000000000043,-0.19000000000000128,-1.8000000000000007,-1.1999999999999993,-1.509999999999998,-0.040000000000000036,-0.33999999999999986,-6.840000000000003,-0.75,-0.5899999999999999,-0.41999999999999993,-0.11999999999999922,-0.879999999999999,-0.7199999999999989,-0.129999999999999,-0.09999999999999964,-0.3200000000000003,0.03999999999999915,-0.1899999999999995,0.48999999999999844,-1.4599999999999937,-0.5199999999999996,-0.3000000000000007,-1.240000000000002,-0.04999999999999982,-0.030000000000001137,-0.8399999999999999,-0.8100000000000023,-0.5999999999999996,-1.3099999999999987,-0.9899999999999949,-0.9699999999999989,-0.08000000000000007,-0.2999999999999998,-2.3699999999999974,0.27999999999999936,-0.030000000000001137,-0.0,-0.22000000000000064,-1.0899999999999999,-0.19000000000000128,-0.0600000000000005,-0.4599999999999991,-0.23999999999999932,0.020000000000000462,-0.17999999999999972,-0.16999999999999993,0.019999999999999574,-2.230000000000004,0.10999999999999943,-0.3099999999999996,-0.1299999999999999,-0.03000000000000025,-0.040000000000000924,-0.8400000000000034,-0.3999999999999986,-0.33999999999999986,-0.06999999999999984,-0.9200000000000017,-0.5500000000000007,-0.0,0.08999999999999986,-0.08000000000000007,-0.7300000000000004,-3.4100000000000037,-0.379999999999999,-0.20000000000000107,-0.1200000000000001,-0.1899999999999995,-0.8200000000000003,-8.110000000000014,-0.2599999999999998,-0.46999999999999886,-0.07000000000000028,-0.0,-0.02000000000000135,-0.1899999999999995,-0.41000000000000014,-0.029999999999999805,-0.1200000000000001,-0.5999999999999979,-0.9299999999999997,-0.7300000000000004,-2.5799999999999983,-0.2900000000000009,-0.48999999999999844,-0.3699999999999992,-0.04999999999999982,-0.19000000000000128,-0.030000000000001137,-0.14000000000000057,-0.0,0.08999999999999986,-1.8100000000000023,-0.08999999999999986,-3.1999999999999957,-1.769999999999996,-2.039999999999999,-1.8100000000000023,-0.8500000000000014,-6.349999999999994,-1.240000000000002,-2.280000000000001,-4.200000000000003,-6.530000000000001,-1.0700000000000003,-1.2300000000000004,-0.5200000000000014,0.3200000000000003,-0.6799999999999997,-5.349999999999994,-0.1200000000000001,3.769999999999996,-3.6699999999999875,-7.609999999999999,-22.150000000000006,-5.159999999999997,-16.810000000000002,-2.9599999999999937,-22.139999999999986,-3.34,-2.75,-0.45000000000000107,-71.62,-5.3500000000000085,-1.75,-3.1300000000000026,-4.729999999999997,-2.370000000000001,-0.7100000000000009,-15.019999999999996
2024-10-21,0.22999999999999865,-0.17999999999999972,0.8300000000000018,-0.020000000000000018,-0.040000000000000036,-0.08999999999999986,-0.09999999999999964,-0.09999999999999964,-0.9300000000000068,0.06999999999999851,0.379999999999999,0.20000000000000018,0.7099999999999937,-1.0300000000000011,2.25,-0.8100000000000005,-0.08000000000000007,0.29999999999999716,0.8299999999999983,-0.11000000000000121,-0.07000000000000028,-4.359999999999999,-0.5899999999999999,-0.16000000000000014,0.5700000000000003,0.00999999999999801,0.17999999999999972,0.009999999999990905,0.0,0.08000000000000007,-0.2799999999999976,0.28000000000000114,0.05000000000000426,0.21999999999999886,0.009999999999999787,1.3100000000000023,-0.07000000000000028,-0.34999999999999964,0.120000000000001,-0.07000000000000028,-0.009999999999999787,-1.9099999999999966,-0.5500000000000007,-0.5100000000000016,-0.6100000000000012,-0.05000000000000071,-1.0499999999999972,0.28999999999999915,-0.1999999999999993,0.3500000000000014,-0.46999999999999886,-1.1799999999999997,-0.07000000000000028,-0.22000000000000064,0.21999999999999886,-1.8499999999999943,0.22000000000000597,5.939999999999998,0.4399999999999995,-1.8599999999999994,1.3699999999999992,0.6600000000000001,0.5700000000000003,-0.9699999999999989,-0.02000000000000135,-0.5199999999999996,6.149999999999977,0.09999999999999787,0.08999999999999986,-0.14000000000000057,0.240000000000002,-1.0300000000000011,-0.030000000000001137,0.490000000000002,0.47999999999998977,1.0499999999999972,0.2599999999999909,-0.47999999999998977,-1.3100000000000023,-0.07000000000000028,0.3200000000000003,-0.17999999999999972,-10.110000000000014,-0.6999999999999993,0.20999999999999375,-0.5,0.08000000000000007,-1.3599999999999994,0.3100000000000023,-3.030000000000001,-1.9699999999999989,1.9099999999999966,0.030000000000001137,0.629999999999999,-0.6900000000000013,0.7099999999999973,-0.9299999999999926,2.6000000000000014,-0.5899999999999999,0.9299999999999997,-1.8400000000000034,3.4700000000000273,-6.259999999999991,0.75,-1.099999999999966,-2.9200000000000017,-3.3200000000000074,-2.910000000000025,0.46000000000000085,0.7800000000000011,-0.7800000000000011,-0.22999999999999687,-2.3500000000000085,-0.009999999999999787,0.17999999999999972,-0.019999999999999796,-0.040000000000000036,-0.08999999999999986,0.0,-0.05999999999999961,-0.040000000000000036,-0.05999999999999961,0.1999999999999993,0.020000000000000462,0.019999999999999574,-0.4499999999999993,-0.23999999999999844,-0.19999999999999574,-0.5,0.28999999999999915,0.009999999999999787,-0.10000000000000053,-1.9799999999999969,-0.16999999999999993,0.16999999999999993,-0.5999999999999979,-0.010000000000000231,-0.269999999999996,-0.0799999999999983,-0.10999999999999943,-0.2799999999999976,-0.2900000000000009,-0.029999999999997584,0.04999999999999982,0.010000000000001563,0.0800000000000054,0.030000000000001137,-0.3200000000000003,-0.19000000000000128,-0.4299999999999997,-0.2599999999999998,0.46999999999999886,0.16000000000000014,-11.460000000000008,-1.2199999999999989,-0.21000000000000085,0.45000000000000107,-0.009999999999999787,-12.200000000000045,0.5599999999999987,-0.08999999999999986,0.0799999999999983,-0.019999999999999574,0.4599999999999991,0.20999999999999375,-0.020000000000000018,0.0899999999999963,0.3200000000000003,0.030000000000001137,-0.41000000000000014,0.3699999999999992,-1.759999999999998,-1.6099999999999994,-2.270000000000003,0.08000000000000007,0.11999999999999744,2.109999999999985,-0.9499999999999993,0.759999999999998,0.010000000000001563,-0.22000000000000064,-0.18999999999999773,-1.5300000000000011,-0.46999999999999886,-0.019999999999999574,0.08000000000000007,-0.05000000000000071,-0.08999999999999986,-0.14000000000000057,0.7999999999999972,0.0600000000000005,0.16999999999999993,-0.120000000000001,0.03000000000000025,0.23000000000000043,-1.0600000000000023,-0.46999999999999886,-0.3100000000000005,-0.5700000000000003,-0.6599999999999966,0.7000000000000028,0.03000000000000025,0.15000000000000036,-0.120000000000001,0.2699999999999996,0.370000000000001,-0.05000000000000071,-0.2699999999999996,-1.0899999999999999,0.16000000000000014,-0.11000000000000032,-0.25,-0.09999999999999964,0.1200000000000001,-0.28000000000000114,-0.040000000000000036,-0.15000000000000036,-0.13000000000000256,0.15000000000000036,-0.10999999999999943,0.10999999999999943,0.16000000000000014,0.20999999999999908,0.14999999999999858,-0.33999999999999986,0.2699999999999996,0.020000000000000018,0.0899999999999963,0.33000000000000185,-0.09999999999999964,-0.21999999999999975,0.04999999999999982,0.03999999999999915,-1.1600000000000037,-0.9700000000000024,0.22999999999999865,-0.1299999999999999,0.009999999999999787,-0.2799999999999976,0.47999999999998977,-0.47000000000000064,-0.10999999999999943,-0.07000000000000028,-0.04999999999999982,-0.10999999999999943,-0.0799999999999983,-0.629999999999999,0.010000000000000231,-0.1299999999999999,-0.13000000000000256,-0.27999999999999936,-0.15000000000000036,0.1700000000000017,0.3800000000000008,-0.5899999999999999,-0.17999999999999972,-0.04999999999999982,-0.28999999999999915,0.16000000000000014,-0.14000000000000057,-0.09999999999999964,0.019999999999999574,-0.25,-0.10000000000000053,-1.1499999999999986,-0.6099999999999994,0.14000000000000057,-0.8800000000000026,0.09999999999999432,-2.7900000000000063,0.4399999999999977,-0.5,1.7999999999999972,-3.480000000000004,0.0600000000000005,-1.8100000000000023,-0.8100000000000005,2.210000000000001,0.07000000000000028,-2.180000000000007,-0.3200000000000003,3.3499999999999943,-4.300000000000011,-0.980000000000004,-1.4799999999999898,-1.0900000000000034,1.6899999999999977,-0.5499999999999972,-6.5,-1.4600000000000009,-0.18999999999999773,-0.34999999999999964,-14.29000000000002,0.5999999999999943,0.6999999999999993,0.5,-2.220000000000006,0.240000000000002,-1.740000000000002,-7.340000000000003
2024-10-22,-0.02000000000000135,0.05000000000000071,1.6300000000000026,0.03000000000000025,0.08999999999999986,0.009999999999999787,0.03000000000000025,0.15000000000000036,-2.4200000000000017,-0.009999999999999787,0.48999999999999844,0.1299999999999999,0.4100000000000037,3.019999999999982,1.420000000000016,-0.23000000000000043,-0.5999999999999996,0.7800000000000011,0.7800000000000011,0.25,0.04999999999999982,-1.75,-0.4499999999999993,0.10000000000000142,-1.1299999999999955,0.14000000000000057,-0.15999999999999837,-2.430000000000007,-0.17999999999999972,0.040000000000000036,0.34999999999999787,-0.120000000000001,-0.9500000000000028,-0.3299999999999983,0.09999999999999964,-1.7299999999999969,-0.620000000000001,-0.02999999999999936,-0.5199999999999996,0.08000000000000185,-0.2599999999999998,-1.809999999999988,1.370000000000001,0.3500000000000014,0.3099999999999987,0.0,-0.740000000000002,-0.08999999999999986,-0.6400000000000006,-0.6300000000000026,-0.17999999999999972,0.7800000000000011,0.08999999999999986,0.19000000000000128,-1.2999999999999972,1.0200000000000031,1.0900000000000034,1.329999999999984,0.2699999999999996,0.10999999999999943,-1.5099999999999998,0.8499999999999979,1.3200000000000003,0.6299999999999955,0.19000000000000128,0.030000000000001137,-1.6999999999999886,0.3200000000000003,-0.509999999999998,-0.6400000000000006,0.41999999999999815,0.759999999999998,0.05000000000000071,0.7899999999999991,0.5400000000000063,-1.8400000000000034,0.7199999999999989,5.86999999999999,0.6099999999999994,-0.08000000000000007,0.3499999999999943,0.17999999999999972,0.9799999999999898,0.379999999999999,-0.4099999999999966,-1.0700000000000003,0.08999999999999986,-0.8499999999999943,-0.18999999999999773,5.030000000000001,0.3999999999999986,2.0,-0.07000000000000028,-1.4000000000000021,0.6400000000000006,-0.08999999999999986,-0.9900000000000091,-2.8800000000000026,0.28999999999999915,-0.4099999999999966,-2.3299999999999983,-2.8100000000000023,0.060000000000002274,0.6099999999999994,3.849999999999966,-1.740000000000009,-2.3100000000000023,2.5,-0.07000000000000028,1.1099999999999994,-0.5499999999999972,0.19999999999999574,0.4200000000000017,-0.02999999999999936,0.12000000000000455,0.010000000000000009,-0.3100000000000005,-0.04999999999999982,-0.010000000000000231,0.0699999999999994,0.05000000000000071,0.08000000000000007,0.1899999999999995,0.04999999999999982,0.009999999999999787,0.21000000000000085,0.03999999999999915,0.3200000000000003,0.08000000000000007,0.20000000000000107,-0.020000000000000462,-0.009999999999999787,0.5,0.09999999999999964,0.17999999999999972,0.10000000000000142,0.03000000000000025,0.5300000000000011,-0.060000000000002274,0.14000000000000057,0.060000000000002274,0.05000000000000071,0.3999999999999986,-0.08999999999999986,0.2699999999999996,0.19999999999999574,0.7000000000000028,0.11999999999999744,0.16000000000000014,0.019999999999999574,-0.129999999999999,0.8000000000000007,0.36999999999999744,-3.3400000000000034,0.6700000000000017,-2.669999999999998,-0.14000000000000057,0.040000000000000036,14.200000000000045,-0.1999999999999993,-0.9100000000000001,-0.970000000000006,0.09999999999999787,-0.2599999999999998,0.710000000000008,0.0,-2.190000000000005,0.0,-1.0100000000000016,-0.379999999999999,0.1899999999999995,-0.3399999999999963,-0.48999999999999844,-1.1799999999999997,-0.1899999999999995,0.3299999999999983,2.8600000000000136,-0.11000000000000121,-0.129999999999999,-0.5,0.1800000000000015,0.3999999999999986,-0.8200000000000003,0.11999999999999744,0.0699999999999994,-0.040000000000000036,-0.009999999999999787,0.17999999999999972,-0.120000000000001,1.9200000000000017,0.09999999999999964,0.6999999999999993,0.05999999999999872,0.04999999999999982,-0.08999999999999986,-0.8699999999999974,0.5799999999999983,0.25,-0.07000000000000028,0.11999999999999744,-1.7199999999999989,0.03000000000000025,-0.030000000000001137,0.060000000000002274,-0.019999999999999574,-0.08999999999999986,-0.009999999999999787,-0.08999999999999986,-0.129999999999999,0.3299999999999983,0.0,0.02000000000000135,-0.1899999999999995,0.020000000000000462,0.1600000000000037,0.02999999999999936,0.040000000000000036,0.46999999999999886,-0.0600000000000005,0.009999999999999787,-0.040000000000000036,-0.020000000000000462,0.08000000000000007,-0.44000000000000483,0.2900000000000027,-0.7800000000000011,0.0,-0.05999999999999517,-0.6600000000000001,0.0,-0.08000000000000007,0.020000000000000462,0.08000000000000185,0.740000000000002,-0.5199999999999996,0.129999999999999,-0.009999999999999787,0.030000000000001137,0.0799999999999983,1.009999999999991,-0.05000000000000071,0.10999999999999943,0.05999999999999961,0.0,-0.0600000000000005,0.0,-0.9299999999999997,0.0,0.010000000000000675,0.379999999999999,0.05000000000000071,0.030000000000001137,0.9500000000000028,-0.0600000000000005,-0.16999999999999815,0.07000000000000028,0.0,0.33999999999999986,-0.009999999999999787,-0.3000000000000007,-0.009999999999999787,-0.02999999999999936,0.8599999999999994,0.0,-1.1499999999999986,0.6599999999999966,0.4399999999999977,0.509999999999998,0.28999999999999915,2.049999999999997,0.5799999999999983,1.3800000000000097,-1.1599999999999966,-0.5100000000000051,0.6600000000000001,0.0,0.9599999999999973,-3.3100000000000023,-0.4499999999999993,-1.1200000000000045,0.009999999999999787,1.1499999999999915,-1.3400000000000034,1.009999999999991,-4.299999999999983,-1.3499999999999943,-3.1899999999999977,-0.28999999999999915,-11.009999999999991,-0.2900000000000027,-0.8500000000000014,0.25,-23.0,-0.28999999999999204,-0.35999999999999943,0.01999999999999602,-1.6000000000000014,-1.2700000000000031,-2.039999999999999,-1.4399999999999977
2024-10-23,0.07000000000000028,-0.08999999999999986,0.6000000000000014,-0.020000000000000018,-0.09000000000000075,-0.08000000000000007,-0.009999999999999787,-0.1999999999999993,-0.12000000000000455,-0.11000000000000121,-0.15000000000000213,0.13999999999999968,-0.3299999999999983,-2.890000000000015,-5.6299999999999955,-0.40000000000000036,0.009999999999999787,0.14999999999999858,-0.21999999999999886,-0.20000000000000107,-0.05999999999999961,-0.7199999999999989,-0.5599999999999987,-0.019999999999999574,0.030000000000001137,-0.6500000000000021,0.040000000000000924,-3.0900000000000034,-0.10000000000000142,-0.16999999999999993,-0.15000000000000213,-0.03999999999999915,0.00999999999999801,-0.5600000000000023,-0.019999999999999574,-0.22999999999999687,1.5999999999999996,-0.009999999999999787,-0.11999999999999744,-0.11999999999999744,0.08000000000000007,-1.1700000000000017,-0.41999999999999815,-0.21999999999999886,-1.0100000000000016,-0.9100000000000001,-0.240000000000002,-0.240000000000002,-0.4599999999999991,0.030000000000001137,-0.07000000000000028,-0.240000000000002,-0.13999999999999968,-0.049999999999998934,0.23000000000000398,0.3100000000000023,0.09000000000000341,-2.650000000000034,-0.33999999999999986,0.05999999999999872,-1.0800000000000018,-0.6799999999999997,-0.8500000000000014,-0.8399999999999963,0.07000000000000028,-0.3100000000000023,-4.1299999999999955,0.16000000000000014,-0.029999999999997584,-0.19000000000000128,-0.5899999999999999,-0.19999999999999574,0.030000000000001137,-0.4399999999999977,-1.0499999999999972,0.0899999999999963,4.219999999999999,-0.21999999999999886,0.17999999999999972,-0.040000000000000036,-1.1400000000000006,0.22000000000000064,1.6999999999999886,0.10999999999999943,-0.13000000000000256,0.5,-0.08999999999999986,-0.7800000000000011,-4.400000000000006,13.840000000000003,-0.7100000000000009,0.6700000000000017,-0.5700000000000003,-1.1400000000000006,-0.5899999999999999,-0.39000000000000057,-1.0799999999999983,-1.3499999999999943,-0.120000000000001,0.28000000000000114,-0.6899999999999977,1.25,-2.700000000000003,-0.8000000000000007,1.1999999999999886,-4.540000000000006,-1.8100000000000023,-2.9399999999999977,-0.7800000000000011,0.29999999999999716,-1.3700000000000045,-0.10999999999999943,-1.1800000000000068,0.049999999999998934,-0.5,-0.029999999999999805,-0.010000000000000675,0.010000000000000675,0.0,-0.07000000000000028,-0.08000000000000007,0.009999999999999787,-0.07000000000000028,0.009999999999999787,-0.16000000000000014,0.10000000000000142,-0.10000000000000142,-0.4899999999999949,-0.27000000000000046,-0.02000000000000135,-0.0,0.04999999999999982,-0.28000000000000114,-0.7900000000000009,-0.33000000000000007,-0.379999999999999,-0.08000000000000007,0.29999999999999716,-0.240000000000002,-0.1899999999999995,-0.13999999999999702,0.07000000000000028,0.010000000000001563,-0.0699999999999994,-0.5999999999999979,-0.07000000000000028,-0.4299999999999926,0.16000000000000014,0.019999999999999574,0.08000000000000185,-0.33000000000000007,-0.120000000000001,-0.35999999999999943,0.5,-2.2300000000000004,-1.1199999999999974,0.040000000000000924,-0.06000000000000005,-24.5,0.14000000000000057,-0.240000000000002,-0.3200000000000003,-0.26000000000000156,-0.25,-0.5799999999999983,-0.0,0.8900000000000006,0.120000000000001,-0.6000000000000014,-0.7400000000000002,-0.10000000000000142,-0.240000000000002,0.04999999999999716,-0.46000000000000085,0.03000000000000025,-0.05999999999999872,-3.0200000000000102,-0.3099999999999987,-0.120000000000001,0.049999999999998934,-0.02999999999999936,-0.40000000000000213,-1.9499999999999957,-0.019999999999999574,-0.20999999999999996,0.05000000000000071,0.009999999999999787,0.03999999999999915,0.10000000000000142,-0.030000000000001137,0.14000000000000057,0.019999999999999574,0.18999999999999773,0.03000000000000025,-0.019999999999999574,-1.1999999999999993,-0.5900000000000034,0.0600000000000005,0.11999999999999744,0.39000000000000057,-0.46999999999999886,-0.10999999999999943,-0.0,-0.6500000000000021,-0.0600000000000005,0.019999999999999574,-0.009999999999999787,-0.1999999999999993,0.14000000000000057,0.25,-0.010000000000000675,0.05000000000000071,-0.15000000000000036,-0.010000000000000675,-1.25,-0.10000000000000053,0.040000000000000036,-0.020000000000003126,-0.030000000000001137,-0.0,-0.0600000000000005,0.0,0.11999999999999922,-0.9699999999999989,-0.21999999999999886,-0.6799999999999997,-0.040000000000000036,-1.2999999999999972,-0.9400000000000013,0.009999999999999787,-0.0600000000000005,-0.11000000000000032,0.07000000000000028,0.3200000000000003,0.0799999999999983,-0.05000000000000071,0.0600000000000005,-0.03999999999999915,0.120000000000001,-0.09000000000000341,-0.16000000000000014,-0.22000000000000064,-0.08000000000000007,0.020000000000000018,0.05000000000000071,-0.019999999999999574,-2.0100000000000016,-0.009999999999999787,0.020000000000000462,-0.2699999999999996,0.14000000000000057,0.19000000000000128,-0.35999999999999943,-0.28999999999999915,-0.1999999999999993,0.02000000000000135,0.0,-0.03999999999999915,0.0,-0.09000000000000163,0.019999999999999574,-0.02999999999999936,-0.4399999999999977,-0.010000000000000675,-0.759999999999998,-0.7000000000000028,-0.6900000000000048,-5.359999999999999,-0.480000000000004,-2.019999999999996,-2.0,-0.36999999999999034,0.8900000000000006,-1.6299999999999955,0.14999999999999858,-0.03999999999999915,-0.46000000000000085,0.8699999999999974,0.0400000000000027,-0.7999999999999972,0.13000000000000078,-6.8500000000000085,-0.060000000000002274,-2.289999999999992,-2.880000000000024,-0.6800000000000068,-3.0900000000000176,0.46999999999999886,-2.3700000000000045,-0.1999999999999993,-0.4099999999999966,-0.29999999999999893,-2.0,-4.209999999999994,-5.27,0.6999999999999957,-0.35999999999999943,-0.04999999999999716,-1.009999999999998,-3.730000000000004
2024-10-24,-0.10999999999999943,-0.21000000000000085,-0.870000000000001,-0.020000000000000018,-0.11000000000000032,-0.040000000000000036,-0.03000000000000025,-0.1999999999999993,-0.7399999999999949,-0.3200000000000003,-0.14000000000000057,0.009999999999999787,-0.8999999999999986,-4.480000000000018,-7.150000000000006,0.0600000000000005,-0.3099999999999987,-0.5499999999999972,-1.7099999999999937,-0.33999999999999986,-0.08999999999999986,-1.3699999999999974,-0.7199999999999989,-0.14000000000000057,-0.9099999999999966,-0.6400000000000006,-0.10999999999999943,-2.069999999999993,-0.11000000000000121,0.009999999999999787,-0.33000000000000185,0.08999999999999986,-0.11999999999999744,-0.8299999999999983,-0.09999999999999964,-0.22000000000000597,0.3299999999999983,-0.1999999999999993,0.75,-0.17999999999999972,0.11000000000000032,-0.25,-0.029999999999997584,-0.5599999999999987,-0.370000000000001,-0.6000000000000014,-0.9699999999999989,1.2300000000000004,-0.3199999999999985,-0.769999999999996,-0.28999999999999915,0.6199999999999974,-0.009999999999999787,-0.27999999999999936,-1.1599999999999966,-0.23000000000000398,-0.14999999999999858,-6.009999999999991,-0.29999999999999893,-0.23999999999999844,-1.4000000000000021,-1.1799999999999997,-1.3700000000000045,1.259999999999998,0.009999999999999787,-0.3299999999999983,-5.199999999999989,-0.07000000000000028,-0.13000000000000256,-0.14000000000000057,-0.6799999999999997,-0.6099999999999994,-0.09999999999999964,-0.9600000000000009,-1.9899999999999949,2.6700000000000017,-0.04999999999999716,-2.269999999999996,0.3500000000000014,-0.04999999999999982,-2.3900000000000006,-0.379999999999999,-2.9000000000000057,-0.3299999999999983,0.14999999999999858,0.25,-0.6500000000000004,0.13000000000000966,-6.400000000000006,0.9399999999999977,-2.0899999999999963,-0.5099999999999909,-0.45000000000000284,0.35999999999999943,-0.15000000000000213,-0.8399999999999999,-1.8900000000000006,-1.2600000000000051,-0.6500000000000021,-0.7100000000000009,-0.6099999999999994,-3.140000000000015,-4.109999999999999,-1.2800000000000011,1.3500000000000227,-6.480000000000004,-1.9500000000000028,8.280000000000001,-1.2299999999999969,-1.0300000000000011,-0.7999999999999972,-0.519999999999996,-1.4599999999999937,-0.03999999999999915,-0.509999999999998,-0.020000000000000018,0.05000000000000071,-0.019999999999999574,0.010000000000000231,-0.03000000000000025,-0.0600000000000005,-0.05000000000000071,0.0,-0.09999999999999964,-0.13999999999999968,-0.28999999999999915,-0.259999999999998,-0.3499999999999943,-0.3200000000000003,-0.21999999999999886,-0.08999999999999986,0.0,-0.03999999999999915,-0.370000000000001,-0.2699999999999996,-0.35999999999999943,-0.020000000000000018,-1.0499999999999972,-1.0600000000000023,-0.16000000000000014,-0.16000000000000014,-0.21000000000000085,-0.129999999999999,0.040000000000000036,0.030000000000001137,2.019999999999996,-1.9199999999999875,-0.16000000000000014,-0.16999999999999993,-0.14000000000000057,-0.2400000000000002,-0.08999999999999986,-0.6699999999999982,-2.539999999999992,-0.5999999999999979,0.41999999999999815,-0.4299999999999997,-0.040000000000000036,-15.299999999999955,1.0199999999999996,-0.5599999999999987,-0.00999999999999801,-0.379999999999999,-0.08000000000000007,-1.2800000000000011,-0.010000000000000009,-1.0900000000000034,0.060000000000002274,-0.3200000000000003,-0.5099999999999998,-0.10000000000000142,-1.019999999999996,-0.3200000000000003,-1.230000000000004,-0.009999999999999787,-0.010000000000001563,-6.27000000000001,0.15000000000000036,-0.620000000000001,-0.29999999999999893,0.0600000000000005,-0.490000000000002,-1.3200000000000003,-0.05999999999999872,-0.0699999999999994,-0.019999999999999574,-0.16000000000000014,-0.019999999999999574,-0.019999999999999574,2.1299999999999955,-0.08000000000000007,0.11999999999999744,-0.20000000000000284,0.17999999999999972,0.0,-0.9799999999999969,0.14000000000000057,-0.15000000000000036,-0.22000000000000242,0.240000000000002,1.5,-0.04999999999999982,-0.03999999999999915,-0.259999999999998,-0.25,0.010000000000001563,-0.009999999999999787,-0.22000000000000064,-0.10000000000000142,0.030000000000001137,0.0,0.009999999999999787,-0.09999999999999964,0.020000000000000462,-0.21000000000000085,-0.020000000000000462,0.009999999999999787,-0.6899999999999977,-0.17999999999999972,-0.03000000000000025,-0.1299999999999999,0.020000000000000462,0.09999999999999964,-0.5600000000000023,-0.10000000000000142,-0.4299999999999997,-0.06999999999999984,-0.7000000000000028,-0.9499999999999993,-0.009999999999999787,-0.15000000000000036,-0.1200000000000001,-0.10000000000000142,-0.6099999999999994,-0.23000000000000043,0.3899999999999988,-0.08999999999999986,0.019999999999999574,-0.04999999999999716,-0.8599999999999852,-0.3099999999999987,-0.2699999999999996,-0.10999999999999943,-0.020000000000000018,-0.120000000000001,-0.030000000000001137,-0.9100000000000001,-0.020000000000000018,-0.13999999999999968,-0.41000000000000014,-0.07000000000000028,0.10000000000000142,-1.7000000000000028,-0.16999999999999993,-0.360000000000003,0.010000000000001563,-0.020000000000000018,0.0,0.019999999999999574,-0.14999999999999858,-0.009999999999999787,-0.10999999999999943,-0.28000000000000114,-0.0,0.14000000000000057,-0.710000000000008,-1.3500000000000014,-0.3299999999999983,-0.480000000000004,-1.2199999999999989,-1.0599999999999952,-2.8599999999999994,-1.7199999999999989,-1.5400000000000063,-0.5299999999999994,-0.5600000000000023,-0.14000000000000057,-0.1599999999999966,-0.5800000000000018,0.29999999999999716,-0.17999999999999972,-4.38000000000001,-2.0200000000000102,0.3499999999999943,0.05000000000001137,-1.019999999999996,-1.2199999999999989,-0.240000000000002,0.06999999999999318,0.08999999999999986,1.730000000000004,-0.4499999999999993,6.199999999999989,1.1599999999999966,0.39000000000000057,-0.7199999999999989,-0.6499999999999986,-0.5,-1.2399999999999984,2.25
2024-10-25,0.03999999999999915,-0.02000000000000135,-0.15000000000000213,-0.04999999999999982,-0.21999999999999975,-0.02999999999999936,-0.040000000000000036,-0.3099999999999987,0.37000000000000455,-0.17999999999999972,0.33999999999999986,0.009999999999999787,0.259999999999998,0.9800000000000182,-2.8600000000000136,-0.20999999999999908,0.11999999999999922,0.39000000000000057,-0.9500000000000028,-0.20999999999999908,-0.1200000000000001,-0.7299999999999969,0.4299999999999997,-0.120000000000001,1.3500000000000014,-0.6799999999999997,-0.25,-1.6500000000000057,-0.16999999999999993,-0.1899999999999995,0.16000000000000014,0.259999999999998,-0.4399999999999977,0.17999999999999972,0.049999999999998934,0.7199999999999989,0.6600000000000001,-0.05999999999999872,-0.740000000000002,0.15000000000000213,0.04999999999999982,-0.21999999999999886,0.17999999999999972,-0.8099999999999987,1.08,0.08999999999999986,0.10999999999999943,0.16000000000000014,0.1999999999999993,-0.6699999999999946,-0.09999999999999787,-0.2900000000000027,0.020000000000000462,-0.41000000000000014,-0.7800000000000011,-0.00999999999999801,-0.25,0.5300000000000296,0.120000000000001,-0.28999999999999915,1.629999999999999,-1.9299999999999997,-2.1700000000000017,0.6000000000000014,-0.16999999999999993,-0.33999999999999986,-4.4599999999999795,-0.620000000000001,-0.19000000000000128,0.22000000000000242,-1.6999999999999993,0.07000000000000028,-0.21000000000000085,-2.9100000000000037,-4.939999999999998,0.8900000000000006,-1.75,-0.28000000000000114,0.980000000000004,0.07000000000000028,-4.5,-0.5800000000000001,-3.75,-0.509999999999998,0.23000000000000398,-1.3200000000000003,-0.13000000000000078,-1.8100000000000023,-3.3100000000000023,-0.7399999999999807,-1.4499999999999957,-4.329999999999998,-0.7199999999999989,-1.1900000000000013,0.3999999999999986,-1.1799999999999997,-2.5600000000000023,0.7100000000000009,-0.1700000000000017,-1.1700000000000017,-0.23999999999999488,-12.719999999999999,-11.030000000000001,-2.0599999999999987,-5.410000000000025,-4.849999999999994,-1.8200000000000074,-8.090000000000003,-2.5799999999999983,0.13000000000000256,-0.7299999999999898,-0.509999999999998,-6.159999999999997,0.0600000000000005,-0.22999999999999687,-0.050000000000000044,0.08000000000000007,0.04999999999999982,0.020000000000000018,0.040000000000000036,-0.0,0.1200000000000001,0.25,-0.040000000000000036,-0.03000000000000025,-0.21999999999999886,-0.00999999999999801,0.21000000000000085,0.08000000000000007,0.009999999999999787,0.009999999999999787,-0.07000000000000028,0.3500000000000014,-0.8399999999999999,0.16999999999999993,-1.1400000000000006,0.029999999999999805,0.010000000000005116,0.030000000000001137,-0.6000000000000014,-0.14000000000000057,0.019999999999999574,-0.370000000000001,0.1200000000000001,0.7199999999999989,0.6700000000000017,0.3199999999999932,-0.259999999999998,0.08999999999999986,-0.08000000000000185,0.08000000000000007,0.17999999999999972,-0.030000000000001137,-1.259999999999991,2.520000000000003,0.08000000000000185,-0.17999999999999972,-0.040000000000000036,-6.649999999999864,-0.38000000000000256,0.0799999999999983,-0.44000000000000483,-0.34999999999999787,-0.2599999999999998,0.6099999999999994,-0.010000000000000009,-0.28999999999999915,0.3100000000000023,0.4299999999999997,-1.0099999999999998,0.05000000000000071,-1.2600000000000051,0.21999999999999886,-0.3200000000000003,0.20999999999999996,0.1999999999999993,-2.25,0.25,-0.23999999999999844,-0.5199999999999996,0.620000000000001,-0.16000000000000014,-0.03999999999999915,0.46000000000000085,0.009999999999999787,-0.08000000000000007,-0.16000000000000014,0.1999999999999993,0.38000000000000256,-0.28999999999999204,-0.05000000000000071,-0.0400000000000027,0.029999999999997584,-0.040000000000000036,0.009999999999999787,-1.8599999999999994,0.030000000000001137,0.08999999999999986,-0.060000000000002274,-0.35999999999999943,0.21000000000000085,0.03000000000000025,-0.08999999999999986,-0.3099999999999987,0.0600000000000005,0.030000000000001137,0.040000000000000036,0.0,-0.03999999999999915,-0.10999999999999943,0.0699999999999994,-0.08999999999999986,-0.11999999999999922,0.04999999999999982,0.3999999999999986,0.08000000000000007,0.019999999999999574,-0.3400000000000034,-0.1399999999999988,-0.07000000000000028,-0.010000000000000675,-0.040000000000000036,0.33000000000000007,-0.3400000000000034,-0.05000000000000071,-0.6099999999999994,0.009999999999999787,0.3399999999999963,0.5199999999999996,0.04999999999999982,-0.040000000000000036,0.019999999999999574,-0.08999999999999986,0.7700000000000031,0.0799999999999983,0.11999999999999922,-0.03000000000000025,0.10999999999999943,-0.13999999999999702,0.9900000000000091,0.09999999999999964,0.02999999999999936,0.040000000000000036,0.040000000000000036,0.08000000000000007,0.05999999999999872,2.299999999999997,-0.0,-0.010000000000000675,-0.8599999999999994,0.05000000000000071,0.009999999999999787,-1.1899999999999977,0.0,-0.259999999999998,-0.11999999999999922,0.020000000000000018,0.08999999999999986,0.05000000000000071,0.16999999999999993,0.040000000000000036,0.02999999999999936,-0.25,-0.04999999999999982,0.17999999999999972,-1.9500000000000028,-2.8599999999999994,-5.699999999999996,-0.8500000000000014,-2.059999999999988,0.4200000000000017,-0.45000000000000284,-3.269999999999996,-1.7800000000000011,-1.450000000000001,-1.8900000000000041,-1.8100000000000023,-5.1299999999999955,-0.5199999999999996,-0.8500000000000085,-0.09999999999999964,-6.400000000000006,-4.010000000000019,-1.0100000000000051,-3.4499999999999886,1.1500000000000057,1.7999999999999972,-1.3299999999999983,0.18999999999999773,-0.4499999999999993,0.27999999999999403,-0.7799999999999994,-3.3100000000000023,0.38000000000000966,6.409999999999997,-0.9899999999999949,-0.5599999999999952,-0.4299999999999997,-3.9299999999999997,-0.8599999999999994
2024-10-28,0.07000000000000028,-0.25,-0.35999999999999943,0.08999999999999986,-0.02999999999999936,0.0699999999999994,0.020000000000000462,0.05000000000000071,0.3999999999999915,-0.2400000000000002,-0.16000000000000014,-0.020000000000000462,-0.8599999999999994,-6.019999999999982,-6.090000000000003,-0.2699999999999996,-0.09999999999999964,0.23000000000000398,-7.829999999999998,-0.3200000000000003,-0.020000000000000462,0.6999999999999957,-0.10000000000000142,-0.05000000000000071,0.6000000000000014,0.03999999999999915,0.14999999999999858,-5.859999999999985,-0.28000000000000114,-0.020000000000000462,0.10999999999999943,-0.11999999999999744,0.3299999999999983,-0.37999999999999545,-0.1999999999999993,0.4899999999999949,-0.020000000000003126,-0.22000000000000064,-0.00999999999999801,0.3000000000000007,-0.09999999999999964,0.8599999999999994,0.20000000000000284,0.17999999999999972,-0.8399999999999999,0.5500000000000007,0.6000000000000014,-0.4800000000000004,0.11999999999999922,0.1700000000000017,-0.23000000000000043,-0.04999999999999716,-0.15999999999999925,0.29999999999999893,-0.8699999999999903,0.28000000000000114,0.21999999999999886,-3.920000000000016,-0.6600000000000001,0.33999999999999986,-0.3000000000000007,0.35999999999999943,0.1599999999999966,0.28000000000000114,0.08999999999999986,-0.3200000000000003,-3.0399999999999636,0.14000000000000057,-0.4200000000000017,0.10000000000000142,0.030000000000001137,-0.4299999999999997,-0.120000000000001,0.25,3.6099999999999994,0.0800000000000054,5.910000000000011,-0.25,-0.14999999999999858,0.03000000000000025,0.0,0.09999999999999964,0.030000000000001137,-0.03999999999999915,1.8100000000000023,-0.6700000000000017,0.23000000000000043,-1.259999999999991,-1.5700000000000074,5.820000000000022,-0.740000000000002,0.6599999999999966,0.14000000000000057,-0.22000000000000242,0.00999999999999801,-0.17999999999999972,1.2900000000000063,0.17999999999999972,0.2699999999999996,0.7100000000000009,3.1400000000000006,-2.6399999999999864,-3.710000000000008,1.2300000000000004,-1.6400000000000432,-2.4599999999999937,-0.75,-8.210000000000008,-0.5300000000000011,0.28000000000000114,1.4399999999999977,-0.730000000000004,-2.200000000000003,0.019999999999999574,0.3399999999999963,-0.07000000000000006,-0.20000000000000018,0.0600000000000005,-0.010000000000000231,-0.020000000000000462,-0.3200000000000003,-0.0,-0.009999999999999787,0.009999999999999787,-0.1200000000000001,-0.010000000000001563,-0.370000000000001,0.5799999999999983,-0.2600000000000007,-0.1999999999999993,-0.10000000000000053,0.08999999999999986,0.30000000000000426,-0.2699999999999996,-0.09999999999999964,0.16999999999999815,-0.14000000000000012,0.9500000000000028,-0.490000000000002,0.34999999999999964,0.25,-0.16000000000000014,-0.4499999999999993,-0.1299999999999999,-0.240000000000002,0.5900000000000034,-1.8799999999999955,0.030000000000001137,-0.019999999999999574,-0.3500000000000014,-0.27999999999999936,-0.6699999999999982,-0.9200000000000017,-3.0500000000000114,-1.129999999999999,-0.370000000000001,-0.009999999999999787,-0.07999999999999963,-6.150000000000091,-0.07000000000000028,0.08999999999999986,0.5700000000000003,-0.8599999999999994,-0.25,-1.230000000000004,-0.07999999999999985,2.049999999999997,0.05000000000000071,0.240000000000002,-1.1099999999999994,-0.07000000000000028,-3.6199999999999974,0.10000000000000142,0.8300000000000054,-0.010000000000000675,0.019999999999999574,-9.469999999999999,-0.14000000000000057,0.17999999999999972,-0.120000000000001,0.16999999999999993,-0.4400000000000013,-1.0200000000000031,0.0,0.020000000000000462,0.019999999999999574,-0.09999999999999964,-0.120000000000001,0.48999999999999844,0.35999999999999943,0.02999999999999936,-0.2900000000000027,-0.10999999999999943,0.0600000000000005,-0.040000000000000924,-0.38000000000000256,-1.240000000000002,0.040000000000000924,-0.10000000000000142,-0.1700000000000017,0.240000000000002,-0.14999999999999947,-0.009999999999999787,0.3999999999999986,-0.4900000000000002,0.120000000000001,0.04999999999999982,0.129999999999999,-0.0799999999999983,-0.25,0.020000000000000462,0.08000000000000007,-0.120000000000001,0.0600000000000005,0.20000000000000284,-0.04999999999999982,-0.0600000000000005,-0.21000000000000085,-0.16000000000000014,0.0,0.009999999999999787,0.04999999999999982,0.08999999999999986,0.23999999999999488,0.08999999999999986,-0.21000000000000085,-0.050000000000000266,-0.6400000000000006,0.5500000000000007,-0.07000000000000028,0.15000000000000036,-0.0,-0.14000000000000057,0.00999999999999801,0.04999999999999716,-0.35999999999999943,0.04999999999999982,0.08999999999999986,0.060000000000002274,6.449999999999989,-0.009999999999999787,-0.17999999999999972,0.04999999999999982,-0.0,0.06999999999999851,0.02000000000000135,-2.530000000000001,-0.03000000000000025,0.02999999999999936,-0.21999999999999886,-0.05999999999999872,-0.11999999999999922,-1.3100000000000023,-0.15000000000000036,-0.030000000000001137,0.10999999999999943,0.029999999999999805,-0.0600000000000005,0.09999999999999964,0.049999999999998934,-0.03000000000000025,-0.10000000000000053,-0.3400000000000034,0.0600000000000005,-0.19000000000000483,-0.1599999999999966,0.4399999999999977,-2.6999999999999957,-1.0399999999999991,-1.1599999999999966,-0.7199999999999989,-0.9899999999999949,-1.1400000000000006,-0.8299999999999983,-1.1099999999999994,-0.2700000000000031,-0.6900000000000013,3.299999999999997,-0.8200000000000003,-1.6099999999999994,0.0,-2.3599999999999994,-1.5100000000000193,-0.9200000000000017,-2.569999999999993,-0.769999999999996,0.5699999999999932,0.35999999999999943,4.529999999999973,-0.5399999999999991,0.3299999999999983,-0.2699999999999996,12.810000000000002,3.239999999999995,2.8900000000000006,0.490000000000002,-0.5,-0.13000000000000256,-1.0,-0.6000000000000085
2024-10-29,0.10000000000000142,-0.2599999999999998,0.259999999999998,0.040000000000000036,-0.0600000000000005,0.1899999999999995,0.08999999999999986,0.16999999999999993,0.8000000000000114,-0.33000000000000007,-0.8599999999999994,0.11000000000000032,0.509999999999998,-2.6399999999999864,-4.600000000000023,0.08999999999999986,0.29999999999999893,0.1699999999999946,-3.740000000000009,-0.5500000000000007,-0.040000000000000036,-0.730000000000004,0.4700000000000024,0.16000000000000014,-0.5300000000000011,-0.21000000000000085,-0.20999999999999908,-3.1699999999999875,-0.15000000000000036,-0.1299999999999999,-0.14999999999999858,-0.509999999999998,-0.9499999999999957,-0.9299999999999997,0.3200000000000003,-0.7700000000000031,-0.5899999999999999,0.2400000000000002,-0.18000000000000327,0.4400000000000013,-0.16000000000000014,0.6600000000000108,0.360000000000003,-0.5199999999999996,-0.5999999999999996,0.2900000000000027,-0.00999999999999801,-0.23000000000000043,-0.15000000000000036,-0.259999999999998,-0.25,-0.2099999999999973,0.09999999999999964,0.129999999999999,-1.8299999999999983,-0.46999999999999886,-0.13000000000000256,-4.199999999999989,-0.379999999999999,-0.07000000000000028,-0.9100000000000001,-0.9499999999999957,-1.1400000000000006,0.21000000000000085,0.1899999999999995,0.3100000000000023,-0.2999999999999545,0.9699999999999989,0.5600000000000023,-0.1999999999999993,-0.6799999999999997,-0.46000000000000085,0.09999999999999964,-1.2100000000000009,-0.3499999999999943,-0.47000000000000597,1.210000000000008,-2.8599999999999994,-1.0900000000000034,-0.040000000000000036,-1.3799999999999955,-0.3699999999999992,1.9799999999999898,0.4800000000000004,-1.1999999999999993,0.8699999999999974,0.7200000000000006,-0.6499999999999915,3.239999999999995,7.069999999999993,1.3799999999999955,-2.799999999999997,-0.8800000000000026,-1.2999999999999972,-0.16000000000000014,0.6699999999999982,2.010000000000005,1.4599999999999937,-0.41000000000000014,-0.9400000000000048,-0.18999999999999773,-4.460000000000008,6.299999999999997,-1.7099999999999973,7.029999999999973,-1.9200000000000017,3.219999999999999,-7.990000000000009,-0.6799999999999997,0.6700000000000017,0.12999999999999545,-0.740000000000002,-1.4099999999999966,0.07000000000000028,0.38999999999999346,-0.07000000000000006,-0.21000000000000085,-0.03000000000000025,0.029999999999999805,-0.08999999999999986,-0.14000000000000057,0.14999999999999947,0.08000000000000007,0.20999999999999996,0.009999999999999787,0.259999999999998,-0.16000000000000014,0.0799999999999983,-0.2600000000000007,0.2900000000000009,-0.04999999999999982,0.07000000000000028,0.3200000000000003,-0.15000000000000036,-0.14999999999999858,-0.3999999999999986,-0.07000000000000028,1.490000000000002,-0.39000000000000057,-0.41000000000000014,-0.6400000000000006,0.46000000000000085,-0.46000000000000085,-0.10000000000000053,-0.259999999999998,-0.4100000000000037,2.759999999999991,-0.28000000000000114,0.2900000000000009,0.5899999999999999,-0.2400000000000002,0.38000000000000256,-0.8100000000000023,-4.030000000000001,0.509999999999998,-1.0199999999999996,-0.1999999999999993,0.1299999999999999,33.38000000000011,0.11999999999999744,0.5899999999999999,-0.09999999999999432,-0.129999999999999,-0.0600000000000005,2.049999999999997,-0.08999999999999986,0.6499999999999986,-0.03999999999999915,-0.04999999999999716,-0.4299999999999997,-0.22999999999999865,-2.3900000000000006,-0.28999999999999915,-0.6400000000000006,-0.09999999999999964,0.1999999999999993,-1.1299999999999955,-0.33000000000000007,0.3299999999999983,-0.20999999999999908,-0.21000000000000085,0.6000000000000014,-0.740000000000002,-0.1700000000000017,0.0600000000000005,0.09999999999999964,-0.17999999999999972,0.009999999999999787,-0.28000000000000114,0.09000000000000341,0.120000000000001,0.20000000000000284,0.28000000000000114,-0.009999999999999787,0.009999999999999787,-0.8399999999999999,0.0,0.4299999999999997,0.379999999999999,-0.12000000000000455,2.8200000000000003,-0.10999999999999943,-0.14000000000000057,0.21000000000000085,-0.27999999999999936,-0.00999999999999801,-0.0,-0.16000000000000014,-0.05999999999999872,-0.25,-0.020000000000000462,0.14000000000000057,0.09999999999999964,0.03000000000000025,-0.13000000000000256,0.02999999999999936,0.02999999999999936,-0.09000000000000341,0.11999999999999922,-0.10999999999999943,-0.08999999999999986,-0.010000000000000675,-0.23000000000000043,-0.21000000000000085,-0.3500000000000014,-0.33999999999999986,-0.08000000000000007,0.060000000000002274,-0.5300000000000011,0.03000000000000025,-0.0699999999999994,-0.08000000000000007,0.129999999999999,0.7999999999999972,-0.0,-0.5299999999999994,0.0,-0.07000000000000028,0.28999999999999915,-4.469999999999999,-0.20000000000000107,0.23000000000000043,-0.040000000000000036,0.009999999999999787,-0.02999999999999936,-0.16999999999999993,1.129999999999999,-0.040000000000000036,0.20000000000000018,-0.39000000000000057,0.2400000000000002,-0.1999999999999993,1.4699999999999989,0.39000000000000057,-0.019999999999999574,0.10999999999999943,-0.040000000000000036,0.15000000000000036,0.0,0.08000000000000007,0.020000000000000462,0.04999999999999982,-0.7900000000000063,-0.019999999999999574,-5.420000000000002,-0.519999999999996,-0.05000000000000426,2.3599999999999994,0.36999999999999744,1.9399999999999977,2.3800000000000026,1.519999999999996,1.3299999999999983,1.6099999999999994,-0.6000000000000014,-0.7100000000000009,-0.9199999999999982,-1.9099999999999966,1.0199999999999996,2.160000000000011,0.2599999999999998,-1.0600000000000023,-0.20000000000001705,1.1700000000000017,0.5799999999999841,-3.269999999999996,-3.960000000000008,-0.09000000000000341,-8.099999999999966,0.5799999999999983,0.8599999999999994,0.11999999999999922,0.6899999999999977,-1.4399999999999977,3.4599999999999937,-1.9799999999999969,0.6999999999999957,0.9499999999999993,-1.3999999999999986,0.7999999999999972
2024-10-30,0.21999999999999886,0.08999999999999986,-0.5300000000000011,-0.0900000000000003,-0.4400000000000004,0.0699999999999994,0.0,-0.05000000000000071,1.3199999999999932,0.07000000000000028,-0.4800000000000004,0.020000000000000462,0.1599999999999966,-3.1899999999999977,-8.389999999999986,-0.16000000000000014,-0.15000000000000036,0.8100000000000023,-2.8900000000000006,-0.2699999999999996,-0.20999999999999996,-0.4399999999999977,-0.2799999999999976,0.05999999999999872,-0.21000000000000085,-0.2799999999999976,-0.07000000000000028,-2.0,-0.14000000000000057,-0.20999999999999996,-0.9600000000000009,-0.17999999999999972,-0.30000000000000426,0.3200000000000003,-0.15000000000000036,-0.28999999999999915,-0.2699999999999996,0.07000000000000028,-0.18000000000000327,0.019999999999999574,-0.04999999999999982,-1.5,-0.259999999999998,0.00999999999999801,0.09999999999999964,-0.4700000000000024,-0.5900000000000034,-0.3200000000000003,-0.07000000000000028,-0.35999999999999943,-0.1999999999999993,0.2699999999999996,-0.05999999999999961,-0.0600000000000005,-0.75,0.5200000000000031,-1.1600000000000037,1.4800000000000182,0.17999999999999972,-0.5299999999999976,0.2699999999999996,-0.7800000000000011,-1.0399999999999991,-0.44000000000000483,0.030000000000001137,-0.1999999999999993,0.1500000000000341,0.10999999999999943,-0.16999999999999815,0.129999999999999,-0.10000000000000142,-0.8299999999999983,-0.009999999999999787,-0.18999999999999773,1.559999999999988,-0.1599999999999966,-1.8900000000000006,-1.4000000000000057,-0.740000000000002,0.04999999999999982,-0.6600000000000037,-0.370000000000001,4.189999999999998,-0.6099999999999994,-0.8300000000000018,-1.0500000000000043,-0.379999999999999,-1.7099999999999937,0.8100000000000023,-2.219999999999999,-0.12000000000000455,4.950000000000003,0.6600000000000037,-0.28000000000000114,-0.23999999999999844,0.6400000000000006,-0.18999999999999773,0.8299999999999983,0.17999999999999972,-0.6099999999999994,-2.480000000000004,3.75,-5.980000000000004,-0.45000000000000284,0.7400000000000091,2.8499999999999943,6.660000000000011,-5.189999999999998,1.8800000000000026,-0.12000000000000455,-1.5799999999999983,-0.37000000000000455,-1.9399999999999977,0.05000000000000071,-0.010000000000005116,0.020000000000000018,0.15999999999999925,-0.08000000000000007,-0.03000000000000025,-0.03000000000000025,0.20999999999999996,0.1200000000000001,0.17999999999999972,-0.040000000000000036,0.05999999999999961,-0.23000000000000043,-0.14999999999999858,0.7199999999999989,-0.20000000000000018,-0.05000000000000071,-0.10000000000000053,-0.07000000000000028,-1.019999999999996,-0.27999999999999936,-0.120000000000001,-0.19000000000000128,0.03000000000000025,-0.4099999999999966,-0.3299999999999983,0.20999999999999908,-0.1999999999999993,-0.08999999999999986,-0.6400000000000006,-0.05999999999999961,0.1700000000000017,0.9799999999999969,-0.8599999999999994,0.019999999999999574,-0.11999999999999922,0.7200000000000024,0.1999999999999993,-0.4400000000000013,-0.34999999999999787,-1.3100000000000023,-0.4299999999999997,0.120000000000001,-0.2599999999999998,0.050000000000000266,0.38000000000010914,-0.120000000000001,-0.00999999999999801,-0.35999999999999943,-0.6099999999999994,0.0600000000000005,1.480000000000004,-0.040000000000000036,-0.3400000000000034,-0.019999999999999574,0.6300000000000026,0.41000000000000014,0.3800000000000008,-1.5200000000000031,0.120000000000001,0.19000000000000483,0.009999999999999787,0.46000000000000085,-6.240000000000009,-0.20000000000000107,1.5599999999999987,-0.1899999999999995,-0.16000000000000014,-0.0799999999999983,0.3200000000000003,0.0,0.07000000000000028,-0.03000000000000025,-0.019999999999999574,-0.16000000000000014,0.5899999999999999,-0.01999999999999602,-0.02999999999999936,-0.18999999999999773,-0.21000000000000085,0.02999999999999936,0.08000000000000007,0.010000000000001563,0.1700000000000017,-0.05000000000000071,-0.14000000000000057,-0.5399999999999991,-0.8100000000000023,-0.040000000000000036,0.049999999999998934,-0.21000000000000085,-0.21000000000000085,-0.240000000000002,-0.07000000000000028,-0.10999999999999943,-0.08999999999999986,0.28000000000000114,0.15000000000000036,0.040000000000000924,-0.040000000000000924,-0.08000000000000007,1.6600000000000037,0.13000000000000078,-0.020000000000000462,0.9699999999999989,-0.1399999999999988,-0.04999999999999982,0.07000000000000028,0.04999999999999982,0.6599999999999993,1.4400000000000048,0.889999999999997,0.21000000000000085,-0.04999999999999982,1.0,-0.29999999999999716,0.1200000000000001,-0.0600000000000005,-0.05999999999999961,-0.23999999999999844,-0.6300000000000026,-0.14999999999999858,-0.33999999999999986,-0.04999999999999982,0.03999999999999915,-0.07000000000000028,3.1200000000000045,-0.019999999999999574,-0.23999999999999844,-0.040000000000000036,-0.050000000000000266,-0.08999999999999986,-0.08999999999999986,0.379999999999999,0.0,-0.019999999999999574,0.05000000000000071,-0.009999999999999787,0.20000000000000107,-0.9299999999999926,-0.13000000000000078,0.08999999999999986,0.0,-0.020000000000000018,0.1899999999999995,0.08999999999999986,0.29999999999999893,-0.07000000000000028,0.040000000000000036,-0.4199999999999946,0.09000000000000075,-1.1799999999999997,-0.7400000000000091,-1.3500000000000014,-0.5300000000000011,-0.8500000000000014,-2.1299999999999955,1.4299999999999997,-1.5600000000000023,4.909999999999997,-1.9200000000000017,-0.14000000000000057,-0.3999999999999986,0.00999999999999801,1.6299999999999955,1.129999999999999,0.1600000000000108,0.08000000000000007,-4.030000000000001,6.849999999999994,1.1599999999999966,-0.8499999999999943,1.210000000000008,-1.3400000000000034,0.5100000000000051,-2.3500000000000227,0.9000000000000021,-0.8500000000000014,-0.21000000000000085,11.240000000000009,2.4000000000000057,0.3299999999999983,-1.5,-1.5100000000000051,-0.21999999999999886,-1.1600000000000001,6.480000000000004
2024-10-31,0.0600000000000005,-0.05999999999999872,0.030000000000001137,-0.06999999999999984,-0.47999999999999954,-0.14000000000000057,-0.09999999999999964,0.4499999999999993,1.3299999999999983,0.14000000000000057,0.129999999999999,-0.25,0.8499999999999943,1.3000000000000114,2.0999999999999943,-0.6699999999999999,-0.019999999999999574,2.280000000000001,-0.5799999999999983,-0.009999999999999787,-0.15000000000000036,0.28000000000000114,0.08000000000000185,-0.19000000000000128,-0.2699999999999996,-0.33999999999999986,-0.019999999999999574,1.9699999999999989,0.15000000000000036,-0.020000000000000462,-0.38000000000000256,-1.0500000000000007,-0.28999999999999915,-1.9500000000000028,-0.049999999999998934,0.8900000000000006,-1.3900000000000006,-0.29999999999999893,-0.28000000000000114,0.10999999999999943,0.08999999999999986,0.27000000000001023,0.7600000000000016,-0.120000000000001,0.4900000000000002,0.2699999999999996,-0.6200000000000045,-1.0700000000000003,-0.22000000000000064,-0.4000000000000057,-0.21000000000000085,-0.28999999999999915,0.040000000000000036,-0.629999999999999,4.239999999999995,0.6199999999999974,0.44999999999999574,-2.1899999999999977,0.6900000000000013,0.09999999999999787,-1.7600000000000016,-1.4499999999999957,-1.0800000000000054,0.759999999999998,0.0,0.21000000000000085,12.360000000000014,0.370000000000001,0.120000000000001,0.019999999999999574,-0.9500000000000028,-0.259999999999998,-0.0600000000000005,-0.8999999999999986,-2.9099999999999966,0.6300000000000026,0.75,0.5899999999999892,-0.9200000000000017,-0.0,-1.1499999999999986,0.15000000000000036,-10.319999999999993,-1.620000000000001,-0.05000000000000071,-0.0,0.019999999999999574,-1.539999999999992,0.6899999999999977,-1.7700000000000102,-1.0900000000000034,-1.1199999999999974,-0.23999999999999488,-0.0799999999999983,-0.08999999999999986,0.41000000000000014,-0.4299999999999926,0.8400000000000034,0.1999999999999993,0.21999999999999886,-0.030000000000001137,-2.0500000000000114,-4.909999999999997,0.389999999999997,-3.8999999999999773,0.3499999999999943,1.6600000000000108,-9.439999999999998,0.9500000000000028,-0.5,-0.8299999999999983,0.7199999999999989,-1.2999999999999972,0.09999999999999964,0.29999999999999716,-0.010000000000000009,-0.14999999999999947,-0.03000000000000025,0.040000000000000036,0.16999999999999993,-0.040000000000000036,0.1200000000000001,-0.10999999999999943,-0.010000000000000675,-0.11000000000000032,-0.6600000000000001,-0.7399999999999984,0.5200000000000031,-0.3800000000000008,-0.13000000000000078,0.019999999999999574,-0.41000000000000014,-0.44999999999999574,0.02000000000000135,0.3100000000000005,-0.33999999999999986,-0.009999999999999787,0.8100000000000023,1.8999999999999986,-0.05999999999999872,-0.3999999999999986,-0.07000000000000028,-0.0799999999999983,0.0,-0.3000000000000007,-0.6000000000000014,-0.730000000000004,0.31999999999999673,0.15000000000000036,-0.18999999999999773,-0.0600000000000005,0.9499999999999993,0.21999999999999886,1.240000000000009,-1.870000000000001,-1.5399999999999991,-0.5299999999999994,-0.08999999999999986,-4.210000000000036,0.6900000000000013,-0.9399999999999977,-1.6600000000000037,-0.03999999999999915,0.6500000000000004,0.09999999999999432,-0.1299999999999999,1.6400000000000006,-0.1700000000000017,0.6799999999999997,-0.6099999999999994,0.40000000000000036,-3.1100000000000065,2.330000000000002,0.769999999999996,0.08999999999999986,-0.16000000000000014,-3.8000000000000114,0.08000000000000007,-0.3100000000000023,-0.7199999999999989,0.27999999999999936,-1.4699999999999989,0.740000000000002,0.13000000000000256,-0.15000000000000036,-0.08999999999999986,0.1899999999999995,-0.02999999999999936,-0.10999999999999943,-0.46999999999999886,-0.1399999999999988,0.120000000000001,-0.05999999999999872,0.02999999999999936,0.07000000000000028,-0.48999999999999844,1.3400000000000034,-0.15000000000000036,-0.14000000000000057,0.3999999999999986,-0.5399999999999991,-0.17999999999999972,-0.05000000000000071,0.5899999999999999,-0.3299999999999983,0.48999999999999844,-0.03000000000000025,0.040000000000000924,-0.26000000000000156,-0.03999999999999915,0.040000000000000036,-0.14000000000000057,0.34999999999999964,0.020000000000000462,-0.04999999999999716,0.0,0.09999999999999964,-0.23999999999999488,-0.8800000000000008,-0.07000000000000028,-0.020000000000000462,0.03000000000000025,-0.0600000000000005,-0.39000000000000057,-0.25,-0.129999999999999,0.020000000000000018,0.5,0.25,0.05999999999999961,-0.009999999999999787,-0.04999999999999982,-0.21999999999999886,1.4299999999999997,0.17999999999999972,0.75,0.10999999999999943,0.03999999999999915,-0.13999999999999702,3.0900000000000034,-0.009999999999999787,-0.05000000000000071,0.23000000000000043,-0.0900000000000003,-0.009999999999999787,-0.009999999999999787,1.6600000000000001,-0.009999999999999787,-0.08999999999999986,-1.7699999999999996,-0.129999999999999,-0.28000000000000114,0.07000000000000739,0.10999999999999943,0.3099999999999987,-0.09999999999999964,-0.0,-0.25,0.009999999999999787,0.009999999999999787,0.009999999999999787,0.1800000000000006,-0.03999999999999915,0.040000000000000036,-2.730000000000004,1.1899999999999977,-0.14000000000000057,-0.39000000000000057,0.37999999999999545,-1.3400000000000034,-0.01999999999999602,0.5100000000000051,0.35999999999999943,0.12000000000000455,0.4800000000000004,-0.3200000000000003,-0.370000000000001,2.6400000000000006,-0.120000000000001,-1.4099999999999966,0.14000000000000057,0.5699999999999932,-1.660000000000025,0.6700000000000017,-11.280000000000001,1.4899999999999949,-3.2299999999999898,-0.3100000000000023,1.0500000000000114,-0.26000000000000156,-0.28999999999999915,-0.2900000000000009,-8.350000000000023,-1.0200000000000102,-0.030000000000001137,0.8200000000000003,-0.7100000000000009,-0.48999999999999844,0.41000000000000014,1.1100000000000136
2024-11-01,-0.049999999999998934,-0.16999999999999993,-0.6799999999999997,-0.029999999999999805,0.10999999999999943,-0.17999999999999972,-0.040000000000000036,0.03000000000000025,0.8299999999999983,0.11000000000000121,-0.5799999999999983,-0.39000000000000057,0.35999999999999943,1.0200000000000102,-3.5800000000000125,-0.7699999999999996,-0.22000000000000064,0.020000000000003126,-0.3399999999999892,-0.14000000000000057,-0.20999999999999996,-1.6599999999999966,0.8299999999999983,-0.10000000000000142,-0.4499999999999993,-0.2699999999999996,0.1899999999999995,1.089999999999975,-0.040000000000000924,-0.020000000000000462,-0.029999999999997584,-1.5700000000000003,-0.14000000000000057,-3.0799999999999983,-0.019999999999999574,-0.990000000000002,-0.4800000000000004,0.28000000000000114,-0.6699999999999982,-0.05999999999999872,-0.040000000000000036,-2.799999999999997,-0.34999999999999787,-0.3999999999999986,-0.8800000000000008,0.03999999999999915,-0.9099999999999966,0.029999999999997584,0.0,-1.1700000000000017,0.41000000000000014,-0.6600000000000001,0.010000000000000675,-0.3699999999999992,0.12999999999999545,-0.8699999999999974,-0.6700000000000017,-4.8700000000000045,-0.9899999999999984,0.010000000000001563,-1.1700000000000017,-0.14000000000000057,-0.14000000000000057,-0.030000000000001137,-0.08999999999999986,-0.5299999999999976,-2.8799999999999955,-0.4499999999999993,-0.10000000000000142,-0.5399999999999991,-0.5700000000000003,-0.35999999999999943,-0.02000000000000135,-1.3999999999999986,-1.7099999999999937,-1.0799999999999983,3.5,-3.240000000000009,-0.8800000000000026,-0.040000000000000036,-1.6599999999999966,-0.3100000000000005,-3.030000000000001,-0.19000000000000128,-0.129999999999999,0.19000000000000483,0.5399999999999991,-4.25,2.4200000000000017,-2.2900000000000205,-2.020000000000003,-0.3200000000000003,-0.8299999999999983,-0.5599999999999987,1.0399999999999991,0.8300000000000018,-3.1999999999999957,4.039999999999999,-0.07000000000000028,-0.44999999999999574,-2.0600000000000023,-0.21999999999999886,0.3299999999999983,-0.38000000000000256,-0.35000000000002274,-2.819999999999993,-4.420000000000002,-1.7399999999999807,-0.5499999999999972,-0.03999999999999915,0.5299999999999869,-0.3299999999999983,6.0,0.09999999999999964,-0.03999999999999915,-0.16999999999999993,-0.05999999999999961,0.08000000000000007,0.010000000000000231,0.04999999999999982,-0.16000000000000014,-0.08999999999999986,0.07000000000000028,-0.10000000000000053,-0.0600000000000005,-0.1700000000000017,0.48999999999999844,0.6499999999999986,-0.27000000000000046,-0.1399999999999988,-0.04999999999999982,-0.10999999999999943,-0.7999999999999972,-0.09999999999999964,0.02000000000000135,-2.1499999999999986,0.0,0.6499999999999986,0.10000000000000142,-0.05999999999999872,-0.6799999999999997,-0.14000000000000057,-0.08999999999999986,-0.08000000000000007,0.08999999999999986,-0.9600000000000009,-1.2600000000000051,0.17999999999999972,-0.0,-1.0199999999999996,-0.21999999999999886,0.5799999999999983,-0.5799999999999983,-2.950000000000017,-1.0199999999999996,-3.1000000000000014,-0.07000000000000028,-0.010000000000000231,-5.960000000000036,-0.21999999999999886,-0.9800000000000004,-1.3299999999999983,0.05000000000000071,-0.4900000000000002,-0.12999999999999545,0.020000000000000018,-0.04999999999999716,-0.3500000000000014,0.1700000000000017,-0.3699999999999992,0.09999999999999964,-1.2700000000000031,-0.35999999999999943,-0.6600000000000037,-0.040000000000000036,0.28999999999999915,-7.859999999999985,-0.3199999999999985,0.23000000000000043,-0.41999999999999993,0.2699999999999996,0.39000000000000057,-0.9399999999999977,0.40000000000000213,0.009999999999999787,-0.08999999999999986,0.129999999999999,-0.09999999999999964,-0.6400000000000006,-0.75,-0.05999999999999872,-0.1999999999999993,-0.14999999999999858,0.07000000000000028,0.27999999999999936,-0.7299999999999969,0.36999999999999744,-0.370000000000001,-0.3500000000000014,-1.0300000000000011,-2.460000000000001,0.040000000000000036,-0.13000000000000078,-0.5700000000000003,-0.27000000000000135,0.00999999999999801,-0.04999999999999982,-0.28000000000000114,-0.05000000000000071,-0.490000000000002,-0.17999999999999972,-0.29999999999999893,-0.10000000000000053,-0.04999999999999982,0.22999999999999687,0.07000000000000028,0.10999999999999943,-0.25,0.33999999999999986,-0.1200000000000001,-0.1299999999999999,-0.11000000000000032,-0.3100000000000005,-0.11999999999999744,0.18999999999999773,-0.09999999999999964,-0.07000000000000028,-0.6699999999999946,-0.030000000000001137,0.04999999999999982,-0.13000000000000078,-0.08000000000000007,0.0400000000000027,-0.6200000000000045,-0.4400000000000013,0.0600000000000005,0.04999999999999982,-0.14000000000000057,-0.18999999999999773,-0.09000000000000341,-0.7599999999999998,-0.33999999999999986,0.11000000000000032,0.0,-0.16999999999999993,-0.20000000000000107,-2.2699999999999996,-0.040000000000000036,-0.15000000000000036,-0.39000000000000057,-0.16999999999999993,-0.14000000000000057,-0.4899999999999949,-0.25,-0.4299999999999997,-0.14000000000000057,0.0,-0.8599999999999994,-0.13000000000000078,-0.02999999999999936,-0.05999999999999961,0.010000000000000675,-0.5300000000000011,-0.14000000000000057,-0.75,0.1599999999999966,-0.8500000000000014,-1.8200000000000003,0.45999999999999375,-4.460000000000008,-0.5599999999999952,-1.1200000000000045,-2.3599999999999994,-2.3799999999999955,-0.6600000000000001,-0.870000000000001,1.0199999999999996,0.20000000000000284,0.030000000000001137,-3.8700000000000045,-0.33000000000000007,-2.989999999999995,1.5300000000000011,-3.8599999999999994,-3.819999999999993,-2.480000000000004,-4.539999999999992,-0.39000000000000057,-9.369999999999976,-0.7100000000000009,0.020000000000003126,-0.27000000000000135,42.59000000000003,1.6199999999999903,-1.2100000000000009,0.11999999999999744,-1.0899999999999963,-1.6199999999999974,0.04999999999999716,-2.1200000000000045
2024-11-04,0.030000000000001137,-0.03999999999999915,0.6999999999999993,-0.040000000000000036,-0.07000000000000028,0.08000000000000007,-0.21999999999999975,0.1299999999999999,0.5900000000000034,0.02999999999999936,0.20000000000000284,0.03999999999999915,0.44999999999999574,0.7700000000000102,3.009999999999991,0.11999999999999922,-0.8100000000000005,0.22000000000000597,2.069999999999993,-0.040000000000000924,0.040000000000000036,0.7399999999999949,0.8499999999999979,-0.41000000000000014,0.5100000000000016,0.16999999999999815,0.15000000000000036,0.6800000000000068,-0.17999999999999972,0.019999999999999574,0.04999999999999716,1.240000000000002,0.4299999999999997,2.3999999999999986,0.019999999999999574,-0.060000000000002274,-0.03999999999999915,0.009999999999999787,0.19000000000000128,-0.3099999999999987,0.019999999999999574,1.269999999999996,-1.2699999999999996,-1.0,-0.129999999999999,-0.370000000000001,0.7100000000000009,0.22999999999999687,0.009999999999999787,0.6499999999999986,0.259999999999998,0.5399999999999991,0.0600000000000005,0.02999999999999936,-2.1500000000000057,-2.1700000000000017,0.6400000000000006,-12.800000000000011,-0.0600000000000005,-0.879999999999999,0.060000000000002274,0.490000000000002,0.0799999999999983,0.6200000000000045,0.08999999999999986,0.2699999999999996,-16.670000000000016,0.030000000000001137,0.20000000000000284,0.17999999999999972,0.0,0.0799999999999983,-0.3600000000000012,0.5700000000000003,-2.1899999999999977,0.5799999999999983,-0.28000000000000114,6.829999999999998,0.6499999999999986,-0.009999999999999787,1.25,0.28000000000000114,-23.0,1.7800000000000011,0.46999999999999886,-4.390000000000001,0.29999999999999893,0.9500000000000028,0.9500000000000028,2.420000000000016,0.3200000000000003,1.3500000000000014,0.03999999999999915,1.1999999999999993,0.48999999999999844,0.6000000000000014,1.7700000000000031,1.4500000000000028,0.10000000000000142,0.6999999999999957,1.230000000000004,5.0,3.9000000000000057,0.8200000000000003,-4.829999999999984,0.769999999999996,0.9299999999999926,2.799999999999983,0.4000000000000057,0.7199999999999989,-2.5800000000000125,0.9100000000000037,0.5999999999999943,0.05000000000000071,0.17999999999999972,0.04999999999999982,0.009999999999999787,0.0,0.029999999999999805,0.019999999999999574,0.010000000000000675,0.08000000000000007,0.02999999999999936,-0.040000000000000036,0.10000000000000053,-1.1099999999999994,0.07000000000000028,0.740000000000002,0.0600000000000005,-0.05999999999999872,0.0,0.28999999999999915,-0.18999999999999773,0.07000000000000028,-0.27999999999999936,-0.240000000000002,-0.06000000000000005,0.9100000000000037,0.030000000000001137,0.030000000000001137,0.060000000000002274,0.129999999999999,0.3299999999999983,0.040000000000000036,0.389999999999997,0.4299999999999997,0.8199999999999932,0.259999999999998,0.08000000000000007,0.10999999999999943,-0.41999999999999993,0.10000000000000142,0.33999999999999986,0.6999999999999886,0.6699999999999982,0.5400000000000027,0.05000000000000071,-0.10000000000000009,14.450000000000045,0.2699999999999996,0.6700000000000017,0.259999999999998,-0.22000000000000242,0.09999999999999964,0.7999999999999972,0.010000000000000231,-0.6400000000000006,-0.07000000000000028,0.3099999999999987,-0.2400000000000002,-0.120000000000001,0.36999999999999744,0.5100000000000016,-3.030000000000001,0.0,0.030000000000001137,1.1400000000000148,0.21999999999999886,0.3000000000000007,-0.33999999999999986,0.009999999999999787,0.5299999999999976,0.6799999999999997,-0.08000000000000185,-0.009999999999999787,-0.33000000000000007,-0.22000000000000064,0.14000000000000057,-0.3200000000000003,-0.5800000000000125,0.33999999999999986,-0.00999999999999801,-0.46000000000000085,0.04999999999999982,0.1399999999999988,0.25,-1.5400000000000063,-1.1100000000000012,-1.0899999999999999,-0.3200000000000003,0.3200000000000003,-0.2400000000000002,0.0,0.6499999999999986,-0.27000000000000135,0.019999999999999574,0.03000000000000025,0.02999999999999936,-0.39000000000000057,0.05999999999999872,-0.2400000000000002,0.2400000000000002,0.29000000000000004,0.0,0.8200000000000003,0.08000000000000007,0.0,0.5399999999999991,0.019999999999999574,0.21999999999999975,0.05999999999999961,-0.020000000000000462,-0.020000000000000462,-0.17999999999999972,0.03999999999999915,0.23000000000000043,0.020000000000000018,0.29000000000000625,-0.8099999999999987,0.040000000000000036,0.0,0.05999999999999961,-0.7999999999999972,-1.5400000000000063,0.33999999999999986,0.08000000000000007,-0.020000000000000462,0.02999999999999936,0.4299999999999997,-1.9899999999999807,-0.1399999999999988,0.02999999999999936,0.040000000000000036,0.020000000000000018,0.17999999999999972,-0.10000000000000142,-0.4800000000000004,0.03000000000000025,-0.1200000000000001,0.33999999999999986,0.33999999999999986,-0.5600000000000005,1.8900000000000006,-0.009999999999999787,0.10000000000000142,0.21000000000000085,0.020000000000000018,-0.17999999999999972,0.019999999999999574,0.09999999999999964,0.009999999999999787,0.019999999999999574,0.8800000000000026,0.019999999999999574,6.049999999999997,-0.05000000000001137,0.8100000000000023,0.4000000000000057,-0.5500000000000043,2.1099999999999994,0.4200000000000017,-0.5400000000000063,-1.8599999999999994,1.9899999999999949,-0.870000000000001,-0.030000000000001137,0.00999999999999801,-1.75,0.509999999999998,-3.700000000000003,0.07000000000000028,2.950000000000003,-6.3700000000000045,1.5,11.20999999999998,-2.980000000000004,0.5700000000000074,-0.980000000000004,4.3300000000000125,-0.07000000000000028,0.22999999999999687,-0.049999999999998934,-0.06999999999999318,-2.549999999999997,-0.3299999999999983,-0.6400000000000006,0.17999999999999972,0.4399999999999977,0.0,2.0
2024-11-05,-0.1899999999999995,-0.2699999999999996,-0.7799999999999976,-0.1299999999999999,-0.16999999999999993,-0.17999999999999972,-0.1800000000000006,-0.129999999999999,-0.28999999999999204,-0.29999999999999893,-0.7799999999999976,-0.11000000000000121,-0.8100000000000023,-3.819999999999993,-5.47999999999999,-0.5899999999999999,-0.010000000000001563,-0.6000000000000014,-2.269999999999996,-0.17999999999999972,-0.1200000000000001,-1.8999999999999986,-2.3900000000000006,-0.8599999999999994,-0.029999999999997584,-0.5800000000000018,-0.10999999999999943,-4.200000000000017,-0.10000000000000142,-0.23000000000000043,-0.17999999999999972,-1.0,-0.35999999999999943,-1.3500000000000014,-0.11000000000000121,-0.4299999999999997,-0.030000000000001137,-0.27999999999999936,-0.05000000000000071,-0.509999999999998,-0.23000000000000043,-2.7099999999999937,-0.14999999999999858,0.3000000000000007,-0.03999999999999915,-0.41999999999999815,-1.5399999999999991,-1.1600000000000001,-0.2699999999999996,-1.3599999999999994,-1.0,-0.620000000000001,-0.1299999999999999,-0.5199999999999996,-3.480000000000004,1.3500000000000014,-0.12000000000000455,-10.20999999999998,-0.6600000000000001,-0.4200000000000017,-0.21999999999999886,-1.4600000000000009,-0.9799999999999969,-0.39000000000000057,-0.10000000000000142,-0.620000000000001,0.5199999999999818,-0.6499999999999986,-0.28999999999999915,-0.0,-1.8399999999999999,-0.4299999999999997,-0.4599999999999991,-1.509999999999998,-3.6899999999999977,-0.9400000000000048,-5.5,-5.590000000000018,-0.7800000000000011,-0.05999999999999961,-1.8599999999999994,-0.7399999999999984,-43.5,-2.5700000000000003,-0.9200000000000017,-0.8099999999999952,-0.620000000000001,-2.8900000000000006,-3.549999999999997,-5.139999999999986,-1.2800000000000011,-4.109999999999992,-1.2100000000000009,-1.1600000000000001,-0.7699999999999996,-0.629999999999999,-2.8799999999999955,-4.479999999999997,-0.3099999999999987,-0.8599999999999994,-3.549999999999997,-10.189999999999998,-6.929999999999993,-1.0,-7.830000000000041,-2.1099999999999994,-7.829999999999998,-8.310000000000002,-1.9899999999999949,-1.6899999999999977,0.18000000000000682,-1.1299999999999955,-5.690000000000012,-0.07000000000000028,-0.6400000000000006,-0.17999999999999972,-0.05999999999999961,0.04999999999999982,-0.050000000000000266,-0.03000000000000025,-0.08999999999999986,-0.0,0.009999999999999787,-0.040000000000000036,0.04999999999999982,-1.4100000000000001,-0.030000000000001137,0.3299999999999983,-0.20999999999999996,-0.2599999999999998,-0.11000000000000032,-0.27000000000000135,-0.509999999999998,-0.13000000000000078,-0.09999999999999964,1.7399999999999984,-0.040000000000000036,-2.3900000000000006,-1.0799999999999983,-0.019999999999999574,-1.3299999999999983,-0.16999999999999993,-0.3500000000000014,-0.1200000000000001,-0.11999999999999744,-0.6899999999999977,-1.5499999999999972,-0.39000000000000057,-0.2599999999999998,-0.48999999999999844,-0.629999999999999,-0.35999999999999943,-0.10000000000000142,-3.5500000000000114,-0.7200000000000024,-1.1199999999999974,-0.0600000000000005,-0.3600000000000003,-28.789999999999964,-0.17999999999999972,-2.6499999999999986,-2.219999999999999,-0.4700000000000024,-0.8100000000000005,-1.6800000000000068,-0.20999999999999996,-0.5499999999999972,-0.010000000000001563,-0.05000000000000071,-0.16999999999999993,-0.41999999999999993,-2.3300000000000054,-0.18999999999999773,4.880000000000003,-0.020000000000000462,-0.10000000000000142,-7.889999999999986,-0.4400000000000013,-0.7200000000000024,-0.3600000000000012,-0.0600000000000005,0.240000000000002,-4.25,0.03999999999999915,-0.04999999999999982,-0.25,0.03999999999999915,-0.05000000000000071,0.4499999999999993,-0.030000000000001137,-0.46999999999999886,-0.13999999999999702,-0.75,-0.020000000000000462,0.08000000000000007,-0.36999999999999744,0.07000000000000028,-0.5,-0.9800000000000004,0.28000000000000114,-0.38000000000000256,0.009999999999999787,-0.11999999999999922,-0.4200000000000017,-0.5,-0.08999999999999986,-0.02999999999999936,-0.16999999999999993,-0.5399999999999991,0.15000000000000213,0.009999999999999787,-0.2699999999999996,-0.16999999999999993,0.019999999999999574,-1.7800000000000011,-0.33999999999999986,0.04999999999999982,-3.7900000000000063,-0.370000000000001,-0.27000000000000046,-0.10000000000000053,0.020000000000000462,0.16999999999999993,-1.5600000000000023,-0.11000000000000298,-0.23000000000000043,-0.06000000000000005,-2.75,-0.21000000000000085,-0.020000000000000462,-0.08000000000000007,-0.08000000000000007,-1.1900000000000013,-0.5899999999999963,-0.5500000000000007,-0.2699999999999996,-0.03000000000000025,-0.0600000000000005,-0.7100000000000009,2.719999999999999,-0.6399999999999988,-0.2400000000000002,-0.07000000000000028,-0.05999999999999961,0.08999999999999986,-0.08000000000000007,-0.0,-0.08999999999999986,0.07000000000000028,-0.21000000000000085,-0.5500000000000007,-0.8899999999999988,-2.690000000000012,-0.019999999999999574,-0.34999999999999787,-0.3100000000000005,-0.040000000000000036,0.120000000000001,0.02999999999999936,-0.07000000000000028,-0.020000000000000462,-0.16000000000000014,-1.1999999999999957,-0.05000000000000071,-5.230000000000004,-1.0499999999999972,-1.8299999999999983,-1.3899999999999935,-0.7100000000000009,-3.280000000000001,-0.5600000000000023,-1.0200000000000102,-0.46999999999999886,-3.710000000000008,-1.6999999999999993,-2.0500000000000007,-0.26000000000000156,-0.0,-1.120000000000001,-2.0799999999999983,-0.17999999999999972,-0.01999999999999602,1.8200000000000216,-2.950000000000003,-2.680000000000007,-2.2099999999999937,-4.829999999999998,-0.30999999999999517,-23.55000000000001,-0.8399999999999999,-1.2899999999999991,-0.129999999999999,-26.920000000000016,-2.030000000000001,-0.7099999999999973,-0.8900000000000006,-1.6899999999999977,-1.7899999999999991,-0.22000000000000242,-8.989999999999995
2024-11-06,-0.09999999999999964,-0.16000000000000014,-0.23000000000000043,-0.16000000000000014,-0.16000000000000014,-0.009999999999999787,-0.03000000000000025,-0.27000000000000135,1.9599999999999937,-0.009999999999999787,0.23000000000000043,-0.17999999999999972,-0.030000000000001137,-1.2199999999999989,-0.9799999999999898,0.08000000000000007,0.09000000000000163,1.0599999999999952,0.1599999999999966,-0.09999999999999964,-0.04999999999999982,-0.4000000000000057,-0.3099999999999987,-0.029999999999997584,-0.15000000000000213,-0.5299999999999976,-0.0600000000000005,-1.5500000000000114,-0.09999999999999964,-0.14999999999999947,-0.13999999999999702,-0.29999999999999716,-1.0900000000000034,-1.0500000000000043,0.030000000000001137,0.14999999999999858,0.26000000000000156,-0.5400000000000009,0.05000000000000071,-0.029999999999997584,0.02999999999999936,-1.6899999999999977,-1.6500000000000021,-0.16999999999999815,0.05999999999999872,-0.21999999999999886,-0.240000000000002,-0.05999999999999872,-0.2699999999999996,-1.0,-0.14999999999999858,0.5500000000000007,-0.040000000000000036,-0.7200000000000006,1.759999999999991,-0.10999999999999943,-0.44000000000000483,-5.599999999999966,-0.030000000000001137,-0.1700000000000017,0.4400000000000013,0.020000000000003126,-0.25,1.8700000000000045,-0.06999999999999851,-0.41000000000000014,7.139999999999986,-0.21999999999999886,-0.08000000000000185,-0.11999999999999744,-0.48999999999999844,-0.03999999999999915,-0.049999999999998934,-0.3999999999999986,-1.2199999999999989,0.46000000000000085,-2.200000000000003,-3.1200000000000045,1.9099999999999966,-0.03000000000000025,0.4799999999999969,-0.049999999999998934,-4.509999999999991,-0.9100000000000001,-0.3000000000000007,-0.8999999999999986,-0.05000000000000071,-0.5600000000000023,-1.4200000000000017,-5.389999999999986,-0.07000000000000028,-1.1400000000000006,0.3399999999999963,-0.40000000000000213,0.629999999999999,-0.5399999999999991,0.3400000000000034,-1.2299999999999969,0.0,0.9299999999999997,-0.5800000000000125,-4.889999999999986,6.559999999999988,0.370000000000001,-4.310000000000002,0.8799999999999955,1.2800000000000011,-5.3700000000000045,-2.6200000000000045,0.4799999999999969,-1.7199999999999989,0.10000000000000142,-2.519999999999996,0.11000000000000121,-0.020000000000003126,-0.15000000000000036,-0.02999999999999936,-0.08000000000000007,0.0,-0.0,-0.009999999999999787,0.0600000000000005,0.10999999999999943,-0.0,-0.03000000000000025,-0.6099999999999994,0.3000000000000007,0.519999999999996,-0.09999999999999964,-0.1999999999999993,0.019999999999999574,-0.1800000000000015,0.12000000000000455,-0.040000000000000924,0.009999999999999787,-1.0599999999999987,-0.0,0.01999999999999602,-0.3200000000000003,0.0600000000000005,-0.7399999999999984,0.129999999999999,-0.08999999999999986,-0.10999999999999943,0.21000000000000085,-0.07000000000000028,-0.9899999999999949,0.26000000000000156,-0.6500000000000004,-0.25,-0.019999999999999574,-0.1700000000000017,-0.0799999999999983,-1.4499999999999886,-1.2100000000000009,-0.16000000000000014,0.3000000000000007,-0.009999999999999787,-5.990000000000009,0.14000000000000057,-1.3399999999999999,-2.490000000000002,-0.23000000000000043,0.009999999999999787,0.10999999999999943,-0.1499999999999999,0.6000000000000014,-0.0400000000000027,1.0799999999999983,-0.870000000000001,-0.16999999999999993,-1.0200000000000031,-0.16000000000000014,-5.359999999999999,0.040000000000000036,0.33000000000000185,-3.9299999999999784,-0.129999999999999,0.14999999999999858,0.07000000000000028,-0.27000000000000135,-0.1700000000000017,0.03999999999999915,0.35999999999999943,-0.019999999999999574,-0.09999999999999964,-0.049999999999998934,0.39000000000000057,0.3200000000000003,-0.6199999999999903,-0.0799999999999983,-0.2900000000000027,-0.07000000000000028,-0.020000000000000462,0.07000000000000028,0.41999999999999815,0.259999999999998,-0.07000000000000028,-2.1700000000000017,0.7000000000000028,-0.5499999999999972,-0.040000000000000036,-0.03999999999999915,0.5700000000000003,-0.6600000000000001,0.07000000000000028,-0.0699999999999994,-0.09999999999999964,-0.6499999999999986,1.0299999999999976,-0.07000000000000028,-0.21999999999999886,0.0,-0.03000000000000025,1.259999999999998,-0.1899999999999995,0.0699999999999994,-0.740000000000002,-0.9699999999999989,-0.08000000000000007,-0.03000000000000025,0.0600000000000005,-0.15000000000000036,1.1600000000000037,-0.16000000000000014,-0.7699999999999996,-0.0,-0.9500000000000028,-0.28999999999999915,0.08000000000000007,0.010000000000000675,-0.08000000000000007,0.16000000000000014,-3.280000000000001,-1.5100000000000016,-0.14000000000000057,0.03000000000000025,-0.10999999999999943,0.0400000000000027,0.5700000000000216,0.0,-0.4900000000000002,-0.05000000000000071,-0.04999999999999982,0.11999999999999922,0.019999999999999574,1.4800000000000004,0.0,-0.0600000000000005,0.14000000000000057,0.120000000000001,-0.03999999999999915,-0.25,0.25,0.39000000000000057,0.08000000000000007,-0.020000000000000018,0.370000000000001,0.10999999999999943,-0.07000000000000028,-0.020000000000000462,-0.03000000000000025,-0.21000000000000085,0.0600000000000005,0.37999999999999545,-0.6899999999999977,-1.1099999999999994,-0.5700000000000003,0.28999999999999915,0.5,-0.18999999999999773,-1.3100000000000023,0.1700000000000017,-0.6300000000000097,-0.4299999999999997,-2.4499999999999957,-0.28000000000000114,-4.200000000000003,-0.129999999999999,-2.4399999999999977,-0.019999999999999574,1.4599999999999937,-1.4699999999999989,0.5999999999999943,1.1899999999999977,-1.059999999999988,-3.9099999999999966,0.00999999999999801,-6.060000000000002,0.029999999999997584,-0.6600000000000037,0.14999999999999858,18.139999999999986,3.1200000000000045,0.16000000000000014,-0.75,-0.3299999999999983,-0.3100000000000023,-0.5,0.2400000000000091
2024-11-07,-0.35999999999999943,-0.39000000000000057,0.5400000000000027,-0.21999999999999975,0.020000000000000462,0.16999999999999993,-0.33000000000000007,0.10999999999999943,-0.9299999999999926,-0.5099999999999998,0.2699999999999996,-0.29999999999999893,-2.3500000000000014,-13.98999999999998,-19.560000000000002,0.3000000000000007,-0.010000000000001563,-1.4199999999999946,-6.8700000000000045,-0.33999999999999986,-0.08999999999999986,0.5899999999999963,-1.3200000000000003,-1.009999999999998,0.8599999999999959,0.020000000000003126,0.2400000000000002,-10.990000000000009,-0.2699999999999996,-0.40000000000000036,-0.7399999999999984,-0.129999999999999,1.2899999999999991,0.6099999999999994,-0.21000000000000085,-2.6799999999999997,-0.7199999999999989,0.27999999999999936,-0.370000000000001,-0.39000000000000057,-0.13000000000000078,0.5900000000000034,0.4799999999999969,0.3000000000000007,-0.08000000000000007,-0.6900000000000013,0.25,1.370000000000001,-0.08000000000000007,0.9100000000000037,0.21000000000000085,0.4299999999999997,-0.21999999999999975,0.3200000000000003,-6.040000000000006,-1.6799999999999997,0.9099999999999966,-21.079999999999984,-0.4900000000000002,0.5799999999999983,-0.029999999999997584,0.0800000000000054,0.28999999999999915,-0.3999999999999986,-0.23000000000000043,0.05999999999999872,1.419999999999959,0.3500000000000014,-0.610000000000003,0.25,0.33999999999999986,-1.3300000000000054,-0.7799999999999994,-2.3200000000000003,0.20000000000000284,-1.2100000000000009,1.8199999999999932,-5.069999999999993,-0.7000000000000028,-0.0600000000000005,1.0700000000000003,-1.3499999999999996,54.60000000000002,-3.5599999999999987,-1.3000000000000007,-2.490000000000002,-0.5500000000000007,1.9500000000000028,3.3299999999999983,-2.180000000000007,0.3500000000000014,0.5800000000000125,0.09000000000000341,0.6999999999999993,0.14000000000000057,-0.8200000000000003,2.3700000000000045,1.3699999999999974,-0.6499999999999986,0.7100000000000009,2.489999999999995,6.300000000000011,-2.1700000000000017,0.6900000000000013,-6.589999999999975,-0.9000000000000057,3.3800000000000097,-17.0,0.6999999999999957,-2.4199999999999946,-0.3400000000000034,-3.460000000000001,1.289999999999992,0.33000000000000007,-1.0500000000000043,-0.03000000000000025,-0.10999999999999943,-0.16000000000000014,-0.08999999999999986,-0.08000000000000007,-0.16000000000000014,0.14000000000000057,0.06999999999999851,0.09999999999999964,-0.15000000000000036,3.1099999999999994,0.3000000000000007,-1.009999999999998,-0.3200000000000003,-0.3100000000000005,-0.1200000000000001,-0.41000000000000014,-1.3399999999999963,-0.17999999999999972,-0.28000000000000114,-0.03999999999999915,-0.10000000000000009,-4.229999999999997,0.45000000000000284,0.35999999999999943,0.3099999999999987,-0.3899999999999988,-0.4499999999999993,0.11000000000000032,-0.8999999999999986,-1.25,-1.6599999999999966,-0.7899999999999991,0.5199999999999996,0.1700000000000017,-0.17999999999999972,0.43000000000000327,-0.35999999999999943,-13.600000000000023,-0.41000000000000014,0.10999999999999943,0.4299999999999997,0.14000000000000012,-78.1400000000001,0.7399999999999984,2.110000000000003,0.269999999999996,-0.879999999999999,-0.47000000000000064,-5.989999999999995,0.25,-0.3200000000000003,0.13000000000000256,0.5499999999999972,-0.39000000000000057,-0.629999999999999,-0.35999999999999943,-1.3599999999999994,3.479999999999997,-0.02999999999999936,-0.7800000000000011,-19.539999999999992,0.5899999999999999,-0.8599999999999994,0.3099999999999987,0.05000000000000071,-1.3000000000000007,-1.0300000000000011,0.3299999999999983,-0.0699999999999994,-0.33000000000000007,-0.10999999999999943,-0.35999999999999943,-0.19000000000000128,-0.6299999999999955,-0.5399999999999991,0.129999999999999,-1.8099999999999987,-0.08000000000000007,-0.20000000000000107,-0.030000000000001137,-1.8799999999999955,-0.9199999999999982,-2.9399999999999977,0.480000000000004,-2.6400000000000006,-0.16999999999999993,-0.29999999999999893,0.46000000000000085,0.7699999999999996,-0.5800000000000018,-0.09999999999999964,-0.3800000000000008,1.0500000000000007,0.34999999999999787,-0.07000000000000028,-0.4900000000000002,0.120000000000001,-0.03000000000000025,-3.3500000000000014,-0.39999999999999947,-0.08999999999999986,-5.140000000000001,-0.27999999999999936,-0.41999999999999993,-0.20999999999999996,-0.0600000000000005,0.2400000000000002,-1.9600000000000009,-0.46999999999999886,0.15000000000000036,-0.09999999999999964,-4.460000000000001,0.4399999999999977,0.10999999999999943,-0.3200000000000003,-0.16000000000000014,-0.9800000000000004,1.490000000000002,-1.4399999999999977,-0.5,-0.1200000000000001,0.16000000000000014,-1.2000000000000028,-0.9399999999999977,-0.4200000000000017,-0.030000000000001137,-0.1200000000000001,-0.06000000000000005,-0.2900000000000009,-0.08999999999999986,0.05999999999999872,-0.08000000000000007,-0.15000000000000036,0.0799999999999983,-0.6600000000000001,-0.9999999999999982,-4.269999999999996,0.13000000000000078,0.21999999999999886,-0.5599999999999987,-0.06000000000000005,0.08000000000000007,0.08000000000000007,0.08000000000000007,-0.03000000000000025,-0.1299999999999999,-2.1099999999999994,-0.1900000000000004,3.489999999999995,-3.789999999999992,1.8200000000000003,-0.03999999999999915,-3.539999999999999,-9.689999999999998,-3.9099999999999966,-3.4599999999999937,2.219999999999999,1.960000000000008,-0.22999999999999687,-0.45999999999999375,-0.370000000000001,-2.3299999999999983,-1.0999999999999979,2.1200000000000045,-0.06999999999999851,-3.0200000000000102,-6.119999999999976,1.9799999999999898,6.689999999999998,-5.839999999999989,-8.560000000000002,0.259999999999998,-12.519999999999982,0.5399999999999991,-3.460000000000001,0.2900000000000009,-20.0,4.820000000000007,1.6999999999999993,-4.6200000000000045,-2.1499999999999986,0.5899999999999963,-0.03999999999999915,5.849999999999994
2024-11-08,-0.1899999999999995,-0.3800000000000008,-0.9299999999999997,-0.20999999999999996,-0.08999999999999986,0.1200000000000001,-0.14000000000000057,-0.09999999999999964,-0.480000000000004,-0.14999999999999858,-0.14000000000000057,-0.2400000000000002,-0.39000000000000057,-2.8899999999999864,-6.659999999999997,-0.2699999999999996,0.22999999999999865,0.00999999999999801,-2.010000000000005,-0.09999999999999964,-0.03000000000000025,-0.8900000000000006,-0.8000000000000007,-0.48999999999999844,-0.8399999999999963,-0.14000000000000057,-0.11000000000000121,-5.77000000000001,-0.14000000000000057,-0.40000000000000036,-0.23999999999999844,-1.120000000000001,0.0,-4.700000000000003,0.03999999999999915,-0.030000000000001137,-0.34999999999999787,-0.6699999999999999,-0.26000000000000156,-0.05000000000000071,0.16000000000000014,-0.710000000000008,0.0,0.03999999999999915,-0.009999999999999787,-0.6000000000000014,0.22999999999999687,0.22000000000000242,0.16000000000000014,0.5,0.060000000000002274,0.0400000000000027,-0.009999999999999787,-0.5700000000000003,-2.1000000000000085,-0.5200000000000031,0.17999999999999972,-21.75999999999999,0.019999999999999574,0.22999999999999687,0.18999999999999773,0.13000000000000256,-0.28999999999999915,-0.6300000000000026,-0.02999999999999936,0.6000000000000014,3.8799999999999955,0.38000000000000256,-0.010000000000001563,0.5200000000000031,-0.990000000000002,-0.990000000000002,-0.16000000000000014,1.1000000000000014,2.200000000000003,-0.20000000000000284,-0.8700000000000045,-1.9799999999999898,-0.4099999999999966,0.020000000000000462,-0.8799999999999955,-0.4299999999999997,-23.810000000000002,-1.7600000000000016,0.07000000000000028,-0.14000000000000057,0.11000000000000121,2.010000000000005,-3.440000000000012,2.8700000000000045,-0.5,-1.3500000000000085,0.75,0.08999999999999986,0.2699999999999996,-0.17999999999999972,0.6500000000000057,-0.6600000000000037,-0.3299999999999983,-1.2800000000000011,0.480000000000004,5.300000000000011,1.3799999999999955,-0.379999999999999,-3.019999999999982,0.12999999999999545,1.9200000000000017,-7.5,0.6599999999999966,-0.5300000000000011,-0.18999999999999773,-0.490000000000002,-20.77000000000001,-0.21999999999999886,-0.240000000000002,-0.07000000000000028,-0.02999999999999936,-0.1299999999999999,-0.029999999999999805,0.08000000000000007,-0.1200000000000001,0.0600000000000005,-0.009999999999999787,-0.04999999999999982,-0.07000000000000028,-0.6900000000000048,0.33999999999999986,0.7700000000000031,-0.20999999999999996,-0.47000000000000064,0.09999999999999964,-0.2699999999999996,-0.509999999999998,-0.08999999999999986,0.13000000000000078,-0.7800000000000011,-0.020000000000000462,-0.9899999999999949,0.5800000000000054,-0.1899999999999995,-0.0799999999999983,-0.00999999999999801,0.08999999999999986,0.1299999999999999,-0.11999999999999744,0.5,-2.010000000000005,-0.23000000000000043,-0.03999999999999915,0.129999999999999,-0.21000000000000085,-0.03999999999999915,-0.14000000000000057,-2.1000000000000227,0.5899999999999999,-0.490000000000002,0.370000000000001,-0.04999999999999982,-39.17000000000007,-0.28000000000000114,-0.9400000000000013,0.21999999999999886,-0.5799999999999983,-0.27999999999999936,-2.039999999999992,0.1200000000000001,-0.6199999999999974,-0.07000000000000028,-0.07000000000000028,-1.2799999999999994,-0.379999999999999,-1.6199999999999974,-0.48999999999999844,-5.549999999999997,0.009999999999999787,0.28999999999999915,-7.300000000000011,-0.3699999999999992,-1.0199999999999996,-0.07000000000000028,0.15000000000000036,-0.07000000000000028,-1.4699999999999989,-0.2099999999999973,-0.009999999999999787,-0.16000000000000014,-0.129999999999999,-0.10999999999999943,-0.3500000000000014,0.04999999999999716,-0.22000000000000064,-0.23000000000000043,-0.8399999999999999,-0.040000000000000036,-0.13000000000000078,0.05000000000000071,-1.1099999999999994,-0.7099999999999973,-1.5899999999999999,0.6200000000000045,-0.8900000000000006,-0.03000000000000025,0.25,-1.3399999999999999,-1.0699999999999985,-0.21000000000000085,0.09999999999999964,-0.20000000000000107,-0.5300000000000011,-0.1999999999999993,0.03999999999999915,-0.33000000000000007,-0.08000000000000007,0.040000000000000036,-1.720000000000006,-0.20000000000000018,0.07000000000000028,-0.7899999999999991,-0.4299999999999997,-0.21999999999999975,-0.14000000000000057,-0.040000000000000036,-0.019999999999999574,-1.1299999999999955,-0.1999999999999993,0.08000000000000007,-0.06000000000000005,-0.14999999999999858,-0.09999999999999787,0.05999999999999961,-0.2400000000000002,-0.04999999999999982,-0.6799999999999997,2.8699999999999974,2.0400000000000027,-0.040000000000000924,-0.0600000000000005,0.22000000000000064,-0.5899999999999999,-1.299999999999983,-0.39000000000000057,-0.35999999999999943,-0.04999999999999982,0.04999999999999982,-0.2300000000000022,-0.09999999999999964,0.5200000000000031,-0.07000000000000028,0.040000000000000036,0.259999999999998,0.3099999999999987,-0.4799999999999969,-1.1200000000000045,0.17999999999999972,0.0,-0.07000000000000028,-0.029999999999999805,-0.2400000000000002,0.08000000000000007,-0.009999999999999787,0.05999999999999961,-0.05999999999999961,-1.1799999999999997,-0.1200000000000001,-3.8400000000000034,-0.7199999999999989,-0.6000000000000014,-1.7100000000000009,0.04999999999999716,-0.10000000000000853,-1.6899999999999977,-1.3199999999999932,-1.1099999999999994,0.29000000000000625,0.03999999999999915,0.04999999999999716,0.19000000000000128,-2.4200000000000017,-0.17999999999999972,1.1599999999999966,-0.030000000000001137,-1.309999999999988,-5.509999999999991,-0.25,-9.150000000000006,0.5999999999999943,4.759999999999991,-2.009999999999998,0.18000000000000682,-0.05999999999999872,-0.3100000000000023,0.09999999999999964,45.0,-5.640000000000001,0.33999999999999986,-1.6500000000000057,-0.14000000000000057,-0.22000000000000597,0.29999999999999716,1.5900000000000034
2024-11-11,-0.120000000000001,-0.20999999999999908,-3.280000000000001,-0.08000000000000007,0.10999999999999943,-0.040000000000000036,-0.04999999999999982,0.07000000000000028,-0.980000000000004,0.05999999999999872,-0.10999999999999943,0.030000000000001137,-0.509999999999998,-2.9000000000000057,-3.4000000000000057,-0.14000000000000057,-1.4100000000000001,-0.5,1.2900000000000063,-0.2699999999999996,-0.03000000000000025,-2.740000000000002,-0.4599999999999973,-0.060000000000002274,1.1400000000000006,-0.08999999999999986,-0.23000000000000043,-1.6500000000000057,-0.08000000000000007,-0.1299999999999999,-0.17999999999999972,-2.379999999999999,0.4799999999999969,-3.009999999999998,-0.07000000000000028,0.259999999999998,-0.7300000000000004,-0.1999999999999993,0.41000000000000014,0.16999999999999815,0.08999999999999986,-6.819999999999993,-2.400000000000002,-1.1799999999999997,-0.5800000000000001,0.3099999999999987,-0.75,-0.33999999999999986,-0.07000000000000028,-3.1499999999999986,-0.9000000000000021,-1.3599999999999994,0.009999999999999787,-0.17999999999999972,-1.8999999999999915,0.09999999999999432,-0.5300000000000011,-38.94,0.5199999999999996,-1.2800000000000011,0.41000000000000014,-3.6000000000000014,-2.8500000000000014,-0.4000000000000057,0.009999999999999787,-1.0,-1.3900000000000432,0.2699999999999996,0.08999999999999986,0.11000000000000298,-2.1999999999999993,-0.2700000000000031,-0.08000000000000007,-3.789999999999999,-3.5,-0.9200000000000017,-7.480000000000004,-5.210000000000008,0.05000000000000426,-0.05999999999999961,-3.469999999999999,0.19000000000000128,-2.0,0.46000000000000085,0.8500000000000014,1.8799999999999955,-0.7800000000000011,-3.7900000000000063,1.2199999999999989,2.6899999999999977,-3.490000000000002,-2.430000000000007,-1.019999999999996,-1.1099999999999994,-0.8199999999999967,-4.07,4.040000000000006,-2.8499999999999943,-0.22000000000000242,1.6099999999999994,-3.6500000000000057,-10.0,-14.170000000000002,-1.0,-1.7199999999999704,-3.219999999999999,3.3299999999999983,-1.1500000000000057,-2.719999999999999,-0.6499999999999986,0.45000000000000284,-0.3500000000000014,-24.919999999999987,0.33999999999999986,0.060000000000002274,-0.040000000000000036,0.02999999999999936,-0.03000000000000025,0.0,-0.03000000000000025,-0.1200000000000001,0.08999999999999986,-0.06999999999999851,-0.09999999999999964,0.14999999999999947,0.0,0.0799999999999983,-0.46999999999999886,0.009999999999999787,-0.2699999999999996,0.02999999999999936,-0.0600000000000005,0.25,0.08999999999999986,-0.40000000000000036,0.0,-0.02999999999999936,-0.09000000000000341,0.14000000000000057,0.19000000000000128,-0.5399999999999991,-0.4900000000000002,0.019999999999999574,-0.07000000000000028,0.33000000000000185,-0.07000000000000028,-0.6899999999999977,-0.19000000000000128,-0.10999999999999943,-0.11000000000000298,0.33000000000000007,-0.28000000000000114,0.5599999999999987,-2.5,0.14000000000000057,-1.6899999999999977,0.2699999999999996,-0.16000000000000014,-11.960000000000036,-0.34999999999999787,2.7699999999999996,-2.9399999999999977,-0.5600000000000023,1.2599999999999998,1.559999999999988,-0.1299999999999999,0.030000000000001137,-0.2900000000000027,-0.6899999999999977,1.4100000000000001,0.120000000000001,-4.539999999999999,-0.10999999999999943,-1.1899999999999977,0.009999999999999787,0.17999999999999972,-0.09999999999999432,-0.08999999999999986,-0.9500000000000028,0.10000000000000142,-0.0600000000000005,-0.11999999999999744,-0.22999999999999687,-0.14000000000000057,-0.03000000000000025,-0.03000000000000025,0.25,-0.120000000000001,0.28999999999999915,-0.769999999999996,-0.08999999999999986,0.4499999999999993,-0.010000000000001563,-0.05999999999999961,-0.08000000000000007,-0.7899999999999991,1.0999999999999943,0.35999999999999943,-0.41000000000000014,-0.8099999999999952,-3.0,-0.16000000000000014,0.019999999999999574,1.0300000000000011,-0.13000000000000078,-0.3200000000000003,-0.11000000000000032,-0.08000000000000007,-0.08999999999999986,0.6999999999999993,-0.17000000000000082,-0.009999999999999787,-0.2699999999999996,0.0699999999999994,-0.7199999999999989,-0.10999999999999943,-0.10999999999999943,-0.5900000000000034,-0.870000000000001,-0.040000000000000036,-0.05999999999999961,0.07000000000000028,-0.10999999999999943,-1.1200000000000045,-0.5299999999999976,-0.019999999999999574,-0.029999999999999805,-1.5600000000000023,-1.3499999999999979,0.08999999999999986,-0.10999999999999943,-0.020000000000000462,-0.1700000000000017,5.270000000000003,2.2399999999999984,-0.1999999999999993,0.009999999999999787,-0.16999999999999993,0.029999999999997584,-6.159999999999997,-0.1899999999999995,-0.129999999999999,-0.08000000000000007,0.0,-0.14999999999999858,0.16000000000000014,-0.35999999999999943,-0.03999999999999959,0.07000000000000028,0.259999999999998,-0.009999999999999787,0.03999999999999915,-1.3699999999999903,-0.22000000000000064,0.5799999999999983,-0.14999999999999858,-0.03000000000000025,-0.17999999999999972,0.09999999999999964,-0.16999999999999993,-0.05000000000000071,-0.020000000000000462,0.18999999999999773,0.15000000000000036,-7.939999999999998,0.21000000000000796,1.3100000000000023,1.0300000000000011,-1.3999999999999986,6.349999999999994,0.0,1.1899999999999977,0.5399999999999991,-4.3500000000000085,-1.8999999999999986,0.9600000000000009,-0.8300000000000018,2.1899999999999977,-0.28999999999999915,-3.6599999999999966,0.17999999999999972,1.7399999999999949,1.2299999999999898,-7.480000000000004,-28.0,-2.3700000000000045,-2.0600000000000023,-3.3700000000000045,-14.579999999999984,-2.039999999999999,-0.20000000000000284,-0.120000000000001,-0.4900000000000091,-6.180000000000007,-0.23000000000000043,1.5400000000000063,-3.8100000000000023,-1.7399999999999949,0.19000000000000128,4.680000000000007
2024-11-12,0.0600000000000005,-0.11000000000000121,1.2600000000000051,-0.040000000000000036,-0.14999999999999947,-0.10999999999999943,-0.1200000000000001,-0.20999999999999908,-0.7900000000000063,0.17999999999999972,0.09999999999999787,-0.15000000000000036,-0.14999999999999858,-1.4000000000000057,-1.3400000000000034,0.2400000000000002,0.10000000000000142,0.04999999999999716,-3.1599999999999966,-0.08999999999999986,0.1200000000000001,-1.8400000000000034,1.0800000000000018,-0.259999999999998,-0.3200000000000003,-0.25,-0.08000000000000007,-0.5199999999999818,-0.02000000000000135,-0.02999999999999936,-0.129999999999999,-1.7199999999999989,-0.7899999999999991,1.1600000000000037,-0.0,-1.1000000000000014,-0.5400000000000027,-0.07000000000000028,0.10000000000000142,-0.08000000000000185,0.16999999999999993,-3.0900000000000034,-0.5700000000000003,-0.23000000000000043,-0.07000000000000028,0.4200000000000017,1.8799999999999955,-0.48999999999999844,0.17999999999999972,-2.0700000000000003,-0.360000000000003,-1.6799999999999997,-0.0,-0.0600000000000005,-0.7199999999999989,0.6500000000000057,-0.259999999999998,-18.879999999999995,-0.0600000000000005,-0.7100000000000009,0.7199999999999989,-2.3500000000000014,-0.9699999999999989,-0.8399999999999963,-0.009999999999999787,-0.509999999999998,-1.5199999999999818,-0.08000000000000185,-0.28000000000000114,0.3000000000000007,1.1300000000000026,0.3200000000000003,-0.34999999999999964,-1.4199999999999946,-1.4500000000000028,-0.7100000000000009,-2.3599999999999994,-3.740000000000009,-0.46999999999999886,0.0600000000000005,1.2399999999999949,-0.5299999999999976,-16.97999999999996,0.34999999999999787,-1.4699999999999989,2.4099999999999966,-0.28999999999999915,-3.2299999999999898,-0.9299999999999926,-2.5999999999999943,-1.6900000000000048,0.5700000000000074,-0.6499999999999986,-0.8999999999999986,-0.870000000000001,-1.5399999999999991,-2.280000000000001,-2.3499999999999943,0.11999999999999744,-1.4200000000000017,-2.990000000000009,-5.519999999999982,-1.0999999999999943,0.14000000000000057,-4.6299999999999955,-2.460000000000008,1.6200000000000045,3.5600000000000023,-1.8599999999999994,-0.4799999999999969,0.5,-0.37999999999999545,-0.549999999999983,-0.0600000000000005,0.240000000000002,-0.0900000000000003,0.0699999999999994,0.040000000000000036,0.040000000000000036,0.05999999999999961,-0.09999999999999964,0.13999999999999968,0.14000000000000057,-0.05000000000000071,-0.03000000000000025,-0.9500000000000028,-0.3299999999999983,0.7399999999999949,-0.15000000000000036,-0.08999999999999986,0.1299999999999999,0.25,0.3999999999999986,0.03999999999999915,-1.3800000000000008,-0.6699999999999982,-0.050000000000000266,-1.0900000000000034,0.9200000000000017,-0.049999999999998934,-0.379999999999999,0.049999999999998934,-0.3000000000000007,-0.07000000000000028,-0.17999999999999972,0.14000000000000057,0.37000000000000455,-0.2699999999999996,-0.0600000000000005,0.46999999999999886,-0.41000000000000014,0.7800000000000011,-0.129999999999999,0.7299999999999898,-0.6000000000000014,-1.2199999999999989,-0.2400000000000002,0.009999999999999787,20.809999999999945,0.4499999999999993,0.10000000000000142,-0.44999999999999574,0.1999999999999993,0.3699999999999992,-0.9799999999999898,-0.020000000000000018,-0.0,0.16000000000000014,-0.4299999999999997,-0.8099999999999987,-0.4200000000000017,-0.8299999999999983,-0.18999999999999773,-4.670000000000002,-0.04999999999999982,0.1999999999999993,-4.0,0.21000000000000085,-0.620000000000001,-0.0,0.009999999999999787,-0.21000000000000085,1.8200000000000003,0.5100000000000016,0.04999999999999982,-0.14999999999999947,-0.040000000000000924,0.2599999999999998,-0.3099999999999987,1.190000000000012,-0.33999999999999986,0.41000000000000014,-0.4799999999999969,0.040000000000000036,0.009999999999999787,-0.08000000000000185,-0.4000000000000057,-0.5100000000000016,-0.8200000000000003,0.47000000000000597,-0.5899999999999963,-0.05999999999999961,0.16999999999999993,-1.2900000000000027,0.25,-0.25,-0.009999999999999787,-0.08000000000000007,-0.4599999999999973,-0.33999999999999986,0.08000000000000007,0.20000000000000107,-0.5,-0.040000000000000036,1.3900000000000006,0.22000000000000064,0.03000000000000025,2.5600000000000023,-0.4200000000000017,0.1800000000000006,-0.10000000000000053,-0.040000000000000036,0.33000000000000007,-1.1899999999999977,-0.8100000000000023,0.120000000000001,-0.06000000000000005,-1.8699999999999974,-0.2699999999999996,-0.04999999999999982,-0.10000000000000053,0.05999999999999961,0.2099999999999973,0.6400000000000006,-1.0399999999999991,-0.07000000000000028,0.15999999999999925,0.21999999999999886,-0.4399999999999977,0.17000000000001592,-0.26000000000000156,-0.22000000000000064,0.08000000000000007,0.040000000000000036,0.19000000000000128,-0.08999999999999986,-0.370000000000001,0.010000000000000231,-0.07000000000000028,0.14999999999999858,0.28000000000000114,-0.5600000000000005,-0.23000000000000398,0.1899999999999995,-0.5300000000000011,-0.2900000000000009,-0.020000000000000018,-0.16999999999999993,-0.05000000000000071,0.16000000000000014,-0.019999999999999574,0.1200000000000001,0.8200000000000003,-0.04999999999999982,3.4799999999999898,-1.2900000000000063,-0.8699999999999974,0.0,-0.490000000000002,1.8700000000000045,0.21000000000000085,0.21999999999999886,2.1899999999999977,-0.7700000000000102,0.3299999999999983,0.060000000000002274,-0.41000000000000014,-3.6299999999999955,-0.1999999999999993,-2.280000000000001,0.2400000000000002,-1.8799999999999955,-1.1300000000000239,-3.7099999999999937,1.1500000000000057,-2.009999999999991,-9.640000000000015,-1.5200000000000031,-12.810000000000002,-0.8299999999999983,2.239999999999995,-0.05000000000000071,-7.519999999999982,-2.5999999999999943,0.08999999999999986,-0.769999999999996,-0.8200000000000003,-0.5700000000000003,-0.6700000000000017,-3.8700000000000045
2024-11-13,0.07000000000000028,-0.11999999999999922,0.6400000000000006,-0.06000000000000005,-0.08000000000000007,0.019999999999999574,0.010000000000000675,0.08999999999999986,1.0100000000000051,-0.11999999999999922,0.21999999999999886,-0.009999999999999787,-0.07000000000000028,-0.8100000000000023,0.14000000000001478,-0.05000000000000071,-0.379999999999999,0.21999999999999886,-1.7900000000000063,0.08000000000000007,0.009999999999999787,-0.6699999999999946,-0.03999999999999915,0.029999999999997584,0.16000000000000014,0.3200000000000003,-0.08000000000000007,-0.36000000000001364,-0.08999999999999986,0.009999999999999787,-0.019999999999999574,0.05999999999999872,0.030000000000001137,1.1299999999999955,0.0,-0.5800000000000054,-0.13999999999999702,-0.07000000000000028,-0.129999999999999,-0.16000000000000014,0.14999999999999947,-0.23999999999999488,-1.4299999999999997,-0.129999999999999,-0.08000000000000007,0.14999999999999858,0.28000000000000114,-0.4800000000000004,0.05000000000000071,-4.93,0.240000000000002,-0.07000000000000028,0.010000000000000675,-0.15000000000000036,0.0899999999999892,0.13000000000000256,0.39000000000000057,0.18999999999999773,0.08000000000000007,0.25,0.10000000000000142,2.529999999999994,1.0300000000000011,0.05000000000000426,0.1899999999999995,-0.509999999999998,-0.2400000000000091,-0.23000000000000043,0.03999999999999915,0.019999999999999574,0.5400000000000027,-0.14000000000000057,-0.05000000000000071,0.3299999999999983,-2.6700000000000017,-2.3699999999999974,2.0,-1.6699999999999875,0.9100000000000037,-0.07000000000000028,0.4899999999999949,-0.4299999999999997,-0.7799999999999727,-0.1700000000000017,-0.35999999999999943,-0.21999999999999886,0.120000000000001,-3.510000000000005,2.030000000000001,-8.800000000000011,-2.3300000000000054,-0.3400000000000034,-0.5399999999999991,-0.9199999999999982,-0.6899999999999977,-0.3999999999999986,0.9899999999999949,0.769999999999996,-0.08999999999999986,0.4200000000000017,1.0300000000000011,8.980000000000018,-5.319999999999993,-0.8300000000000018,-0.4300000000000068,1.7099999999999937,-0.5699999999999932,-0.29999999999998295,-0.23000000000000398,-1.6899999999999977,0.060000000000002274,-0.13000000000000256,-6.27000000000001,-0.02999999999999936,0.05999999999999517,0.0,0.02999999999999936,0.04999999999999982,-0.0900000000000003,-0.04999999999999982,0.019999999999999574,0.040000000000000036,-0.2400000000000002,0.0600000000000005,0.0,-1.009999999999998,0.28000000000000114,0.22999999999999687,0.040000000000000036,-0.1899999999999995,-0.3700000000000001,0.0600000000000005,-0.0799999999999983,-0.08999999999999986,1.5199999999999996,0.39000000000000057,0.010000000000000231,0.6500000000000057,-2.0700000000000003,0.09999999999999964,-0.10999999999999943,-0.03999999999999915,-0.08999999999999986,0.0,0.05000000000000071,0.060000000000002274,-0.5900000000000034,0.15000000000000213,0.05000000000000071,0.010000000000001563,-0.040000000000000924,0.6600000000000001,-0.26000000000000156,-0.25,-0.1700000000000017,-0.269999999999996,0.11000000000000121,-0.07000000000000028,1.2999999999999545,0.41999999999999815,-1.5300000000000011,-1.759999999999998,-0.09999999999999787,0.5399999999999991,-0.20000000000000284,-0.04999999999999982,0.3100000000000023,0.28000000000000114,-0.7100000000000009,0.16000000000000014,-0.8999999999999986,-0.75,0.4299999999999997,-0.38000000000000256,0.0,-0.28000000000000114,1.0300000000000011,0.030000000000001137,0.129999999999999,0.0,-0.2599999999999998,0.21000000000000085,-0.07000000000000028,0.4200000000000017,0.009999999999999787,0.009999999999999787,0.13000000000000078,-0.3000000000000007,-0.34999999999999787,-4.180000000000007,0.09999999999999964,0.14000000000000057,0.0,-0.09999999999999964,-0.120000000000001,-0.020000000000003126,-0.46999999999999886,0.1999999999999993,-0.05999999999999872,-0.46000000000000085,-0.5,0.07000000000000028,-0.3100000000000005,-0.75,-0.10999999999999943,0.019999999999999574,0.0,0.0600000000000005,0.05999999999999872,-0.46999999999999886,0.0,-0.009999999999999787,-0.09999999999999964,0.009999999999999787,0.17999999999999972,0.10000000000000053,0.009999999999999787,-0.11999999999999744,0.22000000000000064,-0.02999999999999936,-0.08000000000000007,-0.040000000000000036,0.03999999999999915,0.240000000000002,-0.23000000000000043,-0.14000000000000057,0.03000000000000025,-0.3300000000000054,-0.04999999999999716,0.040000000000000036,0.040000000000000036,0.03000000000000025,-0.11000000000000298,3.8500000000000014,2.5700000000000003,-0.019999999999999574,-0.33999999999999986,0.1399999999999988,0.00999999999999801,0.9799999999999898,-0.11000000000000121,0.11000000000000121,0.0600000000000005,0.020000000000000018,0.2400000000000002,-0.07000000000000028,-0.3099999999999987,0.010000000000000231,0.07000000000000028,-0.030000000000001137,0.07000000000000028,-0.45000000000000107,-0.04000000000000625,0.15000000000000036,0.019999999999999574,0.009999999999999787,0.020000000000000018,0.09999999999999964,0.020000000000000462,-0.2599999999999998,0.03000000000000025,-0.16000000000000014,-1.980000000000004,0.05999999999999961,-1.2000000000000028,0.1700000000000017,-1.7399999999999949,-0.509999999999998,0.17999999999999972,0.46999999999999886,0.3399999999999963,0.46999999999999886,-0.8200000000000003,-1.6899999999999977,-0.4400000000000013,-0.44999999999999574,0.16000000000000014,-1.7800000000000011,0.07000000000000028,-0.5499999999999972,-0.009999999999999787,1.559999999999988,-1.1000000000000227,0.9899999999999949,-3.8000000000000114,0.3299999999999983,2.0999999999999943,-0.28000000000000114,-28.910000000000025,0.14999999999999858,-0.3200000000000003,0.02999999999999936,-51.00999999999999,0.9499999999999886,0.21999999999999886,-1.0300000000000011,-0.6099999999999994,-0.46000000000000085,0.5699999999999967,-1.9699999999999989
2024-11-14,0.07000000000000028,0.120000000000001,-2.229999999999997,-0.07999999999999963,-0.1900000000000004,-0.1299999999999999,0.03000000000000025,-0.8900000000000006,0.23999999999999488,-0.3600000000000012,1.1600000000000001,0.11000000000000032,-0.7299999999999969,1.2799999999999727,4.939999999999998,0.11999999999999922,-0.5500000000000007,0.20000000000000284,-3.759999999999991,0.4599999999999991,0.14999999999999947,-1.6600000000000037,0.9700000000000024,-0.21999999999999886,0.3299999999999983,1.0800000000000018,0.3200000000000003,0.44999999999998863,-0.21000000000000085,-0.07000000000000028,-0.4400000000000013,-1.5199999999999996,-1.0700000000000003,-4.609999999999999,0.1999999999999993,-0.6699999999999946,-0.2900000000000027,0.4499999999999993,-0.33000000000000185,-0.4499999999999993,0.08999999999999986,-3.450000000000003,-0.39000000000000057,0.6900000000000013,-0.7200000000000006,-0.120000000000001,2.230000000000004,-1.2399999999999984,0.2699999999999996,-1.5200000000000031,-0.5899999999999999,-0.46000000000000085,-0.1900000000000004,0.1999999999999993,-0.6400000000000006,1.0600000000000023,-1.0399999999999991,18.689999999999998,0.370000000000001,-0.7900000000000027,-0.33000000000000185,-2.8699999999999974,-2.8699999999999974,-1.490000000000002,-0.1399999999999988,-0.6499999999999986,-5.819999999999993,0.2699999999999996,-0.6000000000000014,-0.370000000000001,-1.3100000000000023,1.0499999999999972,-0.16999999999999993,-1.3299999999999983,-2.8599999999999994,0.28999999999999915,-5.570000000000007,4.199999999999989,-1.2000000000000028,-0.05999999999999961,-2.6400000000000006,-0.7699999999999996,-0.040000000000020464,-0.7699999999999996,-1.6500000000000021,-2.0799999999999983,-0.8200000000000003,-5.390000000000001,0.37999999999999545,-7.490000000000009,-1.4400000000000048,-2.780000000000001,-0.8400000000000034,-1.3200000000000003,-0.610000000000003,-1.0300000000000011,-2.950000000000003,-2.9499999999999957,0.5600000000000023,1.0200000000000031,-4.489999999999995,-7.0,-7.449999999999989,-1.139999999999997,-10.089999999999975,1.1099999999999994,-5.180000000000007,-7.3799999999999955,-2.029999999999994,-2.6200000000000045,-1.3700000000000045,-1.0399999999999991,-10.72999999999999,-0.019999999999999574,-0.3999999999999986,0.10999999999999988,0.09999999999999964,0.04999999999999982,0.029999999999999805,-0.0699999999999994,-0.08000000000000007,0.11000000000000032,-0.019999999999999574,-0.02999999999999936,0.07000000000000028,-0.25,0.030000000000001137,-0.240000000000002,-0.14999999999999947,0.25,0.009999999999999787,0.02999999999999936,-0.46000000000000085,0.10999999999999943,0.010000000000001563,-1.4200000000000017,0.06000000000000005,-1.019999999999996,-1.0799999999999983,-0.21000000000000085,-0.870000000000001,-0.23000000000000043,-0.6300000000000026,-0.0699999999999994,-0.4299999999999997,-0.8999999999999986,1.8400000000000034,-0.620000000000001,0.13000000000000078,0.5899999999999999,-0.3999999999999986,-0.4799999999999969,-0.16000000000000014,3.0600000000000023,-0.9000000000000021,-1.8500000000000014,-0.2400000000000002,-0.03000000000000025,4.7000000000000455,-0.33999999999999986,-1.139999999999997,-1.25,0.11000000000000298,-0.9100000000000001,0.9200000000000017,0.10000000000000009,-0.3400000000000034,-0.17999999999999972,0.3299999999999983,-1.0699999999999985,-1.1799999999999997,2.799999999999997,-0.48999999999999844,-2.6999999999999957,0.040000000000000036,-0.00999999999999801,1.8199999999999932,-0.20000000000000107,-1.0199999999999996,0.45000000000000107,0.05000000000000071,-0.40000000000000213,-1.3999999999999986,0.030000000000001137,0.07999999999999918,-0.10000000000000053,-0.05999999999999872,-0.1999999999999993,-0.3000000000000007,-1.3700000000000045,-0.08000000000000007,0.25,-0.26000000000000156,-0.019999999999999574,-0.0,-0.889999999999997,0.5899999999999963,-0.4499999999999993,0.10999999999999943,0.240000000000002,2.3700000000000045,-0.02999999999999936,-0.009999999999999787,-1.5999999999999979,0.6999999999999993,-0.0400000000000027,0.010000000000000675,-0.17999999999999972,-0.1999999999999993,-0.18999999999999773,0.019999999999999574,-0.15000000000000036,-0.3600000000000012,-0.03000000000000025,0.18999999999999773,-0.019999999999999574,-0.040000000000000036,0.10000000000000142,0.019999999999999574,-0.11000000000000032,-0.08999999999999986,-0.03000000000000025,0.14999999999999947,0.3200000000000003,0.17999999999999972,-0.09999999999999964,-0.03000000000000025,-0.5600000000000023,-0.7800000000000011,-0.0,-0.040000000000000036,0.020000000000000462,-0.17999999999999972,0.19999999999999574,-2.8299999999999983,-0.370000000000001,-0.14000000000000057,-0.08999999999999986,-0.6000000000000014,3.680000000000007,-0.22000000000000064,0.25,0.040000000000000036,0.010000000000000231,-0.13000000000000078,-0.040000000000000924,0.09999999999999787,-0.040000000000000036,0.1800000000000006,-0.5299999999999976,0.16999999999999993,-0.21999999999999886,-2.069999999999993,0.030000000000001137,0.39000000000000057,-0.1899999999999995,0.020000000000000018,0.21999999999999886,-0.04999999999999982,-0.15000000000000036,-0.019999999999999574,-0.14999999999999947,0.36999999999999744,-0.020000000000000462,5.840000000000003,1.1500000000000057,-2.1600000000000037,-2.1499999999999986,-0.8200000000000003,-5.759999999999991,-0.6299999999999955,-1.5,1.9299999999999997,-3.219999999999999,-0.14000000000000057,-1.6300000000000026,-0.5800000000000018,0.6199999999999903,-0.6400000000000006,-4.090000000000003,0.22999999999999954,-5.700000000000003,3.6999999999999886,-3.6899999999999977,7.5,-4.820000000000007,4.809999999999988,2.279999999999994,-10.0,-1.1899999999999977,-1.1099999999999994,-0.28999999999999915,-5.0,-2.469999999999999,2.1799999999999997,-2.75,-2.1100000000000065,-0.6799999999999997,-0.41000000000000014,-2.269999999999996
2024-11-15,0.09999999999999964,-0.23999999999999844,-0.2700000000000031,-0.0900000000000003,-0.009999999999999787,0.16000000000000014,0.21999999999999975,-0.22000000000000064,-1.3900000000000006,-0.370000000000001,-0.370000000000001,0.23000000000000043,-0.5100000000000051,0.5100000000000193,-4.060000000000002,0.4800000000000004,-0.20000000000000107,-0.6000000000000014,-1.6700000000000017,-0.14000000000000057,-0.009999999999999787,-1.3800000000000026,-0.8599999999999994,0.5399999999999991,0.4700000000000024,-0.5199999999999996,-0.05999999999999872,2.200000000000017,0.17999999999999972,-0.20000000000000018,-0.00999999999999801,-0.9899999999999984,-0.480000000000004,-3.1899999999999977,0.0,0.3500000000000014,-0.3299999999999983,-0.41000000000000014,0.4299999999999997,-0.25,-0.040000000000000036,-3.1400000000000006,1.2699999999999996,-0.9000000000000021,-0.5999999999999996,-0.46000000000000085,-0.8399999999999963,1.2200000000000024,0.370000000000001,0.38000000000000256,-0.21999999999999886,-0.9000000000000021,-0.08000000000000007,0.5199999999999996,-0.5099999999999909,0.7299999999999969,1.0799999999999983,26.629999999999995,-0.8299999999999983,-0.23000000000000043,1.2100000000000009,-2.6799999999999997,-2.1499999999999986,-0.8000000000000043,-0.07000000000000028,-0.28000000000000114,4.75,-0.25,-0.259999999999998,-0.2699999999999996,-0.5599999999999987,-0.9699999999999989,0.4900000000000002,-1.6799999999999997,-2.6599999999999966,0.6000000000000014,-4.259999999999991,5.63000000000001,-0.6899999999999977,-0.08000000000000007,-2.25,-0.5,45.45999999999998,1.7800000000000011,-1.3499999999999979,1.3200000000000003,-0.3000000000000007,-4.909999999999997,-3.5500000000000114,-8.310000000000002,-2.309999999999995,2.4299999999999926,0.7299999999999969,0.07000000000000028,0.6999999999999993,-1.509999999999998,2.0,1.7700000000000031,-0.2799999999999976,-1.3999999999999986,-3.1500000000000057,-9.439999999999998,-0.25,-1.0300000000000011,-5.920000000000016,-1.7999999999999972,4.539999999999992,10.600000000000023,1.5500000000000043,-0.9600000000000009,-1.0100000000000051,0.8400000000000034,-6.930000000000007,0.11000000000000121,-0.28000000000000114,-0.06000000000000005,-0.08999999999999986,-0.0,0.0,-0.07999999999999918,-0.03000000000000025,-0.009999999999999787,-0.20000000000000107,-0.05000000000000071,-0.20999999999999996,1.5400000000000027,-0.2699999999999996,0.240000000000002,-0.1200000000000001,-0.27000000000000135,-0.33999999999999986,-0.27000000000000046,0.990000000000002,-0.370000000000001,0.5500000000000007,-0.8099999999999987,-0.04999999999999982,-0.29999999999999716,-0.8299999999999983,-0.23999999999999844,-0.40000000000000213,0.009999999999999787,-0.25,-0.03000000000000025,-0.17999999999999972,-0.75,1.0799999999999983,-0.28999999999999915,0.10999999999999943,-0.21000000000000085,0.33000000000000007,0.21000000000000085,-0.48999999999999844,-3.3700000000000045,2.349999999999998,-1.3999999999999986,-0.009999999999999787,0.020000000000000018,14.799999999999955,-0.08999999999999986,1.8399999999999999,-0.09999999999999432,-0.4799999999999969,-0.09999999999999964,-0.3499999999999943,-0.06000000000000005,-0.13000000000000256,-0.16999999999999815,-0.33999999999999986,-0.3200000000000003,0.08000000000000185,2.6700000000000017,0.46000000000000085,-1.6799999999999997,-0.040000000000000036,0.16000000000000014,4.390000000000015,0.39000000000000057,-0.3500000000000014,-0.1899999999999995,-0.02999999999999936,0.3200000000000003,1.8100000000000023,-0.3200000000000003,0.020000000000000462,0.21999999999999975,0.03999999999999915,-0.129999999999999,0.48999999999999844,-1.3700000000000045,-0.47999999999999865,0.29999999999999893,0.7899999999999991,-0.0699999999999994,-0.10000000000000142,0.6700000000000017,-1.019999999999996,-0.7099999999999991,-1.0,-0.5300000000000011,2.6299999999999955,-0.2699999999999996,-0.02999999999999936,-0.9499999999999993,-0.5300000000000011,0.14000000000000057,-0.03000000000000025,0.040000000000000924,0.7000000000000028,-0.08999999999999986,-0.009999999999999787,0.28999999999999915,-0.08999999999999986,-0.009999999999999787,1.2000000000000028,-0.16999999999999993,0.009999999999999787,-1.9600000000000009,1.1500000000000004,-0.16000000000000014,0.05999999999999961,0.020000000000000462,-0.03000000000000025,-0.6400000000000006,-0.48999999999999844,0.5399999999999991,0.06000000000000005,-1.0700000000000003,-1.2199999999999989,-0.05999999999999961,-0.040000000000000036,0.019999999999999574,0.6199999999999974,-2.569999999999993,2.1099999999999994,-0.08000000000000007,-0.14000000000000057,0.129999999999999,-0.7399999999999984,-3.3400000000000034,0.07000000000000028,-0.14999999999999858,-0.1299999999999999,0.009999999999999787,0.05000000000000071,-0.0,0.509999999999998,-0.03000000000000025,-0.009999999999999787,-0.43000000000000327,0.3100000000000005,-0.7699999999999996,1.3700000000000045,-0.16999999999999993,0.009999999999999787,0.2599999999999998,0.009999999999999787,-0.129999999999999,-0.0,-0.0600000000000005,-0.020000000000000462,-0.08000000000000007,-1.7600000000000051,0.0600000000000005,4.329999999999998,-0.4099999999999966,-1.5300000000000011,-0.5900000000000034,0.14999999999999858,-3.4399999999999977,-0.6600000000000037,-1.5900000000000034,-1.8599999999999994,-2.700000000000003,1.5399999999999991,1.1899999999999977,0.8599999999999994,4.760000000000005,-0.5799999999999983,2.6299999999999955,0.019999999999999574,-1.3900000000000006,-0.18000000000000682,-2.969999999999999,22.80000000000001,-1.1000000000000085,-4.799999999999997,2.6400000000000006,-15.120000000000005,-1.2200000000000024,-0.22000000000000597,-0.3100000000000005,-15.319999999999993,-2.8799999999999955,-1.25,-1.7000000000000028,0.6099999999999994,0.0899999999999963,-0.8000000000000007,-1.960000000000008
2024-11-18,-0.3100000000000005,-0.129999999999999,-0.6499999999999986,-0.22999999999999998,-0.1200000000000001,0.02999999999999936,0.0,-0.9700000000000006,-1.2000000000000028,-0.1899999999999995,0.7300000000000004,-0.04999999999999982,-0.020000000000003126,-1.4300000000000068,-3.130000000000024,-0.05999999999999961,-0.3999999999999986,-0.25,-2.6799999999999926,-0.08000000000000007,-0.0,-0.9499999999999957,0.379999999999999,-0.1700000000000017,0.08999999999999986,-0.120000000000001,-0.03999999999999915,-1.9599999999999795,0.05000000000000071,-0.1899999999999995,0.2900000000000027,-0.9600000000000009,-0.44000000000000483,-2.289999999999999,-0.05000000000000071,0.5300000000000011,-0.5899999999999999,0.10999999999999943,0.23999999999999844,0.17999999999999972,0.09999999999999964,-2.519999999999996,-0.3999999999999986,0.11999999999999744,-0.10999999999999943,0.31999999999999673,0.46000000000000085,0.28999999999999915,0.14000000000000057,-4.719999999999999,-0.8599999999999994,-1.8400000000000034,0.019999999999999574,-0.22000000000000064,-1.9200000000000017,-0.3100000000000023,-0.6000000000000014,1.2099999999999795,-0.39000000000000057,0.6799999999999997,0.14000000000000057,-1.1000000000000014,-0.35999999999999943,0.7899999999999991,0.08999999999999986,-1.3000000000000007,-1.3199999999999932,-0.15000000000000213,-0.33999999999999986,0.4400000000000013,-0.5899999999999999,0.18999999999999773,0.0,-0.21000000000000085,0.1700000000000017,4.18,-2.5900000000000034,1.5499999999999972,0.7899999999999991,-0.040000000000000036,1.3200000000000003,-0.1999999999999993,-6.220000000000027,0.1999999999999993,-0.4299999999999997,-1.3200000000000003,0.6199999999999992,0.14000000000000057,4.559999999999988,8.490000000000009,-1.970000000000006,2.3400000000000034,-0.14000000000000057,-0.9299999999999997,-0.629999999999999,-1.2799999999999976,3.6499999999999986,-2.6000000000000014,0.19000000000000128,-1.1899999999999977,3.3900000000000006,-2.6399999999999864,-6.570000000000007,0.9299999999999997,3.0500000000000114,5.260000000000005,-1.7700000000000102,-3.2099999999999795,1.2800000000000011,-0.17999999999999972,1.1899999999999977,0.28999999999999915,-9.070000000000007,-0.2900000000000009,0.10999999999999943,-0.020000000000000018,-0.09999999999999964,-0.3600000000000003,-0.2799999999999998,0.05000000000000071,-0.21999999999999975,-0.019999999999999574,0.07000000000000028,-0.040000000000000036,0.0600000000000005,-0.4599999999999973,0.40000000000000213,-0.0799999999999983,0.009999999999999787,-0.07000000000000028,0.009999999999999787,0.03000000000000025,-0.07000000000000028,-0.08999999999999986,-1.0800000000000018,-0.5100000000000016,0.03000000000000025,-0.45000000000000284,-0.17999999999999972,0.16000000000000014,-0.18999999999999773,-0.08999999999999986,-0.13999999999999702,0.04999999999999982,-0.019999999999999574,-0.5,0.6299999999999955,0.3000000000000007,0.17999999999999972,0.05000000000000071,-0.07000000000000028,0.10999999999999943,-0.05999999999999872,-2.009999999999991,0.18999999999999773,-1.4500000000000028,-0.009999999999999787,-0.1200000000000001,0.0,0.010000000000001563,-0.5199999999999996,-2.4299999999999997,-0.6899999999999977,-0.8699999999999992,-1.4899999999999949,-0.20000000000000018,-0.6799999999999997,-0.18999999999999773,-0.7899999999999991,-0.5399999999999991,-0.389999999999997,-0.25,-0.34999999999999787,1.1099999999999994,-0.0600000000000005,0.04999999999999716,-3.9000000000000057,-0.049999999999998934,0.8399999999999999,0.040000000000000924,-0.2599999999999998,-0.3099999999999987,0.04999999999999716,-0.3200000000000003,-0.04999999999999982,0.04999999999999982,-0.08000000000000007,0.0600000000000005,0.39000000000000057,-0.35999999999999943,-0.08999999999999986,-0.15000000000000036,-0.15000000000000213,-0.020000000000000462,-0.030000000000001137,-0.3099999999999987,-1.8300000000000054,-0.39000000000000057,-0.41000000000000014,-1.2899999999999991,-0.6500000000000057,0.04999999999999982,-0.28999999999999915,-0.6800000000000033,-0.21000000000000085,-0.46000000000000085,-0.16000000000000014,-0.8900000000000006,0.0,-0.3299999999999983,-0.14999999999999947,-0.08000000000000007,-0.2900000000000009,-0.09999999999999964,-0.03999999999999915,-0.15000000000000036,-0.16999999999999993,0.9099999999999966,0.7400000000000002,-0.04999999999999982,-0.4299999999999997,-0.14000000000000057,0.1800000000000006,-0.4799999999999969,-0.10999999999999943,0.049999999999998934,-0.26000000000000023,-0.03999999999999915,-0.9299999999999997,-0.08000000000000007,-0.23000000000000043,-0.21999999999999975,-0.13000000000000256,-0.15000000000000568,-1.8000000000000007,-0.23000000000000043,0.04999999999999982,-0.23999999999999844,-1.5999999999999979,-1.9000000000000057,-0.5700000000000003,-0.0600000000000005,0.019999999999999574,-0.1499999999999999,0.019999999999999574,-0.120000000000001,-0.6400000000000006,-0.040000000000000036,-0.02999999999999936,-0.060000000000002274,-0.5700000000000003,-0.21000000000000085,-0.9500000000000028,-0.28000000000000114,0.09000000000000163,-0.120000000000001,-0.10000000000000009,-0.13000000000000078,-0.08000000000000007,-0.07000000000000028,-0.13999999999999968,-0.02999999999999936,-1.2800000000000011,-0.1800000000000006,-1.1800000000000068,0.75,-1.25,-0.5900000000000034,-0.6000000000000014,-3.2900000000000063,-1.0300000000000011,1.1599999999999966,-0.9500000000000028,-2.6799999999999926,-0.28999999999999915,1.230000000000004,-0.26000000000000156,-0.23999999999999488,-0.4800000000000004,-3.1300000000000097,0.05999999999999961,-3.1700000000000017,0.09000000000000341,-2.530000000000001,-1.1199999999999761,-2.990000000000009,-1.2099999999999937,-0.7899999999999991,-15.639999999999986,-0.23999999999999844,0.9499999999999957,-0.129999999999999,-5.019999999999982,2.9000000000000057,-0.3500000000000014,-1.3699999999999974,-1.5499999999999972,-2.09,-0.1999999999999993,2.6099999999999994
2024-11-19,-0.07000000000000028,-0.08999999999999986,0.21000000000000085,-0.1599999999999997,0.040000000000000036,0.0699999999999994,0.0699999999999994,0.0,0.2600000000000051,0.14999999999999858,-1.3800000000000026,0.1200000000000001,0.28000000000000114,-0.9899999999999807,1.1699999999999875,0.08999999999999986,-0.22999999999999865,0.060000000000002274,-0.4399999999999977,-0.02999999999999936,-0.009999999999999787,-0.8900000000000006,0.33999999999999986,0.13000000000000256,0.14999999999999858,-0.6799999999999997,-0.08999999999999986,0.8800000000000239,0.120000000000001,-0.1200000000000001,0.10999999999999943,0.5999999999999979,-0.010000000000005116,-1.9799999999999969,0.06999999999999851,-0.3200000000000003,-0.19000000000000128,0.009999999999999787,0.13999999999999702,0.2699999999999996,0.040000000000000036,2.1299999999999955,-1.3099999999999987,-0.759999999999998,0.23000000000000043,-0.08000000000000185,0.6099999999999994,0.370000000000001,0.129999999999999,-0.5900000000000034,0.1999999999999993,-0.16999999999999815,0.1299999999999999,-0.009999999999999787,-0.3299999999999983,0.19999999999999574,-0.0,-11.150000000000034,0.27999999999999936,0.370000000000001,0.5100000000000016,-3.780000000000001,-3.75,-0.020000000000003126,0.1899999999999995,0.1999999999999993,0.6899999999999977,-0.370000000000001,0.14000000000000057,0.23999999999999844,-1.7399999999999984,0.05999999999999517,0.10000000000000142,-2.469999999999999,2.769999999999996,0.4799999999999969,1.7999999999999972,-5.5,-0.07000000000000028,-0.05000000000000071,-3.010000000000005,0.3699999999999992,22.720000000000027,-1.1400000000000006,0.8699999999999974,1.8200000000000003,0.3199999999999985,2.6299999999999955,3.8999999999999915,2.7900000000000205,1.2000000000000028,1.0900000000000034,1.2299999999999969,0.6999999999999993,0.620000000000001,0.0400000000000027,1.5399999999999991,-3.190000000000005,0.120000000000001,0.7899999999999991,3.5,-5.800000000000011,-8.659999999999982,0.629999999999999,2.240000000000009,2.1099999999999994,3.780000000000001,4.6699999999999875,1.8700000000000045,1.0900000000000034,-0.4099999999999966,0.37000000000000455,-6.040000000000006,-0.040000000000000924,-0.21999999999999886,0.0,-0.10999999999999943,0.07999999999999918,-0.11000000000000032,-0.10000000000000053,-0.0699999999999994,-0.019999999999999574,-0.07000000000000028,-0.07000000000000028,0.02999999999999936,0.629999999999999,0.060000000000002274,-0.17999999999999972,0.04999999999999982,0.0,-0.3199999999999994,0.13999999999999968,0.3999999999999986,0.08000000000000007,-1.8300000000000018,0.40000000000000213,0.009999999999999787,-0.8400000000000034,0.45000000000000284,0.08000000000000007,0.17999999999999972,0.08000000000000007,0.17999999999999972,0.04999999999999982,0.030000000000001137,0.22999999999999687,0.769999999999996,0.14999999999999858,0.2599999999999998,0.25,0.25,0.07000000000000028,0.0,-1.0900000000000034,0.6700000000000017,0.990000000000002,-0.33000000000000007,0.010000000000000231,17.079999999999927,-0.379999999999999,0.6999999999999993,1.2199999999999989,-0.370000000000001,0.14999999999999858,-0.23999999999999488,-0.0900000000000003,0.6599999999999966,-0.129999999999999,0.14999999999999858,-0.8899999999999988,-0.379999999999999,0.5600000000000023,0.129999999999999,0.7099999999999937,-0.05000000000000071,0.2700000000000031,3.8499999999999943,0.14000000000000057,0.20000000000000284,0.17999999999999972,-0.22000000000000064,0.10999999999999943,0.29999999999999716,-0.05000000000000071,0.010000000000000675,0.08000000000000007,-0.009999999999999787,-0.009999999999999787,0.34999999999999787,-0.9899999999999949,0.06999999999999851,0.3000000000000007,0.22000000000000242,-0.0600000000000005,0.02999999999999936,0.4299999999999997,0.20999999999999375,0.370000000000001,0.3999999999999986,-0.3200000000000003,-1.9500000000000028,0.0600000000000005,-0.1999999999999993,0.4800000000000004,-0.13000000000000078,-0.18000000000000327,-0.009999999999999787,-0.6199999999999992,0.060000000000002274,-0.14999999999999858,0.05000000000000071,0.009999999999999787,-0.08999999999999986,-0.04999999999999982,-0.14999999999999858,0.009999999999999787,-0.04999999999999982,-0.25,-0.9299999999999997,0.07000000000000028,-0.25,-0.040000000000000036,0.14000000000000057,-0.4099999999999966,0.1999999999999993,0.16999999999999993,-0.16999999999999993,-0.4099999999999966,-0.21999999999999886,-0.03000000000000025,-0.1800000000000006,-0.1900000000000004,0.10000000000000142,-2.3599999999999994,0.6600000000000001,-0.120000000000001,-0.21999999999999975,-0.1999999999999993,0.13999999999999702,3.710000000000008,-0.4499999999999993,0.009999999999999787,-0.040000000000000036,0.009999999999999787,-0.019999999999999574,-0.019999999999999574,1.3500000000000014,-0.040000000000000036,0.019999999999999574,0.25,0.0,0.11000000000000121,0.5400000000000063,-0.13000000000000078,-0.5,0.14000000000000057,0.0,-0.16000000000000014,-0.04999999999999982,-0.0600000000000005,-0.019999999999999574,0.0699999999999994,0.13000000000000256,0.05999999999999961,-5.840000000000003,0.04999999999999716,0.46000000000000085,0.8100000000000023,-0.10999999999999943,3.760000000000005,0.17999999999999972,1.1400000000000006,-0.980000000000004,1.3799999999999955,-0.8699999999999974,-2.1400000000000006,-0.8000000000000007,0.10999999999999943,-0.41999999999999815,2.3000000000000114,-0.23999999999999932,-5.219999999999999,-4.030000000000001,1.9599999999999937,4.069999999999993,-3.5700000000000074,4.090000000000003,0.6299999999999955,6.75,-1.3399999999999999,0.10999999999999943,-0.33999999999999986,-12.339999999999975,5.099999999999994,0.6600000000000001,1.259999999999998,2.1000000000000014,0.5899999999999999,0.629999999999999,-2.6000000000000085
2024-11-20,-0.03999999999999915,0.009999999999999787,-0.10000000000000142,0.029999999999999805,-0.019999999999999574,-0.03000000000000025,-0.019999999999999574,0.16999999999999993,0.12000000000000455,0.040000000000000924,-0.25,0.040000000000000036,-0.25,0.789999999999992,1.8600000000000136,0.0,-0.08000000000000007,0.20000000000000284,1.25,0.05999999999999872,0.009999999999999787,-0.12000000000000455,-0.46000000000000085,0.00999999999999801,0.05999999999999872,-0.22000000000000242,0.019999999999999574,1.1500000000000057,-0.019999999999999574,0.0,0.08000000000000185,-0.08999999999999986,-1.1400000000000006,-0.00999999999999801,0.07000000000000028,-0.5700000000000003,-0.05999999999999872,0.08999999999999986,0.08000000000000185,-0.14000000000000057,0.010000000000000675,-0.22999999999998977,0.25,0.08999999999999986,0.030000000000001137,-0.019999999999999574,0.060000000000002274,-0.019999999999999574,0.17999999999999972,1.3900000000000006,0.120000000000001,0.75,-0.08000000000000007,0.10999999999999943,0.1599999999999966,0.3999999999999986,-0.28999999999999915,-1.1400000000000432,-0.11000000000000121,0.010000000000001563,-0.07000000000000028,-1.75,-0.19999999999999574,0.060000000000002274,-0.08000000000000007,-0.5399999999999991,0.46999999999997044,0.08999999999999986,-0.34999999999999787,-0.11999999999999744,0.1700000000000017,0.020000000000003126,0.0600000000000005,-0.4200000000000017,-3.240000000000009,1.0600000000000023,-0.6700000000000017,2.289999999999992,0.060000000000002274,0.040000000000000036,-0.8900000000000006,0.07000000000000028,-4.560000000000002,-0.29999999999999716,-0.19000000000000128,-0.759999999999998,0.23000000000000043,-1.2000000000000028,-1.9399999999999977,-3.339999999999975,-0.22999999999999687,-4.060000000000002,0.30000000000000426,-0.75,0.3500000000000014,-2.16,1.1099999999999994,0.11999999999999744,0.010000000000001563,0.240000000000002,0.25,-1.170000000000016,0.2600000000000193,-0.5300000000000011,-5.1299999999999955,0.7399999999999949,-0.539999999999992,0.5200000000000102,-0.10999999999999943,0.18999999999999773,-1.7800000000000011,0.21000000000000085,0.4899999999999949,-0.0799999999999983,0.060000000000002274,0.020000000000000018,0.05999999999999961,-0.05999999999999961,-0.10000000000000053,0.03000000000000025,0.0,-0.040000000000000036,0.05000000000000071,0.04999999999999982,-0.10000000000000053,0.4399999999999977,-0.03999999999999915,-0.240000000000002,-0.03000000000000025,-0.02999999999999936,0.0,-0.03000000000000025,0.37999999999999545,0.0,0.629999999999999,0.21000000000000085,0.06000000000000005,-0.4099999999999966,-0.00999999999999801,0.07000000000000028,-0.3200000000000003,-0.07000000000000028,-0.41999999999999815,0.03000000000000025,0.6799999999999997,-3.030000000000001,0.3399999999999892,-0.3000000000000007,0.019999999999999574,0.030000000000001137,0.02999999999999936,0.0799999999999983,-0.25,-0.5900000000000034,-0.41000000000000014,0.019999999999999574,0.08999999999999986,0.0,2.8899999999998727,-0.08000000000000185,-0.629999999999999,-0.3499999999999943,0.08000000000000185,0.16000000000000014,0.4000000000000057,0.0,-0.22999999999999687,0.09999999999999787,-0.019999999999999574,0.7899999999999991,-0.030000000000001137,-0.490000000000002,-0.379999999999999,0.75,0.020000000000000462,0.15000000000000213,0.9300000000000068,-0.05000000000000071,0.05999999999999872,0.019999999999999574,0.08000000000000007,0.16999999999999815,-0.5500000000000043,-0.25,-0.03000000000000025,0.03000000000000025,-0.040000000000000924,-0.10999999999999943,0.13000000000000256,0.19999999999998863,-0.25,-0.41000000000000014,0.0,-0.019999999999999574,0.0,-0.03999999999999915,-1.1400000000000006,-0.08999999999999986,0.019999999999999574,-0.07000000000000028,-1.9500000000000028,0.08000000000000007,0.019999999999999574,-0.28000000000000114,-0.07000000000000028,-0.10999999999999943,-0.03000000000000025,0.009999999999999787,-0.08999999999999986,0.18999999999999773,0.009999999999999787,-0.040000000000000924,-0.10000000000000142,0.019999999999999574,-0.14999999999999858,-0.05999999999999961,-0.04999999999999982,0.9200000000000017,-0.9299999999999997,0.009999999999999787,-0.03000000000000025,-0.010000000000000675,0.03000000000000025,-0.010000000000005116,-1.0399999999999991,0.06999999999999851,-0.010000000000000231,-0.13000000000000256,-0.26000000000000156,0.009999999999999787,0.0,-0.040000000000000036,-0.010000000000001563,-0.4299999999999997,-0.35999999999999943,0.11000000000000121,0.09999999999999964,-0.019999999999999574,-0.1599999999999966,0.5699999999999932,-0.08999999999999986,-0.019999999999999574,-0.05999999999999961,-0.009999999999999787,-0.08999999999999986,0.0,-0.7200000000000024,0.0,0.04999999999999982,-0.19000000000000128,-0.11999999999999922,-0.1999999999999993,0.09000000000000341,0.08999999999999986,-0.17999999999999972,-0.019999999999999574,-0.010000000000000231,0.03999999999999915,0.0,0.07000000000000028,-0.020000000000000462,0.0,-0.04999999999999716,-0.08000000000000007,0.5100000000000051,-0.5900000000000034,-0.490000000000002,-1.0700000000000003,-0.19999999999999574,-0.75,0.22000000000000597,-0.37999999999999545,1.1099999999999994,-0.46999999999999886,-0.13999999999999702,-0.3500000000000014,-0.1999999999999993,-0.6000000000000085,0.4200000000000017,-0.45000000000000284,-0.02999999999999936,-2.7299999999999898,-1.3300000000000125,-0.20000000000000284,-2.140000000000015,1.8800000000000097,-0.6599999999999966,0.20000000000000284,-9.079999999999984,-0.120000000000001,0.10999999999999943,0.019999999999999574,14.0,-6.5,0.05000000000000071,0.13000000000000256,-0.3500000000000014,0.4099999999999966,0.35999999999999943,-1.6200000000000045
2024-11-21,-0.05000000000000071,0.08000000000000007,-0.10999999999999943,-0.029999999999999805,0.010000000000000675,0.009999999999999787,-0.02999999999999936,-0.16000000000000014,-0.5900000000000034,-0.17999999999999972,0.03999999999999915,-0.05999999999999961,-0.03999999999999915,-0.789999999999992,1.8500000000000227,0.08000000000000007,0.0,0.4199999999999946,-0.789999999999992,-0.019999999999999574,-0.040000000000000036,0.12000000000000455,-0.240000000000002,-0.019999999999999574,0.13000000000000256,-0.23000000000000043,0.030000000000001137,-0.09999999999999432,0.02999999999999936,0.05999999999999961,-0.14000000000000057,0.010000000000001563,0.17999999999999972,0.36999999999999744,-0.019999999999999574,0.3500000000000014,0.05999999999999872,-0.11999999999999922,-0.030000000000001137,-0.21999999999999886,0.020000000000000462,0.09999999999999432,-0.379999999999999,-0.3099999999999987,-0.009999999999999787,0.120000000000001,-0.29000000000000625,0.16999999999999815,-0.08000000000000007,0.8999999999999986,-0.1700000000000017,-0.3500000000000014,0.05999999999999961,-0.14999999999999858,-0.20000000000000284,-0.3500000000000014,0.0799999999999983,0.010000000000047748,-0.13000000000000078,-0.21000000000000085,-0.0799999999999983,-0.5700000000000003,0.10000000000000142,-0.6399999999999935,-0.10999999999999943,-0.05999999999999872,-2.4599999999999795,-0.10000000000000142,-0.0799999999999983,0.16000000000000014,-1.3299999999999983,-0.3299999999999983,-0.009999999999999787,0.28999999999999915,-0.4000000000000057,-0.5200000000000031,-0.8199999999999932,-1.3899999999999864,0.6400000000000006,-0.040000000000000036,-0.09000000000000341,-0.17999999999999972,-8.759999999999991,-0.7199999999999989,-0.39000000000000057,-1.240000000000002,-0.1999999999999993,2.700000000000003,-0.9300000000000068,-4.339999999999975,-0.0,-0.29999999999999716,-0.740000000000002,0.15000000000000213,0.26000000000000156,-0.5500000000000007,0.5300000000000011,-0.8299999999999983,0.05000000000000071,-0.38000000000000256,-0.5700000000000074,0.7099999999999795,1.1899999999999977,-0.26000000000000156,-2.990000000000009,-0.480000000000004,-0.4000000000000057,-2.2900000000000205,-0.21999999999999886,-0.21999999999999886,-2.180000000000007,-0.36000000000000654,-5.920000000000002,0.009999999999999787,-0.19000000000000483,-0.020000000000000018,0.03000000000000025,-0.040000000000000036,-0.0699999999999994,-0.03000000000000025,0.03999999999999915,0.040000000000000036,0.019999999999999574,-0.009999999999999787,-0.009999999999999787,0.15000000000000213,-0.11000000000000298,-0.04999999999999716,0.07000000000000028,-0.08999999999999986,-0.11000000000000032,0.0,-0.20000000000000284,-0.05000000000000071,1.1300000000000026,-0.16000000000000014,0.009999999999999787,-0.480000000000004,0.0799999999999983,-0.08999999999999986,0.07000000000000028,0.03999999999999915,0.019999999999999574,0.019999999999999574,-0.5199999999999996,-0.2700000000000031,-0.10999999999999943,-0.10999999999999943,0.29999999999999893,0.00999999999999801,-0.10999999999999943,-0.28000000000000114,-0.03999999999999915,-1.6200000000000045,-0.14999999999999858,-0.21000000000000085,0.23000000000000043,0.009999999999999787,0.3200000000001637,-0.4299999999999997,-0.00999999999999801,-0.5800000000000054,-0.240000000000002,0.11000000000000121,0.519999999999996,-0.029999999999999805,-0.060000000000002274,-0.25,0.129999999999999,0.379999999999999,0.2099999999999973,-0.6499999999999986,-0.3299999999999983,-0.769999999999996,-0.019999999999999574,0.10999999999999943,1.5200000000000102,-0.07000000000000028,0.05999999999999872,-0.41999999999999993,-0.1899999999999995,0.13000000000000256,-0.4000000000000057,0.05000000000000071,-0.020000000000000462,-0.05999999999999961,0.019999999999999574,-0.040000000000000924,-0.08000000000000185,-0.3100000000000023,-0.23000000000000043,-0.07000000000000028,-0.029999999999997584,0.0,0.009999999999999787,-0.00999999999999801,-0.35999999999999943,0.030000000000001137,-0.13000000000000256,0.14999999999999858,-0.6200000000000045,0.009999999999999787,-0.11999999999999922,0.5700000000000003,0.41000000000000014,0.019999999999999574,-0.03000000000000025,-0.08999999999999986,-0.259999999999998,-0.15000000000000213,0.009999999999999787,0.030000000000001137,0.09000000000000163,0.0,0.030000000000001137,0.0,0.019999999999999574,-0.12000000000000455,-1.1899999999999995,-0.03000000000000025,-0.04999999999999982,-0.009999999999999787,0.019999999999999574,0.1600000000000037,0.120000000000001,-0.05000000000000071,-0.020000000000000018,0.21000000000000085,0.029999999999997584,-0.009999999999999787,0.010000000000000675,-0.040000000000000036,-0.0,0.2600000000000051,0.129999999999999,-0.1899999999999995,-0.11000000000000032,0.019999999999999574,-0.5499999999999972,-0.75,-0.08000000000000007,-0.11999999999999922,0.040000000000000036,-0.010000000000000231,0.129999999999999,-0.02000000000000135,0.28000000000000114,-0.009999999999999787,-0.05999999999999961,-0.07000000000000028,-0.15000000000000036,0.1899999999999995,-0.39000000000000057,-0.16000000000000014,0.129999999999999,-0.02999999999999936,-0.020000000000000018,-0.019999999999999574,-0.009999999999999787,-0.13000000000000078,0.0,0.0,0.27999999999999403,0.040000000000000036,1.230000000000004,-0.07000000000000739,-0.3999999999999986,-0.28999999999999915,-0.10000000000000142,-1.8299999999999983,-0.6599999999999966,-2.1700000000000017,-0.6300000000000026,-0.9399999999999977,-1.3299999999999983,-0.29999999999999716,-0.03999999999999915,-1.6299999999999955,-0.16000000000000014,0.009999999999990905,0.0,-1.9200000000000017,-1.0900000000000034,0.35999999999999943,-3.490000000000009,-3.1599999999999966,-1.9599999999999937,0.480000000000004,-25.04000000000002,0.5299999999999976,0.990000000000002,-0.08000000000000007,-39.32000000000005,-5.009999999999991,0.010000000000001563,0.7199999999999989,1.0200000000000031,-1.5100000000000051,-0.379999999999999,0.21999999999999886
2024-11-22,0.3100000000000005,0.2599999999999998,1.3399999999999999,0.03000000000000025,0.21999999999999975,0.16999999999999993,0.23999999999999932,-0.23000000000000043,0.45000000000000284,-0.5800000000000001,1.2300000000000004,0.1200000000000001,1.4500000000000028,5.390000000000015,7.509999999999991,0.3899999999999997,0.8100000000000005,1.0100000000000051,3.410000000000011,0.5399999999999991,0.1299999999999999,2.6600000000000037,0.879999999999999,0.7199999999999989,0.5800000000000018,0.6500000000000021,0.4299999999999997,4.610000000000014,0.3500000000000014,0.16000000000000014,0.7300000000000004,1.1500000000000021,1.4699999999999989,1.5499999999999972,0.2699999999999996,-1.7800000000000011,0.5300000000000011,0.370000000000001,0.6600000000000001,0.7100000000000009,0.20000000000000018,2.769999999999996,0.8100000000000023,1.0500000000000007,0.629999999999999,0.7199999999999989,1.5899999999999963,1.3499999999999979,0.3699999999999992,1.1299999999999955,0.5599999999999987,0.14999999999999858,0.2599999999999998,0.5300000000000011,2.6599999999999966,-1.470000000000006,0.9500000000000028,11.380000000000052,0.8800000000000008,0.870000000000001,0.9100000000000001,1.7100000000000009,1.6899999999999977,-1.5799999999999983,0.45000000000000107,0.4800000000000004,7.509999999999991,0.6699999999999982,0.7000000000000028,0.33999999999999986,-0.6199999999999974,1.3999999999999986,0.5299999999999994,-0.8900000000000006,4.5,0.4299999999999997,4.340000000000003,3.0999999999999943,-1.0,-0.1299999999999999,1.75,0.7300000000000004,-13.610000000000014,-1.490000000000002,1.5500000000000007,-2.6400000000000006,0.8599999999999994,3.969999999999999,1.9099999999999966,-1.5200000000000102,1.7800000000000011,-3.5700000000000074,-1.230000000000004,0.8100000000000023,-0.9199999999999982,1.5199999999999996,2.6699999999999946,2.5500000000000043,0.7399999999999984,1.4600000000000009,-3.8700000000000045,9.159999999999968,5.8700000000000045,1.6600000000000001,8.699999999999989,3.799999999999997,2.469999999999999,9.129999999999995,1.990000000000002,2.740000000000002,-0.3100000000000023,1.3699999999999974,-10.539999999999992,0.2400000000000002,1.009999999999998,-0.020000000000000018,0.20999999999999996,0.2400000000000002,-0.1200000000000001,0.14999999999999947,0.20999999999999996,0.23000000000000043,0.25,0.0600000000000005,-0.13999999999999968,1.5600000000000023,0.4599999999999973,0.9799999999999969,0.17999999999999972,0.33000000000000007,0.16999999999999993,0.4299999999999997,-1.3699999999999974,0.4400000000000013,0.3000000000000007,-0.36999999999999744,-0.020000000000000462,2.1899999999999977,1.1599999999999966,0.33999999999999986,0.5600000000000023,0.4499999999999993,1.0500000000000007,0.1299999999999999,0.5999999999999996,1.9199999999999946,2.7900000000000063,0.870000000000001,0.4800000000000004,0.8200000000000003,0.3800000000000008,0.9400000000000013,0.9400000000000013,9.47999999999999,-1.1600000000000001,1.3499999999999979,0.20000000000000107,0.04999999999999982,37.31000000000017,-0.34999999999999787,1.6600000000000001,2.1299999999999955,0.5199999999999996,-0.019999999999999574,2.1500000000000057,0.08999999999999986,1.0600000000000023,-0.41999999999999815,-0.09999999999999787,-1.0599999999999987,-0.38000000000000256,1.4699999999999989,1.1500000000000021,0.6300000000000026,0.11999999999999922,0.5399999999999991,9.079999999999984,0.41000000000000014,-0.1700000000000017,0.8500000000000014,0.41000000000000014,0.7700000000000031,1.1199999999999974,0.41000000000000014,0.08999999999999986,-0.3200000000000003,0.17999999999999972,0.3100000000000005,0.23999999999999844,0.1699999999999875,0.8300000000000001,-0.5199999999999996,0.7999999999999972,0.07000000000000028,0.10999999999999943,0.8599999999999994,1.1000000000000014,0.7299999999999986,1.4600000000000009,1.3900000000000006,1.8699999999999974,-0.13999999999999968,0.15000000000000036,-0.5899999999999999,0.2699999999999996,0.4399999999999977,0.1299999999999999,0.370000000000001,-0.6899999999999977,0.6400000000000006,0.08999999999999986,0.41999999999999993,0.33000000000000007,0.0699999999999994,2.460000000000001,0.3100000000000005,0.1299999999999999,3.0,-0.7599999999999998,0.28000000000000025,0.20999999999999996,0.08000000000000007,0.27999999999999936,1.4299999999999997,0.370000000000001,0.4299999999999997,0.1200000000000001,2.6199999999999974,1.2600000000000016,0.09999999999999964,0.16000000000000014,0.1899999999999995,0.9399999999999977,-0.00999999999999801,-1.5299999999999976,0.7200000000000006,0.09999999999999964,0.2400000000000002,0.5199999999999996,10.210000000000008,0.5,0.4800000000000004,0.08999999999999986,0.06999999999999984,0.40000000000000036,0.09999999999999964,-2.16,0.06000000000000005,0.2699999999999996,0.6099999999999994,-0.6100000000000012,0.9599999999999991,2.6099999999999994,-0.41999999999999993,-0.40000000000000036,0.4399999999999995,0.06999999999999984,0.3800000000000008,0.10000000000000053,-0.26000000000000156,0.04999999999999982,0.14000000000000057,1.7299999999999969,0.16000000000000014,-4.0800000000000125,-2.260000000000005,2.539999999999999,2.200000000000003,1.5700000000000003,-5.3500000000000085,1.8599999999999994,-0.7600000000000051,0.8999999999999986,5.400000000000006,-0.08999999999999986,1.4600000000000009,-0.75,1.019999999999996,1.1400000000000006,3.9399999999999977,0.29000000000000004,-3.530000000000001,5.819999999999993,3.6899999999999977,7.039999999999992,1.9799999999999898,-4.599999999999994,2.3399999999999963,-7.610000000000014,1.1300000000000026,-1.7000000000000028,-0.33999999999999986,-22.32000000000005,-4.189999999999998,-1.5199999999999996,2.6000000000000014,2.3299999999999983,2.370000000000001,1.3000000000000007,4.730000000000004
2024-11-25,-0.09999999999999964,-0.03999999999999915,-0.3200000000000003,0.07000000000000028,-0.040000000000000036,-0.03000000000000025,-0.010000000000000675,0.05000000000000071,0.0,-0.11999999999999922,0.120000000000001,-0.17999999999999972,1.0599999999999952,0.5900000000000034,-0.09000000000000341,-0.07000000000000028,-0.09999999999999964,-0.3299999999999983,-1.1599999999999966,-0.05000000000000071,-0.040000000000000036,-1.2299999999999969,-0.509999999999998,-0.010000000000001563,0.39000000000000057,-0.1599999999999966,0.08000000000000007,1.089999999999975,0.02000000000000135,-0.1900000000000004,-0.07000000000000028,-0.379999999999999,-0.45000000000000284,1.259999999999998,-0.009999999999999787,0.0799999999999983,-0.120000000000001,-0.13000000000000078,-0.08000000000000185,-0.23000000000000043,0.05999999999999961,-1.0500000000000043,1.0999999999999979,-2.0,0.03999999999999915,0.16000000000000014,-0.25,0.41000000000000014,-0.40000000000000036,-0.13000000000000256,-0.39000000000000057,-1.2100000000000009,-0.009999999999999787,-0.019999999999999574,-0.25,-0.47000000000000597,-0.8400000000000034,4.419999999999959,-0.25,-0.4299999999999997,0.41000000000000014,-1.5900000000000034,0.5399999999999991,0.990000000000002,0.16000000000000014,-0.14000000000000057,-4.509999999999991,-0.010000000000001563,0.08000000000000185,-0.33999999999999986,-1.1899999999999977,-0.4399999999999977,-0.05000000000000071,-1.490000000000002,-0.75,-0.9299999999999997,-2.010000000000005,-2.000000000000014,-0.7800000000000011,0.10999999999999988,-0.5399999999999991,-0.14999999999999858,1.1100000000000136,-0.5299999999999976,1.0400000000000027,-0.010000000000005116,0.11999999999999922,-0.7999999999999972,1.2000000000000028,7.280000000000001,-0.1700000000000017,0.44000000000000483,0.6499999999999986,0.7000000000000028,0.35999999999999943,0.28999999999999915,0.6899999999999977,-0.4200000000000017,-0.05000000000000071,0.17999999999999972,-1.4599999999999937,-5.0,-0.14000000000000057,0.23000000000000043,1.9499999999999886,-0.39000000000000057,-1.1899999999999977,-2.3700000000000045,-1.6499999999999986,0.060000000000002274,-1.9699999999999989,-0.00999999999999801,3.5999999999999943,0.15000000000000036,0.36999999999999744,0.050000000000000044,-0.07000000000000028,0.07000000000000028,0.020000000000000018,0.14000000000000057,0.0,-0.0699999999999994,-0.11999999999999922,-0.0600000000000005,-0.11000000000000032,0.6699999999999982,-0.16000000000000014,-0.23000000000000398,-0.09999999999999964,0.009999999999999787,-0.08999999999999986,-0.03000000000000025,0.3100000000000023,-0.10999999999999943,-1.5199999999999996,-0.5999999999999979,-0.08000000000000007,0.10000000000000142,-0.060000000000002274,-0.3899999999999988,0.3200000000000003,0.2599999999999998,0.08999999999999986,-0.06000000000000005,-0.08000000000000007,-0.5100000000000051,-0.8900000000000006,-0.08000000000000185,-0.10999999999999943,-0.07000000000000028,0.16000000000000014,0.7399999999999984,-0.10999999999999943,-0.0,0.0,-0.490000000000002,-0.33999999999999986,0.029999999999999805,-9.25,0.5700000000000003,0.8599999999999994,1.2000000000000028,-0.10999999999999943,-0.030000000000001137,0.12000000000000455,-0.040000000000000036,1.2100000000000009,-0.0799999999999983,-0.7899999999999991,0.34999999999999964,-0.860000000000003,1.4299999999999997,0.17999999999999972,-1.5799999999999983,-0.13000000000000078,-0.05999999999999872,-1.6599999999999966,-0.05000000000000071,-0.3500000000000014,-0.3199999999999985,0.11999999999999922,0.17999999999999972,1.1499999999999986,0.13000000000000256,0.05999999999999961,0.020000000000000462,0.02000000000000135,-0.05000000000000071,-0.28999999999999915,0.29999999999999716,-0.10999999999999943,-0.120000000000001,0.25,0.009999999999999787,-0.16999999999999993,0.05999999999999872,0.8200000000000003,0.0,-0.5399999999999991,0.3100000000000023,0.25,-0.16999999999999993,-0.17999999999999972,0.7300000000000004,-0.08999999999999986,-0.03999999999999915,0.009999999999999787,-0.02999999999999936,-0.13000000000000256,-0.23000000000000043,0.13000000000000078,0.05999999999999872,-0.14999999999999858,-0.03000000000000025,-0.46000000000000085,-0.009999999999999787,-0.04999999999999982,-0.6999999999999957,1.3900000000000006,-0.009999999999999787,-0.08999999999999986,0.020000000000000462,-0.08000000000000007,-0.35999999999999943,0.08000000000000185,-0.5999999999999996,-0.009999999999999787,-0.8100000000000023,0.5500000000000007,-0.040000000000000036,-0.0600000000000005,-0.0600000000000005,-0.030000000000001137,-0.4399999999999977,-0.5800000000000018,-0.08999999999999986,0.040000000000000036,-0.05999999999999961,-0.9600000000000009,3.0700000000000216,0.049999999999998934,0.16000000000000014,0.020000000000000462,0.020000000000000018,-0.3000000000000007,0.019999999999999574,-0.5,-0.010000000000000231,0.10999999999999943,0.33999999999999986,0.10000000000000142,-0.16000000000000014,0.5999999999999943,0.03999999999999915,-0.20999999999999908,-0.009999999999999787,-0.010000000000000231,0.129999999999999,0.040000000000000036,0.33999999999999986,-0.0,-0.04999999999999982,-0.03999999999999915,0.03000000000000025,-4.219999999999999,0.09000000000000341,-0.5300000000000011,-0.17999999999999972,-0.1700000000000017,-1.0,-0.1599999999999966,-0.45000000000000284,-0.6400000000000006,-2.489999999999995,0.23000000000000043,0.29999999999999716,0.17999999999999972,0.04000000000000625,-0.4299999999999997,-0.46999999999999886,-0.05000000000000071,2.239999999999995,3.030000000000001,-0.27999999999999403,-5.980000000000018,3.0800000000000125,5.640000000000001,-1.3200000000000003,-11.779999999999973,-0.029999999999997584,0.13999999999999346,0.1899999999999995,3.0,3.8000000000000114,0.4299999999999997,-0.10000000000000142,-0.04999999999999716,-0.9400000000000013,0.5399999999999991,-2.6099999999999994
2024-11-26,0.08999999999999986,-0.02000000000000135,-0.21999999999999886,0.040000000000000036,-0.019999999999999574,-0.07000000000000028,0.0,-0.17999999999999972,0.20999999999999375,-0.2900000000000009,-0.26000000000000156,0.0,-0.5,-0.009999999999990905,2.890000000000015,-0.05999999999999961,-0.2599999999999998,0.21000000000000085,-1.8400000000000034,0.0,-0.009999999999999787,-0.14000000000000057,-0.2700000000000031,-0.03999999999999915,-0.03999999999999915,-0.3500000000000014,-0.16000000000000014,1.0,-0.07000000000000028,0.0,0.0799999999999983,-0.17999999999999972,0.3100000000000023,-1.1600000000000037,-0.07000000000000028,0.020000000000003126,0.129999999999999,-0.40000000000000036,-0.1700000000000017,0.030000000000001137,-0.07000000000000028,-0.259999999999998,-0.620000000000001,-1.5799999999999983,-0.08999999999999986,-0.28000000000000114,0.1700000000000017,-0.3000000000000007,0.07000000000000028,-1.75,-0.129999999999999,-0.39000000000000057,0.019999999999999574,0.019999999999999574,0.1700000000000017,1.3200000000000003,0.07000000000000028,-8.610000000000014,-0.08999999999999986,0.0,-0.28000000000000114,-2.6200000000000045,-2.1799999999999997,0.5,-0.08000000000000007,-0.19000000000000128,-1.990000000000009,0.030000000000001137,-0.05999999999999872,0.22999999999999687,-1.2399999999999984,0.13999999999999346,-0.02999999999999936,-2.469999999999999,-2.010000000000005,-0.4799999999999969,0.7900000000000063,6.599999999999994,-1.3100000000000023,-0.040000000000000036,-1.8999999999999986,-0.010000000000001563,3.509999999999991,-0.23000000000000043,-0.3100000000000023,-0.9299999999999997,-0.14000000000000057,-1.3999999999999915,-1.4099999999999966,2.0400000000000063,-0.3200000000000003,-0.7900000000000063,0.21000000000000085,-0.6099999999999994,0.09999999999999787,-1.5800000000000018,0.9499999999999957,-1.2399999999999949,-0.030000000000001137,-0.46999999999999886,0.9599999999999937,7.3799999999999955,5.650000000000006,-0.2699999999999996,5.21999999999997,-0.39000000000000057,-1.2800000000000011,2.0500000000000114,2.039999999999999,-0.28000000000000114,-0.9099999999999966,0.0899999999999963,-0.519999999999996,-0.019999999999999574,0.09999999999999432,-0.030000000000000027,-0.040000000000000036,0.0,0.040000000000000036,0.05000000000000071,-0.040000000000000036,-0.020000000000000462,-0.07000000000000028,0.03000000000000025,-0.08999999999999986,0.05999999999999872,-0.07000000000000028,0.1700000000000017,-0.10999999999999943,-0.10999999999999943,-0.010000000000000675,0.010000000000000675,0.25,-0.10999999999999943,-1.129999999999999,-0.240000000000002,0.040000000000000036,-0.18999999999999773,0.10000000000000142,-0.1899999999999995,0.1700000000000017,-0.1999999999999993,-0.31999999999999673,-0.020000000000000018,-0.09999999999999964,0.9200000000000017,-0.09999999999999432,0.03999999999999915,-0.02000000000000135,-0.129999999999999,-0.09999999999999964,-0.14000000000000057,-0.34999999999999787,-4.6699999999999875,-0.3200000000000003,-0.5,-0.22000000000000064,-0.029999999999999805,10.430000000000064,-0.33999999999999986,-0.020000000000003126,-0.14999999999999858,-0.08999999999999986,0.08000000000000007,-0.45999999999999375,0.0,0.8000000000000043,-0.16999999999999815,0.17999999999999972,-0.09999999999999964,-0.3400000000000034,-0.4299999999999997,0.10000000000000142,-0.240000000000002,0.07999999999999918,-0.19000000000000128,3.259999999999991,-0.049999999999998934,-0.5700000000000003,-0.23000000000000043,-0.10999999999999943,0.3500000000000014,0.4200000000000017,-0.129999999999999,0.009999999999999787,0.04999999999999982,-0.02999999999999936,-0.03999999999999915,-0.379999999999999,-1.7199999999999989,0.02999999999999936,-0.46999999999999886,-0.020000000000003126,0.05000000000000071,0.1999999999999993,-0.19000000000000128,0.37999999999999545,-0.040000000000000924,0.3099999999999987,-0.3100000000000023,-1.25,-0.10000000000000053,-0.010000000000001563,-0.019999999999999574,-0.2400000000000002,0.1999999999999993,0.040000000000000036,-0.02999999999999936,-0.00999999999999801,0.1999999999999993,-0.05999999999999872,-0.009999999999999787,-0.25,-0.07999999999999918,0.4799999999999969,0.11000000000000032,-0.20000000000000018,-0.3100000000000023,-1.5199999999999996,0.02999999999999936,0.009999999999999787,-0.08999999999999986,0.0,-0.03999999999999915,0.23999999999999844,-0.23000000000000043,-0.020000000000000018,0.3299999999999983,-0.4499999999999993,0.08999999999999986,0.03000000000000025,0.010000000000000675,0.0,3.480000000000004,-0.41999999999999815,-0.129999999999999,0.04999999999999982,-0.0600000000000005,-0.5700000000000003,-0.9800000000000182,-0.09999999999999964,-0.2400000000000002,0.040000000000000036,0.04999999999999982,0.07000000000000028,-0.009999999999999787,0.7600000000000016,-0.009999999999999787,-0.08999999999999986,-0.1999999999999993,-0.02000000000000135,0.0,-0.1599999999999966,-0.08999999999999986,-0.010000000000001563,-0.030000000000001137,0.010000000000000231,0.16000000000000014,-0.10000000000000053,-0.11999999999999922,-0.08000000000000007,-0.009999999999999787,-0.14999999999999858,-0.08000000000000007,-3.029999999999987,2.569999999999993,-0.10000000000000142,-0.22999999999999687,0.6799999999999997,-1.1999999999999886,-0.14000000000000057,-0.8799999999999955,0.030000000000001137,-0.6800000000000068,-1.1999999999999993,-1.0399999999999956,0.08999999999999986,0.9599999999999937,-2.9700000000000024,-0.6899999999999977,0.020000000000000462,-0.9900000000000091,0.7599999999999909,-0.5200000000000031,1.7600000000000193,-0.9199999999999875,-0.1600000000000108,-0.8500000000000014,-8.100000000000023,-0.45000000000000284,-1.0600000000000023,-0.10999999999999943,-3.1000000000000227,-0.6999999999999886,-0.28000000000000114,-0.12999999999999545,-0.3999999999999986,-1.0399999999999991,0.060000000000002274,-1.0600000000000023
2024-11-27,-0.120000000000001,-0.08999999999999986,-0.6099999999999994,0.029999999999999805,-0.1200000000000001,-0.20000000000000018,-0.08000000000000007,-0.28999999999999915,0.7199999999999989,0.17999999999999972,-0.35999999999999943,-0.27999999999999936,0.45999999999999375,-2.0,-3.1599999999999966,-0.09999999999999964,-0.22999999999999865,-0.9100000000000037,-1.3300000000000125,-0.08999999999999986,-0.10999999999999943,-1.9600000000000009,-0.5500000000000007,-0.26000000000000156,-0.21999999999999886,0.21000000000000085,-0.019999999999999574,-2.25,-0.09999999999999964,-0.09999999999999964,-0.120000000000001,-0.6400000000000006,-1.3299999999999983,-1.3299999999999983,-0.009999999999999787,-0.6199999999999974,-0.08999999999999986,-0.33000000000000007,-0.17999999999999972,-0.23000000000000043,-0.09999999999999964,-1.6499999999999915,-0.4299999999999997,0.09999999999999787,-0.25,-0.5700000000000003,-0.6299999999999955,-0.4499999999999993,-0.879999999999999,-1.4399999999999977,-0.3299999999999983,-1.9299999999999997,-0.1200000000000001,-0.28000000000000114,-1.0100000000000051,0.19999999999999574,0.21000000000000085,-6.410000000000025,-0.21000000000000085,-0.4299999999999997,0.3099999999999987,1.0900000000000034,0.509999999999998,-1.970000000000006,-0.11000000000000121,-0.8200000000000003,0.009999999999990905,0.129999999999999,0.060000000000002274,-0.15000000000000213,-1.2800000000000011,0.3300000000000054,-0.1399999999999988,0.12999999999999545,-1.3800000000000097,-1.3399999999999963,-2.6200000000000045,4.429999999999993,-2.309999999999995,0.03000000000000025,-2.0500000000000043,-0.3200000000000003,-32.77000000000004,-1.2699999999999996,0.5,-1.720000000000006,-0.3600000000000012,-2.759999999999991,-1.6099999999999994,1.6499999999999915,-1.1899999999999977,-2.220000000000006,-1.490000000000002,0.41999999999999815,-1.1700000000000017,0.4400000000000013,1.519999999999996,-1.4899999999999949,-0.14999999999999858,-1.1499999999999986,-2.019999999999996,-3.17999999999995,3.7900000000000063,-0.8399999999999999,2.480000000000018,-1.960000000000008,-2.6899999999999977,-4.199999999999989,1.1899999999999977,-0.9399999999999977,-5.099999999999994,-0.5300000000000011,-6.1499999999999915,0.11999999999999922,0.240000000000002,0.030000000000000027,-0.08000000000000007,-0.16000000000000014,0.020000000000000018,0.04999999999999982,-0.08000000000000007,-0.07000000000000028,-0.1999999999999993,0.019999999999999574,-0.22000000000000064,-0.5600000000000023,-0.3099999999999987,0.21000000000000085,-0.09999999999999964,-0.15000000000000036,-0.1200000000000001,-0.14999999999999947,-0.37000000000000455,0.07000000000000028,0.4400000000000013,-0.15000000000000213,0.08000000000000007,0.9399999999999977,-0.6700000000000017,-0.40000000000000036,-0.5599999999999987,0.15999999999999837,-0.379999999999999,-0.04999999999999982,-0.14999999999999858,-1.3100000000000023,-1.5799999999999983,-0.5,-0.11000000000000121,-0.17999999999999972,-0.2400000000000002,-0.07000000000000028,0.259999999999998,4.1699999999999875,0.7000000000000028,-0.6600000000000001,0.040000000000000924,-0.06000000000000005,-10.049999999999955,0.16000000000000014,-0.9000000000000021,-0.5899999999999963,-0.5500000000000007,0.3000000000000007,-1.2000000000000028,-0.04999999999999982,-1.2299999999999969,0.10000000000000142,0.4800000000000004,0.1899999999999995,0.13000000000000256,-2.299999999999997,-0.19000000000000128,-1.8999999999999986,0.11999999999999922,-0.10000000000000142,1.4000000000000057,-0.17999999999999972,0.5800000000000018,-0.46999999999999886,-0.10999999999999943,0.3000000000000007,-0.8399999999999963,-0.39000000000000057,-0.03000000000000025,-0.09999999999999964,0.02999999999999936,-0.5499999999999989,0.07000000000000028,0.9399999999999977,-0.5600000000000005,0.14000000000000057,-0.21000000000000085,-0.03999999999999915,-0.120000000000001,0.3500000000000014,1.009999999999998,-0.34999999999999964,-0.5100000000000016,-0.8000000000000043,0.3200000000000003,-0.3299999999999992,-0.040000000000000924,0.23000000000000043,-0.23000000000000043,0.14999999999999858,-0.09000000000000075,-0.06999999999999851,-0.09999999999999787,0.240000000000002,-0.15000000000000036,-0.15000000000000036,-0.05999999999999872,0.020000000000000462,-0.5,-0.13999999999999968,0.13999999999999968,-0.9200000000000017,0.33000000000000007,-0.09000000000000075,-0.03000000000000025,0.040000000000000036,-0.0699999999999994,-0.4299999999999997,-0.07000000000000028,-1.25,0.04999999999999982,-1.0200000000000031,-0.4399999999999977,0.009999999999999787,0.040000000000000036,-0.02999999999999936,-0.23999999999999844,1.480000000000004,-2.0199999999999996,-0.1999999999999993,-0.10000000000000053,-0.14000000000000057,0.23999999999999844,-3.730000000000018,-0.10999999999999943,-0.15000000000000036,-0.10000000000000053,0.03000000000000025,-0.1999999999999993,0.009999999999999787,0.14000000000000057,-0.020000000000000018,0.04999999999999982,-0.5399999999999991,-0.22000000000000064,-0.3699999999999992,-0.8400000000000034,-0.030000000000001137,-0.14000000000000057,-0.16000000000000014,-0.029999999999999805,0.0600000000000005,-0.08000000000000007,0.07000000000000028,-0.04999999999999982,-0.05999999999999961,-0.5300000000000011,-0.13999999999999968,-2.4399999999999977,3.0,-0.9200000000000017,0.9799999999999969,-0.10999999999999943,-2.4399999999999977,-0.9599999999999937,0.6099999999999994,-2.6299999999999955,-2.1400000000000006,-0.9600000000000009,-0.4699999999999953,-1.0500000000000007,-4.290000000000006,-1.7299999999999969,-1.7800000000000011,-0.009999999999999787,-2.3400000000000034,-1.4199999999999875,-3.5799999999999983,-6.599999999999994,-0.1699999999999875,-5.1000000000000085,-0.6499999999999986,-14.879999999999995,-0.5600000000000023,-1.6899999999999977,-0.2599999999999998,-48.64999999999998,-2.9399999999999977,0.8099999999999987,-1.4199999999999946,-1.0499999999999972,-0.6600000000000001,-0.6799999999999997,-2.9000000000000057
2024-11-28,-0.05000000000000071,-0.030000000000001137,-0.28000000000000114,-0.04999999999999982,-0.07000000000000028,-0.11000000000000032,-0.040000000000000036,-0.07000000000000028,1.1299999999999955,-0.08999999999999986,-0.3099999999999987,-0.120000000000001,0.02999999999999403,-2.730000000000018,-3.3499999999999943,-0.040000000000000036,-0.25,-0.490000000000002,2.3400000000000034,-0.10999999999999943,-0.040000000000000036,0.00999999999999801,-0.39000000000000057,-0.15000000000000213,0.3999999999999986,0.370000000000001,-0.07000000000000028,-3.0500000000000114,0.02999999999999936,-0.0600000000000005,-0.05999999999999872,-0.030000000000001137,-0.20000000000000284,-0.5900000000000034,-0.06999999999999851,-0.20000000000000284,-0.10999999999999943,-0.41000000000000014,-0.3299999999999983,-0.08999999999999986,0.14999999999999947,-0.1599999999999966,-0.379999999999999,-0.0799999999999983,-0.05000000000000071,-0.03999999999999915,-0.28000000000000114,0.120000000000001,-0.379999999999999,-0.6599999999999966,-0.2699999999999978,-0.14999999999999858,-0.07000000000000028,-0.14000000000000057,-0.3400000000000034,1.3699999999999974,0.8100000000000023,-2.9399999999999977,-0.22000000000000064,-0.21999999999999886,0.029999999999997584,-0.14999999999999858,-0.8399999999999963,-0.9299999999999997,-0.09000000000000163,-0.28000000000000114,6.420000000000016,0.5600000000000023,-0.09999999999999787,-0.16000000000000014,-0.6600000000000001,0.490000000000002,0.009999999999999787,-1.0399999999999991,0.9699999999999989,-0.6699999999999946,-1.8900000000000006,-3.4799999999999898,-0.9299999999999997,-0.03000000000000025,-0.970000000000006,-0.1399999999999988,-10.970000000000027,-0.629999999999999,-0.4499999999999993,-0.720000000000006,-0.07000000000000028,-1.1199999999999903,-1.3800000000000097,3.8999999999999915,-0.7199999999999989,-1.0,0.060000000000002274,-0.5799999999999983,-0.379999999999999,0.23000000000000043,-0.5499999999999972,-0.9299999999999997,0.13999999999999702,-0.4399999999999977,-0.6799999999999926,-5.199999999999989,-1.1099999999999994,-0.5300000000000011,9.050000000000011,-0.730000000000004,-1.6400000000000006,-2.780000000000001,-0.5700000000000003,-0.22999999999999687,-1.7199999999999989,-0.17999999999999972,-4.159999999999982,0.009999999999999787,0.030000000000001137,0.0,-0.05999999999999961,0.03000000000000025,-0.010000000000000231,-0.0,0.020000000000000462,0.11000000000000032,-0.10999999999999943,0.020000000000000462,0.009999999999999787,-0.41000000000000014,0.07000000000000028,0.13000000000000256,-0.03000000000000025,0.02999999999999936,-0.09999999999999964,-0.03000000000000025,-0.45000000000000284,-0.10999999999999943,-0.5,-0.41000000000000014,0.009999999999999787,-0.8999999999999986,-0.6099999999999994,-0.2599999999999998,-0.07000000000000028,-0.20999999999999908,-0.08000000000000185,0.040000000000000036,-0.23999999999999844,-0.28999999999999915,-0.5700000000000074,0.030000000000001137,-0.019999999999999574,-0.33999999999999986,-0.08999999999999986,0.39000000000000057,0.3000000000000007,-3.039999999999992,0.00999999999999801,-0.2699999999999996,0.15000000000000036,-0.10000000000000009,-1.0499999999999545,-0.28000000000000114,-0.3999999999999986,-0.21000000000000085,-0.010000000000001563,-0.14000000000000057,-1.3299999999999983,-0.040000000000000036,-0.21999999999999886,0.21000000000000085,0.5700000000000003,-0.8499999999999996,-0.07000000000000028,-0.8999999999999986,0.5200000000000031,-0.6899999999999977,-0.040000000000000036,-0.23000000000000043,-1.670000000000016,-0.11000000000000121,-0.3000000000000007,-0.29999999999999893,0.07000000000000028,-0.35999999999999943,-0.3200000000000003,0.03999999999999915,-0.020000000000000462,0.0,-0.0,0.05000000000000071,-0.1700000000000017,-0.3100000000000023,-0.09999999999999964,0.46999999999999886,-0.18999999999999773,-0.040000000000000036,-0.120000000000001,-0.08000000000000185,-0.5300000000000011,-0.15000000000000036,-0.40000000000000213,-0.3299999999999983,0.7000000000000028,0.08999999999999986,-0.08999999999999986,0.46999999999999886,-0.05000000000000071,-0.0799999999999983,0.0,-0.010000000000001563,-0.3099999999999987,0.26000000000000156,-0.23000000000000043,0.07000000000000028,-0.02000000000000135,0.019999999999999574,-0.37999999999999545,-0.08000000000000007,-0.040000000000000036,-0.37000000000000455,1.3399999999999999,0.0600000000000005,-0.020000000000000462,-0.009999999999999787,0.1200000000000001,-0.46000000000000085,-0.129999999999999,0.05000000000000071,0.009999999999999787,-0.6900000000000048,-0.4399999999999977,-0.03000000000000025,-0.009999999999999787,0.020000000000000462,-0.05999999999999872,-1.4100000000000037,-0.1700000000000017,-0.21999999999999886,-0.08999999999999986,-0.07000000000000028,-0.509999999999998,3.8799999999999955,-0.08000000000000007,-0.16000000000000014,-0.08000000000000007,0.0,0.0,0.0,0.8500000000000014,0.0,0.16000000000000014,-0.23000000000000043,-0.10999999999999943,0.019999999999999574,0.4000000000000057,-0.16999999999999993,-0.15000000000000036,-0.049999999999998934,0.0,-0.3200000000000003,-0.02000000000000135,0.0600000000000005,-0.009999999999999787,-0.040000000000000036,-0.07000000000000028,-0.009999999999999787,-3.259999999999991,-1.490000000000009,-0.5200000000000031,-0.18999999999999773,-0.44000000000000483,-1.210000000000008,-0.44999999999999574,0.4300000000000068,-0.769999999999996,-1.289999999999992,-0.2900000000000027,-0.44999999999999574,-0.13000000000000256,-0.9900000000000091,-1.1099999999999994,-0.23999999999999488,-0.14999999999999947,-1.8700000000000045,3.1399999999999864,-0.1700000000000017,-1.0600000000000023,-0.7000000000000028,-2.799999999999997,-0.8500000000000014,-5.300000000000011,-0.490000000000002,-1.0399999999999991,-0.02999999999999936,-11.480000000000018,-3.109999999999985,-0.1700000000000017,-0.8499999999999943,-0.4799999999999969,-0.26000000000000156,-0.030000000000001137,-0.9200000000000017
2024-11-29,-0.040000000000000924,-0.11999999999999922,-0.4200000000000017,-0.020000000000000018,-0.09999999999999964,-0.010000000000000675,-0.05000000000000071,0.17999999999999972,-0.060000000000002274,-0.23000000000000043,-0.6900000000000013,-0.0600000000000005,-0.35999999999999943,-2.5900000000000034,-0.01999999999998181,-0.1200000000000001,-0.19000000000000128,-0.4799999999999969,-1.6299999999999955,-0.16000000000000014,-0.040000000000000036,0.8999999999999986,0.10000000000000142,-0.2900000000000027,-0.28999999999999915,-0.1999999999999993,-0.10999999999999943,-2.7700000000000102,-0.05999999999999872,-0.08999999999999986,-0.21000000000000085,0.41000000000000014,-2.479999999999997,0.5899999999999963,-0.009999999999999787,0.9399999999999977,-0.00999999999999801,-0.02000000000000135,-0.28999999999999915,-0.23999999999999844,-0.08000000000000007,-1.0400000000000063,-1.0799999999999983,0.07000000000000028,0.11999999999999922,-0.28000000000000114,-0.1600000000000037,0.379999999999999,-0.1999999999999993,-3.490000000000002,-0.35999999999999766,-0.6400000000000006,-0.009999999999999787,-0.14000000000000057,-0.6599999999999966,0.11999999999999744,0.1700000000000017,-2.7099999999999795,-0.5,-0.2799999999999976,-0.2799999999999976,-1.0599999999999952,-0.3399999999999963,-0.4799999999999969,-0.0,0.17999999999999972,0.25,0.1700000000000017,-0.08999999999999986,-0.21999999999999886,-0.33999999999999986,-0.22999999999999687,-0.13000000000000078,-0.3100000000000023,-2.25,-0.8399999999999963,-0.8499999999999943,-2.719999999999999,0.5100000000000051,0.010000000000000231,-0.7000000000000028,-0.379999999999999,-29.660000000000025,-1.4800000000000004,-0.39000000000000057,-2.0,-0.07000000000000028,-1.4399999999999977,-0.960000000000008,-1.9399999999999977,-0.75,-2.4599999999999937,-0.20999999999999375,0.17999999999999972,0.0400000000000027,-0.26000000000000156,-1.3900000000000006,-1.5700000000000003,-0.14999999999999858,-0.5899999999999963,-1.1099999999999994,-6.5400000000000205,-0.4200000000000017,-0.5200000000000031,0.4800000000000182,-0.7199999999999989,-1.4200000000000017,-6.230000000000018,-0.3999999999999986,-0.8599999999999994,1.6700000000000017,-0.6600000000000037,-1.9299999999999926,-0.02000000000000135,-0.0899999999999963,0.010000000000000009,-0.0699999999999994,-0.1299999999999999,-0.020000000000000018,-0.019999999999999574,-0.0,0.0,0.019999999999999574,0.040000000000000036,-0.03000000000000025,-0.879999999999999,-0.19000000000000128,0.12999999999999545,-0.14000000000000057,-0.21000000000000085,-0.03000000000000025,-0.1200000000000001,-1.3699999999999974,-0.10999999999999943,0.14999999999999858,-0.3200000000000003,-0.040000000000000036,-1.009999999999998,-0.04999999999999716,0.019999999999999574,-0.0,-0.019999999999999574,-0.370000000000001,-0.08000000000000007,0.06999999999999851,-0.9899999999999949,-0.38000000000000966,-0.3000000000000007,-0.14999999999999858,-0.19000000000000128,-0.14000000000000057,0.07000000000000028,-0.5700000000000003,-0.6500000000000057,-0.4299999999999997,-0.5,-0.1899999999999995,0.11000000000000032,-7.740000000000009,-0.26000000000000156,-1.3000000000000007,0.6099999999999994,0.010000000000001563,-0.4400000000000013,-2.700000000000003,-0.029999999999999805,0.6099999999999994,0.019999999999999574,-0.129999999999999,0.6799999999999997,-0.030000000000001137,-0.519999999999996,0.2700000000000031,-0.7000000000000028,-0.010000000000000675,0.10000000000000142,-2.960000000000008,-0.120000000000001,-0.35999999999999943,0.10999999999999943,-0.16000000000000014,-0.06999999999999673,-0.9100000000000037,0.10999999999999943,-0.009999999999999787,-0.11000000000000032,-0.11000000000000121,-0.08999999999999986,-0.16000000000000014,-0.3299999999999983,-0.09999999999999964,-0.09999999999999787,-0.3099999999999987,-0.0,-0.03999999999999915,-0.23000000000000043,0.23999999999999488,-0.3200000000000003,-0.41000000000000014,0.3100000000000023,-0.1600000000000037,-0.08000000000000007,-0.08000000000000007,-0.33999999999999986,-0.33000000000000007,-0.019999999999999574,-0.02999999999999936,0.03999999999999915,-0.16000000000000014,0.00999999999999801,-0.08000000000000007,-0.13000000000000078,-0.39000000000000057,0.040000000000000036,-0.0799999999999983,-0.07000000000000028,0.09999999999999964,-0.8100000000000023,0.6899999999999995,-0.10000000000000053,-0.020000000000000462,0.040000000000000036,-0.0,-0.4799999999999969,0.07000000000000028,0.379999999999999,-0.009999999999999787,-0.480000000000004,-0.0799999999999983,0.009999999999999787,0.010000000000000675,0.020000000000000462,-0.28999999999999915,-3.009999999999998,1.1500000000000021,-0.17999999999999972,-0.02999999999999936,-0.04999999999999982,-0.23000000000000043,1.8200000000000216,0.05000000000000071,-0.049999999999998934,0.0,0.020000000000000018,0.009999999999999787,-0.009999999999999787,0.75,0.009999999999999787,0.019999999999999574,-0.28000000000000114,-0.4599999999999991,-0.33999999999999986,-1.269999999999996,0.09999999999999964,-0.16999999999999993,-0.17999999999999972,-0.020000000000000018,0.019999999999999574,0.05999999999999872,0.009999999999999787,0.020000000000000462,-0.03000000000000025,-0.6099999999999994,-0.04999999999999982,3.0600000000000023,-0.6600000000000108,-0.740000000000002,-0.9200000000000017,-1.0900000000000034,-2.6899999999999977,-0.25,-0.9200000000000017,-3.1999999999999957,-1.4399999999999977,-0.03999999999999915,-0.6300000000000026,0.16000000000000014,-1.4000000000000057,-0.00999999999999801,-0.5400000000000063,-0.1299999999999999,0.6300000000000097,-4.050000000000011,-0.8599999999999994,-11.219999999999999,-9.670000000000002,-0.18999999999999773,-0.37000000000000455,0.45999999999997954,-0.6000000000000014,0.759999999999998,-0.02999999999999936,14.970000000000027,-1.3199999999999932,0.6099999999999994,-1.3199999999999932,-0.5899999999999963,-0.7199999999999989,-0.15000000000000213,-3.019999999999996
2024-12-02,0.009999999999999787,0.08000000000000007,-0.4400000000000013,-0.050000000000000266,0.040000000000000036,-0.009999999999999787,0.08000000000000007,-0.049999999999998934,0.04999999999999716,0.21000000000000085,0.33999999999999986,-0.15000000000000036,-0.21000000000000085,0.29000000000002046,1.1200000000000045,0.11000000000000032,-0.4299999999999997,0.03999999999999915,-2.010000000000005,-0.11999999999999922,-0.020000000000000462,-0.12999999999999545,0.029999999999997584,0.21999999999999886,-0.240000000000002,-0.030000000000001137,-0.2900000000000009,0.6299999999999955,-0.11000000000000121,-0.1299999999999999,-0.4499999999999993,0.129999999999999,-0.1599999999999966,0.23000000000000398,-0.049999999999998934,0.13000000000000256,-0.240000000000002,-0.3100000000000005,-0.08999999999999986,0.15000000000000213,-0.08000000000000007,0.519999999999996,-1.2899999999999991,0.07000000000000028,-0.13000000000000078,0.16000000000000014,-0.6799999999999997,-0.030000000000001137,0.019999999999999574,-0.1600000000000037,0.13000000000000256,-0.620000000000001,-0.020000000000000462,-0.379999999999999,-1.1899999999999977,0.01999999999999602,0.030000000000001137,6.310000000000002,0.25,-0.15000000000000213,-0.030000000000001137,0.020000000000003126,0.00999999999999801,-1.8800000000000026,-0.20000000000000107,0.129999999999999,-7.569999999999993,-0.5399999999999991,-0.1700000000000017,-0.05000000000000071,0.5199999999999996,-0.23000000000000398,0.049999999999998934,0.29999999999999716,1.4000000000000057,-0.3400000000000034,-3.019999999999996,1.3500000000000085,-1.5300000000000011,-0.020000000000000018,0.5799999999999983,0.14000000000000057,-8.730000000000018,0.1999999999999993,-0.34999999999999787,-2.6799999999999997,-0.06999999999999851,0.3299999999999983,-0.5499999999999972,-5.299999999999997,-0.21000000000000085,1.4399999999999977,-0.2700000000000031,-0.21000000000000085,-1.0600000000000023,-0.7199999999999989,-0.4000000000000057,0.7600000000000051,-0.08000000000000185,-0.5200000000000031,-1.4099999999999966,0.9499999999999886,1.2000000000000028,-0.509999999999998,2.7199999999999704,0.4899999999999949,-2.9000000000000057,-5.090000000000003,0.00999999999999801,-0.9399999999999977,-0.2600000000000051,-0.7999999999999972,-8.409999999999997,-0.02999999999999936,-0.7800000000000011,-0.06000000000000005,0.08999999999999986,-0.14000000000000057,0.020000000000000018,-0.020000000000000462,-0.16000000000000014,-0.08000000000000007,-0.09999999999999964,0.05000000000000071,0.1200000000000001,0.5199999999999996,0.14000000000000057,0.1699999999999946,-0.16000000000000014,0.0,-0.0,0.08000000000000007,0.490000000000002,0.2599999999999998,-1.4200000000000017,-0.5,0.0,0.04999999999999716,-0.9200000000000017,-0.2599999999999998,0.20000000000000284,-0.08000000000000007,-0.10000000000000142,0.009999999999999787,-0.14000000000000057,-0.23999999999999488,1.0999999999999943,-0.020000000000003126,0.27000000000000135,-0.28999999999999915,-0.11999999999999922,0.03999999999999915,0.07000000000000028,0.44000000000002615,0.08999999999999986,0.4400000000000013,0.009999999999999787,-0.3799999999999999,-0.7400000000000091,-0.029999999999997584,0.6600000000000001,-1.2100000000000009,0.019999999999999574,0.0,0.060000000000002274,-0.15000000000000036,-0.6599999999999966,-0.5700000000000003,0.3200000000000003,-0.17999999999999972,-0.21999999999999886,3.1899999999999977,-0.8599999999999994,0.30999999999999517,-0.08000000000000007,-0.1999999999999993,2.219999999999999,0.09999999999999964,-0.28999999999999915,-0.21000000000000085,0.08999999999999986,-0.240000000000002,0.0800000000000054,0.28999999999999915,-0.05000000000000071,0.07000000000000028,0.2900000000000009,-0.05000000000000071,-0.10000000000000142,-0.9099999999999966,-0.02999999999999936,0.13999999999999702,0.19000000000000128,0.0,0.120000000000001,0.07000000000000028,-0.5600000000000023,0.20000000000000107,0.2699999999999996,0.3500000000000014,-1.0300000000000011,0.17999999999999972,-0.0600000000000005,-0.36999999999999744,-0.21000000000000085,0.14000000000000057,0.08999999999999986,-0.16999999999999993,0.21999999999999886,-0.16999999999999815,-0.08999999999999986,0.09999999999999964,0.8800000000000008,0.010000000000000675,0.759999999999998,0.019999999999999574,0.08999999999999986,0.8500000000000014,-0.11000000000000121,0.04999999999999982,-0.09999999999999964,-0.020000000000000462,-0.07000000000000028,0.7000000000000028,0.4499999999999993,-0.4900000000000002,-0.050000000000000266,0.4099999999999966,-0.7899999999999991,-0.07000000000000028,-0.04999999999999982,-0.0,0.20000000000000284,-0.740000000000002,-0.1700000000000017,-0.10999999999999943,0.020000000000000462,-0.23000000000000043,0.16000000000000014,1.539999999999992,-0.0600000000000005,-0.16000000000000014,-0.2999999999999998,0.0,0.13000000000000078,0.019999999999999574,-0.5700000000000003,-0.03000000000000025,-0.020000000000000462,0.08999999999999986,0.08000000000000007,0.1899999999999995,-3.0700000000000074,-0.0,0.1399999999999988,0.09999999999999964,0.010000000000000231,-0.3100000000000005,0.040000000000000036,-0.07000000000000028,0.0,-0.08999999999999986,-0.9399999999999977,0.009999999999999787,-1.0,0.9499999999999886,-1.0799999999999983,-0.5799999999999983,-1.9099999999999966,0.5,-2.3299999999999983,-0.4399999999999977,1.2100000000000009,-2.3599999999999994,0.39000000000000057,-0.46999999999999886,0.11999999999999744,-2.5,-0.45000000000000284,1.0,-0.20000000000000018,-0.22999999999998977,-4.569999999999993,1.75,-2.0,0.6800000000000068,1.0799999999999983,-0.6299999999999955,-0.05000000000001137,0.0799999999999983,-0.6900000000000048,-0.03999999999999915,1.0,-8.849999999999994,-0.030000000000001137,-1.1600000000000037,0.00999999999999801,-0.07000000000000028,-0.48999999999999844,-0.6099999999999994
2024-12-03,-0.09999999999999964,-0.0600000000000005,-0.46000000000000085,-0.010000000000000231,-0.02999999999999936,0.009999999999999787,0.0,-0.040000000000000924,-0.23000000000000398,-0.09000000000000163,0.05999999999999872,-0.08999999999999986,-0.04000000000000625,-0.8400000000000034,-1.75,0.010000000000000675,-0.21000000000000085,0.3100000000000023,0.21999999999999886,-0.049999999999998934,-0.010000000000000675,-0.6300000000000026,0.5,0.0799999999999983,0.23999999999999844,0.2099999999999973,0.0600000000000005,-0.4099999999999966,-0.009999999999999787,-0.04999999999999982,-0.259999999999998,0.4800000000000004,-0.8100000000000023,1.5300000000000011,0.009999999999999787,-0.5399999999999991,-0.10000000000000142,-0.2400000000000002,-0.07000000000000028,-0.00999999999999801,-0.03999999999999915,-0.8599999999999994,-0.33999999999999986,-0.40000000000000213,-0.0600000000000005,0.129999999999999,-0.5399999999999991,-0.26000000000000156,-0.14000000000000057,-1.269999999999996,0.1999999999999993,-0.490000000000002,-0.009999999999999787,0.02999999999999936,-0.539999999999992,1.1199999999999974,-0.09999999999999432,16.579999999999984,0.08000000000000007,-0.240000000000002,-0.28999999999999915,-0.6600000000000037,-0.519999999999996,-0.25,-0.05000000000000071,-0.2799999999999976,0.25,-0.05999999999999872,-0.1999999999999993,-0.07000000000000028,-0.7800000000000011,0.030000000000001137,0.08000000000000007,0.6999999999999957,-0.4200000000000017,-0.5200000000000031,-2.769999999999996,-2.030000000000001,0.0899999999999963,-0.10999999999999988,-0.5599999999999952,-0.120000000000001,4.199999999999989,-0.10000000000000142,-0.25,-0.6299999999999955,-0.09999999999999964,1.1000000000000085,-1.2800000000000011,-2.030000000000001,0.36999999999999744,-0.3299999999999983,-0.4200000000000017,-0.13000000000000256,-0.019999999999999574,-0.629999999999999,-0.9299999999999997,-0.5100000000000051,-0.10999999999999943,-0.25,-0.269999999999996,-0.35000000000002274,1.1000000000000085,0.010000000000001563,-2.5,-0.46999999999999886,-1.980000000000004,-3.6200000000000045,-0.3399999999999963,-0.5799999999999983,-0.15000000000000568,-0.21999999999999886,2.6500000000000057,0.16000000000000014,-0.01999999999999602,-0.010000000000000009,0.040000000000000036,0.23000000000000043,-0.06000000000000005,0.08999999999999986,0.040000000000000036,0.08999999999999986,-0.17999999999999972,0.040000000000000036,-0.05999999999999961,-0.19000000000000128,0.25,-0.6099999999999994,0.08000000000000007,0.07000000000000028,0.019999999999999574,-0.27000000000000046,-0.29999999999999716,-0.11999999999999922,-0.07000000000000028,-0.10999999999999943,-0.009999999999999787,-0.7899999999999991,-0.35999999999999943,0.030000000000001137,-0.020000000000003126,0.120000000000001,-0.05000000000000071,0.0,-0.02999999999999936,-0.8200000000000003,-0.3299999999999983,-0.03999999999999915,0.0,0.05999999999999872,-0.0600000000000005,-0.379999999999999,0.129999999999999,-2.280000000000001,-0.46000000000000085,-0.35999999999999943,0.08000000000000007,0.13999999999999968,1.740000000000009,-0.04999999999999716,-0.16999999999999815,-0.46000000000000085,0.39000000000000057,-0.20000000000000107,0.3499999999999943,0.029999999999999805,0.5400000000000063,-0.509999999999998,-0.3100000000000023,-0.049999999999998934,0.14999999999999858,-0.5799999999999983,-0.35999999999999943,1.25,0.040000000000000036,0.08000000000000185,-1.3100000000000023,-0.13000000000000078,-0.2099999999999973,-0.0600000000000005,-0.4800000000000004,-0.4400000000000013,-0.17999999999999972,-0.33999999999999986,0.009999999999999787,0.0,0.14000000000000057,0.08000000000000007,-0.6199999999999974,-1.4899999999999949,0.0,0.2900000000000009,0.04999999999999716,-0.09000000000000075,0.1800000000000015,0.05000000000000071,-0.4100000000000037,-0.02000000000000135,-0.019999999999999574,0.6199999999999974,1.3100000000000023,-0.09999999999999964,-0.1899999999999995,-0.3200000000000003,0.05999999999999872,-0.259999999999998,0.08000000000000007,-0.1999999999999993,0.11000000000000298,-0.5500000000000007,-0.2900000000000009,0.019999999999999574,-0.9699999999999989,-0.0699999999999994,-0.4200000000000017,-0.08999999999999986,-0.10999999999999943,0.5600000000000023,0.17999999999999972,0.019999999999999574,-0.1200000000000001,-0.08000000000000007,0.0,-0.8999999999999986,0.07000000000000028,-0.009999999999999787,-0.029999999999999805,0.5900000000000034,-0.8000000000000007,0.11000000000000032,-0.05999999999999961,0.040000000000000036,0.06999999999999673,-0.01999999999999602,-0.5399999999999991,-0.0600000000000005,-0.040000000000000036,0.08999999999999986,-0.3500000000000014,0.8100000000000023,-0.34999999999999964,0.030000000000001137,0.17999999999999972,-0.08999999999999986,-0.22000000000000242,-0.08000000000000007,0.17999999999999972,0.009999999999999787,0.040000000000000036,-0.120000000000001,0.17999999999999972,-0.129999999999999,-0.9900000000000091,0.1999999999999993,0.049999999999998934,0.0,-0.029999999999999805,-0.33999999999999986,-0.1299999999999999,-0.28999999999999915,-0.08000000000000007,-0.019999999999999574,-0.20000000000000284,-0.1800000000000006,5.950000000000003,0.04000000000000625,-1.1000000000000014,0.00999999999999801,0.15000000000000568,-1.6699999999999875,0.11999999999999744,-2.799999999999997,-0.5599999999999952,-2.219999999999999,-0.46000000000000085,-0.46000000000000085,0.10000000000000142,0.25,-0.6799999999999997,-1.0600000000000023,-0.020000000000000462,-1.9000000000000057,0.19999999999998863,-0.789999999999992,-7.110000000000014,-2.7700000000000102,-1.519999999999996,-0.28999999999999915,-4.2900000000000205,-0.16000000000000014,0.030000000000001137,-0.11000000000000121,7.990000000000009,0.0,-0.3099999999999987,-0.8699999999999974,-0.4299999999999997,-0.389999999999997,0.35999999999999943,-2.259999999999991
2024-12-04,-0.02999999999999936,-0.1899999999999995,-0.3500000000000014,-0.08999999999999986,-0.08000000000000007,-0.03000000000000025,-0.0600000000000005,-0.16000000000000014,-1.6400000000000006,-0.040000000000000924,-0.2699999999999996,-0.11000000000000121,0.529999999999994,-1.0800000000000125,0.9799999999999898,-0.1299999999999999,-0.22999999999999865,-0.28000000000000114,-1.5499999999999972,-0.030000000000001137,0.04999999999999982,0.5900000000000034,-0.16999999999999815,0.05999999999999872,0.3099999999999987,-0.17999999999999972,0.16000000000000014,1.2600000000000193,0.16999999999999993,-0.1800000000000006,-0.28000000000000114,-0.41000000000000014,-0.8599999999999994,-0.38000000000000256,-0.0,-0.5800000000000054,-0.28000000000000114,-0.3899999999999988,0.33999999999999986,-0.259999999999998,-0.019999999999999574,-0.3299999999999983,-0.6500000000000021,-0.4599999999999973,0.379999999999999,-0.10000000000000142,-0.28000000000000114,-0.3299999999999983,-0.13000000000000078,0.0,-0.18000000000000327,-0.5300000000000011,-0.07000000000000028,-0.35999999999999943,0.9400000000000119,-0.9600000000000009,0.5800000000000054,-2.8600000000000136,-0.34999999999999964,-0.31999999999999673,0.7699999999999996,1.3199999999999932,-0.6700000000000017,-0.7199999999999989,0.10999999999999943,0.4400000000000013,-2.669999999999959,0.5100000000000016,0.2900000000000027,0.019999999999999574,0.8000000000000007,-0.5700000000000003,-0.129999999999999,1.1799999999999997,1.9500000000000028,1.1000000000000014,-1.1099999999999994,-1.8599999999999994,1.1899999999999977,0.019999999999999574,-0.7700000000000031,-0.21999999999999886,0.17000000000001592,-0.4299999999999997,0.75,0.10999999999999943,0.46999999999999886,-1.7900000000000063,3.200000000000003,-1.9799999999999898,0.6099999999999994,-1.999999999999993,0.3500000000000014,1.0799999999999983,-0.2900000000000027,-0.7800000000000011,-1.0700000000000003,-1.3499999999999943,-0.3100000000000023,-0.4799999999999969,-1.7900000000000063,-2.8699999999999477,-2.4499999999999886,-0.620000000000001,-1.1499999999999773,1.8400000000000034,-4.950000000000003,5.909999999999997,0.9299999999999997,-1.0399999999999991,1.75,0.10999999999999943,0.4000000000000057,-0.09999999999999964,0.5900000000000034,-0.0,-0.009999999999999787,0.05999999999999961,0.009999999999999787,-0.009999999999999787,-0.0,0.010000000000000675,0.0600000000000005,-0.13000000000000078,0.11000000000000032,-0.2799999999999976,-0.17999999999999972,-0.30999999999999517,-0.1200000000000001,-0.20000000000000107,-0.020000000000000462,-0.25,0.19000000000000483,-0.15000000000000036,-1.0799999999999983,0.05000000000000071,0.08000000000000007,-1.6099999999999994,-0.060000000000002274,-0.15000000000000036,-0.03999999999999915,-0.1999999999999993,-0.4299999999999997,-0.0,0.120000000000001,-0.23000000000000398,1.6599999999999966,-0.23999999999999844,-0.08000000000000007,0.00999999999999801,-0.14999999999999858,-0.129999999999999,-0.21000000000000085,4.359999999999985,1.1400000000000006,-0.5,-0.030000000000001137,-0.10999999999999988,-6.740000000000009,-0.019999999999999574,-0.5700000000000003,-0.4299999999999997,-0.1700000000000017,0.41999999999999993,1.1099999999999994,-0.08999999999999986,0.0799999999999983,-0.36999999999999744,-0.14000000000000057,0.45000000000000107,-0.16000000000000014,-0.490000000000002,-0.490000000000002,-0.8399999999999963,0.0,0.08999999999999986,-0.5300000000000011,-0.17999999999999972,0.45000000000000284,-0.21000000000000085,-0.34000000000000163,-0.15000000000000213,-0.259999999999998,-0.5,-0.040000000000000036,-0.08999999999999986,0.019999999999999574,-0.09999999999999964,-0.5899999999999999,-1.1400000000000006,-0.14000000000000057,0.08000000000000007,-0.019999999999999574,0.02999999999999936,-0.02000000000000135,0.5500000000000007,-0.25,-0.21999999999999886,-0.21999999999999886,-1.8700000000000045,0.8599999999999994,0.11000000000000032,-0.13000000000000078,0.35999999999999943,-0.47999999999999865,-0.029999999999997584,0.009999999999999787,-0.1399999999999988,-0.2900000000000027,-0.8500000000000014,0.08999999999999986,-0.11999999999999922,-0.5999999999999996,0.020000000000000462,-0.5,-0.02999999999999936,0.010000000000000675,-0.30000000000000426,-0.6899999999999995,-0.040000000000000036,-0.019999999999999574,-0.04999999999999982,-0.04999999999999982,-0.46999999999999886,-0.0,0.4800000000000004,-0.04999999999999982,-0.6000000000000014,-0.6499999999999986,0.0,-0.03000000000000025,-0.09999999999999964,-0.13999999999999702,-0.7199999999999989,-0.33999999999999986,-0.379999999999999,-0.1299999999999999,-0.05000000000000071,-0.25,2.3300000000000125,-0.08999999999999986,-0.10999999999999943,-0.009999999999999787,0.020000000000000018,-0.2799999999999976,-0.33999999999999986,1.1600000000000001,-0.029999999999999805,-0.009999999999999787,-0.3000000000000007,0.16000000000000014,-0.08000000000000007,-1.5600000000000023,-0.4399999999999995,-0.19000000000000128,-0.2599999999999998,-0.009999999999999787,-0.05000000000000071,-0.11999999999999922,0.040000000000000924,0.020000000000000462,-0.040000000000000036,-0.3200000000000003,-0.17999999999999972,0.15000000000000568,-0.010000000000005116,-0.8400000000000034,-1.2100000000000009,-0.6000000000000014,-1.6499999999999915,-0.28999999999999915,1.7000000000000028,1.5600000000000023,-0.4399999999999977,-0.34999999999999787,-0.45000000000000284,-0.629999999999999,-0.5499999999999972,-0.8299999999999983,-2.1500000000000057,-0.05999999999999961,-2.0700000000000074,-2.3400000000000034,0.5100000000000051,0.8200000000000216,-0.5999999999999943,-3.519999999999982,-0.2600000000000051,3.099999999999966,0.08999999999999986,-0.3499999999999943,-0.22000000000000064,17.389999999999986,-0.6100000000000136,0.9600000000000009,-1.5200000000000031,0.19000000000000483,-0.6500000000000021,1.0199999999999996,-0.4399999999999977
2024-12-05,-0.02000000000000135,-0.030000000000001137,-0.019999999999999574,0.029999999999999805,-0.010000000000000675,-0.08999999999999986,-0.04999999999999982,0.08000000000000007,0.23000000000000398,-0.08999999999999986,0.5800000000000018,-0.019999999999999574,-0.2600000000000051,-0.799999999999983,3.3300000000000125,0.03000000000000025,0.03999999999999915,-0.3100000000000023,1.730000000000004,-0.07000000000000028,0.0,-0.05999999999999517,-0.120000000000001,0.08999999999999986,-0.2900000000000027,0.04999999999999716,0.009999999999999787,-0.6999999999999886,-0.07000000000000028,0.010000000000000675,-0.10000000000000142,0.23999999999999844,0.38000000000000256,0.14000000000000057,-0.03999999999999915,-0.4299999999999997,0.030000000000001137,-0.11000000000000121,-0.21999999999999886,-0.030000000000001137,-0.08999999999999986,-0.789999999999992,-0.10000000000000142,0.08999999999999986,0.02999999999999936,0.00999999999999801,-0.14999999999999858,-0.010000000000001563,-0.1899999999999995,-1.4199999999999946,0.05000000000000071,-0.05999999999999872,-0.019999999999999574,-0.03999999999999915,-0.3399999999999892,0.759999999999998,-0.28999999999999915,-3.5500000000000114,0.11999999999999922,0.04999999999999716,0.0799999999999983,-0.22000000000000597,0.11999999999999744,-0.22000000000000597,-0.09999999999999964,-0.5800000000000018,4.720000000000027,0.10999999999999943,-0.0799999999999983,-0.25,-0.03999999999999915,-0.0799999999999983,-0.03999999999999915,0.25,-0.8599999999999994,0.5200000000000031,0.3499999999999943,2.4399999999999977,-0.5200000000000031,-0.019999999999999574,-0.259999999999998,-0.0600000000000005,13.170000000000016,-0.5500000000000007,0.28000000000000114,-0.25,0.009999999999999787,-0.5499999999999972,-1.009999999999991,-3.819999999999993,-0.09999999999999432,-0.5700000000000003,0.010000000000005116,0.6699999999999982,0.25,0.14000000000000057,0.20000000000000284,0.46999999999999886,-0.04999999999999716,-0.09000000000000341,0.04999999999999716,-2.9700000000000273,-1.230000000000004,-0.07000000000000028,4.560000000000002,0.12000000000000455,0.20999999999999375,-1.200000000000017,-0.020000000000003126,-0.020000000000003126,-0.5899999999999892,-0.07000000000000028,-3.819999999999993,-0.10999999999999943,-0.0799999999999983,0.0,-0.03000000000000025,-0.04999999999999982,-0.03000000000000025,-0.0600000000000005,0.009999999999999787,-0.0,0.23000000000000043,-0.09000000000000075,-0.16999999999999993,0.09999999999999787,0.08999999999999986,0.09999999999999432,-0.040000000000000036,-0.05999999999999872,-0.020000000000000462,0.08000000000000007,0.0,-0.13000000000000078,0.4299999999999997,-0.43000000000000327,0.05999999999999961,-1.2999999999999972,-0.29999999999999716,0.03999999999999915,-0.0799999999999983,-0.16000000000000014,-0.17999999999999972,-0.029999999999999805,-0.02999999999999936,0.44999999999999574,-1.0700000000000074,-0.08999999999999986,0.1800000000000015,-0.21999999999999886,0.03999999999999915,0.3100000000000023,-0.2699999999999996,-1.9499999999999886,0.3100000000000023,-0.10000000000000142,-0.13000000000000078,-0.020000000000000018,-9.0,-0.23000000000000043,-0.41999999999999815,0.010000000000005116,0.259999999999998,0.28000000000000114,-0.37000000000000455,0.020000000000000018,1.230000000000004,-0.17999999999999972,-0.5200000000000031,-0.17999999999999972,0.33999999999999986,0.25,-0.05000000000000071,0.4299999999999997,0.03000000000000025,-0.26000000000000156,-0.8599999999999852,-0.11999999999999922,0.10000000000000142,-0.019999999999999574,-0.060000000000002274,-0.2699999999999996,0.480000000000004,-0.14999999999999858,-0.020000000000000462,0.07999999999999918,0.02999999999999936,-0.019999999999999574,-0.4499999999999993,-0.6499999999999915,-0.03999999999999915,-0.07000000000000028,-0.16000000000000014,-0.04999999999999982,-0.03999999999999915,0.010000000000001563,0.490000000000002,-0.23000000000000043,-0.16000000000000014,-0.17999999999999972,0.04999999999999716,0.14999999999999947,-0.05999999999999872,-0.6600000000000001,0.1700000000000017,-0.16000000000000014,-0.009999999999999787,0.019999999999999574,0.14000000000000057,0.029999999999997584,0.009999999999999787,-0.129999999999999,-0.28999999999999915,0.009999999999999787,-0.25,-0.0600000000000005,-0.05000000000000071,-0.46999999999999886,-0.8699999999999992,0.040000000000000036,-0.03000000000000025,0.0,-0.09999999999999964,-0.5900000000000034,-0.120000000000001,-0.22999999999999865,-0.010000000000000231,-0.35999999999999943,-0.1700000000000017,0.0,-0.040000000000000036,0.009999999999999787,0.029999999999997584,-0.6400000000000006,-0.4800000000000004,-0.15000000000000036,-0.040000000000000036,0.030000000000001137,-0.9400000000000013,-2.009999999999991,-0.019999999999999574,-0.2699999999999996,0.009999999999999787,-0.029999999999999805,-0.14999999999999858,-0.15000000000000036,-0.39000000000000057,0.0,-0.07000000000000028,-0.13999999999999702,0.08000000000000007,-0.17999999999999972,-0.1699999999999875,-0.03999999999999915,-0.3200000000000003,0.009999999999999787,-0.010000000000000231,-0.129999999999999,0.040000000000000924,-0.040000000000000924,-0.03000000000000025,-0.009999999999999787,0.240000000000002,0.07000000000000028,-2.049999999999997,-1.1300000000000097,-0.07000000000000028,0.0800000000000054,-0.4200000000000017,-1.0900000000000034,-0.44000000000000483,-0.7099999999999937,-0.3500000000000014,-0.6200000000000045,0.08999999999999986,-0.03999999999999915,0.26000000000000156,-2.1099999999999994,-0.019999999999999574,-0.7900000000000063,-0.14999999999999947,0.07000000000000739,0.060000000000002274,0.46999999999999886,-1.240000000000009,1.4000000000000057,-0.8699999999999761,-0.6700000000000017,-14.699999999999989,-0.11999999999999744,-0.5,0.10999999999999943,17.519999999999982,0.3100000000000023,-0.4400000000000013,-0.22999999999999687,-0.4799999999999969,-1.1600000000000001,0.010000000000001563,-0.6700000000000017
2024-12-06,-0.22000000000000064,-0.16000000000000014,-0.5300000000000011,-0.07000000000000028,-0.11000000000000032,-0.02999999999999936,-0.08999999999999986,0.08000000000000007,-1.1299999999999955,-0.10999999999999943,0.22000000000000242,-0.03999999999999915,-0.9400000000000048,-1.9099999999999966,1.3600000000000136,-0.09999999999999964,-0.14000000000000057,0.04999999999999716,-2.0799999999999983,-0.2599999999999998,-0.04999999999999982,-0.3999999999999986,-0.3299999999999983,-0.15000000000000213,0.3099999999999987,-0.3100000000000023,-0.11999999999999922,-1.4099999999999966,0.10999999999999943,-0.02999999999999936,-0.08999999999999986,-0.41000000000000014,0.1700000000000017,-1.5800000000000054,-0.08999999999999986,-0.20999999999999375,0.16000000000000014,0.019999999999999574,0.23999999999999844,-0.17999999999999972,0.05999999999999961,-1.039999999999992,0.16000000000000014,-0.1999999999999993,0.0600000000000005,-0.379999999999999,-0.3299999999999983,-1.6099999999999994,0.009999999999999787,0.5200000000000031,-0.740000000000002,-0.6999999999999993,-0.0699999999999994,-0.16000000000000014,-0.5600000000000023,-0.17999999999999972,-0.35999999999999943,6.589999999999975,-0.120000000000001,-0.9200000000000017,0.129999999999999,-0.4200000000000017,-0.8200000000000003,-0.8400000000000034,0.07000000000000028,-0.34999999999999787,-5.019999999999982,-0.22000000000000242,0.1999999999999993,-0.05000000000000071,-0.4399999999999977,-0.030000000000001137,-0.08999999999999986,-0.6799999999999997,-5.63000000000001,-1.769999999999996,-1.3400000000000034,1.710000000000008,-1.5,0.019999999999999574,-1.4299999999999997,-0.33999999999999986,2.4700000000000273,-0.35999999999999943,-1.2899999999999991,-0.17999999999999972,-0.35999999999999943,-0.5999999999999943,-1.789999999999992,-0.3300000000000125,-0.07000000000000028,-3.299999999999997,-0.7100000000000009,-0.8000000000000007,-0.8000000000000007,-0.14000000000000057,-2.280000000000001,-1.269999999999996,-0.10999999999999943,-0.990000000000002,-3.6499999999999915,-10.550000000000011,-2.3100000000000023,-2.210000000000001,-7.810000000000002,-5.439999999999998,-4.430000000000007,-6.640000000000015,-1.1000000000000014,-0.730000000000004,-0.8100000000000023,-0.259999999999998,-0.8200000000000074,-0.05999999999999872,-0.5200000000000031,-0.07999999999999985,-0.07000000000000028,-0.11000000000000032,-0.040000000000000036,-0.04999999999999982,-0.08999999999999986,0.08000000000000007,0.019999999999999574,0.020000000000000462,-0.33000000000000007,-0.33999999999999986,-0.07000000000000028,-0.7900000000000063,-0.10999999999999943,-0.09999999999999964,0.03000000000000025,-0.10999999999999943,0.14999999999999858,0.13000000000000078,-0.5199999999999996,0.09000000000000341,-0.16999999999999993,-0.539999999999992,-0.02999999999999403,-0.3000000000000007,-1.6400000000000006,0.08999999999999986,-0.3000000000000007,-0.0900000000000003,-0.129999999999999,-0.5799999999999983,1.2999999999999972,-0.23999999999999844,-0.15000000000000036,-0.2699999999999996,-0.14000000000000057,-0.28000000000000114,-0.7199999999999989,-1.9799999999999898,1.1600000000000001,-0.129999999999999,-0.0,0.020000000000000018,-10.009999999999991,-0.08999999999999986,-0.08999999999999986,-0.25,-0.25,-0.049999999999998934,-1.9300000000000068,-0.08999999999999986,0.030000000000001137,0.0,-0.6600000000000001,0.629999999999999,0.10999999999999943,-0.3100000000000023,-0.19000000000000128,-0.3299999999999983,-0.040000000000000036,-0.11000000000000298,-1.2399999999999807,-0.14000000000000057,-0.19000000000000128,-0.16000000000000014,0.22999999999999865,-0.3999999999999986,0.09000000000000341,-0.120000000000001,-0.05000000000000071,-0.07000000000000028,-0.16000000000000014,-0.0600000000000005,-0.03999999999999915,0.23000000000000398,-0.23000000000000043,-0.15000000000000036,-0.1999999999999993,-0.0600000000000005,-0.009999999999999787,0.08999999999999986,-1.3999999999999986,-0.09999999999999964,-0.3200000000000003,-0.4200000000000017,-1.2199999999999989,-0.4300000000000015,-0.10999999999999943,0.060000000000002274,-0.05000000000000071,-0.22999999999999687,-0.08999999999999986,-0.0600000000000005,-0.1700000000000017,-0.16000000000000014,-0.0,-0.08000000000000007,-0.120000000000001,-0.03000000000000025,-1.4399999999999977,-0.20000000000000018,-0.0600000000000005,-3.210000000000001,0.1800000000000015,-0.03000000000000025,-0.07000000000000028,-0.0600000000000005,-0.09999999999999964,-1.2600000000000051,-0.4800000000000004,0.10999999999999943,-0.06000000000000005,-1.6199999999999974,-0.10999999999999943,-0.05999999999999961,-0.040000000000000036,-0.04999999999999982,-0.5,-0.010000000000005116,-0.3100000000000023,0.02000000000000135,-0.009999999999999787,0.049999999999998934,-0.29999999999999716,-0.0800000000000125,-0.08000000000000007,0.09999999999999964,0.040000000000000036,-0.04999999999999982,-0.00999999999999801,0.030000000000001137,0.5399999999999991,-0.04999999999999982,-0.0600000000000005,-0.25,-0.0600000000000005,-0.26000000000000156,-0.6599999999999966,0.0600000000000005,0.20999999999999908,0.0600000000000005,-0.03000000000000025,-0.08000000000000007,-0.03999999999999915,-0.13000000000000078,-0.019999999999999574,-0.04999999999999982,-0.9699999999999989,0.02999999999999936,1.039999999999992,-0.8599999999999994,-3.8100000000000023,-0.28000000000000114,-0.3400000000000034,-1.5800000000000125,0.0800000000000054,0.39000000000000057,-0.8200000000000003,-1.6299999999999955,-0.3299999999999983,-0.759999999999998,-0.14000000000000057,-1.1400000000000006,0.1999999999999993,-0.9000000000000057,-0.04999999999999982,-1.2999999999999972,0.009999999999990905,-1.8800000000000097,-3.6200000000000045,-4.02000000000001,-1.789999999999992,-0.29999999999999716,-1.9700000000000273,-0.7999999999999972,-0.28999999999999915,-0.0600000000000005,16.519999999999982,-0.410000000000025,0.5299999999999976,-1.5599999999999952,-0.75,0.629999999999999,-0.019999999999999574,-1.9300000000000068
2024-12-09,0.009999999999999787,0.2599999999999998,-0.240000000000002,-0.10000000000000009,0.040000000000000036,-0.040000000000000036,-0.0699999999999994,-0.010000000000001563,0.28000000000000114,-0.02999999999999936,0.07000000000000028,-0.08999999999999986,-0.17999999999999972,-0.3300000000000125,-3.9499999999999886,-0.1299999999999999,-0.08999999999999986,0.0799999999999983,-1.0999999999999943,0.040000000000000924,-0.019999999999999574,0.7800000000000011,-0.5399999999999991,-0.20000000000000284,-0.14000000000000057,-0.1999999999999993,0.040000000000000924,-0.6800000000000068,-0.03999999999999915,0.02999999999999936,-0.22000000000000242,-0.379999999999999,0.01999999999999602,-0.9400000000000048,-0.019999999999999574,0.3499999999999943,-0.09999999999999787,0.25,0.030000000000001137,-0.10000000000000142,0.15000000000000036,-1.039999999999992,-0.620000000000001,-0.17999999999999972,-0.1999999999999993,-0.08999999999999986,0.509999999999998,-0.4299999999999997,-0.05000000000000071,-0.8599999999999994,-0.0400000000000027,0.20000000000000284,0.02999999999999936,-0.1800000000000015,-0.6500000000000057,-0.12999999999999545,0.25,-7.789999999999964,-0.27999999999999936,-0.629999999999999,-0.35999999999999943,-0.759999999999998,-0.6400000000000006,-0.3299999999999983,-0.049999999999998934,-0.08999999999999986,0.21000000000003638,-0.11999999999999744,0.0799999999999983,-0.10000000000000142,-0.22999999999999687,0.8599999999999994,0.1399999999999988,0.259999999999998,-1.3999999999999915,0.6100000000000065,-0.6499999999999915,-2.4799999999999898,-0.18999999999999773,0.020000000000000462,-0.7999999999999972,-0.14000000000000057,-11.699999999999989,-0.3000000000000007,-0.33999999999999986,-0.3500000000000014,0.2400000000000002,-1.4599999999999937,-1.9200000000000017,6.409999999999997,-0.5900000000000034,-0.15000000000000568,-1.1899999999999977,-1.3599999999999994,-0.25,-0.33999999999999986,-1.3100000000000023,-1.5399999999999991,0.2900000000000027,-0.07000000000000028,-0.01999999999999602,1.5,-2.160000000000011,-0.05000000000000071,-2.9599999999999795,-1.9500000000000028,-1.4100000000000108,-4.360000000000014,-0.4100000000000037,-0.6300000000000026,-4.079999999999998,-0.4099999999999966,-4.239999999999995,-0.03999999999999915,-0.00999999999999801,-0.020000000000000018,-0.0600000000000005,0.040000000000000036,0.010000000000000675,-0.010000000000000675,0.03000000000000025,-0.0699999999999994,-0.16999999999999993,-0.05999999999999961,0.16999999999999993,-0.11999999999999744,-0.030000000000001137,0.0,-0.009999999999999787,0.28000000000000114,-0.14999999999999947,-0.08999999999999986,-0.4200000000000017,-0.14000000000000057,-0.3099999999999987,-0.2900000000000027,0.10000000000000053,-1.3600000000000065,-0.05000000000000426,-0.3200000000000003,-0.5899999999999999,-0.08000000000000007,0.11000000000000298,-0.05000000000000071,0.030000000000001137,-0.14999999999999858,-0.45999999999999375,-0.0799999999999983,-0.33000000000000007,0.08999999999999986,0.120000000000001,0.060000000000002274,-0.08999999999999986,2.8700000000000045,-0.2700000000000031,-0.5,-0.28000000000000114,-0.020000000000000018,-2.2100000000000364,-0.5799999999999983,0.16000000000000014,-0.9299999999999997,0.3500000000000014,-0.2699999999999996,-0.35999999999999943,-0.06999999999999984,-0.2600000000000051,-0.029999999999997584,0.16000000000000014,-0.9100000000000001,-0.33999999999999986,-0.4100000000000037,-0.3500000000000014,-0.8200000000000003,0.03000000000000025,-0.17999999999999972,-0.46999999999999886,-0.1800000000000015,-0.20000000000000284,-0.13000000000000078,0.2699999999999978,0.41999999999999815,1.4799999999999969,0.23000000000000043,-0.009999999999999787,-0.08999999999999986,0.10999999999999943,-0.07000000000000028,-0.23999999999999844,-0.07000000000000739,-0.08000000000000007,-0.6999999999999975,-0.16000000000000014,-0.0,-0.009999999999999787,-0.22000000000000242,0.1700000000000017,-0.120000000000001,-0.17999999999999972,0.1599999999999966,-2.3799999999999955,0.21999999999999886,-0.120000000000001,-0.4700000000000024,0.5199999999999996,0.05000000000000071,0.07000000000000028,0.15000000000000036,-0.3000000000000007,0.21000000000000085,-0.15000000000000036,-0.11999999999999922,0.040000000000000924,0.05999999999999961,-0.28999999999999915,0.05999999999999961,0.03000000000000025,1.1199999999999974,-0.3800000000000008,-0.05999999999999961,-0.040000000000000036,-0.0,0.0,-0.3500000000000014,-0.16000000000000014,-0.27999999999999936,-0.009999999999999787,0.3100000000000023,-0.09999999999999787,0.009999999999999787,-0.040000000000000036,0.02999999999999936,-0.1999999999999993,0.7899999999999991,0.7199999999999989,0.08000000000000007,-0.10000000000000053,-0.08999999999999986,0.40000000000000213,-2.109999999999985,0.26000000000000156,0.05000000000000071,-0.11000000000000032,0.010000000000000231,0.060000000000002274,-0.10999999999999943,0.010000000000001563,0.0,-0.040000000000000036,0.05000000000000071,-0.1899999999999995,-0.21000000000000085,-1.269999999999996,0.08999999999999986,-0.19000000000000128,-0.09999999999999964,0.020000000000000018,-0.009999999999999787,-0.019999999999999574,0.07000000000000028,0.05000000000000071,-0.009999999999999787,-0.18999999999999773,0.03000000000000025,-2.0,-1.3700000000000045,-3.759999999999998,-0.5,-0.25,-1.990000000000009,-0.02999999999999403,0.6999999999999886,1.3999999999999986,-0.8099999999999881,-0.5199999999999996,-0.18999999999999773,-0.03999999999999915,-0.25,-0.6000000000000014,2.660000000000011,-0.03000000000000025,-2.2099999999999937,0.18999999999999773,-1.3600000000000136,-2.0500000000000114,-1.8799999999999955,-0.8199999999999932,0.0899999999999963,-12.57000000000005,-0.4799999999999969,-1.0500000000000043,-0.17999999999999972,14.600000000000023,0.8899999999999864,-0.030000000000001137,-0.9399999999999977,-0.5499999999999972,-0.6099999999999994,-0.5300000000000011,-2.1500000000000057
2024-12-10,-0.11999999999999922,-0.16000000000000014,-0.07000000000000028,-0.040000000000000036,-0.16000000000000014,-0.16999999999999993,-0.03000000000000025,0.02000000000000135,-0.710000000000008,-0.009999999999999787,0.11000000000000298,-0.0,-0.22999999999999687,-3.8100000000000023,-2.5,-0.16999999999999993,0.009999999999999787,-0.6299999999999955,-1.1499999999999915,-0.0,-0.05999999999999961,-0.18999999999999773,-0.259999999999998,-0.17999999999999972,-0.6799999999999997,-0.019999999999999574,0.08000000000000007,-3.3400000000000034,-0.049999999999998934,-0.10999999999999943,0.3100000000000023,-0.120000000000001,0.7199999999999989,-0.19000000000000483,-0.009999999999999787,-0.4099999999999966,0.060000000000002274,-0.10000000000000142,-0.08999999999999986,-0.08999999999999986,-0.16999999999999993,-0.5699999999999932,-0.26000000000000156,-0.07000000000000028,0.030000000000001137,-0.5199999999999996,-0.09000000000000341,0.05000000000000071,0.10999999999999943,-1.8299999999999983,-0.20000000000000284,-0.4099999999999966,-0.009999999999999787,-0.3100000000000005,-0.6099999999999994,-1.8000000000000043,-0.5100000000000051,-0.5500000000000114,-0.040000000000000924,-0.6999999999999993,0.25,0.5799999999999983,0.10999999999999943,-1.009999999999998,-0.019999999999999574,0.08999999999999986,-2.0600000000000023,-0.15000000000000213,0.030000000000001137,0.0400000000000027,0.38000000000000256,-0.20000000000000284,0.09999999999999964,0.10000000000000142,-1.0,-0.10000000000000142,0.14000000000000057,2.230000000000004,-1.0799999999999983,0.020000000000000462,0.6999999999999957,-0.28000000000000114,3.3100000000000023,-0.46000000000000085,0.04999999999999716,-0.269999999999996,-0.019999999999999574,-0.5900000000000034,0.2599999999999909,1.9499999999999886,-0.17999999999999972,-0.6400000000000006,-0.23000000000000398,0.05999999999999872,-0.4299999999999997,0.060000000000002274,-0.8499999999999943,0.36999999999999744,-0.240000000000002,-0.46999999999999886,1.5300000000000011,-2.519999999999982,0.9599999999999937,-0.5,-3.1299999999999955,0.28000000000000114,0.0899999999999892,-7.960000000000008,0.25,-0.9600000000000009,0.12000000000000455,-0.5499999999999972,-10.740000000000009,-0.14000000000000057,-0.060000000000002274,-0.07000000000000028,0.08000000000000007,-0.0,-0.019999999999999574,0.040000000000000036,0.040000000000000036,0.04999999999999982,-0.0600000000000005,0.02999999999999936,-0.10000000000000053,-0.35999999999999943,-0.05000000000000071,-0.8999999999999986,0.05999999999999961,-0.16000000000000014,-0.04999999999999982,-0.020000000000000462,-0.5200000000000031,-0.15000000000000036,0.10000000000000142,-0.08000000000000185,-0.009999999999999787,-0.8000000000000043,-0.00999999999999801,-0.09999999999999964,-0.6499999999999986,0.08000000000000007,-0.030000000000001137,-0.010000000000000675,-0.009999999999999787,1.25,-1.2099999999999937,-0.00999999999999801,0.030000000000001137,-0.0799999999999983,-0.0600000000000005,0.010000000000001563,-0.3299999999999983,-1.8000000000000114,0.4799999999999969,-0.010000000000001563,-0.0600000000000005,0.010000000000000231,-27.789999999999964,-0.16999999999999815,-0.5899999999999999,0.0800000000000054,-0.23000000000000043,-0.15000000000000036,-0.7199999999999989,-0.020000000000000018,-0.259999999999998,0.07000000000000028,-0.3200000000000003,-0.15000000000000036,-0.029999999999997584,-0.12000000000000455,-1.1799999999999997,-0.490000000000002,0.040000000000000036,-0.00999999999999801,-4.5400000000000205,-0.09000000000000163,-0.11000000000000298,0.009999999999999787,0.3399999999999981,-0.6999999999999993,0.4099999999999966,0.39000000000000057,0.020000000000000462,-0.04999999999999982,-0.08000000000000007,-0.03999999999999915,-0.2099999999999973,0.39000000000000057,-0.0600000000000005,-0.0799999999999983,-0.5200000000000031,0.040000000000000036,-0.0,0.00999999999999801,-0.6400000000000006,-0.2400000000000002,-0.16999999999999815,-0.03999999999999915,1.7100000000000009,-0.20000000000000107,-0.010000000000001563,-0.010000000000001563,-0.4499999999999993,-0.14000000000000057,-0.040000000000000036,-0.0,-0.129999999999999,0.030000000000001137,-0.08999999999999986,-0.08999999999999986,0.08000000000000007,-0.040000000000000036,-0.7899999999999991,-0.020000000000000462,-0.09999999999999964,-0.8900000000000006,-0.22000000000000064,-0.04999999999999982,0.020000000000000462,-0.09999999999999964,-0.03000000000000025,-0.759999999999998,0.14999999999999858,0.29999999999999893,0.010000000000000231,-0.1599999999999966,-0.259999999999998,-0.040000000000000036,-0.020000000000000462,-0.009999999999999787,-0.120000000000001,-1.1000000000000014,-1.4100000000000001,-0.019999999999999574,-0.03000000000000025,-0.05000000000000071,0.379999999999999,-2.9399999999999977,-0.11000000000000121,0.02999999999999936,-0.040000000000000036,-0.009999999999999787,-0.21000000000000085,-0.07000000000000028,-0.10000000000000142,-0.009999999999999787,0.040000000000000036,-0.00999999999999801,-0.09999999999999964,-0.03999999999999915,-1.3599999999999994,0.17999999999999972,-0.17999999999999794,0.030000000000001137,-0.020000000000000018,0.0600000000000005,-0.11999999999999922,0.08000000000000007,-0.05999999999999961,0.010000000000000675,-0.00999999999999801,-0.019999999999999574,0.04999999999999716,-0.6099999999999994,-1.009999999999998,-0.3499999999999943,-1.1599999999999966,0.0799999999999983,-2.2099999999999937,-0.05000000000001137,-2.009999999999998,-0.3499999999999943,0.16999999999999815,0.030000000000001137,0.08999999999999986,-1.6700000000000017,-0.16000000000000014,-0.37000000000000455,-0.010000000000000675,0.20000000000000284,-2.769999999999982,0.4299999999999926,-2.980000000000018,2.519999999999996,-1.3100000000000023,-0.39000000000000057,-6.639999999999986,-0.5799999999999983,0.480000000000004,-0.0,0.57000000000005,1.789999999999992,-0.46999999999999886,-1.7800000000000011,-0.02999999999999403,-0.8800000000000026,-0.1700000000000017,-1.2199999999999989
2024-12-11,-0.05999999999999872,0.07000000000000028,0.019999999999999574,-0.08999999999999986,-0.20999999999999996,0.019999999999999574,0.02999999999999936,0.08000000000000007,1.259999999999991,0.08000000000000007,0.3200000000000003,-0.08999999999999986,0.4100000000000037,-0.38999999999998636,2.740000000000009,-0.04999999999999982,0.10999999999999943,0.3300000000000054,-0.8999999999999915,0.15000000000000036,0.040000000000000036,0.29000000000000625,0.07000000000000028,-0.07000000000000028,0.28000000000000114,-0.10999999999999943,0.05999999999999872,0.30000000000001137,0.16000000000000014,0.10000000000000053,0.3500000000000014,0.16000000000000014,0.07000000000000028,0.00999999999999801,-0.28999999999999915,0.39000000000000057,0.23000000000000043,0.019999999999999574,0.08999999999999986,0.08999999999999986,-0.05999999999999961,0.15000000000000568,-0.23999999999999844,-0.030000000000001137,0.040000000000000924,-0.7399999999999984,0.5700000000000003,0.07000000000000028,0.03999999999999915,-1.2999999999999972,-0.08999999999999986,-1.2200000000000024,-0.16000000000000014,0.07000000000000028,0.20000000000000284,-0.5500000000000043,-0.30000000000000426,-7.490000000000009,-0.07000000000000028,-0.4599999999999973,-0.040000000000000924,-0.10999999999999943,-0.030000000000001137,0.35999999999999943,0.040000000000000924,-0.030000000000001137,-1.7800000000000296,-0.120000000000001,0.120000000000001,0.11000000000000298,-0.23000000000000043,0.8200000000000003,-0.08000000000000007,0.010000000000005116,-0.5300000000000011,-0.6600000000000037,0.12999999999999545,-2.219999999999999,0.240000000000002,0.0,-1.1000000000000014,0.08999999999999986,-8.970000000000027,-0.3500000000000014,0.08999999999999986,-1.2199999999999989,-0.10999999999999943,0.8199999999999932,0.35999999999999943,1.9799999999999898,-0.5700000000000003,-0.4399999999999977,0.30000000000000426,-0.7300000000000004,0.3000000000000007,-0.4299999999999997,0.6200000000000045,-6.399999999999999,0.21999999999999886,-0.3200000000000003,-1.2000000000000028,-3.4699999999999704,-0.37999999999999545,0.389999999999997,-0.6800000000000068,0.36999999999999034,0.4099999999999966,2.6999999999999886,-0.09999999999999432,0.4200000000000017,0.8900000000000006,0.6499999999999986,-5.659999999999997,-0.16999999999999993,0.25,0.009999999999999787,0.019999999999999574,-0.10000000000000053,-0.03000000000000025,-0.1200000000000001,0.08000000000000007,-0.08999999999999986,0.02000000000000135,0.0,0.02999999999999936,-0.14000000000000057,0.05000000000000071,-0.30000000000000426,-0.03000000000000025,0.13000000000000078,-0.009999999999999787,0.08999999999999897,0.5,-0.02999999999999936,0.25,0.05999999999999872,0.0,1.3499999999999943,-0.13000000000000256,-0.120000000000001,-0.240000000000002,0.17999999999999972,0.3999999999999986,-0.08000000000000007,0.0,0.01999999999999602,0.5200000000000102,0.23000000000000043,0.15999999999999837,0.3099999999999987,0.08999999999999986,0.03999999999999915,0.030000000000001137,-0.5,0.0,0.23999999999999844,0.16000000000000014,-0.06000000000000005,-10.990000000000009,0.16000000000000014,-1.0399999999999991,-0.0899999999999963,-0.08000000000000185,0.27000000000000135,-2.759999999999991,-0.11999999999999966,0.75,-0.0799999999999983,-0.2699999999999996,0.15000000000000036,0.11999999999999744,0.6600000000000037,0.7000000000000028,0.3500000000000014,0.019999999999999574,0.07000000000000028,-0.14000000000001478,0.02999999999999936,0.4499999999999993,-0.010000000000001563,0.05999999999999872,0.25,-0.17999999999999972,0.15000000000000213,0.010000000000000675,0.03000000000000025,-0.07000000000000028,-0.06999999999999851,0.1999999999999993,-0.3200000000000074,0.08000000000000007,0.3500000000000014,-0.19000000000000128,-0.020000000000000462,0.05000000000000071,0.07000000000000028,-1.3299999999999983,0.3600000000000012,-0.07000000000000028,0.8400000000000034,-1.6999999999999957,-0.030000000000001137,0.0,0.18999999999999773,0.21000000000000085,-0.129999999999999,-0.08999999999999986,-0.009999999999999787,0.05000000000000071,0.6400000000000006,-0.07000000000000028,-0.02999999999999936,0.08000000000000007,-0.08000000000000007,-0.7199999999999989,-0.08999999999999986,-0.16999999999999993,-1.5399999999999991,-0.11000000000000121,0.0,-0.019999999999999574,-0.11000000000000032,-0.20999999999999996,-0.9099999999999966,-0.509999999999998,0.16000000000000014,0.03000000000000025,-0.9699999999999989,0.0,0.1200000000000001,-0.009999999999999787,0.0,-0.10999999999999943,2.1199999999999974,-0.05999999999999872,-0.6300000000000008,0.019999999999999574,-0.03999999999999915,-0.2700000000000031,1.8100000000000023,0.009999999999999787,0.22000000000000064,0.10000000000000053,0.06000000000000005,0.370000000000001,0.08999999999999986,0.0,0.009999999999999787,0.11000000000000032,0.23000000000000043,-0.019999999999999574,0.08000000000000007,1.1999999999999886,-0.25,0.060000000000002274,0.010000000000001563,-0.020000000000000018,0.13000000000000078,-0.15999999999999837,-0.040000000000000924,-0.08000000000000007,0.010000000000000675,-0.3200000000000003,0.3699999999999992,-1.2199999999999989,1.0900000000000034,-0.28000000000000114,-0.8100000000000023,0.4200000000000017,-0.9299999999999926,0.75,-0.6300000000000097,1.1200000000000045,1.0600000000000023,-0.41000000000000014,-0.03999999999999915,0.00999999999999801,-1.0,0.6799999999999997,0.519999999999996,0.09999999999999964,-0.6800000000000068,-18.55000000000001,0.5,11.219999999999999,1.0499999999999972,5.920000000000016,0.1699999999999946,13.769999999999982,-0.019999999999999574,-0.0899999999999963,-0.02999999999999936,6.3700000000000045,1.9899999999999807,0.10000000000000142,0.46000000000000085,-0.3200000000000003,0.10999999999999943,-0.39000000000000057,-1.1800000000000068
2024-12-12,-0.11999999999999922,0.03999999999999915,-0.13000000000000256,0.040000000000000036,-0.07000000000000028,0.0600000000000005,-0.07000000000000028,-0.0,0.46000000000000796,-0.129999999999999,0.620000000000001,0.03999999999999915,-0.9499999999999957,-3.609999999999985,-9.97999999999999,0.019999999999999574,-0.4499999999999993,0.14999999999999858,-0.46999999999999886,0.049999999999998934,0.0,-1.2399999999999949,-0.7699999999999996,-0.14000000000000057,-1.2699999999999996,0.0400000000000027,0.010000000000001563,-2.4199999999999875,-0.2900000000000009,0.009999999999999787,0.23999999999999844,-0.120000000000001,-0.4200000000000017,-0.0799999999999983,-0.02999999999999936,-1.1599999999999966,0.019999999999999574,-0.009999999999999787,-0.2699999999999996,-0.14999999999999858,-0.04999999999999982,-0.9099999999999966,0.14000000000000057,-0.120000000000001,-0.049999999999998934,0.23999999999999844,-0.75,-0.8500000000000014,-0.11000000000000121,-0.8800000000000026,0.019999999999999574,-0.15000000000000213,0.0699999999999994,-0.3100000000000005,-1.1099999999999994,-1.230000000000004,-1.1400000000000006,-7.099999999999966,-0.16000000000000014,0.06999999999999673,-0.21000000000000085,-0.779999999999994,-0.44000000000000483,0.11999999999999744,-0.11999999999999922,-0.23000000000000043,-2.910000000000025,0.05999999999999872,-0.6099999999999994,0.13999999999999702,-0.120000000000001,-0.740000000000002,-0.13000000000000078,0.23000000000000398,0.8999999999999915,-1.5600000000000023,0.4899999999999949,1.2000000000000028,0.259999999999998,0.009999999999999787,0.3500000000000014,-0.16000000000000014,5.57000000000005,-0.26000000000000156,0.010000000000001563,-0.3200000000000003,-0.0,-0.21999999999999886,-0.22999999999998977,-5.039999999999992,-0.30000000000000426,0.1700000000000017,0.00999999999999801,0.05000000000000071,-0.120000000000001,0.0400000000000027,0.2400000000000091,-0.259999999999998,-0.3000000000000007,-0.28999999999999915,0.9599999999999937,-6.609999999999957,-1.2399999999999949,-0.10999999999999943,-6.979999999999961,-0.4100000000000108,-1.0499999999999972,4.480000000000018,-1.1899999999999977,-1.019999999999996,-0.8100000000000023,-0.730000000000004,0.08999999999997499,-0.1899999999999995,-0.30999999999999517,-0.04999999999999982,-0.020000000000000462,0.040000000000000036,-0.08000000000000007,-0.10999999999999943,0.10000000000000053,0.020000000000000462,-0.10999999999999943,-0.019999999999999574,-0.07999999999999918,-0.3200000000000003,-0.05999999999999872,-0.5,0.0600000000000005,0.05000000000000071,-0.040000000000000036,-0.08999999999999986,0.4399999999999977,0.02000000000000135,-0.29999999999999716,0.05999999999999872,-0.020000000000000462,-1.8800000000000097,-0.15000000000000568,0.0,0.16000000000000014,-0.049999999999998934,-0.05000000000000071,0.019999999999999574,-0.2400000000000002,-0.10999999999999943,-1.4499999999999886,-0.5500000000000007,-0.5100000000000016,0.18000000000000327,-0.08999999999999986,0.10000000000000142,-0.5399999999999991,-1.9099999999999966,0.010000000000001563,0.10999999999999943,-0.16000000000000014,0.0,-30.200000000000045,-0.17999999999999972,-0.9699999999999989,0.11999999999999744,-0.45000000000000284,-0.05999999999999872,-2.950000000000003,0.03000000000000025,-0.9299999999999997,0.00999999999999801,0.1700000000000017,-0.05999999999999872,-0.020000000000003126,0.5600000000000023,-0.759999999999998,-2.019999999999996,-0.009999999999999787,0.14000000000000057,-5.099999999999994,-0.11999999999999922,-0.019999999999999574,-0.10000000000000142,-0.11000000000000121,-0.46000000000000085,-0.7299999999999969,-0.22999999999999687,-0.019999999999999574,-0.07000000000000028,-0.15000000000000036,0.08999999999999986,0.129999999999999,-1.1200000000000045,-0.129999999999999,0.120000000000001,-0.25,-0.03000000000000025,0.09999999999999964,-0.08999999999999986,1.4299999999999997,-0.3999999999999986,-0.3200000000000003,-0.2700000000000031,-0.8200000000000003,-0.07000000000000028,-0.0799999999999983,0.010000000000001563,-0.3099999999999987,-0.1999999999999993,0.0699999999999994,-0.009999999999999787,-0.2699999999999996,-0.07000000000000028,0.02999999999999936,-0.129999999999999,-0.1399999999999988,0.0600000000000005,-0.6799999999999997,-0.22999999999999954,0.1200000000000001,-0.8100000000000023,0.33000000000000007,-0.08000000000000007,0.040000000000000036,0.11000000000000032,-0.03000000000000025,-0.39000000000000057,0.03999999999999915,-0.2699999999999996,-0.020000000000000018,-0.8900000000000006,-0.2699999999999996,0.07000000000000028,0.02999999999999936,-0.03000000000000025,-0.16999999999999815,0.1699999999999946,-0.41999999999999815,-0.16000000000000014,-0.10000000000000053,0.030000000000001137,0.10000000000000142,-0.22999999999998977,-0.0600000000000005,0.009999999999999787,-0.15000000000000036,0.08999999999999986,0.16999999999999815,0.0,0.10999999999999943,-0.010000000000000231,0.0,-0.5,-0.16000000000000014,0.05000000000000071,-1.960000000000008,-0.0600000000000005,0.11999999999999744,-0.10999999999999943,-0.029999999999999805,-0.28999999999999915,0.09999999999999964,0.06999999999999851,0.07000000000000028,-0.019999999999999574,-0.23000000000000398,0.010000000000000675,-1.0700000000000074,0.7000000000000028,0.5999999999999943,-0.060000000000002274,-0.5799999999999983,0.8900000000000006,0.44000000000000483,-0.6000000000000085,-0.3400000000000034,-0.20999999999999375,0.259999999999998,-0.14000000000000057,0.07000000000000028,-2.5999999999999943,-1.5400000000000027,-0.3200000000000074,0.0,-1.0600000000000023,3.8700000000000045,0.18999999999999773,0.09999999999999432,1.1599999999999966,2.4200000000000017,0.35999999999999943,-10.509999999999991,-0.120000000000001,-0.5600000000000023,0.040000000000000924,-32.190000000000055,2.1699999999999875,0.03999999999999915,-1.7299999999999969,0.3499999999999943,-0.0799999999999983,-0.28999999999999915,-0.3500000000000085
2024-12-13,0.28999999999999915,0.27999999999999936,0.7300000000000004,0.1299999999999999,-0.040000000000000036,0.15000000000000036,0.13999999999999968,0.2599999999999998,1.5600000000000023,0.3699999999999992,1.0700000000000003,0.019999999999999574,-0.8299999999999983,7.1200000000000045,-9.580000000000013,0.27000000000000046,-0.4499999999999993,0.46000000000000085,3.2700000000000102,0.2699999999999996,0.02999999999999936,0.6999999999999957,-0.6899999999999977,0.41000000000000014,-0.9600000000000009,0.7099999999999973,0.14000000000000057,3.780000000000001,-0.21000000000000085,0.16000000000000014,0.4599999999999973,0.7000000000000028,-0.730000000000004,1.4200000000000017,0.22000000000000064,-1.1699999999999946,0.370000000000001,0.35999999999999943,0.3999999999999986,0.3099999999999987,0.08999999999999986,1.4500000000000028,0.9600000000000009,-0.4800000000000004,0.34999999999999964,0.5100000000000016,-1.1099999999999994,-0.26000000000000156,0.16999999999999993,-1.3599999999999994,0.25,-0.7099999999999973,0.21999999999999975,0.5700000000000003,3.019999999999996,-1.1499999999999986,-0.6400000000000006,-11.479999999999961,-0.3699999999999992,0.7699999999999996,-0.4300000000000015,-1.3999999999999986,1.2000000000000028,-0.7899999999999991,0.27999999999999936,0.129999999999999,7.170000000000016,0.41999999999999815,0.35999999999999943,0.4800000000000004,0.14000000000000057,-0.9699999999999989,0.19000000000000128,1.2100000000000009,2.6400000000000006,1.4500000000000028,-0.1600000000000108,6.189999999999998,0.3999999999999986,0.05999999999999961,1.5500000000000043,0.75,16.700000000000045,1.5,1.1999999999999993,0.75,0.8000000000000007,-1.3400000000000034,2.6299999999999955,-3.069999999999993,1.2900000000000063,2.559999999999995,-0.1700000000000017,-0.10999999999999943,0.3299999999999983,0.6800000000000033,1.3800000000000097,-3.180000000000007,-0.3099999999999987,0.5,2.4200000000000017,6.680000000000007,1.2399999999999949,0.8399999999999999,10.109999999999957,0.730000000000004,3.930000000000007,12.680000000000007,0.9699999999999989,1.269999999999996,1.0699999999999932,1.470000000000006,0.25,0.16000000000000014,0.4200000000000017,-0.050000000000000266,0.15000000000000036,0.0699999999999994,0.08000000000000007,-0.040000000000000036,0.13999999999999968,-0.040000000000000036,-0.05000000000000071,0.09999999999999964,-0.040000000000000036,1.2399999999999984,0.46000000000000085,1.5,0.15999999999999925,0.370000000000001,0.11000000000000032,0.2499999999999991,0.75,0.20999999999999908,-1.3199999999999967,0.5800000000000018,-0.05999999999999961,-0.29999999999999716,0.9299999999999997,0.23000000000000043,-0.4499999999999993,0.45000000000000107,0.48999999999999844,0.13999999999999968,0.40000000000000036,1.4499999999999957,-1.5999999999999943,-0.5500000000000007,-0.2400000000000002,0.6600000000000001,0.47000000000000064,0.5899999999999999,0.8900000000000006,2.9000000000000057,1.1799999999999997,-0.19000000000000128,-0.34999999999999964,0.10999999999999988,46.799999999999955,-0.6099999999999994,-1.6699999999999982,0.5799999999999983,-0.00999999999999801,-0.3600000000000012,0.9099999999999966,0.1499999999999999,-0.4399999999999977,0.09999999999999787,1.2200000000000024,0.75,0.120000000000001,-0.6000000000000014,0.259999999999998,-1.9199999999999946,-0.04999999999999982,0.33000000000000185,10.539999999999992,-0.25,0.6000000000000014,0.27000000000000135,-0.0,0.9800000000000004,-1.029999999999994,-0.3200000000000003,0.08999999999999986,-0.15000000000000036,0.17999999999999972,0.17999999999999972,0.3299999999999983,-1.0900000000000034,-0.35999999999999943,0.46999999999999886,-0.5300000000000011,0.03000000000000025,0.11999999999999922,0.7600000000000016,-0.6000000000000014,-0.629999999999999,-0.8499999999999979,0.509999999999998,-1.4000000000000057,-0.17999999999999972,0.22999999999999865,0.9899999999999984,0.6799999999999997,0.6000000000000014,0.019999999999999574,0.2400000000000002,0.41999999999999815,0.5700000000000003,0.23000000000000043,-0.17999999999999972,-0.08999999999999986,0.03000000000000025,1.8399999999999963,-0.20999999999999996,0.14000000000000057,-2.6099999999999994,0.7199999999999989,-0.1299999999999999,0.1900000000000004,0.03000000000000025,0.25,1.1500000000000057,0.23000000000000043,-0.07000000000000028,0.0900000000000003,2.0,-0.7399999999999984,0.1299999999999999,0.1899999999999995,0.08999999999999986,0.5799999999999983,-1.1799999999999997,-0.21000000000000085,0.6400000000000006,0.03000000000000025,0.3200000000000003,0.7699999999999996,3.480000000000018,0.3200000000000003,0.16000000000000014,0.20999999999999996,0.05999999999999961,-0.16000000000000014,0.16999999999999993,0.6799999999999997,0.050000000000000266,0.22000000000000064,-0.05999999999999872,-0.2599999999999998,0.6000000000000014,-2.510000000000005,0.4800000000000004,0.6699999999999982,-0.15000000000000036,0.04999999999999982,-0.2400000000000002,0.009999999999999787,-0.120000000000001,0.020000000000000462,0.1299999999999999,0.9100000000000037,-0.09999999999999964,-2.8599999999999994,2.75,0.5900000000000034,1.6599999999999966,-1.25,0.7400000000000091,1.3599999999999994,1.25,1.2800000000000011,1.5,-0.48999999999999844,1.0300000000000011,0.5299999999999994,-3.25,0.6300000000000026,-8.450000000000003,0.28000000000000025,0.8400000000000034,-4.900000000000006,0.6800000000000068,5.390000000000015,0.6600000000000108,2.989999999999995,0.8900000000000006,-8.689999999999998,0.6600000000000001,-0.8900000000000006,0.03999999999999915,8.990000000000009,5.530000000000001,1.1600000000000001,1.6300000000000026,0.10999999999999943,0.9499999999999993,0.1999999999999993,4.180000000000007
2024-12-16,0.009999999999999787,-0.17999999999999972,-0.8000000000000007,-0.04999999999999982,-0.040000000000000036,-0.09999999999999964,-0.0600000000000005,-0.11999999999999922,-0.7800000000000011,-0.25,-0.5599999999999987,-0.23999999999999932,0.13000000000000256,-5.189999999999998,8.20999999999998,-0.08999999999999986,-0.33000000000000007,-0.11999999999999744,-0.9199999999999875,-0.05000000000000071,-0.0600000000000005,-1.9400000000000048,-0.5,-0.16000000000000014,-0.6199999999999974,-0.22000000000000242,-0.16000000000000014,-3.4499999999999886,-0.09999999999999964,-0.20000000000000018,-0.5899999999999999,-0.4200000000000017,0.7999999999999972,-0.1599999999999966,0.11000000000000121,0.04999999999999716,-0.07000000000000028,-0.10000000000000142,-0.17999999999999972,0.0799999999999983,-0.04999999999999982,-0.0,-0.39000000000000057,0.5800000000000018,-0.16999999999999993,0.4099999999999966,-0.9100000000000037,-0.7199999999999989,0.13000000000000078,-0.46999999999999886,-0.18000000000000327,-0.6300000000000026,-0.08000000000000007,-0.5299999999999994,-0.2600000000000051,-0.6700000000000017,-1.3399999999999963,-8.03000000000003,-1.0199999999999996,-0.41000000000000014,0.4399999999999995,-0.9399999999999977,-1.1899999999999977,-0.7999999999999972,-0.1999999999999993,-0.5899999999999999,-1.5600000000000023,-0.21999999999999886,-0.7100000000000009,-0.1999999999999993,-0.8499999999999979,-0.4100000000000037,-0.22999999999999865,-1.0300000000000011,-3.049999999999997,-0.8699999999999974,-2.4799999999999898,-1.4000000000000057,0.1700000000000017,-0.10999999999999943,-0.19999999999999574,-0.15000000000000036,-8.75,-0.6600000000000001,-0.629999999999999,-0.6000000000000014,-0.4599999999999991,-2.510000000000005,-0.8100000000000023,-4.299999999999997,-0.4199999999999946,-0.6300000000000026,-0.6799999999999997,0.39000000000000057,0.00999999999999801,-0.28999999999999915,-2.279999999999994,-2.1500000000000057,-0.2699999999999996,0.3200000000000003,-1.1400000000000006,0.17000000000001592,-4.439999999999998,-0.46999999999999886,-5.470000000000027,-2.200000000000003,-2.1599999999999966,-1.6599999999999966,-1.5200000000000031,-1.9600000000000009,-1.5700000000000074,-0.38999999999999346,-4.489999999999981,-0.019999999999999574,-0.4199999999999946,-0.029999999999999805,-0.13999999999999968,0.08999999999999986,0.010000000000000675,0.03000000000000025,0.040000000000000036,-0.14999999999999947,-0.19000000000000128,0.08999999999999986,0.34000000000000075,-0.39000000000000057,-0.17999999999999972,0.44000000000000483,-0.020000000000000462,-0.33999999999999986,0.03000000000000025,-0.10000000000000053,-0.6400000000000006,-0.23000000000000043,-0.509999999999998,-0.3099999999999987,0.1200000000000001,-1.7000000000000028,0.0899999999999963,-0.019999999999999574,-1.3100000000000023,-0.019999999999999574,-0.4499999999999993,-0.040000000000000036,0.05000000000000071,-0.5200000000000031,-1.230000000000004,-0.2699999999999996,-0.16000000000000014,-0.2900000000000027,-0.08999999999999986,-0.38000000000000256,-0.019999999999999574,-5.069999999999993,-0.4800000000000004,-0.7600000000000016,-0.25,-0.040000000000000036,8.200000000000045,0.7200000000000024,-0.3100000000000023,-0.1599999999999966,1.3399999999999999,-0.1999999999999993,-1.0,-0.050000000000000266,-0.5100000000000051,-0.5500000000000007,-0.18999999999999773,-0.5199999999999996,-0.019999999999999574,1.0,-0.40000000000000213,0.8499999999999943,-0.08999999999999986,-0.9700000000000024,-4.550000000000011,-0.08999999999999986,-0.41000000000000014,-0.11999999999999922,-0.5399999999999991,-0.05000000000000071,-0.29000000000000625,0.5600000000000023,0.009999999999999787,-0.08999999999999986,0.05999999999999872,0.03999999999999915,-0.6699999999999982,-3.3599999999999994,-0.16999999999999993,0.02999999999999936,-0.3299999999999983,-0.08000000000000007,0.009999999999999787,-0.16000000000000014,1.759999999999998,-0.2699999999999996,-0.4200000000000017,0.8500000000000014,1.5399999999999991,0.5099999999999998,0.019999999999999574,-0.2900000000000027,-0.28999999999999915,0.07000000000000028,0.05999999999999961,0.040000000000000924,-0.14000000000000057,0.3200000000000003,0.20999999999999908,-0.08000000000000007,-0.21999999999999886,-0.11000000000000032,-0.6200000000000045,-0.02999999999999936,0.11000000000000032,-0.3500000000000014,-0.4900000000000002,-0.09000000000000075,-0.040000000000000036,-0.14000000000000057,-0.14999999999999947,-0.6299999999999955,-0.17999999999999972,0.5500000000000007,0.0,-0.7999999999999972,-0.3200000000000003,-0.08999999999999986,-0.040000000000000036,-0.05000000000000071,-0.26000000000000156,1.3799999999999955,-0.4700000000000024,0.3000000000000007,-0.1900000000000004,-0.02999999999999936,-0.39000000000000057,-3.1999999999999886,-0.08000000000000007,0.11999999999999922,0.07000000000000028,0.009999999999999787,-0.4400000000000013,-0.16999999999999993,0.8800000000000026,0.0,-0.009999999999999787,-0.5599999999999987,0.10999999999999943,-0.129999999999999,0.5,-0.05999999999999872,-0.22000000000000064,-0.14000000000000057,0.0,-0.41000000000000014,-0.14999999999999858,-0.3000000000000007,-0.08000000000000007,-0.009999999999999787,-0.3500000000000014,0.03000000000000025,-0.5400000000000063,1.7800000000000011,-0.28999999999999915,0.0799999999999983,-0.45000000000000284,-0.5300000000000011,-1.5100000000000051,-0.5700000000000074,-0.8399999999999963,1.0499999999999972,0.5,1.0199999999999996,-0.3199999999999985,4.349999999999994,-0.7699999999999996,-3.6799999999999926,-0.08999999999999986,-0.769999999999996,-0.710000000000008,0.9300000000000068,-8.509999999999991,-3.269999999999996,-0.39000000000000057,-1.1199999999999974,-3.2099999999999795,-0.7799999999999976,-0.5700000000000003,-0.21000000000000085,7.25,0.8400000000000034,-0.4800000000000004,-3.2099999999999937,-0.9000000000000057,-0.7399999999999984,-0.6600000000000001,-1.4899999999999949
2024-12-17,-0.040000000000000924,-0.08999999999999986,-1.8099999999999952,-0.08000000000000007,-0.040000000000000036,0.019999999999999574,-0.009999999999999787,0.21000000000000085,0.45000000000000284,0.07000000000000028,-0.010000000000001563,0.11000000000000032,-0.7199999999999989,-0.5999999999999943,0.03999999999999204,-0.04999999999999982,0.019999999999999574,-0.11999999999999744,-0.9900000000000091,-0.120000000000001,-0.03000000000000025,-0.0899999999999963,-0.1999999999999993,0.019999999999999574,-0.490000000000002,-0.00999999999999801,-0.0,0.29999999999998295,-0.11000000000000121,-0.08999999999999986,-0.120000000000001,-0.620000000000001,0.04999999999999716,-0.17999999999999972,-0.009999999999999787,-0.030000000000001137,-0.04999999999999716,-0.15999999999999837,0.129999999999999,0.14999999999999858,0.0,-0.6099999999999994,-0.120000000000001,0.05000000000000071,-0.11999999999999922,-0.10000000000000142,0.14999999999999858,-0.5300000000000011,-0.019999999999999574,-0.5600000000000023,-0.13999999999999702,-0.16000000000000014,-0.11000000000000032,-0.16000000000000014,0.12999999999999545,0.13000000000000256,0.18999999999999773,4.470000000000027,-0.22000000000000064,0.10000000000000142,-0.09999999999999964,-0.30000000000000426,-0.5,-0.519999999999996,-0.010000000000001563,-0.21999999999999886,-7.850000000000023,-0.010000000000001563,-0.21000000000000085,-0.40000000000000213,0.23000000000000043,-0.10999999999999943,-0.030000000000001137,-0.17999999999999972,-0.20000000000000284,-0.29999999999999716,-8.350000000000009,0.21999999999999886,-0.6199999999999974,0.010000000000000675,-0.4199999999999946,-0.14000000000000057,1.3100000000000023,0.129999999999999,0.09999999999999787,-0.6799999999999997,-0.05000000000000071,-0.18999999999999773,0.4299999999999926,-3.1899999999999977,-0.20000000000000284,-0.259999999999998,0.21000000000000085,-0.879999999999999,-0.060000000000002274,-0.00999999999999801,-0.38000000000000256,-2.530000000000001,-0.10000000000000142,-0.28999999999999915,0.1700000000000017,-6.600000000000023,-1.690000000000012,-0.28000000000000114,-0.6999999999999886,-0.8999999999999915,-0.6700000000000017,-1.2700000000000102,0.0,-0.6499999999999986,1.039999999999992,0.02999999999999403,-1.3800000000000097,0.11000000000000121,0.3400000000000034,0.030000000000000027,-0.08999999999999986,-0.04999999999999982,-0.05000000000000071,0.040000000000000036,-0.07000000000000028,-0.02999999999999936,-0.08999999999999986,-0.009999999999999787,-0.009999999999999787,0.1999999999999993,0.120000000000001,0.10999999999999943,0.03000000000000025,-0.08999999999999986,-0.009999999999999787,-0.02999999999999936,-0.30999999999999517,0.08000000000000007,0.03999999999999915,-0.03999999999999915,-0.019999999999999574,0.7900000000000063,-1.0799999999999983,-0.07000000000000028,-0.9299999999999997,0.08000000000000007,0.10999999999999943,-0.010000000000000231,-0.07000000000000028,0.4299999999999997,-1.5900000000000034,-0.0799999999999983,0.07000000000000028,0.030000000000001137,-0.049999999999998934,0.43000000000000327,0.060000000000002274,0.5799999999999841,-0.08999999999999986,-0.17999999999999972,-0.07000000000000028,-0.040000000000000036,-30.799999999999955,-0.129999999999999,-0.05999999999999872,-0.10000000000000142,-0.16999999999999815,-0.05000000000000071,0.010000000000005116,-0.06999999999999984,-1.4699999999999989,-0.15000000000000213,0.17999999999999972,-0.25,-0.48999999999999844,0.09000000000000341,-0.75,-0.0899999999999963,-0.08999999999999986,0.16999999999999815,0.44000000000002615,-0.009999999999999787,0.08000000000000185,-0.07000000000000028,0.010000000000001563,-0.41000000000000014,-0.13999999999999346,-0.010000000000001563,-0.040000000000000036,-0.0,-0.07000000000000028,0.019999999999999574,0.010000000000001563,-0.8700000000000045,-0.009999999999999787,-0.16999999999999993,0.09999999999999787,-0.08000000000000007,-0.009999999999999787,-0.17999999999999972,-0.030000000000001137,-0.14000000000000057,0.10999999999999943,-0.6500000000000057,0.10999999999999943,-0.019999999999999574,-0.07000000000000028,-0.5400000000000027,-0.23000000000000043,-0.14000000000000057,-0.0699999999999994,-0.05000000000000071,-0.10000000000000142,-0.370000000000001,-0.019999999999999574,-0.03999999999999915,-0.05000000000000071,-0.010000000000000675,-0.10999999999999943,-0.009999999999999787,-0.03000000000000025,0.1600000000000037,-0.10999999999999943,-0.009999999999999787,-0.03000000000000025,-0.020000000000000462,-0.0600000000000005,0.09000000000000341,-0.14999999999999858,0.5299999999999994,0.040000000000000036,0.19999999999999574,-0.740000000000002,-0.019999999999999574,0.0,-0.04999999999999982,0.10999999999999943,-0.020000000000003126,-1.4799999999999969,0.06999999999999851,0.0,-0.16000000000000014,-0.0799999999999983,-3.0999999999999943,-0.009999999999999787,-0.16000000000000014,-0.040000000000000036,-0.04999999999999982,-0.030000000000001137,0.030000000000001137,-0.09999999999999787,0.04999999999999982,-0.05999999999999961,-0.29999999999999716,-0.07000000000000028,-0.009999999999999787,-0.8299999999999983,-0.009999999999999787,0.09999999999999964,-0.049999999999998934,0.040000000000000036,-0.2599999999999998,0.040000000000000924,0.07000000000000028,0.020000000000000462,-0.08999999999999986,-0.12999999999999545,-0.05000000000000071,0.060000000000002274,0.4099999999999966,-0.7100000000000009,-0.38000000000000256,-0.07000000000000028,-0.3999999999999915,-0.17999999999999972,-0.25,-0.5900000000000034,-0.10999999999999943,0.10000000000000142,0.060000000000002274,0.03999999999999915,0.2599999999999909,-0.00999999999999801,-2.9799999999999898,-0.05999999999999961,-0.8800000000000097,1.4399999999999977,-2.0799999999999983,-1.0999999999999943,0.730000000000004,-1.6099999999999994,0.060000000000002274,0.4600000000000364,0.22999999999999687,0.18999999999999773,-0.10999999999999943,-5.25,-3.640000000000015,-0.11999999999999744,-0.5800000000000054,0.21000000000000085,-0.4400000000000013,-0.490000000000002,0.6899999999999977
2024-12-18,-0.120000000000001,0.0,1.4000000000000057,-0.1499999999999999,-0.040000000000000036,-0.019999999999999574,-0.009999999999999787,0.17999999999999972,0.4299999999999926,0.019999999999999574,0.060000000000002274,-0.17000000000000082,0.5,-0.5,2.8300000000000125,-0.08000000000000007,-0.120000000000001,0.45000000000000284,0.14000000000000057,0.05000000000000071,-0.04999999999999982,0.13000000000000256,0.18999999999999773,-0.0799999999999983,0.10000000000000142,0.07000000000000028,0.0,0.3100000000000023,0.0799999999999983,0.03000000000000025,-0.1999999999999993,-0.41999999999999815,-0.01999999999999602,0.759999999999998,0.08999999999999986,0.4200000000000017,-0.7099999999999973,0.02999999999999936,0.0799999999999983,-0.5,-0.04999999999999982,-1.2800000000000011,-0.08999999999999986,0.03999999999999915,-0.019999999999999574,0.0799999999999983,0.07000000000000028,-1.4100000000000001,-0.02999999999999936,-0.6600000000000037,-0.2699999999999996,-0.620000000000001,-0.04999999999999982,-0.030000000000001137,0.4000000000000057,0.4100000000000037,-0.28999999999999915,-12.629999999999995,0.16000000000000014,-0.5,0.03999999999999915,-0.29999999999999716,-0.05000000000000426,-0.23999999999999488,-0.05999999999999872,0.04999999999999716,1.849999999999966,0.17999999999999972,-0.05000000000000071,-0.15000000000000213,-0.08999999999999986,0.3200000000000003,0.08000000000000007,-0.3200000000000003,0.10999999999999943,0.44999999999999574,-0.3400000000000034,0.2600000000000051,-0.17999999999999972,0.019999999999999574,-0.3200000000000003,-0.019999999999999574,-1.5,-0.07000000000000028,-0.120000000000001,0.09000000000000341,0.0,-5.079999999999998,0.20999999999999375,-2.559999999999988,0.04999999999999716,-0.5399999999999991,0.740000000000002,0.07000000000000028,0.09999999999999787,-0.13999999999999702,0.35999999999999943,-3.1500000000000057,-0.05000000000000071,0.3999999999999986,-0.4399999999999977,-2.3899999999999864,-1.3900000000000006,0.19000000000000128,-0.8799999999999955,-0.5700000000000074,-2.6099999999999994,-2.009999999999991,-0.519999999999996,-0.6900000000000048,2.1099999999999994,-0.04999999999999716,-1.4500000000000028,0.009999999999999787,-0.10999999999999943,0.030000000000000027,-0.10000000000000053,-0.11999999999999922,0.05000000000000071,-0.040000000000000036,-0.15999999999999925,-0.0,-0.009999999999999787,-0.0699999999999994,-0.009999999999999787,0.05999999999999872,0.019999999999999574,-0.6700000000000017,0.03000000000000025,-0.009999999999999787,-0.08000000000000007,-0.040000000000000036,0.04999999999999716,-0.009999999999999787,-0.7100000000000009,0.05999999999999872,-0.03000000000000025,-0.6700000000000017,0.20000000000000284,0.030000000000001137,-0.08000000000000185,0.02999999999999936,0.0,0.009999999999999787,0.0,0.09000000000000341,-0.4000000000000057,0.129999999999999,-0.11999999999999922,0.120000000000001,0.10999999999999943,0.03999999999999915,-0.020000000000003126,0.020000000000010232,-0.030000000000001137,-0.4200000000000017,-0.009999999999999787,-0.0,13.5,0.030000000000001137,0.129999999999999,-0.44999999999999574,-0.0400000000000027,0.09000000000000163,-1.0100000000000051,-0.010000000000000231,0.1600000000000037,0.14000000000000057,-0.010000000000001563,-0.03999999999999915,0.19000000000000128,0.28999999999999915,-0.14000000000000057,-0.6499999999999986,0.040000000000000036,0.20000000000000284,-0.12000000000000455,0.0,-0.11000000000000298,-0.16000000000000014,0.07000000000000028,0.0,-0.25,0.15000000000000213,-0.03000000000000025,-0.040000000000000036,-0.120000000000001,-0.21000000000000085,0.00999999999999801,2.700000000000003,-0.0600000000000005,0.16000000000000014,0.05000000000000071,0.019999999999999574,-0.02999999999999936,-0.05000000000000071,0.4299999999999997,-0.05000000000000071,-0.00999999999999801,0.2600000000000051,0.5599999999999952,0.019999999999999574,-0.08000000000000007,-0.19000000000000128,-0.05000000000000071,-0.240000000000002,-0.09999999999999964,-0.16999999999999993,0.010000000000001563,-0.120000000000001,-0.25,-0.02000000000000135,-0.11999999999999922,-0.0,-0.07000000000000028,0.03000000000000025,-0.1299999999999999,-0.28000000000000114,0.02999999999999936,0.03000000000000025,-0.0600000000000005,-0.08000000000000007,-0.009999999999999787,-0.1600000000000037,0.21999999999999886,-0.1899999999999995,-0.040000000000000036,0.09000000000000341,0.13999999999999702,-0.02999999999999936,-0.04999999999999982,-0.040000000000000036,0.060000000000002274,-0.00999999999999801,0.2099999999999973,0.0,0.02999999999999936,0.08000000000000007,0.00999999999999801,-0.29999999999998295,-0.27999999999999936,0.120000000000001,0.0,-0.08999999999999986,0.14999999999999858,0.02999999999999936,-0.010000000000001563,-0.020000000000000018,-0.10000000000000053,0.21000000000000085,-0.11000000000000121,0.0600000000000005,-0.3400000000000034,0.11999999999999922,0.040000000000000924,0.03999999999999915,-0.029999999999999805,0.040000000000000924,-0.0600000000000005,-0.030000000000001137,-0.0,0.019999999999999574,-0.12000000000000455,-0.11000000000000032,0.4399999999999977,0.23000000000000398,0.6000000000000014,-1.3900000000000006,0.6000000000000014,-1.019999999999996,0.8399999999999963,-1.1500000000000057,0.7100000000000009,-3.5600000000000023,-0.20000000000000284,-0.2900000000000027,0.16999999999999993,0.28000000000000114,-0.5100000000000016,-9.36999999999999,0.08000000000000007,-2.3700000000000045,-4.900000000000006,1.9299999999999926,-3.4000000000000057,0.060000000000002274,0.6099999999999994,-0.21999999999999886,3.840000000000032,0.21999999999999886,-0.29999999999999716,0.08000000000000007,-47.549999999999955,1.410000000000025,-0.22000000000000242,-1.0700000000000003,0.21000000000000085,0.21000000000000085,-0.1999999999999993,-1.210000000000008
2024-12-19,-0.0600000000000005,0.23000000000000043,-3.239999999999995,-0.1299999999999999,-0.1200000000000001,-0.019999999999999574,-0.009999999999999787,-0.08000000000000007,-0.3400000000000034,-0.009999999999999787,0.10000000000000142,0.03000000000000025,0.3400000000000034,1.5300000000000011,8.139999999999986,0.009999999999999787,-0.120000000000001,-0.19999999999999574,0.5699999999999932,0.07000000000000028,0.04999999999999982,0.38999999999999346,0.1999999999999993,0.05999999999999872,-0.21000000000000085,-0.28999999999999915,-0.0600000000000005,1.6499999999999773,0.05000000000000071,-0.0600000000000005,0.030000000000001137,-1.5700000000000003,-0.19999999999999574,-4.649999999999999,0.14000000000000057,-0.2700000000000031,-0.35999999999999943,0.009999999999999787,-0.14000000000000057,-0.08000000000000185,-0.03000000000000025,-2.1599999999999966,-0.5800000000000018,-0.010000000000001563,-0.03999999999999915,-0.16000000000000014,-0.11000000000000654,-1.6600000000000001,-0.14999999999999858,-0.990000000000002,-0.1999999999999993,-0.9100000000000001,0.009999999999999787,0.08000000000000007,0.5,-1.1100000000000065,-1.1199999999999974,4.349999999999966,0.11000000000000121,0.03999999999999915,0.1399999999999988,0.25,0.17999999999999972,-1.6099999999999994,0.05000000000000071,-0.5,-0.75,0.14000000000000057,0.010000000000001563,-0.0799999999999983,0.39000000000000057,-0.030000000000001137,-0.03999999999999915,0.27999999999999403,0.06999999999999318,0.6400000000000006,-7.799999999999997,1.6000000000000085,-2.1799999999999997,-0.05999999999999961,-0.1600000000000037,0.10999999999999943,-7.0400000000000205,-0.0400000000000027,0.18999999999999773,-0.519999999999996,-0.0600000000000005,1.1099999999999994,0.1700000000000017,-3.6099999999999994,-0.20000000000000284,0.8900000000000006,0.21000000000000085,-0.11000000000000298,-0.5700000000000003,0.0,-1.1199999999999974,-2.3499999999999943,0.03999999999999915,-1.1799999999999997,0.539999999999992,1.6200000000000045,1.3299999999999983,0.3099999999999987,-0.37999999999999545,-1.1000000000000085,0.12999999999999545,1.0999999999999943,-0.020000000000003126,1.1299999999999955,-0.9500000000000028,0.259999999999998,-0.06999999999999318,0.009999999999999787,0.3999999999999986,0.020000000000000018,-0.1200000000000001,-0.0699999999999994,-0.040000000000000036,0.05999999999999961,-0.1299999999999999,-0.08000000000000007,-0.13000000000000078,-0.04999999999999982,-0.009999999999999787,-0.03999999999999915,0.00999999999999801,-0.5,-0.09999999999999964,-0.009999999999999787,0.040000000000000036,0.08999999999999986,-1.6000000000000014,-0.02999999999999936,-0.6500000000000021,-0.10999999999999943,-0.0,1.3100000000000023,0.17999999999999972,0.0600000000000005,0.240000000000002,0.25,-0.07000000000000028,-0.010000000000000231,0.11000000000000121,-0.05000000000000426,-0.44999999999998863,-0.08999999999999986,-0.08999999999999986,-0.019999999999999574,-0.049999999999998934,-0.5299999999999976,0.1999999999999993,-2.0500000000000114,0.33999999999999986,-0.5199999999999996,0.28000000000000114,-0.020000000000000018,-20.49000000000001,0.05000000000000071,-0.0400000000000027,-0.6799999999999997,-0.10999999999999943,-0.5,-0.29999999999999716,-0.020000000000000018,-1.5899999999999963,0.3299999999999983,-0.120000000000001,0.45000000000000107,-0.07000000000000028,-0.6099999999999994,0.379999999999999,-0.35999999999999943,-0.07000000000000028,-0.2700000000000031,1.9800000000000182,0.009999999999999787,-1.620000000000001,-0.120000000000001,-0.23000000000000043,-0.23999999999999844,-0.04000000000000625,-0.16000000000000014,0.04999999999999982,0.040000000000000036,-0.08999999999999986,-0.1899999999999995,-0.16000000000000014,-0.13000000000000966,0.009999999999999787,0.08000000000000007,-0.0799999999999983,0.0,-0.019999999999999574,0.00999999999999801,0.480000000000004,-0.009999999999999787,0.15000000000000213,-0.45000000000000284,0.00999999999999801,-0.009999999999999787,0.08000000000000007,-0.7800000000000011,-0.06999999999999851,-0.060000000000002274,-0.05999999999999961,-0.019999999999999574,0.019999999999999574,-0.6400000000000006,-0.08999999999999986,-0.009999999999999787,-0.20999999999999908,-0.05999999999999961,-0.04999999999999716,-0.040000000000000036,-0.02999999999999936,-0.18999999999999773,0.07000000000000028,0.020000000000000462,0.040000000000000036,0.09999999999999964,0.009999999999999787,-0.30000000000000426,-0.030000000000001137,-0.09999999999999964,0.020000000000000018,0.13000000000000256,-0.16999999999999815,0.08000000000000007,0.009999999999999787,0.03000000000000025,-0.029999999999997584,-0.9099999999999966,-0.05999999999999872,0.3999999999999986,0.08000000000000007,-0.09999999999999964,0.14999999999999858,0.11999999999997613,-0.049999999999998934,0.4400000000000013,-0.05000000000000071,-0.04999999999999982,-0.14000000000000057,-0.08999999999999986,0.5500000000000007,0.009999999999999787,-0.08999999999999986,-0.10000000000000142,0.25,0.009999999999999787,0.5999999999999943,-0.2699999999999996,0.16999999999999993,0.03999999999999915,-0.020000000000000018,-0.17999999999999972,-0.07000000000000028,-0.08999999999999986,-0.04999999999999982,0.040000000000000036,0.27999999999999403,-0.15000000000000036,-4.3700000000000045,0.13000000000000966,0.19000000000000483,0.0800000000000054,-0.46999999999999886,0.18000000000000682,2.219999999999999,0.3400000000000034,0.4799999999999969,-2.2099999999999937,0.18999999999999773,-0.0799999999999983,0.10999999999999943,2.509999999999991,-0.6700000000000017,-9.100000000000009,0.019999999999999574,1.2800000000000011,7.099999999999994,-1.990000000000009,0.5799999999999841,-4.72999999999999,-7.579999999999998,0.3400000000000034,4.819999999999993,0.0799999999999983,0.740000000000002,0.040000000000000924,18.470000000000027,3.5,0.3099999999999987,0.8599999999999994,0.28999999999999915,-0.41000000000000014,0.00999999999999801,-2.039999999999992
2024-12-20,-0.02999999999999936,-0.08999999999999986,-0.4199999999999946,-0.010000000000000231,-0.09999999999999964,0.09999999999999964,0.040000000000000036,0.11999999999999922,-0.4399999999999977,-0.0,0.00999999999999801,0.46999999999999975,-0.3299999999999983,0.3499999999999943,-0.19999999999998863,-0.040000000000000036,0.0,-0.39000000000000057,0.980000000000004,0.09999999999999964,-0.040000000000000036,0.3399999999999963,0.3299999999999983,0.03999999999999915,0.14999999999999858,0.21000000000000085,0.09999999999999964,0.3400000000000034,0.07000000000000028,0.13999999999999968,0.1999999999999993,-0.5199999999999996,0.23999999999999488,0.37000000000000455,-0.08999999999999986,-1.2299999999999969,-0.05000000000000071,0.02999999999999936,0.05999999999999872,-0.4400000000000013,0.0,0.7000000000000028,-0.3100000000000023,-0.08999999999999986,-0.0600000000000005,0.23999999999999844,-0.759999999999998,0.5300000000000011,0.0,-0.1599999999999966,-0.03999999999999915,-0.8399999999999999,-0.03000000000000025,0.009999999999999787,-1.2999999999999972,-0.9000000000000057,0.9699999999999989,-14.300000000000011,-0.009999999999999787,0.16000000000000014,0.21000000000000085,-0.6700000000000017,0.36000000000000654,-0.39000000000000057,0.08000000000000007,-0.129999999999999,5.199999999999989,-0.11999999999999744,-0.21000000000000085,0.1700000000000017,0.21999999999999886,0.6000000000000014,-0.02999999999999936,-0.25,-0.1599999999999966,-0.020000000000003126,-0.6500000000000057,1.1299999999999955,-1.0599999999999952,0.0600000000000005,0.10000000000000142,0.08000000000000007,0.8299999999999841,-0.259999999999998,0.1999999999999993,0.37999999999999545,-0.009999999999999787,0.12000000000000455,1.1799999999999926,0.05999999999998806,-0.14000000000000057,0.3999999999999986,-0.5599999999999952,-0.4400000000000013,0.019999999999999574,-0.3500000000000014,-0.1599999999999966,-1.3400000000000034,-0.14000000000000057,0.21999999999999886,2.6699999999999875,7.080000000000041,-1.2199999999999989,0.23999999999999844,-2.240000000000009,0.8300000000000125,-1.4500000000000028,0.21999999999999886,0.3100000000000023,0.4399999999999977,-0.04999999999999716,0.18999999999999773,-5.769999999999982,-0.05000000000000071,0.04999999999999716,-0.010000000000000009,0.14000000000000057,-0.03000000000000025,0.0,-0.07000000000000028,0.10999999999999943,-0.0600000000000005,0.0600000000000005,0.08000000000000007,-0.1299999999999999,-0.010000000000001563,0.36999999999999744,-0.11000000000000654,0.009999999999999787,0.05000000000000071,-0.09000000000000075,0.10999999999999943,0.6099999999999994,-0.08000000000000007,-0.13999999999999702,0.14999999999999858,-0.04999999999999982,-1.1600000000000037,-0.5799999999999983,0.08000000000000007,-0.04999999999999716,0.34999999999999964,-0.13000000000000256,-0.06999999999999984,0.10999999999999943,0.28999999999999915,0.5700000000000074,-0.16999999999999815,0.0600000000000005,0.28000000000000114,0.0799999999999983,-0.22999999999999687,0.1999999999999993,-0.5800000000000125,0.46999999999999886,-0.8399999999999999,0.1399999999999988,-0.1200000000000001,29.00999999999999,0.3000000000000007,-0.06999999999999673,-1.1099999999999994,0.3200000000000003,-0.1899999999999995,-1.25,0.029999999999999805,-1.0399999999999991,0.06999999999999673,0.33999999999999986,0.03999999999999915,-0.3000000000000007,-0.259999999999998,-0.1700000000000017,0.45000000000000284,0.08999999999999986,-0.010000000000001563,-0.7299999999999898,0.02999999999999936,-0.17999999999999972,0.20999999999999908,0.26000000000000156,0.1700000000000017,-0.05000000000000426,-0.060000000000002274,-0.020000000000000462,0.07000000000000028,-0.05999999999999872,0.0,-0.16000000000000014,2.4499999999999886,-0.03999999999999915,0.17999999999999972,0.030000000000001137,-0.03000000000000025,-0.03999999999999915,0.28000000000000114,-0.39000000000000057,-0.07000000000000028,-0.6099999999999994,1.269999999999996,0.11999999999999744,-0.13999999999999968,-0.08000000000000007,-0.1700000000000017,-0.13000000000000078,0.019999999999999574,-0.040000000000000036,-0.07000000000000028,-0.0,0.8999999999999986,-0.09999999999999964,0.019999999999999574,-0.019999999999999574,-0.0,0.2700000000000031,0.05999999999999961,-0.009999999999999787,-0.17999999999999972,-0.11999999999999922,0.03000000000000025,-0.08999999999999986,-0.040000000000000036,-0.10999999999999943,0.5799999999999983,0.1999999999999993,0.15000000000000036,-0.04999999999999982,-0.3400000000000034,0.39000000000000057,-0.009999999999999787,0.05999999999999961,-0.03000000000000025,0.07000000000000028,-0.23999999999999488,0.10999999999999943,-0.16999999999999993,-0.040000000000000036,0.0600000000000005,-0.030000000000001137,-0.009999999999990905,-0.21000000000000085,-0.1899999999999995,-0.08000000000000007,-0.020000000000000018,-0.10000000000000142,-0.08000000000000007,0.5199999999999996,-0.020000000000000018,0.1200000000000001,-0.10999999999999943,0.040000000000000924,-0.02999999999999936,-0.6099999999999994,0.5199999999999996,0.3000000000000007,0.03999999999999915,-0.009999999999999787,0.3200000000000003,0.0,0.17999999999999972,0.02999999999999936,-0.05999999999999961,0.3499999999999943,-0.04999999999999982,-0.7199999999999989,-0.10999999999999943,-0.11999999999999744,-0.04999999999999716,0.28000000000000114,-1.7999999999999972,0.4399999999999977,-0.9399999999999977,-0.030000000000001137,-0.7400000000000091,0.16999999999999815,-0.21000000000000085,0.019999999999999574,-0.6000000000000085,-0.3299999999999983,1.0499999999999972,0.16000000000000014,3.0600000000000023,2.6200000000000045,-1.7299999999999898,-1.9699999999999989,-1.4799999999999898,2.280000000000001,0.4799999999999969,6.060000000000002,0.0400000000000027,-0.19999999999999574,0.1899999999999995,-39.930000000000064,4.02000000000001,0.5899999999999999,-0.3400000000000034,-0.5700000000000003,-0.0,0.39000000000000057,-8.840000000000003
2024-12-23,-0.11000000000000121,0.16000000000000014,-1.230000000000004,0.10999999999999988,-0.0699999999999994,-0.16999999999999993,0.04999999999999982,-0.120000000000001,-0.6099999999999994,-0.5299999999999994,0.08999999999999986,0.1299999999999999,-0.5600000000000023,-0.5600000000000023,-1.3000000000000114,0.08999999999999986,-0.07000000000000028,-1.230000000000004,-1.25,-0.0,0.02999999999999936,1.2000000000000028,0.639999999999997,0.07000000000000028,-0.360000000000003,-0.14000000000000057,0.08999999999999986,-0.7600000000000193,-0.09999999999999964,0.020000000000000462,-0.20000000000000284,0.129999999999999,-0.44000000000000483,-0.7100000000000009,0.13000000000000078,-0.1599999999999966,0.2699999999999996,0.29999999999999893,-0.3299999999999983,-0.4200000000000017,0.040000000000000036,-1.1500000000000057,0.759999999999998,-0.16000000000000014,0.09999999999999964,-0.5799999999999983,-0.3500000000000014,-0.370000000000001,0.08999999999999986,-1.509999999999998,-0.2699999999999996,-1.4100000000000001,,0.14999999999999858,-1.5999999999999943,-0.30000000000000426,-0.3999999999999986,-10.699999999999989,-0.46000000000000085,0.16000000000000014,0.2599999999999998,-0.6000000000000014,-0.5600000000000023,-0.8200000000000003,0.02999999999999936,0.5999999999999979,0.5,0.38000000000000256,-0.2699999999999996,-0.38000000000000256,0.14999999999999858,0.14000000000000057,-0.009999999999999787,0.740000000000002,0.9200000000000017,1.4600000000000009,-1.230000000000004,-2.450000000000003,-0.23000000000000398,-0.1299999999999999,0.9699999999999989,0.28000000000000114,-1.8899999999999864,-0.21000000000000085,0.5700000000000003,0.9500000000000028,0.3200000000000003,0.29000000000000625,-0.8999999999999915,-5.490000000000009,-1.5,1.7299999999999969,1.1499999999999986,1.5500000000000007,0.5699999999999967,-0.4400000000000013,1.7800000000000011,-0.3999999999999915,0.05999999999999872,2.8599999999999994,-1.9499999999999886,0.7900000000000205,-1.5300000000000011,0.5399999999999991,3.5500000000000114,0.75,-3.219999999999999,-3.230000000000018,0.35999999999999943,-1.0899999999999963,-0.789999999999992,0.6199999999999974,-0.9699999999999989,-0.34999999999999964,-0.1600000000000037,0.050000000000000044,0.08000000000000007,-0.09999999999999964,-0.040000000000000036,-0.1200000000000001,-0.20999999999999996,-0.15000000000000036,-0.13000000000000078,-0.16000000000000014,-0.09999999999999964,0.41999999999999815,0.1999999999999993,-0.44000000000000483,0.1200000000000001,-0.11999999999999922,-0.040000000000000036,-0.16000000000000014,-0.509999999999998,0.09999999999999964,0.060000000000002274,-0.25,-0.009999999999999787,1.2999999999999972,-0.509999999999998,-0.07000000000000028,-0.639999999999997,-0.05999999999999872,0.29999999999999716,-0.020000000000000018,0.15000000000000036,0.3999999999999986,-0.4399999999999977,0.28999999999999915,-0.120000000000001,0.21000000000000085,0.08999999999999986,-0.13000000000000256,0.21999999999999886,2.5,-0.25,-0.870000000000001,0.03999999999999915,-0.07000000000000028,4.4500000000000455,0.19000000000000128,-0.7399999999999984,-0.9499999999999957,0.029999999999997584,-0.6100000000000012,-0.20999999999999375,0.08000000000000007,0.30000000000000426,-0.10000000000000142,-0.5300000000000011,0.16999999999999993,0.010000000000001563,-0.9799999999999969,-0.6000000000000014,1.6000000000000014,-0.07000000000000028,0.07000000000000028,4.099999999999994,-0.08000000000000007,-0.879999999999999,0.10999999999999943,-0.21999999999999886,-0.40000000000000213,0.730000000000004,-0.370000000000001,-0.019999999999999574,-0.15000000000000036,-0.0600000000000005,-0.17999999999999972,-1.0500000000000007,2.4499999999999886,-0.10000000000000142,-0.2400000000000002,0.10000000000000142,-0.03000000000000025,-0.10999999999999943,0.10000000000000142,-0.5900000000000034,0.40000000000000036,-0.7699999999999996,0.4399999999999977,0.8099999999999952,-0.16000000000000103,-0.1999999999999993,-0.030000000000001137,0.16000000000000014,-0.3000000000000007,-0.0699999999999994,-0.08000000000000007,-0.120000000000001,-0.05000000000000071,-0.15000000000000036,0.1399999999999988,0.22000000000000064,-0.15000000000000036,-0.480000000000004,-0.08000000000000007,-0.17999999999999972,-0.259999999999998,-0.6099999999999994,0.11000000000000032,-0.08000000000000007,-0.16999999999999993,-0.009999999999999787,0.09000000000000341,-0.11999999999999744,0.1899999999999995,-0.009999999999999787,0.10999999999999943,-0.10000000000000142,-0.16999999999999993,-0.08999999999999986,-0.11000000000000032,-0.010000000000001563,1.4299999999999997,-0.379999999999999,0.16000000000000014,-0.009999999999999787,0.009999999999999787,0.379999999999999,-2.069999999999993,-0.15000000000000036,-0.13000000000000078,-0.08000000000000007,-0.05999999999999961,-0.3000000000000007,-0.2400000000000002,0.23999999999999844,-0.0,0.08999999999999986,0.14000000000000057,0.16999999999999993,0.09999999999999964,-0.7199999999999989,-0.040000000000000924,-0.4900000000000002,0.20999999999999908,-0.020000000000000018,0.20999999999999908,-0.1399999999999988,-0.5800000000000001,-0.10000000000000053,-0.03000000000000025,-0.5700000000000003,-0.1200000000000001,-1.2399999999999949,0.009999999999990905,-0.46999999999999886,1.0399999999999991,0.030000000000001137,-3.450000000000003,-0.6300000000000026,2.3499999999999943,-0.8699999999999974,-2.1200000000000045,0.4399999999999977,0.4700000000000024,0.07000000000000028,-0.23000000000000398,1.0799999999999983,-5.950000000000003,0.0600000000000005,2.219999999999999,-0.6299999999999955,-1.5999999999999943,0.15000000000000568,-1.9000000000000057,-5.639999999999986,0.7600000000000051,10.75,-0.7699999999999996,-0.4100000000000037,-0.16000000000000014,27.200000000000045,0.4200000000000017,-0.019999999999999574,-1.2800000000000011,-0.9499999999999957,-1.120000000000001,-0.1999999999999993,0.9000000000000057
2024-12-24,0.129999999999999,0.07000000000000028,0.6600000000000037,0.020000000000000018,0.05000000000000071,-0.16000000000000014,-0.1299999999999999,0.14000000000000057,-1.6400000000000006,-0.009999999999999787,-0.7600000000000016,0.13999999999999968,-0.28000000000000114,0.36000000000001364,1.1500000000000057,0.09999999999999964,0.16000000000000014,-1.0899999999999963,0.8400000000000034,0.14000000000000057,0.040000000000000036,0.4200000000000017,0.129999999999999,-0.21999999999999886,-1.2899999999999991,0.3000000000000007,0.07000000000000028,-1.0300000000000011,0.0600000000000005,0.11000000000000032,-0.2700000000000031,0.07000000000000028,0.5399999999999991,-3.030000000000001,-0.030000000000001137,0.30999999999999517,-0.00999999999999801,0.049999999999998934,0.2699999999999996,0.3100000000000023,-0.25,0.2400000000000091,0.17999999999999972,0.35999999999999943,0.0600000000000005,0.15000000000000213,-0.00999999999999801,0.0799999999999983,-0.21000000000000085,0.03999999999999915,0.04999999999999716,0.0,,0.14999999999999858,0.1600000000000108,-0.269999999999996,0.5500000000000043,5.0,0.040000000000000924,-0.019999999999999574,0.21000000000000085,-0.7299999999999969,-0.4200000000000017,-0.9399999999999977,0.15000000000000036,0.17999999999999972,-7.720000000000027,0.16000000000000014,0.05000000000000071,0.6199999999999974,-0.0400000000000027,-0.259999999999998,0.21000000000000085,0.5499999999999972,0.5900000000000034,0.4799999999999969,3.3500000000000085,-4.0,0.5500000000000043,0.020000000000000462,0.10999999999999943,-0.21000000000000085,-6.160000000000025,-0.39000000000000057,0.2699999999999996,0.7999999999999972,0.120000000000001,-0.12000000000000455,-3.5400000000000063,-0.9799999999999898,0.10999999999999943,0.14999999999999858,-2.1600000000000037,0.120000000000001,0.3099999999999987,0.15000000000000213,0.17999999999999972,-2.3300000000000054,0.11999999999999744,1.2899999999999991,1.1499999999999915,4.730000000000018,-1.0699999999999932,0.17999999999999972,1.1599999999999966,1.0800000000000125,0.9200000000000017,2.9000000000000057,0.46000000000000085,1.0999999999999943,-0.8200000000000074,0.39000000000000057,2.2600000000000193,0.20000000000000107,0.44999999999999574,0.020000000000000018,0.040000000000000036,0.040000000000000036,0.02999999999999936,-0.09999999999999964,0.02999999999999936,0.04999999999999982,0.15000000000000036,0.07000000000000028,0.05000000000000071,-0.3999999999999986,0.08999999999999986,-0.8699999999999974,0.05000000000000071,0.019999999999999574,0.040000000000000036,-0.1900000000000004,-0.12000000000000455,0.10999999999999943,-0.490000000000002,0.120000000000001,-0.04999999999999982,1.5700000000000003,-0.060000000000002274,0.08000000000000007,0.05999999999999872,0.05999999999999872,0.08999999999999986,0.040000000000000036,-0.4400000000000013,0.4799999999999969,-0.7600000000000051,0.129999999999999,0.16999999999999993,0.1700000000000017,0.07000000000000028,-0.5199999999999996,0.25,2.1200000000000045,-0.9499999999999993,0.41000000000000014,0.05000000000000071,0.03000000000000025,-12.36999999999989,-0.1700000000000017,0.3999999999999986,0.21000000000000085,0.3099999999999987,0.010000000000001563,1.0799999999999983,0.040000000000000036,0.36999999999999744,0.05999999999999872,0.4599999999999973,-0.2599999999999998,0.05999999999999872,0.3200000000000003,0.23999999999999844,0.0899999999999963,0.05999999999999961,-0.3099999999999987,1.1200000000000045,-0.1899999999999995,0.09999999999999787,-0.2699999999999996,0.020000000000003126,-0.5,0.45000000000000284,0.23999999999999844,0.03000000000000025,0.1200000000000001,0.15000000000000036,-0.1399999999999988,0.3000000000000007,1.0400000000000063,-0.28000000000000114,-0.5300000000000011,-0.38000000000000256,0.0,0.10999999999999943,0.15000000000000213,0.7199999999999989,0.2599999999999998,-0.6500000000000021,-0.03999999999999915,0.19999999999999574,0.16999999999999993,0.08000000000000007,-0.9499999999999993,-0.2699999999999996,0.16000000000000014,-0.1200000000000001,0.07000000000000028,-0.3099999999999987,0.3200000000000003,0.09999999999999964,-0.16999999999999993,0.1899999999999995,0.05999999999999961,0.6799999999999997,-0.15999999999999925,0.05000000000000071,-1.1900000000000048,-0.019999999999999574,-0.1200000000000001,0.05999999999999961,0.08000000000000007,0.13999999999999968,0.769999999999996,0.010000000000001563,0.34999999999999964,0.03000000000000025,-0.9399999999999977,-0.3100000000000023,0.040000000000000036,0.019999999999999574,0.09999999999999964,-0.4400000000000013,0.8200000000000003,0.019999999999999574,0.09999999999999964,0.03000000000000025,-0.2900000000000009,0.2699999999999996,0.6700000000000159,0.14000000000000057,0.1899999999999995,0.020000000000000462,0.040000000000000036,0.08000000000000185,-0.1999999999999993,-0.21999999999999886,-0.040000000000000036,-0.2400000000000002,-0.4200000000000017,-0.25,-0.5700000000000003,0.730000000000004,-0.040000000000000924,0.120000000000001,-0.16999999999999993,-0.020000000000000018,-0.3800000000000008,0.16000000000000014,0.02999999999999936,0.0699999999999994,0.0,-0.45000000000000284,0.11000000000000032,0.20000000000000284,0.9599999999999937,0.19000000000000483,-0.1700000000000017,-0.759999999999998,0.4399999999999977,-0.8800000000000026,0.8400000000000034,0.509999999999998,0.9000000000000057,0.11999999999999744,0.4200000000000017,-0.40000000000000036,-2.8900000000000006,0.11999999999999744,0.75,0.08000000000000007,-3.739999999999995,-0.12999999999999545,1.2600000000000051,2.8799999999999955,0.5900000000000034,4.050000000000011,-0.00999999999999801,3.1499999999999773,0.46000000000000085,0.1599999999999966,-0.13000000000000078,10.549999999999955,2.039999999999992,-1.129999999999999,0.6000000000000014,0.5899999999999963,0.019999999999999574,0.03999999999999915,1.6799999999999926
2024-12-25,-0.0600000000000005,0.1900000000000004,-1.2800000000000011,-0.040000000000000036,-0.07000000000000028,-0.04999999999999982,0.0,-0.14000000000000057,-0.7099999999999937,-0.23000000000000043,0.379999999999999,-0.009999999999999787,0.4099999999999966,-0.5699999999999932,-0.6500000000000057,-0.040000000000000036,-0.2400000000000002,-0.14000000000000057,0.06999999999999318,-0.0600000000000005,-0.020000000000000462,-0.5399999999999991,0.16000000000000014,-0.010000000000001563,-0.8999999999999986,0.39000000000000057,-0.009999999999999787,-0.39999999999997726,-0.0600000000000005,-0.08000000000000007,0.16999999999999815,-0.35999999999999943,-0.01999999999999602,-0.020000000000003126,-0.02000000000000135,0.12000000000000455,-0.26000000000000156,0.1999999999999993,-0.05999999999999872,0.05000000000000071,-0.09999999999999964,-0.7800000000000011,-0.05999999999999872,-0.3200000000000003,0.02999999999999936,0.28999999999999915,0.37000000000000455,-0.4499999999999993,-0.2599999999999998,-0.4100000000000037,-0.13999999999999702,-0.23000000000000043,,-0.75,0.13000000000000966,-0.6400000000000006,-0.5,-2.3000000000000114,0.2599999999999998,-0.5100000000000016,-0.040000000000000924,-1.0599999999999952,-0.7800000000000011,-0.3299999999999983,-0.07000000000000028,-0.17999999999999972,-2.5,-0.14000000000000057,-0.060000000000002274,-0.010000000000001563,-0.639999999999997,-0.259999999999998,-0.11000000000000121,-0.6299999999999955,0.6299999999999955,-0.8699999999999974,-0.30000000000001137,-0.3199999999999932,-0.12000000000000455,-0.019999999999999574,1.1799999999999997,-0.09999999999999964,1.8599999999999568,-0.18999999999999773,-0.17999999999999972,0.17999999999999972,-0.14000000000000057,-1.9099999999999966,-0.6299999999999955,-3.3799999999999955,-1.1599999999999966,1.9600000000000009,-0.5,0.3299999999999983,-0.41000000000000014,0.740000000000002,-1.1099999999999994,-0.8500000000000014,-0.04999999999999716,0.0800000000000054,2.75,-0.2599999999999909,-1.1700000000000017,0.46000000000000085,-1.5800000000000125,2.460000000000008,-2.8700000000000045,-2.469999999999999,-0.4300000000000068,-0.36999999999999744,0.1799999999999926,-0.3500000000000014,0.3199999999999932,0.21999999999999886,-0.17999999999999972,0.030000000000000027,0.04999999999999982,-0.09000000000000075,-0.020000000000000462,0.0,-0.09000000000000075,0.0,0.08999999999999986,-0.14999999999999947,0.20000000000000018,-0.23000000000000043,-0.010000000000001563,0.17999999999999972,0.11000000000000032,0.05000000000000071,-0.09000000000000075,-0.08000000000000007,0.020000000000003126,0.08000000000000007,-0.23000000000000043,0.370000000000001,-0.08000000000000007,-0.35999999999999943,0.1699999999999946,-0.05000000000000071,0.1999999999999993,-0.3600000000000012,-0.08999999999999986,0.0,0.11999999999999922,-0.28999999999999915,1.5799999999999983,-0.1700000000000017,-0.08000000000000007,0.019999999999999574,-0.03999999999999915,-0.23999999999999844,0.7799999999999976,-0.6200000000000045,-0.120000000000001,-0.39000000000000057,-0.0600000000000005,-0.08000000000000007,-8.819999999999936,-0.1999999999999993,0.5299999999999976,-0.3100000000000023,0.10999999999999943,-0.33999999999999986,-1.009999999999991,-0.029999999999999805,-1.3100000000000023,-0.25,0.5399999999999991,0.129999999999999,-0.08999999999999986,-0.6500000000000057,-0.740000000000002,0.4099999999999966,0.010000000000000675,-0.6700000000000017,-0.6400000000000148,-0.08000000000000007,-0.8399999999999999,-0.5200000000000014,-0.29999999999999716,-0.1700000000000017,-0.7199999999999989,-0.019999999999999574,-0.02999999999999936,-0.03000000000000025,0.15000000000000036,-0.20000000000000107,0.28999999999999915,-0.7000000000000028,-0.10999999999999943,0.13999999999999702,-0.0400000000000027,-0.05999999999999961,-0.120000000000001,-0.030000000000001137,0.18999999999999773,-0.5300000000000011,-0.1700000000000017,-1.1599999999999966,-0.10000000000000142,0.20000000000000107,-0.13000000000000078,-0.28000000000000114,-0.05999999999999872,0.21000000000000085,-0.15000000000000036,-0.05999999999999872,0.060000000000002274,0.17999999999999972,0.07000000000000028,-0.040000000000000924,-0.11000000000000121,-0.05999999999999961,0.11999999999999744,0.1200000000000001,-0.009999999999999787,0.20999999999999375,0.02999999999999936,0.02999999999999936,-0.03000000000000025,-0.16000000000000014,-0.04999999999999982,0.14000000000000057,-0.120000000000001,-0.2400000000000002,-0.0,0.22000000000000597,-0.23000000000000043,0.03000000000000025,-0.040000000000000036,-0.05999999999999961,-0.10000000000000142,-0.20999999999999375,-0.26000000000000156,-0.129999999999999,-0.1200000000000001,-0.010000000000001563,-0.4299999999999997,-2.8499999999999943,-0.02999999999999936,0.009999999999999787,0.08000000000000007,0.03000000000000025,-0.509999999999998,-0.2400000000000002,0.019999999999999574,-0.020000000000000018,-0.040000000000000036,0.08999999999999986,-0.120000000000001,-0.030000000000001137,-0.23000000000000398,-0.34999999999999964,-0.11000000000000121,-0.09999999999999964,0.020000000000000018,-0.019999999999999574,-0.10000000000000142,-0.05999999999999872,-0.08000000000000007,0.020000000000000462,-0.060000000000002274,0.05999999999999961,-1.8199999999999932,-0.04000000000000625,0.8100000000000023,1.4600000000000009,-0.509999999999998,-2.819999999999993,-0.00999999999999801,-1.6500000000000057,1.7100000000000009,1.5,0.39000000000000057,-0.5899999999999999,-0.21000000000000085,-1.5400000000000063,-0.5299999999999976,1.7600000000000051,-0.10000000000000053,-0.39000000000000057,1.7800000000000011,-0.22999999999998977,-3.8799999999999955,-1.7000000000000028,-15.849999999999994,1.2700000000000031,7.170000000000016,-0.6400000000000006,1.7199999999999989,-0.1200000000000001,2.800000000000068,-3.299999999999997,0.9700000000000024,0.6000000000000014,-0.7899999999999991,0.9699999999999989,-0.490000000000002,-1.1299999999999955
2024-12-26,-0.0600000000000005,-0.03000000000000025,-2.8999999999999986,0.04999999999999982,0.04999999999999982,0.019999999999999574,-0.0600000000000005,0.08000000000000007,-0.4399999999999977,-0.08999999999999986,-0.14000000000000057,0.009999999999999787,1.0499999999999972,-0.2600000000000193,3.3899999999999864,-0.04999999999999982,-0.030000000000001137,0.0,-0.45999999999999375,0.23000000000000043,0.0,-0.8900000000000006,-0.41999999999999815,-0.019999999999999574,-0.7199999999999989,0.019999999999999574,-0.1399999999999988,0.5900000000000034,0.08999999999999986,0.2999999999999998,-0.17999999999999972,-1.1300000000000026,0.020000000000003126,-1.1899999999999977,-0.009999999999999787,0.8200000000000003,0.509999999999998,-0.08000000000000007,-0.16000000000000014,-0.25,0.02999999999999936,-1.789999999999992,-1.8099999999999987,0.010000000000001563,0.1999999999999993,0.33999999999999986,-0.8500000000000014,0.4599999999999973,-0.05000000000000071,-0.9299999999999997,-0.5999999999999979,-1.2899999999999991,,-0.35999999999999943,0.19999999999998863,0.3999999999999986,-0.3500000000000014,0.9200000000000159,0.1399999999999988,0.25,0.17999999999999972,-0.14999999999999858,0.0799999999999983,-1.25,0.0600000000000005,-0.020000000000003126,-1.0600000000000023,0.010000000000001563,0.020000000000003126,-0.16000000000000014,-0.20000000000000284,0.14999999999999858,0.009999999999999787,0.10999999999999943,0.5699999999999932,-0.8100000000000023,-6.960000000000008,-4.61999999999999,-1.1500000000000057,0.08999999999999986,-2.240000000000002,0.02999999999999936,-5.089999999999975,-0.030000000000001137,-0.05000000000000071,-0.6000000000000014,0.15000000000000036,-2.0,0.09999999999999432,-5.810000000000002,0.19999999999999574,-0.5600000000000023,-0.6099999999999994,0.4400000000000013,-0.10000000000000142,-0.03999999999999915,0.7800000000000011,-2.010000000000005,0.10000000000000142,-1.009999999999998,0.8200000000000074,6.720000000000027,-0.7999999999999972,0.14000000000000057,-2.280000000000001,0.9300000000000068,1.8599999999999994,0.9200000000000159,-0.09000000000000341,0.2700000000000031,-0.6700000000000017,0.3500000000000014,-4.069999999999993,-0.009999999999999787,-0.3399999999999963,0.0,0.16999999999999993,-0.010000000000000675,-0.040000000000000036,-0.10999999999999943,-0.1200000000000001,0.21999999999999975,0.23000000000000043,-0.08999999999999986,-0.10000000000000053,0.05999999999999872,-0.3000000000000007,0.0799999999999983,0.07000000000000028,-0.10999999999999943,-0.05000000000000071,-0.009999999999999787,0.3100000000000023,-0.14000000000000057,-0.010000000000001563,0.120000000000001,-0.029999999999999805,-0.39000000000000057,-0.15000000000000568,0.08999999999999986,-1.4600000000000009,-0.22000000000000064,0.38000000000000256,-0.020000000000000018,0.02999999999999936,-0.509999999999998,-0.23000000000000398,0.33000000000000185,-0.14000000000000057,-0.019999999999999574,-0.10999999999999943,0.05999999999999872,0.14999999999999858,-0.9399999999999977,1.3499999999999979,-0.41000000000000014,-0.1999999999999993,-0.010000000000000231,2.2100000000000364,-0.03999999999999915,0.019999999999999574,-1.0,0.620000000000001,0.129999999999999,-1.6499999999999915,0.0,-0.4200000000000017,0.33999999999999986,-0.14000000000000057,-0.4599999999999991,-0.19000000000000128,-0.3500000000000014,0.120000000000001,-1.4299999999999997,0.11000000000000032,0.019999999999999574,0.05000000000001137,0.08999999999999986,-1.5500000000000007,0.08999999999999986,0.2799999999999976,0.03999999999999915,-0.4200000000000017,0.46999999999999886,0.05999999999999961,0.0,0.049999999999998934,-0.08000000000000007,-0.21000000000000085,1.210000000000008,0.040000000000000924,-0.16000000000000014,-0.10999999999999943,0.16000000000000014,-0.13000000000000078,0.16999999999999815,-0.5700000000000003,0.3899999999999988,-0.120000000000001,-0.769999999999996,-1.7900000000000063,-0.08999999999999986,-0.11999999999999922,-0.6099999999999994,-0.08999999999999986,0.029999999999997584,0.0,-0.14999999999999858,-0.10000000000000142,0.4800000000000004,0.08999999999999986,-0.09999999999999964,0.11000000000000121,-0.009999999999999787,-0.44999999999999574,-0.02999999999999936,-0.040000000000000036,-0.3299999999999983,0.040000000000000924,0.009999999999999787,-0.08999999999999986,-0.010000000000000675,-0.0600000000000005,0.00999999999999801,0.8000000000000007,0.049999999999998934,0.050000000000000266,0.0,0.08999999999999986,-0.040000000000000036,-0.040000000000000036,-0.08000000000000007,-0.16000000000000014,-1.8500000000000014,-0.5199999999999996,0.21999999999999886,0.020000000000000462,-0.11999999999999922,-0.019999999999999574,1.2199999999999989,-0.1999999999999993,0.0,-0.04999999999999982,-0.020000000000000018,-0.11999999999999744,-0.049999999999998934,0.5599999999999987,-0.020000000000000018,-0.07000000000000028,-0.17999999999999972,0.040000000000000924,0.05000000000000071,-0.13000000000000966,-0.2599999999999998,0.09999999999999964,0.03999999999999915,-0.010000000000000231,0.049999999999998934,-0.05000000000000071,-0.11000000000000121,-0.009999999999999787,0.04999999999999982,-0.02999999999999403,-0.0699999999999994,0.21000000000000796,0.480000000000004,-0.13000000000000256,-0.5,0.46000000000000085,-2.009999999999991,0.060000000000002274,-0.15000000000000568,0.5399999999999991,-4.719999999999999,-0.16000000000000014,0.21999999999999886,0.33999999999999986,-0.3500000000000085,-0.19000000000000128,5.239999999999995,-0.0600000000000005,-0.3999999999999915,-2.2700000000000102,-7.579999999999998,-0.09000000000000341,-2.1499999999999915,2.5800000000000125,-0.6499999999999986,-10.370000000000005,0.10999999999999943,0.46999999999999886,0.1800000000000006,10.860000000000014,-2.989999999999995,-0.45000000000000284,-0.490000000000002,-0.36999999999999744,0.3999999999999986,0.07000000000000028,-1.259999999999991
2024-12-27,0.02999999999999936,-0.040000000000000036,-0.9100000000000037,0.029999999999999805,0.009999999999999787,0.13999999999999968,-0.10000000000000053,-0.120000000000001,-0.5600000000000023,0.02999999999999936,0.259999999999998,-0.020000000000000462,0.259999999999998,-0.2600000000000193,0.1699999999999875,-0.07000000000000028,0.040000000000000924,0.37999999999999545,-1.1099999999999994,0.10999999999999943,0.040000000000000036,-0.46000000000000085,-0.6400000000000006,-0.14000000000000057,0.41000000000000014,0.07000000000000028,-0.009999999999999787,-0.030000000000001137,-0.1399999999999988,0.07000000000000028,-0.14000000000000057,-0.1999999999999993,0.09000000000000341,-1.6199999999999974,-0.009999999999999787,0.759999999999998,0.16000000000000014,-0.1999999999999993,-0.08999999999999986,-0.11000000000000298,0.1899999999999995,0.8699999999999903,-0.4299999999999997,-0.10999999999999943,-0.019999999999999574,0.16999999999999815,-0.5799999999999983,-0.7300000000000004,0.1999999999999993,0.8399999999999963,-0.3200000000000003,1.3999999999999986,,-0.5099999999999998,-0.45000000000000284,-0.13000000000000256,0.29999999999999716,-7.020000000000039,-0.030000000000001137,-0.4400000000000013,0.25,0.060000000000002274,-0.13000000000000256,-0.9699999999999989,-0.0600000000000005,-0.08000000000000185,-1.419999999999959,-0.26000000000000156,-0.13999999999999702,0.010000000000001563,-0.07000000000000028,-0.4399999999999977,-0.09000000000000163,-0.09999999999999432,0.6099999999999994,0.13000000000000256,-0.8799999999999955,5.099999999999994,-1.6099999999999994,0.04999999999999982,-0.030000000000001137,0.15000000000000036,-2.1100000000000136,-0.4800000000000004,0.05999999999999872,0.6899999999999977,-0.009999999999999787,1.4599999999999937,2.319999999999993,-3.950000000000017,-0.21999999999999886,1.009999999999998,0.8500000000000014,0.259999999999998,0.21000000000000085,-0.10999999999999943,0.38000000000000256,-1.2199999999999989,-0.21000000000000085,-0.20000000000000284,0.5200000000000102,-0.75,-0.6099999999999994,1.1999999999999993,-3.960000000000008,-0.8500000000000085,1.9799999999999898,1.6000000000000227,0.0799999999999983,0.519999999999996,0.14000000000000057,-0.10000000000000142,-4.680000000000007,-0.019999999999999574,0.28000000000000114,-0.030000000000000027,0.08000000000000007,0.019999999999999574,-0.019999999999999574,-0.0699999999999994,-0.04999999999999982,0.0,0.0600000000000005,-0.019999999999999574,-0.14000000000000057,-0.07000000000000028,-0.07000000000000028,0.13999999999999346,-0.009999999999999787,0.05000000000000071,-0.019999999999999574,-0.0699999999999994,0.00999999999999801,-0.03999999999999915,-0.9699999999999989,0.030000000000001137,-0.10999999999999988,0.75,-0.6400000000000006,-0.019999999999999574,-0.4200000000000017,-0.08000000000000007,0.2900000000000027,-0.020000000000000018,-0.02999999999999936,-0.00999999999999801,-0.09000000000000341,0.0400000000000027,-0.019999999999999574,0.010000000000001563,-0.14000000000000057,-0.010000000000001563,0.14000000000000057,-0.28999999999999204,-0.33999999999999986,0.35999999999999943,-0.05999999999999872,-0.11000000000000032,-1.1800000000000637,-0.05000000000000071,-0.2699999999999996,-0.5200000000000031,0.13000000000000256,0.20999999999999908,-0.12999999999999545,-0.020000000000000018,-0.5700000000000003,0.10000000000000142,-0.03999999999999915,-0.08000000000000007,0.060000000000002274,-0.46000000000000085,0.020000000000003126,-0.8599999999999994,0.08000000000000007,0.05999999999999872,1.1400000000000148,-0.009999999999999787,-0.41000000000000014,0.08000000000000007,0.17999999999999972,-0.17999999999999972,-0.29999999999999716,0.28999999999999915,-0.0,-0.040000000000000036,0.05999999999999872,-0.0,0.05000000000000071,0.21999999999999886,-0.1399999999999988,0.18999999999999773,-0.08999999999999986,0.040000000000000036,0.0600000000000005,0.0400000000000027,0.03999999999999915,-0.05000000000000071,0.03999999999999915,0.05999999999999517,-1.2100000000000009,-0.09999999999999964,0.010000000000001563,-0.7199999999999989,-0.009999999999999787,-0.13000000000000256,0.04999999999999982,0.019999999999999574,-0.03999999999999915,0.17999999999999972,0.009999999999999787,-0.33000000000000007,-0.08000000000000007,-0.009999999999999787,0.17999999999999972,-0.019999999999999574,-0.009999999999999787,0.37999999999999545,0.1800000000000015,-0.08000000000000007,0.05999999999999961,0.009999999999999787,0.16000000000000014,-0.09000000000000341,0.26000000000000156,-0.019999999999999574,0.03000000000000025,0.17999999999999972,0.240000000000002,0.03000000000000025,-0.020000000000000462,0.05999999999999961,-0.03999999999999915,-1.2299999999999969,0.28999999999999915,0.09999999999999964,-0.0600000000000005,-0.09999999999999964,-0.03999999999999915,3.9099999999999966,0.049999999999998934,0.09999999999999964,0.040000000000000036,-0.009999999999999787,0.0,-0.05000000000000071,-0.17999999999999972,-0.010000000000000231,0.04999999999999982,-0.08999999999999986,-0.10999999999999943,0.040000000000000924,0.18999999999999773,-0.14000000000000057,0.3199999999999985,-0.09999999999999964,0.009999999999999787,-0.09999999999999964,0.0600000000000005,-0.19000000000000128,-0.019999999999999574,-0.08000000000000007,0.10000000000000142,0.0,4.170000000000002,-0.21999999999999886,0.7199999999999989,-0.8100000000000023,-0.259999999999998,0.539999999999992,0.3500000000000014,0.789999999999992,0.5,-0.3100000000000023,-0.13000000000000256,-0.14000000000000057,-0.14999999999999858,-0.1799999999999926,-0.240000000000002,-3.0400000000000063,0.1299999999999999,-1.1300000000000097,-2.230000000000018,-4.509999999999991,-1.4399999999999977,-3.2099999999999937,-4.1299999999999955,-0.01999999999999602,-5.460000000000036,-0.019999999999999574,0.1599999999999966,0.16999999999999993,0.8600000000000136,-0.45000000000000284,-1.0499999999999972,0.269999999999996,-0.060000000000002274,0.28000000000000114,0.6999999999999993,-0.7800000000000011
2024-12-30,-0.11999999999999922,0.1899999999999995,-0.7199999999999989,0.040000000000000036,0.03000000000000025,0.09999999999999964,0.05999999999999961,0.10000000000000142,0.10000000000000853,0.019999999999999574,0.16999999999999815,-0.1200000000000001,-0.5600000000000023,2.690000000000012,1.740000000000009,0.019999999999999574,-0.16000000000000014,-0.509999999999998,0.5,0.07000000000000028,-0.11000000000000032,0.00999999999999801,-0.620000000000001,-0.29999999999999716,-0.10999999999999943,-0.05000000000000071,-0.02999999999999936,1.3100000000000023,0.16999999999999993,-0.010000000000000675,0.08000000000000185,0.23000000000000043,0.5200000000000031,-0.35999999999999943,-0.16000000000000014,-0.01999999999999602,-0.14000000000000057,-0.15000000000000036,-0.1700000000000017,-0.14999999999999858,0.05999999999999961,-0.8100000000000023,-0.379999999999999,0.120000000000001,0.03999999999999915,-0.5,-0.0899999999999963,0.020000000000003126,0.11999999999999922,-0.14000000000000057,0.05000000000000071,0.2699999999999996,,-0.33999999999999986,0.8999999999999915,-0.6099999999999994,-0.21999999999999886,-5.329999999999984,0.03999999999999915,-0.03999999999999915,-0.08000000000000007,-0.4200000000000017,-0.25,0.29999999999999716,-0.049999999999998934,-0.08999999999999986,1.2899999999999636,0.09999999999999787,-0.16000000000000014,-0.75,0.08000000000000185,0.6899999999999977,-0.33999999999999986,-0.05999999999999517,-1.5499999999999972,0.030000000000001137,-2.219999999999999,-1.019999999999996,0.3199999999999932,-0.009999999999999787,-1.519999999999996,-0.11999999999999922,-0.8799999999999955,0.6099999999999994,0.3999999999999986,0.6899999999999977,-0.08000000000000007,0.009999999999990905,-0.5900000000000034,5.6699999999999875,-0.35999999999999943,0.4200000000000017,-0.21000000000000085,0.34999999999999787,-0.46000000000000085,-0.029999999999997584,1.1499999999999986,-0.5300000000000011,0.240000000000002,0.00999999999999801,1.9199999999999875,4.579999999999984,0.3499999999999943,0.4499999999999993,0.5600000000000023,-0.20999999999999375,-0.9300000000000068,14.949999999999989,0.23999999999999488,0.9299999999999997,-1.4699999999999989,-0.3200000000000003,-2.6299999999999812,-0.11000000000000121,0.4299999999999997,-0.020000000000000018,-0.03000000000000025,-0.14999999999999947,-0.09000000000000075,-0.04999999999999982,0.0,0.0,0.22000000000000064,-0.0699999999999994,0.08000000000000007,0.2900000000000027,0.05000000000000071,0.27999999999999403,-0.04999999999999982,0.14000000000000057,-0.040000000000000036,0.0600000000000005,-0.1600000000000037,-0.1899999999999995,-1.2300000000000004,0.14000000000000057,-0.009999999999999787,-0.19000000000000483,0.0,0.10999999999999943,0.2799999999999976,-0.17999999999999972,0.23000000000000043,-0.04999999999999982,0.20999999999999908,-0.03999999999999915,0.14000000000000057,-0.019999999999999574,-0.07000000000000028,-0.19000000000000128,0.1399999999999988,-0.030000000000001137,0.05000000000000071,0.799999999999983,-0.5500000000000007,-0.8000000000000007,0.030000000000001137,-0.07000000000000028,3.9700000000000273,0.19000000000000128,0.019999999999999574,-2.519999999999996,0.0400000000000027,0.28000000000000114,-0.75,0.050000000000000266,0.5,0.16000000000000014,0.19000000000000128,-0.08999999999999986,-0.11000000000000298,-0.5,-0.10000000000000142,-0.35999999999999943,-0.03000000000000025,-0.4499999999999993,1.8599999999999852,0.07000000000000028,0.15000000000000213,0.010000000000001563,0.120000000000001,-0.07000000000000028,-0.3399999999999963,-0.1999999999999993,-0.03000000000000025,0.009999999999999787,-0.1899999999999995,-0.16000000000000014,-0.620000000000001,-1.7600000000000051,0.13000000000000078,-0.5700000000000003,0.28000000000000114,0.009999999999999787,-0.16999999999999993,0.08999999999999986,-0.10000000000000142,-0.029999999999997584,0.10999999999999943,-0.5900000000000034,0.4099999999999966,0.05999999999999872,0.08000000000000007,-0.16000000000000014,0.13000000000000078,-0.1999999999999993,-0.10999999999999943,0.02999999999999936,0.22000000000000242,0.5500000000000007,-0.16999999999999993,0.15000000000000036,-0.3000000000000007,0.0600000000000005,0.6299999999999955,-0.13999999999999968,-0.11000000000000032,-1.3999999999999986,-0.1399999999999988,0.019999999999999574,-0.019999999999999574,0.03000000000000025,-0.20000000000000018,-0.5300000000000011,-0.13000000000000256,-0.030000000000001137,0.020000000000000018,-0.509999999999998,0.010000000000001563,-0.11000000000000032,-0.040000000000000036,0.009999999999999787,0.120000000000001,-0.759999999999998,-0.3200000000000003,0.14999999999999858,-0.08999999999999986,-0.019999999999999574,0.03999999999999915,-0.7800000000000011,0.05000000000000071,-0.28000000000000114,-0.04999999999999982,-0.0900000000000003,-0.22999999999999687,-0.08000000000000007,-0.1700000000000017,0.0,-0.04999999999999982,-0.17999999999999972,0.15000000000000036,0.14000000000000057,0.6199999999999903,-0.25,-0.23999999999999844,0.040000000000000924,-0.020000000000000018,-0.5,0.030000000000001137,-0.11000000000000121,0.04999999999999982,-0.009999999999999787,0.0899999999999963,-0.11999999999999922,-0.7999999999999972,0.6299999999999955,-1.3100000000000023,-0.3500000000000014,0.37999999999999545,-1.1400000000000006,-0.36999999999999744,-0.15000000000000568,-0.2600000000000051,-2.299999999999997,-0.23000000000000043,0.08999999999999986,-0.02000000000000135,-1.1899999999999977,-0.3200000000000003,1.8599999999999994,-0.010000000000000675,-1.75,-2.589999999999975,-4.290000000000006,0.6500000000000057,2.219999999999999,-1.0500000000000114,0.1699999999999946,-8.760000000000048,-0.019999999999999574,-1.3599999999999994,-0.1200000000000001,-31.399999999999977,-0.6599999999999966,-0.11999999999999744,0.8200000000000003,0.29999999999999716,-0.13999999999999702,-0.35999999999999943,1.7800000000000011
2024-12-31,0.25,-0.10000000000000053,0.3999999999999986,-0.06000000000000005,0.16000000000000014,-0.0600000000000005,0.2400000000000002,0.15999999999999837,0.09999999999999432,0.20000000000000107,-0.16999999999999815,-0.13999999999999968,-0.4799999999999969,-1.6599999999999966,-2.7600000000000193,0.29000000000000004,0.3200000000000003,0.11999999999999744,2.3700000000000045,0.08000000000000007,-0.0600000000000005,1.509999999999998,-0.8999999999999986,0.6899999999999977,-0.19000000000000128,-0.010000000000001563,0.21000000000000085,1.170000000000016,0.1399999999999988,0.1899999999999995,-0.18999999999999773,-1.360000000000003,0.9799999999999969,1.1899999999999977,-0.03999999999999915,-0.769999999999996,0.3200000000000003,-0.040000000000000924,0.3100000000000023,0.3999999999999986,-0.10000000000000053,2.9399999999999977,-0.6799999999999997,0.7200000000000024,0.3000000000000007,-0.20000000000000284,-0.4100000000000037,0.9299999999999997,-0.17999999999999972,1.7800000000000011,0.75,1.4400000000000013,,-0.5299999999999994,-0.4099999999999966,0.1599999999999966,-0.5700000000000003,15.970000000000027,0.5,0.3200000000000003,-0.41000000000000014,1.3700000000000045,1.3800000000000026,0.8900000000000006,0.14999999999999858,0.4299999999999997,-2.329999999999984,-0.060000000000002274,-0.4599999999999973,-0.17999999999999972,0.6500000000000021,-0.23000000000000398,-0.6000000000000014,1.110000000000003,-2.4599999999999937,1.2600000000000051,4.900000000000006,-2.3700000000000045,0.9299999999999997,-0.0,-1.8099999999999952,0.40000000000000036,20.600000000000023,1.3399999999999999,1.2300000000000004,-1.5,0.4399999999999995,5.099999999999994,1.2600000000000051,7.670000000000002,1.1799999999999997,-1.5900000000000034,0.38000000000000256,0.75,-0.5200000000000031,0.9200000000000017,1.740000000000002,5.219999999999999,-0.2099999999999973,-1.009999999999998,2.9000000000000057,0.5799999999999841,2.8999999999999915,-0.7800000000000011,3.7900000000000205,2.270000000000003,2.6599999999999966,-4.25,1.2899999999999991,-1.0200000000000031,-1.190000000000012,0.6700000000000017,6.690000000000012,-0.1800000000000015,0.6600000000000037,0.039999999999999813,0.07000000000000028,0.08999999999999986,-0.0600000000000005,-0.020000000000000462,0.040000000000000036,0.040000000000000036,0.009999999999999787,0.040000000000000036,-0.08999999999999986,1.3399999999999999,0.1999999999999993,-0.3200000000000003,-0.05999999999999961,-0.13000000000000078,0.10000000000000053,0.35000000000000053,0.8699999999999974,-0.25,-0.2799999999999976,0.5600000000000023,-0.08000000000000007,0.23999999999999488,0.4799999999999969,-0.009999999999999787,1.0700000000000003,-0.009999999999999787,-0.4299999999999997,0.04999999999999982,-0.19000000000000128,0.240000000000002,1.5,0.379999999999999,-0.0,0.5,-0.28999999999999915,-0.11999999999999744,-0.3200000000000003,3.5500000000000114,-0.490000000000002,1.3399999999999999,0.07000000000000028,-0.040000000000000036,1.0,-0.33999999999999986,1.4400000000000013,-2.1099999999999994,0.2099999999999973,0.6199999999999992,-1.9200000000000017,-0.08999999999999986,-0.259999999999998,-0.16000000000000014,-0.23000000000000043,-0.3100000000000005,-0.3100000000000023,-3.530000000000001,-0.3200000000000003,-0.6199999999999974,0.04999999999999982,-0.4400000000000013,1.7199999999999989,0.2900000000000009,0.7699999999999996,-0.14999999999999858,0.19000000000000128,-0.10000000000000142,-0.6000000000000014,-0.14000000000000057,0.04999999999999982,0.3199999999999994,-0.08000000000000007,-0.20000000000000107,0.010000000000001563,-1.7999999999999972,0.5899999999999999,-0.010000000000001563,0.6799999999999997,0.02999999999999936,-0.1399999999999988,0.5299999999999976,-0.22999999999999687,1.0500000000000007,1.2199999999999989,-0.6999999999999957,-0.6299999999999955,-0.14000000000000057,-0.16000000000000014,0.9499999999999993,0.21999999999999886,0.39000000000000057,-0.10999999999999943,0.17999999999999972,0.5200000000000031,-0.0799999999999983,-0.08000000000000007,-0.5299999999999994,-0.40000000000000036,0.03000000000000025,1.25,0.1899999999999995,-0.05000000000000071,-2.289999999999999,0.5400000000000009,0.25,0.1299999999999999,0.03000000000000025,-0.13000000000000078,-0.5500000000000043,0.03999999999999915,0.27000000000000135,0.07000000000000028,1.1099999999999994,0.08000000000000185,0.020000000000000462,0.08000000000000007,0.09999999999999964,0.6600000000000001,1.2700000000000031,0.7100000000000009,0.16999999999999993,-0.040000000000000036,-0.010000000000001563,1.1999999999999993,-1.0500000000000114,0.28000000000000114,-0.10999999999999943,-0.1200000000000001,-0.040000000000000036,-0.030000000000001137,0.0600000000000005,0.6199999999999974,0.040000000000000036,0.10999999999999943,0.129999999999999,0.5999999999999996,0.6899999999999995,-1.25,-0.08000000000000007,-0.41999999999999993,0.40000000000000036,0.06000000000000005,-0.1999999999999993,0.010000000000001563,-0.16000000000000014,0.020000000000000462,0.05000000000000071,1.5700000000000003,-0.07999999999999918,-1.720000000000013,1.1600000000000108,-1.0600000000000023,0.44999999999999574,0.45000000000000284,3.410000000000011,-0.44999999999999574,1.5900000000000034,1.990000000000002,-3.5900000000000034,-0.3200000000000003,0.8999999999999986,0.3899999999999988,-0.060000000000002274,0.030000000000001137,7.019999999999996,0.15999999999999925,-0.04999999999999716,-2.0700000000000216,-3.289999999999992,8.840000000000003,-0.5600000000000023,-4.210000000000008,0.6799999999999997,-9.009999999999991,0.6099999999999994,-0.10000000000000142,0.1999999999999993,-25.5,-0.15000000000000568,-0.8299999999999983,-1.3800000000000026,0.46999999999999886,1.4300000000000033,0.7199999999999989,-4.670000000000002
