date,000001.SZ,000002.SZ,000063.SZ,000069.SZ,000100.SZ,000157.SZ,000166.SZ,000301.SZ,000333.SZ,000338.SZ,000408.SZ,000425.SZ,000538.SZ,000568.SZ,000596.SZ,000617.SZ,000625.SZ,000651.SZ,000661.SZ,000708.SZ,000725.SZ,000733.SZ,000768.SZ,000776.SZ,000786.SZ,000792.SZ,000800.SZ,000858.SZ,000876.SZ,000877.SZ,000895.SZ,000938.SZ,000963.SZ,000977.SZ,000983.SZ,000999.SZ,001289.SZ,001979.SZ,002001.SZ,002007.SZ,002027.SZ,002049.SZ,002050.SZ,002074.SZ,002129.SZ,002142.SZ,002179.SZ,002180.SZ,002202.SZ,002230.SZ,002236.SZ,002241.SZ,002252.SZ,002271.SZ,002304.SZ,002311.SZ,002352.SZ,002371.SZ,002410.SZ,002415.SZ,002459.SZ,002460.SZ,002466.SZ,002475.SZ,002493.SZ,002555.SZ,002594.SZ,002601.SZ,002603.SZ,002648.SZ,002709.SZ,002714.SZ,002736.SZ,002812.SZ,002821.SZ,002841.SZ,002916.SZ,002920.SZ,002938.SZ,003816.SZ,300014.SZ,300015.SZ,300033.SZ,300059.SZ,300122.SZ,300124.SZ,300142.SZ,300223.SZ,300274.SZ,300308.SZ,300316.SZ,300347.SZ,300408.SZ,300413.SZ,300433.SZ,300450.SZ,300454.SZ,300496.SZ,300498.SZ,300628.SZ,300661.SZ,300750.SZ,300751.SZ,300759.SZ,300760.SZ,300763.SZ,300782.SZ,300896.SZ,300919.SZ,300957.SZ,300979.SZ,300999.SZ,301269.SZ,600000.SH,600009.SH,600010.SH,600011.SH,600015.SH,600016.SH,600018.SH,600019.SH,600023.SH,600025.SH,600028.SH,600029.SH,600030.SH,600031.SH,600036.SH,600039.SH,600048.SH,600050.SH,600061.SH,600085.SH,600089.SH,600104.SH,600111.SH,600115.SH,600132.SH,600150.SH,600176.SH,600183.SH,600188.SH,600196.SH,600219.SH,600233.SH,600276.SH,600309.SH,600332.SH,600346.SH,600362.SH,600372.SH,600406.SH,600426.SH,600436.SH,600438.SH,600460.SH,600489.SH,600515.SH,600519.SH,600547.SH,600570.SH,600584.SH,600585.SH,600588.SH,600600.SH,600606.SH,600660.SH,600674.SH,600690.SH,600732.SH,600741.SH,600745.SH,600754.SH,600760.SH,600795.SH,600803.SH,600809.SH,600837.SH,600845.SH,600875.SH,600886.SH,600887.SH,600893.SH,600900.SH,600905.SH,600918.SH,600919.SH,600926.SH,600938.SH,600941.SH,600958.SH,600989.SH,600999.SH,601006.SH,601009.SH,601012.SH,601021.SH,601059.SH,601066.SH,601088.SH,601100.SH,601111.SH,601117.SH,601138.SH,601155.SH,601166.SH,601169.SH,601186.SH,601211.SH,601225.SH,601229.SH,601236.SH,601238.SH,601288.SH,601318.SH,601319.SH,601328.SH,601336.SH,601360.SH,601377.SH,601390.SH,601398.SH,601600.SH,601601.SH,601607.SH,601615.SH,601618.SH,601628.SH,601633.SH,601658.SH,601668.SH,601669.SH,601688.SH,601689.SH,601698.SH,601699.SH,601728.SH,601766.SH,601788.SH,601799.SH,601800.SH,601808.SH,601816.SH,601818.SH,601838.SH,601857.SH,601865.SH,601868.SH,601872.SH,601877.SH,601878.SH,601881.SH,601888.SH,601898.SH,601899.SH,601901.SH,601916.SH,601919.SH,601939.SH,601985.SH,601988.SH,601989.SH,601995.SH,601998.SH,603019.SH,603195.SH,603259.SH,603260.SH,603288.SH,603290.SH,603369.SH,603392.SH,603486.SH,603501.SH,603659.SH,603799.SH,603806.SH,603833.SH,603899.SH,603986.SH,603993.SH,605117.SH,605499.SH,688008.SH,688012.SH,688036.SH,688041.SH,688065.SH,688111.SH,688126.SH,688187.SH,688223.SH,688256.SH,688271.SH,688303.SH,688363.SH,688396.SH,688561.SH,688599.SH,688981.SH
2024-01-02,,,,,,,,,,,,,,,,,,,,,,,,,,,,,,,,,,,,,,,,,,,,,,,,,,,,,,,,,,,,,,,,,,,,,,,,,,,,,,,,,,,,,,,,,,,,,,,,,,,,,,,,,,,,,,,,,,0.0,,,,,,,,,,,,,,,,,,,,,,,,,,,,,,,,,,,,,,,,,,,,,,,,,,,,,,,,,,,,,,,,,,,,,,,,,,,,,,,,,,,,,,,,,,,,,,,,,,,,,,,,,,,,,,,,,,,,,,,,,,,,,,,,,,,,,,,,,,,,,,,,,,,,,,,,,,,,,,,,,,,,,,,,,,,,,,,,,,,,,,,,,,
2024-01-03,,,,,,,,,,,,,,,,,,,,,,,,,,,,,,,,,,,,,,,,,,,,,,,,,,,,,,,,,,,,,,,,,,,,,,,,,,,,,,,,,,,,,,,,,,,,,,,,,,,,,,,,,,,,,,,,,,-0.802426809170113,,,,,,,,,,,,,,,,,,,,,,,,,,,,,,,,,,,,,,,,,,,,,,,,,,,,,,,,,,,,,,,,,,,,,,,,,,,,,,,,,,,,,,,,,,,,,,,,,,,,,,,,,,,,,,,,,,,,,,,,,,,,,,,,,,,,,,,,,,,,,,,,,,,,,,,,,,,,,,,,,,,,,,,,,,,,,,,,,,,,,,,,,,
2024-01-04,,,,,,,,,,,,,,,,,,,,,,,,,,,,,,,,,,,,,,,,,,,,,,,,,,,,,,,,,,,,,,,,,,,,,,,,,,,,,,,,,,,,,,,,,,,,,,,,,,,,,,,,,,,,,,,,,,-0.5921984189933878,,,,,,,,,,,,,,,,,,,,,,,,,,,,,,,,,,,,,,,,,,,,,,,,,,,,,,,,,,,,,,,,,,,,,,,,,,,,,,,,,,,,,,,,,,,,,,,,,,,,,,,,,,,,,,,,,,,,,,,,,,,,,,,,,,,,,,,,,,,,,,,,,,,,,,,,,,,,,,,,,,,,,,,,,,,,,,,,,,,,,,,,,,
2024-01-05,,,,,,,,,,,,,,,,,,,,,,,,,,,,,,,,,,,,,,,,,,,,,,,,,,,,,,,,,,,,,,,,,,,,,,,,,,,,,,,,,,,,,,,,,,,,,,,,,,,,,,,,,,,,,,,,,,-0.4984607348407409,,,,,,,,,,,,,,,,,,,,,,,,,,,,,,,,,,,,,,,,,,,,,,,,,,,,,,,,,,,,,,,,,,,,,,,,,,,,,,,,,,,,,,,,,,,,,,,,,,,,,,,,,,,,,,,,,,,,,,,,,,,,,,,,,,,,,,,,,,,,,,,,,,,,,,,,,,,,,,,,,,,,,,,,,,,,,,,,,,,,,,,,,,
2024-01-08,,,,,,,,,,,,,,,,,,,,,,,,,,,,,,,,,,,,,,,,,,,,,,,,,,,,,,,,,,,,,,,,,,,,,,,,,,,,,,,,,,,,,,,,,,,,,,,,,,,,,,,,,,,,,,,,,,-0.21403521589038285,,,,,,,,,,,,,,,,,,,,,,,,,,,,,,,,,,,,,,,,,,,,,,,,,,,,,,,,,,,,,,,,,,,,,,,,,,,,,,,,,,,,,,,,,,,,,,,,,,,,,,,,,,,,,,,,,,,,,,,,,,,,,,,,,,,,,,,,,,,,,,,,,,,,,,,,,,,,,,,,,,,,,,,,,,,,,,,,,,,,,,,,,,
2024-01-09,,,,,,,,,,,,,,,,,,,,,,,,,,,,,,,,,,,,,,,,,,,,,,,,,,,,,,,,,,,,,,,,,,,,,,,,,,,,,,,,,,,,,,,,,,,,,,,,,,,,,,,,,,,,,,,,,,-0.694720989419129,,,,,,,,,,,,,,,,,,,,,,,,,,,,,,,,,,,,,,,,,,,,,,,,,,,,,,,,,,,,,,,,,,,,,,,,,,,,,,,,,,,,,,,,,,,,,,,,,,,,,,,,,,,,,,,,,,,,,,,,,,,,,,,,,,,,,,,,,,,,,,,,,,,,,,,,,,,,,,,,,,,,,,,,,,,,,,,,,,,,,,,,,,
2024-01-10,,,,,,,,,,,,,,,,,,,,,,,,,,,,,,,,,,,,,,,,,,,,,,,,,,,,,,,,,,,,,,,,,,,,,,,,,,,,,,,,,,,,,,,,,,,,,,,,,,,,,,,,,,,,,,,,,,0.0,,,,,,,,,,,,,,,,,,,,,,,,,,,,,,,,,,,,,,,,,,,,,,,,,,,,,,,,,,,,,,,,,,,,,,,,,,,,,,,,,,,,,,,,,,,,,,,,,,,,,,,,,,,,,,,,,,,,,,,,,,,,,,,,,,,,,,,,,,,,,,,,,,,,,,,,,,,,,,,,,,,,,,,,,,,,,,,,,,,,,,,,,,
2024-01-11,,,,,,,,,,,,,,,,,,,,,,,,,,,,,,,,,,,,,,,,,,,,,,,,,,,,,,,,,,,,,,,,,,,,,,,,,,,,,,,,,,,,,,,,,,,,,,,,,,,,,,,,,,,,,,,,,,-0.14616899148368145,,,,,,,,,,,,,,,,,,,,,,,,,,,,,,,,,,,,,,,,,,,,,,,,,,,,,,,,,,,,,,,,,,,,,,,,,,,,,,,,,,,,,,,,,,,,,,,,,,,,,,,,,,,,,,,,,,,,,,,,,,,,,,,,,,,,,,,,,,,,,,,,,,,,,,,,,,,,,,,,,,,,,,,,,,,,,,,,,,,,,,,,,,
2024-01-12,,,,,,,,,,,,,,,,,,,,,,,,,,,,,,,,,,,,,,,,,,,,,,,,,,,,,,,,,,,,,,,,,,,,,,,,,,,,,,,,,,,,,,,,,,,,,,,,,,,,,,,,,,,,,,,,,,0.0,,,,,,,,,,,,,,,,,,,,,,,,,,,,,,,,,,,,,,,,,,,,,,,,,,,,,,,,,,,,,,,,,,,,,,,,,,,,,,,,,,,,,,,,,,,,,,,,,,,,,,,,,,,,,,,,,,,,,,,,,,,,,,,,,,,,,,,,,,,,,,,,,,,,,,,,,,,,,,,,,,,,,,,,,,,,,,,,,,,,,,,,,,
2024-01-15,,,,,,,,,,,,,,,,,,,,,,,,,,,,,,,,,,,,,,,,,,,,,,,,,,,,,,,,,,,,,,,,,,,,,,,,,,,,,,,,,,,,,,,,,,,,,,,,,,,,,,,,,,,,,,,,,,-0.5670531818347493,,,,,,,,,,,,,,,,,,,,,,,,,,,,,,,,,,,,,,,,,,,,,,,,,,,,,,,,,,,,,,,,,,,,,,,,,,,,,,,,,,,,,,,,,,,,,,,,,,,,,,,,,,,,,,,,,,,,,,,,,,,,,,,,,,,,,,,,,,,,,,,,,,,,,,,,,,,,,,,,,,,,,,,,,,,,,,,,,,,,,,,,,,
2024-01-16,,,,,,,,,,,,,,,,,,,,,,,,,,,,,,,,,,,,,,,,,,,,,,,,,,,,,,,,,,,,,,,,,,,,,,,,,,,,,,,,,,,,,,,,,,,,,,,,,,,,,,,,,,,,,,,,,,-0.8421776773282824,,,,,,,,,,,,,,,,,,,,,,,,,,,,,,,,,,,,,,,,,,,,,,,,,,,,,,,,,,,,,,,,,,,,,,,,,,,,,,,,,,,,,,,,,,,,,,,,,,,,,,,,,,,,,,,,,,,,,,,,,,,,,,,,,,,,,,,,,,,,,,,,,,,,,,,,,,,,,,,,,,,,,,,,,,,,,,,,,,,,,,,,,,
2024-01-17,,,,,,,,,,,,,,,,,,,,,,,,,,,,,,,,,,,,,,,,,,,,,,,,,,,,,,,,,,,,,,,,,,,,,,,,,,,,,,,,,,,,,,,,,,,,,,,,,,,,,,,,,,,,,,,,,,-0.10388756371977498,,,,,,,,,,,,,,,,,,,,,,,,,,,,,,,,,,,,,,,,,,,,,,,,,,,,,,,,,,,,,,,,,,,,,,,,,,,,,,,,,,,,,,,,,,,,,,,,,,,,,,,,,,,,,,,,,,,,,,,,,,,,,,,,,,,,,,,,,,,,,,,,,,,,,,,,,,,,,,,,,,,,,,,,,,,,,,,,,,,,,,,,,,
2024-01-18,,,,,,,,,,,,,,,,,,,,,,,,,,,,,,,,,,,,,,,,,,,,,,,,,,,,,,,,,,,,,,,,,,,,,,,,,,,,,,,,,,,,,,,,,,,,,,,,,,,,,,,,,,,,,,,,,,-0.8884930281853707,,,,,,,,,,,,,,,,,,,,,,,,,,,,,,,,,,,,,,,,,,,,,,,,,,,,,,,,,,,,,,,,,,,,,,,,,,,,,,,,,,,,,,,,,,,,,,,,,,,,,,,,,,,,,,,,,,,,,,,,,,,,,,,,,,,,,,,,,,,,,,,,,,,,,,,,,,,,,,,,,,,,,,,,,,,,,,,,,,,,,,,,,,
2024-01-19,,,,,,,,,,,,,,,,,,,,,,,,,,,,,,,,,,,,,,,,,,,,,,,,,,,,,,,,,,,,,,,,,,,,,,,,,,,,,,,,,,,,,,,,,,,,,,,,,,,,,,,,,,,,,,,,,,-0.7584044850754655,,,,,,,,,,,,,,,,,,,,,,,,,,,,,,,,,,,,,,,,,,,,,,,,,,,,,,,,,,,,,,,,,,,,,,,,,,,,,,,,,,,,,,,,,,,,,,,,,,,,,,,,,,,,,,,,,,,,,,,,,,,,,,,,,,,,,,,,,,,,,,,,,,,,,,,,,,,,,,,,,,,,,,,,,,,,,,,,,,,,,,,,,,
2024-01-22,,,,,,,,,,,,,,,,,,,,,,,,,,,,,,,,,,,,,,,,,,,,,,,,,,,,,,,,,,,,,,,,,,,,,,,,,,,,,,,,,,,,,,,,,,,,,,,,,,,,,,,,,,,,,,,,,,-0.4253296021012741,,,,,,,,,,,,,,,,,,,,,,,,,,,,,,,,,,,,,,,,,,,,,,,,,,,,,,,,,,,,,,,,,,,,,,,,,,,,,,,,,,,,,,,,,,,,,,,,,,,,,,,,,,,,,,,,,,,,,,,,,,,,,,,,,,,,,,,,,,,,,,,,,,,,,,,,,,,,,,,,,,,,,,,,,,,,,,,,,,,,,,,,,,
2024-01-23,,,,,,,,,,,,,,,,,,,,,,,,,,,,,,,,,,,,,,,,,,,,,,,,,,,,,,,,,,,,,,,,,,,,,,,,,,,,,,,,,,,,,,,,,,,,,,,,,,,,,,,,,,,,,,,,,,-0.7761211309678545,,,,,,,,,,,,,,,,,,,,,,,,,,,,,,,,,,,,,,,,,,,,,,,,,,,,,,,,,,,,,,,,,,,,,,,,,,,,,,,,,,,,,,,,,,,,,,,,,,,,,,,,,,,,,,,,,,,,,,,,,,,,,,,,,,,,,,,,,,,,,,,,,,,,,,,,,,,,,,,,,,,,,,,,,,,,,,,,,,,,,,,,,,
2024-01-24,,,,,,,,,,,,,,,,,,,,,,,,,,,,,,,,,,,,,,,,,,,,,,,,,,,,,,,,,,,,,,,,,,,,,,,,,,,,,,,,,,,,,,,,,,,,,,,,,,,,,,,,,,,,,,,,,,-0.8029289720869688,,,,,,,,,,,,,,,,,,,,,,,,,,,,,,,,,,,,,,,,,,,,,,,,,,,,,,,,,,,,,,,,,,,,,,,,,,,,,,,,,,,,,,,,,,,,,,,,,,,,,,,,,,,,,,,,,,,,,,,,,,,,,,,,,,,,,,,,,,,,,,,,,,,,,,,,,,,,,,,,,,,,,,,,,,,,,,,,,,,,,,,,,,
2024-01-25,,,,,,,,,,,,,,,,,,,,,,,,,,,,,,,,,,,,,,,,,,,,,,,,,,,,,,,,,,,,,,,,,,,,,,,,,,,,,,,,,,,,,,,,,,,,,,,,,,,,,,,,,,,,,,,,,,-0.6795634581482566,,,,,,,,,,,,,,,,,,,,,,,,,,,,,,,,,,,,,,,,,,,,,,,,,,,,,,,,,,,,,,,,,,,,,,,,,,,,,,,,,,,,,,,,,,,,,,,,,,,,,,,,,,,,,,,,,,,,,,,,,,,,,,,,,,,,,,,,,,,,,,,,,,,,,,,,,,,,,,,,,,,,,,,,,,,,,,,,,,,,,,,,,,
2024-01-26,,,,,,,,,,,,,,,,,,,,,,,,,,,,,,,,,,,,,,,,,,,,,,,,,,,,,,,,,,,,,,,,,,,,,,,,,,,,,,,,,,,,,,,,,,,,,,,,,,,,,,,,,,,,,,,,,,-0.7021437710488269,,,,,,,,,,,,,,,,,,,,,,,,,,,,,,,,,,,,,,,,,,,,,,,,,,,,,,,,,,,,,,,,,,,,,,,,,,,,,,,,,,,,,,,,,,,,,,,,,,,,,,,,,,,,,,,,,,,,,,,,,,,,,,,,,,,,,,,,,,,,,,,,,,,,,,,,,,,,,,,,,,,,,,,,,,,,,,,,,,,,,,,,,,
2024-01-29,,,,,,,,,,,,,,,,,,,,,,,,,,,,,,,,,,,,,,,,,,,,,,,,,,,,,,,,,,,,,,,,,,,,,,,,,,,,,,,,,,,,,,,,,,,,,,,,,,,,,,,,,,,,,,,,,,-0.4047285891874676,,,,,,,,,,,,,,,,,,,,,,,,,,,,,,,,,,,,,,,,,,,,,,,,,,,,,,,,,,,,,,,,,,,,,,,,,,,,,,,,,,,,,,,,,,,,,,,,,,,,,,,,,,,,,,,,,,,,,,,,,,,,,,,,,,,,,,,,,,,,,,,,,,,,,,,,,,,,,,,,,,,,,,,,,,,,,,,,,,,,,,,,,,
2024-01-30,,,,,,,,,,,,,,,,,,,,,,,,,,,,,,,,,,,,,,,,,,,,,,,,,,,,,,,,,,,,,,,,,,,,,,,,,,,,,,,,,,,,,,,,,,,,,,,,,,,,,,,,,,,,,,,,,,-0.08094659462651538,,,,,,,,,,,,,,,,,,,,,,,,,,,,,,,,,,,,,,,,,,,,,,,,,,,,,,,,,,,,,,,,,,,,,,,,,,,,,,,,,,,,,,,,,,,,,,,,,,,,,,,,,,,,,,,,,,,,,,,,,,,,,,,,,,,,,,,,,,,,,,,,,,,,,,,,,,,,,,,,,,,,,,,,,,,,,,,,,,,,,,,,,,
2024-01-31,,,,,,,,,,,,,,,,,,,,,,,,,,,,,,,,,,,,,,,,,,,,,,,,,,,,,,,,,,,,,,,,,,,,,,,,,,,,,,,,,,,,,,,,,,,,,,,,,,,,,,,,,,,,,,,,,,-0.6334998478558176,,,,,,,,,,,,,,,,,,,,,,,,,,,,,,,,,,,,,,,,,,,,,,,,,,,,,,,,,,,,,,,,,,,,,,,,,,,,,,,,,,,,,,,,,,,,,,,,,,,,,,,,,,,,,,,,,,,,,,,,,,,,,,,,,,,,,,,,,,,,,,,,,,,,,,,,,,,,,,,,,,,,,,,,,,,,,,,,,,,,,,,,,,
2024-02-01,,,,,,,,,,,,,,,,,,,,,,,,,,,,,,,,,,,,,,,,,,,,,,,,,,,,,,,,,,,,,,,,,,,,,,,,,,,,,,,,,,,,,,,,,,,,,,,,,,,,,,,,,,,,,,,,,,-0.204450864158933,,,,,,,,,,,,,,,,,,,,,,,,,,,,,,,,,,,,,,,,,,,,,,,,,,,,,,,,,,,,,,,,,,,,,,,,,,,,,,,,,,,,,,,,,,,,,,,,,,,,,,,,,,,,,,,,,,,,,,,,,,,,,,,,,,,,,,,,,,,,,,,,,,,,,,,,,,,,,,,,,,,,,,,,,,,,,,,,,,,,,,,,,,
2024-02-02,,,,,,,,,,,,,,,,,,,,,,,,,,,,,,,,,,,,,,,,,,,,,,,,,,,,,,,,,,,,,,,,,,,,,,,,,,,,,,,,,,,,,,,,,,,,,,,,,,,,,,,,,,,,,,,,,,-0.5912792182361606,,,,,,,,,,,,,,,,,,,,,,,,,,,,,,,,,,,,,,,,,,,,,,,,,,,,,,,,,,,,,,,,,,,,,,,,,,,,,,,,,,,,,,,,,,,,,,,,,,,,,,,,,,,,,,,,,,,,,,,,,,,,,,,,,,,,,,,,,,,,,,,,,,,,,,,,,,,,,,,,,,,,,,,,,,,,,,,,,,,,,,,,,,
2024-02-05,,,,,,,,,,,,,,,,,,,,,,,,,,,,,,,,,,,,,,,,,,,,,,,,,,,,,,,,,,,,,,,,,,,,,,,,,,,,,,,,,,,,,,,,,,,,,,,,,,,,,,,,,,,,,,,,,,-0.7834436569778233,,,,,,,,,,,,,,,,,,,,,,,,,,,,,,,,,,,,,,,,,,,,,,,,,,,,,,,,,,,,,,,,,,,,,,,,,,,,,,,,,,,,,,,,,,,,,,,,,,,,,,,,,,,,,,,,,,,,,,,,,,,,,,,,,,,,,,,,,,,,,,,,,,,,,,,,,,,,,,,,,,,,,,,,,,,,,,,,,,,,,,,,,,
2024-02-06,,,,,,,,,,,,,,,,,,,,,,,,,,,,,,,,,,,,,,,,,,,,,,,,,,,,,,,,,,,,,,,,,,,,,,,,,,,,,,,,,,,,,,,,,,,,,,,,,,,,,,,,,,,,,,,,,,-0.9238594584545068,,,,,,,,,,,,,,,,,,,,,,,,,,,,,,,,,,,,,,,,,,,,,,,,,,,,,,,,,,,,,,,,,,,,,,,,,,,,,,,,,,,,,,,,,,,,,,,,,,,,,,,,,,,,,,,,,,,,,,,,,,,,,,,,,,,,,,,,,,,,,,,,,,,,,,,,,,,,,,,,,,,,,,,,,,,,,,,,,,,,,,,,,,
2024-02-07,,,,,,,,,,,,,,,,,,,,,,,,,,,,,,,,,,,,,,,,,,,,,,,,,,,,,,,,,,,,,,,,,,,,,,,,,,,,,,,,,,,,,,,,,,,,,,,,,,,,,,,,,,,,,,,,,,-0.5294905490260148,,,,,,,,,,,,,,,,,,,,,,,,,,,,,,,,,,,,,,,,,,,,,,,,,,,,,,,,,,,,,,,,,,,,,,,,,,,,,,,,,,,,,,,,,,,,,,,,,,,,,,,,,,,,,,,,,,,,,,,,,,,,,,,,,,,,,,,,,,,,,,,,,,,,,,,,,,,,,,,,,,,,,,,,,,,,,,,,,,,,,,,,,,
2024-02-08,,,,,,,,,,,,,,,,,,,,,,,,,,,,,,,,,,,,,,,,,,,,,,,,,,,,,,,,,,,,,,,,,,,,,,,,,,,,,,,,,,,,,,,,,,,,,,,,,,,,,,,,,,,,,,,,,,-0.9266475920138953,,,,,,,,,,,,,,,,,,,,,,,,,,,,,,,,,,,,,,,,,,,,,,,,,,,,,,,,,,,,,,,,,,,,,,,,,,,,,,,,,,,,,,,,,,,,,,,,,,,,,,,,,,,,,,,,,,,,,,,,,,,,,,,,,,,,,,,,,,,,,,,,,,,,,,,,,,,,,,,,,,,,,,,,,,,,,,,,,,,,,,,,,,
2024-02-19,,,,,,,,,,,,,,,,,,,,,,,,,,,,,,,,,,,,,,,,,,,,,,,,,,,,,,,,,,,,,,,,,,,,,,,,,,,,,,,,,,,,,,,,,,,,,,,,,,,,,,,,,,,,,,,,,,-0.85517217411189,,,,,,,,,,,,,,,,,,,,,,,,,,,,,,,,,,,,,,,,,,,,,,,,,,,,,,,,,,,,,,,,,,,,,,,,,,,,,,,,,,,,,,,,,,,,,,,,,,,,,,,,,,,,,,,,,,,,,,,,,,,,,,,,,,,,,,,,,,,,,,,,,,,,,,,,,,,,,,,,,,,,,,,,,,,,,,,,,,,,,,,,,,
2024-02-20,,,,,,,,,,,,,,,,,,,,,,,,,,,,,,,,,,,,,,,,,,,,,,,,,,,,,,,,,,,,,,,,,,,,,,,,,,,,,,,,,,,,,,,,,,,,,,,,,,,,,,,,,,,,,,,,,,-0.4539138011292093,,,,,,,,,,,,,,,,,,,,,,,,,,,,,,,,,,,,,,,,,,,,,,,,,,,,,,,,,,,,,,,,,,,,,,,,,,,,,,,,,,,,,,,,,,,,,,,,,,,,,,,,,,,,,,,,,,,,,,,,,,,,,,,,,,,,,,,,,,,,,,,,,,,,,,,,,,,,,,,,,,,,,,,,,,,,,,,,,,,,,,,,,,
2024-02-21,,,,,,,,,,,,,,,,,,,,,,,,,,,,,,,,,,,,,,,,,,,,,,,,,,,,,,,,,,,,,,,,,,,,,,,,,,,,,,,,,,,,,,,,,,,,,,,,,,,,,,,,,,,,,,,,,,-0.5956876492465291,,,,,,,,,,,,,,,,,,,,,,,,,,,,,,,,,,,,,,,,,,,,,,,,,,,,,,,,,,,,,,,,,,,,,,,,,,,,,,,,,,,,,,,,,,,,,,,,,,,,,,,,,,,,,,,,,,,,,,,,,,,,,,,,,,,,,,,,,,,,,,,,,,,,,,,,,,,,,,,,,,,,,,,,,,,,,,,,,,,,,,,,,,
2024-02-22,,,,,,,,,,,,,,,,,,,,,,,,,,,,,,,,,,,,,,,,,,,,,,,,,,,,,,,,,,,,,,,,,,,,,,,,,,,,,,,,,,,,,,,,,,,,,,,,,,,,,,,,,,,,,,,,,,-0.3403260966716279,,,,,,,,,,,,,,,,,,,,,,,,,,,,,,,,,,,,,,,,,,,,,,,,,,,,,,,,,,,,,,,,,,,,,,,,,,,,,,,,,,,,,,,,,,,,,,,,,,,,,,,,,,,,,,,,,,,,,,,,,,,,,,,,,,,,,,,,,,,,,,,,,,,,,,,,,,,,,,,,,,,,,,,,,,,,,,,,,,,,,,,,,,
2024-02-23,,,,,,,,,,,,,,,,,,,,,,,,,,,,,,,,,,,,,,,,,,,,,,,,,,,,,,,,,,,,,,,,,,,,,,,,,,,,,,,,,,,,,,,,,,,,,,,,,,,,,,,,,,,,,,,,,,-0.5863623297418622,,,,,,,,,,,,,,,,,,,,,,,,,,,,,,,,,,,,,,,,,,,,,,,,,,,,,,,,,,,,,,,,,,,,,,,,,,,,,,,,,,,,,,,,,,,,,,,,,,,,,,,,,,,,,,,,,,,,,,,,,,,,,,,,,,,,,,,,,,,,,,,,,,,,,,,,,,,,,,,,,,,,,,,,,,,,,,,,,,,,,,,,,,
2024-02-26,,,,,,,,,,,,,,,,,,,,,,,,,,,,,,,,,,,,,,,,,,,,,,,,,,,,,,,,,,,,,,,,,,,,,,,,,,,,,,,,,,,,,,,,,,,,,,,,,,,,,,,,,,,,,,,,,,-0.05883527110330025,,,,,,,,,,,,,,,,,,,,,,,,,,,,,,,,,,,,,,,,,,,,,,,,,,,,,,,,,,,,,,,,,,,,,,,,,,,,,,,,,,,,,,,,,,,,,,,,,,,,,,,,,,,,,,,,,,,,,,,,,,,,,,,,,,,,,,,,,,,,,,,,,,,,,,,,,,,,,,,,,,,,,,,,,,,,,,,,,,,,,,,,,,
2024-02-27,,,,,,,,,,,,,,,,,,,,,,,,,,,,,,,,,,,,,,,,,,,,,,,,,,,,,,,,,,,,,,,,,,,,,,,,,,,,,,,,,,,,,,,,,,,,,,,,,,,,,,,,,,,,,,,,,,-0.8461619411701748,,,,,,,,,,,,,,,,,,,,,,,,,,,,,,,,,,,,,,,,,,,,,,,,,,,,,,,,,,,,,,,,,,,,,,,,,,,,,,,,,,,,,,,,,,,,,,,,,,,,,,,,,,,,,,,,,,,,,,,,,,,,,,,,,,,,,,,,,,,,,,,,,,,,,,,,,,,,,,,,,,,,,,,,,,,,,,,,,,,,,,,,,,
2024-02-28,,,,,,,,,,,,,,,,,,,,,,,,,,,,,,,,,,,,,,,,,,,,,,,,,,,,,,,,,,,,,,,,,,,,,,,,,,,,,,,,,,,,,,,,,,,,,,,,,,,,,,,,,,,,,,,,,,-0.2535410200529821,,,,,,,,,,,,,,,,,,,,,,,,,,,,,,,,,,,,,,,,,,,,,,,,,,,,,,,,,,,,,,,,,,,,,,,,,,,,,,,,,,,,,,,,,,,,,,,,,,,,,,,,,,,,,,,,,,,,,,,,,,,,,,,,,,,,,,,,,,,,,,,,,,,,,,,,,,,,,,,,,,,,,,,,,,,,,,,,,,,,,,,,,,
2024-02-29,,,,,,,,,,,,,,,,,,,,,,,,,,,,,,,,,,,,,,,,,,,,,,,,,,,,,,,,,,,,,,,,,,,,,,,,,,,,,,,,,,,,,,,,,,,,,,,,,,,,,,,,,,,,,,,,,,-0.7292543998182265,,,,,,,,,,,,,,,,,,,,,,,,,,,,,,,,,,,,,,,,,,,,,,,,,,,,,,,,,,,,,,,,,,,,,,,,,,,,,,,,,,,,,,,,,,,,,,,,,,,,,,,,,,,,,,,,,,,,,,,,,,,,,,,,,,,,,,,,,,,,,,,,,,,,,,,,,,,,,,,,,,,,,,,,,,,,,,,,,,,,,,,,,,
2024-03-01,,,,,,,,,,,,,,,,,,,,,,,,,,,,,,,,,,,,,,,,,,,,,,,,,,,,,,,,,,,,,,,,,,,,,,,,,,,,,,,,,,,,,,,,,,,,,,,,,,,,,,,,,,,,,,,,,,-0.16902400779788002,,,,,,,,,,,,,,,,,,,,,,,,,,,,,,,,,,,,,,,,,,,,,,,,,,,,,,,,,,,,,,,,,,,,,,,,,,,,,,,,,,,,,,,,,,,,,,,,,,,,,,,,,,,,,,,,,,,,,,,,,,,,,,,,,,,,,,,,,,,,,,,,,,,,,,,,,,,,,,,,,,,,,,,,,,,,,,,,,,,,,,,,,,
2024-03-04,,,,,,,,,,,,,,,,,,,,,,,,,,,,,,,,,,,,,,,,,,,,,,,,,,,,,,,,,,,,,,,,,,,,,,,,,,,,,,,,,,,,,,,,,,,,,,,,,,,,,,,,,,,,,,,,,,-0.29596125132343504,,,,,,,,,,,,,,,,,,,,,,,,,,,,,,,,,,,,,,,,,,,,,,,,,,,,,,,,,,,,,,,,,,,,,,,,,,,,,,,,,,,,,,,,,,,,,,,,,,,,,,,,,,,,,,,,,,,,,,,,,,,,,,,,,,,,,,,,,,,,,,,,,,,,,,,,,,,,,,,,,,,,,,,,,,,,,,,,,,,,,,,,,,
2024-03-05,,,,,,,,,,,,,,,,,,,,,,,,,,,,,,,,,,,,,,,,,,,,,,,,,,,,,,,,,,,,,,,,,,,,,,,,,,,,,,,,,,,,,,,,,,,,,,,,,,,,,,,,,,,,,,,,,,-0.7932931126826255,,,,,,,,,,,,,,,,,,,,,,,,,,,,,,,,,,,,,,,,,,,,,,,,,,,,,,,,,,,,,,,,,,,,,,,,,,,,,,,,,,,,,,,,,,,,,,,,,,,,,,,,,,,,,,,,,,,,,,,,,,,,,,,,,,,,,,,,,,,,,,,,,,,,,,,,,,,,,,,,,,,,,,,,,,,,,,,,,,,,,,,,,,
2024-03-06,,,,,,,,,,,,,,,,,,,,,,,,,,,,,,,,,,,,,,,,,,,,,,,,,,,,,,,,,,,,,,,,,,,,,,,,,,,,,,,,,,,,,,,,,,,,,,,,,,,,,,,,,,,,,,,,,,0.0,,,,,,,,,,,,,,,,,,,,,,,,,,,,,,,,,,,,,,,,,,,,,,,,,,,,,,,,,,,,,,,,,,,,,,,,,,,,,,,,,,,,,,,,,,,,,,,,,,,,,,,,,,,,,,,,,,,,,,,,,,,,,,,,,,,,,,,,,,,,,,,,,,,,,,,,,,,,,,,,,,,,,,,,,,,,,,,,,,,,,,,,,,
2024-03-07,,,,,,,,,,,,,,,,,,,,,,,,,,,,,,,,,,,,,,,,,,,,,,,,,,,,,,,,,,,,,,,,,,,,,,,,,,,,,,,,,,,,,,,,,,,,,,,,,,,,,,,,,,,,,,,,,,-0.32869088034691646,,,,,,,,,,,,,,,,,,,,,,,,,,,,,,,,,,,,,,,,,,,,,,,,,,,,,,,,,,,,,,,,,,,,,,,,,,,,,,,,,,,,,,,,,,,,,,,,,,,,,,,,,,,,,,,,,,,,,,,,,,,,,,,,,,,,,,,,,,,,,,,,,,,,,,,,,,,,,,,,,,,,,,,,,,,,,,,,,,,,,,,,,,
2024-03-08,,,,,,,,,,,,,,,,,,,,,,,,,,,,,,,,,,,,,,,,,,,,,,,,,,,,,,,,,,,,,,,,,,,,,,,,,,,,,,,,,,,,,,,,,,,,,,,,,,,,,,,,,,,,,,,,,,-0.1666666666666642,,,,,,,,,,,,,,,,,,,,,,,,,,,,,,,,,,,,,,,,,,,,,,,,,,,,,,,,,,,,,,,,,,,,,,,,,,,,,,,,,,,,,,,,,,,,,,,,,,,,,,,,,,,,,,,,,,,,,,,,,,,,,,,,,,,,,,,,,,,,,,,,,,,,,,,,,,,,,,,,,,,,,,,,,,,,,,,,,,,,,,,,,,
2024-03-11,,,,,,,,,,,,,,,,,,,,,,,,,,,,,,,,,,,,,,,,,,,,,,,,,,,,,,,,,,,,,,,,,,,,,,,,,,,,,,,,,,,,,,,,,,,,,,,,,,,,,,,,,,,,,,,,,,-0.4609745667214689,,,,,,,,,,,,,,,,,,,,,,,,,,,,,,,,,,,,,,,,,,,,,,,,,,,,,,,,,,,,,,,,,,,,,,,,,,,,,,,,,,,,,,,,,,,,,,,,,,,,,,,,,,,,,,,,,,,,,,,,,,,,,,,,,,,,,,,,,,,,,,,,,,,,,,,,,,,,,,,,,,,,,,,,,,,,,,,,,,,,,,,,,,
2024-03-12,,,,,,,,,,,,,,,,,,,,,,,,,,,,,,,,,,,,,,,,,,,,,,,,,,,,,,,,,,,,,,,,,,,,,,,,,,,,,,,,,,,,,,,,,,,,,,,,,,,,,,,,,,,,,,,,,,-0.28773203394701496,,,,,,,,,,,,,,,,,,,,,,,,,,,,,,,,,,,,,,,,,,,,,,,,,,,,,,,,,,,,,,,,,,,,,,,,,,,,,,,,,,,,,,,,,,,,,,,,,,,,,,,,,,,,,,,,,,,,,,,,,,,,,,,,,,,,,,,,,,,,,,,,,,,,,,,,,,,,,,,,,,,,,,,,,,,,,,,,,,,,,,,,,,
2024-03-13,,,,,,,,,,,,,,,,,,,,,,,,,,,,,,,,,,,,,,,,,,,,,,,,,,,,,,,,,,,,,,,,,,,,,,,,,,,,,,,,,,,,,,,,,,,,,,,,,,,,,,,,,,,,,,,,,,-0.11756936242384132,,,,,,,,,,,,,,,,,,,,,,,,,,,,,,,,,,,,,,,,,,,,,,,,,,,,,,,,,,,,,,,,,,,,,,,,,,,,,,,,,,,,,,,,,,,,,,,,,,,,,,,,,,,,,,,,,,,,,,,,,,,,,,,,,,,,,,,,,,,,,,,,,,,,,,,,,,,,,,,,,,,,,,,,,,,,,,,,,,,,,,,,,,
2024-03-14,,,,,,,,,,,,,,,,,,,,,,,,,,,,,,,,,,,,,,,,,,,,,,,,,,,,,,,,,,,,,,,,,,,,,,,,,,,,,,,,,,,,,,,,,,,,,,,,,,,,,,,,,,,,,,,,,,-0.16666666666666421,,,,,,,,,,,,,,,,,,,,,,,,,,,,,,,,,,,,,,,,,,,,,,,,,,,,,,,,,,,,,,,,,,,,,,,,,,,,,,,,,,,,,,,,,,,,,,,,,,,,,,,,,,,,,,,,,,,,,,,,,,,,,,,,,,,,,,,,,,,,,,,,,,,,,,,,,,,,,,,,,,,,,,,,,,,,,,,,,,,,,,,,,,
2024-03-15,,,,,,,,,,,,,,,,,,,,,,,,,,,,,,,,,,,,,,,,,,,,,,,,,,,,,,,,,,,,,,,,,,,,,,,,,,,,,,,,,,,,,,,,,,,,,,,,,,,,,,,,,,,,,,,,,,-0.9652329074728379,,,,,,,,,,,,,,,,,,,,,,,,,,,,,,,,,,,,,,,,,,,,,,,,,,,,,,,,,,,,,,,,,,,,,,,,,,,,,,,,,,,,,,,,,,,,,,,,,,,,,,,,,,,,,,,,,,,,,,,,,,,,,,,,,,,,,,,,,,,,,,,,,,,,,,,,,,,,,,,,,,,,,,,,,,,,,,,,,,,,,,,,,,
2024-03-18,,,,,,,,,,,,,,,,,,,,,,,,,,,,,,,,,,,,,,,,,,,,,,,,,,,,,,,,,,,,,,,,,,,,,,,,,,,,,,,,,,,,,,,,,,,,,,,,,,,,,,,,,,,,,,,,,,-0.4195807394922254,,,,,,,,,,,,,,,,,,,,,,,,,,,,,,,,,,,,,,,,,,,,,,,,,,,,,,,,,,,,,,,,,,,,,,,,,,,,,,,,,,,,,,,,,,,,,,,,,,,,,,,,,,,,,,,,,,,,,,,,,,,,,,,,,,,,,,,,,,,,,,,,,,,,,,,,,,,,,,,,,,,,,,,,,,,,,,,,,,,,,,,,,,
2024-03-19,,,,,,,,,,,,,,,,,,,,,,,,,,,,,,,,,,,,,,,,,,,,,,,,,,,,,,,,,,,,,,,,,,,,,,,,,,,,,,,,,,,,,,,,,,,,,,,,,,,,,,,,,,,,,,,,,,0.0,,,,,,,,,,,,,,,,,,,,,,,,,,,,,,,,,,,,,,,,,,,,,,,,,,,,,,,,,,,,,,,,,,,,,,,,,,,,,,,,,,,,,,,,,,,,,,,,,,,,,,,,,,,,,,,,,,,,,,,,,,,,,,,,,,,,,,,,,,,,,,,,,,,,,,,,,,,,,,,,,,,,,,,,,,,,,,,,,,,,,,,,,,
2024-03-20,,,,,,,,,,,,,,,,,,,,,,,,,,,,,,,,,,,,,,,,,,,,,,,,,,,,,,,,,,,,,,,,,,,,,,,,,,,,,,,,,,,,,,,,,,,,,,,,,,,,,,,,,,,,,,,,,,-0.6161599727592189,,,,,,,,,,,,,,,,,,,,,,,,,,,,,,,,,,,,,,,,,,,,,,,,,,,,,,,,,,,,,,,,,,,,,,,,,,,,,,,,,,,,,,,,,,,,,,,,,,,,,,,,,,,,,,,,,,,,,,,,,,,,,,,,,,,,,,,,,,,,,,,,,,,,,,,,,,,,,,,,,,,,,,,,,,,,,,,,,,,,,,,,,,
2024-03-21,,,,,,,,,,,,,,,,,,,,,,,,,,,,,,,,,,,,,,,,,,,,,,,,,,,,,,,,,,,,,,,,,,,,,,,,,,,,,,,,,,,,,,,,,,,,,,,,,,,,,,,,,,,,,,,,,,-0.6805026200942375,,,,,,,,,,,,,,,,,,,,,,,,,,,,,,,,,,,,,,,,,,,,,,,,,,,,,,,,,,,,,,,,,,,,,,,,,,,,,,,,,,,,,,,,,,,,,,,,,,,,,,,,,,,,,,,,,,,,,,,,,,,,,,,,,,,,,,,,,,,,,,,,,,,,,,,,,,,,,,,,,,,,,,,,,,,,,,,,,,,,,,,,,,
2024-03-22,,,,,,,,,,,,,,,,,,,,,,,,,,,,,,,,,,,,,,,,,,,,,,,,,,,,,,,,,,,,,,,,,,,,,,,,,,,,,,,,,,,,,,,,,,,,,,,,,,,,,,,,,,,,,,,,,,-0.5143668804845773,,,,,,,,,,,,,,,,,,,,,,,,,,,,,,,,,,,,,,,,,,,,,,,,,,,,,,,,,,,,,,,,,,,,,,,,,,,,,,,,,,,,,,,,,,,,,,,,,,,,,,,,,,,,,,,,,,,,,,,,,,,,,,,,,,,,,,,,,,,,,,,,,,,,,,,,,,,,,,,,,,,,,,,,,,,,,,,,,,,,,,,,,,
2024-03-25,,,,,,,,,,,,,,,,,,,,,,,,,,,,,,,,,,,,,,,,,,,,,,,,,,,,,,,,,,,,,,,,,,,,,,,,,,,,,,,,,,,,,,,,,,,,,,,,,,,,,,,,,,,,,,,,,,-0.6249999999999972,,,,,,,,,,,,,,,,,,,,,,,,,,,,,,,,,,,,,,,,,,,,,,,,,,,,,,,,,,,,,,,,,,,,,,,,,,,,,,,,,,,,,,,,,,,,,,,,,,,,,,,,,,,,,,,,,,,,,,,,,,,,,,,,,,,,,,,,,,,,,,,,,,,,,,,,,,,,,,,,,,,,,,,,,,,,,,,,,,,,,,,,,,
2024-03-26,,,,,,,,,,,,,,,,,,,,,,,,,,,,,,,,,,,,,,,,,,,,,,,,,,,,,,,,,,,,,,,,,,,,,,,,,,,,,,,,,,,,,,,,,,,,,,,,,,,,,,,,,,,,,,,,,,-0.9587402644141853,,,,,,,,,,,,,,,,,,,,,,,,,,,,,,,,,,,,,,,,,,,,,,,,,,,,,,,,,,,,,,,,,,,,,,,,,,,,,,,,,,,,,,,,,,,,,,,,,,,,,,,,,,,,,,,,,,,,,,,,,,,,,,,,,,,,,,,,,,,,,,,,,,,,,,,,,,,,,,,,,,,,,,,,,,,,,,,,,,,,,,,,,,
2024-03-27,,,,,,,,,,,,,,,,,,,,,,,,,,,,,,,,,,,,,,,,,,,,,,,,,,,,,,,,,,,,,,,,,,,,,,,,,,,,,,,,,,,,,,,,,,,,,,,,,,,,,,,,,,,,,,,,,,-0.489626916952221,,,,,,,,,,,,,,,,,,,,,,,,,,,,,,,,,,,,,,,,,,,,,,,,,,,,,,,,,,,,,,,,,,,,,,,,,,,,,,,,,,,,,,,,,,,,,,,,,,,,,,,,,,,,,,,,,,,,,,,,,,,,,,,,,,,,,,,,,,,,,,,,,,,,,,,,,,,,,,,,,,,,,,,,,,,,,,,,,,,,,,,,,,
2024-03-28,,,,,,,,,,,,,,,,,,,,,,,,,,,,,,,,,,,,,,,,,,,,,,,,,,,,,,,,,,,,,,,,,,,,,,,,,,,,,,,,,,,,,,,,,,,,,,,,,,,,,,,,,,,,,,,,,,-0.6760166841820652,,,,,,,,,,,,,,,,,,,,,,,,,,,,,,,,,,,,,,,,,,,,,,,,,,,,,,,,,,,,,,,,,,,,,,,,,,,,,,,,,,,,,,,,,,,,,,,,,,,,,,,,,,,,,,,,,,,,,,,,,,,,,,,,,,,,,,,,,,,,,,,,,,,,,,,,,,,,,,,,,,,,,,,,,,,,,,,,,,,,,,,,,,
2024-03-29,,,,,,,,,,,,,,,,,,,,,,,,,,,,,,,,,,,,,,,,,,,,,,,,,,,,,,,,,,,,,,,,,,,,,,,,,,,,,,,,,,,,,,,,,,,,,,,,,,,,,,,,,,,,,,,,,,-0.24999999999999445,,,,,,,,,,,,,,,,,,,,,,,,,,,,,,,,,,,,,,,,,,,,,,,,,,,,,,,,,,,,,,,,,,,,,,,,,,,,,,,,,,,,,,,,,,,,,,,,,,,,,,,,,,,,,,,,,,,,,,,,,,,,,,,,,,,,,,,,,,,,,,,,,,,,,,,,,,,,,,,,,,,,,,,,,,,,,,,,,,,,,,,,,,
2024-04-01,,,,,,,,,,,,,,,,,,,,,,,,,,,,,,,,,,,,,,,,,,,,,,,,,,,,,,,,,,,,,,,,,,,,,,,,,,,,,,,,,,,,,,,,,,,,,,,,,,,,,,,,,,,,,,,,,,-0.8512972529534155,,,,,,,,,,,,,,,,,,,,,,,,,,,,,,,,,,,,,,,,,,,,,,,,,,,,,,,,,,,,,,,,,,,,,,,,,,,,,,,,,,,,,,,,,,,,,,,,,,,,,,,,,,,,,,,,,,,,,,,,,,,,,,,,,,,,,,,,,,,,,,,,,,,,,,,,,,,,,,,,,,,,,,,,,,,,,,,,,,,,,,,,,,
2024-04-02,,,,,,,,,,,,,,,,,,,,,,,,,,,,,,,,,,,,,,,,,,,,,,,,,,,,,,,,,,,,,,,,,,,,,,,,,,,,,,,,,,,,,,,,,,,,,,,,,,,,,,,,,,,,,,,,,,-0.5441871363480041,,,,,,,,,,,,,,,,,,,,,,,,,,,,,,,,,,,,,,,,,,,,,,,,,,,,,,,,,,,,,,,,,,,,,,,,,,,,,,,,,,,,,,,,,,,,,,,,,,,,,,,,,,,,,,,,,,,,,,,,,,,,,,,,,,,,,,,,,,,,,,,,,,,,,,,,,,,,,,,,,,,,,,,,,,,,,,,,,,,,,,,,,,
2024-04-03,,,,,,,,,,,,,,,,,,,,,,,,,,,,,,,,,,,,,,,,,,,,,,,,,,,,,,,,,,,,,,,,,,,,,,,,,,,,,,,,,,,,,,,,,,,,,,,,,,,,,,,,,,,,,,,,,,-0.44444444444444553,,,,,,,,,,,,,,,,,,,,,,,,,,,,,,,,,,,,,,,,,,,,,,,,,,,,,,,,,,,,,,,,,,,,,,,,,,,,,,,,,,,,,,,,,,,,,,,,,,,,,,,,,,,,,,,,,,,,,,,,,,,,,,,,,,,,,,,,,,,,,,,,,,,,,,,,,,,,,,,,,,,,,,,,,,,,,,,,,,,,,,,,,,
2024-04-08,,,,,,,,,,,,,,,,,,,,,,,,,,,,,,,,,,,,,,,,,,,,,,,,,,,,,,,,,,,,,,,,,,,,,,,,,,,,,,,,,,,,,,,,,,,,,,,,,,,,,,,,,,,,,,,,,,-0.668857724543504,,,,,,,,,,,,,,,,,,,,,,,,,,,,,,,,,,,,,,,,,,,,,,,,,,,,,,,,,,,,,,,,,,,,,,,,,,,,,,,,,,,,,,,,,,,,,,,,,,,,,,,,,,,,,,,,,,,,,,,,,,,,,,,,,,,,,,,,,,,,,,,,,,,,,,,,,,,,,,,,,,,,,,,,,,,,,,,,,,,,,,,,,,
2024-04-09,,,,,,,,,,,,,,,,,,,,,,,,,,,,,,,,,,,,,,,,,,,,,,,,,,,,,,,,,,,,,,,,,,,,,,,,,,,,,,,,,,,,,,,,,,,,,,,,,,,,,,,,,,,,,,,,,,-0.14583323106286597,,,,,,,,,,,,,,,,,,,,,,,,,,,,,,,,,,,,,,,,,,,,,,,,,,,,,,,,,,,,,,,,,,,,,,,,,,,,,,,,,,,,,,,,,,,,,,,,,,,,,,,,,,,,,,,,,,,,,,,,,,,,,,,,,,,,,,,,,,,,,,,,,,,,,,,,,,,,,,,,,,,,,,,,,,,,,,,,,,,,,,,,,,
2024-04-10,,,,,,,,,,,,,,,,,,,,,,,,,,,,,,,,,,,,,,,,,,,,,,,,,,,,,,,,,,,,,,,,,,,,,,,,,,,,,,,,,,,,,,,,,,,,,,,,,,,,,,,,,,,,,,,,,,-0.3972565261352094,,,,,,,,,,,,,,,,,,,,,,,,,,,,,,,,,,,,,,,,,,,,,,,,,,,,,,,,,,,,,,,,,,,,,,,,,,,,,,,,,,,,,,,,,,,,,,,,,,,,,,,,,,,,,,,,,,,,,,,,,,,,,,,,,,,,,,,,,,,,,,,,,,,,,,,,,,,,,,,,,,,,,,,,,,,,,,,,,,,,,,,,,,
2024-04-11,,,,,,,,,,,,,,,,,,,,,,,,,,,,,,,,,,,,,,,,,,,,,,,,,,,,,,,,,,,,,,,,,,,,,,,,,,,,,,,,,,,,,,,,,,,,,,,,,,,,,,,,,,,,,,,,,,-0.5517294299342422,,,,,,,,,,,,,,,,,,,,,,,,,,,,,,,,,,,,,,,,,,,,,,,,,,,,,,,,,,,,,,,,,,,,,,,,,,,,,,,,,,,,,,,,,,,,,,,,,,,,,,,,,,,,,,,,,,,,,,,,,,,,,,,,,,,,,,,,,,,,,,,,,,,,,,,,,,,,,,,,,,,,,,,,,,,,,,,,,,,,,,,,,,
2024-04-12,,,,,,,,,,,,,,,,,,,,,,,,,,,,,,,,,,,,,,,,,,,,,,,,,,,,,,,,,,,,,,,,,,,,,,,,,,,,,,,,,,,,,,,,,,,,,,,,,,,,,,,,,,,,,,,,,,-0.07500440966534733,,,,,,,,,,,,,,,,,,,,,,,,,,,,,,,,,,,,,,,,,,,,,,,,,,,,,,,,,,,,,,,,,,,,,,,,,,,,,,,,,,,,,,,,,,,,,,,,,,,,,,,,,,,,,,,,,,,,,,,,,,,,,,,,,,,,,,,,,,,,,,,,,,,,,,,,,,,,,,,,,,,,,,,,,,,,,,,,,,,,,,,,,,
2024-04-15,,,,,,,,,,,,,,,,,,,,,,,,,,,,,,,,,,,,,,,,,,,,,,,,,,,,,,,,,,,,,,,,,,,,,,,,,,,,,,,,,,,,,,,,,,,,,,,,,,,,,,,,,,,,,,,,,,-0.8826441915594375,,,,,,,,,,,,,,,,,,,,,,,,,,,,,,,,,,,,,,,,,,,,,,,,,,,,,,,,,,,,,,,,,,,,,,,,,,,,,,,,,,,,,,,,,,,,,,,,,,,,,,,,,,,,,,,,,,,,,,,,,,,,,,,,,,,,,,,,,,,,,,,,,,,,,,,,,,,,,,,,,,,,,,,,,,,,,,,,,,,,,,,,,,
2024-04-16,,,,,,,,,,,,,,,,,,,,,,,,,,,,,,,,,,,,,,,,,,,,,,,,,,,,,,,,,,,,,,,,,,,,,,,,,,,,,,,,,,,,,,,,,,,,,,,,,,,,,,,,,,,,,,,,,,-0.45142358824514506,,,,,,,,,,,,,,,,,,,,,,,,,,,,,,,,,,,,,,,,,,,,,,,,,,,,,,,,,,,,,,,,,,,,,,,,,,,,,,,,,,,,,,,,,,,,,,,,,,,,,,,,,,,,,,,,,,,,,,,,,,,,,,,,,,,,,,,,,,,,,,,,,,,,,,,,,,,,,,,,,,,,,,,,,,,,,,,,,,,,,,,,,,
2024-04-17,,,,,,,,,,,,,,,,,,,,,,,,,,,,,,,,,,,,,,,,,,,,,,,,,,,,,,,,,,,,,,,,,,,,,,,,,,,,,,,,,,,,,,,,,,,,,,,,,,,,,,,,,,,,,,,,,,-0.8909921242597583,,,,,,,,,,,,,,,,,,,,,,,,,,,,,,,,,,,,,,,,,,,,,,,,,,,,,,,,,,,,,,,,,,,,,,,,,,,,,,,,,,,,,,,,,,,,,,,,,,,,,,,,,,,,,,,,,,,,,,,,,,,,,,,,,,,,,,,,,,,,,,,,,,,,,,,,,,,,,,,,,,,,,,,,,,,,,,,,,,,,,,,,,,
2024-04-18,,,,,,,,,,,,,,,,,,,,,,,,,,,,,,,,,,,,,,,,,,,,,,,,,,,,,,,,,,,,,,,,,,,,,,,,,,,,,,,,,,,,,,,,,,,,,,,,,,,,,,,,,,,,,,,,,,-0.13424532263564784,,,,,,,,,,,,,,,,,,,,,,,,,,,,,,,,,,,,,,,,,,,,,,,,,,,,,,,,,,,,,,,,,,,,,,,,,,,,,,,,,,,,,,,,,,,,,,,,,,,,,,,,,,,,,,,,,,,,,,,,,,,,,,,,,,,,,,,,,,,,,,,,,,,,,,,,,,,,,,,,,,,,,,,,,,,,,,,,,,,,,,,,,,
2024-04-19,,,,,,,,,,,,,,,,,,,,,,,,,,,,,,,,,,,,,,,,,,,,,,,,,,,,,,,,,,,,,,,,,,,,,,,,,,,,,,,,,,,,,,,,,,,,,,,,,,,,,,,,,,,,,,,,,,-0.5636857513622198,,,,,,,,,,,,,,,,,,,,,,,,,,,,,,,,,,,,,,,,,,,,,,,,,,,,,,,,,,,,,,,,,,,,,,,,,,,,,,,,,,,,,,,,,,,,,,,,,,,,,,,,,,,,,,,,,,,,,,,,,,,,,,,,,,,,,,,,,,,,,,,,,,,,,,,,,,,,,,,,,,,,,,,,,,,,,,,,,,,,,,,,,,
2024-04-22,,,,,,,,,,,,,,,,,,,,,,,,,,,,,,,,,,,,,,,,,,,,,,,,,,,,,,,,,,,,,,,,,,,,,,,,,,,,,,,,,,,,,,,,,,,,,,,,,,,,,,,,,,,,,,,,,,-0.06992945942677152,,,,,,,,,,,,,,,,,,,,,,,,,,,,,,,,,,,,,,,,,,,,,,,,,,,,,,,,,,,,,,,,,,,,,,,,,,,,,,,,,,,,,,,,,,,,,,,,,,,,,,,,,,,,,,,,,,,,,,,,,,,,,,,,,,,,,,,,,,,,,,,,,,,,,,,,,,,,,,,,,,,,,,,,,,,,,,,,,,,,,,,,,,
2024-04-23,,,,,,,,,,,,,,,,,,,,,,,,,,,,,,,,,,,,,,,,,,,,,,,,,,,,,,,,,,,,,,,,,,,,,,,,,,,,,,,,,,,,,,,,,,,,,,,,,,,,,,,,,,,,,,,,,,-0.5918700389303303,,,,,,,,,,,,,,,,,,,,,,,,,,,,,,,,,,,,,,,,,,,,,,,,,,,,,,,,,,,,,,,,,,,,,,,,,,,,,,,,,,,,,,,,,,,,,,,,,,,,,,,,,,,,,,,,,,,,,,,,,,,,,,,,,,,,,,,,,,,,,,,,,,,,,,,,,,,,,,,,,,,,,,,,,,,,,,,,,,,,,,,,,,
2024-04-24,,,,,,,,,,,,,,,,,,,,,,,,,,,,,,,,,,,,,,,,,,,,,,,,,,,,,,,,,,,,,,,,,,,,,,,,,,,,,,,,,,,,,,,,,,,,,,,,,,,,,,,,,,,,,,,,,,-0.6081965997645374,,,,,,,,,,,,,,,,,,,,,,,,,,,,,,,,,,,,,,,,,,,,,,,,,,,,,,,,,,,,,,,,,,,,,,,,,,,,,,,,,,,,,,,,,,,,,,,,,,,,,,,,,,,,,,,,,,,,,,,,,,,,,,,,,,,,,,,,,,,,,,,,,,,,,,,,,,,,,,,,,,,,,,,,,,,,,,,,,,,,,,,,,,
2024-04-25,,,,,,,,,,,,,,,,,,,,,,,,,,,,,,,,,,,,,,,,,,,,,,,,,,,,,,,,,,,,,,,,,,,,,,,,,,,,,,,,,,,,,,,,,,,,,,,,,,,,,,,,,,,,,,,,,,-0.8610654192873748,,,,,,,,,,,,,,,,,,,,,,,,,,,,,,,,,,,,,,,,,,,,,,,,,,,,,,,,,,,,,,,,,,,,,,,,,,,,,,,,,,,,,,,,,,,,,,,,,,,,,,,,,,,,,,,,,,,,,,,,,,,,,,,,,,,,,,,,,,,,,,,,,,,,,,,,,,,,,,,,,,,,,,,,,,,,,,,,,,,,,,,,,,
2024-04-26,,,,,,,,,,,,,,,,,,,,,,,,,,,,,,,,,,,,,,,,,,,,,,,,,,,,,,,,,,,,,,,,,,,,,,,,,,,,,,,,,,,,,,,,,,,,,,,,,,,,,,,,,,,,,,,,,,-0.5348428584455667,,,,,,,,,,,,,,,,,,,,,,,,,,,,,,,,,,,,,,,,,,,,,,,,,,,,,,,,,,,,,,,,,,,,,,,,,,,,,,,,,,,,,,,,,,,,,,,,,,,,,,,,,,,,,,,,,,,,,,,,,,,,,,,,,,,,,,,,,,,,,,,,,,,,,,,,,,,,,,,,,,,,,,,,,,,,,,,,,,,,,,,,,,
2024-04-29,,,,,,,,,,,,,,,,,,,,,,,,,,,,,,,,,,,,,,,,,,,,,,,,,,,,,,,,,,,,,,,,,,,,,,,,,,,,,,,,,,,,,,,,,,,,,,,,,,,,,,,,,,,,,,,,,,-0.5345166413023212,,,,,,,,,,,,,,,,,,,,,,,,,,,,,,,,,,,,,,,,,,,,,,,,,,,,,,,,,,,,,,,,,,,,,,,,,,,,,,,,,,,,,,,,,,,,,,,,,,,,,,,,,,,,,,,,,,,,,,,,,,,,,,,,,,,,,,,,,,,,,,,,,,,,,,,,,,,,,,,,,,,,,,,,,,,,,,,,,,,,,,,,,,
2024-04-30,,,,,,,,,,,,,,,,,,,,,,,,,,,,,,,,,,,,,,,,,,,,,,,,,,,,,,,,,,,,,,,,,,,,,,,,,,,,,,,,,,,,,,,,,,,,,,,,,,,,,,,,,,,,,,,,,,-0.46223455284685405,,,,,,,,,,,,,,,,,,,,,,,,,,,,,,,,,,,,,,,,,,,,,,,,,,,,,,,,,,,,,,,,,,,,,,,,,,,,,,,,,,,,,,,,,,,,,,,,,,,,,,,,,,,,,,,,,,,,,,,,,,,,,,,,,,,,,,,,,,,,,,,,,,,,,,,,,,,,,,,,,,,,,,,,,,,,,,,,,,,,,,,,,,
2024-05-06,-0.19121396722456274,-0.0508751697836159,-0.12003955464881327,0.0,-0.5924627846183905,-0.7665822954891574,-0.09791429417246672,-0.635134929082724,-0.7247835956746823,-0.5916134738006147,-0.7843096142006231,-0.6604454683969329,-0.6238811603478344,-0.47543762978961274,-0.3762970827981925,-0.20168917959006558,-0.1340710922010985,-0.7050231978286464,-0.7860797808861645,-0.8825258475497944,-0.6782804614404269,-0.36454521288037434,-0.2266820321132777,-0.16209383045734085,-0.43060194378211725,-0.5366096035939284,-0.2652062831776536,-0.3103654179204258,-0.361998890649901,-0.11461591879665932,-0.33653844594846694,-0.2028474490145231,-0.5373613772808291,-0.3425698655522642,-0.9451109931435716,-0.809026109497667,-0.8562646952661849,-0.21428571428571658,-0.5998139640362083,-0.630479321289734,-0.5914980364227204,-0.09168942750300589,-0.48338268712391574,-0.4441667256974437,-0.30695264320271326,-0.1653403308168042,-0.25900401872656253,-0.08892853262345594,-0.5385413960092112,-0.24449441882503886,-0.3050069213142485,-0.7359013112124071,-0.654483103904516,-0.23248745868113482,-0.5087532807515552,-0.44372145521250655,-0.48224317930376764,-0.15520097687240014,-0.3781397096931833,-0.7380139861439791,-0.2348177149467642,-0.37394872949926866,-0.06687197942379365,-0.7086553977298164,-0.7071378831205245,-0.5127623627288174,-0.5563383434198639,-0.7709955226218993,-0.6603850547929229,-0.814571980323677,-0.30108805366505953,-0.7626364847450623,-0.3502599493816369,-0.12190106968832402,-0.5175757834475584,-0.23157478533416348,-0.2572573606342985,-0.3729516753026447,-0.7432140304378715,-0.6460711569484922,-0.5420385935820394,-0.6341833536659162,-0.07530588318460754,-0.11237468163470375,-0.62430406913334,-0.7135129700476346,-0.22792875885697952,-0.00837014093936029,-0.26672864059891394,-0.046671778279858384,-0.34324308903303,-0.7052852644041021,-0.46317723399494015,-0.21259386597704055,-0.7661167483585709,-0.26868552614234353,-0.20048881824003642,-0.07938244941588198,-0.22416911507202458,-0.2463094928924621,0.0,-0.18446369757973152,-0.34028789492658845,-0.5353904176855497,-0.7265568037874253,-0.6292989264280734,-0.394390968051099,-0.4161599643008125,-0.24369985384285583,-0.6007767626375617,-0.6939386667230252,-0.3827236910076845,-0.6959160425714616,-0.7007408665754973,-0.22715016836099491,-0.9695144970998881,-0.91164339633258,-0.2693110558073624,-0.13317791509719598,-0.6534386131249857,-0.20580512952981214,-0.8778036929678994,-0.699912138007954,-0.7814794203320012,-0.1492336994317681,-0.27557855239660234,-0.7701971472173913,-0.2579842599248863,-0.44596843060758545,-0.07543515144369746,-0.11971087654545368,-0.27290664607723913,-0.6602930063984901,-0.687380803883683,-0.05113173734607651,-0.5614726802210139,-0.25997215945639407,-0.9404195980318196,-0.6386349060601296,-0.6209811357754813,-0.5287132594075734,-0.8512882098159965,-0.7415832748890764,-0.8452712558780401,-0.11364742728530278,-0.4980208285021312,-0.7233657661244391,-0.7334802596500402,-0.7966152095463478,-0.8285542814495983,-0.7969162673050876,-0.22549935254665826,-0.6594128648579829,-0.5970507881506462,-0.27780472071641416,-0.5617263051951497,-0.9192803063791571,-0.17146942607380147,-0.8104986586784878,-0.8434340409165856,-0.26197141409907504,-0.785052235695909,-0.434137216665646,-0.09050928033362537,-0.7528727035958389,-0.15907505836666253,-0.7610389610967736,-0.5924744461669486,-0.7556282024609525,-0.033906352088451316,-0.2772344701439938,-0.43885739162670934,-0.6610807816885983,-0.5547450036480451,-0.8470895766593034,-0.48901199666914713,-0.4121243900713028,-0.1373442786764858,-0.5156847517691547,-0.8180307531286672,-0.9143837425095144,-0.5124138117973952,-0.058538202506533105,-0.11826860559218376,-0.2642052217982524,-0.21236109424328709,-0.07599416878599755,-0.22596923441276243,-0.9444018838432756,-0.2353511763193562,-0.2746789170201917,-0.8509589309338251,-0.20234948222321403,-0.33574180115247015,-0.737803573161368,-0.5219862378635518,-0.24120624536170865,-0.18290119222330453,-0.16698240032129355,-0.8208265022994319,-0.6504747378009029,-0.22014817819605867,-0.6742659776603503,-0.4838357319901376,-0.037105062982936844,-0.039061677080481354,-0.20913927474758306,-0.6621760032818284,-0.3381711817597264,-0.27756145766122386,-0.3496701373586431,-0.1614180199888198,-0.2938863637805067,-0.11898827078677814,-0.1424328612082143,-0.19833533549217042,-0.11573320909973628,-0.29138419821715983,-0.20932742189404668,-0.09589379683730684,-0.776156712778612,-0.09788550770410288,-0.924983490768733,-0.4313830696685512,-0.5286286029247593,-0.7189122827891391,-0.7761921887143591,-0.24654809119493543,-0.11397116920510655,-0.49999999999999256,-0.24770222148291082,-0.6540501591155189,-0.3155297740680018,-0.0939078853683053,-0.4751673426338981,-0.9020521472619977,-0.14504286664422406,-0.8787674725201395,-0.373565170376652,-0.7103259206100326,-0.5911511791827669,-0.7731036763667711,-0.264587577110235,-0.3386410821438701,-0.07462343049743195,-0.8593311061967117,-0.18782534856237243,0.0,-0.9054334987035855,-0.27754905628789767,-0.31083490305706196,-0.27022966536761517,-0.513688673880787,-0.8472779242827214,-0.8931723076489357,-0.25512939817937746,-0.2584451876576103,-0.8447884426740896,-0.1627495451109786,-0.6384588273718987,-0.07691717017046472,-0.6250000000000083,-0.20782567015827194,-0.5073098174352886,-0.2159958683568539,-0.7836445378014822,-0.6054801930030824,-0.580970706495556,-0.33986974102793777,-0.37311866062290105,-0.1471101194266841,-0.6395550698752139,-0.377473027043059,-0.3286668087583756,-0.4041587131561554,-0.7222760253048593,-0.5849034834101393,-0.6481824292039516,-0.6947287369768418,-0.5860317918389116,-0.9164630445645715,-0.6749033916674688,-0.282036096512132,-0.28236529800892735,-0.42780108401893674,-0.5042403108668893,-0.22042253504817333,-0.6788935301201757,-0.2247560089348428,-0.3526456727951422,-0.7714358421197657,-0.6848238220635849,-0.07822452700260947,-0.18337657303491559,-0.4198568749361493,-0.33552149935983255,-0.4570523213952396,-0.16141092955325778,-0.26393138102785346,-0.3258782346757221
2024-05-07,-0.9188426324088642,-0.4989159217037386,-0.21152025287447465,-0.7563743106588534,-0.07611862112748419,-0.4999999999999963,-0.6064515535479857,-0.5999644420422213,-0.2750236840179537,-0.44413314132454323,-0.24538990041715386,-0.23344468314085923,-0.5902802200267077,-0.807008023948706,-0.6886530355469592,-0.5687749997714975,-0.3375176232603945,-0.03182404033832614,-0.5938672392199087,-0.6927359680294495,-0.182269007142459,-0.8056284028928793,-0.6353308755182695,-0.6767751503205397,-0.16717248318880465,-0.6603759119069682,-0.7396743665900758,-0.8079543911593733,-0.5916928032584148,-0.5581395559276813,-0.5911376393309956,-0.24883848706819028,-0.4490450557679331,-0.23790322021251248,-0.648153303833716,-0.553994445918653,-0.3296351991612606,-0.6426716623665467,-0.7557738396059248,-0.6091928828030713,-0.4253491016314487,-0.25570245086685167,-0.38162807386895303,-0.3483408823836958,-0.6399365129867617,-0.5903067482392854,-0.7600163134773802,-0.68545239263855,-0.9749386186865794,-0.310582226703841,-0.3214916250100738,-0.5566276212757247,-0.47021797018310196,-0.7151255988967357,-0.8049169300252992,-0.7659357344258222,-0.7787406489633504,-0.5550775826682118,-0.5959766435960918,-0.2682563293242643,-0.7615601782083359,-0.8108121448916292,-0.47586209367309673,-0.41689630719592097,-0.6223013857261717,-0.47308368920066474,-0.6791450598043179,-0.274136442398366,-0.5441212158371587,-0.5304650317795757,-0.6343144705056791,-0.728205413914976,-0.5141553903128415,-0.9486489073978103,-0.633727564537221,-0.407316641421755,-0.2114873999363396,-0.11026910157108481,-0.38446169511285294,-0.3843047582017276,-0.7609047316707325,-0.34873907993594744,-0.5225807213229592,-0.36122600284169837,-0.42892624203601987,-0.697798168976341,-0.634881650799525,-0.3162483817454719,-0.5949467553122728,-0.38150480992542424,-0.10773479936752596,-0.7503063556540064,-0.40367990380351065,-0.19979435637783152,-0.23492604641559497,-0.8632601113075238,-0.4312133372632457,-0.25154570607091997,-0.4876228763579972,-0.7965173072749219,-0.1445750483771453,-0.6230509963384531,-0.7885074506129178,-0.4662796190834465,-0.264359413410442,-0.5290758757375956,-0.20124137688434596,-0.6767968656916568,-0.4960061273457577,-0.7918623135379462,-0.23074506605225428,-0.8500556701045481,-0.24253847959839453,-0.728092374754747,-0.5866937011614977,-0.4848496149321542,-0.07943958561618426,-0.44165661775641213,-0.4103621450485566,-0.4035460770935572,-0.2726443757445474,-0.21832155819315555,-0.06014704318469032,-0.8478072226530081,-0.3514451090255555,-0.2836378619685104,-0.2593268754881406,-0.7510760399950818,-0.6531536018824887,-0.6670920805762365,-0.4999999999999889,-0.3808684305171875,-0.5265622539252699,-0.732323075356247,-0.12057553362978497,-0.4545421477438529,-0.7691554120392561,-0.0852518166740188,-0.4875213416283855,-0.671505910612905,-0.6660238888641046,-0.7898553625899495,-0.6570764717436485,-0.6354024001003366,-0.6578756626256385,-0.43426748303205176,-0.3396108614202237,-0.5403493377421176,-0.4541629055743053,-0.08106945358077604,-0.7380063439679886,-0.4903890096296088,-0.4165679482073158,-0.4604734848083719,-0.8333068066767689,-0.46663652321970506,-0.4150525079355076,-0.7887007465860052,-0.6232169321627594,-0.48989592122542935,-0.577261063510953,-0.6787864143389931,-0.9110510008791007,-0.559434276374671,-0.24922745370578206,-0.6727496526870587,-0.8905204972242557,-0.12917894215770814,-0.07884846861215311,-0.6921323737627271,-0.34559444558987135,-0.7056477756759107,-0.7785140199666154,-0.7410010308100897,-0.22480857084125253,-0.6737990363393339,-0.6510861099846861,-0.5000000000000111,-0.11841366856051243,-0.33967426705137244,-0.14030737884054564,-0.27411189326438234,-0.7620787261916523,-0.16166743959447616,-0.3551601405675574,-0.5909776080631218,-0.6107130468126973,-0.4353098408155367,-0.4421699126592657,-0.5406170800604502,-0.6324759914891024,-0.4968214080469274,-0.6862452512877288,-0.9857145206238518,-0.2760457716314693,-0.9052483709307645,-0.23910548415090602,-0.4889314951092631,-0.6844371228386124,-0.8498905017755826,-0.18912524052673574,-0.24371244131489844,-0.46980774413939475,-0.5190737091641944,-0.6249940688898001,-0.8424999982310947,-0.684847417583256,-0.5523516681672545,-0.5616073018549136,-0.8359216366089552,-0.38547421554678013,-0.5671614683505974,-0.4115465852555168,-0.8357687876013915,-0.6596524667792729,-0.7089517239725591,-0.8631630293499437,-0.552137814132582,-0.5289094446296067,-0.678700050158434,-0.27067051535810155,-0.8104409618979974,-0.6023003926079654,-0.7353288745427519,-0.7687903957433562,-0.3682417420626573,-0.25769173395729617,-0.4124166448047287,-0.7291994775182542,-0.6598361232338963,-0.3750000000000028,-0.17493227487544516,-0.5652709934714036,-0.8332191412979292,-0.5555914013756623,-0.8299329158411332,-0.6723355682534207,-0.35259615198608846,-0.4078601912436087,-0.7487718962058741,-0.7583704527663907,-0.11755679559066198,-0.11999562644705171,-0.9843263292896137,-0.6339074816742718,-0.9234090563778057,-0.6993402771176428,0.0,-0.2221172659987746,-0.7960481451372443,-0.5159260011689212,-0.2683249879566574,-0.7133428874448183,-0.861338558978547,-0.12349046847923403,-0.24347274204556235,-0.3446701701066169,-0.5387021109152413,-0.8688396065127099,-0.25419519087430814,-0.8571428571428609,-0.5178805536824141,-0.687636460854873,-0.8517337772488918,-0.2307236984687495,-0.5896865639725606,-0.6873995590310951,-0.7584972323399324,-0.7636380050562713,-0.13943536837222054,-0.8027911613157003,-0.676936384576504,-0.17424593565458366,-0.4923953518994008,-0.3833502105493011,-0.803339358536137,-0.4558863978094587,-0.7095802382833292,-0.6237145703789428,-0.3807259043007206,-0.11365068870693529,-0.1980717036357642,-0.3547736408014478,-0.24702380523601816,-0.1693771685729916,-0.5862211330659399,-0.02309115531608683,-0.8770045589491708,-0.290781179351695,-0.7167307917140537,-0.11340056867406219,-0.8792887268433273,-0.1829917315442098,-0.7183990212235739,-0.866559536559539,-0.06941903048710181,-0.6559894288110433,-0.3644326641397003,-0.6893212305958242,-0.944374542882365
2024-05-08,-0.12380234628971451,-0.03953644596547185,-0.08390100940364785,-0.12914269784465532,-0.7744701991013181,-0.2633580723337167,-0.13192738966566075,-0.14058851278498163,-0.37229933411725413,-0.14016092507580413,-0.04351568862450047,-0.6125392849665995,-0.30049906437168783,-0.31915394885620296,-0.4363212143072813,-0.09072969417225381,-0.7566088917801838,-0.07623165035884091,-0.14313951212447218,-0.32120059937448714,-0.639268818095123,0.0,-0.3964874432392829,-0.0695108434399554,-0.23111919920773225,-0.0826888366096097,-0.3521398097287711,-0.34051262579216673,-0.585740229031005,-0.1309989202275714,-0.717214557801136,-0.022878824220029202,-0.3226586783807941,-0.1816412842386225,-0.6211065817915137,-0.6095694433868357,-0.057713301014268574,-0.11795260815239632,-0.27079860132179184,-0.1739191238976729,-0.2677936646417767,-0.16126321268058916,0.0,-0.07831883948410961,0.0,-0.1347927473257422,-0.5383473713973225,-0.4503574418986109,-0.1245928375678505,-0.12003470552939649,-0.07341353000796587,-0.2586214076211464,-0.8267087582611177,-0.057755192618462514,-0.134236436458818,-0.46400164944822553,-0.2986388027089028,-0.20294673237047306,-0.09170319881225285,-0.012584766672327753,-0.05376866754645576,-0.05958226379130702,-0.016207963549005406,-0.025251245819994737,-0.06470330720387396,0.0,-0.08402247805634719,-0.5256491784954976,-0.2529587398798432,-0.33865316969397047,-0.032986365535326675,-0.7160673032910367,-0.3218530136516598,-0.04939204717677697,-0.3933227895814601,-0.2676651874991512,-0.15350321288396343,-0.6218564952193978,-0.08594958277326582,-0.4818859953643871,-0.17084179227857113,-0.10819868300458452,-0.16000653607477155,-0.1660890809991468,-0.13981558289951773,-0.08994371792704502,-0.37252639386313563,-0.22080058912318073,-0.0799286591686001,-0.29937676321911266,-0.2765137091216613,-0.08077207448895361,-0.08324393532939116,-0.1627391295440738,-0.09206939141135394,-0.03125432721820197,-0.0076117051522598045,-0.10024723336260603,-0.6621021604916353,-0.8396356800673875,-0.7197013806428051,-0.028049236536253887,-0.2800201533181999,-0.22978292346854062,-0.26539635833700737,-0.016963078757836977,-0.37482117951359095,-0.0350637429140747,-0.12309722762967397,-0.3318629302256266,-0.4273197782940068,-0.6257469438023981,-0.5266214812281005,-0.2875504897289027,-0.34560359505279253,0.0,-0.13701635280947674,-0.6064828015435164,0.0,-0.2222222222222255,-0.5999999999999982,-0.06275685141111682,-0.5781045662507934,-0.5452207667773411,-0.12838428070618935,-0.09157337319700129,-0.1763897279061251,-0.05057001414840473,-0.33560708569866854,0.0,-0.4086953269650919,-0.1064703914829495,-0.3990214562703006,-0.17019263482004907,-0.6575531105338138,-0.535703350127355,0.0,-0.688272040616634,-0.33940984057159973,-0.034230292735057566,-0.13621209829750414,-0.625164839023019,-0.16735736885542704,-0.5284828356529636,-0.027214060243373,-0.16602512068010447,-0.23664336153098484,-0.26374477625618026,-0.46299717864747225,-0.40157418144574103,-0.058992378144549905,-0.2162162162162131,-0.07804828863281457,-0.06350052165979249,-0.40722655191823115,-0.2681608698529181,-0.6413361411541697,-0.12464607144290706,-0.589891400702459,-0.7153223881678503,-0.18117622975115227,-0.1031954594756769,-0.20647785373274663,-0.10619284631162317,-0.3028889943554076,-0.16383175234082228,-0.3392890334441015,-0.5059552127142246,-0.3009606140067851,-0.09320196461243532,-0.45773967368536134,-0.22037761696880853,-0.29122874804095805,-0.49936020945287557,-0.37863369376712697,-0.20381045108322493,-0.18595547663637177,0.0,-0.2887700160116558,-0.3529761982514569,-0.36393666566723165,-0.07552853663538563,-0.6016811421229846,0.0,-0.5053532702267808,-0.23086125271060243,-0.6341526854328319,-0.5411783546053326,-0.18528548826878513,-0.5794973453615455,-0.07448436797997461,-0.19541303931229687,0.0,-0.8097610780968219,-0.5376359247828869,-0.03971234247859178,-0.155350849664299,-0.038355115404641094,-0.14506230769085351,-0.6879168042257475,-0.21168198280153247,-0.44444444444444553,-0.708594284187611,-0.06699758155033399,-0.021864736338311763,-0.3148496247271452,-0.36502716767396537,-0.09413631285684329,-0.30500165920070443,-0.6866540699872316,-0.6486008953361955,-0.11583857295315016,-0.5115869933713012,-0.8098510167503187,-0.09057593684134123,-0.19419435795736212,-0.7941846335241785,-0.0680493800197392,-0.11519263472503241,-0.17278222764066353,-0.2616802492368428,-0.4246251255503287,-0.5832050361153222,-0.11598849606469164,-0.2379172145386875,-0.34962509884562154,0.0,-0.07648495974642086,-0.20485767627230375,0.0,0.0,0.0,-0.2440013273605657,-0.10434792270088326,-0.25164024296966137,-0.5924785892600198,-0.7778190648664345,-0.9789628846196041,-0.15600206824778348,-0.759027161010737,-0.4326497153633703,-0.28604685446229877,-0.20591675148404234,0.0,-0.8187377306335734,-0.26135139226911064,-0.0856953697771842,0.0,-0.7522664719291515,-0.23393390948935588,-0.3053379442801028,-0.3474254619179895,-0.011135837666017855,-0.548549598659301,-0.6289718850111232,-0.343873558851713,0.0,-0.6212435439285389,-0.3697772403902801,-0.3956188812706387,-0.5803080712057421,-0.7235471836089145,-0.084154825301666,-0.590189948762705,-0.44956194231039925,-0.3255320700817945,-0.05867297261646778,-0.5948515661641257,-0.18628289646599083,-0.3382703345572969,-0.08502338464264073,-0.12469453023319103,-0.337262798922019,-0.12406019492115654,-0.6257473586435913,-0.12471954899389424,-0.3247757510789964,-0.06133173019380619,-0.17570046982525256,-0.21391349101607765,-0.5667352709574752,-0.041856719726234795,-0.0645253729017608,-0.7491285718631356,-0.15529224027989358,-0.6820255674433433,-0.4834092268230408,-0.716340989699714,-0.5356604640719477,-0.22667603438157413,-0.5489771973993363,0.0,-0.4783199711085453,0.0,-0.10211251167572494,-0.3830532619397196,-0.03277844369272923,-0.05791040235889383,-0.021689510575449322,-0.11670283208475792
2024-05-09,-0.44408214973699456,-0.34893604683517765,-0.6756761448906438,-0.6697207421795708,-0.5398482112720688,-0.6111036692871042,-0.4893166337448523,-0.5295254331876103,-0.6738054909196762,-0.7371531197650363,-0.5154731618275292,-0.6226042416111829,-0.7616033496968677,-0.43560267960740623,-0.4757734377878835,-0.6332845555659965,-0.6680696353436906,-0.8542946956399714,-0.7570988275675178,-0.8393208893657707,-0.12643019105662792,-0.7196356360660395,-0.7369830144582477,-0.6228634211898909,-0.5239091711423546,-0.5871428256532194,-0.3296663356632807,-0.5570611548012446,-0.7774545232365445,-0.32307771196008944,-0.7548817121333904,-0.6534034620125014,-0.7247384298460743,-0.6448799134205846,-0.7121560858374736,-0.38200203143781697,-0.909165659029395,-0.5425569240567167,-0.5931785328669391,-0.7353094010345523,-0.7299719523237151,-0.6177096904473096,-0.60775844391004,-0.38488374474919307,-0.46946134939113127,-0.7957079931952862,-0.6418963508213611,-0.5925759791656204,-0.8019024193209165,-0.6085733027950531,-0.5938773908988413,-0.5299659360201497,-0.7967172103178319,-0.6533541044142633,-0.6970270577394914,-0.3894445021651385,-0.7931478707378017,-0.8663486089206252,-0.715968796651514,-0.7040342589013419,-0.5525394753087653,-0.595771323759401,-0.5913638640286557,-0.3435746592574181,-0.2426268549971722,-0.6927492657059059,-0.8534299539288561,-0.6378513951977067,-0.8081550519771665,-0.7741825036420474,-0.37211479910080875,-0.7816690684709464,-0.7291679706915789,-0.5019375351745935,-0.45290529903111515,-0.6958889330251133,-0.6100528251349611,-0.40931259859525765,-0.44782743135442254,-0.5124372028262685,-0.6086853274538091,-0.4847804455624175,-0.5524412444316696,-0.52725881588569,-0.6040805124460631,-0.6802251500596871,-0.6474236966506998,-0.7982492700911119,-0.571909233439463,-0.7937253138526507,-0.5053630705440106,-0.25436780505935563,-0.4821881980534194,-0.3863493532478067,-0.6899925691172746,-0.5161686336130564,-0.4450423042700048,-0.5814982168290294,-0.8365517207096336,-0.5582586584173079,-0.7428887596461802,-0.6886041954033593,-0.5540483564784963,-0.5561890043884276,-0.6197670893226337,-0.5321062880729098,-0.8028617674442098,-0.6337398383759065,-0.6358557162269135,-0.7281364649365346,-0.3174910721346038,-0.2666331459655291,-0.6820498358884372,-0.44444444444444553,-0.35806815579054624,-0.6463429980665969,-0.8559705839343457,-0.3694114264229552,-0.4936062222893312,-0.8287401194516655,-0.8463849352105058,-0.8871685272758666,-0.18970501004905105,-0.11552674484774775,-0.8429219765312306,-0.44056142644907004,-0.7976192232403222,-0.7025658955198041,-0.8082437931600562,-0.41798884236806294,-0.49463524280870297,-0.721112895478886,-0.47644032775520223,-0.5402117773291585,-0.5555555555555645,-0.7482162505141775,-0.4174691457497605,-0.5242741400599664,-0.834944766695778,-0.7607113357418454,-0.5050150049750208,-0.34196654349863465,-0.669687480687882,-0.7961399169768484,-0.7237942219857492,-0.615080088639298,-0.6845261034522688,-0.4699120922460303,-0.6250000000000009,-0.7015241535299992,-0.8535546033975494,-0.5486698100307229,-0.7154204269537189,-0.21515477990348622,-0.5382126978839515,-0.8231188524323428,-0.7859177307902127,-0.7286338860638744,-0.4028201926796009,-0.5502382704448233,-0.6156381749549605,-0.810178306372257,-0.67026130656397,-0.6995775655677724,-0.44679239027916934,-0.5119592118203946,-0.7582857914401296,-0.9478681011857107,-0.47627380657229634,-0.4085355803969701,-0.8962354778647389,-0.7538469775589726,-0.7164350639697021,-0.8072123234689638,-0.3860503239711061,-0.6147125172484181,-0.38817611885718295,-0.7560989296498516,-0.6267424049898633,-0.8134821230330856,-0.5403260812891586,-0.39717315621117094,-0.7265692659910592,-0.8316916212089525,-0.48942955748451394,-0.6466180142306286,-0.0926264684848404,-0.6592387936218855,-0.18300080208807112,-0.31584927861554457,-0.3293698429584497,-0.5418293383809542,-0.5204388919234949,-0.6387766533347988,-0.5708159167822983,-0.48411331852462314,-0.8611456075355891,-0.46520200522816413,-0.34597545143639186,-0.35382738130832736,-0.6006042194388155,-0.5598465097814611,-0.6974887215326914,-0.6319559190494441,-0.25125026176756315,-0.5603060213129151,-0.504504475388233,-0.8541952635541443,-0.74176109569747,-0.41385795189908897,-0.4932158400863369,-0.4863209399568711,-0.9338717911446014,-0.30239877967476964,-0.6304770420786534,-0.6418863106745741,-0.380474359896849,-0.7014537159282748,-0.5413868590662,-0.5561778000568915,-0.6464424065397729,-0.2546815178199201,-0.6952752206923045,-0.5768154855895627,-0.8510566804892029,-0.7708152909339168,-0.9265035879734236,-0.6820158225415237,-0.8040662047069197,-0.5877555142238788,-0.7955296611936264,-0.7399905663034617,-0.6605329870288024,-0.7288742919543568,-0.7508728202039067,-0.42210221802590286,-0.3813665776828206,-0.6749409545550769,-0.5766635630638544,-0.3356914397676992,-0.6503467631547329,-0.6139950726685295,-0.5941973356992105,-0.3333333333333284,-0.8136637328248758,-0.29041476073013495,-0.5934624186642032,-0.7163732465154709,-0.6491203316796563,-0.3553783494132025,-0.13112084822938114,-0.2577831189635143,-0.6487817971032639,-0.10627423374348621,-0.6036063374085224,-0.45974614929683166,0.0,-0.6136223747378455,-0.29593193824539804,-0.912108769600979,-0.15270573735974596,-0.7877189900428292,-0.6245986246205382,-0.36624493517122686,-0.958762074983106,-0.6618845719847433,-0.486121706065509,-0.5473586236071483,-0.39345818277726335,-0.7956892213686807,-0.665480081819267,-0.15409310436335666,-0.6796405423292502,-0.7491313832013735,-0.7721935484907044,-0.5451525622475989,-0.09377314652443591,-0.8660640425703888,-0.6806576233224529,-0.5226942891446187,-0.6633101214884727,-0.4934169718694929,-0.5624117939461151,-0.7277610436350764,-0.6076820378062109,-0.7565003448605796,-0.6471319126335648,-0.17547355422488792,-0.7155492955850721,-0.6708074050317722,-0.6887769722516621,-0.6065715476991682,-0.5547844319331067,-0.5098350129550326,-0.48208907677939494,-0.7323725717378187,-0.6445272300710492,-0.41615273678770065,-0.6195752229597107,-0.7537209829955255
2024-05-10,-0.8322128473096426,-0.6535020029104719,-0.5681770325156268,-0.6630679505775658,-0.7500000000000057,-0.6142755100501849,-0.7898496738496454,-0.5887959566390046,-0.5577045798140704,-0.3021716772310078,-0.1779184621849699,-0.8307550231771901,-0.2758273566466187,-0.23497317468811163,-0.41405951727309426,-0.8030735915379201,-0.2016623263067376,-0.7502900052038689,-0.3054095541869638,-0.6960848250363318,-0.5173594653790017,-0.13785656615464087,-0.3513041262361407,-0.714108436951671,-0.6822484538856641,-0.07993761581966051,-0.6421638335137145,-0.5373153635491446,-0.3894742751225298,-0.8337424775565405,-0.6117286761768381,-0.2695543805478634,-0.21478574852819093,-0.26317604002836703,-0.5176427962682432,-0.3413306544276018,-0.6301702942666191,-0.6359233565465595,-0.2476812877723424,-0.3821650335631784,-0.2500000000000019,-0.5144554673401315,-0.14474450586822973,-0.5586385742910895,-0.227295640257436,-0.7339265810435865,-0.18555745342678165,-0.747204283920255,-0.7500000000000042,-0.09021677406071765,-0.46971923071772637,-0.8384900832613169,-0.05274660715820942,-0.7796879163792306,-0.4202323490761116,-0.6661779068792916,-0.685001080271618,-0.5471076189933542,-0.5009751199866894,-0.47426732552163303,-0.413391144888045,-0.3052563194867774,-0.22376617778713376,-0.4430966290145143,-0.1360749176569319,-0.1565654546544108,-0.5024473139702209,-0.4138048099101722,-0.13262783625002458,-0.5833112718656045,-0.13986504823806967,-0.4882849065395889,-0.7735414946309652,-0.24568951670940206,-0.23992435121147243,-0.23901095830351773,-0.4031326397877674,-0.5263209631566409,-0.4942420465275764,-0.5926830144183242,-0.17622527629036955,-0.3477224435759015,-0.16060498407183615,-0.5954372835466862,-0.3794544714814471,-0.1528938635449318,-0.1511447584738803,-0.3229303844518629,-0.7882688284716094,-0.7445737387142947,-0.1760361905331475,-0.8924757672347132,-0.24567385735955585,-0.08767891364746766,-0.37041440729179514,-0.2495524405785081,-0.19677980667623923,-0.15819038715975134,-0.7591673632621954,-0.709358071897461,-0.6219582002835344,-0.0901262599761696,-0.7001144166045378,-0.6818344189834166,-0.31913839720847986,-0.6975248892119142,-0.09598556681811858,-0.3023771984455535,-0.11581296581444848,-0.13945532409537548,-0.29761145017914514,-0.3024956986372619,-0.14918237317765448,-0.8593882942929082,-0.40362202858805524,0.0,-0.8647965313144418,-0.5587681752841721,-0.6581850129937312,-0.5087105917193443,-0.7869844510337018,-0.8514200425965347,-0.5368149967151612,-0.33333333333333826,-0.5654406375557437,-0.7016276388980421,-0.5848170154462426,-0.6991103140276155,-0.8833589132466771,-0.7985515735417884,-0.5533086392546035,-0.6785292487402951,-0.14248645202330604,-0.709939818000783,-0.9315530701971726,-0.390832363684421,-0.5,-0.6531761598245815,-0.28307587753994495,-0.7578524344477755,-0.6412787964363482,-0.49098942326777584,-0.23998332717394505,-0.9350875650106997,-0.29348403530291783,-0.34860545260035486,-0.38274271572032575,-0.17032493630217171,-0.7457578812824861,-0.8226232694246807,-0.21114710216083388,-0.6623732026665194,-0.659427395265975,-0.49868179252727884,-0.5878452294127572,-0.04582012082606399,-0.8319560958179197,-0.7554431344162649,-0.15684696739216245,-0.6594911866369711,-0.40702802925535214,-0.10895130761649618,-0.7698779259807939,-0.149692118008964,-0.1947508172458522,-0.6801984293348876,-0.7082581427501038,-0.6025262862550163,-0.7387112413248423,-0.4173683925441053,-0.7078430109400571,-0.2571709791307157,-0.26486669574932953,-0.3226718121175757,-0.8665146361964224,-0.6722207233964937,-0.6733927954065376,-0.48826343432127034,-0.6894836115150575,-0.8430879276088293,-0.74282530788155,-0.2627757826697458,-0.21743566166173475,-0.8264155123668212,-0.829813618967653,-0.8750000000000028,-0.7569366892265392,-0.7932254889327683,-0.8308004676068452,-0.7617887790904043,-0.753741865897079,-0.10651229011605257,-0.7150760648307408,-0.6619652279864946,-0.8378172140997265,-0.2906137145553798,-0.6399190312296003,-0.6411138671569409,-0.5162439095344608,-0.565023851664858,-0.6682630354016966,-0.818181818181821,-0.723759922506633,-0.6070654557156709,-0.5478580423723233,-0.7614716766153442,-0.49999999999998884,-0.8081734056380236,-0.6750255625295037,-0.2885855477759816,-0.8419306321921,-0.7500000000000029,-0.42866664966702644,-0.24999999999999445,-0.5977003006575714,-0.759239166535558,-0.7501606647351768,-0.6251004048078006,-0.22284628630377168,-0.5562855669592064,-0.934616155681201,-0.4953874854228878,-0.4393890396223066,-0.7513222361107154,-0.22101642677428826,-0.6651886056979923,-0.7761921887143591,-0.4210651888552231,-0.43708767169830215,-0.7306303461639,-0.7361209379959099,-0.7556413457530845,-0.5980163592541171,-0.07428576301413507,-0.11051398686389959,-0.6019784428939905,-0.7714792435034191,-0.7242115606855938,-0.6736085463480123,-0.5230380909579344,-0.8680871940997658,-0.05489273547462335,-0.5048732574914524,-0.6458998724846909,-0.673130273155201,-0.2537424483733213,-0.23750513035432297,-1.0,-0.572320781804481,-0.9558210096107923,-0.904795040915312,-0.7571289247261789,-0.4593716907006243,-0.6017292411426105,-0.8852308320477674,-0.5929336730794245,-0.6555186461442886,-0.41151539927945735,-0.20284490448689033,-0.8197761390206637,-0.3999999999999929,-0.3636363636363658,-0.8060679964339738,-0.7665319840017589,-0.11356077133615626,-0.7681392539545341,-0.27525671959549153,-0.7253087023913863,-0.4143626991218177,-0.17992106949483586,-0.11177207251183127,-0.00929526195490451,-0.5860471622273228,-0.16627130634188483,-0.1685649026634118,-0.38853208168168835,-0.4865036818927106,-0.46351637658964456,-0.567058297808252,-0.16935156500452497,-0.843258547461439,-0.7088954546573809,-0.06912631705736137,-0.857284004660661,-0.4066228695221477,-0.7884954365510369,-0.07227558869433517,-0.19757381784631922,-0.24191045330806932,-0.15403544503089436,-0.0206847208074947,-0.8559988478981153,-0.44391594610021684,-0.7045426750251842,-0.8149704766699059,-0.21411156341514326,-0.5799166683007939,-0.14777054726988634,-0.5486984499296087,-0.2188206394287366
2024-05-13,-0.7747995125540152,-0.56630066184126,-0.6287568614354248,-0.3523399313944141,-0.8371522914272345,-0.5356348040498267,-0.7119299729176676,-0.5739675124455396,-0.828762695100123,-0.8054034231659635,-0.854458589785166,-0.5032500538659969,-0.7715219637585266,-0.30470383087016956,-0.4756049668015399,-0.7624541656341877,-0.40962248495682785,-0.7279614699267226,-0.4647011092230794,-0.4832317396233487,-0.4285714285714304,-0.7783914777637198,-0.5624755299023889,-0.7008495724031788,-0.597904872370222,-0.6709322501876012,-0.6519991075427573,-0.32389425956805,-0.707830263336014,-0.12020277317348828,-0.5543357395965554,-0.5291363225092909,-0.6439974656171369,-0.4153794659538807,-0.460110420252526,-0.6278676019542385,-0.5345192869230748,-0.3911810554139101,-0.5889021636891747,-0.15823621780418826,-0.873176301875944,-0.08725259071322165,-0.35185634828433615,-0.398481147803627,-0.6018847073566543,-0.8640714399637307,-0.3350857256288801,-0.5003727806871694,-0.7562151722373875,-0.4979651601696007,-0.5523538219582134,-0.6641308936081324,-0.3035455717556775,-0.6275140308038929,-0.44699114253879757,-0.739253303915642,-0.37425503268862853,-0.17724168412217217,-0.22797216728587866,-0.7456693610747843,-0.5874107140449395,-0.40674100401050783,-0.4130960713698569,-0.6361163384166741,-0.6768550184907057,-0.4590453899645524,-0.6455216802714658,-0.7687840739889852,-0.5216048161661856,-0.3369774865447675,-0.24890527086175934,-0.7433750674692584,-0.7879558777900723,-0.08577731065803021,-0.07070570479448729,-0.30939469504652856,-0.43908138757782816,-0.4818768608728575,-0.6314210188221041,-0.658640750368481,-0.35360712601807726,-0.6183288788027426,-0.385229370917729,-0.5581146968146657,-0.1266412457457176,-0.0719955990963661,-0.04496933554490835,-0.5875127403977765,-0.37625197394947696,-0.20225935516070295,-0.6635963617871387,-0.03843231386253488,-0.6248954755709114,-0.6703586832175267,-0.7110990613806353,-0.4668211689404164,-0.8635427500722495,-0.15233164870525023,-0.7267254413149746,-0.12792936948085448,-0.5437512389334057,-0.5679069573069381,-0.5027342133555543,-0.15259423578371098,-0.7111875328054189,-0.4979926057090223,-0.31558151786154115,-0.43787054669288306,-0.666676615227028,-0.08238979988421934,-0.6335129987745635,-0.4893417542028254,-0.47198098920343506,-0.802879597993467,-0.6715252874807036,0.0,-0.700566321470842,-0.8732680726864513,-0.5,-0.7120415445067348,-0.8459259719753028,-0.6057048826966517,-0.7077819169953745,-0.4479330022340251,-0.5765124234664464,-0.6024678243242674,-0.5459613778127694,-0.7338170771171982,-0.6912461890065711,-0.34419536629746683,-0.5653236213697248,-0.6058734443877285,-0.6327536494892817,-0.6351260315158365,-0.8997892386676746,-0.449777932849839,-0.6754616197701483,-0.7592426459352241,-0.7683249407433332,-0.9303216264476395,-0.44679006334401555,-0.24577072004819414,-0.14860945434340847,-0.5481085379200185,-0.7740482134485971,-0.12581812689218488,-0.613424413048983,-0.8196609033994282,-0.8219000620768344,-0.8378201736241337,-0.34568784849287487,-0.7454916934701511,-0.5285595613059529,-0.8033736431492636,-0.6561106563394808,-0.16539890635736837,-0.5639587310569479,-0.8329995424089349,-0.1639890077503682,-0.61883836559697,-0.22106869580789967,-0.5569088774145023,-0.7980277796797097,-0.30591232144258784,-0.512081196446771,-0.6163033976434581,-0.6902293222433719,-0.8299854015624089,-0.7454599913816246,-0.6463169684327829,-0.8010246309227573,-0.1956374288598627,-0.4927964267693621,-0.6761899837244885,-0.8117332211055057,-0.4616702816122607,-0.06816898150767274,-0.5833333333333309,-0.38138963523027,-0.6990552304395661,-0.7735929200144946,-0.8060329665740144,-0.48203064761741726,-0.7469640595076373,-0.7343755482229714,-0.8119740940856891,-0.8793530238030471,-0.7830452275396996,-0.18685255586727642,-0.5336535217298338,-0.6434131565843519,-0.23012753206052636,-0.7462015844422264,-0.6435848937131171,-0.7947433398412512,-0.7181154873052621,-0.6274444425703746,-0.8332300069527148,-0.6607981586063808,-0.8197689940355937,-0.6390282984081814,-0.5753586018034851,-0.7117615363790235,-0.36500055124204644,-0.4562648156482483,-0.8300202910196353,-0.7843005625292224,-0.6940477131236054,-0.719743081318584,-0.3220829676869127,-0.8749480700452653,-0.6250000000000008,-0.47775018362850197,-0.7909091853589442,-0.6557964905799427,-0.850937203241209,-0.8833757215601689,-0.5961704598534894,-0.5862233203460315,-0.5833333333333351,-0.7135689914464768,-0.7077085425838817,-0.7568627065829724,-0.7073940929528073,-0.6953050294541099,-0.7959227038594155,-0.747894412793436,-0.6831661842322314,-0.6889914962952555,-0.5050504640336407,-0.7038808344183479,-0.6817414381890834,-0.7925982448952391,-0.5371221388457561,-0.18439277636887946,-0.38975125614795875,-0.576254798828749,-0.4513609366339266,-0.7067938038741071,-0.45374084461990216,-0.7270036947420616,-0.6568451469931568,-0.6408586300925861,-0.6562502050477498,-0.839478033210228,-0.5534096387973132,-0.14321309904429136,-0.764607438681275,-0.7134197952145205,-0.6950807999405515,-0.5376235420583279,-0.6528564578171596,-0.8347849764989423,-0.5676719913247195,-0.6529666483575735,-0.5605185362053098,-0.6555558045374712,-0.7779839995444295,-0.9859749768224344,-0.641218661500653,-0.6067566885921823,-0.5497662272069854,-0.44669983068701324,-0.8108534216674653,-0.15532792277720672,-0.7433599489769601,-0.17683926878555714,-0.4743020565223724,-0.7244538441273671,-0.37573793845827275,-0.7468570476270837,-0.4053678520111485,-0.5503505875407917,-0.5258984615666243,-0.17327307903294328,-0.4341781620074274,-0.39169669146511943,-0.7141825266187128,-0.7554722864844715,-0.5938161520793911,-0.6973351960306736,-0.11096696446426156,-0.47247559657650384,-0.5407966463160924,-0.05483908929561032,-0.503247158876508,-0.32657489330982786,-0.6637206987260656,-0.49890122194846237,-0.2091588027451558,-0.4922053192000752,-0.5215514136664949,-0.20979855831552136,-0.8132294506899315,-0.5104544663452498,-0.6067495674111278,-0.6042906595154799,-0.2044117084884784,-0.5303253936597272,-0.5821838284804883
2024-05-14,-0.17365545188479822,-0.4326561395768686,-0.8316594197141747,-0.6190677651832485,0.0,-0.0678825116787452,-0.8333333333333358,-0.12378599824437224,-0.2704640360401751,-0.16096844923270343,-0.5326335197390227,-0.4300546099523886,-0.6181403127468557,-0.6740188910055513,-0.3675792616140075,-0.43575001967615234,-0.6224740805055983,-0.3342436513481744,-0.3109900213094534,-0.5216341910426918,-0.28571428571428215,-0.16627154523655785,-0.7833864638350835,-0.8821803241862839,-0.44055106004011074,-0.34365079903361967,-0.6642649844689693,-0.7140910356826281,-0.6059097968166297,-0.418511515132525,-0.15416732074098016,-0.5024057349231087,-0.4563157843927,-0.8400856843413045,-0.5136265663753674,-0.36007837614071464,-0.5620609445193483,-0.6055046989922267,-0.6698334432660188,-0.7735049369665331,-0.6432845337377053,-0.21097037117531936,-0.47747355451853074,-0.4230769230769241,-0.18700277840323895,-0.2650563935427162,-0.3379939619170796,-0.7091154284799093,-0.11606433916819621,-0.12399233261542887,-0.14080033541797934,-0.21998687370386893,-0.5905122741714811,-0.3160821886588089,-0.7884679044788024,-0.22015565353688304,-0.6722190193448048,-0.6606913676214032,-0.6061076642060963,-0.6623891506072482,-0.1452713780757104,-0.2123119186082237,-0.24320381675966685,-0.0675305583376205,-0.12729444506768217,-0.575143321045556,-0.23535534416584605,-0.35554968030719336,-0.770545467306927,-0.6873036882495656,-0.13509770237466226,-0.43382775361898346,-0.8335556164859772,-0.1410486002006839,-0.1460774925657199,-0.8437104333501425,-0.22431934501870654,-0.03292225137379559,-0.20563083457507228,-0.5762315524022672,-0.13837176194319892,-0.32433874755322245,-0.6427102822877161,-0.6951303476066,-0.15970549321135244,-0.2984417479918434,-0.26543552234714257,-0.2150131408799618,-0.12098779289654803,-0.10775399594812406,-0.43037089928382544,-0.6928639365602539,-0.14116691130635767,-0.17348850984415795,-0.12556850724559454,-0.18801238292443442,-0.6337435881639101,-0.22229400454681883,-0.31801006642916324,-0.736589356244535,-0.7475742380057075,-0.3006903115402218,-0.3273442392721272,-0.37822830322630435,-0.8167165659580758,-0.30908066738002266,-0.17686557262411823,-0.8484960470822551,-0.4579921912199138,-0.5780863363301119,-0.6440143238331006,-0.03592310374638913,-0.5335542868603387,-0.17640434140613634,-0.30385375445493384,-0.5,-0.7441175931847064,0.0,-0.2532299313049801,0.0,0.0,-0.7176483912641448,-0.7276177248734147,-0.4353417751612852,-0.8346665876116682,-0.9000000000000036,-0.15696143713884803,-0.1626221329386038,-0.5789373852175926,-0.4972270564087044,-0.2065496653724281,-0.7899493373689934,-0.6548213981495781,-0.43377597211456553,-0.29613767824666587,-0.45038050810802205,-0.8133086482642549,-0.5469147032394391,-0.4342324280362606,-0.025947502151932172,-0.45171644602976496,-0.29017027949975877,-0.1903103301969784,-0.3903249684903207,-0.7287336095082023,-0.20080028015584128,-0.1960638158351166,-0.5024931339099742,-0.8760246433472432,-0.7200140049313091,-0.3260572244712507,-0.4909243613534929,-0.09157085447556793,-0.6806220782563229,-0.1272359632344776,-0.05792051547034139,-0.5560011450390158,-0.5554678898554266,-0.1503255653707656,-0.662167750464707,-0.6508920228596358,-0.11089718912780079,-0.14567632110280868,-0.4870808024716144,-0.40273978921490705,-0.7184389272533843,-0.20464943708232544,-0.8559925211316596,-0.6848722273547073,-0.23677620866436236,-0.5533577306559301,-0.12359773402074327,-0.6812240857810773,-0.4775753765089667,-0.7480605809903085,-0.6166265947911729,-0.635304685781596,-0.42165066099273185,-0.2180815515679983,-0.17047622443747792,-0.8602969590578953,-0.14726918667626598,-0.37589600019517005,-0.8398692490069672,-0.16843218762373866,-0.9848945376615914,-0.09146887425884485,-0.24053042842227335,-0.11034261209071346,-0.19770864471539432,-0.6226585843840697,-0.3833812743565063,-0.8652495826345806,-0.4028208632872657,-0.5833333333333396,-0.40983389865488234,-0.8902443390909309,-0.8327640613065699,-0.5214222688393196,-0.5987213339445633,-0.3330225582281685,-0.6805358169008441,-0.34129637130105445,-0.3738574494210482,-0.38426468792746704,-0.37601487067554706,-0.12610618779034244,-0.5143339331703457,-0.6972918883619633,-0.6816548983400611,-0.2157161879365092,-0.87674578060345,-0.3736770985557721,0.0,-0.2562044548167198,-0.5139916727971526,-0.3132138518140422,-0.4924536555663163,-0.7371578380795447,-0.7757250273195394,-0.3112600153799983,-0.20756058817119463,-0.596192905702314,-0.5075890806446636,-0.6729641643039777,-0.05248954013355409,-0.5999999999999982,-0.676987632843436,-0.6537869216166722,-0.25765249618222164,-0.20549417825892194,-0.4486691711262505,-0.8731400163433737,-0.13900700490441534,-0.23786101196539458,-0.3960237756829113,-0.6723163518576531,-0.23618442523958547,-0.7710511728323106,-0.08871032538427656,-0.30705815635707295,-0.08515027520395622,-0.5552571158152194,-0.3386074901309867,-0.5982542641127829,-0.3698199758644852,-0.42773633251089604,-0.49999999999998895,-0.7529400698971126,-0.03381991231286504,-0.5404574997207691,-0.9570377348973881,-0.165201523839783,-0.3979759918133255,-0.4915969400137973,-0.8558742342857689,0.0,-0.3927888416421795,-0.17145562682818993,-0.7942360528666789,0.0,-0.5923391378958697,-0.9541617926896133,-0.23273502069236693,-0.8058564337370311,-0.5601876681806294,-0.5629327304474848,-0.007702701218364156,-0.13438048008221531,-0.9216448035828534,-0.6373824698996623,-0.8303476988785514,-0.20302463113774857,-0.6002384803258297,-0.08587661686315289,-0.1859972916434284,-0.2600140009180343,-0.3440390801962448,-0.6097794501061954,-0.7238095238095258,-0.4904623966478604,-0.48415136197745046,-0.3763235119877314,-0.3036320636213187,-0.5650355042302364,-0.1745554133704779,-0.3697786117613678,-0.04850556661852459,-0.24621422520733016,-0.22557140404948117,-0.14312580476269332,-0.32167606174016455,-0.48796179285160357,-0.1896115868062774,-0.1379675905742823,-0.7228589153222207,-0.30389243774897906,-0.41289048612833357,-0.30503533634821084,-0.2884424235757749
2024-05-15,-0.1877705667376521,-0.46646651720714044,-0.06311858540476611,-0.35484349923114195,-0.10559148007674364,-0.17444686437171047,0.0,-0.43864907875610376,-0.7569224137911934,-0.49375012914504807,-0.6507795823975853,-0.23076923076923286,-0.140156910279107,-0.30397107138670015,-0.5650421123715184,-0.054899368918895575,-0.18957026419749684,-0.4388805196903868,-0.015739783968375484,-0.2767257566705156,-0.17450844662862355,-0.012249837286474056,-0.16041646856390654,-0.11376051603547074,-0.593808859942254,-0.07864218605546554,-0.04201188200458992,-0.6532715083728996,-0.17746229079312673,-0.5813098852362244,-0.022123577202899508,-0.2537146451255743,-0.3079655267584881,-0.07568679438673429,-0.6101194706978276,-0.6052060980947676,-0.046243875316378996,-0.2545297445890815,-0.1863520782797286,-0.0346880916837503,-0.6561927602385934,-0.06290743515380337,-0.6065889123392463,-0.03745536849372928,-0.041932014956747476,-0.5903442754448984,-0.17330783577370862,-0.10695507868908322,-0.12295930420182943,-0.21290948083307748,-0.08536260165838802,-0.09360158126186727,-0.26375191702210277,-0.5263979558757798,-0.6152750861086381,-0.16085945477086028,-0.1388591426853742,-0.3463211408114145,-0.28207311473393076,-0.017485261781992834,-0.0684658949730495,-0.0369261469560623,-0.045860233602401136,-0.09188611215271661,-0.2429684927209321,-0.3328081929892253,-0.12310111908411701,-0.4249766736990919,-0.47974774491315675,-0.20279248630684113,-0.1111833729913688,-0.03563464222306447,-0.03656747312443314,-0.0384076497830272,-0.13248445397238698,-0.2963253003458544,-0.09452763728804052,-0.3664297848436623,-0.06410130788625976,-0.11817703112120438,-0.051058183109141064,0.0,-0.011078409455999947,-0.05538720255673531,-0.015205754662845381,-0.01339652987016322,-0.026227134799644353,-0.07339065868497076,-0.07165418598769875,-0.3208226447737582,-0.16785087580969196,-0.1282303359962555,-0.37846017965503914,-0.7607671058472746,-0.07165737557186629,-0.04176676516619514,0.0,-0.10069132950717444,-0.17343146099031403,-0.28259783643817654,-0.10966473797993613,-0.0688099604572379,-0.029717058181817853,-0.5103670862634947,-0.5213977328906984,-0.25025719356959997,0.0,-0.451480061297856,-0.026134593355366116,-0.1996575442787821,-0.067582240470105,-0.021469482326814438,-0.043160643241970734,-0.559085122056841,-0.0240400917509113,-0.5159222952238346,-0.140528990080603,-0.507451433409279,-0.33765106504061637,-0.3651321329273653,-0.4611521090198432,-0.2078908090824242,-0.058551400671903925,-0.17065372710173202,-0.17116281123523486,-0.031012735619081345,-0.10392939087501311,-0.4994813916067951,-0.41940788527621226,-0.3774169797783731,-0.1759443093086314,-0.06565649099003384,-0.06428606885892352,-0.05208016159592697,-0.24606285835639874,-0.021939844007927225,-0.6000000000000018,-0.05623199803621802,-0.036958136443061756,-0.13427679232422582,-0.17075575297599327,-0.663286891267767,-0.11758888045368433,-0.22832686473214012,-0.165688411862787,-0.16945947072161616,-0.3484001859394006,-0.29128862563855407,-0.12343659368116972,-0.4305634731333281,-0.09097484947327611,-0.038580722291077243,-0.14791554793723768,-0.015743246770918345,-0.2128990650452683,-0.09536484793830595,-0.3962767854989468,0.0,-0.15098107725299412,-0.5579447009454681,-0.1432841011441556,-0.4296635954607816,-0.6431283703275049,-0.5317296760657838,-0.5384882111488305,-0.41735290441124073,-0.05287955333856492,-0.11296449932964883,-0.6221589637535185,-0.12657693547251817,-0.21179805034499358,-0.09630281327562626,-0.07726810883045468,-0.073252961989782,-0.06043547958920482,-0.09678713223682038,-0.0755170714006661,-0.05759344892709591,-0.010707628390106545,-0.03843704887260792,-0.10783284957646116,-0.30764636273620294,-0.07333275118662554,-0.12672649316799106,0.0,0.0,-0.538802740380287,-0.6607240213401394,-0.09914855322316883,-0.6119402985074666,-0.04245418131382801,-0.6118194991044342,-0.07779491051533635,0.0,-0.40804032651416894,-0.052179512186950515,-0.7495274118013802,-0.03631812670321396,-0.015466236405331223,-0.6526788489116172,-0.08488243759936437,-0.5753858178732781,-0.14120521591023102,-0.4032672194638213,-0.2288109394547308,-0.2891713516515191,-0.6140927637388898,-0.06655233483716477,0.0,-0.8177904802756004,-0.6608852765313329,-0.04925910268864726,-0.1756145372093742,-0.5,-0.29635280689577514,-0.28833745031071456,-0.4316815129657425,-0.0893756311431551,-0.11916910254524608,0.0,0.0,-0.6604938696947884,-0.1849398750054583,-0.25645118227701363,-0.07996246441344809,-0.03755057854295601,0.0,-0.22277882439747784,-0.1672118216979411,-0.1443089311550214,-0.4444444444444357,-0.2572529034716083,0.0,-0.1261563630352013,-0.12817528658834537,-0.6321777028980774,0.0,-0.051374848472195464,-0.05667317854013248,-0.031661172346418257,-0.1867243961696409,-0.12709726859572756,-0.343022610170884,0.0,-0.6940589006434542,-0.5267406714473601,-0.22058823529412086,-0.5000000000000111,-0.659885240594415,-0.020131589613222048,0.0,-0.020440550334495673,-0.36595863190287703,-0.4957918522861167,-0.07236043684738418,-0.1256396853757112,-0.2629283372727965,-0.4961543514264093,-0.5000000000000111,-0.08172190087627663,-0.4888397355766314,-0.15281356100752944,-0.12985082083462882,-0.4179076384892711,-0.24665240331090982,-0.08811537383694398,-0.14791497481916915,-0.06833678272254806,-0.06569670875773988,-0.08207580372708093,-0.06787358246945513,-0.1632043038931774,-0.7981962978885626,-0.009810751567265259,-0.1419800900912473,-0.045772771122148,-0.3644090346394048,-0.4399422612550784,-0.3159259383137535,-0.12295532227363486,-0.15550428256305868,-0.0619874168655466,-0.34258369022356977,-0.033982755800141144,-0.023642145211845076,-0.04457964138504933,-0.1427153283714885,-0.8746777752466318,-0.3623169487494283,-0.026277765251025927,-0.09162985339866991,-0.03692405577554451,-0.6190670348563553,0.0,-0.022417939752837672,-0.6835079504118712,-0.01232586316363669,-0.01564551207183626,-0.06495545541027965,-0.036368571199580674
2024-05-16,-0.7737098855068116,-0.5571470442875189,-0.2942610392116705,-0.6073508699984468,-0.29204916757595145,-0.19412479145272085,-0.2919797114386155,-0.07893455503920721,-0.5565535187085213,0.0,-0.037148475512781415,-0.7315743148603973,-0.14691086872065812,-0.7134891935002592,-0.5460467341767835,-0.6045219508091024,-0.3042096523723951,-0.3237647911666002,-0.06515171448295777,-0.11356912987403404,-0.3451246261049329,-0.43652278350416057,-0.13608681256452193,-0.33205717352581077,-0.3129555763711297,-0.09643789323590163,-0.20372943018232376,-0.7077574027004987,-0.47452123351860725,-0.5454418070489087,-0.11873404620352991,-0.6363507284466557,-0.17888991584417044,-0.17845961323890008,-0.31703431148356187,-0.4414451204665003,-0.24958874387031119,-0.5192081234297887,-0.21325582316703678,-0.0897231040336698,-0.26002525487733513,-0.4016668018076446,-0.4841347177519794,-0.2795979580317159,-0.19914729589329155,-0.7520178991358092,-0.6164054910313389,-0.5564637426292035,-0.12985693738868684,-0.2143886955931353,-0.11874054669302601,-0.7605719687127164,-0.11417885069256356,-0.6017736285624905,-0.5118002127338435,-0.6622246468243713,-0.0634580490284818,-0.47233589963576184,-0.6318442213457343,-0.24075353482097364,-0.16740027976296995,-0.06140539684786429,-0.08266227899550616,-0.671481404841826,-0.12615632884544944,-0.3312505297535217,-0.5173010275587183,-0.4629075818633466,-0.035838457083519674,-0.15873928481273195,-0.21792618066902955,-0.5960681076987375,-0.2499999999999963,-0.283445667309877,-0.6934977963257983,-0.30245545526215967,-0.5872908041115943,-0.5866180781176419,-0.6278247980245112,0.0,-0.45592834439400887,-0.41875063196417983,-0.20062350086409247,-0.3566002691026732,-0.09797841159157272,-0.08053731463768715,-0.3380017946632174,-0.10688422046603423,-0.48760086204823117,-0.11399146436407893,-0.5006504815837309,-0.5981164861609132,-0.12882137581893338,-0.47450325769480595,-0.7049738217214816,-0.06924420017293803,-0.2721053004354599,-0.43978706592647615,-0.5586116822998413,-0.6855021412451318,-0.6130860031785956,-0.5647863265820993,-0.3803442360479757,-0.5501999091183856,-0.7528292064072414,-0.11178360898414763,-0.513470365413685,-0.3298578932315115,0.0,-0.19205480972137273,-0.3202022968760684,-0.367468544828558,-0.22408917822735003,-0.7734516687960165,-0.0954973469048278,-0.3333333333333333,-0.15663256765869094,-0.6685137124586424,-0.5847723684308668,-0.0787932845393647,-0.726268017919418,-0.18031342625886174,-0.17952368630618315,-0.4691598743696629,-0.14936142227364996,-0.1675560278620545,-0.650716019807831,-0.7316441082964367,-0.5447614115286955,-0.5465383028375664,-0.4088102344619762,0.0,-0.2222864174642587,-0.15383356762597739,-0.2570220347997589,-0.1622011123844155,-0.25331560351858945,-0.6987453753598855,-0.10960528170057603,-0.4363847434079498,-0.2966918414575409,-0.30593035921651635,-0.44372248300480444,-0.5000000000000028,-0.35097471073207254,-0.42281505704538447,-0.6332111951136155,-0.20005241554684225,-0.266343529874774,-0.11560876180558519,-0.2500000000000022,-0.06248234951214592,-0.32155759840035586,-0.32458968509963254,-0.4530940096795593,-0.13772644696675862,-0.19814925819899,-0.16666666666666297,-0.7304466657224995,-0.06872692109740128,-0.6229260899496393,-0.07281568455829154,-0.6042893202416758,-0.3057595288668339,-0.672604569338772,-0.6095918519983229,-0.467454095175312,0.0,-0.41033695141797916,-0.1496469057891424,-0.3353633719891313,-0.33075228715434124,-0.27389688297246023,-0.5447294455865891,-0.07403742397672759,-0.4852081519385408,-0.7289234760051906,-0.39759326812255696,-0.5616314052325844,-0.5442531797503859,-0.13722724117807258,-0.4982020874438344,-0.30668727707122434,-0.14483496083800698,-0.1491356281330262,-0.12696537023787297,-0.8165774158902563,-0.2440048763849037,-0.14999207464913086,-0.22205221173746892,-0.08383594546570665,-0.35076423416022867,-0.35294117647058765,-0.5000000000000111,-0.5952181898202512,-0.5283813597121341,-0.8953849737754619,-0.28924037210037046,-0.28750358932916176,-0.08015459621519462,-0.369930179261497,-0.1158252033902007,-0.5001613857876579,-0.17331006212308095,-0.4221038802104418,-0.7584607947366335,-0.6270630291200414,-0.8115591029552398,-0.06690962073358718,-0.10764960932418767,-0.6569031389826648,-0.2877434983338326,-0.3352849283093829,-0.49427923645898153,-0.6899012571648248,-0.6620345039115142,-0.857460374615538,-0.6662437955257406,-0.21936937214516075,0.0,-0.605546333885246,-0.802978388793149,-0.10804406560514064,-0.6602879945558654,-0.11246937455301452,-0.44638608824462683,-0.25000000000000555,-0.6950820321249812,-0.393439705276217,-0.6153111859309729,-0.6965477453654966,-0.6068528971090731,-0.29999999999999466,-0.843355361246428,-0.7661969100220262,-0.5831712467725482,-0.2586948250320438,-0.16269832866382192,-0.08354824949804415,-0.9364406354808812,-0.7272445838119489,-0.18081477267035037,-0.2548542239223831,-0.5906251845429722,-0.7690446777908323,-0.16101910745206546,-0.1742876314424024,-0.6373027524038781,-0.25753223080701154,-0.39584801145854587,-0.23582921216796343,-0.22288070720176908,-0.4796944905170277,-0.18156000531371896,-0.09727783028466765,-0.1743968288294685,-0.7131220694765206,-0.07931885669896263,-0.8517346079486711,-0.40221483400670394,-0.805741975242053,-0.2802093585894407,-0.27024937816023825,-0.7963879334190563,-0.4361050731814728,-0.5066259482239329,-0.7029353547371243,-0.6638875284421963,-0.30527665902692536,-0.6943556896526387,-0.5332072289124538,-0.2945366035601504,-0.15130070173762875,-0.1038028886725206,-0.7173913043478287,-0.21540114569408997,-0.6383448705362423,-0.5595167169687422,-0.5031677546852414,-0.18220959741670778,-0.1809050858207008,-0.33485547713935465,-0.0930292567341598,-0.1355100159380226,-0.2613734729571669,-0.02185055705465068,-0.5267180470903913,-0.4638751877434081,0.0,-0.09713026576229514,-0.20021515280125132,-0.1755299607626493,-0.4479543675445468,-0.031813676625244564,-0.3439481968158897,-0.19862038113763114,-0.18917509452937079,-0.3220335792717518,0.0,-0.029191624586671253
2024-05-17,-0.8992459658852859,-0.6792231191373148,-0.7275823625470557,-0.6205887293384975,-0.8969995369160757,-0.33646251516772707,-0.7498071232490005,-0.9305144200164592,-0.5352654181291503,-0.2994692537410905,-0.6003147083902256,-0.7452168523481312,-0.7710981941784614,-0.8278385280065728,-0.7701184263488868,-0.6721854003334247,-0.713557479781223,-0.7896018951237952,-0.9147309750899275,-0.629215367691177,-0.8711511486286516,-0.8316778309831444,-0.8561682370203878,-0.8863754164515056,-0.7905934953971324,-0.8696717757342044,-0.48732629646357,-0.9195495383160406,-0.774143304260999,-0.8493027079093372,-0.9291371247860329,-0.7165586762369268,-0.6669640544429504,-0.6004253483287297,-0.694425216836065,-0.18233624199260753,-0.8638498221476477,-0.6663915250020516,-0.7705108092539488,-0.7433032601850983,-0.3212573302429229,-0.7343757425877502,-0.7571422198665284,-0.6544635766747934,-0.8288967649980287,-0.7045284220678916,-0.7141634086629169,-0.19476632346639144,-0.9565823772713884,-0.9327396940871208,-0.9634254846596142,-0.33671051668672336,-0.7249018855278134,-0.6305965266632428,-0.9159744223427201,-0.5412571088665185,-0.7950654752172506,-0.6611764705882358,-0.6733203073989495,-0.9154506006693297,-0.9059670580024632,-0.9268685064076003,-0.9677446646091988,-0.42951132857719143,-0.9250790747313853,-0.7441052107704688,-0.7195606323910757,-0.9112462804084096,-0.47863574682923105,-0.9445143011130475,-0.9462744363285002,-0.8664450992038317,-0.8447184105054462,-0.886309190923128,-0.37894910468492055,-0.8560273646090321,-0.8361918315457273,-0.8405702590227758,-0.35051189695709806,-0.5502669163004197,-0.8867470375730957,-0.8545448813556114,-0.8293280543032784,-0.8364197948847266,-0.8575766831438605,-0.7967306735789121,-0.6804624314739453,-0.9500664101525881,-0.5630432752494388,-0.6441798098561432,-0.7599588656844963,-0.25955876834115854,-0.7856104743608061,-0.4273822153058047,-0.7653617404130382,-0.9222174116450311,-0.832112199443912,-0.7206834652706646,-0.5401097344011673,-0.3031338666477952,-0.3397967957303792,-0.921319227517122,-0.7784183508917021,-0.6090174110279502,-0.35743755593702453,-0.7583065749699509,-0.9758003372919988,-0.7337483992221542,-0.8074384587218336,-0.6232820933482303,-0.37744053126758303,-0.7511693953615302,-0.9309556534205087,-0.9286016477748723,-0.8912352619094248,-0.9693274982004141,-0.2989242982952376,-0.9368186007943298,-0.9384429096000039,-0.8291987951025308,-0.915419071364747,-0.12455401150471568,-0.5396580567064118,-0.9688498087270435,-0.8389768100039159,-0.8426841349607512,-0.9376883666090273,-0.8723554314924074,-0.8525076313279334,-0.6546162176799774,-0.9369954613548043,-0.8401488771137128,-0.38098914330693084,-0.9695968778638249,-0.9593550779532928,-0.9533710954021835,-0.8345202393678691,-0.588183441117152,-0.4041174840609595,-0.7016533523245968,-0.9030905006814212,-0.8183705726340603,-0.6389368492690126,-0.8988215950942748,-0.34602065727949644,-0.34209517323250554,-0.8958524180499979,-0.6975776389110241,-0.8276836114975762,-0.8752946377574867,-0.9017551099417414,-0.7370915306085007,-0.8283629973399605,-0.821519273886788,-0.5778160975441775,-0.9353147620573625,-0.8567220651150305,-0.7893019500372112,-0.865851654535799,-0.7512014671173564,-0.8517736160436962,-0.9620825655234331,-0.7537745175908038,-0.8718723300524572,-0.5176906389149241,-0.648584719831457,-0.3562322777564518,-0.1481481481481452,-0.5661025237066013,-0.7450164440283072,-0.8240033621340705,-0.9321874197243847,-0.8361441606984149,-0.8212227072484002,-0.188961449426892,-0.24738435913719814,-0.7096204019925246,-0.8251203843339633,-0.8572178669011247,-0.926606290548053,-0.34934041180667247,-0.8659043803662397,-0.919203169588233,-0.7775340710049056,-0.5872345098296116,-0.7992496813720424,-0.9647094623075676,-0.9507833398955867,-0.785806802443468,-0.4583033954781261,-0.9253219955904979,-0.8071553444597983,-0.7848185801592253,-0.9859946190885798,-0.9747487794047562,-0.9295697012441093,-0.8264275260799351,-0.8399330812223685,-0.8590096358800814,-0.9005475033948835,-0.9151109486094141,-0.8959286206856906,-0.31532154360761067,-0.7769450384155902,-0.6730674227462183,-0.9233671535214044,-0.77279167741134,-0.9350875650107001,-0.8487609619463916,-0.8834976618437043,-0.9020302439845439,-0.9188538007610441,-0.9491633311736836,-0.9773765026178715,-0.8351034392887419,-0.8672840908192863,-0.9580479929407384,-0.8094305214985431,-0.9052603014083406,-0.8288769667542294,-0.9359191974421006,-0.946345440136799,-0.9251285457879179,-0.8234310141294856,-0.6237639120806698,-0.9110932495097722,-0.9288048873555722,-0.7680126779513278,-0.28258048672378394,-0.8736346497554418,-0.8344547527335289,-0.9631037256104505,-0.8960243553345577,-0.7584254113359263,-0.9226666935380065,-0.8686511404391819,-0.8373093229809915,-0.6666666666666733,-0.905885811330549,-0.7901869290835858,-0.9524401085198627,-0.8370843122333126,-0.9532793845401965,-0.9542761215761743,-0.5968467952179496,-0.7306403611667655,-0.9332605090711347,-0.9563386868519907,-0.712998113066858,-0.848902722318748,-0.6304542651638246,-0.8906503465838999,-0.8218603137837693,-0.5633340873458486,-0.8955046429251763,-0.927648388567253,-0.9672159810718227,-0.6165598244178772,-0.6084505710541039,-0.7017223083959118,-0.9779258149649578,-0.8024782198776729,-0.9117039755586447,-0.9511268948144284,-0.7699550605288932,-0.483588432317772,-0.28370392895361546,-0.8380780000841438,-0.8897009654696522,-0.5973857107787216,-0.8364448310799472,-0.8642749780985829,-0.4811018813146233,-0.5186280220344307,-0.5249218517100082,-0.8209189705269799,-0.7790491529348711,-0.6606201143965631,-0.8413021748427144,-0.8736589207875962,-0.7606527554490307,-0.40612138401157155,-0.5108190274233803,-0.858919276198865,-0.8654804005049402,-0.5323647157580867,-0.7392364405237474,-0.668226235750184,-0.7962378505300729,-0.8566131964566468,-0.7164954402011411,-0.6135385590410152,-0.5118400729335367,-0.12758309033388762,-0.8659650205901374,-0.8602933642442844,-0.9085308515883507,-0.6697506784997648,-0.37972359107012954,-0.9207794401482762
2024-05-20,-0.32523344611647403,-0.5295041657467199,-0.5779558763510693,-0.22453352084041361,-0.18741907588182627,-0.7333671496036477,0.0,-0.1243836739231228,-0.22278776389949284,-0.5527730094834845,-0.392319776455682,-0.46317861789174025,-0.7332426464682655,-0.32171508361637485,-0.12601293868651275,-0.5041597108398079,-0.6496030898242721,-0.1704875875431095,-0.9007408675413939,-0.8101529431197599,-0.19696162119226285,-0.6762050112801579,-0.6269184167392773,-0.39105181645841053,-0.19216355662468837,-0.5325733356935508,-0.6889268034447366,-0.2572194012180407,-0.6893343924272604,-0.08788245919683638,-0.4498564101575887,-0.7377608147661087,-0.49447382870105466,-0.7608022702471131,-0.6040922133681539,-0.7565730898085546,-0.6201892879377975,-0.23382863595349077,-0.7087288426873505,-0.7543551284708465,-0.7655224785940594,-0.5289171346436052,-0.31873609481745746,-0.17826273310439153,-0.37620356876917677,-0.2645485566527848,-0.12416332295531707,-0.6218837044876672,-0.5135335779767854,-0.5787651114434584,-0.7630089766545302,-0.2747468900257996,-0.34255361569612963,-0.6071603805904254,-0.08467561983865285,-0.7267126950314814,-0.44744695098296455,-0.47869838519233976,-0.19626783338046333,-0.33335060549405554,-0.13185146670187137,-0.354034685155562,-0.6890152714501542,-0.43524538874761765,-0.1474112107386548,-0.600584241712212,-0.7199889196007931,-0.7766915101702255,-0.41888561286026615,-0.6733994284835052,-0.7096259124768414,-0.6577115658425646,-0.146910720311057,-0.12648158233975235,-0.8977634397272108,-0.6613116962873244,-0.7348445997095888,-0.4145543185903175,-0.8246778398921056,-0.7782782957584798,-0.29322709428159177,-0.5396847267976822,-0.5985991352510112,-0.3542431287268961,-0.545756481434011,-0.23268964907409143,-0.1875000000000014,-0.3778040752405513,-0.6335148243909358,-0.6683103968907269,-0.5530523054000605,-0.7005335901778924,-0.8035718046318467,-0.6114718774885995,-0.36700128039319885,-0.24924316569000773,-0.5956649640892263,-0.3229664212681461,-0.4471762055585954,-0.734949680326502,-0.379690568235238,-0.09898833050558159,-0.605271671641461,-0.22029376586923546,-0.3962220629055961,-0.4704424901151413,-0.5040846927984101,-0.5715141499815695,-0.21332245851847942,-0.20037377578477822,-0.3551704944855581,-0.537044944982968,-0.5394462292086256,-0.7904448171372181,-0.7150062421454524,-0.5,-0.7107695975359518,-0.3686250264880326,-0.2000000000000053,-0.899582910404236,-0.5333333333333325,-0.6684542461032814,-0.8235510386106649,-0.6708112953806217,-0.7785996804399554,-0.3789127947697349,-0.6215934825477555,-0.3398056478426122,-0.5999999999999982,-0.3210635895385316,-0.7662496361830351,-0.3281574505169224,-0.49437786423511587,-0.42275643435971916,-0.07908067305802668,-0.899794400460923,-0.6104751453904141,-0.28575509036855334,-0.6664741044783641,-0.1914396300331001,-0.6812530984606392,-0.7363897068007113,-0.24341367987221413,-0.6495735602856666,-0.3554387148729104,-0.26571400131211886,-0.3854883038278311,-0.7948602836892313,-0.22228957046636916,-0.7342372205863623,-0.5763995185789679,-0.22615538305367106,-0.14165780826134516,-0.2446402819215931,-0.22500000000000042,-0.22080257605004494,-0.6738654888690978,-0.5330967382204089,-0.03672251990658892,-0.6878784739877406,-0.5933163071222907,-0.3522605594654252,-0.5374404205540403,-0.5993813275377858,-0.35849035184261785,0.0,-0.3073795226901284,-0.6729508595367657,-0.15330636373711357,-0.2874538938701401,-0.08512373241401935,-0.21949189358896282,-0.5671502042816622,-0.504865624625057,-0.7148281023553543,-0.7704313698058489,-0.18193017479709467,-0.06552608010616481,-0.520875701395445,-0.8387391604408955,-0.5899123644950979,-0.74442587020624,-0.4296429334071466,-0.6288618527395176,-0.5936034699860309,-0.1279341444561779,-0.14897621436378955,-0.38290033782738253,-0.7844351790746873,-0.9007255213711165,-0.2727272727272683,-0.33826421411488694,-0.1448167451487283,-0.20284086355853517,-0.2806296817543461,-0.17241379310345123,-0.7252869895835025,-0.26919687023099204,-0.2246355727812434,-0.7475994750868169,-0.27327438052341996,-0.8459193439594386,-0.28389445542479536,-0.8295922929853542,-0.23070386565485546,-0.423614364714284,-0.21069280472400886,-0.33041399767357715,-0.411134803994322,-0.756147194140778,-0.18831012432805497,-0.2958276032676179,-0.4493388032762899,-0.1461562448697048,-0.5216181658369816,-0.22867894354841006,-0.06430885300792717,-0.37642262089773154,-0.5878756629263863,-0.3508335589270156,-0.5371856663058583,-0.22426469214205244,-0.6718784325438384,-0.6584676320164575,-0.6061695377841675,-0.4724142933242091,-0.7285114605374374,-0.47588887084773956,-0.30368228841099365,-0.4045079742354939,-0.3479510151386905,-0.7705628204632571,-0.4108557735065713,-0.6378656690631188,-0.7542601531843559,-0.6242075771745309,-0.7150499347674918,-0.8693179866794546,-0.43984215153004447,-0.07212215887250313,-0.43234892487729343,-0.7302494341827384,-0.4285714285714304,-0.47734519790773977,-0.3255165411765097,-0.7251713569232819,-0.3936022659860294,-0.5112608093769522,-0.7941116679189782,-0.7815899880512702,-0.7236952320548086,-0.1434431024591762,-0.6360667624605115,-0.6541308364842027,-0.537303663834643,-0.4534099591664454,-0.9516221889695926,-0.8486755686134866,-0.1142719651113665,-0.8681093769194799,0.0,-0.3677293626111066,-0.3696827329074022,-0.15717603370745165,-0.687809531451508,-0.11160818484800174,-0.29965583443347765,-0.3587694079559132,-0.3933147742415882,-0.8769602782365891,-0.04220133987056888,-0.43958140285087755,-0.2754406923685385,-0.24490503211806422,-0.7471824801123685,-0.5897435897435901,-0.7171295225807347,-0.39856438901168945,-0.4540552045987737,-0.6267244049868308,-0.6351191792308533,-0.7741789147865181,-0.05163580406583864,-0.7504240821606771,-0.25815699391669095,-0.8360914009650006,-0.4597439834207014,-0.9111589338697527,-0.7730870344236968,-0.07809655755776078,-0.4350060548281339,-0.7236075648272925,-0.43268884321854895,-0.3661474511611679,-0.18392838927292385,-0.09252262708430067,-0.4861416393339751,-0.4705018460626232,-0.3589650716406559,-0.5333396154395262
2024-05-21,-0.7001188342721002,-0.5855289154529233,-0.26589475357939524,-0.38666787181140927,-0.5207505466215915,-0.6642057591274938,-0.5054112049804764,-0.18496493087446275,-0.31154437407590146,-0.7801129729053112,-0.2845664571530368,-0.44865000321690673,-0.3634228215165429,-0.5958041471639526,-0.6173060967576933,-0.3446509259708046,-0.7940140545088826,-0.5882352941176437,-0.15502403994638253,-0.3068498397887442,-0.43434385651744556,-0.1973998674927512,-0.08736516347113435,-0.4667991039221157,-0.2602729821652047,-0.8792262351233221,-0.39333328715784294,-0.6995606304122605,-0.45584593911564836,-0.06303692048545562,-0.5527867804086042,-0.8334289059137713,-0.36778152611590587,-0.24498432874759563,-0.7972638243655739,-0.20306669997608548,-0.2594994447623984,-0.25743138800775134,-0.3975111364050297,-0.07746021608469283,-0.296438109885717,-0.08317945572410507,-0.27929351614539727,-0.5493121430967995,-0.2628756768112384,-0.6285714796000932,-0.29716063328652736,-0.1983865724156485,-0.28147904290202125,-0.20954342039102372,-0.1624920837631673,-0.5605267580471719,-0.445307034249011,-0.34932042412897263,-0.20101776676981864,-0.47344853249693936,-0.7558178032024023,-0.6339401508270882,-0.15231903396539587,-0.34106477151053594,-0.11944916276794534,-0.34289558516913654,-0.2683915201319832,-0.5262531590613095,-0.2643503881325915,0.0,-0.32000285543391116,-0.25907996827359653,-0.12488378310439818,-0.21162184740720183,-0.17428319890767133,-0.25939093915865236,-0.6136668650385504,-0.342497174709872,-0.441147924712839,-0.7056737654147632,-0.5563569818968231,-0.2182950296328277,-0.7490326640487971,-0.49999999999998884,-0.4586493522088331,-0.19417739686263935,-0.15278675324884589,-0.2509600603134209,-0.22014277427020057,-0.29412249986249006,-0.2672823449697073,-0.08056505707355628,-0.4466288156707161,-0.36128817960931214,-0.4547954135793489,-0.3315501897658767,-0.7565895794854898,-0.1896620950761779,-0.7762406657370882,-0.05392219112856122,-0.4575668770273498,-0.18078925357682685,-0.41432246921573623,-0.3013133450263847,-0.6071690550455144,-0.262052022234385,-0.14757216383172161,-0.25608276275193925,-0.3791060737450812,-0.07799953805782707,-0.05487711220481845,-0.4327780718903638,-0.33279112120295273,-0.9948373884239882,-0.5314848751526419,-0.4112080137015653,-0.0408303870830586,-0.9363638991338912,-0.16801468046546583,-0.34388102468172704,-0.371891109162007,-0.7285421982503694,-0.740648496093314,-0.43674195446563624,-0.38461538461538364,-0.7292377096074735,-0.6854323519049905,-0.4063289881571888,-0.8571428571428608,-0.4274588346015333,-0.38774104763313105,-0.28675203315471054,-0.2545442971354695,-0.568514158858446,-0.7340770134909383,-0.26001476492176306,-0.5218284768868622,-0.39478810336413656,-0.8547539041085954,-0.15892250579016748,-0.28215180803554696,-0.19604731961253402,-0.2872958721369274,-0.5182462657627497,-0.2104725648027064,-0.7583959740372922,-0.15506671335223474,-0.10419941618791437,-0.6309776095263508,-0.5088409921606185,-0.30069148635671983,-0.24216225303846087,-0.4051678900879609,-0.22269287199402382,-0.051631954574459606,-0.20368530581981925,-0.12809555572226458,-0.7051995510295598,-0.20667956842021504,-0.28014712378878703,-0.15897695784590873,-0.16898789366156927,-0.596403464900182,-0.053894461750519616,-0.1331525274941964,-0.3398182231661789,-0.2725292169074047,-0.2954398429156429,-0.7253518398383897,-0.25,-0.3415220761205911,-0.6408004740470746,-0.3358949852442183,-0.05854208018216125,-0.6510163580433345,-0.11126054894068464,-0.1698186580213253,-0.38044927087008584,-0.45305745256778435,-0.619779349896648,-0.8604212848504192,-0.1042573029573294,-0.5001462800846271,-0.14506403855408093,-0.5717752793003034,-0.7334792204394291,-0.15066278382669687,-0.4402035933791948,-0.258187081715534,-0.21285761515635288,-0.7191581976277129,-0.7226223657362036,0.0,-0.6771863707167629,-0.3723877406351517,-0.1499981285072399,-0.3425345283669894,-0.3309892263718984,-0.9176024974177671,-0.18214245414394825,-0.24544598132439008,-0.4448599231179279,-0.3589387312611419,-0.8573779737229783,-0.14182998452511486,-0.8692206278992499,-0.7064210502410139,-0.3666373166424106,-0.4003522918453319,-0.7646794085022302,-0.843777166527615,-0.4166666666666753,-0.3859083629823997,-0.9014079716653477,-0.7350265494642261,-0.30854646138691605,-0.6069604823366747,-0.7962198334820855,-0.7053757508432748,-0.540595334216777,-0.8516502827826118,-0.802264384546037,-0.21076312089000027,-0.29089013447974466,-0.27473556502461693,-0.8264241055647333,-0.17021308693484083,-0.4984798329016599,-0.3384934152962457,-0.17528109447344614,-0.2650108097335047,-0.45198642966287866,-0.42906933357346166,-0.4000000000000106,-0.4331264201202368,-0.13584898562821165,-0.37233665851316,-0.268029068458554,-0.18075455781807065,-0.7074113433173302,-0.8216700542335146,-0.4513444429624447,-0.3025133056603507,-0.6395659764313452,-0.40990274117159115,-0.0369547163854468,-0.4077217797015904,-0.7385672873379532,-0.7849834491308826,-0.7500000000000046,-0.2644312004380507,-0.6666666666666716,-0.32676228075850045,-0.14635283813976094,-0.5215210143484108,-0.24304301650344098,-0.28944654258490005,-0.6133100523530592,-0.10773971785486199,-0.23344944859527822,-0.9677446646091986,-0.13833820451986253,-0.8159728313588535,-0.6360400555960708,-0.9564337796426217,-0.23112780253732465,-0.2903216422675322,-0.7289339329573695,-0.04859071854811821,-0.22536194616851554,-0.21266281666702133,-0.9186164032681948,-0.9181193251927952,-0.11240550366178963,-0.3985055976049987,-0.22704661088319011,-0.5440355649317469,-0.7319231352105812,-0.748011310899708,-0.10806714401618474,-0.26452945329199906,-0.4311605242531222,-0.4923314337724995,-0.35849430836004254,-0.14825908139956578,-0.22219045440023164,-0.5593634923994081,-0.12493465637005895,-0.6257367685169171,-0.6956588918520544,-0.05547029830544443,-0.20054500882533863,-0.3500116018852068,-0.0547274899521813,-0.40945802180920904,0.0,-0.054928422922470355,-0.6984088370082538,-0.27234182430614484,-0.19296681752610137,-0.3948766911975275,-0.06773782732498367,-0.19980982580872658,-0.14160538085457247
2024-05-22,-0.35714285714285665,-0.32857428167546804,-0.5655117757273705,-0.36775941306584425,-0.6961570026815281,-0.18011748068337294,-0.5054112049804764,-0.7867193679856073,-0.08724719611362484,-0.266646486812253,-0.07629016558394207,-0.17878644352068426,0.0,-0.22056668481130604,-0.3729221702261112,-0.70246005335068,-0.6277851975447699,-0.34512654394983167,-0.40675470455235696,-0.1516257416412498,-0.714285714285718,-0.762189164260288,-0.4189455305777625,-0.6616390375420274,-0.045416965014774366,-0.07887314042351276,0.0,-0.4087223213530312,-0.7548798522835539,-0.1309324997380282,-0.3542632799505567,-0.649595644174648,-0.0646011404645552,-0.6151708487095008,-0.18197540377700164,-0.2117842426104662,-0.7573518130420954,-0.09298664680984102,-0.2252013483763168,-0.598925505797875,-0.14606969369961598,-0.847627556992272,-0.61300037444697,-0.5568710920313527,-0.6877965209665452,-0.13645349367047227,-0.6826383105765798,-0.7527377587631775,-0.9043797796263233,-0.6892873139680323,-0.8959635004999552,-0.8208562726902121,-0.1415710194498794,-0.5591196708645249,-0.45134917241764627,-0.2691443069957572,-0.037568939748258624,-0.4760439289730302,-0.5338071642812352,-0.704102700452632,-0.6679592639822854,-0.7559280354139561,-0.8109576641750582,-0.7573775737560963,-0.18238622468363058,-0.5757734064049435,-0.4175410422410829,-0.5258626848380067,-0.5759335937721285,-0.7092700995732126,-0.8478714577046164,-0.37090590260864825,-0.5586739835161431,-0.8236683357506245,-0.24277901868928745,-0.7203738554707987,-0.523162810356388,-0.7788988099043972,-0.660347382909846,-0.14285714285713924,-0.7016673327461547,-0.47242646834867363,-0.5311341299156818,-0.5627245671101052,-0.7007776222464076,-0.53980971389659,-0.6894492795876531,-0.8967605163155,-0.6960354554781772,-0.11730573296671125,-0.5287317555605815,-0.48614981177814776,-0.5484126988007256,-0.7992398405351234,-0.8332105947921963,-0.6534467665116523,-0.7347069447779281,-0.4698142756931606,-0.4504074393018597,-0.06389390770006421,-0.26603646145108667,-0.5745442248954438,-0.5633171619741083,-0.7049643655232551,-0.7514769592309665,-0.7099276370104267,-0.7316146751552096,-0.041206614478896356,-0.7502734885298608,-0.15719543053812296,-0.420777448657311,-0.5935185793540954,-0.8368724274406086,-0.5822571636860799,-0.7402882525241717,-0.5,-0.4345573109638093,-0.6695330211240675,-0.7610781164904011,-0.16358022864128619,-0.4937480838344236,-0.17226345341405214,-0.14900725718949023,-0.841401890879047,-0.7919161810624277,-0.7404495312816325,-0.6277723163827856,-0.4947014498520772,-0.8115536261637152,-0.2490147338219893,-0.7830872919752084,-0.6677475439442517,-0.13874254161989394,-0.6424573947579939,-0.33564974785731255,-0.28814843231853277,-0.5906017333225194,-0.1918621812501553,-0.29535957623358805,-0.4576810384629574,-0.09455013587907445,-0.12332317534523383,-0.866239805412837,-0.17097167818422432,-0.2282783746828459,-0.2605076530924731,-0.6234593064363732,-0.048987926129074426,-0.12975636854799164,-0.2424310579236002,-0.27440523507127795,-0.44294641803680596,-0.372468609334081,-0.08475667667074682,-0.6129791339621734,-0.9346206990103818,-0.35190850008223273,-0.19725278900800783,-0.3594511629718796,-0.33827260042061713,-0.7687859401355245,-0.8180884657407497,-0.014941077615827338,-0.7855673849925014,-0.29698140054938443,-0.48134995750067294,-0.2870133730676668,-0.2529264942980124,-0.1515671057266795,-0.6846702055855545,-0.7026921305207894,-0.877168515742842,-0.1443772907356046,-0.7546863138260756,0.0,-0.08561880745484467,-0.5323804533689263,-0.6212841960320828,-0.6780128927711279,-0.1700267735468348,-0.3722823215505172,-0.4743346077193779,-0.6218602225530145,-0.1848438210467432,-0.3957173842390905,-0.6562988024947377,0.0,-0.12680242156700497,-0.2277420224868299,-0.2729505437521682,-0.5893745310781786,-0.16517413897188551,-0.5481254277846086,-0.4964937024823908,-0.546296395034003,-0.5902600252625714,-0.0875049122598096,-0.5375248226927091,-0.6890400979487092,-0.09481988558359492,-0.11144099149826815,-0.7126334829445263,-0.34638111456961496,-0.37689915126167106,-0.14981684306810045,-0.5996381512658076,-0.7274918684607479,-0.7662375101666271,-0.4928572603119259,-0.4211980852109078,-0.6482356189305659,-0.4930071032069783,-0.7371284523826613,-0.49436942681646323,-0.27473199826771777,-0.5521900162701223,-0.6756630352309857,-0.5082767067288131,-0.9486998008525598,-0.5714285714285768,-0.6610319189094513,-0.39638338723210714,-0.21563692790159542,-0.25240199073504327,-0.03870887145076578,-0.7151809570326703,-0.5549144145209131,-0.12806724199107408,-0.7090181435255714,-0.3268358069968051,-0.5023855937885979,-0.7221858925841294,-0.5613400439700499,-0.4459741607044405,-0.47806565612428453,-0.6067709940332542,-0.6907140167425413,-0.11513646079386337,-0.5655931516209437,-0.3218559679159795,-0.6758811577440037,-0.0924855550067282,-0.49053057736179423,-0.5819833015794327,-0.20700123493768155,-0.2562810937546542,-0.6678482983012238,-0.6519829551174793,-0.2340845789043799,-0.7691318385482692,-0.4741871209986367,-0.7146672450820334,-0.5617407442811765,-0.1576436188258269,-0.23580607573480805,-0.15930760637311983,-0.7619118396081916,-0.06471884615255487,-0.5634921868232639,-0.4741525207560362,-0.7824952074774945,-0.13006007840538816,-0.6500671813536854,-0.5791397444837004,-0.6535208036590466,-0.27421608310980505,-0.7289942401645991,-0.6466361885929578,-0.22571024543739293,-0.7687871806098162,-0.5978699056891164,-0.8184902583435691,-0.24356758335810005,-0.5694836833649232,-0.638235735979839,-0.41676168374942657,-0.6089781118968534,-0.287245928052219,-0.05861767686652339,-0.6000249739625769,-0.19335143490789442,-0.6019188845589308,-0.7651636086668969,-0.772317987544253,-0.6826256617677002,-0.1699930335650785,-0.8237548038448268,-0.6495979123426963,-0.505611117733344,-0.858427233491226,-0.3966856992069387,-0.488863587703025,-0.7761073502256359,-0.6964541836714125,-0.5839508320681269,-0.10256120957844966,-0.7489776470220044,-0.7604408073248179,-0.41697763225268786,-0.6949687495295859
2024-05-23,-0.14431811697980093,-0.8389170939253295,-0.12375165020296494,-0.23792091488401856,-0.33964332828847754,-0.22550921123878967,-0.3016188159576545,-0.1295656505721863,-0.6059335521926217,-0.19314761297712785,-0.2578049351214959,-0.25916676708999625,-0.1932824026498474,-0.0651045594214773,-0.27268644916909085,0.0,-0.5038741533087849,-0.45374288897913584,-0.07178216336072787,-0.19290104684218234,-0.0935843449411306,-0.1600153376503391,-0.3041574293521761,-0.11231143394713039,-0.4957892206882078,-0.16129589394671423,-0.13045292525303126,-0.11056421066713516,-0.24432349912318782,-0.17262855152220793,-0.16002651845103255,-0.759816597049386,-0.14761287389189437,-0.06536648927631104,-0.44018515720610857,-0.4325421326761915,-0.054019582212651546,-0.6413207367530934,-0.23443575335608194,-0.08434210862381375,-0.42146757322403555,-0.015481904237687583,-0.07354265908784634,-0.17318052824685687,-0.1444289774757767,-0.15875146923504566,-0.08169193999873081,-0.3324018197235416,-0.1648894655282267,-0.07437144485122477,-0.10479727169226569,-0.050994632177368604,-0.07154507859504804,-0.1394085700107264,-0.17276551457593237,-0.33538182326913407,-0.6744954141341306,-0.2313160918368486,-0.14923087957067646,-0.13043734902351695,-0.37150113285230024,-0.10425677905751232,-0.11414212266365,-0.41104814046588417,-0.1868585994477244,-0.034081496285161765,-0.6283760911638759,-0.6378891167897494,-0.08225421725076547,-0.35263331979665247,-0.06964185654351429,-0.17479744918570997,-0.2645989322154209,-0.08945862216102451,-0.03220227003765134,-0.12132014207039808,-0.5331625723374499,-0.10050009664638987,-0.5029368526308444,-0.3417717246421564,-0.19375470468694178,-0.06436742238435894,-0.12451044786497235,-0.18852302071853153,-0.11452814966549715,-0.7491936415904229,-0.19092482167358532,0.0,-0.18557394767184082,-0.5129040671595193,-0.15753346214237451,-0.1377300680038146,-0.11905977890898428,-0.30630048482020505,-0.11379052076874778,-0.18281604776506616,-0.03915813478022741,-0.045491250531144015,-0.3340975084670817,-0.0838251272294993,-0.4308996940845506,-0.47851612046324865,-0.3058773918281565,-0.12970223741179104,-0.8340282540960553,-0.12692701437521664,-0.2029653900369731,-0.17598869950667914,-0.26772858484971285,-0.17635226478880656,-0.8310755565373259,-0.08980218597933817,-0.12504787162324013,-0.3333333333333284,-0.13319487393882867,0.0,-0.2292450678681147,-0.2058135661025297,-0.1751900763461493,-0.351610588403467,-0.08949444130144178,-0.14871117298636263,-0.4520996621694548,-0.5687615160088303,-0.1226756447999976,-0.07628341423377463,-0.2511965156642588,-0.2759013922286052,-0.4133144182157171,-0.4637057248193083,-0.15233557875691772,0.0,-0.1717213440448236,-0.14521510764074033,-0.2969999369770687,-0.07897490466052637,-0.10172003508222949,-0.10969037373156652,-0.24201890952058833,-0.9151567598847937,-0.28078344476145217,-0.42943097789111245,-0.13309291906006915,-0.5676532485573326,-0.818969650120525,-0.23004802699588556,-0.15624751404531823,-0.1585392536706486,-0.1151842179510544,-0.3840725954695532,-0.07883723128825461,-0.3144336860327433,-0.7516502112939384,-0.22236934814548348,-0.4456689738772143,-0.19929196723134432,-0.6831172323357095,-0.09723576252343769,-0.12122709111842368,-0.6595235753322459,-0.0780626161493583,-0.033017140471413284,-0.3661926834161304,-0.11403187659263847,-0.17048765887827247,-0.37474446287424257,-0.33054951883996875,-0.5690549995409382,-0.7418083758719957,-0.25109401801895986,-0.1706158482077485,-0.13706724198543707,-0.05589104374453992,-0.06028570169857462,-0.19459169224091846,-0.22141211328148355,-0.10015128449751858,-0.060444335682516906,-0.08431622977739454,-0.28450329099772426,-0.7131611647507282,-0.8753414069745126,-0.035412073685415005,-0.49051260986691797,-0.2667352627077927,-0.09018284437474143,-0.20610455790426135,-0.34615384615384587,-0.2021352119503612,-0.7155289292849962,-0.11518689785419182,-0.21342993220704845,0.0,-0.17144190664615866,-0.32838292628860827,-0.11767086237207788,-0.24023996155525132,-0.07942283147691848,-0.08480725238569915,-0.78908564370893,-0.2897344272500773,-0.14373391546600184,-0.09464508279153554,-0.7299680835321065,-0.2831218758217863,-0.6592797484979681,-0.5,-0.30909405563849257,-0.10128645536403862,-0.05496986225314087,-0.6417318551406981,-0.06953153593296175,-0.14567924176771127,-0.2557337063943617,-0.40629201125048325,-0.3167557068219651,-0.38033419591290196,-0.13881957350564378,-0.035527933119173266,-0.09863808704081538,-0.48220112133377663,-0.3425408820237009,-0.5556708821310417,-0.7287584638105895,-0.23596652740475205,-0.20978290734779947,0.0,-0.3461829056573334,-0.7045712790965406,-0.3433526598613574,-0.3086212083952948,-0.23278225089349308,-0.18550325857818026,-0.0776694561324464,0.0,-0.36549516330952725,-0.5714285714285696,-0.1373201498455229,0.0,-0.34123839212739854,-0.24827042243955041,-0.37289406403919373,-0.10799606380234675,-0.2617167376423239,-0.34892540999519817,-0.1883309705506884,-0.522612604129349,-0.2673546407358597,-0.5010833143241561,-0.1194375459071228,-0.058902007052827096,-0.06891492342240997,-0.03933183127302052,-0.13434152274739802,-0.6823012837135509,-0.20108166687306855,-0.26249756153264703,-0.5875921752736601,-0.14692109800032896,-0.32312745015468286,-0.6066666011875669,-0.09274187648009155,-0.06432930401663839,-0.4861119804610513,-0.12967247096445625,-0.8022996308182531,-0.07811646926021223,-0.09147122325035296,-0.12519024551279825,-0.06843877832245263,-0.038683805811967405,-0.5005736482732381,-0.6616444364628875,-0.1704665871935968,-0.0641639395896198,-0.19367128912653275,-0.19655095555391622,-0.7264337856090541,-0.33505202724877686,-0.01816176993229052,-0.6367277730018942,-0.3497376491128385,-0.1797550773881782,-0.2282081241259161,-0.2819297276757572,-0.4254820782742934,-0.1628255243839808,-0.1900117052000868,-0.2715030296630261,-0.10367430015545173,-0.21575586626486448,-0.2736060892050264,-0.22536133586820156,-0.1913775042218246,-0.450942916860159,-0.09331465864187086,0.0,-0.022408532854787264,-0.24887787703847197,-0.0907095534122318
2024-05-24,-0.054042533178737494,-0.14028163701711133,-0.041660879523065554,-0.20911334947908736,-0.21391590169143973,-0.5488265276402549,-0.1306044993551346,-0.2718041882952222,-0.7371423087576242,-0.5889843879331677,-0.6067311116814946,-0.5428059769268714,-0.25023191093024144,-0.3611737648646392,-0.10155620908545412,-0.11404522184511764,-0.14799536652969855,-0.45598517091052093,-0.013214318076906945,-0.3661750086697156,-0.17064421229727414,-0.014110137646514847,-0.16181961827355132,-0.061374647376790464,-0.32097498865559027,0.0,-0.5239549038587483,-0.07449723848039977,-0.4550513223563752,-0.25000000000000555,-0.5035388075915613,-0.05377102713517229,-0.13799228795648524,-0.03299760992781299,0.0,-0.4062328099577056,-0.4406017875949981,-0.18302829077383656,-0.16855243031580477,0.0,-0.0770501858990479,-0.04223121976318736,-0.029819927142246273,-0.06382075902334812,-0.08000000000000185,-0.09784156849864271,-0.0224175896915211,-0.3322731489215815,-0.32285199546055865,0.0,-0.05114387915653414,-0.0752691427258416,-0.09155751260828426,-0.1731829485710347,-0.4401294051579298,-0.07555140684343034,-0.1610667655889541,0.0,-0.12791744392217677,-0.306746145101355,-0.12364543939386595,0.0,-0.04334487169787118,-0.08666130642266974,-0.16747026530429326,-0.04448799824289057,-0.10739558670812527,-0.2912913506063316,-0.1215117207142861,-0.10628386088439729,-0.0798795393498342,-0.39084777829045575,-0.07021198430506041,-0.22910055166456325,-0.2586580336864235,-0.036293615198449834,-0.07685394366238374,-0.041594962305181095,-0.05100688108101673,-0.7089607465075466,-0.020344618781649226,-0.04583083567059161,-0.2011247322873228,-0.11551634123347194,-0.2166540797385059,-0.3333216157742652,0.0,-0.007295769740237404,-0.053502038259437126,-0.03379041283247453,-0.07093906470913172,-0.27669953493232996,-0.12691466586161015,-0.03902536149586784,-0.20183577714797243,-0.035960489443191086,-0.21770210979396087,-0.047511125251930596,-0.477793915791607,-0.14624685725949432,0.0,-0.04883539846043565,-0.1828707181897063,-0.0992215651231978,0.0,-0.02940591858371652,-0.038108958177443704,0.0,-0.2642194573725687,-0.08124067114936483,-0.03902517290950468,-0.06316137096722718,-0.09402705387484163,-0.17369380013130162,-0.23584947419966873,0.0,-0.6048832033234665,-0.07692307692307533,-0.2025252205212084,-0.5528523678867746,-0.1014555795815696,-0.6339027383535427,-0.7057162931610549,-0.6360908945735666,-0.06032405251673006,-0.18511019833893197,-0.47005715046311675,-0.10568189473417307,-0.11258471267492391,-0.25378910781712977,-0.145983001284959,0.0,-0.6018130119892043,-0.34751584655699774,-0.49473688900564233,-0.07895259799944183,-0.24685142559778087,-0.2474238037724928,-0.46949436760997215,-0.3398664740194969,-0.1417445271697999,-0.062339886373226655,-0.10807371911461053,-0.5262453460335058,-0.2882074144478992,-0.08054714773899736,-0.48157842540619833,-0.3848610925887025,-0.6219008580783462,-0.5152587783703948,-0.08950624877729894,-0.16828972375564333,-0.5821793886892401,-0.010574567160949736,-0.017584974377273004,-0.03407302524428887,-0.6622878216419175,0.0,-0.004659436242648666,-0.4199964666425798,-0.10444455478246668,-0.055199171497878854,-0.0666714353721907,0.0,-0.07855849633556791,-0.14821241927403336,0.0,-0.7479136371509004,-0.657722539044826,-0.05164364052639519,-0.048363080818903025,-0.03164974932024296,-0.06459372034429224,-0.011409920459017843,-0.6607703743907358,-0.37946921375458237,-0.3015723551501042,-0.06767902585474748,-0.18135259488575609,-0.49087377536249394,-0.6440581127672135,-0.11033364415739524,-0.2063468710704028,-0.39788355834776984,-0.5683616616697956,-0.49602545737371884,-0.06403179002148414,-0.0928162823901022,-0.5872875167085594,-0.09859033417252987,-0.15001649807204587,-0.5182191967143182,0.0,-0.5915731676304244,-0.5536083127595677,-0.07082331806611887,-0.06508285191099,-0.11197504125804236,-0.08605538037551333,-0.0121859718738912,-0.09957547988561719,-0.12582453539788413,-0.49074099713277874,-0.06051202894454862,-0.48710250939694466,-0.06552651101566052,-0.2034422599085718,-0.10229875449371316,-0.1148365639449864,-0.03497546049322413,-0.0728003989001417,-0.0956219075987845,-0.11309755262136371,0.0,-0.03438777201352429,-0.0951884385553272,-0.10360713471955092,-0.10659341761658289,-0.05039714181883657,0.0,0.0,0.0,-0.19944726808674976,-0.04366940593719033,-0.7043552908343105,-0.13834371409011406,-0.16921503934331794,-0.049046674585805035,-0.013927716402569446,-0.19999999999999646,-0.1531675881228803,-0.1784512716846514,-0.040769162310703384,0.0,-0.02490235587514075,-0.0170598826917027,-0.24790269642210322,-0.2500000000000019,-0.10806048521771834,-0.07919029072860508,0.0,-0.5541910140680534,0.0,0.0,-0.10954969301570111,-0.45659751808932575,-0.058758208373051034,-0.6518524436767965,-0.5909090909090846,-0.45733156658073715,-0.04835939525896722,-0.07668281601754333,-0.028424518292581913,-0.20956351039382268,-0.4912471005610439,-0.0686891736777617,-0.19999999999999646,-0.5314500960437716,-0.11429005066131792,-0.09385089013193336,0.0,-0.29407133333754415,-0.08898377671432228,-0.15935584742686712,0.0,-0.06196452107142932,0.0,-0.5210024005357642,0.0,-0.006616197005526069,-0.04964748217975816,-0.025830135533879018,-0.11274582499831616,-0.041022855224305196,-0.11230952372230683,-0.4895534897367463,0.0,-0.25857139144097113,-0.16516530848440367,-0.0949409457658789,-0.3818097902564775,-0.06514561055902143,0.0,-0.03211118738835217,-0.11283083986715806,-0.014476527649327563,-0.017481202917933272,-0.31451919883840007,-0.35207331602415143,-0.08843528968399544,-0.4984468930251481,-0.17242681555389397,-0.18154407609764883,-0.6854838127754967,-0.09487186136199031,-0.13125806562208772,-0.07793631788152026,0.0,-0.030428270472014064,-0.086763921566305
2024-05-27,-0.832805762036751,-0.8795471642177695,-0.9208381052650244,-0.5371588786481144,-0.8800007989636833,-0.7529545933654421,-0.8194041494814993,-0.523694037250647,-0.6897620440939449,-0.7778706127487862,-0.41818181818181843,-0.878248016442045,-0.6499132991179718,-0.5707145273537815,-0.4611067619538037,-0.8021268961665613,-0.544527948875064,-0.7308055741380519,-0.7220035196435152,-0.5016849446835535,-0.8284434212232805,-0.8333022668556341,-0.9382393125317702,-0.8342783227981151,-0.5134489676396965,-0.9172519272089187,-0.9010292258705126,-0.5730059463300394,-0.8293573598284522,-0.55882289473296,-0.9099209201059467,-0.49997363026848285,-0.8758242493276184,-0.5377849538646865,-0.4999770130432581,-0.5936707075867612,-0.24730895941767123,-0.8501606840030624,-0.6884351029190774,-0.48469251711266104,-0.7879156301292766,-0.9138232443090699,-0.9217152750944337,-0.6275067746751362,-0.45771357072745433,-0.7686023660558536,-0.9277412566197618,-0.5415906987358391,-0.9749386186865795,-0.9076064013963767,-0.6751995303542244,-0.9048058076641582,-0.8053128424562319,-0.6971829111450446,-0.4430566681137777,-0.672518271109053,-0.2910163679138212,-0.7471404154522157,-0.5567747370424558,-0.959497157705193,-0.7704547627523899,-0.8486340741735952,-0.6734532812644298,-0.4261926941920067,-0.8370927491552606,-0.45022073708498134,-0.43342874264160286,-0.2848268053297978,-0.3628518543454081,-0.8689659736004065,-0.7775557272627909,-0.882917447755023,-0.9443968000683207,-0.8312337291267352,-0.7789165754564624,-0.7233942931926652,-0.4871424156252032,-0.6864868951082138,-0.7658223961309574,-0.6431866901919773,-0.58046882037514,-0.9330786410720664,-0.8555838796497542,-0.8524577749833663,-0.8444351111113548,-0.6046389319422776,-0.7718048981645048,-0.9092148730334788,-0.7495436925868881,-0.5376279144789056,-0.4075675598454328,-0.9626177543744391,-0.8391863418656861,-0.28887480042477043,-0.7912731427020149,-0.7157730269053981,-0.9286158277663189,-0.7344056741184065,-0.7258130652692641,-0.8110101843992619,-0.6500376422850537,-0.4784210365750958,-0.848990236809843,-0.7765777146195665,-0.3251969929615866,-0.44353824065678554,-0.8889717779706491,-0.7192958718485113,-0.4112403312607169,-0.5069653369589293,-0.5220011044026698,-0.7426167338168487,-0.8197650443038826,-0.8024971969990365,-0.7565028219388337,0.0,-0.5970319064522831,-0.8394500811026137,-0.5,-0.7803784108737615,-0.6965905783482144,-0.7345090322465857,-0.5642689401069262,-0.559656365656384,-0.859555220835156,-0.8340781692683518,-0.6569937470984752,-0.8134144846579371,-0.5411263301391025,-0.7660578592217278,-0.9277173214650796,-0.7439904156072876,-0.40227967873033776,-0.711546610271229,-0.5726475212818295,-0.7279030192452429,-0.7131522604161048,-0.6762734314022791,-0.9080990205647157,-0.47069134767142085,-0.8577098773388733,-0.49055154073432833,-0.8858714238160399,-0.7923777438810596,-0.25219553686370344,-0.7801190512365892,-0.7763246269142086,-0.7822400101767042,-0.232343367022155,-0.6689998159959056,-0.946690062216845,-0.7320295803471185,-0.5794284779168135,-0.7469516961699821,-0.5573469038632118,-0.7465502978221916,-0.34814585135479614,-0.6763564265624411,-0.11112393022211259,-0.40871603229935904,-0.8815226531225894,-0.8578041859087462,-0.8817216604301991,-0.6075150046028206,-0.7519083829425897,-0.5987133748273669,-0.7792232116268557,-0.30807873570882366,-0.5990366664955303,-0.5891584622439199,-0.6206535733671074,-0.9590220148132074,-0.6336490611798385,-0.7604526048393334,-0.7426853513459769,-0.8082161040194682,-0.25360397703008686,-0.6326503251471464,-0.8161179504993223,-0.7688134625967858,-0.5748374906923933,-0.568242772340098,-0.821716535829279,-0.4937657824513106,-0.6595442249313526,-0.8172209377311334,-0.858851418323275,-0.9339139435068813,-0.7951152152629536,-0.8068898636928623,-0.8674191571339225,-0.6852966792263002,-0.8511946299161343,-0.777779168737682,-0.8318998147263106,-0.4609065268472883,-0.8998839589635476,-0.8608244780626231,-0.9860920108920485,-0.30468293336543767,-0.8011741551735985,-0.808207485243853,-0.8758878498322904,-0.40997081329450863,-0.8924603153973542,-0.8004554677582407,-0.33050369493360876,-0.8331750585360902,-0.5841879342788746,-0.4319627099265243,-0.8601019875510945,-0.7499999999999946,-0.9595896849848301,-0.8100587880604251,-0.42650383425722344,-0.8365341272214596,-0.740185225478387,-0.631568691665615,-0.8941007564947906,-0.857142857142859,-0.9425443658621959,-0.7783406378774257,-0.7380335497695445,-0.6691701255129675,-0.7521954639994007,-0.7777777777777756,-0.5820908482258935,-0.5446901805607425,-0.8557612756064593,-0.824060217263802,-0.823020225720057,-0.6855690595148453,-0.9102346148303003,-0.8300641741686425,-0.8897318806200875,-0.25422740044861664,-0.7783893130977615,-0.824570728755314,-0.8622657793936132,-0.8103640055200259,-0.881712725484992,-0.7564680630490597,-0.7939580559835338,-0.9550972318084692,-0.8382649951966854,-0.7144573244710385,-0.3038421580117197,-0.5113631720902242,-0.34571800268697334,-0.6394650091689756,-0.7813447341158227,-0.8601949274385937,-0.6866894495027069,-0.4526442637776024,-0.6507012263080388,-0.841927690461116,-0.9678483619071842,-0.64610124633978,-0.7777482674524656,-0.5820274258787048,-0.7335171275314686,-0.6733466400001242,-0.8849536143401672,-0.7936728731923,-0.9108757223264872,-0.84725604057671,-0.6329695617749235,-0.7055900335495888,-0.9290824386295986,-0.8777790584288772,-0.7468066588170088,-0.5157325064026316,-0.6342786745809543,-0.8231688440639259,-0.6611243364840435,-0.8726914378011109,-0.49742168117186614,-0.574897522149111,-0.8290707653126655,-0.8406378834606467,-0.7179510610873028,-0.951715544811556,-0.861933945881974,-0.6915869658130724,-0.8096949136692053,-0.44705393693278705,-0.7993567011751972,-0.4324571579226731,-0.4146842807620622,-0.8567598419919897,-0.7984320790231696,-0.6045947069368421,-0.7244903411502728,-0.37175384226382807,-0.5105401974819733,-0.7940517056099965,-0.8310792517374684,-0.8119549879777407,-0.6076987550758165,-0.793049053608543
2024-05-28,-0.18993379927680198,-0.10088622917409705,-0.05884122374873285,-0.21028673232727504,-0.1800624996243529,-0.14287220382971133,-0.2640414954482708,-0.058074676588971474,-0.4319696978896243,-0.025029048717585444,-0.11774137800827485,-0.03719379485282915,-0.1125719964482526,-0.2574249546104262,-0.15827416721692264,-0.12499999999999721,-0.022083506804614798,-0.30707874598277074,-0.2692460052259413,-0.37499999999999906,-0.1058007325824726,-0.3832490544632532,-0.6796549924407187,-0.07965057601057064,-0.1679902318535059,-0.1407295439417257,-0.07621784454167553,-0.016290146309613767,-0.07998944763484792,-0.15625621807723516,-0.03515887054921761,-0.09085348549194637,-0.0857238670385919,-0.11186768634041773,-0.2639346889100283,-0.5922167467635943,-0.5819038558221136,-0.06821245669917746,-0.19949575639590894,-0.6691187125834152,-0.2126542972336787,-0.26510495514502636,-0.5888393642235251,-0.0314343245118158,-0.2291820416104453,-0.2038626153215768,-0.08148107182649839,-0.0982370963007799,-0.41078222643685797,-0.07562571105153938,-0.10815141630135147,-0.051942445113735185,-0.2553416872968066,-0.12424991818554323,-0.05560680313912997,-0.40883063589262825,-0.32470328649179736,-0.1586589202577665,-0.08392337805325924,-0.5398165008959278,-0.3133221302088469,-0.21886272909121776,-0.13509259702726495,-0.16024986985127904,-0.03980255792180952,-0.09677420893648336,-0.3552648062421401,-0.05531576565806776,-0.047619876822512175,-0.07713019332687604,-0.610169491525429,-0.2717800796475182,-0.38242758947207733,-0.02942099780772941,-0.2999209922523161,-0.22196486385941738,-0.07689546946039687,-0.49897402019914816,-0.2984851266091892,-0.6690554582576363,-0.1279504393084708,-0.0627899931419093,-0.47180875245732323,-0.05433334925415812,-0.3545816763037361,-0.09215059389173884,-0.2899881706672118,-0.3572641495297101,-0.034504509314610216,-0.1498414509308251,-0.018742120908542676,-0.12846559384766099,-0.22686937630244602,-0.3606559643771986,-0.0649886740565934,-0.3413241543413198,-0.7714195515976371,-0.06821954986768133,-0.16104545837607634,-0.5808315914619329,-0.16817968053156016,-0.06997797466932515,-0.3896665239550899,-0.06404872225788719,-0.5009481002474413,-0.35886865461265705,-0.14069059657324176,0.0,0.0,-0.0811623760986075,-0.33358077516427653,-0.24030387333305048,-0.13290274300834898,-0.23622452708202873,-0.14154736650694102,0.0,-0.35714285714285265,-0.09421213090023861,-0.175300437857768,-0.40699283749298504,-0.3098995605294983,-0.1590200219357971,-0.6807601846955635,-0.5056029900503104,-0.1955529600142427,-0.06556231469829843,-0.09262199173415242,-0.1874265280237056,-0.4112484482901678,-0.20148091287511988,-0.11722812030965919,-0.130147585743883,-0.36802197553236626,-0.34598705922248385,-0.03765241122289728,-0.12377736615277275,-0.2596142683220152,-0.16124516825402374,-0.4517739456188582,-0.11145692093506367,-0.0590016133971176,-0.4424638479157663,-0.3823303601790799,-0.1283154656945111,-0.21151218407373687,-0.6923746841124458,-0.11258725240925795,-0.12174068246491111,-0.05942704893887549,-0.07491020735138318,-0.06437433155822733,-0.3004044063688525,-0.16506276785703966,-0.30931389989750674,-0.20926628486877413,-0.20665808047131928,-0.06486525370092937,-0.1492147837095075,-0.13710523753817105,-0.04983714119619151,-0.39584869727958605,-0.07395412607085482,-0.14819147268341387,-0.439472494545312,-0.1391225344613883,0.0,-0.23213991674068102,-0.7065620680521714,-0.0858310743729106,-0.21755021007011696,-0.09112834912658206,-0.26183571675434625,-0.1363319761029111,-0.5531911873230605,-0.3506376970194291,-0.39403152847775974,-0.08889598589527972,-0.07170223357681944,-0.21123350514013617,-0.1821954180411124,-0.6597575042290712,-0.12121067878875498,-0.6954718848838868,-0.6341002876879736,-0.6181151934797451,0.0,-0.2793145842157192,-0.3249687885829479,-0.2948771599000325,-0.23367560760501171,-0.09547648689676641,-0.47379741098338773,0.0,-0.25176552970363886,-0.7216746831688078,-0.35874622018574387,-0.04349098227283879,-0.04102835922439192,-0.11727022319364298,-0.5880724648863197,-0.5227098411848038,-0.054096245829189316,-0.4905486047269223,-0.02787007320128929,-0.06744199085552081,-0.5241191777474375,-0.3781996401469784,-0.08097552363456273,-0.0942387432662043,-0.5491442626019463,-0.47320761836690034,-0.20440511723099009,-0.08892763627774203,-0.49999999999998895,-0.20070765302200927,-0.2304977535580892,-0.30425525113991797,-0.09188620078419234,0.0,-0.14689240135248943,-0.09645072868896659,-0.594555389932317,-0.3443437534500968,-0.15514760496879312,-0.03984797478863321,0.0,-0.14502818424328093,-0.28377729020848924,-0.06568812813125245,-0.29132736134210335,-0.1933013358835976,-0.3889712684166009,-0.05418746816354973,-0.5639721650673811,-0.2762543915115651,-0.04763258411945794,0.0,0.0,-0.06026368904732653,-0.06252842985186134,-0.21751306149240957,-0.11893916129179012,0.0,0.0,-0.47029605721752527,-0.5673257281472809,-0.23359861371330598,0.0,-0.7749470619076797,-0.49658937153858873,-0.03241615416871533,-0.04173670637024995,-0.08228843727451568,-0.40369751928000214,-0.09317590881194102,-0.15081137542417575,0.0,-0.524162080942429,-0.5000000000000074,-0.6276317705984281,-0.2067867154607637,-0.11802466261244474,-0.08712495902387798,-0.6384720491210395,-0.055184314568772985,-0.09997524192904853,-0.29681655578284866,-0.06053098788221099,-0.2051183814186508,-0.13893365327667992,-0.10522241700452264,-0.5964092410243553,-0.8177107791248059,-0.2888759220901729,0.0,-0.1504791046742101,-0.09979676088260342,-0.17689295036679373,-0.3345673830036709,-0.15888585073293188,-0.08746682856342142,-0.6115922792303035,-0.28342685174694277,-0.26332781386481335,-0.1851470062314914,-0.5915842701895673,0.0,-0.2861862697645927,-0.379725392387622,-0.3721328007103558,-0.14469960268122856,-0.18511993735536075,-0.02425787552432813,-0.47823702781607524,-0.26263220993731645,-0.2941700486181005,-0.20858456132994574,-0.25780094720722396,-0.24072680695598958,-0.19310786986309963
2024-05-29,-0.1437864401466734,-0.22851766961248543,-0.17949725526911497,-0.240942997682195,-0.636368760590026,-0.14184490415726875,-0.48376762523056593,-0.47037495798045204,-0.21787699277368247,-0.7834396573089999,-0.6167180666532843,-0.2344567532559992,-0.3885394131781546,-0.24553176062564627,-0.25398386005293616,-0.34210478352058293,-0.20374521425593622,0.0,-0.7335637276286276,-0.6470641975867767,-0.14461212355239544,-0.21626301457105657,-0.5796594408354229,-0.3772191558579137,-0.13347630097718577,-0.3136038615596845,-0.39155772124524263,-0.16899691932864502,-0.49661780770324876,-0.43355172823432253,-0.8241047339468988,-0.18379040308579503,-0.5173360841470214,-0.45008544664290967,-0.7847802415138516,-0.29914047695815726,-0.5374980955814141,-0.5940828865035631,-0.7803509421794748,-0.28328516183578445,-0.3721064953165928,-0.5280300472478271,-0.45762688626700254,-0.5721288887251861,-0.47880125297437554,-0.21390200238448295,-0.21348314606741303,-0.5123292703086464,-0.25814013716385725,-0.101966188641933,-0.29748185631612545,-0.4519126203305664,-0.7942940152576164,-0.1286906912039616,-0.2887657830152157,-0.512458397625202,-0.24299064848020926,-0.27574466675716874,-0.24038364593873154,-0.6978209858369016,-0.6323825048923223,-0.5546044588098705,-0.5734581188205556,-0.5652302793960872,-0.4880616781323291,-0.5884493826458195,-0.6668891887694238,-0.5988605253751891,-0.46283107104289506,-0.23015793461230877,-0.29748494964316174,-0.44347451588102527,-0.4915256201499595,-0.39459513385383466,-0.5703610251330002,-0.5965237354684646,-0.336172870294104,-0.6398234159514528,-0.7401414129437027,-0.78135280147132,-0.32589131080611505,-0.26448267625034727,-0.3880238529957975,-0.26739886928395307,-0.280756382553984,-0.2924909662911136,-0.15860312027278434,-0.2259633605522485,-0.2234939797316132,-0.10835303466705601,-0.34222670251300363,-0.13094260500544547,-0.6085953034817368,-0.40789008394891607,-0.25825915029090435,-0.5293940618303364,-0.17573049402860197,-0.5029753374741752,-0.7467573146749326,-0.2134531270629172,-0.5672382457667713,-0.2065381520506283,-0.10193062588484246,-0.6971280202136032,-0.3949776111025874,-0.31577415310070595,-0.12037544842919977,-0.22096036732169147,-0.46086611722418563,-0.48607420992326394,-0.45986646199325376,-0.24831793789695739,-0.06188182821169508,-0.2925086141689284,-0.5689997201515877,-0.6455713374597146,-0.8968475961672023,-0.2591364680227355,0.0,-0.22810079215191476,-0.6022918049534418,-0.6765061000311935,-0.9110508983991384,-0.6173690814517041,-0.3846153846153835,-0.3660386512418562,-0.281738296193863,-0.18815622088847064,-0.4606218433275299,-0.330152695034393,-0.1508094079788253,-0.24999999999999448,-0.8064697946449353,-0.5398440830319909,-0.5873688736769169,-0.618729799671367,-0.4285714285714304,-0.32517198042307277,-0.35680743364284906,-0.4719599809857117,-0.8477212626146354,-0.6492762760457067,-0.10948213258444697,-0.8098243652918213,-0.9489337978285816,-0.13564403466087616,-0.3983241462150675,-0.12257289196117158,-0.35260384619414636,-0.7188130929653579,-0.22507606608658287,-0.3913017456203438,-0.2561747199494324,-0.2702809314608053,-0.4186582339652759,-0.36096786254843344,-0.6207379587852407,-0.20294112595762323,-0.5857994606010857,-0.6076596112912781,-0.3638523957371551,-0.5965687925240339,-0.1744344565299713,-0.14074594963029147,-0.197567677540177,-0.27846303258612787,-0.16917804952732277,-0.9095579431936676,-0.661760227589091,-0.4312868072358448,-0.954192356157899,-0.2980505747579148,-0.6202762025738346,-0.47727889347441727,-0.8000000000000036,-0.48936209152467053,-0.23496065740814034,-0.4971797159588012,-0.37081284117374785,-0.5667675519768716,-0.7907752871139395,-0.5061016143402141,-0.26227675094340264,-0.7792359284326138,-0.5895126566830958,-0.4960191285487172,-0.2844234484431828,-0.128516862523909,-0.8015361641387024,-0.7916666666666624,-0.3000000000000124,-0.2727843422983443,-0.11347174441644466,-0.3333333333333235,-0.16067933047704333,-0.4078891526961961,-0.26762747579252416,-0.6007535357388514,-0.19905971017626906,-0.7595689158971657,-0.6177396345541584,-0.45154714407652774,-0.7755585157974042,-0.17059341292517932,-0.33773755935363575,-0.18642439164212712,-0.21052404347508688,-0.237500670310541,-0.44120984302717686,-0.38743637421111193,-0.2839995244255321,-0.44444444444444553,-0.8582440226235234,-0.17046301806626196,-0.1448398625870805,-0.17455669849590777,-0.3750000000000028,-0.1165699505601884,-0.3927186414066534,-0.14419474721648204,-0.10303008375967543,-0.33947190371930436,-0.6925292159978353,-0.24404249139148657,-0.14210849612487572,-0.39366152023778467,-0.1692072702004429,-0.21751213716058115,-0.6964144953021014,-0.420116752314819,-0.3895839058922943,-0.4545454545454516,-0.42646055512906045,-0.6637575293518598,-0.1803149778572853,-0.6141507107421479,-0.4137208569374857,-0.7446275292968774,-0.36574657856820114,-0.646502815787246,-0.22474744880784958,-0.4839241809535963,-0.254911441174338,0.0,-0.29722863129304683,-0.7980141797943489,-0.2715318977097437,0.0,-0.7761104192648389,-0.13650492977351608,-0.3733183883615462,-0.4175641892667516,-0.3383876499266233,-0.7901878302694338,-0.7110852670244106,-0.8489602064063363,-0.17807805109903715,-0.8151078175206505,-0.34046574245840383,-0.8290816415296948,-0.40906992587730867,-0.7621915545898997,-0.2817136728845741,-0.05562977217399486,-0.34779070299215736,-0.7062843822137413,-0.45637989914002725,-0.20163729025128063,-0.5001047483973512,-0.19597301383980542,-0.6279199704028204,-0.3344515721633538,-0.34070428046225854,-0.4555172646052781,-0.6372361789032331,-0.5456766628018747,-0.017440615509036864,-0.5289968286966896,-0.205998782021975,-0.2303500818144366,-0.6021048669823394,-0.014903287508937924,-0.26800372184482346,-0.499398993690871,-0.4787120455903979,-0.3861216709222522,-0.3453328141432195,-0.1445877941183957,-0.25098680121880246,-0.68477894733109,-0.25917371022458796,-0.43477458965752214,-0.23678679216231271,-0.30180649818763994,-0.17339306276928715,-0.5574958589595691,-0.13748613981962682,-0.02007648174626241,-0.5496590921034601,-0.42858823232959964
2024-05-30,-0.22610014401819162,-0.2700659404394088,-0.6191476837014552,-0.15679789615019954,-0.8472680448937754,-0.11568434030372363,-0.5055187103059635,-0.2872963100047863,-0.03966945624387213,-0.5283873038569736,-0.0541920388456769,-0.20411508837881573,-0.12359179158035248,-0.12453100759534093,-0.4059829010860972,-0.16649602378200792,-0.35319801894045294,-0.27272727272727154,-0.2617844210076544,-0.20532272900280282,-0.7056382894907195,-0.5505504678426765,-0.7464405091291035,-0.4545454545454472,-0.430451829203191,-0.3312752069446478,-0.0662707849680947,-0.12611569950376994,-0.1439605845802245,-0.4066665197466849,-0.1429000720410911,-0.6633244812621737,-0.5282877520164951,-0.6724396863562948,-0.1961766601883281,-0.13551615226773342,-0.07039965129809833,-0.13688024491317163,-0.38744276487930773,-0.6463865556310636,-0.18931513185672944,-0.634307014812549,-0.7287889340021977,-0.11543377157017849,-0.2241004089967934,-0.4811080071583843,-0.4163969012753064,-0.683212288606924,-0.14928286061839893,-0.7266236467945845,-0.5505019004162237,-0.6395691942924558,-0.2206747197355087,-0.17893721158573037,-0.13111309765871396,-0.2553251379395985,-0.22559482136532796,-0.5622948482527012,-0.2858158063548417,-0.684015919075594,-0.6355864021714134,-0.11440501603003679,-0.21344062946012593,-0.6122403673252815,-0.17049095425775188,-0.05016042541069595,-0.6697025496909484,-0.17228324067366055,-0.26207852461724834,-0.20424272013954542,-0.14370732060458632,-0.35502369111092935,-0.8039953004587176,-0.5093928383046556,-0.509519724695562,-0.6008169787334099,-0.7006508158253582,-0.41672771046168006,-0.49627686623286527,-0.28256018419478973,-0.7594456714252766,-0.44846436813449186,-0.8682957805436993,-0.45272143822197486,-0.4181818181818147,-0.2179330332367543,-0.7119794742361139,-0.6205714960987023,-0.10352637644499912,-0.32002979780476953,-0.24134719885664793,-0.9031022643883713,-0.44524578236230317,-0.5599250746582191,-0.5940940274338129,-0.19212540528489405,-0.6850786413222726,-0.7627246540785546,-0.17529584286060954,-0.6481444078307393,-0.6756157389097237,-0.5209074185566829,-0.39505816902017243,-0.8074163417935879,-0.41989621538633337,-0.2280424069046983,-0.7267125063753437,-0.811517396866744,-0.27132118551617485,-0.5031929642651856,-0.2359063189530688,-0.491870092067223,-0.7163781869981996,-0.21944566785284364,-0.591219819024438,-0.3333333333333333,-0.1284037237020648,-0.08703098825388846,-0.20519452843260463,-0.15931083927953874,-0.09830177903764775,-0.1998072117686675,-0.19025162684836355,-0.14953157099248116,-0.2478885256142012,-0.48213864008748114,-0.4872368703432823,-0.22580427679230936,-0.4872129540000186,-0.2624726258851307,-0.4000000000000036,-0.7439418734301699,-0.34673901686317954,-0.17568580835967557,-0.3607191424838461,-0.20755569780911895,-0.7701526413659273,-0.28736184262110137,-0.6221788666771322,-0.09146832416542867,-0.5214850379747611,-0.11841402600536623,-0.4376070856048205,-0.10189403441731555,-0.3177576318427137,-0.49541913026495327,-0.12283643733040354,-0.14380650313409002,-0.1083490791535024,-0.061973909504354635,-0.7330325078337496,-0.27163169167587226,-0.2973598893532384,-0.23758100769068208,-0.46599005771886337,-0.7277620209695224,-0.17952173888143508,-0.17417298258597522,0.0,-0.27656490723342764,-0.6896551724137965,-0.7278758676604208,-0.5798899753441666,-0.6027347265501477,-0.07666553302626675,-0.16278020413379404,-0.32603556946072204,-0.5120773785626255,-0.2957746478873248,-0.02292781076867829,-0.3677044239979976,-0.5582055388049061,-0.8703798211628518,-0.645720677414322,-0.15528429989716436,-0.23621665998207717,-0.39730038101411347,-0.7279427256891448,-0.7010363149367286,-0.2135904014445896,-0.30847310109979315,-0.024761638404182985,-0.5936741996982187,-0.2835805067293097,-0.12369248012457745,-0.8368643709603533,-0.2771893616496838,-0.2120538700273507,-0.1155086618614722,-0.637377399157782,-0.7142857142856962,-0.10778946273066953,-0.6004648368467157,-0.20284490448689033,-0.2855062226490574,-0.15739632810183235,-0.3655733427223592,-0.7890238031187433,-0.37841320628720027,-0.3369878646158195,-0.17877334649906582,-0.4080751094583755,-0.09594595215762165,-0.41900453777451147,-0.27000622935799773,-0.3172282770559168,-0.23680998321798674,-0.4215115758042764,-0.7483615285913435,-0.18765450103465642,-0.31449043942027705,-0.6666666666666716,-0.3294256000765895,-0.13079948767427682,-0.33509144075263353,-0.40000000000000174,-0.08884616978256518,-0.28411809717844927,-0.7124819196068256,-0.4953531921096829,-0.1730663354997369,-0.34262644366077166,-0.14934640341955793,-0.2887175629398429,-0.2666666666666809,-0.2563523027378668,-0.17445349949122854,-0.32442399621244644,-0.44248444831836947,-0.42857142857143044,-0.4316262520671884,-0.14285714285714649,-0.46636435606619747,-0.4215204833619375,-0.7027714788727518,-0.20349687356613916,-0.4333153492874694,-0.35204817809568345,-0.6899021091340344,-0.4646068203281851,-0.22296515304982828,-0.2352941176470617,-0.23337576274202598,-0.33854156573227234,-0.28610219451029467,-0.11685739090023656,-0.09010572721204077,-0.33333333333332843,-0.34069870380422623,-0.455591347923827,-0.6666666666666667,-0.5974003505331341,-0.2476814038539882,-0.4632746008804669,-0.13188372397375092,-0.7730980213494149,-0.344670170106622,-0.15500940390866969,-0.34292503305080646,-0.15596842096481,-0.14778279062897395,-0.6605845088566804,-0.9107096969491726,-0.24825175511517764,-0.6172778576853555,-0.15920895168332647,-0.2040864033583647,-0.6263031823167718,-0.44464584445170563,-0.6321556742579675,-0.1927826389192756,-0.7618454423868432,-0.1708235729760212,-0.8019398046386128,-0.11081081412635647,-0.1757213078896316,-0.4923490350164014,-0.1867467049614492,-0.17532832410026514,-0.7381881591428161,-0.1372535229378203,-0.12316905783733705,-0.5619811308720419,-0.30593265736899405,-0.7319607532428343,-0.30092888338303536,-0.44162725137650616,-0.4665968181060257,-0.7142429052956571,-0.7311143953290634,-0.5294905414009554,-0.37746127223168174,-0.5736210844141415,-0.7710488359022529,-0.619503188227594,-0.764705882352946,-0.594648567293069,-0.6789496813150001,-0.3339567843834879,-0.6275791377595299
2024-05-31,0.0,-0.366239039854141,-0.256165258973021,0.0,-0.08152246150989338,-0.8064283427260132,-0.14443391723027163,0.0,-0.21280892003706722,-0.05543975119953388,-0.1293705386719662,-0.17969988055984273,-0.2820926727962662,-0.20602142047586106,-0.7327155318323273,-0.5689723341585833,-0.6061448129352771,0.0,-0.46498519662461596,-0.3456610828521768,-0.11666558290339384,-0.6412244683506518,-0.27654945567569994,-0.3333333333333267,-0.22466872714063954,-0.24551954008029958,-0.07692307692307587,-0.07243419025411647,-0.06151318990420875,-0.20216699766429877,-0.3962252099109707,-0.49209197177519187,-0.18941481630239798,-0.43327150515195495,-0.17629103518128492,-0.39469013277474,-0.19290760101036947,-0.14285714285714557,-0.2454213694246491,-0.09262478049361149,-0.14285714285713924,-0.07481292822859217,-0.48710209695999845,0.0,-0.06761786101042926,-0.7608695652173911,-0.5222017095133766,-0.4354318202641548,0.0,-0.4143166513171909,-0.38794543426625056,-0.3306382204910818,0.0,0.0,0.0,-0.07784981771876093,-0.15870763125070866,0.0,-0.303048306952727,-0.22040778879111017,-0.09803491865676153,0.0,0.0,-0.09226476693768604,-0.09840283193900695,-0.5578485869875445,-0.4382361115640228,-0.03820163303160368,-0.6325136548002045,-0.436393462087481,0.0,-0.5401649129538816,-0.9346636043879082,-0.05790329525556096,-0.11950341346399734,-0.4623434384087506,-0.07528846013408183,-0.4457842140268019,-0.4634702805181189,-0.3454386162105169,-0.5164705706544338,-0.16735537096197425,-0.26630110102865345,0.0,-0.11076405129620523,-0.035263423348257175,-0.23411219561398297,-0.3450458077075459,-0.08150501484220575,-0.332511806385865,-0.17151051240566953,-0.09153652112702827,-0.09556593690800666,-0.32142857142857373,-0.48728470631460225,-0.03227943563357064,-0.1551338372650805,-0.5325247949681271,-0.3114450688580818,-0.550243192496758,-0.629175081263157,0.0,-0.18382676523973754,-0.03198106639452959,0.0,-0.2004932652828771,-0.3580762860523368,-0.1141652942521847,-0.1422518168519488,0.0,-0.6582106513517729,0.0,-0.1783382859129428,-0.22879499014056118,-0.05249437879794538,0.0,-0.5372018255092734,-0.44767910651081405,-0.6581850129937312,0.0,0.0,-0.6470419539331396,-0.4090909090909106,0.0,-0.11689692445850138,-0.15467417213616813,-0.034587898904039995,0.0,-0.6743173407325503,-0.18791917110654502,0.0,0.0,-0.3565569841946626,-0.1309757085751821,0.0,-0.07746591872664703,-0.34185804207638343,-0.4296772040390904,-0.0756113409747676,-0.060470455759521854,-0.07306947797209641,-0.3019621050003259,-0.20823944997169686,-0.11700430725895669,-0.09023430456069888,0.0,-0.06897221048270911,0.0,-0.1828862544777702,-0.5479435211341074,-0.6604304468564824,0.0,-0.05562870535265492,-0.4931744830680677,0.0,-0.18170207624206347,-0.4671269059916565,-0.5826601352469589,0.0,-0.5870357028617281,-0.16079880020844894,-0.4023157020297041,-0.031932185070302745,-0.660893002337503,-0.5144027481064799,-0.25672004677672294,-0.04063663798905682,-0.17382145135375873,0.0,0.0,-0.04674172301916988,-0.10231471672600455,-0.25493701084377807,-0.13359407116537275,-0.40039069433038604,-0.3034152484016059,0.0,0.0,-0.05263157894736694,-0.22459658840862656,-0.5256922681365309,0.0,-0.7815753107157937,-0.07012530302770159,-0.10001328118269821,0.0,-0.7454134842805866,-0.31250000000000416,-0.5858604118354732,-0.504849616500585,0.0,0.0,-0.15864952900619972,0.0,-0.8750477618473465,-0.05747184118139588,-0.23387154815486172,-0.5366387184074753,-0.2753147994638519,0.0,-0.06252916150085512,0.0,-0.1710511967508814,0.0,0.0,-0.12781996541885868,-0.4212580948066122,-0.2890403765874855,-0.10047356164781576,-0.6832801550204662,0.0,-0.5,-0.08017420116324753,-0.3333333333333235,-0.009989435554790687,0.0,-0.6185144634935804,-0.036923391719149615,-0.3571428571428608,-0.2018726461030728,0.0,0.0,-0.4355117474101211,-0.19659366900985162,-0.17598524587748193,0.0,0.0,0.0,0.0,0.0,-0.16964810562362043,-0.13095132648571195,-0.05991444049722211,-0.37279395653588054,-0.6524533255687722,-0.3006619591422702,-0.49580539284420283,-0.3285782995559651,-0.038755093949079326,-0.22634789747853046,-0.24717197481734834,-0.15384790036641496,0.0,-0.7271358728249215,-0.6337101021462827,-0.4222690174086355,-0.40076916542307894,-0.5115202536065342,-0.5266687327331832,-0.09294709677465578,0.0,0.0,0.0,-0.3404351704887541,-0.43001505137493906,-0.07928540372089576,-0.24999999999999722,-0.10133687940748574,-0.49293796661626205,-0.30819522660028914,-0.7250022596463974,-0.4328146769292894,0.0,-0.6984191863075121,-0.38914395928766216,-0.21654983847834455,-0.05915065888861302,0.0,0.0,-0.16636114883801856,-0.20473788992925873,-0.9228256380782323,-0.008486422337860742,-0.16582913147340891,-0.31946265334562585,-0.25437052343311656,-0.3809214494183987,-0.3841811943329759,-0.06753428315937327,-0.35145696218764083,-0.5352029380387826,-0.7150658593969892,0.0,-0.40436921629714867,-0.4044875646079374,-0.24196524579678483,-0.8288214858112793,-0.6670301602306873,-0.12346520313900314,-0.13646436230786105,-0.7070719712018798,-0.738199564609984,-0.36715461787344655,-0.9501635333065634,-0.440713786619781,-0.32295640627298544,-0.2593050230242024,0.0,-0.24472223158951772,-0.20563662534777039
2024-06-03,-0.33899055254198307,-0.3382002222145758,-0.58650890870335,-0.301112946327271,-0.7720211310036208,-0.5596856985922033,-0.5651903280520658,-0.35878213647420365,-0.3654976640764298,-0.25702004567019343,-0.59578759408437,-0.5760820917081992,-0.3167097199114913,-0.35240032721081893,-0.32135499219725083,-0.3123490243170118,-0.28800075428884486,-0.7268637453970178,-0.5091056246899572,-0.22341972691777442,-0.790267755835973,-0.19368828428419105,-0.3025159852157598,-0.449594452253705,-0.3426536345933034,-0.5014501150349069,-0.3337379266060674,-0.5276824502436047,-0.3733412865817445,-0.35594750178219425,-0.3185199475283118,-0.4297501473448003,-0.6083941984142985,-0.8061984149333069,-0.5022603941425928,-0.5006104812541421,-0.6589088582514906,-0.5897186255778211,-0.4213146047536681,-0.40428488258258416,-0.45243502904165994,-0.6634120264994193,-0.4206349415919444,-0.8053639467656738,-0.6280532099788616,-0.44802983579460154,-0.8652145624582762,-0.8022809773614216,-0.4728989586654665,-0.5646572124269678,-0.5535246415055448,-0.4384687230165703,-0.4347275925975121,-0.41636110697630796,-0.5427842653836865,-0.5403529972920429,-0.8763421512523399,-0.6123692712607196,-0.22656397386443777,-0.7449000036967908,-0.7414273684599545,-0.6643459609919224,-0.8713003985632076,-0.5274165671420072,-0.44390730824037006,-0.467011053197971,-0.6445552309767119,-0.6444716636007193,-0.22886482236324351,-0.2760867851497212,-0.6594063104300011,-0.6952206974791226,-0.697714846734414,-0.48115247920583804,-0.4268464425049065,-0.5143761223270555,-0.42717709758425054,-0.6827378748446127,-0.47553583597606186,-0.6063762100743779,-0.6488408623485737,-0.23066008550128492,-0.5329725241484629,-0.44989100249852065,-0.19907502139242514,-0.2158428958208374,-0.19223844627067066,-0.5263752110899363,-0.652415599763402,-0.5828404292859836,-0.793061832181332,-0.700985596982969,-0.5604461901403388,-0.6967194572707706,-0.7759206737467426,-0.22515454276397828,-0.7195236021021737,-0.5981155187439097,-0.5755980359649219,-0.7748316485847897,-0.5646988794873733,-0.763040042537389,-0.558672730376781,-0.20259005290545964,-0.5026619871963325,-0.5416994984303138,-0.5029626665496287,-0.11129179001214205,-0.2444217819653954,-0.621098037178071,-0.3097280279601297,-0.29148222104169547,-0.5382372459422053,-0.6506587158451662,-0.7957233929732013,-0.19657170822533784,-0.7604669466692704,-0.4077436459892313,-0.26322462790901696,-0.6718532454857578,-0.741955875670051,-0.5423649780573966,-0.782237000526413,-0.3076923076923082,-0.40481850078946535,-0.3935170790338792,-0.24722307939186744,-0.5051455020556548,-0.5998205651204954,-0.5848455707769974,-0.4892012713235916,-0.47354558880568187,-0.18473574683904484,-0.5073392585253474,-0.7925849419522515,-0.19176410387976292,-0.6964740002870529,-0.7017917044708722,-0.4815646027520475,-0.3467956106014337,-0.3974445496078904,-0.2882057893423141,-0.5510204081632621,-0.3666156162700252,-0.348623905209088,-0.6710011441284076,-0.36584592039712677,-0.2722705228971481,-0.3392224690646144,-0.3890191312507148,-0.3582767075009787,-0.7109683014692033,-0.48471015172236365,-0.5383848689002181,-0.5503322427324244,-0.18568599305096598,-0.43595215326511044,-0.3588060615038026,-0.27958908446952935,-0.3759249694437758,-0.3381393461759176,-0.730771543522547,-0.9057308098299157,-0.16139544126553146,-0.8008064855730951,-0.31108773326639955,-0.6107357134141111,-0.26154143062290564,-0.5702463905348549,-0.6556512716988818,-0.5816527701089982,-0.31297679390777466,-0.5576969742416283,-0.4680234643504165,-0.6748537120515214,-0.7051374820984768,-0.44079615487241625,-0.3773027611570664,-0.9047027739750874,-0.6484121685143795,-0.45370451509697973,-0.8799126686385471,-0.4571983940101185,-0.8208666704324572,-0.20435713480930917,-0.45530169561623496,-0.42758368030209903,-0.37530837626926233,-0.4007634629563687,-0.8010312739192347,-0.6074812042855978,-0.5456102178896768,-0.40857111705372867,-0.4057060418580293,-0.4833298078757859,-0.8139043393847865,-0.8307723223913243,-0.6557608183740239,-0.4687371267139602,-0.696235403912784,-0.1871722638548516,-0.6081079904520965,-0.8153469406990017,-0.6371085010931312,-0.43810425774667766,-0.49811838151557813,-0.4552064262783055,-0.9019789139763565,-0.2970097245483978,-0.8726521997990939,-0.2981940975321122,-0.4646162329694795,-0.6566222368108104,-0.977529008001205,-0.6019000130983789,-0.6542292053124158,-0.4513489450525992,-0.4147664034457278,-0.23255884375319918,-0.5822099384066298,-0.8315201172936967,-0.7431319144203604,-0.31728107039627623,-0.6787968960290678,-0.53510184941721,-0.7078670050524716,-0.5999999999999982,-0.4193023178078622,-0.2830367395415255,-0.5151198779734468,-0.4145175533920077,-0.7410725750094344,-0.33766677556326635,-0.6364464668959117,-0.3383308625245177,-0.8444005465132669,-0.4875214283755678,-0.33813458574379296,-0.5196662755654277,-0.22108835699869914,-0.9503959039421125,-0.40126704759704973,-0.3901802352161645,-0.34920353729523956,-0.3185251902121423,-0.3684210526315814,-0.4361388119609775,-0.2617904025646456,-0.6078390396742085,-0.48068360951067957,-0.6164774003797672,-0.7610014940685722,-0.3820107674023632,-0.3066482111664944,-0.34383042476595765,-0.6316166043471733,-0.5171217082757681,-0.6844276233248525,-0.6161973237862552,-0.633230275536448,-0.6000000000000071,-0.24511733797569918,-0.6949417834035221,-0.22703057952677655,-0.463083098392452,-0.624791749419629,-0.5380304575531316,-0.5055507680806047,-0.5142036412347133,-0.2210813699117103,-0.26717019119589086,-0.22198209521920903,-0.5677115098781907,-0.8161638147484837,-0.5385707934680593,-0.6444468487361564,-0.47182691408099825,-0.5884983047597854,-0.12291748382276094,-0.6681024382208757,-0.28332780004231645,-0.6116000107909991,-0.7597074274763982,-0.42641542819502337,-0.7352137052732629,-0.6122778040128206,-0.7409401362934644,-0.4639269941150355,-0.5350550034186383,-0.695685239596823,-0.15333791075145445,-0.6291010635601805,-0.6640184363584724,-0.25962682820398963,-0.6255749964384562,-0.24790623930454797,-0.5443550985641405,-0.24936924854958967,-0.777881782143695,-0.389040912245186
2024-06-04,-0.7610746783050292,-0.657839609376674,-0.7921278708116123,-0.6862749361285487,-0.8103953847089519,-0.8314922541874653,-0.19647360948676798,-0.900238130527215,-0.824509139359942,-0.7360242466465524,-0.5638067294193032,-0.7694164137878141,-0.879630970111875,-0.8488995935336343,-0.7791382586761975,-0.769152708802572,-0.8252181124532949,-0.8203044964255441,-0.7723204261186115,-0.8111046858792105,-0.5988529445125645,-0.7249685320078916,-0.44244480082482324,-0.7326262372715403,-0.6818734990646677,-0.7799326645350836,-0.8852386040782539,-0.8248025301052851,-0.7576633765585967,-0.7697417393319934,-0.8317674491039783,-0.5564784483833196,-0.8447166017224884,-0.8001330689727779,-0.5813909793358938,-0.794884052861604,-0.8649424977370538,-0.7361219509215973,-0.9103022259504101,-0.7756400518464716,-0.833122184732783,-0.8028489119933964,-0.6832088852449597,-0.7321630049089298,-0.881468002790834,-0.4948098060501442,-0.7198411929666853,-0.8322014504239371,-0.8512023311061901,-0.6816478947226507,-0.7658384682433395,-0.8893858797250316,-0.7840957438725042,-0.650627776749985,-0.9164682514761272,-0.5621399247240574,-0.788920849704397,-0.7225674123843611,-0.9027744932236189,-0.40178201598238145,-0.7897214605959099,-0.8889255425856413,-0.6446197015253377,-0.7876349482729752,-0.8465343079721009,-0.8382660893775371,-0.5565886240717985,-0.7330900623372624,-0.9087572690175972,-0.8257349804457704,-0.8461719232196502,-0.8742359766511901,-0.3288686420342111,-0.7204483130933284,-0.601926919143008,-0.8793900369150905,-0.6569899228447444,-0.48861775714130445,-0.5659221838823469,-0.5687510609107792,-0.6016540215897602,-0.644864257090469,-0.7524802525724603,-0.7802364805205392,-0.540653882818216,-0.6353684814006398,-0.597676222778428,-0.6504899005719722,-0.7429013423773735,-0.5900716971084881,-0.9149514280703931,-0.7191064529349642,-0.6185264635911847,-0.9453710821522785,-0.6956521739130428,-0.8817094387016259,-0.6823016702708328,-0.39400944712147146,-0.5612609432075104,-0.6829780195025817,-0.5555992694130272,-0.7224391949844284,-0.7742292529543401,-0.7588590309173827,-0.6150482090772148,-0.8435762842397047,-0.9355792977853267,-0.7829248394747779,-0.7798515257341231,-0.7508318636483252,-0.6210621717530571,-0.7785707408791376,-0.7185066575410254,-0.7987021927674891,-0.7248678156435527,-0.5171217082757681,-0.8178627723810958,-0.6748227977683893,-0.658075716246538,-0.8452408971686584,-0.8143509615617535,-0.7802811022089475,-0.8087527731018302,-0.2275383028023161,-0.849074267836711,-0.6972807310354537,-0.2631578947368441,-0.7167481107081416,-0.8886311622423085,-0.7492071193581885,-0.9784490853719268,-0.6249999999999972,-0.8357673344826564,-0.834510007867331,-0.35742547798476454,-0.4021165741809754,-0.6965623869948487,-0.9047123051849494,-0.7427988168662099,-0.7725063093120887,-0.7560377356765661,-0.6988716113297948,-0.7035907046780285,-0.7710181776463226,-0.7474691558507458,-0.7638438852204769,-0.5944044211242687,-0.8258265941580883,-0.6360734309360896,-0.4780914205190255,-0.9037943916317642,-0.7219442136955792,-0.8216482818313213,-0.7858589970622822,-0.8205128205128199,-0.8791969104411731,-0.5550169797200266,-0.6376856394551945,-0.8236616067673507,-0.5910689240111527,-0.9037858192795378,-0.8301017206959853,-0.7101878035041196,-0.5917659071721624,-0.7957388742481319,-0.6711264186685243,-0.582534944800952,-0.7623419491111189,-0.5534573609283525,-0.8561754034520652,-0.9286864717191116,-0.8627160781302647,-0.923583536748487,-0.6242073920020815,-0.8547983081689502,-0.8361606586653674,-0.4249989539403371,-0.6545163242430028,-0.8226721075095388,-0.8131826870709321,-0.663239959723827,-0.5315626660886728,-0.6078067329798413,-0.44592098414989073,-0.6524525481224261,-0.9604480888795304,-0.22396158979618858,-0.513226782341796,-0.7229191945083465,-0.6989426839286111,-0.6134831167569699,-0.5551110162596286,-0.7559641814491984,-0.815826955209467,-0.6365546705493156,-0.8957487373059131,-0.7974283168669407,-0.8499959531452639,-0.351267325862143,-0.011917539382548012,-0.7724202636600398,-0.8516655923519696,-0.769711270452458,-0.7683450330220903,-0.5032627304917205,-0.08744752287163854,-0.2932591418874568,-0.6945917149218293,-0.8121514028435506,-0.061649758254782375,-0.7694692761548994,-0.7445415079313378,-0.6821159911617248,-0.33333333333333337,-0.5086831368764128,-0.8271103446346489,-0.8025415257060485,-0.6594665833188645,-0.704729721354204,-0.6481835309994696,-0.8623783062104672,-0.9728768444486022,-0.7118973188564843,-0.6988632591680115,-0.8620207894496221,-0.8730279445731794,-0.7838917054532255,-0.6289020747642847,-0.20374564530711506,-0.7352366826829795,-0.7100882852889077,-0.8376085529937086,-0.6950391927901305,-0.36295101880775665,-0.4027245249717515,-0.40097188500940617,-0.677985026991691,-0.9383754927243417,-0.5248251209191898,-0.9171404270548519,-0.7398223142406026,-0.8362007651756266,-0.766537598063586,-0.7755370268119997,-0.8526012550147712,-0.8112381487000884,-0.8627163833706937,-0.7328774345887749,-0.8933112394715714,-0.8740449312865463,-0.6051596439923437,-0.48716920489931737,-0.7906916074220495,-0.45861213887430724,-0.4655263853584837,-0.7346725735925177,-0.7374584769123246,-0.6995553692916916,-0.755326683126313,-0.7723209096402731,-0.5000000000000221,-0.7353805657428099,-0.6808765290424027,-0.3021551635476631,-0.5825911944714645,-0.5999048257908373,-0.8483230006447133,-0.6139062593905681,-0.7278243081954775,-0.8161464044592837,-0.6955629975823586,-0.4083655042696719,-0.6398885264987599,-0.8157468729573081,-0.7457620938369339,-0.447005033303606,-0.6361075417024301,-0.39895302400079025,-0.784169356766175,-0.45318965078770357,-0.543956324644858,-0.5653392297959636,-0.3993897037092721,-0.49060498144999604,-0.8258894440972653,-0.9265035879734235,-0.6719323715915542,-0.266923445428113,-0.7879648481941359,-0.6627670083925399,-0.8374726951602202,-0.6430787063760204,-0.5286849595968584,-0.03532341929935458,-0.5605579175754795,-0.5940417220810634,-0.4933773941797807,-0.8396085588307826,-0.48993983735417795,-0.7839529003520518
2024-06-05,0.0,0.0,-0.05658586046959873,-0.14390712441245035,-0.41197452234705995,-0.07208848603556851,-0.43951717116278866,-0.06371705789740359,-0.09002240513871058,-0.08414958305643805,-0.1356604405960935,-0.2446192160741203,-0.11015879305553986,-0.021142325993433173,-0.15399614339852558,0.0,-0.44990615940173895,-0.05227147158222198,-0.3263754593840514,-0.18765099844570585,0.0,-0.11464100763323279,-0.6546587089345669,-0.27701872689903,-0.09909533783580166,-0.12534758286930764,-0.1613312004647482,-0.050041407865234575,-0.09260352210612545,0.0,0.0,-0.1639077385246545,-0.08082083629582504,-0.14007618256078908,-0.10662218077731489,-0.2246513969274584,-0.1536205549026877,-0.03970979378558476,-0.10788034450502414,-0.28132431654754764,-0.1819421300278997,-0.5126399900189903,-0.5810385809282717,-0.03739147788507321,-0.03308201625185425,-0.1463445299836901,-0.410369740150719,-0.6230816240446766,-0.08606355260762857,-0.35899463301980494,-0.335688937405954,-0.029237400622302526,-0.5048778202377866,-0.08955559061050768,-0.0577122107631282,-0.25964673318675635,-0.49274992511052684,-0.33353074678660344,-0.4012765242121982,-0.630485615592004,-0.26914715702625247,-0.06117472882805382,-0.028722246517303502,-0.3666441479327536,-0.09704942783424772,-0.11725970626634094,-0.2814963761505969,-0.18457597492251288,-0.529577113872491,-0.38962017766295687,-0.4071102528950875,-0.31340151234874586,-0.5925965414406443,-0.45473499186676997,0.0,0.0,-0.05436845447576994,-0.024781921548519603,-0.6458748377569821,-0.28237653865817486,-0.07908071550864489,-0.4211522111726556,-0.05904987169525094,-0.3137662057957404,-0.019406119211135567,-0.11365662170469681,-0.2737302239433657,-0.0777262730133714,-0.051529090143210006,0.0,-0.1134416463785853,-0.3573032653013305,-0.6570530172998312,-0.06589967639211264,-0.6568684976362048,-0.5523448895606953,-0.3369751215976967,-0.07396426368705715,-0.202633600610659,-0.1635413467762135,-0.6671124890046756,-0.02977180192786868,-0.4008176767859604,-0.5967838792677257,-0.6416723390514297,0.0,-0.5452698828559452,-0.27494599101438816,-0.08268566099656935,-0.3450684755791282,-0.11186187821275372,-0.0954936958444413,-0.513113445383299,-0.3841347725245459,-0.5029595962871448,0.0,-0.21008768281177037,-0.16554916143138546,-0.2599194096474036,-0.22374918592292922,-0.20719351314157824,-0.6410358896826902,-0.6226930149357492,-0.08879599484461367,-0.3277499867956287,-0.13261571749094164,-0.20903664539677025,-0.13650689938945293,-0.1024781944679906,-0.04542560611610997,-0.17604873671356744,0.0,-0.17726554668179137,-0.03276262402315388,-0.09899254436585546,-0.48573409422385544,-0.3333333333333358,-0.10831127814727304,-0.1606369418692548,-0.4741361631375732,-0.18703999040823288,-0.14769898070308787,-0.30166856310116674,-0.10355218606943348,-0.15261686290393112,-0.3732017719249714,-0.5630838966824353,-0.18735036217661316,-0.3527492370125077,-0.5267535611762477,-0.30961689487206634,-0.10992201925372543,-0.08930586193329297,-0.5849307586790466,-0.09373590194084741,-0.5004530342366951,-0.542078848960457,0.0,-0.06350362855314469,-0.5873065242646509,-0.32094622455471183,-0.44965125078615154,-0.10807411310383915,-0.6718871879836767,-0.10893424395579321,-0.1643355396366347,-0.6124351619517504,-0.5061003567555674,-0.12022878010363085,0.0,-0.1869029010843996,-0.06134335721180767,-0.14148317101105995,-0.6103202259549242,-0.7438096634535212,-0.5165580437434173,-0.29943835575362504,0.0,-0.6257927952417935,-0.12360467944728346,-0.3884701724301822,-0.07658042169371027,-0.4119384903999238,-0.7385496395687581,-0.4999999999999889,-0.2880296243750946,-0.10618145882037364,-0.1515397045873673,-0.047389052772526925,-0.3111625190683821,0.0,-0.34271984444426246,-0.7611788781866613,-0.4225691224665288,-0.12178499505886813,-0.34441884288229613,-0.4409605384348577,-0.6400000000000006,-0.47600172920701617,-0.4352271454181193,-0.553309106653772,-0.19771562105107743,-0.26195958338008174,-0.46761735947276956,-0.12146219067447511,-0.21345344814472134,-0.19498807378518043,0.0,-0.12545289807594867,-0.23152455653296505,-0.10290501105078505,0.0,-0.3612384892656877,-0.8055580662737738,-0.42043921933181067,-0.12977956606566932,-0.5674767984166462,-0.12587551170542938,-0.08490364089885252,-0.20570305624356963,-0.28105421129953534,-0.3363970382130753,-0.07748870747571678,-0.2038326410795779,-0.21958291880995848,-0.42857142857142616,-0.21261440261101108,-0.41462703765820474,-0.4736544003750776,-0.2914513371445936,-0.09848081059613137,-0.11532737482763938,-0.06466993317237446,-0.09643179325287418,-0.27915288599335286,0.0,0.0,0.0,-0.1742020676474531,-0.6731856880085929,-0.08616433335500125,-0.05881520049182112,-0.4202820963362471,-0.20952212237713996,-0.15249547416810338,-0.23965729151277126,-0.1490558847915413,-0.33333333333332843,-0.19372216295992525,-0.09069257108791107,-0.12369309165066768,-0.24360758143087652,-0.364916393411094,-0.1126614683934009,-0.6569486600990205,-0.5689579680266423,0.0,-0.29729569073662937,-0.6619652279864995,-0.4830277799175709,-0.7416108226991391,-0.24999999999999448,-0.03200020589577182,-0.43612285496937303,-0.06392705467274941,-0.32154477425331524,-0.16861824569633624,-0.007394659511763178,-0.15227354284204972,-0.509009291833105,-0.13775511050599912,-0.28359780923869715,0.0,-0.7300213427551087,-0.4180526135058599,-0.039319184949840734,-0.29534678966101807,-0.09299881739777388,0.0,-0.023836371399894085,-0.10094826296653621,-0.06263232610552684,-0.29008591418753693,-0.0060608827603171175,-0.40790085367563006,-0.16576668488649557,0.0,-0.5814179258615638,-0.25505002481742106,-0.683179110290827,-0.051723850045168974,-0.5971428483051588,-0.2069553310161876,-0.5689655172413807,-0.5219281684267442,-0.22505606408884415,-0.18716326193950092,-0.25831145431091024,-0.10401840353776032,-0.4128432475453299
2024-06-06,-0.19999999999999646,-0.2717929615355051,-0.38604179315307713,-0.09838014214689969,-0.7877573882406183,-0.6656509573201286,-0.2921635581575482,-0.2617992214651196,-0.7555193282444139,-0.586312403317246,-0.19960983234676388,-0.6060555957745841,-0.6144654954676965,-0.3432538321699807,-0.32571891997138724,0.0,-0.09558879747504807,-0.6296615958949708,-0.0800552532858525,-0.16216191612905073,-0.1296520992905075,-0.04015874984143262,-0.15901124300551486,-0.034768111336434204,-0.12781016507909612,-0.11307368273969316,-0.18051374569430992,-0.3408869676885484,-0.3419875919708271,-0.2559622702795104,-0.24699102125507877,-0.41443119850751003,-0.21666162200190986,-0.33613882028966263,-0.5347956005065946,-0.5940817390072515,-0.41366721610434826,-0.588028422471702,-0.2559679008819997,-0.04882780628769624,-0.29771342530171974,-0.09349628215964019,-0.2881494845019324,-0.1075015435024357,-0.06390110846264065,-0.15048149857562948,-0.09619298835164834,-0.24911296218746568,-0.3157783925119935,-0.06750453679977474,-0.18930406832308094,-0.34880250064722734,-0.6095337920746513,-0.14044394106892502,-0.2290181034176523,-0.3135629250406517,-0.1673547625443101,-0.3554349677520878,-0.12400261262779196,-0.27725405003187686,-0.06797508745730348,-0.03964727959174017,-0.04356430513555434,-0.14693644982542625,-0.3124114267329057,-0.25615145526373995,-0.16792062847459485,-0.6039228916261601,-0.022112123956645562,-0.31586144970872226,-0.05168396675073464,-0.5294178253445712,-0.25917526738144464,-0.1640138307812521,-0.15723132816247348,-0.1648500457253503,-0.5028348306312812,-0.12360180175042297,-0.40897555822796183,-0.5359822735371074,-0.36896928262431233,-0.16360328471458763,-0.21343123298094252,-0.11007090619044543,-0.20045833493533088,-0.7720407618897612,-0.05853089156437309,-0.06848662882312356,-0.237097414902798,-0.2940757899299632,-0.16803232347873115,-0.7328178887279903,-0.33347810629062613,-0.20919399118221862,-0.26232931260303427,-0.046004562804742306,-0.11596343100756024,-0.4721335054438777,-0.5870218233956758,-0.4071203113533626,-0.25396016731734694,-0.5425604320176167,-0.2607165294416257,-0.19949016304199055,-0.7677396202266642,-0.016181036031173775,-0.07001935696147497,-0.10530556197813035,-0.15066871011729602,-0.2409921299797852,-0.5187396184764275,-0.2298890877082377,-0.19474060492526427,-0.09426331115669973,-0.12398320074975644,-0.1915011148528127,-0.6837062567969228,-0.22721952353272717,-0.20799899622601012,-0.16959571032911666,-0.3098838394828239,-0.2969699270407997,-0.38363555553814893,-0.5606559849497689,-0.2870031369166527,-0.24589813462273705,-0.6287057287425106,-0.5307790971186578,-0.09490574509110741,-0.4852733725512421,0.0,-0.19594255903440727,-0.4101896294901768,-0.30658067743729805,-0.539015100200343,-0.11703879779730865,-0.5063612413027374,-0.22431273930067036,-0.517328276526824,-0.4310377334407937,-0.048749809540548965,-0.39048257068777104,-0.09262080895832607,-0.5714285714285732,-0.4162682275956743,-0.09216754091234033,-0.2981317703218795,-0.23371455613609712,-0.7763329410897807,-0.2309546712755353,-0.07822658448124678,-0.3162954078075039,-0.5076396073599079,-0.1548248504828851,-0.12160228332530232,-0.14160249345057943,-0.2893207783552474,-0.34857474279052375,-0.24539789980858767,-0.6835287781657852,-0.14787038169425681,-0.6384278733784692,-0.5600633490182741,-0.08610162542744369,-0.6832280103853181,-0.2804536607465464,-0.4912976699269609,-0.16847473245758415,-0.6867590901394918,-0.1992125970018213,-0.41672774062677215,-0.0774182056199748,-0.10689310019164146,-0.19973124058629843,-0.5420048490452589,-0.7216606975645631,-0.5360425691591798,-0.3093742789111744,-0.40520833311473275,-0.4472855976651662,-0.2608695652173853,-0.4891739940430048,-0.37410697443937585,-0.42547848308610003,-0.3016543001902387,0.0,-0.6742177212938061,-0.6837592593640219,-0.715736316750894,-0.4364575881686294,0.0,-0.7349574471118095,-0.2777777777777723,-0.49301686951436463,-0.6934219488833153,-0.07066295389828779,-0.20344885957077533,-0.09132431624305927,0.0,-0.595268157408666,-0.7073799213436702,-0.28201550121433105,-0.23406868148082005,-0.791674623597386,-0.40434494772510005,-0.2279202275003791,-0.49128941196549625,-0.4418813345338075,-0.15031824210013311,-0.6028462971132474,-0.5954580563384484,-0.22331528760323374,-0.24782180512379803,-0.33333333333332343,-0.09095969912441625,-0.2596327886510335,-0.14485791199851802,-0.2290288512691653,-0.23772552188624935,-0.09162719685320439,-0.6019568307274464,-0.24999999999999445,-0.5489360484581935,-0.14544389075710643,-0.164819517579785,-0.2573886537120388,0.0,-0.15854731422737864,-0.2937193042970553,-0.3400671224107351,-0.2545206784587705,-0.12617480376711615,-0.13035776355981094,-0.1044202924768101,0.0,-0.3007339912114463,-0.6092709414233722,-0.546000042631811,-0.24398608624879983,-0.2956186450533996,-0.5343767542074963,-0.25494505878347845,-0.60114787199601,-0.257961147611923,-0.35114006418044347,-0.6529513062444093,-0.11895357132675302,0.0,-0.3833538958703858,-0.10134416648347465,-0.10565970335368859,-0.10493179856420967,0.0,-0.5722002936476142,-0.5276958936233956,0.0,0.0,-0.1776543946830398,-0.5594409859896298,-0.15151515151515363,-0.32960481008850384,-0.12624006964956905,0.0,-0.11111111111110893,-0.1672243447829013,-0.6234350508825572,-0.11069194036972121,-0.1656397001322169,-0.13800180519385838,-0.447286728166717,-0.687458663268516,-0.38940809373046653,-0.23542714340935345,-0.14437694406351773,-0.18002291700902617,-0.01149008512153063,-0.12786754633972885,-0.4850786974488518,-0.20503793059995296,-0.09414354118848482,-0.4647618805126435,-0.14263133839635145,-0.4396728126404709,-0.05607495973693318,-0.12206676552637134,-0.13482685078423753,-0.31095801348321817,-0.11867335867212146,-0.2684511564167096,-0.25651497256111355,-0.30752903669652243,-0.3363630703272341,-0.0899605361865947,-0.4310751268273522,-0.05147839526965283,-0.3176408011082531,-0.03675654180013096,-0.09400745470207036,-0.47748349655779543,-0.2468046562929347
2024-06-07,-0.8071299886514035,-0.573913863842359,-0.29138300462263556,-0.6571733141286048,-0.4666666666666643,-0.5866341077835133,-0.9779258149649578,-0.219402694902697,-0.8358942820262832,-0.7660619632809361,-0.24714831551488003,-0.4218797270338834,-0.3145265820492502,-0.14481566400676102,-0.15435595415424586,-0.6249999999999971,-0.4010924523486302,-0.3926803345445721,-0.31080727045525236,-0.5583445293227052,-0.8265337923485948,-0.4497241750484431,-0.5836524471324902,-0.5975027129692184,-0.01432480018148461,-0.44697273544519867,-0.8238448256395604,-0.1345364522838261,-0.4569874438951348,-0.5150944115053784,-0.5880357139293818,-0.611488594801132,-0.09334579223178084,-0.2944806511115134,-0.8026022413927304,-0.46222587344736,-0.8025765378462221,-0.4097653118011958,-0.3497626048533563,-0.31067470827508253,-0.7167922287778784,-0.17897137488515907,-0.265583890921325,-0.36056904062467,-0.2415545913258579,-0.3996599292077877,-0.5424792175400089,-0.05030506211399734,-0.4652370831357695,-0.4105192473244739,-0.3178425103374732,-0.14907662405845173,-0.6315407340480783,-0.09716694673687172,-0.16092104501216759,-0.4172396044948859,-0.6470828561209898,-0.3219393185889306,-0.055530853770245976,-0.40740740740740417,-0.7036163323315135,-0.2956382292097405,-0.16244758788732463,-0.31944266402151433,-0.1933045152578999,-0.8136264490119028,-0.3920364196477442,-0.2694840570580352,-0.43333333333332896,-0.1317358145228358,-0.2276765548595473,-0.5502330182101257,-0.8556003277203988,-0.3146054376685922,-0.24454160397565486,-0.1469220885398792,-0.2427118417167173,-0.34502409369862697,-0.2516901129723863,-0.7721396728934327,-0.14359189149227158,-0.421350508393215,-0.5186022883226201,-0.5294533332939976,-0.03893954060985663,-0.10770085729765357,-0.22685765057344984,-0.12076652130683876,-0.2788791928297549,-0.09033503445664462,-0.7961961757598851,-0.1371930742094737,-0.22803694966236498,-0.5579343875588836,-0.4222168850507407,-0.1763232169195465,-0.7052170538810899,-0.2976344985650647,-0.222469032296489,-0.2470872620464628,-0.7621253568007498,-0.4361597817397067,-0.714152322705586,-0.2847071634213281,-0.09255018436271871,-0.2634447335487074,-0.16698546432796887,-0.43103019649731605,-0.12741535878671825,-0.1616529641387991,-0.6548066168216921,-0.5833595205225991,-0.31496426193111404,-0.6147969334151928,-0.90340545901863,-0.9013965850376444,-0.6945692154274057,-0.8321913611224478,-0.9491202312694486,-0.8601924243287958,-0.3780534093120515,-0.6629489792796096,-0.838190596078299,-0.28598547013717734,-0.44824309280455904,-0.47119920417049377,-0.20123992180370376,-0.5716858263284699,-0.9000000000000018,-0.5607615517511283,-0.967605356630992,-0.6257618621440536,-0.22134167673559893,-0.489359489825321,-0.31429018708685225,-0.5837143037747716,-0.123429668193408,-0.6050952545686463,-0.42963096867934286,-0.8993459762526952,-0.3133103780727109,-0.4883720930232581,-0.9106004927312742,-0.6754384757923872,-0.35664936097288147,0.0,-0.23469613566842995,-0.8630943425187757,-0.35498689889218654,-0.4678834577584976,-0.3750154256233029,-0.3243370272409293,-0.2736658781704197,-0.019237770237717233,-0.38161676664383865,-0.1866051653324774,-0.8286411409299302,-0.7853157328816996,-0.006795231829847345,-0.5058544680421849,-0.41585291915229416,-0.40223144549673373,-0.6338539859277057,-0.4095054717606973,-0.6353245932899045,-0.5503047246760325,-0.5336857805779726,-0.8767051034003597,-0.6694620344245661,-0.3042983916509419,-0.3119561460228348,-0.30019031404731705,-0.6443743065209413,-0.41282974214449364,-0.7502865238491919,-0.7960352207415711,-0.14558560646944246,-0.5426464052666099,-0.5290575487036312,-0.24489499322489702,-0.7665558768654859,-0.25084263937348517,-0.27616762703376335,-0.825613543671293,-0.777947371749516,-0.5330045256827574,-0.7312509493104988,-0.7849741320858838,-0.6435665303807193,-0.6950480045395064,-0.7185136184071214,-0.309383387283746,-0.49594989068674783,-0.8550029278100743,-0.6977508130652951,-0.29623947152833074,-0.37549145867821776,-0.6691588058976612,-0.3140945156149556,-0.559340839447911,-0.08304636090227072,-0.2979919750927584,-0.7204681558380261,-0.37378331693228306,-0.3397225751772299,-0.34294993612621555,-0.8206430362689046,-0.6590214876264706,-0.9469179105874891,-0.4536952014081738,-0.7929540034087341,-0.4311130056702688,-0.7817150587795115,-0.7813961632259444,-0.16281440494679594,-0.5612180893145945,-0.8393764008457109,-0.47654462298959194,-0.5204689127510762,-0.6333072402540421,-0.5,-0.9468208759216513,-0.58054445796045,-0.2838025032068808,-0.7499413282295041,-0.6084025524143984,-0.6666666666666667,-0.4439553272927191,-0.1648474717777281,-0.9419890133170177,-0.4911506662274149,-0.6999999999999991,-0.5066552896363535,-0.5165419338386696,-0.5291726524174051,-0.9181198159390731,-0.8641713056059309,-0.7413498083014242,-0.621208758272999,-0.7788235104023672,-0.8536142827579526,-0.2911901147006708,-0.8336562781457675,-0.715602256395257,-0.7730987116994019,-0.42362569181767395,-0.07878441864105104,-0.48853259828074425,-0.7453408579076862,-0.32798291179996986,-0.7778045194885193,-0.7256084930914275,-0.43072267442579487,-0.44309952197115143,-0.8028997993717504,-0.4542350275946569,-0.9663330719408951,-0.8297480597267379,-0.9324579616007134,-0.8055732053571446,-0.914763957818312,-0.49025371049520766,-0.5275209600256338,-0.4565216303349184,-0.2630010516719034,-0.13776378692015875,-0.36329703440040323,-0.07395823493687974,-0.20160526709850304,-0.034806265492198625,-0.10836699350012208,-0.7038214774518563,-0.22748299681671913,-0.33081553174013995,-0.14499263664435305,-0.4421628867729893,-0.39463841864285104,-0.24721104276492664,-0.04846084492774329,-0.36793235169810373,-0.6875259389763764,-0.2929721569583888,-0.3347868938184711,-0.3641812821599439,-0.5490557275539036,-0.1991200986531789,-0.3272245671908702,-0.5597366723665301,-0.23329935928687767,-0.11239800091446187,-0.2232394162462741,-0.6934127232146433,-0.7577479592798145,-0.42767496197962324,-0.07414859297188166,-0.22698023591550526,-0.1278574211794338,-0.3398429578948559,-0.4706558598892476,-0.5723324680993801
2024-06-11,-0.36578520131801456,-0.31650478747507366,-0.8294781628548205,-0.310762172837306,-0.7605328366388451,-0.46695292338099176,0.0,-0.7858992960080345,-0.3400616497986933,-0.3627800685666826,-0.33044186366443135,-0.6973101944268841,-0.8110150155882341,-0.23485098298715656,-0.5595699433645318,-0.7512344724121065,-0.7838104331023349,-0.4242825805901261,-0.8797493744325373,-0.027695459466653354,-0.6073169866433585,-0.8127661686408378,-0.7200255120966458,-0.39360524771565597,-0.26715589972932796,-0.8024581052520164,-0.19082850738639248,-0.15670183902481952,-0.871207150168005,-0.2101892787732084,-0.7650031517268391,-0.9008667397806571,-0.8770202385318101,-0.775388468294403,-0.2481581783620784,-0.5928649916986037,-0.3161235391787062,-0.5436802847580898,-0.5699031356431539,-0.6843631744234494,-0.5894249156784975,-0.6469351744449573,-0.6023562187831771,-0.937363665524051,-0.7473942103836507,-0.11100134757203928,-0.702102268643487,-0.7118723232807257,-0.3251501960134779,-0.8063076510368885,-0.9142523275011765,-0.7723787422794153,-0.6446518870157579,-0.5008353864031805,-0.50778004999804,-0.5741673209483763,-0.33344127279606106,-0.5582873186170502,-0.8425127069403304,-0.8727418430694555,-0.6849199683524516,-0.6656236964914042,-0.26321128775837505,-0.7498521637369343,-0.2991890315024492,-0.7060980061951091,-0.7163668739738237,-0.5596181290021901,-0.7688250737083955,-0.7079058512432135,-0.9358863413404713,-0.36295176307335597,-0.24198560074039496,-0.7629943374967023,-0.8769176051192684,-0.7076366004769357,-0.7950929003466957,-0.5451073364001466,-0.842974096566042,-0.456121649076826,-0.5807150313061766,-0.7580181709213265,-0.7496000204701819,-0.40669377387560895,-0.8172698226180575,-0.7260904585868438,-0.7758232305998527,-0.769614932887928,-0.6992207898253218,-0.37907241856962604,-0.8742704942848802,-0.7446433310364668,-0.8658393887001641,-0.9125867511639946,-0.7272590193369597,-0.9063503962928227,-0.7146146234521289,-0.760375778195093,-0.2833822661681682,-0.11885705250728437,-0.1546877186432659,-0.5663606010631383,-0.6538443068351734,-0.8199445178326336,-0.7387613114637971,-0.7670526096809014,-0.739447121079779,-0.5555347123237198,-0.8079440357940038,-0.8702467983759751,-0.7663107193921588,-0.562260020095113,-0.4695408010185898,-0.1795404015407124,-0.6872720161996121,0.0,-0.3214676843650099,0.0,-0.13346582797222525,-0.10972765842002905,0.0,-0.4335666678818302,-0.4360134263982994,-0.11681021290109389,-0.5699474236785524,-0.29512469756754495,-0.45249913870630143,-0.30058017457071223,-0.18518509366235575,-0.11114564853438157,0.0,-0.5752917265573827,-0.8565304731135522,-0.5294117647058817,-0.7931034482758611,-0.9129556620119081,-0.6666666666666667,-0.2656276672031571,-0.29985901331597425,-0.7230566445899499,-0.5963576598980949,-0.44525859430690756,-0.680150919238682,-0.5999999999999983,-0.26205337325752176,-0.8440485436468467,-0.7773052905646004,-0.08029091890892485,-0.6993949439388537,-0.72488063701925,-0.8779964973108336,-0.27153074251772097,-0.7671406891528131,-0.5416258326966124,-0.8361981415738792,-0.75333011957581,-0.7750122836571911,-0.20602366568292305,-0.05858490722867433,-0.5773540738733067,-0.7135643338426615,-0.7695576593597733,-0.14743183784997946,-0.8041007285361416,-0.34703779969217474,-0.423802972238132,-0.6949830982595032,-0.530512816503315,-0.655092406893436,-0.8703561653422935,-0.44596614464568096,-0.8484172659504634,-0.49228706978560266,-0.7383042941552023,-0.3601676978011447,-0.7633306007798678,-0.22225326762858624,-0.6022476030293952,-0.7771822184152646,-0.6040576629012598,-0.297692817307565,-0.2009889165837017,-0.8966649959948773,-0.46758416328561175,-0.3671055460480717,-0.36878123249401323,-0.0582935231441444,-0.22460536248338966,-0.3988668862338775,-0.48607392749053874,-0.5152840493839995,-0.7597275160664477,-0.14840878385000733,0.0,0.0,-0.6467414647356633,-0.5316698328881205,-0.8142299231227607,-0.40770856867077443,-0.25409204462455326,-0.46666762250685906,-0.6533515166740257,-0.0938443051036665,-0.17864218507867274,-0.13066548333152642,-0.35081057092828266,0.0,-0.2496255994230412,-0.2984492020062188,-0.43701022711613763,-0.08330965702430358,-0.5328909407728026,-0.4030588511731679,-0.09272278651110435,-0.3935725545369044,-0.12990136937943908,-0.20638153376568705,-0.14844538582092798,-0.7772950475670289,-0.4904764695525611,-0.0480434621413837,0.0,-0.4180836219133001,-0.5923710219451868,-0.6143547046066661,-0.8378987498457784,-0.1570375862173645,-0.4805684506800391,-0.8348507418688069,0.0,-0.18075667402019047,-0.2959147225955696,-0.35430704626321796,-0.7873627354826247,-0.7357325370370275,-0.06385075002034035,-0.1594811578665692,-0.1456837732676015,-0.3944337189022359,-0.14710959812636132,-0.34355521341267803,-0.21417430609810637,0.0,0.0,-0.08381431342190163,-0.13813103726460058,-0.7007160536890038,0.0,-0.41219202733407284,-0.771725870137008,-0.27804111897793876,-0.571532431674536,-0.19997122451981267,-0.32867600040999295,-0.5163871721064004,-0.6274071572585752,0.0,0.0,0.0,-0.3146980881342832,0.0,-0.16809260396952186,-0.6338363531771296,-0.04737703915230702,-0.8035439687733821,-0.5001780845170748,-0.9333346418841432,-0.8925859250901615,-0.5793752825543277,-0.7667409543929793,-0.5641451148073143,-0.8177316292068563,-0.6465413346677015,-0.3609366341794091,-0.9473277656213767,-0.619144916415246,-0.8092072467493768,-0.7063112064777478,-0.2596366049592155,-0.8084995447162144,-0.34581635278146283,-0.8106344206359698,-0.34470569547869806,-0.7643805376635493,-0.7969662379712625,-0.521785911703051,-0.774850389485315,-0.8478750414330052,-0.8415378487663128,-0.7498290610989831,-0.42528653329100535,-0.43567220567324033,-0.8122099857832011,-0.8881557846905365,-0.7315996631357142,-0.8330364799257505,-0.7657308489578455,-0.8377630106123125,-0.8250854211445701,-0.7993754751083632
2024-06-12,-0.7586838891492329,-0.20903081714311236,-0.7452862900175176,-0.18160515055752988,0.0,-0.6963247874374712,-0.40911124335903354,-0.780570773214024,-0.5080013095579208,-0.7590854317067915,-0.5006104913185341,-0.6902032469709395,0.0,-0.19769680071053986,-0.42181110026452023,-0.7499999999999833,-0.7491045430068636,-0.7845679687403753,-0.7635020614136181,-0.864628570160241,-0.11808831708979871,-0.3221145830029941,0.0,-0.6833340982566325,-0.7157566650992561,-0.6383843022279658,-0.3374132520924439,-0.15462519465512167,-0.1022041264329626,-0.32232407995531215,-0.7543380705152205,-0.4060167775649148,-0.2479531589519253,-0.4891916166123382,-0.7835718619194073,-0.2025797042552324,-0.7288132114668752,-0.20234029292301509,-0.6438857966929672,-0.2659150700010513,-0.22222222222221782,-0.1901868664033348,-0.5775889010545712,-0.7538880165459836,-0.8153188152529104,-0.5037726653512465,-0.12102080062130137,-0.22461877343922848,-0.3165437503583397,-0.6576993022220454,-0.4803768630989905,-0.19560476932932142,-0.09530914054146983,-0.5274841713863744,-0.4683019090082899,-0.2356724779603689,-0.4967727013172384,-0.2324725885964937,-0.18764493300402835,-0.038231880746455164,-0.45255453042993904,-0.9768314051800231,-0.7062591656827035,-0.2908131552143087,-0.731023251678974,-0.5474413123779406,-0.20897710556281357,-0.6967154811228695,-0.8676553297665037,-0.6560269321834123,-0.5055037132564042,-0.20017175439149398,-0.8233063649879959,-0.9143967880202409,-0.6342095265988071,-0.061257951267596034,-0.33680756611522294,-0.7793267039611069,-0.13883623263404232,-0.7329074838694972,-0.5391759244709925,-0.36418736464210627,-0.7018030467414371,-0.42243163897495156,-0.45408605631115295,-0.17976496381060278,-0.45546658189880185,-0.37625438924529714,-0.42460151917500527,-0.5036608705031892,-0.6993233280685665,-0.5446062923097977,-0.029002831941415428,-0.6740098396331301,-0.026595945591667905,-0.7829562967575133,-0.04390268854576305,-0.03704435074068881,-0.3113539650677692,-0.5551814809520076,-0.13390420280458304,-0.02834081523255176,-0.44036949728062047,-0.5262074900448286,-0.0052235286682636205,-0.33408523657154116,-0.6553219572645057,-0.21515967292363758,-0.16646768427254538,-0.5699148878195309,-0.0943995174561529,-0.19421009036660666,-0.35413824619620776,-0.5518721274125254,0.0,-0.5,-0.7888839179248309,-0.8243427980061618,-0.8333333333333295,-0.7569659492012913,-0.7576158441104216,-0.8080062357443032,-0.8025296173276674,-0.7922099199308729,-0.4873317400717182,-0.09165751516820626,-0.743893501368912,-0.3550908932522236,-0.8341806206597595,-0.24964701854936552,-0.45072237341796967,-0.39999999999999286,-0.39534883720930325,-0.8246468802246897,-0.7870583950851933,-0.34402058654309026,-0.48753180020094006,-0.47366521269483913,-0.7389030574489545,-0.7086499832738149,-0.354980419857398,-0.67916482676361,-0.4853928764522478,-0.42291753118633996,-0.7449172968236177,-0.24957077834975566,-0.35572988887897633,-0.4525352130061311,-0.36299583692578247,-0.6853546046751877,-0.6061862320154534,-0.38666437685838395,-0.46462730567805793,0.0,-0.6027472481500937,-0.33821332723074155,-0.6739555563792505,0.0,-0.08355201239958597,-0.741729657414032,-0.25,-0.10125663752335981,-0.5901141661534339,-0.04488977558436217,-0.7124242234480951,-0.4119039307507728,-0.4097124547082971,-0.7736396020340347,-0.3751283591459742,-0.8465140835247666,-0.8271394423509189,-0.06882139757629456,-0.6008242198612728,-0.165351033170139,-0.801321500380289,-0.7776340057307909,-0.18945719055307525,0.0,-0.597087482092388,-0.829615371633112,-0.8245827865055358,-0.8121220098002864,-0.16006722795165065,-0.720671178686797,0.0,-0.20000000000001422,-0.5627892543733867,-0.7379156458622967,-0.7223265410902788,-0.7864655057721516,-0.3375367270207696,-0.25281591574189216,-0.20358928378570124,-0.8610653667170116,-0.7953563361229086,-0.8636363636363577,-0.38655204929100623,-0.6822560362015517,-0.3520919440047592,-0.7583066884444997,-0.8000811922136121,-0.5138302643509294,-0.6201513340719853,-0.05320411518351243,-0.237869136008739,-0.2948903340812585,-0.7859898389187606,-0.8362225730789083,-0.5055227740787998,-0.7003791611404833,-0.7947229735746917,-0.5513017045615624,-0.7059218052328571,-0.809661723684211,-0.07800166063473939,-0.46652986998184975,-0.881153280944937,-0.42426457033798487,-0.27443822891745384,0.0,-0.9088324532953173,-0.46115102816836423,-0.7032684020814595,-0.2857042834402514,-0.5701844761929626,-0.8545191089457148,-0.8000000000000035,-0.24902970689732437,-0.17108126892637548,-0.5208739750436164,-0.7298398910022811,-0.6249999999999972,-0.6666666666666601,-0.3971258335790039,-0.2375871509761771,-0.635818324311999,-0.8068965108983086,-0.8712918935298312,-0.567756163477314,-0.2400670553593175,-0.9611590546491028,-0.7208664590758435,-0.3999999999999929,-0.6096151886357153,-0.8615685328944902,-0.8683073804477647,-0.3104784806273281,-0.3492794445067757,-0.7951961121592317,-0.5123339823195383,-0.5901608927054797,-0.6372230221282104,-0.676003285730393,-0.7031707000786757,-0.7771915746110887,-0.7934800899690522,-0.8139369467509546,-0.8114728402581797,-0.8765090142584546,-0.8204834844410264,-0.39674605213099035,-0.6908437205956296,-0.40000000000000235,-0.4446861077839114,-0.5517170361126708,-0.8167094266152862,-0.5791473455251233,-0.33354118547802786,-0.45439050265091274,-0.5157879580241056,-0.2766702771964875,-0.3582412944534754,-0.5678259828652316,-0.26097219808714023,-0.5955635294976844,-0.9357513436262161,-0.3426672789991473,-0.6697247706422034,-0.4061350119902234,-0.12913686302025823,-0.6061029646021224,-0.21090669300271103,-0.7410362807140495,-0.23792809782381677,-0.19227914285324396,-0.42381839125192944,-0.30285968287733306,-0.5708275738256768,-0.158516952019183,-0.2349528356555285,-0.6497582511026352,-0.5581691091847619,-0.42371505086316025,-0.059495098216739165,-0.2856687017447746,-0.4818554246611482,-0.29037652744694376,-0.35857143037466493,-0.6899860954268744,-0.30339327782236875
2024-06-13,0.0,-0.12058325691672195,-0.4518502132500493,-0.16677439093143528,-0.09027407637978657,-0.15692594460002973,-0.4888645893911003,-0.10405066118532894,-0.16174650463071702,-0.26730496253860736,-0.18777887742316293,-0.2132360842309116,-0.04329891968050814,-0.13460297292839152,-0.6350805395723031,-0.7122593776493468,-0.4058727805900451,-0.038820645403815544,-0.3704029583016507,-0.5660723023087,-0.4672071595210107,-0.8488591057749441,-0.9197240150975375,-0.4036337474947922,-0.23679612600933234,-0.1392113336599141,-0.4444444444444357,-0.03704965142678391,-0.03414523851540939,-0.29718926387580896,-0.6863445478243902,-0.8067784648406089,-0.12481759227460386,-0.3940312603050329,-0.28517828345157614,-0.34022571994286666,-0.3946866738157808,-0.28473875905927815,-0.15848890200286356,-0.028588498597173564,-0.21004827117288924,-0.16396385595783786,-0.7279097458045324,-0.08848690431674829,-0.05205101144334399,-0.25102326935095376,-0.8678137542220071,-0.618746178005095,-0.20827475159663358,-0.7414567400281846,-0.1903822513328531,-0.1800982342950998,-0.8221327794587096,-0.058771073079869986,-0.7466883813771301,-0.6155403425582388,-0.22105773108654558,-0.21806764669938786,-0.14727248835264461,-0.6598192789818499,-0.05925746521614005,-0.10647457947135035,-0.008978291937923454,-0.15783233779177577,-0.13234108356064894,-0.2526862217399988,-0.44140167203339115,-0.12102715938374477,-0.05915889789241282,-0.19605238821262602,-0.12372657062457618,-0.2567816400380638,-0.5813164656871241,-0.10720457210754625,-0.12487511550811194,-0.524776254576096,-0.5516252603908903,-0.45788836364542423,-0.12766560025079585,-0.6187514196980439,-0.09817485724809615,-0.05969971272118049,-0.40092899457420295,-0.2510288051933883,-0.10611389755759283,-0.6599351876722552,-0.5954310566680375,-0.04052862876427517,-0.5111175066245293,-0.5304767969887405,-0.6134314936886855,-0.2894258648876161,-0.6363998194178923,-0.2615346300881221,-0.23346052558822528,-0.2954545454545504,-0.23455585747056923,-0.013534878430431682,-0.2686277951124955,-0.5758145807732288,-0.1569866117266816,-0.012884869524631078,-0.5675631756352424,-0.3380376616086709,-0.3213933240792172,-0.13542029463781788,-0.4705000736848866,-0.20000099788088077,-0.4992790840964748,-0.4865468382864281,-0.19932408675071894,-0.13285682415838168,-0.42750729055009995,-0.356976537344954,-0.21318085814089696,-0.2681086014546274,-0.6261556552846748,-0.11625428212181009,-0.2080852169992514,-0.26360847360224077,-0.08288334793003524,-0.7982752915504173,-0.45545110063253424,-0.17924503188190202,-0.6901824233586554,-0.3791253728182367,-0.13708202205120823,-0.21184954256930746,-0.08433372202853175,-0.16612191563449127,-0.5932584954382427,-0.2979644205504273,-0.4106227587247599,-0.13367236780595007,-0.7074117891482694,-0.32407063954164816,-0.7459197775658998,-0.12196820263212677,-0.6547012221250371,-0.17356635913615887,-0.392718129242038,-0.20465452380338492,-0.04788435061818142,-0.3612512425740785,-0.5188636165411717,-0.591694452596061,-0.43243198338200084,-0.15587698448687795,-0.17376466201461063,-0.45098147331856275,-0.7929696638206148,-0.6733019534840318,-0.40407201420104377,-0.015398844481150505,-0.2888567766647467,-0.24331946754529135,-0.6205458399585992,-0.77117266297816,-0.08398622095460402,-0.6321076938090099,-0.2033216130174447,-0.08349039549890983,-0.10720462831348465,-0.47005370153594334,-0.35208384615948796,-0.12339756358166304,-0.25842696464988807,-0.5533059667505764,-0.33496441022161866,-0.09291380779792872,0.0,-0.5191117235169026,-0.1409954204142743,-0.5858774500034235,-0.3250418749936951,-0.8016363289595185,-0.28088317804657553,-0.569175432732086,-0.9224411720019927,-0.12038387929373674,-0.5292174326169583,-0.2675650474385094,-0.5883201056740964,-0.7498248653513765,-0.927417660108255,-0.2607188679816248,0.0,-0.17785286391099472,-0.24963319678215434,-0.8951659091349925,-0.25796114761192296,-0.6215851853156221,-0.28673178570126956,-0.28969908167578506,-0.13401699295154665,-0.1251748469158447,-0.6914674913713421,-0.5556455032064094,-0.4711013151256317,-0.5016474073363996,-0.8480158069937459,-0.8666666666666664,-0.5454545454545403,-0.4997659220709399,-0.18429001710240717,-0.16759510133754324,-0.33628839757796786,-0.19065340148647336,-0.5249218326620522,-0.5418997093524739,-0.1590291866989238,-0.20946206673594522,-0.6807741016938619,-0.8145400657857146,-0.24208450571835993,-0.4413003877160852,-0.08879798430525825,-0.48967614941634596,-0.10449800243287871,-0.3430982975142425,-0.19051606064005777,-0.7781433998677125,-0.2916586851740899,-0.5968051190873481,-0.06735276819125822,-0.4564115940018001,-0.1548353304134797,-0.5532899912249116,-0.638198723536117,-0.34381469728450453,-0.11628300532227308,-0.21399469993130943,-0.06573379915471209,-0.6392809129333826,-0.583821294222251,-0.44801897989637,-0.9827887074780053,-0.5833333333333277,-0.5347533346638057,-0.5094004961708176,-0.17343300007521784,-0.314126997704044,-0.6731391100047098,0.0,-0.1977017285760274,-0.30925960576763795,-0.5653602884688509,-0.26207509347964825,-0.4295365784446692,-0.4000000000000041,-0.5678566216836076,-0.28446225308578144,-0.21312905832657725,-0.4390243902439016,-0.46567017862599486,-0.44818343506364444,-0.18180860690116946,-0.5207384880173025,-0.6620176843513355,-0.3453179893894546,-0.9558569284179409,-0.3692327783406468,-0.6768977983108196,-0.2785664953594691,-0.4588833886037391,-0.6429511825160356,-0.3180863848093705,-0.09875755127195877,-0.49311980628735747,-0.7476346765524514,-0.4729863698628264,-0.6409514877292235,-0.09357124430533405,-0.42371349409296494,-0.11488095779160176,-0.13474444944372316,-0.11789434230657833,-0.07170499745803953,0.0,-0.36047117696134,-0.31898144585051313,-0.7145025255529283,-0.6405822993494835,-0.630459090569864,-0.347322421854546,-0.27143455899722607,-0.5388788516854252,-0.6220837690836097,-0.7429288353011052,-0.25818650483144107,-0.5913053719920599,-0.30454386519171117,-0.3183994614990558,-0.15956206809739165,-0.6935105453477015,-0.9192172579806376,-0.5764389555477397,-0.5704102728680353,-0.5676754224829355,-0.05732146036711962
2024-06-14,-0.7800701875140768,-0.5190084725849623,-0.5377859381394701,-0.7499999999999999,-0.6107311954906475,-0.4941548130582284,-0.8766445921975324,-0.7256070634215733,-0.7934770884229174,-0.620591586066846,-0.5236179798139364,-0.22625714995161686,-0.8882995875647794,-0.8334006430887232,-0.6492575216524368,-0.6603639072661497,-0.8818840106411796,-0.8971436175622449,-0.09713034510796835,-0.31922575106912315,-0.9400657267219702,-0.2794321709592013,-0.33583594899491803,-0.5698778358256987,-0.7990764777963411,-0.5893769245312397,-0.6402869514515629,-0.9413923206930314,-0.4356338386142548,-0.45478767355213534,-0.8643992980870517,-0.07199461139523118,-0.7004060796603506,-0.7342746243792769,-0.12857336533183625,-0.584832707735794,-0.10697671424064313,-0.6654590059746721,-0.26386530802396785,-0.5088389088225028,-0.48011294655267517,-0.8185934265240359,-0.19122167966363018,-0.8903086871853955,-0.600103684688674,-0.6955388127252288,-0.8297232638142523,-0.7468120680616945,-0.7978760809710769,-0.8622340036554317,-0.8136617799284119,-0.7390517389449343,-0.7738668382825244,-0.6791432039010566,-0.9409398699787833,-0.977916952313266,-0.7354472698787707,-0.16008109245553062,-0.7408811972866265,-0.7211101853160838,-0.4417395458885138,-0.7508785301373581,-0.8198702352576316,-0.656012692428871,-0.8269990066742348,-0.5572398568017805,-0.8540856521222367,-0.3845248453789658,-0.21700192116412972,-0.5283027469005842,-0.8690002796482653,-0.858100618504359,0.0,-0.5840153524844676,-0.48169722755837907,-0.6786383632130742,-0.637244777799989,-0.7967852271781692,-0.6384487513241472,-0.33823375326822214,-0.739736633779342,-0.7797734441459802,-0.6594585280797953,-0.751788594063639,-0.23732340063519813,-0.6966582411918358,-0.3266275702613684,-0.6658335192390661,-0.3148134092271919,-0.5232010702291334,-0.8860861595959745,-0.7455516998425621,-0.8656820855845944,-0.7719695130465313,-0.6595113441411984,-0.9570561800386068,-0.488486786702084,-0.6417927159631178,-0.912093947313169,-0.7388635544825134,-0.9200434839087326,-0.8148996394548786,-0.11394626154333129,-0.3814279756062104,-0.9590624317860359,-0.7081997392290142,-0.33770165746618,-0.6308306702575721,-0.36320814810052576,-0.2948819442192172,-0.7584538520266279,-0.9081785757136792,-0.8162273666122336,-0.7702659996149677,-0.7597692771253634,-0.48276028935641924,-0.09747939902748899,-0.6221172669948811,-0.5999999999999982,-0.16666666666666297,-0.8447731058979733,-0.2783845403083962,-0.25759482381547233,-0.8608645947883331,-0.7081281155849695,-0.6786619418073316,-0.7183785896261154,-0.7110841171586815,-0.17578419492601044,-0.5368657622125327,-0.9041253315316602,-0.9024820813235581,-0.6370160601357383,-0.7001431982210525,-0.7636185785946004,-0.6854115836252296,-0.8250838137523286,-0.9641151632616951,-0.3725642219152145,-0.7151766528770369,-0.6180973186597108,-0.25515729220695466,-0.8056162817101581,-0.7479349139837677,-0.8852272323395936,-0.8039215686274488,-0.7474854154865096,-0.7842972143817786,-0.6059141306060107,-0.6345216524012834,-0.816269259560484,-0.5682094389120221,-0.8856948969050802,-0.7526455015228927,-0.9857754808410667,0.0,-0.7066354251345695,-0.6196051503637009,-0.7940229885057463,-0.36963969188638557,-0.8670161597903556,-0.6170693861932343,-0.7552500575429696,-0.7534403611943626,-0.7697537391939504,-0.3988778401929686,-0.8270074795691558,-0.6584048491335206,-0.7683004744708931,-0.40043006787523866,-0.8316607968991288,-0.8133571644093813,-0.8789823495827342,-0.3613036941687609,-0.2962010273560933,-0.6415478916865357,-0.7710032140733588,-0.5726328635425973,-0.5505932378728413,-0.3546769880934538,-0.3213257835510324,-0.8086965488660133,-0.843591473848069,-0.18664557461894976,-0.9581649800022025,-0.7662734853800613,-0.8780469222592144,-0.818315961865026,-0.20026063552029072,-0.6271692759772625,-0.7946389406231624,-0.8080614200361637,-0.6584832145635138,0.0,-0.7013288186048743,-0.8195452688940534,-0.7784697488128307,-0.19376116699565993,-0.8059428015548448,-0.3160390352399298,-0.19234214803132743,-0.6803087790688461,-0.348562307946039,-0.5924577466831538,-0.7439235721780271,-0.6863981801074094,-0.5654759396458334,-0.6471062186909741,-0.5727832429992318,-0.39638040573388045,-0.6602541653207226,-0.6514859981661798,0.0,-0.7630549533710781,-0.6351338790870861,-0.8408106643398592,-0.25229162399687516,-0.6761819782271836,-0.8725078333280446,-0.6116520893826254,-0.7686850113008518,-0.7503703886844204,-0.8067323645615331,-0.6852277357406019,-0.7716927058961709,-0.7261790841406663,-0.7261166188882149,-0.685765762868153,-0.901820387754318,0.0,-0.8371450135824129,-0.5549777999884391,-0.7057457954119373,-0.5704074522972544,-0.41315862710448265,-0.3843874568235671,-0.18825358977922366,-0.07566022111611913,-0.6797251777143812,-0.8029489309295345,-0.4748935893769507,-0.326436915084502,-0.5098228823486873,-0.7625067485675813,-0.7583014174808298,-0.3061536411137479,-0.5150142994415713,-0.9766365463984795,-0.32882206943668735,-0.902313160030033,-0.5794479114126891,-0.5600825915085548,-0.8654355753048937,-0.2627725555866505,-0.7530645377844691,-0.4087447070951485,-0.49131965558248575,-0.2331154498968992,-0.2877235203085481,-0.23057630870007723,-0.8058027382639116,-0.31594402046742964,-0.7306919811906223,-0.7739340510117764,-0.7148104405053856,-0.6880767500247773,0.0,-0.9812571504843884,-0.8065758210198212,-0.8739960820695861,-0.7665181122142992,-0.17170218883225127,-0.756510431557837,-0.3206789608655916,-0.56566997039637,-0.6409302346576814,-0.7472748353742608,-0.5212903758962631,-0.5532317096291135,-0.8817875883204938,-0.7843465243941822,-0.5902312285135237,-0.026667561224827774,-0.8614171353799628,-0.37870592605263514,-0.7202031657612813,-0.9059908936634563,-0.2611542883832053,-0.6946717697752721,-0.6557982549774246,-0.6119289570221139,-0.11446408136114097,-0.8130410507758843,-0.6345512063421389,-0.8611934588827209,-0.8864339139450783,-0.7768720619682484,-0.8730343650238173,-0.639801414541153,-0.42415927258877845
2024-06-17,-0.25373499356042695,-0.12401781631451216,-0.22993882777790872,-0.5454545454545444,-0.4285714285714267,-0.12162135330497827,-0.9049348429138031,-0.1417165057822404,-0.24345105141820572,-0.13805795283867858,-0.6274191416805167,-0.44444444444444553,-0.21285382287874638,-0.8117701773846432,-0.8443992395363262,-0.6608996886532932,-0.810761315860252,-0.1622190241588963,-0.7035612013311825,-0.2014750717147454,-0.6672267628122279,-0.38111325729264484,-0.608811650648202,-0.7673572864559538,-0.19951285106536443,-0.22727272727272801,-0.4017465801913359,-0.8677298851640179,-0.507970083687146,-0.7994739697957666,-0.30499411831233925,-0.14248834072503508,-0.709460948841771,-0.37763880483884055,-0.10869900992801469,-0.6267285005745169,-0.3464036516785096,-0.4739831544453332,-0.8237943669153875,-0.8470164659674133,-0.9365290756941913,-0.6748355364449329,-0.7681410525845948,-0.5747316908925639,-0.46303420754156427,-0.19286370286661614,-0.4843817344615523,-0.5843933193885511,-0.46077299211227074,-0.35751398942561,-0.09728426561602109,-0.5588925522165427,-0.7541256842759361,-0.1742906553059258,-0.4475496743196587,-0.7016016357910535,-0.6866924036848638,-0.5973705063170853,-0.2372754739799794,-0.11615118063202004,-0.5412928073311639,-0.5070309401310279,-0.5915774889897712,-0.5579779139300068,-0.9326324092788494,-0.1298309899900545,-0.6359313061888978,-0.6521988131473366,-0.3092005255981817,-0.4190743780857455,-0.5511658139172926,-0.7864542765080018,-0.6859592796826192,-0.5236494502652423,-0.4950000402006247,-0.43931654055546676,-0.5608495366803615,-0.03897599626829807,-0.6209213230591549,-0.4942661157198566,-0.696114628746257,-0.2070539837703236,-0.6728354078283715,-0.7935951134615826,-0.720564136503352,-0.6075412239727987,-0.539400863758209,-0.46390173803347035,-0.8490154956687114,-0.4292219765973691,-0.5171859741326251,-0.7382287497533434,-0.3199826119157897,-0.12256006684522032,-0.5825808610538569,-0.6276646390270482,-0.5344183662776322,-0.7076713677592307,-0.6594455188970918,-0.2265493394382996,-0.5362823502356716,-0.6175078515811598,-0.3161383812740745,-0.8269718997376917,-0.5181775513095398,-0.32396254225560644,-0.7338943798302852,-0.6472988693445529,-0.5567827931026422,-0.1357418563062216,-0.6716845423403964,-0.41987172105717635,-0.3812070366021181,-0.5552871672764756,-0.6521683626328247,-0.3452369019184542,-0.15157918700509865,-0.2697377585564163,-0.35159390454786893,-0.4827064672559953,-0.07851699717708478,-0.20203441332172298,-0.26567854581359407,-0.08425034943161383,-0.7725494269894625,-0.914712465599546,-0.5277214347816855,-0.8134104383469123,-0.5932549989238319,-0.43096062524913387,-0.4238411059608913,-0.8249657611434538,-0.42695846084449224,-0.4793542734678369,-0.27522463852115137,-0.09704526955087858,-0.8023194660256899,-0.5603296179216986,-0.5067742746056142,-0.697298125302801,-0.3624277453992763,-0.3418692161714546,-0.4525760231311563,0.0,-0.7551067256673737,-0.7582189149496948,-0.22745382865924518,-0.2633749424421748,-0.28861132485054247,-0.044887345772760504,-0.07786498092134543,-0.6494234999110773,-0.39306505202573416,-0.13458803369351005,-0.7773876268130507,-0.6571265789555931,-0.40450017889053613,-0.15607599177799303,-0.7836328438184216,-0.24229978010597353,-0.24307117334804845,-0.5548900394436339,-0.43272995974884637,-0.49339452579847787,-0.7634717476695083,-0.4399695508752522,-0.36712648605588266,-0.5237919817676393,-0.2984726341009028,-0.39073594436972664,-0.511582640587113,-0.5745773942200145,-0.22329009172981198,-0.5738944002573744,-0.23605752149583492,-0.5971582325111547,-0.8362236426904248,-0.6441617494550707,-0.5415908644344697,-0.5574997585361057,-0.20632134167554605,-0.4382235508945243,-0.5160436145598698,-0.6224375186778619,-0.31441022690917086,-0.5463272633731147,-0.6898126205053353,-0.36737102994900617,-0.131946689415866,-0.040576277486190006,-0.788109067602973,-0.06172975175202036,-0.7418370225313623,-0.2440857945567249,-0.5913118318280078,-0.6279069767441855,-0.52531223395841,-0.8266166788315996,-0.7667329819552052,-0.22165470156903375,-0.08324637518305174,-0.8683048209552879,-0.15864793023544174,-0.5845142772380575,-0.12693295299597818,-0.45607629878654615,-0.0826292301211829,-0.5893745310781786,-0.7910074622822167,-0.24783170488553802,-0.09794809151921101,-0.7413751389761379,-0.5355740865714061,-0.21735968887018586,-0.4455143631701047,-0.40389860599316363,-0.7021437710488269,-0.5318239954730353,-0.5266667505228709,-0.5,-0.15504995199351435,-0.31694494462569006,-0.116769384651111,-0.5115357287542481,-0.6598903754212834,-0.5185844438516216,-0.1693899205182785,-0.7599084748867839,-0.7495656891153729,-0.3404403981171818,-0.1809172208145007,-0.43842888566253574,-0.8167615969884053,-0.8112643022309927,-0.5253852964423587,-0.17909561638850915,-0.11407654338892041,-0.2670651649034083,-0.8638820584560648,-0.8392348594314855,-0.06743470771332803,-0.23613972703546546,-0.47624013962776207,-0.34419018986883354,-0.294135332770619,-0.056851275230710964,-0.5560142878100237,-0.33333333333332843,-0.5833514785898318,-0.6050320922869915,-0.8079949528003992,-0.8510330931815494,-0.5680059703350284,-0.10698394973367656,-0.6729659902805323,-0.7526320115645097,-0.3513797530713736,-0.7151738942044208,-0.3452881265440044,-0.650214697775743,-0.17628695995904517,-0.5811730549277182,-0.8441905533798318,-0.898996923549543,-0.4453175541611333,-0.24283538658901832,-0.4667471918732511,-0.709030439834545,-0.7278894323717691,-0.62064886254198,-0.573988581095092,-0.8636456461725535,-0.33490727483861915,-0.658590658093766,-0.5784051136756566,-0.2957945421124548,-0.7210300405362464,-0.11743005058677096,-0.7170521111165642,-0.6915573001733114,-0.42192126212480835,-0.5029225743544079,-0.32313934189573684,-0.515619888084427,-0.7630386457595719,-0.13461708431908306,-0.4912102483416799,-0.7055415419458846,-0.19330353725566085,-0.587622898336871,-0.6650789495867859,-0.7370355822312974,-0.6063622761117511,-0.8764966370529121,-0.5635099445806907,-0.5077758661006971,-0.6747990783212229,-0.23385879075604263,-0.31898493657020993,-0.7520458629003058
2024-06-18,-0.33832326449777184,-0.1475811426860997,-0.7234372199861983,-0.5861757092020068,-0.6219499011948535,-0.762324900458561,-0.33333333333333826,-0.685561798534809,-0.7382137116152263,-0.938129625921335,-0.26578945273651855,-0.7539122434589455,-0.6065118714292405,-0.08068540604016618,-0.22731648663511989,-0.6438768118805842,-0.7762862919722353,-0.8038944376706061,-0.3089949278003006,-0.8656986179409569,-0.8134056090457485,-0.677353646385928,-0.831858942486015,-0.18110517021939912,-0.7839383574373919,-0.5461794421457702,-0.8609673204565529,-0.12495105449079523,-0.25556249412690835,-0.49029155784169165,-0.1121917390898623,-0.5324995562201932,-0.3053300962411235,-0.6186249825113537,-0.6082634408079542,-0.5852285121595069,-0.5183182484096971,-0.2565578807896995,-0.4027790331368815,-0.3847049260638243,-0.18999287551643776,-0.33746327261006276,-0.471776540957399,-0.576437239489784,-0.47893215374826287,-0.4484322559719343,-0.6602368504899843,-0.5366806052399764,-0.8738576603316863,-0.5097866698616466,-0.6252273135128242,-0.636956411461708,-0.10871185592542063,-0.4637084088396606,-0.06326666690597951,-0.443584407468661,-0.07109888647944264,-0.4860334934859911,-0.3013992513018023,-0.7190719877032778,-0.36314170213118635,-0.7046287818435754,-0.6938735385166062,-0.7784334009451311,-0.4673809660344008,-0.3644538851877029,-0.6134733120399153,-0.739750592647529,-0.29821958960126516,-0.6903184384210117,-0.45688083940317215,-0.29345920402366565,-0.38879347179974694,-0.23363155863009036,-0.5740497203948266,-0.5852309054975384,-0.4424566158125637,-0.23841675504132276,-0.6678225751776472,-0.7903551246252347,-0.28524451719919397,-0.2753748702722014,-0.5012823320425868,-0.4939711316425873,-0.11639758411715788,-0.26457131253346766,-0.13525264738151738,-0.36932101918154486,-0.605250978452204,-0.41845277331613506,-0.7889435213842775,-0.4049005083673793,-0.1017150026719592,-0.7030297487764477,-0.4984845968479169,-0.7859912859752408,-0.38765263078932666,-0.7082919455131115,-0.056775317744528875,-0.4617908043109113,-0.6224993297239614,-0.9057196164478509,-0.679408586231571,-0.5830870905648292,-0.3425086352535002,-0.2829295673540194,-0.15840147186144074,-0.4748929794278913,-0.13453975295962303,-0.67609558883692,-0.19866150063017388,-0.1884339687844415,-0.17225580879075866,-0.5417977211749648,-0.7724810272072161,-0.6436803858085589,-0.6911466833078561,-0.8750719302101815,-0.9736162647818577,-0.8540161680873743,-0.651110935742762,-0.8773386068024963,-0.781976355839387,-0.8114088271708958,-0.7461890102936952,-0.37326728724783026,-0.6910853872858846,-0.13532393036218418,-0.49695494207134905,-0.08553575521312681,-0.95681004506002,-0.835816847876919,-0.68245955929717,-0.8401907422509104,-0.5769343405785831,-0.412581595457728,-0.4,-0.09325517078153275,-0.7357822530294325,-0.5817426849772857,-0.3892060795147449,-0.7012328991760328,-0.24688696990062248,-0.6713561970004215,-0.14603363866516988,-0.18928982835150146,-0.3757657513830385,-0.47918795283640825,-0.7633090734882827,-0.6973107337344314,-0.3684210526315814,-0.7622384694443343,-0.8293501790373666,-0.430583523878953,-0.41162141291058973,-0.5672510516225133,-0.5877443140292755,-0.3284024538287622,-0.13128846663225638,-0.6031376182079813,-0.5005438511731003,-0.9524133866086512,-0.816569235071617,-0.4288430448603801,-0.19034791117700978,0.0,-0.9579102760326285,-0.6336992581393842,-0.7634360289595207,-0.40798987113518276,-0.7787588746378816,-0.5631868729913869,-0.25537040067638833,-0.21214031814663464,-0.8316154666170802,-0.7754860816921502,-0.14429422494426936,-0.5806254102467562,-0.6874992939271228,-0.9423335812745564,-0.561327257672025,-0.13653019509895165,-0.40530390288300805,-0.6097753190737778,-0.18389402447574363,-0.6045099881698865,-0.959898314110343,-0.4410098052420886,-0.6361033821853507,-0.8726387349106396,-0.6307470996026174,-0.6351414097497824,-0.49307969157096204,-0.7832874977666181,-0.7053199341095366,-0.3057376524825821,-0.4875363950871902,-0.5000000000000034,-0.7613756260961326,-0.823217151760112,-0.8386204397012618,-0.3861353303099081,-0.7171688756690612,-0.650474568049945,-0.14309070624352954,-0.35793460097935154,-0.8185057170160298,-0.7802347057611763,-0.3996390169277784,-0.7331457198637769,-0.6903507125128635,-0.8317854033232038,-0.6549022564846935,-0.8783069990011251,-0.3321368760858306,-0.7695853348690268,-0.841428973979512,-0.6706001862014896,-0.6789635436932646,-0.8023002191043063,-0.7653690969610373,-0.8338100620174183,-0.6639471409479835,-0.10600418388576835,-0.8089479953356777,-0.7563999156272571,-0.9226391836776077,-0.2987780802841589,-0.8453075615834178,-0.8159365907044143,-0.6823142233556025,-0.5543424120564915,-0.4582328955970284,-0.6441188296660563,-0.8131507943296218,-0.6719092523192918,-0.8597564709396214,-0.8230903207066419,-0.18809972380654058,-0.4873236404501762,-0.8215985155792863,-0.8232530936565506,-0.7771443713695967,-0.5,-0.4040376523131676,-0.96465006281948,-0.32113779205283294,-0.7454755373662197,-0.6099584760837546,-0.5454545454545529,-0.7102698533149389,-0.5002713538247134,-0.22705085708409933,-0.6819586621987029,-0.7033023823756185,-0.5390223704381938,-0.7500000000000056,-0.7077937451769063,-0.761484128732676,-0.9086155952680955,-0.7910314808166138,-0.7715728456711108,-0.5267181835224806,-0.9330605581694464,-0.5197812172706651,-0.5103004664479537,-0.3901483153063884,-0.8318417739836957,-0.4450617282998722,-0.34338949195539725,-0.15311515004926646,-0.5331256371889029,-0.3673685362462088,-0.49714164700568597,-0.278289676797608,-0.14410751690377815,-0.1434485544880159,-0.2467163063855909,-0.13438433056116839,-0.3947659676389562,-0.43221215893375964,-0.6374016744893908,-0.7012839947325207,-0.5139311281085508,-0.2486097953438042,-0.2735746802749136,-0.3854249365448966,-0.7910608052177812,-0.4042568950602956,-0.2277775853859182,-0.7030823244593036,-0.41799802732732605,-0.31848212125976794,-0.7466058828666552,-0.2146054406362972,-0.7156310737001143,-0.25074848518460463,-0.3861293065293796,-0.08437655184922212,-0.3466249221559478
2024-06-19,-0.5253289629056114,-0.2775495989957798,-0.35860321873042894,0.0,-0.08824552833175778,-0.3736697592091128,-0.2527654598026062,-0.13288897587804144,-0.5587480421756891,-0.11806717279421308,-0.09195001157743692,-0.4710740578498754,-0.17706799609658117,-0.17457024243343033,-0.7974509749131781,-0.10630436194927236,-0.13651585527455223,-0.603861784121508,-0.15140555894047372,-0.622154573112676,-0.4048899174419256,-0.01108426740260356,-0.3559587156257054,0.0,-0.11455431401959551,-0.13885692114881412,0.0,-0.5619149829204582,-0.25076880647650807,-0.7416169149374098,-0.7287236461436857,-0.10279701464960422,-0.04937005188029876,-0.3645710589058772,-0.4746986504225202,-0.39860854184322075,-0.10043965760732475,-0.31084672704656524,-0.0972798047436218,-0.5075756194924547,-0.5125411825839864,-0.4841728054453598,-0.13353481134905829,-0.11788251470691327,-0.16578503096575495,-0.3733739950355423,-0.020049111747878948,-0.6821515731404219,-0.13042333090862576,-0.06606373713645118,-0.08796584304148597,-0.2934510278236673,-0.4062058767798725,0.0,-0.08756944074536059,-0.27618178377377167,-0.823759548825498,-0.2873938034897263,-0.07568136649770044,0.0,-0.05422327657047082,-0.012779717555544875,-0.014047073265607586,-0.5932588957681628,-0.31902378323490305,0.0,-0.13368127208425318,-0.18647316902895059,-0.051377129140546186,-0.8305647840801892,-0.17357143075869377,-0.23645036777943376,-0.08850332936603399,-0.03590651461670395,-0.03880414432684659,-0.16673790507108155,-0.36948200278570215,-0.2981136871622057,-0.534783802189183,-0.23002786619150384,-0.17818472501034904,0.0,-0.016416307489043835,-0.14149184918062951,-0.14023889062822756,-0.021260153065282023,0.0,-0.38907737671601383,-0.11314283880032752,-0.33830268360482063,-0.0821736767164969,-0.26519668331699287,-0.5408601095011847,-0.06364161020375914,-0.670549397376298,-0.0783381352984703,-0.10435699047148626,-0.0707381765946598,-0.2628178836030775,-0.26971404276939,-0.463227265703951,-0.45923530573681653,-0.4347713839485982,0.0,-0.6443978271536005,-0.12457996028026448,-0.30025405447413583,0.0,-0.2613044262549122,-0.006471338035387362,-0.7362884055948283,-0.2679831116871496,-0.6033134395297297,-0.7104940374392701,-0.10849903033845994,0.0,0.0,-0.6950025100270742,-0.5842528478805021,-0.3850620398772261,-0.5647159450240765,-0.3333333333333333,-0.5825329249716792,-0.43976475972586115,-0.24493512586127467,-0.04808926677252433,-0.4167072269475686,-0.6205897279263276,-0.37271062955769996,-0.546892400569359,-0.4891544257526129,-0.10515357128134153,-0.6188263949152285,-0.06963397645699448,0.0,-0.02107892448756441,-0.7594935499590351,-0.09587267780168093,-0.39466522645787533,-0.21307977588353574,-0.13666539647914952,-0.20557706271673135,-0.03250698865706998,-0.16666666666666297,-0.7080044631174308,-0.1542573127890518,-0.29673900903423994,-0.6373383467955546,-0.03627302989958026,-0.30572601739342564,-0.05834440717952528,-0.20847572444329884,-0.13570877324825434,-0.18322030077156576,-0.5260749458535894,-0.42022300490631753,-0.5408620238521351,-0.25757520939918743,-0.8543951985327022,-0.47469909881274946,-0.13383981662400105,-0.6719382212041413,-0.30623898154874923,-0.21326345438444805,-0.2425617682798247,0.0,-0.22293738028036933,-0.3046515616259017,-0.4236104629529021,-0.05888856486287678,0.0,-0.2698776280278357,-0.15856174134117448,-0.6306635784426636,-0.18499674431499105,-0.35638219458709997,-0.14386304243359632,-0.06154407846038002,-0.2640713928049537,-0.16877194081018915,-0.23408864156110487,-0.6619445230301325,-0.4080707647765477,-0.8726761249321139,-0.184298708801259,0.0,-0.6235513654361283,-0.724047384360896,-0.8509933326532304,-0.8952007925450962,-0.0870061584379959,-0.39572452929201535,-0.05374740310808182,0.0,-0.5793785507974917,-0.08207259581157833,-0.591384377704507,-0.07339397883084828,-0.12199755629766572,-0.2829044139765326,-0.12795504891178489,-0.6082190555357828,-0.5818195379185888,-0.20810358823441746,-0.40209863127729684,-0.688897671786427,-0.47811201309690105,-0.5230427039264441,-0.10988997668151365,-0.13682896254410348,-0.7057793888487996,-0.12688533547692463,0.0,-0.9534966116344856,-0.651857077359656,-0.14285714285713924,-0.8615235296766357,-0.343100550968424,-0.09552283808015213,0.0,-0.22222222222221785,-0.9466317160397442,-0.35421624487858544,-0.5174580036578877,-0.7326673316442193,-0.03502931918709366,0.0,-0.284802626324919,-0.3266009929869479,-0.7117428690378999,-0.49103965882543954,-0.7207559886100269,-0.07960203072385653,-0.03827067082494559,-0.1309961800914583,-0.055550928710343894,-0.8468058674820873,-0.5346749041392352,-0.043961436681746395,-0.00364672877611773,-0.2727272727272683,-0.4401622755407128,-0.3269721972996553,-0.4920383793559398,-0.52215879606632,-0.701986715798122,-0.02058599325686593,0.0,-0.6469675118574424,-0.08165586904458907,-0.031522313485273706,-0.0797331523728548,-0.006743258159896196,-0.33964872355131404,-0.631427281457826,-0.045384197785687405,0.0,-0.36905067546413,-0.8536003933063995,-0.7369295619417239,-0.7967893755428188,-0.437574715428161,-0.016704905130972867,-0.2000000000000012,0.0,-0.08889991989755856,-0.06158248969439958,-0.1443480194956851,-0.18455807978917055,-0.3168469622999642,-0.08962214889047518,0.0,-0.3885211817323684,-0.36444158954563016,-0.1396875373307753,-0.09209729904303741,-0.3506698690969419,0.0,-0.04674834801986014,-0.3107730712522715,-0.5629222485351578,-0.548380632459608,-0.8294063995134101,-0.6807060152558029,-0.5513325077489576,-0.4870553494195352,-0.5565182950011289,-0.027584861047776316,-0.050105378133279636,-0.4165059712834798,-0.08019083493306728,-0.4364493688091211,-0.5296826308983602,-0.6855895743044649,-0.016853933007593774,-0.009835137446770208,-0.34317862066246324,-0.14428001152962328,-0.1417839743200356,-0.4893060148225481
2024-06-20,0.0,-0.045608361026394324,-0.026327007652163156,-0.14100586640157178,-0.15350093270661352,-0.2265398823668179,-0.29536592875155426,0.0,-0.7352135761829593,-0.22477881585976114,-0.03784525424733033,-0.20040941761199504,-0.3706514793375464,-0.2518544307991226,-0.18027228898784614,-0.07288143900730125,-0.14234251678504808,-0.35799256550773384,-0.06891600364955845,-0.10182496657912139,-0.10899185718856068,-0.039833912728130666,-0.0551437363336429,-0.11085645267664596,-0.33378707223334986,-0.19019293669093326,-0.193168404736601,-0.007432223589638884,-0.5757994793935414,-0.25000000000000555,-0.1098059406960883,-0.09877283273279865,-0.054444269963167986,-0.1747249844581546,-0.3009319464339819,-0.3553869422098513,-0.518944536362414,-0.1836853330321641,-0.052356884459098474,-0.07928976429454515,-0.6524326156269894,-0.20802312991828753,-0.14642283189994054,-0.01747625402187608,0.0,-0.31054736518838977,-0.09532319210818313,-0.11633239411025213,-0.05518862262109038,-0.012775839292677657,0.0,-0.1567010118362419,-0.2857142857142866,-0.0739631677453804,0.0,-0.10189933025419753,-0.045942017288204684,-0.3050526577453687,-0.05450813422532185,-0.39783244691405867,-0.055711228384128224,-0.03015625134502468,0.0,-0.09817810641981847,-0.09623222122328937,-0.021274577012817365,-0.5058218957076346,-0.25337709554085625,-0.017268773442742972,-0.05895026120982548,-0.033119314126078284,-0.5749482108811571,-0.6336336744689078,-0.03547977616634743,-0.07494439338372154,-0.03241672242344254,-0.20348858417342153,0.0,-0.4405846398324386,-0.742905588979009,-0.06756995539597203,-0.025206841245009468,-0.04514497747327861,0.0,-0.0728516700523899,-0.0885482116877405,0.0,-0.05668336683345489,-0.22079671262774514,-0.009727766983579557,-0.006984385568159393,-0.028833893436457342,-0.02748058310896586,-0.03319003405183243,-0.18550567911142118,-0.03182229425505614,-0.05781048972974879,-0.0034934978977872104,-0.6878535425496751,-0.694232754389551,-0.6133965253852374,-0.311747863197429,-0.16179372821963167,-0.10713585895466661,-0.6577814173823984,0.0,-0.08330215943481238,-0.0035018262457579,-0.04156670527377481,-0.0071850383658596095,-0.4384005712824024,0.0,-0.3203263369845958,-0.44902919160533006,0.0,-0.2683746877789017,-0.764668381703296,-0.2290383494740324,-0.17579695227393188,-0.6955881740187321,-0.5714285714285695,-0.712820287451963,-0.7907611246526843,-0.8446939644274172,-0.3179064460421611,-0.08678972560400602,-0.1929326731451921,-0.3407492398706421,-0.5749428816848686,-0.18298343870757058,-0.2347882249723675,0.0,-0.12822922802133682,-0.048773452358225486,-0.23884905212985555,-0.04164718990410762,-0.25640992353827285,-0.13546483439634327,-0.3200075751496871,-0.06356804069575855,-0.49918245151995133,-0.42827037433328674,-0.043169368471302864,-0.2737584692168336,-0.05917030625426496,-0.01839523023516735,-0.06085272489429593,-0.26476319699521556,-0.2580319972426407,-0.3326689205706266,0.0,-0.5010199915008329,-0.07509442002936179,-0.29000330202330216,-0.5749156752697601,-0.11864406779661069,-0.47363404243240986,-0.11986962475032188,-0.11656302831638736,-0.4284474842219715,-0.015266291447269629,-0.16356270746717985,-0.7960609091077334,-0.06185381775710596,-0.1226155716000815,-0.1907834798544751,-0.27400744376142283,-0.8970595026019137,-0.16062943176643313,-0.07162583284919855,-0.46245171770815424,-0.02788601305116902,-0.07506282682948912,-0.016993038822373227,-0.5249512527169313,-0.26326390934070726,-0.7395341476009439,-0.6920568952247965,-0.26628381587081706,-0.5800982100149515,-0.7454637515865287,-0.06248334288463011,-0.36934310461414027,-0.8066073339922111,-0.08725325625761703,-0.08993225899001187,-0.19069189511535914,-0.07907334034883144,-0.7542269170326682,-0.6798053367904268,-0.09555822346154003,-0.8503803713544408,-0.2526501529792323,-0.6713747458763804,-0.6061286518627532,-0.017170300473764347,-0.36507433263319206,-0.07795443747434048,-0.17690254843167255,-0.764421932264977,-0.18522397478743013,-0.3854015876123678,-0.5432586191746265,-0.31609493289061186,-0.15366619340410453,-0.0594099678627883,-0.8571428571428589,-0.07108815938928092,-0.32030067874993495,-0.6264175088164562,-0.6578015446908225,0.0,-0.08904642233544145,-0.9766365463984795,0.0,-0.5999999999999964,-0.6854977407807725,-0.3360900686740039,-0.11553969009795327,-0.3463272351753873,-0.20947700952691903,-0.9820148581404363,-0.22222222222222165,-0.39406600234044786,-0.1997716115198744,0.0,-0.17777395613743086,-0.6018530934598456,-0.1276385121924974,-0.3999999999999929,-0.10754385748794944,-0.13118208786968996,0.0,-0.016585370257223758,-0.054600349362686054,-0.27361356722438146,-0.7499999999999946,-0.3944056825655786,-0.16730474485631605,-0.6769219311246195,-0.39343647137591814,-0.3032361497681283,-0.7923518726339983,0.0,0.0,-0.8264244826621192,-0.20747208286510757,-0.26207509347964825,-0.7638414076229423,-0.13652309939791557,-0.49331553975071935,-0.550819389216174,-0.15996383350338847,-0.6905188081107909,-0.37147433905784244,-0.3353783169697102,0.0,-0.6483906065617668,-0.8645705599233189,-0.8008777458557347,-0.7416852263372095,-0.10105041094449017,-0.18721845444930255,-0.6461838771889465,-0.010436556271660161,-0.42148370889657905,-0.008764512080376635,-0.028455482951555467,-0.0882235816060518,-0.021925130846730933,-0.08144354591768264,-0.3753186165698143,0.0,-0.3980253840323342,-0.13972711602366938,0.0,-0.14673832516673027,-0.239360731918347,-0.1132618627560075,-0.09253790729509832,-0.28838264126336843,-0.6365273110924645,-0.3966047955150052,-0.4242677250152191,-0.4467515897986279,-0.11458397294188685,-0.3971947725760628,-0.23966594819576847,-0.31416813403333527,-0.3168458781768587,-0.6369983979203415,-0.7126789235606437,-0.2410739480009613,-0.003300953628635739,-0.7446080216058634,0.0,-0.4297215179370273,-0.2940748260188606,-0.09151895767368405,-0.4893102288806554
2024-06-21,-0.36616116183147707,-0.17135460657056106,-0.7696112842856646,-0.380955919804099,-0.776016364824467,-0.658029393550182,-0.2954315743771009,-0.6837183732787714,-0.37545824117718724,-0.7838512351666072,-0.31335213611924484,-0.5602865538391147,-0.40775847979359375,-0.5378289664374217,-0.24295603315743236,-0.42093220509669294,-0.49989471851406175,-0.6221668393792948,-0.543075465284482,-0.09917943071004737,-0.8361868336606443,-0.6500642500315086,-0.6725542118605927,-0.16867952576754072,-0.18271533812957627,-0.6583331682671886,-0.5068457969250905,-0.36947174881167183,-0.5390825355546148,-0.6748266055512528,-0.655371732217281,-0.5567186129891559,-0.3675887977263853,-0.7716491142304336,-0.3634065811383903,-0.3187621731821845,-0.15922158848257165,-0.6428571428571472,-0.6878563291593055,-0.4618741120083675,-0.730313693432692,-0.5003435817413321,-0.7855918228203841,-0.47140288933585783,-0.2117560420634309,-0.714103799557774,-0.3871600853162943,-0.7490314666178741,0.0,-0.829450699604647,-0.48753180020093917,-0.5852544474036423,-0.47058823529411825,-0.4599059146534539,-0.47878713431674913,-0.43870187285373574,-0.5375774049049588,-0.7052114240210858,-0.33111436289042656,-0.8482723149930531,0.0,-0.36417512667085455,-0.056587449332208085,-0.6973738940696378,-0.9254076529317813,-0.5889390033001646,-0.44757613461038526,-0.45277968095253474,-0.7101544896385135,-0.6956097708886049,-0.17858884121633833,-0.00966382275351047,-0.546314800998709,-0.3283459900272362,-0.4938337161292161,-0.9063498589557395,-0.65389210198381,-0.6052803951816397,-0.6188477437015342,-0.2822622748285423,-0.33495077233189474,-0.9190627641959911,-0.25299639177660843,-0.4518875812412272,-0.4910149000013064,-0.43258933840443364,-0.5517937381035597,-0.8026763978261924,-0.3002191198734411,-0.47281806190894893,-0.2921978918821633,-0.6226363527580598,-0.8157736074081617,-0.4,-0.6147183509512035,-0.3547417546340947,-0.7896368975963863,-0.6769822739595468,-0.6749576025457874,-0.8011441986529813,-0.8015377776487644,-0.4606274816375957,-0.12726798597717348,-0.7331232618424712,-0.35346375331505614,-0.24409020867128003,-0.7453164348306084,-0.023107477634729714,-0.5219347088741306,-0.4362344856604493,-0.354351339211423,-0.2804640632193571,-0.867812687384788,-0.46295235582673905,-0.42367278447869094,-0.5,-0.41362121825631315,-0.2903448907381678,-0.6666666666666617,-0.5467592501852798,-0.09729869521023403,-0.8212724402964678,-0.690677498521481,-0.4619968604748872,-0.5473185878865713,-0.5527887746870885,-0.6738618712846013,-0.36553989859967245,-0.44718116304325983,-0.43084621872634843,-0.8281694896212347,-0.16954512475974828,-0.4995781279214501,-0.339315472976168,-0.42823780921572074,-0.27636126576620895,-0.7052670710194333,-0.12140678484049125,-0.7630337152950869,-0.4902168927791333,-0.8410878628164921,-0.8449001456453328,-0.5693745171881526,-0.6666666666666666,-0.4011240369317947,-0.28446460846637417,-0.46129555727091087,-0.2934562129519347,-0.578527652127176,-0.2570023157860812,-0.6593967224731561,-0.6523395728483156,-0.4543360023047419,-0.6767038272202369,-0.551490364339208,-0.9033196123615259,-0.3280384237113375,-0.6824031584050122,-0.024781721389609764,-0.16347799345337508,-0.7788967543694957,-0.7086286930658051,-0.7859902291137285,-0.7683634785456965,-0.4794166900398127,0.0,-0.7060436607496074,-0.3678241202977937,-0.46058770278331485,0.0,-0.9164167852861852,-0.891088287033223,-0.1391836444892651,-0.5549867214999324,-0.4576071517329507,-0.4383561643835639,-0.19414913262073905,-0.30695219602277757,-0.8136729445450467,-0.6519893090504938,-0.630631758435959,-0.7056112793226944,-0.3450531896283044,-0.6133262203634732,-0.42362261990648203,-0.19999999999999646,-0.6531536018824887,-0.40466921009679035,-0.4835302447806252,-0.7236974753994494,-0.377352564761504,-0.05166263928953143,-0.6076640502510522,-0.6042432645526512,-0.6030154792338029,0.0,-0.6649832316814652,-0.3686179406047892,0.0,-0.3935489825839959,-0.5231101409371095,-0.49318811274253965,-0.8166812621903619,-0.6662235891669335,-0.41975474408842417,-0.7535015534882072,-0.825971777611195,-0.9598215995735065,-0.3850339763212016,-0.3443519357912279,-0.5999999999999982,-0.14503812757847961,-0.8381077706684783,0.0,-0.6850112624058644,-0.14997016544367028,-0.6574714052909784,-0.4880578764722943,-0.8930985005809918,-0.7774025931813016,-0.8419100623514069,-0.5999999999999893,-0.28281476185063253,-0.18980808804660074,-0.6177521195483889,-0.3255153219080538,-0.4919615823560343,-0.4368040090497104,-0.6268732241649283,-0.4948240611675616,-0.5945454907729605,-0.6823142233556025,-0.5302283367840076,-0.8435614920201608,-0.664855075760133,-0.5689655172413807,-0.839821615063045,-0.9069825105921316,-0.49999999999999556,-0.7695004121226187,-0.9342340714887377,-0.4187960256363309,-0.6057914628312219,-0.3387621007141332,-0.3875908630487468,-0.1076658005742841,-0.1785572591870612,-0.6510910309323246,-0.22641582142768754,-0.5161219476184327,-0.06332339362673195,-0.4797988138370505,-0.2956519648552912,-0.15699916780029854,-0.14476673588760902,-0.3333333333333284,-0.6548884004009511,-0.7961263088625605,-0.5958563694559945,-0.6570882819339569,-0.2045144907102827,-0.9394122982995604,-0.6208284879206101,-0.8992218119557499,-0.7969042799028135,-0.3216215310102488,-0.48862041554322305,-0.6061961202961681,-0.4881079327328489,-0.8510501057711196,-0.7256721664221307,-0.8045780227660092,-0.6743523313192255,-0.9253380713163557,-0.585939289181259,-0.32784276491000647,-0.24331665433673763,-0.0577650517681828,-0.28058978186015054,-0.7392707865772418,-0.11392146640749955,-0.03155970827060214,-0.3815526377195436,-0.7587614769888921,-0.7571910420565846,-0.7968842726447068,-0.8722114474537181,-0.3770105260754229,-0.7242861560327203,-0.8749861313311861,-0.47528360756184024,-0.3735257700355821,-0.7328148739760929,-0.7050787268962642,-0.2382109670075322,-0.7894313659375332,-0.8417291656993365,-0.7618340869941852,-0.05137308934596632,-0.9366962987711366
2024-06-24,-0.5236842158026517,-0.18403927771237455,-0.02123286783718622,-0.1443952756748828,-0.25000000000000555,-0.1340782031416194,0.0,-0.4871695420675944,-0.5977035157734195,-0.4189821022336585,-0.3953488372092983,-0.19399177020709585,-0.1557787921619741,-0.5472748291905983,-0.5949304602305231,0.0,0.0,-0.7075541237296736,-0.018745753984390354,-0.39859994568593105,-0.12279717802287522,-0.20871012153600643,0.0,-0.0853690679280426,-0.7574840997512857,-0.05564207132391782,-0.16297523708849856,-0.6320101995256457,-0.032711958801384576,-0.6366998258472022,-0.06570173548259832,-0.04540507433970974,-0.5091406793291187,-0.03899730138587715,-0.2819087049953269,-0.13522054085479654,-0.7771234009980456,-0.15077292865319436,-0.2134723547291932,-0.09925434933828456,-0.17370397174113658,-0.037803888199246266,-0.10104344685116903,-0.12313135561019985,-0.09001203515679282,-0.7166069574157132,-0.4550903382304636,-0.35416137325921654,-0.3470561934626478,-0.046167778261909355,-0.049734036946494746,-0.04364349099412998,-0.2671170766485584,-0.42474136178229677,-0.6806293816820499,-0.26023552093552915,-0.02642879430509092,-0.12703778644494762,-0.17822845357920036,-0.3058508216030657,-0.2638780668086786,-0.14947922133223174,-0.41826956729749715,-0.2640534487753208,-0.42936786129142623,-0.037145307745485724,-0.3488054624654189,-0.5966951769630991,-0.021756150495522222,-0.5585580066032548,-0.6518179338360168,-0.6506615534655495,-0.07387452975369234,-0.15839535235044772,-0.08048122308973069,-0.05126148327297309,-0.0649464186113031,-0.047510701822485825,-0.198354366730084,-0.4923278778003097,-0.5927053455665695,-0.42077846826867765,-0.11175741875310946,0.0,-0.24304859216977906,-0.11201402632316693,-0.19030529176834385,-0.029125503666105522,-0.6146483373045203,-0.11327200824703562,-0.03443281420907716,-0.1719636576000751,-0.499221784653385,-0.02259971003370216,-0.12448390289074927,-0.04140492170704218,-0.07185405110293162,-0.10955849356696631,-0.12476808994850451,-0.028166161177026233,-0.3376051935248579,-0.7162459806865611,-0.15127473121910728,-0.1223277262577696,-0.6815347611213771,-0.06414306500889191,-0.0031043503244521623,-0.6121389498543398,-0.3042641144015327,-0.15171482562804706,-0.142861762046953,-0.5755425110289264,0.0,-0.7233754903623058,-0.3108359352655829,-0.35819827632708473,-0.6491656465538539,-0.437356161705768,-0.44632752379131785,-0.2109065639851577,-0.6250000000000084,-0.3887805199102518,-0.21428571428570883,-0.45913555929481675,-0.6383261828522061,-0.11732805939422895,-0.32918228511552067,-0.7624044534253044,-0.1548322425381894,-0.334975597619686,-0.20443441730316494,0.0,-0.03168560960227557,0.0,-0.4663026662151567,-0.43892611958178845,-0.8078513722586244,-0.6453525604220349,0.0,-0.6665426286599601,-0.2702892635187903,-0.16452750281624348,-0.12958611080041796,-0.18542797322218926,-0.3690460659879677,-0.6576308800016537,-0.8587291346095698,-0.17831598925928205,-0.5735056798531243,-0.34572462642407253,-0.11351934494294863,-0.5192569210634033,-0.6474178310258896,-0.6448942862879263,0.0,-0.03190100806675925,-0.6138683483104435,-0.13704932191487898,-0.6934196612981176,-0.6538893377264574,-0.023145855937610288,-0.18938768984246476,-0.04831815522660701,-0.23295615617125812,-0.7411206456303191,-0.16094700239398063,-0.4454800013740213,-0.608808417402617,-0.6610739251679093,-0.43413597819270316,-0.05956158202406572,-0.03824065371121177,-0.4685042028019941,0.0,-0.1982935253397458,-0.165268465698065,-0.609766132489946,-0.7164484491993033,-0.18728942016442882,-0.024141246501236596,-0.6860729683637355,-0.639661398464504,-0.15687016980568036,-0.7626660147885015,-0.5365748230579188,-0.21057970232721723,-0.45055775618098726,-0.37403014876354546,-0.45075908770602463,-0.3768576710854391,-0.46028459209366035,-0.7309208921924515,-0.5397290411286556,-0.20429168906765505,-0.33844571229398973,-0.07199118037745045,-0.5739044255143654,-0.12195121951219247,-0.02514412105737607,-0.49498478830864334,-0.6376660584334926,-0.278424720826659,-0.2429734116221336,-0.20924060125911156,-0.1220712923881526,-0.8511513310983024,-0.5655293680873464,-0.26208968929114973,-0.3216006458509151,-0.2688759910063371,-0.7674351354726231,0.0,0.0,-0.8149547916597761,-0.6765161175886081,-0.5447893016707881,-0.664206966612027,-0.2443583691244853,-0.13668888561165057,-0.5824172604063595,-0.26392975361106424,-0.8288769667542294,-0.38888888888889106,-0.6678374894666491,-0.5054648717973713,-0.29518315489358976,-0.1550395145868573,-0.6853049187789955,-0.05993725988528147,-0.7597669051658198,-0.6307339065215521,-0.3394606201848735,0.0,-0.047265182856666116,-0.04016546880132432,-0.3573255127564797,-0.2881773253208288,-0.47596729938561133,-0.12107311223880303,-0.04747553753742315,-0.4115067288014417,-0.383295461895257,-0.6672343471545152,-0.7500000000000057,-0.26558781157803873,-0.640500509531059,-0.1338790350089599,-0.5120186817747648,-0.17138245488548115,-0.25502814979333227,-0.2915981794257836,-0.16998805818008467,-0.5952038907667382,-0.18763240700886552,-0.7248705993011658,-0.11265430345021307,-0.41454394351337265,-0.0838006484466241,-0.8162340520904985,-0.7135941042797319,-0.7416852263372095,-0.1403627881198662,0.0,-0.40465343957218014,-0.08221583875714121,-0.44189766331142777,-0.5381908391142789,-0.5904270632678741,-0.7049751791080004,-0.308611253249687,-0.5517628715435807,-0.019878748743354144,-0.3654479162080811,-0.26609921747849535,-0.07178102461228299,-0.44025712259407734,-0.32130684637118706,-0.11571890014298694,-0.07542897389150634,-0.05503995841102696,-0.5679790296238477,-0.07427709635506446,-0.6888294311103271,-0.2771911103073064,-0.029500774614337043,-0.08864872187337568,-0.08369029935767415,-0.5427874556693526,-0.07128958488265748,0.0,-0.12627975976209457,-0.16275469628997463,-0.22164523453473317,-0.01300651945226741,-0.05828925895295721,-0.03140559427264049,-0.15684602761277644,-0.10168399102882315,0.0,-0.03566013975337478
2024-06-25,-0.6374315004342476,-0.44439323627750665,-0.22658984928051534,-0.4649675394924818,-0.5119898626038691,-0.3568072035447024,0.0,-0.5328780609793654,-0.5861429736738802,-0.6494449495217414,-0.19929676619928946,-0.42217969661030014,-0.44472205024173334,-0.6439321056046858,-0.1980339426688963,-0.38190589168421873,-0.3130881737655435,-0.5525374350328158,-0.19693405235591102,-0.39128307381636923,-0.42623796920208346,-0.06457465459618056,-0.2769737795580383,-0.3321069804483988,-0.3197562443979595,-0.22679772565155545,-0.48425819538888804,-0.3420363590658496,-0.3099110428256187,-0.6931360057987863,-0.37499999999999634,-0.283093353373452,-0.5643334715000197,-0.24942376173939676,-0.7074242309442116,-0.4795459473486588,-0.5930354788750527,-0.5862193994332814,-0.6845555210628017,-0.3384109080813958,-0.4192565639386714,-0.19685580209145498,-0.2412444357791251,-0.2213280198561088,-0.3355399222202503,-0.6106675360818385,-0.31347678345890095,-0.19602025343876525,-0.2706172150959507,-0.3209201812658099,-0.16816726785001282,-0.3396534606789757,-0.7086438376120379,-0.2918621542827804,-0.8043974522428604,-0.31625231152008215,-0.2732772349328481,-0.18310316072402144,-0.2187045670134916,-0.252819322152353,-0.16213923351294485,-0.2574723034640219,-0.2259442259906823,-0.3697839412207572,-0.7841292146233922,-0.24963693051692534,-0.4185983164010003,-0.6148605988588315,-0.2254491235667438,-0.6465726344783501,-0.1048974545538428,-0.21477529880382765,-0.3267154163731127,-0.4544922390981131,0.0,-0.4723367964282603,-0.39634535965206324,-0.22624399381083504,-0.24378130985351262,-0.6327445577600009,-0.19852227801195133,-0.2349229084162907,-0.18907807316655834,-0.10076384310168217,-0.08923679923784683,-0.591250602922223,-0.07761669801245594,-0.23381009259873675,-0.1492164873443653,-0.33457064946765175,-0.37406268952442867,-0.35565291163537344,-0.22147072944137688,-0.4179410661240497,-0.24050538669701363,-0.014871194471490767,-0.6491228070175391,-0.160269181842345,-0.42582823276379095,-0.17118083191838476,-0.3475813704316967,-0.2036763721109227,-0.1867053209115371,-0.14175316797682055,-0.7880369884318787,-0.28781424882489537,-0.22682430202790368,-0.09901650607809764,-0.20824613627975075,-0.33232399099165044,-0.4184956119096995,-0.16964065073360798,-0.11288420380344599,-0.6791566523030685,-0.2736736489380447,-0.49999999999999445,-0.808686129161745,-0.6823241437992194,-0.3946237341401806,-0.32456189593543655,-0.5372276292681621,-0.24783076052707725,-0.6857858851892502,-0.10415916977910442,-0.7000000000000054,-0.2839612790849002,-0.585629880934735,-0.6381665009195729,-0.2512390115483015,-0.5206941853223386,-0.3484138741636991,-0.4517321806469417,-0.23289625832587157,-0.35194385738360134,-0.23830460359813635,-0.3903469016304247,-0.38964668386220314,-0.869846843589534,-0.3848285570958892,-0.6138242678139535,-0.2839519745415627,-0.7088200931165445,-0.37362577865258606,-0.46779455689482874,-0.7136650251119,-0.24474861749306104,-0.7539110426177881,-0.3197813683000437,-0.6316232271620403,-0.49474359034552146,-0.2832248574872037,-0.30283193251404217,-0.5188474280702708,-0.34151770528326664,-0.19413344370268112,-0.18346249073270157,-0.3120942451380395,-0.29017848491337506,-0.35940145786698763,-0.6071418903104636,-0.35182006244582853,-0.23369103440875355,-0.5960559527189623,-0.2719217120685224,-0.4581635723488179,-0.5550840284923206,-0.7029244356898079,-0.38166276332598653,-0.4798155964081049,-0.15922178807076823,-0.7996365729766173,-0.20482855284930657,-0.9070528492250595,-0.35897113893826144,-0.8027342889215626,-0.2796206873455375,-0.29795205105424,-0.5416803459225522,-0.17592415682954926,-0.5689821340986772,-0.4527514897419614,-0.12818486214320435,-0.25015643121751624,-0.5865258299721133,-0.2992850177164516,-0.37975251854639935,-0.34026790845041827,-0.6246705761984197,-0.4163685706690504,-0.6692545858783181,-0.28395089138973256,-0.35502834054947735,-0.20219647831499082,-0.33809516090271363,-0.49746964082507017,-0.18405965270413813,-0.3616367786445234,-0.42265723159537727,-0.18064498254321926,-0.3947268644882525,-0.5530091877544357,-0.4313365983054018,-0.3893113404740935,-0.24672657660279051,-0.5231621374985446,-0.38374088316766414,-0.6086110534668362,-0.323598804935539,-0.27628509785644434,-0.27270413817594213,-0.29348836979219617,-0.2978661234134866,-0.1971505150066204,-0.7412384139777184,-0.16649089485942817,-0.20195693224671538,-0.3310502369085185,-0.35827925890790674,-0.24382357372068514,-0.3146101976700688,-0.372854339813462,-0.8039935725410695,-0.5914246396237756,-0.21695028313970435,-0.3096082511512358,-0.24747983981190494,-0.5711593102898735,-0.2501801413276597,-0.12503696056502162,-0.4000000000000036,-0.28311690036807846,-0.33030305042942104,-0.2253238759046407,-0.5006222335990032,-0.2141947708731873,-0.2446630410632306,-0.5617106252313867,-0.32408749346722576,-0.19283885433812403,-0.14258646921938958,-0.3910116032004843,-0.6106904207268523,-0.4952562013070561,-0.4920383793559398,-0.46108694864080035,-0.3443788784314432,-0.2298908884994233,-0.2560383688644077,-0.27943515838051963,-0.21091984786166146,-0.25113310761659413,-0.1694885205385879,-0.06658756513245537,-0.5950558951171917,-0.482415264896831,-0.2979215085991128,-0.723778833904999,-0.2674294510723467,-0.9728277142170974,-0.6390518524442858,-0.7738014121488468,-0.5899799076802004,-0.13453849651021768,-0.5619399545734184,-0.3050732284750769,-0.6328935933667665,-0.4740836725264722,-0.4034319190033354,-0.3445126778388958,-0.08511889636728202,-0.33583209999209773,-0.5154787073543853,-0.1479528364657823,-0.28877829001694344,-0.2521942584568743,-0.38186166599426336,-0.27098929211341877,-0.40720930394351573,-0.35831725175488177,-0.2421370081735879,-0.46688776678110405,-0.3099954631796984,-0.339878139982256,-0.3841558373014299,-0.18344204654181928,-0.24228138800167723,-0.21314095127109373,-0.1647773080643915,-0.1956349963629341,-0.18895055129792193,-0.042108420058649926,-0.11927263637279893,-0.15676561225229524,-0.41472340693213755,-0.1375005349795966,-0.12536226217263427,-0.08556509442347131,-0.2015257074678378,-0.2401003893768152,-0.15457877519688218
2024-06-26,-0.5400647207156719,-0.8200407596238162,-0.7543752612477722,-0.8880116381593598,-0.702562451122452,-0.7286445166628017,-0.8111366260698675,-0.8883534440206515,-0.243642121156408,-0.8994584769752959,-0.8909635264997263,-0.8578634139963438,-0.9152609761464673,-0.3349393689632678,-0.5359605741463835,-0.9215062771546194,-0.8460445681369956,-0.13504638911252523,-0.8197685880517644,-0.7021412161126621,-0.7434937304308024,-0.8483616434109201,-0.8329670503313951,-0.8258538946138304,-0.6515843350785829,-0.8214646551757321,-0.8443833728027351,-0.5015761090307059,-0.8800000000000026,-0.23468023318989076,-0.802055904283781,-0.7386415433169137,-0.8161053874230624,-0.6588579185355603,-0.811672954368399,-0.401259201484041,-0.9131124603542381,-0.4679968966895808,-0.571551957300552,-0.8472144631071741,-0.7980115878471968,-0.7333632188089289,-0.8448619189203764,-0.9115623906889948,-0.800403130732728,-0.35251410725503934,-0.8516829863004812,-0.7442438466983998,-0.8311336920201952,-0.6083544583874317,-0.7709587894180284,-0.7644267614532371,-0.36604454305352485,-0.9141528488185615,-0.7164554748805076,-0.40062117442314193,-0.8519137470625829,-0.6718966027971255,-0.7911570948818256,-0.7908032277005449,-0.7528035407828444,-0.7099223137521448,-0.6726425296086845,-0.6766437195653108,-0.8315115658229144,-0.7566954991329545,-0.6692463379771055,-0.7973826018007679,-0.8441179046008251,-0.5777810318269946,-0.7506513811964041,-0.726264143821699,-0.8098510167503187,-0.8178007886304891,-0.8147153151763575,-0.8226236171171931,-0.8493322902979883,-0.8121625320760124,-0.6075062622625406,-0.7439847066740396,-0.7218258475583581,-0.8024868341494568,-0.749611961178425,-0.797711904322153,-0.7629759204313862,-0.8363389616145568,-0.7474975750994541,-0.7135244851095123,-0.4323846659032752,-0.7045425600231521,-0.8543361825466153,-0.8015162649768628,-0.8226160938351621,-0.6929424508808235,-0.672119848386784,-0.8980821237185854,-0.724035423831377,-0.7664445964473818,-0.7700980798250046,-0.7070658169205277,-0.468867156943082,-0.666419874983838,-0.5354677775872981,-0.8383936845015451,-0.7985056431698795,-0.8361200260414918,-0.7285066579842583,-0.755996901483333,-0.798245565222077,-0.759003777616151,-0.34315837999399484,-0.8950706673767511,-0.8142182418905292,-0.7951397470802524,-0.8449165211609527,-0.8980486590667308,-0.6739366814827885,-0.34135864776182956,-0.7581246126651725,-0.7337546178797952,-0.5789275126300295,-0.5103238348963253,-0.40570875634800235,-0.7806772414205466,-0.8780269725451623,-0.8117435758305,-0.7927140740690815,-0.2730523397051782,-0.8124488489054865,-0.6523528014709211,-0.8693964697491092,-0.7626388998873888,-0.786839250841633,-0.7950088598986049,-0.7109606222985402,-0.8102204256829405,-0.7438315360826118,-0.8065398743728697,-0.8467573322884433,-0.8850397143269301,-0.8000715009130968,-0.7000545123742816,-0.8910640757338557,-0.8426213247793266,-0.7462011463510757,-0.7504280154482675,-0.6437326076647693,-0.825657284990029,-0.8237942723661463,-0.9316430837343336,-0.8667562947645958,-0.7534624874914669,-0.5257029567863137,-0.8598971138513808,-0.9082431243980036,-0.8160542058025955,-0.7561212061167777,-0.7255857071305445,-0.47575569657931405,-0.7100860314142705,-0.7421229341770653,-0.6337514687468055,-0.8980157647434583,-0.7648993813495686,-0.8088041043274968,-0.9305832980305826,-0.7620635112940631,-0.7890890887436941,-0.24479927019128647,-0.7552112012324138,-0.8423514376983072,-0.8675606647755121,-0.8169157909516844,-0.7392242339576238,-0.5749110443252393,-0.7055193058886693,-0.2875220841914655,-0.6762734051385109,-0.8302871929495139,-0.4034485630487848,-0.38187149649505137,-0.8426560235657913,-0.7220736186796816,-0.5548777288177383,-0.8590978267965282,-0.75287543830544,-0.9729013430042981,-0.6624522590656958,-0.5656536486685532,-0.6067074875056351,-0.8773326390534624,-0.7662948540969244,-0.7638750908152743,-0.7394367885434932,-0.36363636363636803,-0.8482750867982296,-0.875398886093289,-0.8530457678177745,-0.8410124830990384,-0.6414708624499517,-0.5423776699532222,-0.8635062054390903,-0.7398796237568674,-0.7670961123849317,-0.9226167536270141,-0.5831614144938675,-0.42107910588892206,-0.69177447448014,-0.690383229374688,-0.5192307692307688,-0.576318800790605,-0.8227817294051353,-0.9333333333333345,-0.5861117134261464,-0.6654958338455013,-0.700496829898324,-0.6123143601533755,-0.7472816757265106,-0.6830093171784131,-0.7355773539229312,-0.7054516870443106,-0.5563653979729473,-0.8987859553788127,-0.30032626255479594,-0.9217965452701081,-0.8508818648565546,-0.7935318599747769,-0.5123440817378839,-0.6954821048044725,-0.7127312105823841,-0.5092248433306081,-0.7064575208135537,-0.8203287782974389,-0.5351378031009089,-0.7880949181353505,-0.392301580036366,-0.779696491241155,-0.8081302333872872,-0.778164691641615,-0.7839315773896804,-0.7628862961826048,-0.8633478370547595,-0.40383138963666687,-0.4999999999999889,-0.2631578947368441,-0.3562768985957541,-0.8032889421068393,-0.9764161563315887,-0.5862985313317185,-0.8470172833952354,-0.8399974967883047,-0.8055848789207287,-0.80868885789659,-0.4798653267586775,-0.7747436985020207,-0.8486535360884697,-0.5672807329941383,-0.8291454140347473,-0.7297035059815786,-0.842323977116736,-0.5467485971771525,-0.7449922602046974,-0.8110708553854709,-0.2792795433805566,-0.6148733285207725,-0.4319943799306348,-0.826632680915141,-0.8106287457446191,-0.6458226198327748,-0.7974458258430044,-0.7785997314975304,-0.8017358072219769,-0.6430552561637009,-0.8285696636552679,-0.71699396073462,-0.7771607856407982,-0.9022160210094645,-0.5788062145737506,-0.7370666981772785,-0.7532640936148678,-0.8199531918252334,-0.4084573634367796,-0.3951419582581952,-0.8714508526252274,-0.818657377165124,-0.640286383972047,-0.773993174668919,-0.5370267271825033,-0.6991216669233183,-0.8128277115560731,-0.45738115512388666,-0.47614512574827933,-0.7930729659943005,-0.44930759661511893,-0.6777736247058207,-0.7643332983532335,-0.8862051519848138,-0.6915623127148004,-0.606537442020967,-0.7298180612593759
2024-06-27,-0.5979525666224346,0.0,-0.1543721217395975,0.0,-0.10237519096393866,-0.045274869902706155,-0.33713846892753746,-0.09981521945548978,-0.6213333979741016,-0.39360871197057606,-0.17675244752536307,-0.11796836100528216,-0.2398046435833929,-0.6375625697321404,-0.07561104418116248,0.0,-0.04006421097048557,-0.5912444684647308,-0.1084296440966762,-0.38851524499111406,-0.7423325803813866,-0.04213167668020403,-0.09157266799539499,-0.2160335493461371,-0.23459196624943132,-0.3815319333679429,-0.04187539877642259,-0.37427790546141215,-0.0688886946161433,-0.16413821771426187,-0.3361309117036838,0.0,-0.049696759402606205,0.0,-0.14999147500607193,-0.7217924304793556,-0.09129716113250085,0.0,-0.25561027581239926,-0.05948332501484225,-0.27865415011815037,0.0,0.0,-0.2279483990047498,-0.03877760777625412,-0.4712535409254819,-0.2944886908046283,-0.43649392643278,0.0,-0.07076808063792656,-0.06996950625215477,-0.3499556522330776,-0.7658768087249781,-0.019227438659985257,-0.6226762194888842,-0.569981456753525,0.0,-0.5381633503654547,-0.036555639380523045,-0.3962234800385315,-0.09032779442681171,-0.055769554615046665,-0.010323286874855368,-0.344791678046646,-0.092672722375458,-0.1806687718063274,-0.2825637268769556,-0.21445917552313756,-0.03137238865365967,-0.014812916941347285,0.0,-0.6070470644836327,-0.2908092707589471,-0.09802866206959879,-0.07179315432362879,-0.23405224436120114,-0.06957296059170343,-0.019934676554445772,-0.10202473810441481,-0.06535341595949838,-0.6017788939418667,-0.05185137952945357,-0.04804736403233924,0.0,-0.0431436280912218,-0.14424859288580477,-0.06307667796287755,-0.23561829901550788,-0.6544271167046094,-0.08654145981444508,-0.1059016496150821,-0.44774374814065154,-0.09961553967085532,-0.09823465094534292,-0.4188941614764176,0.0,-0.019501599384914726,0.0,-0.4961687216869563,-0.3849756397585852,-0.3690552277213202,-0.7029900283645016,-0.15869024016282854,-0.06970006258286561,-0.7738343132105902,0.0,0.0,-0.0127815588021032,-0.03628621932415199,-0.5004580815643143,-0.28873439947938107,-0.19254201782764324,-0.07431173787767975,-0.5261993241687226,-0.1409331684082783,0.0,-0.43013949791003786,-0.6446176561661725,-0.49338633657623004,-0.5,-0.12595565304073894,-0.07090947063987425,-0.3110273353275718,-0.5622121749339808,-0.453675980208843,-0.7065554222403659,0.0,-0.8068631737894426,-0.3312316166255991,-0.03239246123505433,-0.7493230738201928,-0.14411026800899998,-0.12811052982106527,-0.10347013495629537,-0.3251641757169783,-0.03534443222294376,-0.4814377293532369,-0.1587210202723662,-0.7075255923906948,-0.2242260164804185,-0.17269778038056607,-0.5077866307632007,0.0,-0.15633746239003335,-0.20855703480197021,-0.3049923534187937,-0.3432125863029955,-0.30718668970057345,-0.0960050600982914,-0.020307104792834603,0.0,-0.5279614277198197,-0.4338172664923452,-0.38338645164576907,-0.31570103097204133,-0.28415932683039996,-0.5242400613672252,-0.17204257033669026,-0.8703948013839392,-0.32239937734346946,-0.1740924645296334,-0.2505380587257627,-0.10775519185079324,-0.18065787459848415,-0.06450233624833805,-0.18573172496809195,-0.32746584497597275,-0.7615651718372736,-0.29487782287070213,0.0,-0.5991148134228393,-0.03677241354256354,0.0,-0.5386677961103836,-0.4391646390313707,-0.1072834475623749,-0.6344998281374694,-0.5808140708384923,-0.09546175059625944,-0.0829933380771956,-0.5932996883350119,-0.3198439800882065,-0.16712494986208484,-0.6242661706554262,-0.2047167736844105,-0.2610212506123393,-0.6599626508355204,-0.750049046316173,-0.7549508924442554,-0.8317048941124228,-0.3773946282285018,-0.2646991620073444,-0.5751692447692638,-0.4387641752421528,-0.7743245555196424,0.0,-0.10500392508576917,0.0,-0.27135816267957524,-0.40568747751040296,-0.5199740410035248,-0.5987760252854426,-0.27510481974538303,-0.5132679423894422,-0.0386784011570211,-0.7871809468366412,-0.7009111105080426,-0.3017772462096761,-0.3609803167714303,-0.432027416217872,-0.5325385261193315,-0.04872986406863877,-0.05867922724284054,-0.6363687605900245,-0.44065378865915045,-0.43702425344525864,-0.7617310245470604,-0.18429038416960664,-0.04940218726149501,-0.4078737740408577,-0.11197916244462845,-0.8470608590103265,-0.16484039712435816,-0.7208841572125614,-0.5688294049746396,-0.06257558392375444,-0.2583049265148927,-0.6623780564866912,-0.33015062557589736,-0.7690151803355632,-0.6999999999999991,-0.5466811053274024,-0.05586883005258901,-0.04565854012427539,-0.035520017810660144,-0.06775087312645187,-0.783791687571202,-0.41089574938515677,-0.2796100786619644,-0.02434203379694411,-0.2758620360222477,-0.10408561729344379,-0.7148497987656858,-0.7820673056928431,-0.6071066957263682,-0.6736844113817355,-0.10467731958186914,-0.49999999999998884,-0.10954748669937289,-0.09236459531041297,-0.03888517626519116,-0.13820789754712223,-0.023111244907581565,-0.2826970319803314,-0.03832326775880213,0.0,-0.5805346979183451,-0.17719912792937004,-0.7959350301325743,-0.08905883378242307,-0.7284636522809037,-0.5496704862583093,0.0,-0.5606554019664604,-0.060487400022631865,-0.07054171154776187,0.0,-0.15136741978025986,-0.6923076923076982,-0.032733603454149246,-0.29247764824388806,-0.49567585200756986,-0.6683103644570786,-0.06463991331754175,-0.059356147178137295,-0.016813054762229912,-0.1347353207274641,-0.15231207876888012,-0.5207772386751968,-0.44092753420041403,-0.6335364662227008,-0.48046563948580223,-0.19703941081971169,-0.23005440790870324,-0.06767224958906538,0.0,-0.33841737752639983,-0.4530450803348383,-0.0997055924827797,-0.048629155962201305,-0.4693807289950468,-0.1555271916155646,-0.12771114310057166,-0.12569685217354562,-0.05393941999849896,-0.16480138223063592,-0.008134001719667557,-0.3384092487169543,-0.11414601171141871,-0.15709680986611993
2024-06-28,-0.34433326980368173,-0.09222850411628934,-0.6534277718254705,-0.1344655099296836,-0.5625525791458656,-0.5760538410453644,-0.1566167510240217,-0.2875112252389925,-0.7201101450527121,-0.7186808065930079,-0.7552643145850632,-0.7038897809117368,-0.3869918735387426,-0.1568639145177905,-0.0790394140514701,-0.5211944809827703,-0.567823876473417,-0.2618720564715229,-0.23192563519134687,-0.2273929685702169,-0.5350945397675504,-0.4362746571658537,-0.7028754573251423,-0.04201133811648568,-0.11672181115797801,-0.46236345705000054,-0.6230049064637837,-0.1699908335410682,-0.6805626793079724,-0.23291391147172702,-0.3134882300890267,-0.4273358010434865,-0.13701414569953987,-0.4955390329618299,-0.8274317952259052,-0.7027824751440268,-0.7041153513613584,-0.12903225806451316,-0.5762443299107892,-0.10302007711413375,-0.5032337026487885,-0.4105084740565673,-0.22454284659758486,-0.33176839185515783,-0.28736963635551976,-0.3160785693973204,-0.7207860230246548,-0.2240652691944047,-0.28546773556436833,-0.3563461366338894,-0.6483985362870873,-0.6085327084599501,-0.7304906969404152,-0.03385733099596731,-0.04573553033201516,-0.7335591584821199,-0.6309214054911839,-0.6400824243331561,-0.16375430283506576,-0.6138994600208354,-0.13063478134132295,-0.12056420679691891,-0.06879946704937084,-0.589629602369653,-0.1821669561572484,-0.15816935566688115,-0.6135621644663196,-0.4392005036808504,-0.14426044389307874,-0.5932707485230587,-0.05564133851288827,-0.5261619688925455,-0.15474142632226615,-0.2966404667863421,-0.1561072171305062,-0.6626622645946151,-0.5116553709677106,-0.16360400200287414,-0.2448600363134893,-0.7810984945065657,-0.14374723239979526,0.0,-0.47341450615569586,-0.27271268551080086,-0.2169883628693871,-0.338756588309713,-0.15625000000000208,-0.48184890900275074,-0.20394709703293443,-0.32655059467092823,-0.07827115269073054,-0.07576493962742213,-0.5522640048237567,-0.5471912607943087,-0.600030277965256,-0.2542372881355909,-0.006469053348117076,-0.4476240358170383,-0.5086127410274146,-0.638214104167654,-0.30373305352156943,-0.037366087357069915,-0.13947845807498052,-0.4567061655999549,-0.16071602756165865,-0.03743023194845878,-0.14046099911365,-0.22695755826493216,-0.17813180591483865,-0.134515970860532,-0.7575867119024444,-0.07680333098957876,-0.09598223360595892,-0.4969697059012105,-0.5455192629456355,-0.38591691481971796,-0.647707597425222,-0.7396485398371315,-0.6492611880756518,-0.7775667947257506,-0.622758567961088,-0.7005393654648377,-0.7891991839198846,-0.8581228616249754,-0.8445274640699799,-0.22046120817698286,-0.6933762214255093,-0.34140793350867477,-0.10320898239740671,-0.1845082597810907,-0.8159309684345197,-0.14180013407318998,-0.5914131003452628,-0.5806731131900783,-0.36182342521241895,-0.6904171675481227,-0.7705192340752343,-0.26807644647420953,-0.6331005754835269,-0.11416064008735466,-0.5753124884552392,-0.7320427161142216,-0.14221306301033224,-0.6923573740322371,-0.773454423845113,-0.12882623338881993,0.0,-0.6180955460866369,-0.5686990764831256,-0.5908483070153465,-0.6892627864974882,-0.6622878106461283,-0.5688132768262842,-0.03817166990549779,-0.12364312522045585,-0.2556925635999733,-0.7304544664926962,-0.12302219182769593,-0.11604410284087774,-0.6446512784433905,-0.11067127556116675,-0.6847493829445984,-0.44848874139481865,-0.08821915040552793,-0.6330199447489512,-0.2075179626757643,-0.8079071215545731,-0.8165004076590406,-0.45850265092678183,-0.06928493467183788,-0.5284671858413008,-0.40113710331827873,-0.15134049291529114,-0.7690874280450146,-0.7830575535369755,-0.7608907368550236,-0.0782939881779443,-0.17971271630634403,-0.1250171461962402,-0.7064718524162146,-0.7231795194864445,-0.26307421212373067,-0.7448750421789699,-0.7425827262028861,-0.7257137674651286,0.0,-0.4201181339995629,-0.47100790831218536,-0.8955666878227246,-0.799375491766781,-0.3334318223275972,-0.6262407219042231,-0.1880478863709799,-0.8276297672354032,-0.7126181262802515,-0.09532419111306455,-0.3944780061919029,-0.2573716792420692,-0.05491741888053639,-0.7183380284427626,-0.1686864606152923,-0.7680041789485441,-0.6796311634541891,-0.5723152831551582,-0.14695449301677868,-0.5968993428265776,-0.8662912023766757,-0.5955806606252292,-0.3368765562265496,-0.8316081843298104,-0.8121046988119189,-0.13860694760151593,-0.4086540855127378,-0.7245498966108579,-0.1560612010853831,-0.4808818212840982,-0.540839689295172,-0.23326422813070907,-0.14852537694137366,-0.22952365990423373,-0.584608070893122,-0.708041996375865,-0.70769387634572,-0.19670784865828933,-0.26473155720132396,-0.08830303697711424,-0.6914360053739455,-0.2902824543808537,-0.458158378730743,-0.8410235978890495,-0.5958683425004216,-0.5268856364742353,-0.2277213352713374,-0.1404502997088647,-0.6017303025554656,-0.45470129749776184,-0.8120435574385957,-0.6345795615741818,-0.5113291849879866,-0.5287822782475395,-0.6768639935409947,-0.7499988181050486,-0.6984296445337894,-0.7499999999999943,-0.4798291690966121,-0.7143472523333554,-0.2993814780381075,-0.7449757102314885,-0.7340147684073418,-0.5669456288543888,-0.1635803323775945,-0.3988305813323107,-0.2953181461406769,-0.7647058893157058,-0.7805592354163247,-0.43515413445370293,-0.7714315395253583,-0.6762138375357237,-0.6666666666666732,-0.8238948826447771,-0.741918178931225,-0.6645637984416514,-0.04033381581603387,-0.5703900618946812,-0.47239022018931504,-0.4877289615829851,-0.1735164615015782,-0.412844036697249,-0.24163209454325532,-0.15967949005320833,-0.11308983704633928,-0.4665907985087185,-0.1567108690057014,-0.31567090121541835,-0.23591571114219143,-0.3742848441650947,-0.1638283304786382,-0.16579608020119693,-0.11033067481409928,-0.7051413382694429,-0.6794772479999994,-0.5602728686019478,-0.4119596121933575,-0.6915087891867062,-0.5069843393651648,-0.1784550673762907,-0.05466297271930889,-0.04740018507273382,-0.10740032910536103,-0.40033466855962396,-0.6011345409071716,0.0,-0.310055905086663,0.0,-0.028051313605894163,-0.2219082804944734,-0.42804124700744856,-0.05755722972920358,-0.02690231731737769,-0.6085794162700693
2024-07-01,-0.8805501232873466,-0.6889757933181998,-0.7098707218663856,-0.8058474202263437,-0.9659123151234651,-0.8387766931723862,-0.7907835085675238,-0.8020916660030897,-0.27960301400032606,-0.3968522160083089,-0.7107701876008553,-0.7457465924954368,-0.6808061646976242,-0.786230562070402,-0.2930141420306935,-0.8419512908358731,-0.8170163776604172,-0.20310392409533554,-0.6850902199821892,-0.689611787148736,-0.7807237978744239,-0.30894374236113903,-0.7653225743794079,-0.7837403802782481,-0.6256429821345035,-0.5971960151167961,-0.6255273425035455,-0.7250160109235582,-0.7140389963317758,-0.828375963604155,-0.8891782832482269,-0.7703093528751647,-0.7378499060545118,-0.7517827905380926,-0.7305167373824104,-0.6977282765765691,-0.7684580390927421,-0.6010893005488989,-0.5859018386769187,-0.9114724960278392,-0.8956431455797572,-0.8133928107464298,-0.3930274696645586,-0.5125024942543757,-0.7691213255744253,-0.7942723267316388,-0.8516689440179278,-0.6226334214111476,-0.6985762326330204,-0.7544352500059446,-0.7767405048430024,-0.4889189447151591,-0.731732985456102,-0.5878754015356861,-0.42363357897608056,-0.1169785016071613,-0.6742552812969201,-0.763729547794576,-0.7972471354275878,-0.7415465355737247,-0.5754453691617376,-0.8582081887670764,-0.7669514872956896,-0.647814410190739,-0.8277329059736632,-0.9161779206095565,-0.49294844236943686,-0.608091760922103,-0.9402691552266312,-0.6995510946076531,-0.7916137336536617,-0.7037988715532469,-0.6817930887961903,-0.5319485406289957,-0.7283694789124572,-0.5728552720108547,-0.8845948788282191,-0.5192426901464499,-0.7448419029119798,-0.4943799894358965,-0.6404646808452117,-0.7939952237988036,-0.4463626661811754,-0.3516746380886148,-0.6803383374268808,-0.3563716918228622,-0.6897842631868036,-0.8518227211251905,-0.5436739070871017,-0.647832128099803,-0.8590784372703656,-0.6756450131020147,-0.43008497239907956,-0.7079731035730839,-0.8349811560190389,-0.8990301214678441,-0.4684544989850368,-0.7861848153442631,-0.6346673685935039,-0.7227256432817664,-0.419069488352379,-0.6596555974913886,-0.13428958134362254,-0.8374935387352958,-0.318821670306132,-0.7712171072200503,-0.3479806747547764,-0.6340690587004303,-0.7496647359197633,-0.46518315407096755,-0.4816307744794299,-0.9451851135071058,-0.6989142548638647,-0.7714315395253531,-0.6092616825856266,-0.5404468141957331,-0.6294280229949304,-0.6924103304658238,-0.7689960478321044,-0.5747511295553847,-0.7946919342747767,-0.6831821902542975,-0.7765495509695838,-0.7165641957490527,-0.4406715932448062,-0.7123255461096357,-0.4892911718643744,-0.8887939119777001,-0.6121113755229881,-0.5696551678867836,-0.17025848864792095,-0.9085974680837728,-0.604091662267578,-0.7471065885868609,-0.6768376369197056,-0.46383971157411,-0.7611725500854023,-0.49769087990495303,-0.7254220661510996,-0.8700455517238066,-0.5377639210753751,-0.7272483073429242,-0.7125406683111433,-0.800952631656943,-0.5246339632069317,-0.7181455352707458,-0.6961491120421218,-0.7971208505659408,-0.842884354745106,-0.8059828453500887,-0.9632092923787859,-0.6486386512419245,-0.7530696459761982,-0.7232965106595733,-0.40749618496246093,-0.6588336185521635,-0.5405584502619741,-0.793617784118857,-0.3034945014564483,-0.7960780702582668,-0.6954113090741145,-0.6932300849657104,-0.03824256919698142,-0.5529351956261198,-0.36706459611117503,-0.7766531724151907,-0.600120380919083,-0.7178135524180228,-0.5375138767140608,-0.6538461538461541,-0.34784932178692646,-0.3794482205357584,-0.8690866141399034,-0.9039543580582676,-0.3773155721822516,-0.6644394811726886,-0.4177143724029558,-0.8313785314206228,-0.792572157125306,-0.21891818456315557,-0.8627536870080654,-0.9298613566766214,-0.7526907715224803,-0.6969782313958373,-0.8106953705149229,-0.7777777777777745,-0.7421527181794313,-0.8329585391952541,-0.669161219939387,-0.3190424667978962,-0.9869111753380775,-0.9107729859312026,-0.6564623114007724,-0.6946636816268544,-0.3709313705060978,-0.6572306312000592,-0.6370782916458976,-0.9036068238186112,-0.6824804069820937,-0.5119527129507506,-0.8149368762526367,-0.37365329443319384,-0.38461538461538775,-0.7554540600789538,-0.6235024702896997,-0.42962273589836564,-0.609191376052855,-0.8599729186402272,-0.8613036235512058,-0.6267682663139422,-0.5642488825351555,-0.7999999999999987,-0.7434983117512949,-0.8217885864763076,-0.9276937359344998,-0.8351138902652303,-0.5173756055048193,-0.7765822200922249,-0.8,-0.7574700605305247,-0.5730985972123823,-0.735572565416208,-0.846105967857175,-0.8527032507455689,-0.7319844224040739,-0.6490441832494184,-0.7690647583940095,-0.9086239874181983,-0.7192563296734737,-0.28291318691081385,-0.6775986590171004,-0.5382454840886821,-0.8837841084114552,-0.6074222836824343,-0.652060388057154,-0.6775254941574249,-0.34161107561805837,-0.8136411057462765,-0.3991948219777248,-0.750732208806839,-0.7303330285475533,-0.7607338826503327,-0.6621030001595931,-0.5723125219530669,-0.8283309255734864,-0.591953616112342,-0.30326602726333124,-0.7457220624871972,-0.7012388485646192,-0.7773939926659277,-0.8795212023361519,-0.7123445407380803,-0.7452122722814238,-0.6607314937187644,-0.7749878094165855,-0.7789022704635754,-0.9305832980305826,-0.4099407682211965,-0.7651250335028976,-0.5979974740270874,-0.663320645915934,-0.5154946953545828,-0.6435552735651738,-0.6383434697907999,-0.7618361914605538,-0.4310983757419432,-0.44249371086143735,-0.5855041698177391,-0.7385899270345663,-0.5881017499059139,-0.8618049418845619,-0.6757173832333783,-0.22544172858344103,-0.5958264832771667,-0.9401024870212292,-0.7831378165818388,-0.15395849132338363,-0.7294494912139307,-0.37266749314530934,-0.7343235672525263,-0.8310510354381039,-0.3933062464322883,-0.8591272684366104,-0.6172485200344019,-0.8958921872552242,-0.7211140509826826,-0.6125633594603156,-0.6395998507964721,-0.03620821136340697,-0.7066052941591442,-0.7827508280487516,-0.7157575476509637,-0.8082352753713584,-0.40918838583587097,-0.5144397976916816,-0.4740143858872814,-0.7549170426674909,-0.3728111160744254,-0.6193516605058421,-0.6148435023210056
2024-07-02,-0.5717032714983167,-0.12954672186047675,-0.2277171653015938,-0.1462910519356499,-0.5121620946715161,-0.5090671881304605,-0.3219965322547204,-0.22932331282611723,-0.1509719881793103,-0.286343092154613,-0.22540455009938518,-0.5882986708552657,-0.24607284537666382,-0.4635309831693531,-0.5778740732095546,-0.482333951824304,-0.19780864059261113,-0.268147534511232,-0.21221377017286241,-0.1253482813878106,-0.6073528533729914,-0.11421839663816538,-0.40029115031721924,-0.32791339471148584,-0.20990049238074895,-0.0686573925471451,-0.1262025427936001,-0.6753539372383587,-0.17763992873388706,-0.6322897792582267,-0.21022570945900915,-0.23525184688027248,-0.1551240651290081,-0.4644494692045485,-0.07815586616640056,-0.30260114155934603,-0.815796041204942,-0.07401092296289126,-0.5239580439757731,-0.03267888021325802,-0.6995850795510569,-0.20071750725014575,-0.12135790296927665,-0.18391753284917492,-0.19377535314638872,-0.5764491063214446,-0.2520618443416029,-0.49094096404420884,-0.7281674409821387,-0.13868282085296926,-0.13638636281182984,-0.1057621436458838,-0.11468122932063533,-0.27755257767879254,-0.20441567625363516,-0.6224250733402344,-0.20291374900490186,-0.3395298074684183,-0.08464220822592114,-0.1072255567168435,-0.0865800726676048,0.0,-0.060064012003138795,-0.2731729806587367,-0.22740335169054943,-0.4234729758722075,-0.20989124745189652,-0.036596377768737684,-0.21326750692043772,-0.3202008463091185,-0.27001524063705373,-0.17749027905001857,-0.09094114409992478,-0.08131485612088099,-0.16175165891751594,-0.18453450734482965,-0.3665251640555404,-0.06698195203823777,-0.12030861305093288,-0.684955638930358,-0.07529569871442154,-0.07663063196846996,-0.13548177635775596,-0.13079956427995437,-0.056377587732424295,-0.45144149465878286,-0.09339620204402928,-0.10998644301137703,-0.2992810985773214,-0.5741108838936723,0.0,-0.1225741223171671,-0.08096346573002731,-0.20814889405187778,-0.0934624811425688,-0.15568618332786324,-0.18736287161829243,-0.20768274574240145,-0.15751335390714263,-0.2389542051665366,-0.09633869784402184,-0.7680192323143994,-0.10124048507959788,-0.34985908695833967,-0.3677881393624936,-0.17358841815719878,-0.0743806104467933,-0.11225895764373081,-0.08033054358966646,-0.16845347342472874,-0.2855815264663994,-0.5797747589309001,-0.22148195453577268,-0.8248822828170373,-0.618410083781443,-0.34515249604581544,-0.7891029701989732,-0.7634131839568226,-0.8092414252614482,-0.8484350552191771,-0.6759075580985574,-0.6824105083706228,-0.7204981582630142,-0.5861757092020098,-0.4461295598884871,-0.2282430456977083,-0.2140949210096874,-0.7314319517638178,-0.15296538277620017,-0.1182360508212528,-0.7037182603164936,-0.3717047656127409,-0.2548624061253681,-0.17530683059777238,-0.10914699186565201,-0.13758659151226546,-0.14828148353653955,-0.08844711925004504,-0.4550751252495267,-0.13877580223119249,-0.6745062403785328,-0.6406467863411814,-0.0856341613195207,-0.6170077778616531,-0.165283184047625,-0.2517731925262092,-0.009851001432362151,-0.20477957251237414,-0.16295571686351043,-0.2787635344943371,-0.22227965810459355,-0.4797005656034262,-0.10969763373638342,-0.34950987379864124,-0.022465597629337405,-0.14094845897964012,-0.5823333155270377,-0.5891772242580677,-0.7286888951945024,-0.3887831910098683,-0.09227325923335039,-0.1556352613513024,-0.6098368756030912,-0.4154897551226524,-0.5472839252146969,-0.41379453373407354,-0.05761742354449706,-0.7508718053959875,-0.2035749831129431,-0.12901341708820405,-0.15018634407565976,-0.2292666338766172,-0.24831083132848036,-0.5403095677593062,-0.7255322976050046,-0.567625317448069,-0.5563455143424564,-0.06399157961148395,-0.16828826480121126,-0.32753722148549314,-0.8751609562024161,-0.0621502361906449,-0.25958348313453405,-0.748728813851718,-0.7911309080930211,-0.17267205983934214,-0.640594301913892,-0.9070795206859067,-0.7246260501619011,-0.7193736463838922,-0.296073352601418,-0.3760732677578956,-0.10256961634030964,-0.7244574524122198,-0.3061972069872931,-0.14123241275009465,-0.10937150510606918,-0.08345521868031767,-0.09221058658769438,-0.8789798851831485,-0.22405723570032127,-0.18432252673680433,-0.5135286371625669,-0.17595622543679765,-0.12541720521457006,-0.772229005203719,-0.7477308835103229,-0.5028968636221665,-0.20667102449084004,-0.5442832697159333,-0.8072044458024978,-0.1818181818181774,-0.10064432776378873,-0.7482944097960718,-0.5207929590909905,-0.5887008886040163,-0.7440430684317823,-0.48255999492839186,-0.16101098416894122,-0.3333333333333383,-0.5640892751963263,-0.8287324202108961,-0.5328837137625883,-0.11255757580442526,-0.23335309193293172,-0.09365423316245139,-0.33333333333333826,-0.08391354788331853,-0.12629466439127426,-0.756693280763952,-0.3333333333333383,-0.7304017817224316,-0.11153698054106663,-0.10976448298725158,-0.2889864193220074,-0.28547883112405364,-0.5811509501281225,-0.5306627906434104,-0.12250862399623418,-0.8201528111025652,-0.28194020471739173,-0.13514487353318955,-0.8374833022142641,-0.7974673157363296,-0.7397365973913993,-0.6839953264368414,-0.1312556466493233,-0.5117919342110103,-0.2477576782855599,-0.12356094456667235,-0.15594373590746588,-0.21923665392084682,-0.02245502425216893,-0.5859268572880109,-0.4859540429892347,-0.3037727116718849,-0.7706371243383842,-0.5807786428715183,-0.8496741557832056,-0.7900136551087464,-0.9089701870996734,-0.57728332344618,-0.3535622868303439,-0.7861015834178413,-0.25639905922400563,-0.04122672081197339,-0.10187783560188703,-0.14091349878373605,-0.23153844742263788,-0.021132629790102577,-0.6322055554247173,-0.51780057041883,-0.5091015174333005,-0.07592103776021326,-0.1991530680151645,-0.12447823837777484,-0.12139499289956338,-0.2712356274942684,-0.4429383934944167,-0.11705973867146507,-0.3931620013032124,-0.41214123379934137,-0.7256419008136594,-0.0937492925647861,-0.11421060010460472,-0.12056987003527272,-0.8220018799635028,-0.09342324356848034,-0.31255161568146833,-0.28210886300627996,-0.619913798996868,-0.14688671058365896,-0.18650263248367516,-0.19821911426571243,-0.32371154520958034,-0.40177116265489743,-0.4010407518521878,-0.5966761482225005,-0.04881786634391302,-0.20811020773418726
2024-07-03,-0.14920223544297467,-0.5304135967090029,-0.5751103085949613,-0.6069161830672073,-0.7251265887639151,-0.08854152004647328,-0.1495786685388205,-0.2761794727123781,-0.3090004153674759,-0.14011656479988152,-0.36582318664225905,-0.17038039560933707,-0.12590974632456897,-0.26591759009085264,-0.05326059515030797,-0.12958667073049862,-0.7617614956949537,-0.25329549891136877,-0.5483321098733464,-0.09359699849541596,-0.7937523712444567,-0.30291672782107554,-0.21328542887322696,-0.3873428972322239,-0.13396338917409648,-0.3902512096163364,-0.2548890304766832,-0.3536160814331202,-0.7649732641567342,-0.2702702862956019,-0.2754170382116091,-0.5348129642964209,-0.3635418498001232,-0.20216741404539862,-0.17344380092679607,-0.12459697246135688,-0.6183398822526001,-0.5224284297260134,-0.2324793884284063,0.0,-0.8640135171419535,-0.4290765315804402,-0.030417940935905656,-0.5968309007470912,-0.5780042049447197,-0.1143562417906672,-0.20059463758173324,-0.3652977791152908,-0.44444444444444553,-0.4994563230092731,-0.4312761960848276,-0.5514722406420169,-0.2078661162254748,-0.5868722586613938,-0.6770217226058274,-0.6680483626484582,-0.016769300226911008,-0.668722842178139,-0.15132158161103518,-0.7022132968627823,-0.2799881113493697,-0.6423295003263937,-0.593373817444598,-0.23880554751922667,-0.3674440410245953,-0.7117933988537347,-0.586472627942943,-0.1800343215839911,-0.4676337860193482,-0.22718077080298762,-0.6456734052333,-0.3517087746510608,-0.49416575820478414,-0.49124731511407815,-0.2703482376965162,-0.4070456319711418,-0.5416700716941788,-0.15980174046243462,-0.19937542798997201,-0.6185031749582554,-0.21101594873796747,-0.5048082740502653,-0.21554558859479542,-0.6909052945282471,-0.4335131864304449,-0.7487356169964382,-0.049986626427665,-0.5427646511032503,-0.20089652796770915,-0.7953213027315738,-0.5865078154683318,-0.42675236741022265,-0.3347951371265037,-0.5654959046538077,-0.5021675208154924,-0.4363193806765189,-0.019072207465191306,-0.2819318157387173,-0.3515366310605021,-0.08275537366849743,-0.6514073026395779,-0.48044546821834816,-0.13835477481649966,-0.5584658209591542,-0.28570345172534783,-0.4552924348005164,-0.5561016858616447,-0.38630577403579563,-0.38152601394822766,-0.2668189060771117,-0.4056797540841374,-0.7344755539998914,-0.5132843600214495,-0.41666666666666047,-0.6435519131253563,-0.5,-0.5773013747945153,-0.5,-0.5065103289360492,-0.4876650818029571,-0.3662486830880744,-0.7740618804201013,-0.6223473662484985,-0.4513996213537104,-0.6555372563557925,-0.8175139141745946,-0.5923470390210297,-0.20815212295093358,-0.06265192911989895,-0.6315560448401019,-0.5383036295251685,-0.4955516297174598,-0.16400487412137876,-0.5617113890279587,-0.33091963362282295,-0.3859067767523251,-0.2531485749054411,-0.27600633085634285,-0.39420604585582913,-0.18695880526403932,-0.22253009827435327,-0.26982686750389423,-0.4016627616008073,-0.791882380500684,-0.5369079407264771,-0.513035367523287,-0.25029809261754044,-0.14059821017374804,-0.20825119686139706,-0.5299943969905897,-0.2675064950093068,-0.6511447267427508,-0.22021685635364985,-0.5691968349795293,-0.3442797246075193,-0.5600208436969046,-0.3966921083593215,-0.7193774495645998,-0.4777959133904225,-0.32066370267487204,-0.3918026576573346,-0.6273109751075551,-0.7972392424398881,-0.0194518264436102,-0.2573981176293059,-0.6222508204490368,-0.3178312490058783,-0.8851249133726878,-0.24084465269007205,-0.2944963933996632,-0.15317097035858843,-0.6065232930346045,-0.7396069722537029,-0.4018576388346547,-0.7566413396139967,-0.21344979401944053,-0.06812484737808604,-0.69177447448014,-0.8429022682901325,-0.1184860368891565,-0.7261717049729535,-0.5315759178634355,-0.424732346570446,-0.5878343113531895,-0.40447422839476554,-0.589455447394495,-0.552727169979628,-0.511218700492543,-0.43287960667502146,-0.7419207938026489,-0.7210086892737402,-0.2961510950624653,-0.8915825645963277,-0.8706246720250455,-0.3233928834490361,-0.5828705122433397,-0.2023146193174083,-0.4722558035556227,-0.6684210516608932,-0.3117830852790539,-0.38959021288354945,-0.6486740273925616,-0.487453588634526,-0.7485726337774362,-0.5462449308822291,-0.18235047580667257,-0.47728918435025514,-0.1828715867716907,-0.5934498444546688,-0.14385803455950033,-0.2281586795204701,-0.7657381066985423,-0.29999999999999466,-0.4645974127117821,-0.6849688078338704,-0.7221738093026797,-0.47993325615247423,-0.5782423799293586,-0.3444880843321969,-0.6535951772652817,-0.25000000000000555,-0.32641601900163164,-0.3264248163056284,-0.7471914168554007,-0.12049511641261458,-0.2788857940340573,0.0,-0.7406436254573955,-0.06398217720424153,-0.2863066794833757,-0.3648103928314141,-0.24347862059737738,-0.30000000000000715,-0.11132597086753565,-0.17262552322272617,-0.03342537095974568,-0.805049156576125,-0.5733545544923184,-0.18255762072769993,-0.03361941131960871,-0.5027808607681806,-0.1576520326039124,-0.5045454246290729,-0.4924013572823631,-0.31277514790091404,-0.38460005160702054,-0.12491697859164616,0.0,-0.029014684002594885,-0.19293842159378713,-0.46705627108221415,-0.5740522060013441,-0.6315006626062402,-0.31900872221576293,-0.5546832789168028,-0.6322896188021803,-0.3513797530713736,-0.049598787086587014,-0.18473753722152111,-0.46308120502613925,-0.35140583878301246,-0.2946236121253332,-0.7505528425348662,-0.316175751997785,-0.5174801820317593,-0.05256570950225689,-0.5510011200998898,-0.4973804248095441,-0.6415551508531515,-0.6472228237377893,-0.22524249531601567,-0.7956327457284228,-0.06629238070400356,-0.593530577490847,-0.5622069888736403,-0.6467019943346387,-0.28727001939002605,-0.6169652125227839,-0.7144607483919259,-0.6730720353201662,-0.9600964078599014,-0.5451752453379518,-0.011238216025712051,-0.512702951363638,-0.7242979074978836,-0.18571539080925104,-0.6291930956176414,0.0,-0.7696160918961475,-0.5763098180302971,-0.718430247274806,-0.4166666666666648,-0.7738913455560439,-0.21327393529194613,-0.21610475995588677,-0.7223830126671673,-0.4229439807889187,-0.1859287579409425,-0.5317219110258301,-0.6687713723140688
2024-07-04,-0.07843428959210359,0.0,-0.03499068615957275,-0.14409941076182478,0.0,-0.44037709701054883,-0.13247399995357742,-0.12141967440530102,-0.6273658020532761,-0.14840840048069526,-0.2226723095852061,-0.5093713621147131,-0.33394313060649333,0.0,0.0,-0.47131655578350695,0.0,-0.2311849041988249,-0.08032025484395854,-0.08190883781679659,0.0,-0.04962048684209756,-0.20740338421675608,-0.03769330800364394,-0.3531972234438875,-0.17913966917485463,-0.16007712273782002,-0.24001951281342854,-0.19411101557824692,-0.14607141798420226,-0.15649237559649146,0.0,-0.0860462196944874,-0.1210709239962355,-0.5582922771304059,-0.24151714279694572,-0.1429475903618385,-0.07228181696296461,-0.4307930782722424,-0.1624148986362342,-0.21257962652087475,-0.0700244227897064,-0.48085684516150917,-0.0715016200995415,-0.12545160660071403,-0.07126941692094602,-0.5019005014096638,-0.20188180833782174,0.0,0.0,-0.08045515103351569,-0.13425465801775435,-0.539860358684093,-0.08708977886247839,-0.12852813339258576,-0.5585748721119005,-0.17903563601411981,-0.2623419169043969,-0.0561370179906178,-0.1727150354880035,-0.09060934430940702,-0.08625372078311246,0.0,-0.20507236167090567,-0.06690926936864441,-0.0274615600120598,-0.025238168741660592,-0.24658444649387917,-0.04099085583385939,-0.4695053863970955,-0.03075968170307569,-0.5342788632423964,-0.06106561779745544,-0.0460018855483785,-0.06445976885391234,-0.07008501539148924,-0.5135994697887726,-0.15470623974332642,-0.13865280702653676,-0.19792101598664613,-0.2018069663867412,-0.033593816769328044,-0.039136839061058845,0.0,-0.05816096734645865,-0.46330298253891355,0.0,-0.05207016758519553,-0.13818272733056633,0.0,-0.707548965482021,-0.3371310167096389,-0.4673190745288988,-0.49162925458142637,-0.7440960265650727,-0.05678498524146321,0.0,-0.011738252831190019,-0.30300830312218263,-0.6180647615111317,-0.06785460159727758,-0.10788260198905167,-0.13483662256452972,-0.2649008387751627,-0.7031060487213755,-0.1707141709948837,0.0,-0.06123081587624437,-0.05597688609024967,-0.0059020367196883595,-0.12188714139027766,-0.10843394501302642,-0.007518286024614183,-0.14054322896822438,-0.2202774785040821,-0.26824067465475104,-0.10634945578595868,-0.5584813320022326,-0.2532636633627581,-0.6363636363636371,-0.16786226195347548,-0.6470864515690166,-0.5239047290349909,-0.7638069703274104,-0.06084039648285216,-0.025926768298610816,-0.30206153687023996,-0.4007544992097097,-0.1938074257219132,-0.11002020504276909,-0.11589968643639495,-0.12601949721684477,-0.08427113912838025,-0.24145792590457688,-0.24708961561944773,-0.07495043016688487,-0.14249165505787129,-0.10257102872391813,-0.17522179152947537,-0.08612682832282288,-0.21640419225917143,-0.5068416781016803,-0.14280382234666417,0.0,-0.35583320838527244,-0.11024334016247628,-0.9006572929769606,-0.22456348081678,0.0,0.0,-0.0778365189242954,-0.43667341073052507,-0.23394368485786843,-0.1909837492087185,-0.13914139409561202,-0.05944481801079056,-0.3501464662274555,-0.0858159411580375,-0.1592695365320441,-0.2908053688796676,-0.017781553967109134,-0.18379203135625036,-0.4385083705592162,-0.0852704490615076,-0.31022342188535984,-0.1541821557238056,-0.6697160338165978,-0.2881187250998156,-0.658549550082133,-0.11563842720628678,-0.310238254336413,0.0,-0.07610611110792963,-0.631672766927514,-0.08757695668661525,-0.37208055937128537,-0.31911353337974213,-0.0631682655999459,-0.0667960230715471,-0.19524915332445533,-0.19790468062237979,-0.1123958814689811,0.0,-0.5273375343290844,-0.40447422839476554,0.0,-0.5639098792624908,-0.3345724893388934,-0.8350165473588126,-0.47985596550494536,-0.05485760862131318,-0.2707888135015756,-0.04990970527022125,-0.12414030587785847,-0.1454143127577746,-0.025258012523424918,-0.3930314970596159,0.0,-0.06261709104291098,-0.29111188728475534,-0.5084742938767145,-0.14871114218984077,-0.08882116836424647,-0.1739533680977377,-0.06569727357412782,-0.2557271391173616,-0.2881355793675641,-0.140483101604546,-0.09784031532076717,-0.3852716523637716,-0.22678203370561667,0.0,0.0,-0.5912607872122538,-0.034459901968232044,-0.2596327886510335,-0.7638993568752718,-0.11025701374953287,-0.04164592289985759,0.0,0.0,-0.754110802854358,-0.04702568980088232,-0.09760798685909217,-0.24879852010952816,-0.17868551446456854,-0.24999999999999445,-0.020641740201676004,-0.01583784603872636,-0.6070757664684585,0.0,-0.0878777349938122,0.0,-0.1261337036570922,0.0,-0.1641608735077282,-0.5588447721218267,-0.07425894550483239,-0.12772276975514057,-0.5876627505389657,-0.19826073266986455,-0.25430593471909946,-0.1284528307588845,-0.49242438261564053,-0.2711253160141859,-0.4166231645835652,-0.12998686323458408,-0.341269485590709,-0.753413192773085,-0.2975702071877498,0.0,-0.06823624264818233,-0.0505497324034905,-0.594529578491211,0.0,-0.0441006752737471,-0.33333333333332843,-0.31323452059579937,-0.6902221412670699,-0.5335530795506427,-0.7750019839415396,-0.1649590308084826,-0.020595925860100762,-0.4855709610721329,-0.035767431389366215,-0.5240434089689266,-0.01125549042620199,-0.06955400381801699,-0.24378424610290594,0.0,-0.314516129032258,0.0,0.0,-0.24956746443913558,-0.5873123964326205,-0.10887013641002868,-0.25610528890310646,-0.07926007178963525,0.0,-0.11176787886817728,-0.26766391827324537,-0.44551880794486626,-0.5317350700158467,-0.4180327868852481,-0.03118373685259389,-0.05034360325063114,-0.004331396319008926,0.0,-0.0014781033977801145,-0.21339817223654284,-0.5151959039915136,-0.16380418072963146,-0.08680628526879688,-0.23660232953002058,0.0,-0.4379057595069172,-0.08631685745340882,-0.17168579613894644,-0.03526413243857953,-0.1537586978723693
2024-07-05,-0.1559657696132927,-0.29010329417963404,-0.718270322164458,-0.3999999999999982,-0.6324403923316094,-0.8285358753402334,-0.29248446584777604,-0.7748447891053417,-0.4835709946928533,-0.5976617996574235,-0.8556805671899522,-0.868421082497542,-0.8955714818796384,-0.34545600070038573,-0.39617505084419413,-0.836082813243194,-0.6988151017370187,-0.50086335932372,-0.7220614529727925,-0.7444812601964768,-0.5834674199247013,-0.5615530395803809,-0.8812773108409796,-0.43761300624162575,-0.552863460421324,-0.7293189601187821,-0.7664347466580658,-0.22528336368733884,-0.8888523901040446,-0.6746403935101474,-0.7059833235608439,-0.5622027865400847,-0.7395934758888459,-0.2521980636848797,-0.6999999999999965,-0.8313771762596762,-0.26357606866351047,-0.34275874413654345,-0.7444686864547755,-0.8008602076743283,-0.2540452233901299,-0.8426775398506974,-0.3587766924958756,-0.8733316430406979,-0.6574974663765244,-0.31386243747006054,-0.573902381194108,-0.8637578868266811,-0.8023808960765725,-0.8443785017921301,-0.6630034790438379,-0.8152614800142769,-0.7429279069007755,-0.24137931034482926,-0.29015673617287213,-0.7677228259239187,-0.6621621621621632,-0.6720676198903899,-0.7413583803595374,-0.9146617712956645,-0.5274513178876106,-0.7598784511300496,-0.5178581871421013,-0.7433254021996897,-0.7496004372334859,-0.7005866608149981,-0.5738233388651318,-0.7669724798128277,-0.7999357503352462,-0.5754535130233961,-0.3220851789478688,-0.8503185060835143,-0.2979225516214463,-0.6815347450816569,-0.7627203361397917,-0.6441370653024323,-0.8083692626132373,-0.7018331757449652,-0.8094797877895094,-0.7499999999999981,-0.2736731148787079,-0.7816959538927732,-0.5662896680920003,-0.6490761414474874,-0.6875048191805745,-0.29665180068762437,-0.7055453686972377,-0.6936255339496492,-0.6227486657657049,-0.5391864980253364,-0.5414594472019649,-0.5924157036416525,-0.7806537457181454,-0.8250083918084338,-0.47822053013844107,-0.7273312867488385,-0.5642538600295594,-0.7559199223618934,-0.8555298926428233,-0.6864186757792816,-0.4989772398039666,-0.2054587994084774,-0.6330598441673657,-0.6890291721242664,-0.8576456154808271,-0.2532708728913361,-0.5473612642184466,-0.7985576556281598,-0.23037856061488077,-0.778171227273754,-0.8077005612691452,-0.7529176214327933,-0.6548465228528464,-0.21649893116407726,-0.3716617581060689,-0.9315334544737709,-0.5014713663332527,-0.09989224134966294,-0.3465942861566623,-0.2103248756348141,-0.5882352941176453,-0.755032696769912,-0.6925127761168067,-0.26594393282650647,-0.8190886549472985,-0.2981301996062035,-0.7699421991663261,-0.21222320996775107,-0.7051634111688916,-0.27901027709235093,-0.5999999999999982,-0.5999999999999982,-0.9231690860624221,-0.710494565314971,-0.313381730187245,-0.8406835335454825,-0.6531977229804666,-0.8110060418129373,-0.7674170355390983,-0.65538838826962,-0.7314130135010811,-0.6097895720430582,-0.7759634356018605,-0.8450047303295698,-0.6030668939470337,-0.718212694673125,-0.855677626703558,-0.814772335030393,-0.8784228786919444,-0.8109293625499753,-0.9459625870974387,-0.8386859878186299,-0.5608216352558475,-0.8580160108203485,-0.6569533319853531,-0.643550306453232,-0.5891549137198905,-0.7500000000000001,-0.07591916366719108,-0.7454247184017341,-0.7321851596811225,-0.6924492577437052,-0.3988320427334296,-0.6327869956893999,-0.25436603939826524,-0.5,-0.9017450366877235,-0.25270702112686916,-0.7153225810237291,-0.08435207991435109,-0.8823210335201672,-0.5759797532134061,-0.7383594278679834,-0.9377868724249914,-0.8025721769616597,-0.6948110081325695,-0.11663037797099567,-0.3070055939912352,-0.7227740492909417,-0.7104024963858381,-0.38273714737128856,-0.5357588818045523,-0.8321396731099276,-0.6810863152437131,-0.674123713991263,-0.5604937501116046,-0.2948726134146636,-0.10880459817331072,-0.40491578794583977,-0.5230740861936011,-0.8127417988008077,-0.8190695631928997,-0.2583326048105388,-0.30628469782620393,-0.19401020176675715,-0.49451814127932575,-0.6048964045509799,-0.511112461953155,-0.7054167059913637,-0.6566301263060859,-0.39312359462385615,-0.6713482962013703,-0.735723768069484,-0.8249156936072142,-0.18119308209978202,-0.2009481700707182,-0.05682107038241967,-0.30121994672970676,-0.300736683724358,-0.595995128124242,-0.18339222041024683,-0.7333477066698678,-0.35134442246401226,-0.21619553090199922,-0.12086828554831758,-0.08998343246027882,-0.1951331576093015,-0.1426201139950067,-0.853484750431518,-0.5999999999999982,-0.23158605901879858,-0.11753437969662521,-0.8141836599616741,-0.13260434996585463,-0.867391712329154,-0.7732404616441643,-0.20980208241518963,-0.03458144155785019,-0.6191028657086843,-0.2704950315869429,-0.09700240776350577,-0.5135861647028797,-0.495928360450943,-0.5691575611768469,-0.928855516669351,-0.6171888764295477,-0.7157059529868164,-0.6542539121733384,-0.52088647678395,-0.843301612509723,-0.3568260721030261,-0.5633042701933435,-0.5092078555789641,-0.2437122427654829,-0.15283148995793425,-0.5796832654257353,-0.4922435907688265,-0.6666666666666617,-0.717478643921034,-0.6744865156016427,-0.7725883517674756,-0.5467960492337833,-0.3156005027578009,-0.5857719489722992,-0.8481218979595041,-0.781360290241326,-0.12146906501216924,-0.5541249386577776,-0.2398308689977569,-0.8375284297379918,-0.08650543631755453,-0.5893966239162858,-0.36639112136989155,-0.17976250194089624,-0.377923829727878,-0.43293302696494484,-0.6173618756111446,-0.8876266119212782,-0.262582187311908,-0.4091387060116872,-0.15296786713340244,-0.8358582348026301,-0.7412757270419106,-0.8755442474158128,-0.2199041247446751,-0.7749243491438494,-0.7593301101543023,-0.422104188690432,-0.697284275524047,-0.8208230169385998,-0.7730956886758498,-0.6682579181350876,-0.499665454510724,-0.7117803088162731,-0.6720581535819815,-0.7992231766830185,-0.6711380276959562,-0.8258799183252967,-0.7468036534880759,-0.79579674159911,-0.567696838353533,-0.41088868474893825,-0.5538553835938802,-0.7014623473995336,-0.47002228910972305,-0.7513522732303014,-0.6657608696990831,-0.7523040507401542,-0.761524647256788,-0.9160592082004547
2024-07-08,-0.47296254043720004,-0.25774999322001096,-0.20339399085904836,0.0,-0.13762291043266156,-0.16472215992823475,-0.10736791892688798,-0.16109682950848644,-0.6509837312890067,-0.21969365954132283,-0.18010181119021945,-0.10623836509756562,-0.19299251718923502,-0.18603941323785567,-0.09480356595428777,-0.05062019870202617,-0.07195455274454186,-0.8791190434317231,-0.15801456555587182,-0.2496801528559849,-0.11673586506653783,-0.09604053199685895,-0.09646854525903585,-0.20899962229418795,-0.38955956837319466,-0.15483455394249812,-0.15560446344675413,-0.19555852908683785,-0.24958966097153015,-0.11179859276421272,-0.29031095694955683,-0.06347845500163773,-0.12282370739676288,-0.3144680907487789,-0.1546095162557059,-0.5715434601492381,-0.12022987997705335,-0.11877433961990394,-0.24079177682744046,-0.13986504823806886,-0.1984346078451391,-0.1384048190795718,-0.19892671944361678,-0.1982065937986072,-0.12547827913677825,-0.07637520349780462,-0.13626457839640546,-0.23910125556773804,-0.20692192572958779,-0.19567861577914392,-0.13554749208107147,-0.31082393608418146,-0.23215446401497755,-0.12577886958647866,-0.11832871974879833,-0.23333043723847152,-0.7291741415788342,-0.3369809381980565,-0.18795461598206045,-0.37800390510603094,-0.18882394488598142,-0.12249879409717646,-0.1658279757934839,-0.6927758241271005,-0.21194375662897638,-0.1710302531365949,-0.5068646583646006,-0.17299699418065936,-0.1494457993789295,-0.09166786252207362,-0.1713683834193077,-0.22585222792758342,-0.14383631922036544,-0.24786235148501867,-0.07097982472334628,-0.1622703460396686,-0.2441527016439434,-0.043779759626166787,-0.6707464343854785,-0.5599869748733203,-0.11193049306458328,-0.06172520413952676,-0.41426808492448913,-0.12681815361739188,-0.13468782801574486,-0.25604825220708655,-0.13181506625222844,-0.0898477512700784,-0.11203341527992995,-0.4599873979467789,-0.15598652344949424,-0.44184207877098775,-0.23799254887884203,-0.161907479161598,-0.3156668728151031,-0.2076112412475044,-0.06865488308366448,-0.1844592283388114,-0.6066674809819145,-0.5517933834025242,-0.6502204915176619,-0.26861935607661724,-0.48119247617496574,-0.2590294506038711,-0.1370018984802688,-0.6622662060235855,-0.1262937787786213,-0.03724808305305453,-0.17568570534842395,-0.17035135350958175,-0.708676895860619,-0.17126735894818584,-0.016999780733834423,-0.7005085903658477,-0.13411166930325316,0.0,-0.6695707499305934,-0.3385908530678988,-0.3948321108036825,-0.39999999999999825,-0.6229575801523755,-0.6955546944732901,-0.6452720679874018,-0.783298168502915,-0.24999999999999442,-0.16037333215125868,-0.12418250767978438,-0.527463278562342,-0.19196222430231422,-0.26493795421972033,-0.1978903142379966,-0.21127489181361678,-0.297112955416227,-0.35813986554574184,-0.08942056818738059,-0.2015684227974797,-0.4273524896836726,-0.632686054404677,-0.6668929070726554,-0.18568133517892557,-0.47754120601864936,-0.18543681097453835,-0.11454579323560687,-0.6340732206652622,-0.3279359649117205,-0.46326422188892996,-0.030494083742297437,-0.23080125514107414,-0.2413248652620761,-0.10999848243473193,-0.0941064482246171,-0.3537444889845647,-0.2802965624559559,-0.2046282781873374,-0.1323227951305644,-0.03287750833161143,-0.4234358207150558,-0.13100853045412889,-0.02412479750131804,-0.07110124593390621,-0.1385316048452459,-0.11153649657087737,-0.6853712797576944,-0.10451489663723494,-0.07027992374249305,-0.1928652161877794,-0.5729718796551276,-0.7771870209797485,-0.45244032305378173,-0.8136569290727483,-0.4186996668905873,-0.15123070102556227,-0.15448364993452918,-0.11888516292953227,-0.7497252033284083,-0.7857515141164075,-0.22034613963476787,-0.04846441727136014,-0.4158060491982715,-0.5901738366623709,-0.7514194887811134,-0.5421675412708595,-0.11627112905465885,-0.7525003092521524,-0.41915264430369104,-0.23955166983079476,-0.6320871942986779,-0.09160785080824266,-0.7855286911450987,-0.7670960312515772,-0.10408275082103681,-0.21068126919009003,-0.2546260772472213,-0.16666666666666421,-0.7907269283370892,-0.21188536860363083,-0.6846954982290181,-0.16962034441813284,-0.18930420833411352,-0.7591773128115997,-0.7295420436039995,-0.5454545454545403,-0.2146410773335812,-0.23792411492001073,-0.29900546597821415,-0.6335202915168614,-0.3025996378301681,-0.11803413603527017,-0.31359082393071813,-0.5851601608253181,-0.33104081567429666,-0.12147302644291398,-0.09056662216463524,-0.6304435806420626,-0.2370276129787773,-0.12744610973781162,-0.7297689086824342,-0.34297506831582275,-0.21237449377513956,-0.13559689650245987,-0.1635462815052908,-0.5796756851406878,-0.43849165860001765,-0.6280262063923704,-0.08894681447049911,-0.08557318113229484,-0.15237767668922597,-0.7537789898204432,-0.5340590581925851,-0.7701125104709594,-0.19234544716180604,-0.19721801483260956,-0.15434239333284114,-0.29938885664223397,-0.11430927662409206,-0.1680648713321653,-0.6014072820448638,-0.4285714285714304,-0.06127870026804373,-0.3502885790002702,-0.09631634409909776,-0.4294748217988997,-0.20368314223158202,-0.492331433772501,-0.3724860335070848,-0.6857642282764309,-0.20785612254407845,-0.3413457878498483,-0.6195944497306018,-0.20424810300710694,-0.21705390725838486,-0.09098735144763435,-0.04058501014478589,-0.7068768016222665,-0.02424442999247138,-0.2101760189964437,-0.25915654398207394,-0.6470048974581006,-0.6762946884697614,-0.7051702835571727,-0.7371930289263356,-0.6837363354036744,-0.07310241533336366,-0.7423997924146155,-0.26122097635348146,-0.49417037404412323,-0.0850921884141233,-0.523990068343632,-0.1748679589554058,-0.04170067785919781,-0.11779177096958082,-0.0867609112047446,-0.2329009844893108,-0.32029726262287134,-0.3196446720663864,-0.12185122723632673,-0.1308094420482587,-0.1919904739246302,-0.305944982403302,-0.1595203563028665,-0.28724660914928574,-0.3210438857467077,-0.1492023871759166,-0.2876369882685615,-0.3497201390084854,-0.31905854557878327,-0.39674870792636224,-0.2818375147646053,-0.2656261782489041,-0.5512925000810951,-0.5639861676104136,-0.0410247445915565,-0.49213994195044697,-0.0820849559819557,-0.2482067028524953,-0.3006613738006063,-0.5148610614743948,-0.09039290149040732,-0.08727228224297992,-0.3625421140049521
2024-07-09,-0.7891343551779,-0.6880666513508121,-0.7286308818058802,-0.6410248088456963,-0.26593885182023386,-0.7633500121284096,-0.6588051194244664,-0.7199999999999989,-0.4468950186842822,-0.8359130663988681,-0.7694800182200134,-0.6927560917240753,-0.5853067661875083,-0.7371874380260702,-0.6037111686391915,-0.8738511843594937,-0.8576446309739959,-0.8449683590563054,-0.6665922987888374,-0.32678747552114445,-0.8237933781402886,-0.6451974166314656,-0.8475060091036929,-0.8423272776978918,-0.496356265329008,-0.3500720311317328,-0.7983014199280573,-0.5977792437298235,-0.5136972611732964,-0.6220323334555785,-0.8193000330916304,-0.7167446264574565,-0.9025698473823096,-0.7107242991911913,-0.8246932723182804,-0.46176508901928204,-0.9252964674446821,-0.600694688641927,-0.8747891892666204,-0.8738241368591164,-0.3707031601947045,-0.6945013800290425,-0.6942810378672812,-0.7616718588846073,-0.7616952979799452,-0.7670052781616736,-0.6924177639029568,-0.663805999986832,-0.8490864529714821,-0.8808096267543682,-0.8469689848229142,-0.7367068148287941,-0.7981579771409516,-0.6745689412999712,-0.7800516677824116,-0.12592580992901195,-0.8845567904004088,-0.7938736553642709,-0.8046674319010465,-0.9309513124352989,-0.7407858465957299,-0.30666887596042897,-0.5733691070792966,-0.711484892051671,-0.7776009925419387,-0.7965034094636015,-0.796500216595968,-0.8906673357884268,-0.7104427761197164,-0.8758883057640429,-0.721311475409836,-0.3230702510244801,-0.8693130934979043,-0.6918895924869493,-0.7201425137177145,-0.7374716381138976,-0.8076631019292462,-0.657837914849985,-0.634943261866533,-0.6646157275660826,-0.4504479679607652,-0.672342720406672,-0.6890371719525151,-0.7097410269346642,-0.6614035408996618,-0.8180756995840354,-0.7362766747381027,-0.7538558304761483,-0.8234843711015444,-0.61795675035797,-0.6244998677995741,-0.6692381567569516,-0.7324930027617521,-0.7953086824547699,-0.5946489651391705,-0.8650261407154156,-0.663236829517788,-0.7534016921612766,-0.09655591120646108,-0.7672246114970462,-0.6148031144548252,-0.6281140600893058,-0.29660631370163754,-0.9009308227901827,-0.7694224603217142,-0.46341214211195214,-0.6959759026837217,-0.6442148184692837,-0.5656566807225476,-0.7686093266212918,-0.4274967915556126,-0.7902568619818421,-0.8024203407667313,-0.8329830545501874,-0.82347554576971,-0.965281185532742,-0.8121838450428749,-0.8203936262923016,-0.8461257433222856,-0.7761026414678759,-0.5611050225712041,-0.8766549697114081,-0.7992892926159678,-0.732955257873186,-0.9260205056605714,-0.8155289853409184,-0.7378249180408544,-0.842427580457608,-0.7972375482100601,-0.7199999999999989,-0.8074554442877508,-0.8744541999252515,-0.6534303982579902,-0.7143624238678249,-0.9527702628980352,-0.8201661134297561,-0.6078532962060255,-0.7369938168009261,-0.7059489700278169,-0.7962069563036397,-0.7810947706465521,-0.5694491023708702,-0.797703940897257,-0.571089841401113,-0.7250918884378064,-0.6778549871025554,-0.40759801819908037,-0.9581719784842755,-0.9265549730403514,-0.9078365410660376,-0.8396165785279278,-0.8168105062157102,-0.6081996627076868,-0.6063602288902216,-0.36710495771768703,-0.6805797530864198,-0.7367671712321272,-0.7031599862222089,-0.5854527677454875,-0.696136080264817,-0.7391374867311807,-0.684873524042625,-0.6013147497960738,-0.658576959942077,-0.8892856804192913,-0.642338406945328,-0.7712315800573436,-0.7956971241880179,-0.6482899092149671,-0.7573168147656721,-0.8276756707170545,-0.6077639902576464,-0.7276997438100611,-0.4709429095366478,-0.7664575195571092,-0.2888506630730369,-0.8083681168985088,-0.7796827181634277,-0.48643260735291566,-0.7641756501856326,-0.5614437441008311,-0.6405659840601775,-0.28045447350588887,-0.8997441756945656,-0.5777918557712981,-0.8043197564902913,-0.8745567164203111,-0.8315401772674377,-0.8321086333782354,-0.29087746060432074,-0.8471698703264745,-0.8578439895935572,-0.8780550377644576,-0.51408362544768,-0.7954936038879205,-0.8128445929507891,-0.868808752147244,-0.9202918897682906,-0.8176239680774793,-0.8120086186826222,-0.33212953323637107,-0.7585174161852047,-0.6439833194622637,-0.6598309905753824,-0.7230833793976005,-0.7929226946206767,-0.6609393237682862,-0.902012955768101,-0.8592254310139031,-0.8530286610010781,-0.959736873911073,-0.7930406410198371,-0.8651649519510798,-0.9566227281600496,-0.8626559004799674,-0.917021905960342,-0.7795407264000334,-0.8781662743239262,-0.8603576052958278,-0.8550989932847519,-0.8932863617161179,-0.9586150632724295,-0.7836117622380413,-0.7546551793967707,-0.716503492981251,-0.8224200399183993,-0.8165914863696646,-0.8455148212050475,-0.9067335724178489,-0.441402001933738,-0.5242203655939186,-0.9040809996677117,-0.8250282926924706,-0.6956436866865838,-0.7367570033828854,-0.8712865073681327,-0.7450049817629274,-0.904592538444584,-0.8242427335297662,-0.6733534251399084,-0.8847334431731495,-0.9092847765802267,-0.8901133148369527,-0.954962433881706,-0.8297974777464052,-0.6939858030947356,-0.6929990337079455,-0.715122458725859,-0.7905993994058728,-0.8386827543530113,-0.7870824817184661,-0.7949380189932683,-0.8136670655324465,-0.9164053258912839,-0.8212373557316611,-0.7663130550636096,-0.7897890969811077,-0.6924514444295334,-0.620936294672649,-0.7444303989131746,-0.8429852637131707,-0.6864049364751096,-0.8796022830517349,-0.6617210901037482,-0.7605774376371446,-0.6676298902261893,-0.783147551619056,-0.886296952180324,-0.8242581203396436,-0.688098405938726,-0.741662942352661,-0.7825290424478417,-0.8539564270519199,-0.8887678856894159,-0.8488136249025031,-0.7567000478368527,-0.4402702425766406,-0.5625590030310413,-0.6925411121639642,-0.7180570992716165,-0.844928914394097,-0.9627663143656986,-0.7118904949796422,-0.3624507199809851,-0.7948264146344084,-0.7430799372067991,-0.7098268805400132,-0.7330445492421207,-0.7406785825534636,-0.7390156623577467,-0.7486618793969847,-0.729074766763833,-0.6198604143354743,-0.7583010518748178,-0.6233047287916982,-0.7809268208323646,-0.7503187625955595,-0.7025273517574084,-0.7269891382841802,-0.6757652480406771
2024-07-10,-0.5795739114040585,-0.690908331578204,-0.3844066324489901,-0.3508734057918053,-0.6161158576171418,-0.2604152496589481,-0.628450714905127,-0.36764728721172263,0.0,-0.608635542960334,0.0,-0.6244326410349685,-0.1488154376033906,-0.12391569558222236,-0.341448641876177,-0.36804286498372124,-0.5511294937176154,-0.263941496366684,-0.47436048974618195,-0.08150420542788525,-0.6054074144741531,-0.2176682539908811,-0.38077924870526614,-0.5647374169876935,-0.4221554531526545,-0.32352941176470695,-0.5392538862285386,-0.15764533752872234,-0.7587297224432673,-0.6957988102253236,-0.8705539949634004,-0.35055537285257005,-0.39627285493237996,-0.5534588761335366,-0.26605531392731957,-0.13731027238811444,-0.13507843930029076,-0.6458661881445056,-0.8376549237945614,-0.6482842964632581,-0.2084447660893648,-0.27972511292125624,-0.35897619625574917,-0.5001458203983156,-0.6272176135866714,-0.6450735684208654,-0.1799182299627749,-0.720356306531441,-0.4253779150265771,-0.23237724076932062,-0.43730105473941,-0.6648274522843898,-0.5296807374548449,-0.4361004736478608,-0.2994453507184966,-0.7810773616080258,-0.49324105456460954,-0.28677323284576717,-0.6492742532412809,-0.4932387743630547,-0.4159559700802046,-0.38444018288819704,-0.38170995249681466,-0.2966585796228257,-0.3826233559008529,-0.29294493066233357,-0.19876779242189685,-0.09415730308224471,-0.591278449673578,-0.14615393636900123,-0.2099372093284359,-0.7276435519004829,-0.2874736048135226,-0.1633951783078414,-0.44824605727251376,-0.40672318887899267,-0.7841753719730188,-0.7922655895572259,-0.6534340006678235,-0.3262639512026697,-0.290381023082545,-0.5385080257733593,-0.14999029470696806,-0.3235683887983119,-0.46602401025636686,-0.8976978873502099,-0.42814934786566433,-0.6275150392302731,-0.3503714861464204,-0.8199807801323267,-0.6212959655519164,-0.0511948775865888,-0.8627143213548428,-0.24312934096544242,-0.5980099737078145,-0.42465098664089923,-0.17593355093373786,-0.5379734291180103,-0.7560808357294853,-0.468078173576473,-0.49786168894659394,0.0,-0.29726742033407166,-0.43265522452626026,-0.2267940230318006,-0.42572362622163606,-0.5086744863294189,-0.45969243160476636,-0.17050012864987618,-0.42053476288093533,-0.30554471226452745,-0.6355652857485038,-0.08353763734706944,-0.7286703421837584,-0.5424573982445605,-0.517983782853955,-0.20244677427104993,-0.646249641768099,-0.3248520140905908,-0.1656105820428585,-0.1923114563639805,-0.6679984558444009,-0.3901145655345287,-0.0600192180799699,-0.06576807575521333,-0.5376253357215094,-0.8003499668874134,-0.4056730147674594,-0.12383004339977176,-0.6313090032794921,-0.1276651492939479,-0.32729484597918873,-0.126895409487167,-0.12870547336917235,-0.818051020112969,-0.028188198821000578,-0.08895464083187156,-0.2017104838629435,-0.41232912259981847,-0.6088063967593325,-0.6950458512864905,-0.13834724175304994,-0.6028226166151572,-0.2365887435428554,-0.09848936595994737,-0.5527456558959618,-0.18639925589524642,-0.16407249432114634,-0.24157610354060952,-0.11353790699194444,-0.669875641447436,-0.23837361819950006,-0.37035584074011874,-0.5719699172106552,-0.5862067756359267,-0.4357220731116883,-0.28911966185106597,-0.40633769339863335,-0.08435842203307041,-0.17690931648646652,-0.4661777863805888,-0.30648335930487547,-0.4834257171013213,-0.5796850469469846,-0.30324365821818455,-0.4645537937102905,-0.6720204398880808,-0.28798292043479995,-0.2294398600498144,-0.40320811432677234,-0.7126982479258038,-0.7012863274291781,-0.5054360764836116,-0.8634063318916085,-0.7262604530646891,-0.13768250313550476,-0.4691576819130005,-0.7454268429123743,-0.7342024291797635,-0.09789488592026467,-0.47066218154224276,-0.76910428461907,-0.7697520121626203,-0.4308360372675143,-0.35641945334169833,-0.34738544636951874,-0.7845365492099209,-0.5075527332519331,-0.029564644041706827,-0.33345845018530434,-0.498584790037959,-0.24610965378397742,-0.6848559754811395,-0.45703414164982853,-0.3002441244533494,-0.48919323332875425,-0.07325348691937175,-0.07692307692307535,-0.35321548005429376,-0.308749328248827,-0.7361801493389448,-0.2269771616389381,-0.5166652096210872,-0.7034114388157384,-0.5776463864655473,-0.5934337446443309,-0.6027997950579548,0.0,-0.5119093241014747,-0.1224692518908055,-0.2587160426937457,-0.4534456194288784,-0.7713356628592668,-0.7739718721781936,-0.8351337485673557,-0.6015944369254888,-0.2896067935060317,-0.5091848175958883,-0.6,-0.36363636363636587,-0.08206665184530665,-0.8151343284857163,-0.18837656745867065,-0.5530525958116155,-0.20722062919193995,-0.3506049311909915,-0.17494321853911082,-0.755197873056839,-0.7306760362376792,-0.7141558519549502,-0.29403550440365817,-0.1408499278757411,-0.4936740648544544,-0.6223103050097528,-0.46374975067753027,-0.016215008982069984,-0.20818223217909423,-0.16115347225379364,-0.48849373713518496,-0.6717059174242559,-0.2782880182505041,-0.08870522762939066,-0.23051230273659765,-0.6565658434875158,-0.2248713821485589,-0.06562705675596055,-0.5202671632060514,-0.3413457878498483,-0.10105284493737382,-0.09318296909651586,-0.2211650299343746,-0.2462798283029913,-0.4155492799590389,-0.327186573429343,-0.15698686313830126,-0.14285714285714013,-0.33333333333333826,-0.1338467069231652,-0.847100520542853,-0.2916453956434074,-0.39580716493210566,-0.23076923076923286,-0.3318231376627474,-0.8505291321522076,-0.21532091513941,-0.3572272195064838,-0.41684013043711693,-0.4209250480881823,-0.6776419282435578,-0.59010816610521,-0.3619243196072792,-0.2533775300196813,-0.29998920217149455,-0.7754273028348881,-0.25828112311068446,-0.6276929233239271,-0.49293373234415694,-0.18633786835581248,-0.7329044961560665,-0.5713985321554239,-0.1322395978435803,-0.10840846295849009,-0.7181110521263471,-0.5020606823835464,-0.31742894914283026,-0.595296216953897,-0.5398127519621697,-0.04481480322808145,-0.10726513280484916,-0.5481456523971902,-0.119476281708034,-0.3642230129238386,-0.7728039063442642,-0.4296054268471396,-0.48466040929471194,-0.36351039185063483,-0.578768932199541,-0.4973864644852188,-0.4938160954884977,-0.4778193206889178
2024-07-11,-0.39004323640286076,-0.6967241219476109,-0.3836752175234086,-0.7561840174145457,-0.8465079718154225,-0.619600068750289,-0.43358977464774057,-0.7730146641674983,-0.7122328402037392,-0.6107602096340308,-0.7584481006435584,-0.6691537029063703,-0.6390583565349524,-0.48799217073262235,-0.5776184465578016,-0.6940998789061884,-0.6326057274146969,-0.8137249578491478,-0.5598165082968318,-0.5209621264409783,-0.8277950038909452,-0.5536514185568017,-0.7843780085199945,-0.6152063160977461,-0.35357557295601777,-0.3847793831444107,-0.8561186081303159,-0.6810378998185682,-0.5110213226678406,-0.9724787552874037,-0.5807950065460363,-0.7488567023570528,-0.5401401959438166,-0.4527407602798008,-0.8128272553706158,-0.6497059712582437,-0.7953890612808331,-0.7475028549341752,-0.7960194896905862,-0.7291000468714525,-0.3747447993503255,-0.5747787552245576,-0.6933774999968436,-0.5979383394274097,-0.5875798613420785,-0.31431346881606065,-0.6097750701230406,-0.4773308040571302,-0.7175780486021489,-0.324969299524856,-0.8026592325348001,-0.657723080176908,-0.48598576726605003,-0.7748977133530387,-0.726710944190684,-0.6008514672599555,-0.371048594126921,-0.633315616481691,-0.6925770667345339,-0.6816754946213731,-0.5875835605822359,-0.5736529408574926,-0.520188841644765,-0.4636633067388631,-0.854623577720595,-0.9323564728916958,-0.3130379508811579,-0.8309647780113353,-0.7751136552894301,-0.6937069037300047,-0.5640076636640232,-0.41180766881388453,-0.25935059348260686,-0.7329272342011363,-0.6277551288935048,-0.8087559913007296,-0.7693980721427617,-0.7763367515590368,-0.6005532430618281,-0.8722925674111254,-0.681204884655814,-0.4857271172294022,-0.35922400141148814,-0.5217855841654286,-0.7136704792373209,-0.24903133221143803,-0.6281059380274177,-0.24185462251936354,-0.65473972268161,-0.4615358472029733,-0.3612945965940758,-0.5374890656434415,-0.647439033435825,-0.7214963422477499,-0.6004217812240646,-0.6336907861748111,-0.2361657449173198,-0.9138016879863264,-0.14392701739216293,-0.6906363267269917,-0.496595418358339,-0.6055800396316539,-0.8356802118068476,-0.7717915757034677,-0.91290653998882,-0.624633402698024,-0.696895710759728,-0.3652166778682573,-0.4822860255046213,-0.7072135848144887,-0.8410540651120173,-0.6302349844853588,-0.7247807113764592,-0.25073189831595794,-0.812513290495458,-0.9655205787128385,-0.5358186292782601,-0.16757403755803957,-0.439702560927004,-0.47712957721405236,-0.6850219525779677,-0.6508912516228307,-0.9454373789271839,-0.568657704678887,-0.8162181690096867,-0.5100829309461922,-0.7871035225157655,-0.33247713442517696,-0.6579178816148886,-0.6046758226098744,-0.4285714285714304,-0.701530940551605,-0.6991142708800973,-0.7581581381580168,-0.7107281231679058,-0.7662122829609778,-0.749397933051253,-0.806481483524442,-0.523058362970782,-0.6436090249068575,-0.7540630097732901,-0.2740924100330843,-0.6000475869543611,-0.7692619288756603,-0.5549320158054679,-0.6388002201583882,-0.6669790288359845,-0.87034929824016,-0.858027249524189,-0.7463880424943645,-0.8250646092265574,-0.4998571252720922,-0.6846380103803343,-0.46515318971531083,-0.36557555462730723,-0.632650821943641,-0.7439717801632489,-0.7299294853133229,-0.7290044892086126,-0.7163919201081004,-0.6628969346191476,-0.6336313361670889,-0.8803900089264347,-0.8391484052264344,-0.7605168627101483,-0.6941987078132711,-0.4021348814751208,-0.840574811740075,-0.7299208289212624,-0.5749926498646102,-0.19474193588693353,-0.7128787495424228,-0.8505354732014926,-0.7556973799899653,-0.8190638848159248,-0.8569606951203327,-0.33690170419389753,-0.141994481475191,-0.8494292746395892,-0.8329338112133098,-0.6021940020886233,-0.6906865434459708,-0.6727877675193551,-0.9703003073432331,-0.5056305738268104,-0.7231691661558315,-0.2134723547291906,-0.22607723034010788,-0.48237602742969243,-0.6565189175985507,-0.8024345537819778,-0.7555330880090677,-0.5961231315661831,-0.07922600034707927,-0.3674020529948887,-0.4877812661737696,-0.8048078380733731,-0.754583058444911,-0.3448222577218046,-0.6262558686432472,-0.6280835305363023,-0.7111142292049123,-0.5655220924903512,-0.6262563046815707,-0.8204894330555662,-0.22760794293003567,-0.08797904923992987,-0.798655706323279,-0.33580063072565225,-0.6621017635258128,-0.22642351692609064,-0.4716627744017346,-0.2532353750366922,-0.4430163652729831,-0.053791340804718264,-0.38579583937112594,-0.5529161929920103,-0.1974273916365798,-0.5409595040148532,-0.7924115014095676,-0.8134297941204816,-0.5302159516565522,-0.7451016998584782,-0.06126718686215946,-0.7627279024305261,-0.7257302222287657,-0.9529865723466395,-0.1867801229924953,-0.9158689727441468,-0.4112644096667546,-0.909971115192322,-0.7636109846200952,-0.4959903976156561,-0.3527223068261229,-0.6107974998001362,-0.5347114446152434,-0.43034913959057347,-0.8190779349890273,-0.2969454368466857,-0.5288333457146557,-0.8766267494606417,-0.7760677528718988,-0.41500772154569004,-0.17717866884250974,-0.31320655010673343,-0.9053988535093588,-0.5079802978764304,-0.9539250627775069,-0.8109443400415093,-0.7485222450625675,-0.6864454515214625,-0.40596410941980915,-0.7110590717715217,-0.7521504860548299,-0.7822220630349275,-0.37816063225553875,-0.21094635066989487,-0.06477065718184459,-0.48295518854775454,-0.8674966410857876,-0.35144510902556564,-0.7615671593489022,-0.6654641657774347,-0.17875852371115922,-0.9575610647645729,-0.7310549141712124,-0.696513779476401,-0.7889039409676624,-0.3811018198324088,-0.49360424038468503,-0.67027163487591,-0.3281628302748694,-0.6611959555651841,-0.4759110622981336,-0.6598319209659462,-0.6513064466440589,-0.5813461758483651,-0.8787146579589803,-0.45645891503264696,-0.5430844941589578,-0.7571104188550671,-0.6423896130522492,-0.7087211756802189,-0.7876629894265984,-0.573138928603883,-0.42104248149569456,-0.41510572254050604,-0.6979931207747565,-0.6430354806071229,-0.21903318593489013,-0.3344362170704223,-0.4453815326987074,-0.22725062320196504,-0.3994616563301411,-0.580563093618052,-0.7189485374693114,-0.47518447732758895,-0.5562327685916584,-0.5415938600023379,-0.14715519833545876
2024-07-12,-0.9111906110448647,-0.31688152066105857,-0.42116105732557907,-0.3715758956406315,-0.9123435872605421,-0.06330254330934657,-0.6070421763640793,-0.3634553226400214,-0.7936162239600816,-0.8017060392476207,-0.14078841494895372,-0.25447194186155686,-0.658976385064728,-0.6650223716677465,-0.7524704636513254,-0.12616821617411753,-0.679728829449554,-0.6971917216385513,-0.24921734803535245,0.0,-0.7060186076304324,-0.4570653968315611,-0.519542259195848,-0.47863185727145424,-0.7604087142656739,-0.5554959961804201,-0.7742308503835774,-0.7949089903433008,-0.09221642224058034,-0.7268515826465672,0.0,-0.359637354770893,-0.6617882771238742,-0.028186233423633345,-0.2162429548295882,-0.15592272236392835,-0.08430457381114242,-0.4975199380597226,-0.8516107231665971,-0.7414970204052882,-0.7485109997585018,-0.5801056114287689,-0.2201856206367407,-0.24520047993891153,-0.6388761335859608,-0.8025865040504891,-0.1942065814873809,-0.7987188136975497,-0.43166803005317134,-0.06912544879691364,-0.3491390467256202,-0.7843726135139243,-0.22425742982388713,-0.5462878877866905,-0.5702873060253999,-0.2873051909901333,-0.6832118849972187,-0.7080011078348076,-0.2812249792111336,-0.7140982378733934,-0.5940050950400014,-0.16823768592761482,-0.20366434474447628,-0.6225279791512475,-0.26853584732595753,-0.11674225959594835,-0.7428099709240403,-0.47686496535885403,-0.7281441164372455,-0.36363636363635776,-0.05864886822051312,-0.08546493001335548,-0.3776892655542085,-0.2070226692434506,-0.11509346764220307,-0.5710179244582043,-0.664474010852531,-0.5677642634195408,-0.7020785977628576,-0.16292366917438394,-0.5430746615512929,-0.3752493160193201,-0.42634614604017057,-0.2731640875653024,-0.29154283460680736,0.0,-0.40708073746721896,-0.7554541479651506,-0.3052320735570794,-0.774943354407791,-0.4289687095309928,-0.04114459406041347,-0.9109770133914626,-0.1717066259911427,-0.5658022914809966,-0.3049520474298931,-0.4642732452695087,-0.6453280848434819,-0.3212967950250495,-0.6922564358355702,-0.6868372261201638,-0.5558537794416321,-0.36110828600021444,-0.021196639779187794,-0.7185729187986415,-0.4793532419203604,-0.8474678996815022,-0.6872835166627929,-0.28375831953004926,-0.6751736784586247,-0.6662219041400912,-0.23121042947571044,-0.22800007792930124,-0.8497853658150057,-0.5759598761901512,-0.6666666666666666,-0.18171909597264585,-0.8371995677883389,-0.8012132904068485,-0.5,-0.44444444444444553,-0.7241513895313569,-0.03743764663345536,-0.09305984172246169,-0.5935529093340399,-0.7163409650958018,-0.5927239209019904,-0.7981498812265374,-0.3118057827922644,-0.38929795275443907,-0.7191400711230368,-0.6431534700003616,-0.3128263288469612,-0.0985523304693133,-0.7880932944591046,-0.15467778895843673,-0.7878005549838623,-0.46468088653757994,-0.40957638090763154,-0.25600934088738453,-0.6647393185731578,-0.3262834994455536,-0.39911543599438687,-0.33744850980129737,-0.6833266407089925,-0.73499306649247,-0.6956205292907727,-0.7577001407367465,-0.59337226571503,-0.22350018712080638,-0.8459328424794021,-0.5042748471364153,-0.7435178121069367,-0.6439542884155506,-0.49440068351227273,-0.7749462999444279,-0.36614801560763377,-0.784207252566597,-0.6257477239596144,-0.21469263787136503,-0.09929266948317009,-0.8126691883087175,-0.1394197496337348,-0.10901355373081563,-0.7338258606118699,-0.3868075344156991,-0.5006253277530595,-0.10855731616500881,-0.7366305464372652,-0.3931273114917083,-0.6580218603978297,-0.5882043540152524,-0.7325289638469115,-0.5102371511592809,-0.23092972693046723,-0.2494436936676797,-0.7297283522937353,-0.4909966342343064,-0.37095177963408515,-0.6764705882352852,-0.14166898411300788,-0.41109782616030566,-0.5580258925975399,-0.16763847558141384,-0.24999999999999445,-0.4285714285714304,-0.802107450027797,-0.8969237736206326,-0.24323538808978326,-0.8001507431193705,-0.49671053774347845,-0.16150993541940137,-0.8284029984846487,-0.33580979594021776,-0.654002624316367,-0.3251866138871242,-0.5176173391121209,-0.26601001289220944,-0.17028578603587877,-0.27841960627220874,-0.4093700611368227,-0.6543388787520072,-0.2107454038459011,-0.1342012106591624,-0.546211123730033,-0.8276230974379573,-0.9060526071725877,-0.32735977255030585,-0.14879073833326278,-0.3387829036298472,-0.7893305258459262,-0.6316217526152145,-0.7773333727857996,-0.8235706590494153,-0.7296840608862053,-0.8098857725146954,-0.5170684726148447,-0.4163006736988162,-0.07190975724284347,-0.4000000000000107,-0.28342492023134613,-0.7830436240794401,-0.13010702161680665,-0.6539118940321658,-0.6912929940372431,-0.7253657869115064,-0.24999999999999445,-0.8377235887490256,-0.8235273534849908,-0.835836974754373,-0.4773177967161745,-0.08410208581114233,-0.8247853498326806,-0.7574174321642538,-0.49850901510669565,-0.26298887444561375,-0.7780784732020507,-0.4523337561895,-0.4062261380927376,-0.618962427669465,-0.5288119402735564,-0.11030843087217368,-0.9208160447798723,-0.7840378966289294,-0.8879400081430898,-0.20309979782306475,-0.3815891780506671,-0.3333333333333284,-0.386354440062499,-0.1926847304235259,-0.311447997258315,-0.4635941883168082,-0.258047736983743,-0.3653354507015868,-0.2137115981881894,-0.22893743772527492,-0.7110812750429139,-0.4413673789756508,-0.6356025080678741,-0.33781355575351135,-0.7518343130700411,-0.3772615791192892,-0.34374919879019616,-0.7229054322637485,-0.3145267050342063,-0.6613798927675157,-0.12560657184314886,-0.1262916686323084,-0.3935415616584619,-0.7208384311030265,-0.8964115131942186,-0.5721371803308666,-0.6525115581460317,-0.6675242898544961,-0.06510935661746742,-0.3317825236713674,-0.49055427244786565,-0.5879478530815695,-0.8642501387514666,-0.6804347646839484,-0.33820707792384,-0.3969806010704815,-0.7832666177031941,-0.7350961966464062,-0.684071600892335,-0.33126724874586505,-0.36274576943807063,-0.2159887552083136,-0.8279558787940887,-0.4818859953643897,-0.2289512482415723,-0.4966307400434757,-0.6647819441663336,-0.3313277751655202,-0.09426862294284874,-0.5027570722543188,-0.4026095944834805,-0.1519617422392756,-0.12350301129195358,-0.8014020587431242
2024-07-15,-0.7702775659777076,-0.3805227325579262,-0.3546235167067713,-0.18856803548177145,-0.12270358083310602,-0.2896067935060317,-0.3953596790218126,-0.08138265648555106,-0.7161125806872141,-0.19644077722804612,-0.6898219091732606,-0.4755873127278078,-0.2961145587587042,-0.7369840753690621,-0.13287839198136298,-0.5944341757859449,-0.22084285634385983,-0.39073753091630287,-0.1224509287345002,-0.6107162003216158,-0.12326084004260232,-0.2813922486727152,-0.3402133583025557,-0.7150704418723473,-0.27216802373981946,-0.6149326689885478,-0.4879086742264646,-0.32449701964244493,-0.6733112497034605,-0.11217172919291764,-0.8055462441899488,-0.6874636594553138,-0.16379406699359278,-0.5286840120119637,-0.518460636473606,-0.6661567783254126,-0.842274885554643,-0.14399302026637115,-0.5427263820699152,-0.24999999999999722,-0.17377600583290903,-0.12533905262289843,-0.6266464690554969,-0.3145698602373058,-0.13882148922815932,-0.8001303751604565,-0.476190476190481,-0.2295161427339655,-0.31562169603796336,-0.34050434683718106,-0.5308593486266003,-0.48364934691643474,-0.44961304843533745,-0.2327337545297056,-0.2972930320096412,-0.738124820893344,-0.06167432304618279,-0.6975185118189581,-0.11988086983731128,-0.7119916589772486,-0.17665388974051077,-0.23401829409427596,-0.03372672981100531,-0.6266829554045267,-0.2865582599048329,-0.08427136186550506,-0.26550244686999663,-0.4554328624900398,-0.5727930011181873,-0.5870622303104037,-0.16393713549632907,-0.7014759674854602,-0.5253293048784228,-0.03924212427465314,-0.04084345066068902,-0.6830809109634173,-0.6478420201465367,-0.38163637079638985,-0.5100019726701941,-0.8328038483748802,-0.2154264394907843,-0.23031492074812754,-0.46170880162566735,-0.4570877864043524,-0.1993543149960661,-0.06224456956452278,-0.1069354392952713,-0.13267871840319895,-0.7059489228329529,-0.6686456298439879,-0.6027543384798951,-0.09149604997668855,-0.4321965789600539,-0.5527665940114516,-0.5806008329363747,-0.26640872490096723,-0.12185864575320396,-0.08176827561090971,-0.6945522010539332,-0.37026623669713926,-0.5633555585284922,-0.3574343753181309,-0.3542159889954061,-0.1062762472753221,-0.17275987193390321,-0.5679842774289787,-0.19968923010437614,-0.25236195604973904,-0.5376580892942584,-0.2076516257893455,-0.006925426670881086,-0.04263761127376803,-0.5817012867160173,-0.7070269867234102,-0.3580454348718384,0.0,-0.814610539236275,-0.829301288484786,-0.8006149368529248,-0.6342580377855068,-0.6916291271999984,-0.7412934421225411,-0.8742537567360948,-0.8015597098599353,-0.2451879386115719,-0.5923864287825731,-0.48036500923205244,-0.187816468181375,-0.6742798371212754,-0.504329796302462,-0.5328365506765688,-0.7719817831149224,-0.6545450661954253,-0.06254832656989914,-0.34389407880015377,-0.7267234981857962,-0.3750000000000028,-0.7337807204032454,-0.5458933494658235,-0.3142828472659833,-0.6002865740488361,-0.6241624258953336,-0.3991115063484141,-0.5454545454545403,-0.6299164037119148,-0.39605460049004193,-0.133348997542623,-0.8632203647842244,-0.2164604417886688,-0.6394816696170055,-0.42231321211695394,-0.4804753569209083,-0.15082971390811659,-0.7114019014072992,-0.7483364028976427,-0.13605701923087946,-0.6092319652095292,-0.9846628675449909,-0.2677302050134025,-0.7420278145324685,-0.14161242874359792,-0.7257229844882707,-0.8502475192735912,-0.10065493201074649,-0.46042785984068485,-0.222201452155442,-0.8398412068442784,-0.7474133941756652,-0.2191181441153476,-0.18807660485738645,-0.3444513445109192,-0.19779390173087005,-0.6256552203993079,-0.5972771020079025,-0.8058187928872015,-0.5121869943544096,-0.2913261761368552,-0.7192242120193602,-0.15746321531891808,-0.32012159287541264,-0.9199040671272118,-0.4824266745187517,-0.25483544660332846,-0.8242409614247999,-0.8571428571428608,-0.34255786808350747,-0.7126941424506169,-0.9123235080550592,-0.8792956619002973,-0.6334951721222067,-0.4934384112111665,-0.5617051133253791,-0.5184781867384686,-0.7767119370476199,-0.7552639755493876,-0.4756850771187274,-0.08790926027698649,-0.20305252989844694,-0.11601000478810872,-0.8206452820138573,-0.20121773520460495,-0.4285714285714304,-0.7658011330471293,-0.4620983008040973,-0.26366664136256107,-0.7272669362768522,-0.784792139069128,-0.736575526201153,-0.8757979706156239,-0.8056618332931617,-0.801466443273257,-0.9561472506513771,-0.2337954338792428,-0.7033462110300984,-0.10082566194629276,-0.8350159784378804,-0.7340432347870457,-0.6710484409332884,-0.20854578613500477,-0.6534132794657814,-0.4320500745035896,-0.7111865690119382,-0.5772255495223679,-0.695990256564756,-0.9565284591827915,-0.41557100672869474,-0.5,-0.40091662044824145,-0.13690755241033534,-0.8396963100655165,-0.25000000000000555,-0.8756041164446654,-0.5555313185473207,-0.20021017689674597,-0.3793428268895274,-0.7089764722347105,-0.39055160791717575,-0.6284604461064881,-0.46338952608316086,-0.7619873894674786,-0.8161514632370582,-0.7127508798454344,-0.7577561617522872,-0.7761921887143591,-0.5889132924794388,-0.8203096374564782,-0.16488416027451586,-0.4999999999999889,-0.5678437109104375,-0.1706572748593746,-0.6531431275968204,-0.34347458137466974,-0.5390420694128542,-0.7203218319868412,-0.6883698018129084,-0.43855003928926906,-0.7369341179482498,-0.2739323938943592,-0.7941753208681993,-0.8558591719999638,-0.7528925963326614,-0.5560286226287602,-0.4556841946576694,-0.9478507005750791,-0.5089483372180601,-0.15824457675244488,-0.12525723304222244,-0.6952208933021626,-0.32895115524963586,-0.14388327448724353,-0.5104920711323626,-0.564400112026012,-0.4712633879566877,-0.35888999436857744,-0.28914817960317535,-0.6037735849056596,-0.3261618229105819,-0.2066622157562556,-0.5591905493578199,-0.35741123341836173,-0.6365788700753905,-0.6448528768483304,-0.763485181058339,-0.1544383289615778,-0.8015180879598602,-0.7933925084893342,-0.5301128064539053,-0.4815157573575302,-0.3930411927321717,-0.047764690208022285,-0.2964574367359249,-0.3035544387107397,-0.6214593414569051,-0.39363943556050085,-0.10109304715428387,-0.5051337500091616,-0.047946545337099564,-0.12207915760955496,-0.11257562469806426,-0.3977156419431124
2024-07-16,-0.468299163635192,-0.5544203710241693,-0.7581741688555631,-0.4876853341797495,-0.833241687457447,-0.1447229619032882,-0.4187196331739858,-0.6868917569912107,-0.44192365964479813,-0.05593793371299262,-0.4251659895165833,-0.21868604980409295,-0.6152471712912597,-0.4787785290307393,-0.6068433554303148,-0.7430297881645134,-0.6433162208898937,-0.5770966181399391,-0.8561964765171115,-0.1339748761196156,-0.8515423485496261,-0.8095080769764617,-0.8975609754051376,-0.9509098692978918,-0.42917294078500445,-0.3547022460822657,-0.6191369494732927,-0.7091993780221841,-0.45780450442587445,-0.5286179002681979,-0.3333333333333394,-0.6012815316757775,-0.741584156002267,-0.7031072115609239,-0.28205913593447396,-0.12870304565626003,-0.7180807769282279,-0.5918393120537515,-0.814096895282947,-0.768589407560506,-0.5084743831511306,-0.7103257241379052,-0.9121171659724113,-0.7424709485042807,-0.8074771980801781,-0.44441340370319826,-0.8817253010831845,-0.7943567556472941,-0.8272859471959532,-0.7617876037476248,-0.8550426850548054,-0.5580642377837478,-0.7649229350216971,-0.6081740659315287,-0.7344306980899983,-0.5674311033298982,-0.7123282019510981,-0.704145613133669,-0.612641672898623,-0.8565613335842687,-0.8633428500115755,-0.3316709807290651,-0.5500193393020643,-0.7520182739123611,-0.7898065387613538,-0.8041677409062249,-0.4655737262821309,-0.1795697733493927,-0.25387136215472283,-0.6148205752746582,-0.8151360634260815,-0.4573819789091544,-0.6193691816558584,-0.6571211935714762,-0.7932904680288984,-0.6881723843695761,-0.8600180917140109,-0.5870898037038298,-0.7080111915443577,-0.6248088757302969,-0.5128967337120355,-0.7554844459375578,-0.7043639171490784,-0.7987072438260809,-0.6635741858577735,-0.7230505997504265,-0.5866434562519679,-0.8064827296414981,-0.5899364058117588,-0.6814871007957967,-0.7640440489731167,-0.8341207205400208,-0.7336344291828477,-0.8651533685476104,-0.7896718873808236,-0.7888008618848458,-0.6608756030097465,-0.6909944097757073,-0.5288255211367879,-0.8660782575268099,-0.779674338507098,-0.5942515955740991,-0.6126063534369962,-0.7838416964630887,-0.021359559702997213,-0.681748521494549,-0.7562367429375532,-0.5656006663706945,-0.8074287950432941,-0.4413467368326596,-0.44212481652175323,-0.6383030893945363,-0.800414154014815,-0.3094326443576358,-0.735080593937832,-0.482640592766371,-0.49153518446826366,-0.47222176950463135,-0.7401056795761007,-0.32341443530523406,-0.728844807428708,-0.6124477085506135,-0.5555555555555545,-0.8568734493850715,-0.5537287655337478,-0.6875386151081818,-0.6836917134504155,-0.764041089480486,-0.49344197483085106,-0.5663944134894967,-0.7917184978681056,-0.8357231956171601,-0.5836769015375557,-0.7516825173821009,-0.8289768945025351,-0.9206765398798503,-0.7315822111881308,-0.6281320219590669,-0.6602245529968024,-0.7428298805943646,-0.7649277849944095,-0.8287814955698702,-0.8035962693680629,-0.4285714285714303,-0.28228231655100966,-0.7982319645858746,-0.4145564595683227,-0.48669846869098643,-0.42410407954070034,-0.8892663333934613,-0.8423131691370774,-0.7392287387281226,-0.5964527765250679,-0.8631062749035869,-0.8068601463797077,-0.8159562066985518,-0.7161007602870462,-0.5455373690374187,-0.6460176991150451,-0.7448068452384019,-0.8239590116080678,-0.7157042374827165,-0.8412162118307143,-0.8583805379876212,-0.8570408087084788,-0.3861124742130968,-0.5700926069006054,-0.7877760484793631,-0.7508857649504381,-0.7856846482095217,-0.8693658493884853,-0.7499302908260255,-0.34033489549331114,-0.6928650544236555,-0.5849757215380862,-0.2754709857611048,-0.2871193145040461,-0.6311115459455299,-0.8256176813969442,-0.8928062931693869,-0.8265984548751744,-0.6498716647256013,-0.8087094592244932,-0.8447274638441135,-0.9246046265545154,-0.6546549694560684,-0.46622981778875017,-0.24987111018369343,-0.46057488094487975,-0.9335162297082968,-0.8012035542075585,-0.39693939826188795,-0.696936853382221,-0.8457924399247474,-0.282853086086432,-0.8837777677494334,-0.6801634299867305,-0.4270141212493299,-0.9310159315426908,-0.7186827137704754,-0.24176040167183538,-0.8643682230052202,-0.9475871940063807,-0.8092221743237347,-0.597627561093967,-0.5331187016172688,-0.3236198895354542,-0.8717945348280641,-0.5648464829928347,-0.766561338818522,-0.46067131565149444,-0.8209695566479612,-0.8442742283401165,-0.42558854129065427,-0.3931168243307259,-0.4366574538049756,-0.3967396897511989,-0.43758145840176305,-0.826710228158406,-0.8324498874257187,-0.9377146679411753,-0.43959756120599947,-0.2777816653784546,-0.958685307445831,-0.9208014217057067,-0.8243521717079682,-0.6560511724745913,-0.6207714017260397,-0.7893694666565239,-0.457938740661235,-0.5141234047337195,-0.576671000248277,-0.5674108360592955,-0.8527272415980209,-0.8468051219618078,-0.28278281594562515,-0.9536403111544666,-0.49674903573812135,-0.9023752729852063,-0.7618840856739472,-0.6747181030701795,-0.4166453292414956,-0.6374826841292022,-0.7388394849089683,-0.19521502524231754,-0.7253542776725588,-0.9001750396880448,-0.9543456924699216,-0.5613360448400828,-0.924297037744991,-0.7633307377811983,-0.8821517379864869,-0.33723829053614396,-0.8254634741487835,-0.8347409883890744,-0.337801544775686,-0.6106004443163073,-0.52156043464798,-0.3757892402379617,-0.774857180356419,-0.3045526165541525,-0.5454545454545447,-0.9157706369865946,-0.33227233942762346,-0.6049009871849644,-0.6023642129074753,-0.6979243337987563,-0.8238496960868956,-0.2566207019752974,-0.7652232985971826,-0.5195107939094028,-0.8659681086502156,-0.4486757243381258,-0.6950990055708555,-0.373602242183616,-0.454540777988544,-0.738419320680283,-0.27472452483478227,-0.5839436446969403,-0.7618351380821929,-0.7660304651892813,-0.7188379518180462,-0.9217972507965654,-0.6786431516061208,-0.7506381846552307,-0.7135028528609476,-0.5886879495648264,-0.1853405915453548,-0.724044753359211,-0.4223665363133433,-0.144832179740062,-0.840497723050965,-0.3999510292005703,-0.09052081233012498,-0.2118793293868017,-0.22531014673669436,-0.797291035443528,-0.7273576736729731,-0.8093398456494072,-0.89390063275619
2024-07-17,-0.8167189592833105,-0.5451112443348072,-0.1475396777947721,-0.46413016270281643,-0.21265429723367246,-0.411128548555936,-0.24711984642736654,-0.6881879796176221,-0.4731929607045324,-0.5165062876198927,-0.02449509042050116,-0.45283721845623875,-0.8759455390566188,-0.7837970773695957,-0.6935221332758464,-0.3302469348473894,-0.11194877737258291,-0.8125880837484634,-0.7297964269395079,-0.4663856720972012,-0.17290039565507637,-0.48160248964715063,-0.4345960850625704,-0.7337405030235822,-0.6912747426362347,-0.49915312039359067,-0.2640942573167495,-0.8212333732965633,-0.8922668422348384,-0.0926051092476365,-0.8455531453320851,-0.11065112029871357,-0.7441143166858605,0.0,-0.3525681173211537,-0.7835727752780796,-0.4848161382389671,-0.3029464400789313,-0.09782100074922996,-0.75178927782465,-0.7315308076153829,0.0,-0.346289715819822,-0.6202352320583667,-0.04951548003818728,-0.7149014513798688,-0.5780833325732738,-0.29856027156236126,-0.30218339689479634,-0.08212808529604275,-0.0583913755832666,-0.3265113712671928,-0.7408702993811076,-0.650944645837331,-0.8415729981579508,-0.6745536069213336,-0.7772089967085851,-0.2170566553558304,-0.6515969917689579,-0.5960474445976011,-0.02556405276738166,-0.1446942546412402,-0.2129558421358278,-0.3682633466633194,-0.33333333333333726,-0.4620531192531004,-0.5840231935035226,-0.4404406601158453,-0.808271322252758,-0.2822505909900434,-0.2516565260465242,-0.7495568801018976,-0.7279334169643985,-0.46560767818519616,-0.6259735864519526,-0.6325367248085183,-0.017656651778426666,-0.07692538875312338,-0.33155228264071246,-0.38264636893009535,-0.7460755860474516,-0.6666121149304414,-0.13580246913580138,-0.45948995592074837,-0.6851175389341614,-0.4586874985876747,-0.6762346227859388,-0.12358960461840471,-0.6016608903592813,-0.21823582039666067,-0.0349077624187431,-0.6333628553196885,-0.16600369013071595,-0.5843279076974524,-0.16800520826516813,-0.3486991443438832,-0.09949654950294566,-0.04943599694414742,-0.8062342603246201,-0.10103760459808594,-0.1280192197811425,-0.6796152939738117,-0.024824486216694884,-0.6509964298151163,-0.775710572882988,-0.08546839415618315,-0.48890186641978517,-0.6573279090192908,-0.5523557342049933,-0.49755471340990876,-0.4869117119278159,-0.7765606159911879,-0.06752974229490415,-0.7927953445407557,-0.7011808727601229,-0.5,-0.20168307681395367,-0.6981016650027877,-0.7689157466701623,-0.433462011294903,-0.6991744336483949,-0.22117200819891303,-0.3163191046715357,-0.2598724096457841,-0.7955517546627494,-0.7302387117696602,-0.563852316188407,-0.7364518663087181,-0.6587070144969793,-0.5814281370021961,-0.21521060538485626,-0.6837129948504526,-0.7336279140726469,-0.9163353574539163,-0.7793326639417203,-0.4985328648618074,-0.8047664098376861,-0.8973539905985435,-0.20318543990759638,-0.7708266877250398,-0.06770203752494698,-0.3533371246944636,-0.8328026298008983,-0.250793158280229,-0.7861550271545175,-0.6527332420667316,-0.897917041441254,-0.8737347559598874,-0.7806867166167396,-0.18640378599817192,-0.0840330215391657,-0.8786201853712579,-0.854269239949765,-0.8275148631445263,0.0,-0.17567860060403478,-0.3956516480923037,-0.7191448478008008,-0.8739752447553188,-0.3523878650116907,-0.5292369462852663,-0.16576376869393813,-0.7552320125689959,-0.4653941555649068,-0.7871058777422335,-0.5400504759800285,-0.5896893042570168,-0.11202120670650269,-0.8075300673600937,-0.03823886859857833,-0.7357689148003819,0.0,-0.6722742734797609,-0.38451365573990026,-0.22190616410389097,-0.7422096009652995,-0.8294731332745077,-0.6954937172631418,-0.5624976141322361,-0.0967743874739026,-0.3563506757620993,-0.8591826109652924,-0.6838392072535749,-0.6104058016324727,-0.7971856068000438,-0.5973495614697409,-0.735867239476399,-0.47185531614591353,-0.13808269642976775,-0.31640551792383304,-0.7120333052003005,-0.5413588978731992,-0.7070036998539719,-0.8448100721312959,-0.7081747472949115,-0.20334988904624188,-0.8436125853543432,-0.5494359485859655,-0.7193827607913889,-0.26801731428978565,-0.7807805198677473,-0.7146290893728969,-0.6319973011290437,-0.10764014904103482,-0.6039472874044153,-0.7567794326290657,-0.7710145338441102,-0.8494169804226457,-0.6780952238451008,-0.33509537684250496,-0.7635003550494038,-0.4511784660130354,-0.43939339419776574,-0.6184072319937477,-0.7848358203106385,-0.5556732405951448,-0.6907039832966714,-0.6858850016152355,-0.24658007891241837,-0.693208917276932,-0.5952153354436617,-0.6824129598056828,-0.050878616139662325,-0.7306982563960059,-0.75532214046158,-0.48907150632008783,0.0,-0.7111541891059938,-0.3991975006201412,-0.4356612345741386,-0.7160383105446018,-0.22222222222221782,-0.6705899725512606,-0.19818868373239543,-0.46228384660092037,-0.29922488113922346,-0.22186566521478623,-0.5600548654102739,-0.6732861562146715,-0.36235565714889906,-0.42857142857144304,-0.05733728577927079,-0.7951959754901157,-0.7650200485894681,-0.7512947984897871,-0.10642657084180111,-0.04781500124705677,-0.49999999999998895,-0.3954069207433079,-0.6888189179567141,-0.4095732154391881,-0.5850753749886457,-0.5748991496384209,-0.4303023959813182,-0.11211215946183091,-0.775321386048365,-0.7499999999999944,-0.4488516904270791,-0.5921157469527543,-0.26232949641052994,-0.7066545267121619,-0.2292501290661671,-0.6772714697849839,-0.8462844436893358,-0.04753244155009425,-0.7578760290963118,-0.6781393283788869,-0.604870949091833,-0.829378755887206,-0.45145973035899334,-0.8156813790074187,-0.5257719543440735,-0.30619195327624504,-0.014621362116711556,-0.8721586099996713,0.0,-0.1042693084237285,-0.7225020719626465,-0.8785790430969418,-0.04376045971276321,-0.191850254303409,-0.16027836676337454,-0.693099870069857,-0.0050961921247675195,-0.5197719181415454,-0.5578217015833102,-0.22555060257783138,-0.6594799500171484,-0.207031182083948,-0.5987080529237248,-0.4710284199677355,0.0,-0.08399097132488809,-0.7898849865355402,-0.688902947397688,-0.731975514716244,-0.44318975207926486,-0.1822282361887715,-0.12476131663076118,0.0
2024-07-18,-0.8340314987019466,-0.986072641040769,-0.9552290761373631,-0.9757293132550088,-0.6468556665088457,-0.5595736193739692,-0.855023673686913,-0.7516563129624209,-0.6638960515749912,-0.6130069331706565,-0.8960747992307342,-0.6293616032237725,-0.8517015310562752,-0.5987359835495732,-0.21594282377639923,-0.9636402811066015,-0.5052173411014397,-0.8312137179596987,-0.5235686537725708,-0.7954609507375278,-0.7593282434770129,-0.7800701038620301,-0.7440220383433818,-0.8677805675333167,-0.7364407804476011,-0.7523614590872452,-0.6111798165530984,-0.3459383216262812,-0.7499999999999944,-0.867049657242806,-0.7241379310344878,-0.5893792376864392,-0.8433799788532611,-0.8679443157960615,-0.843714814136281,-0.7351524635825606,-0.9034972857634207,-0.7674600718068081,-0.8135980412477792,-0.6436614869492561,-0.5481650852020233,-0.8486635394849251,-0.6928629701247913,-0.7521081525509826,-0.6359193795830854,-0.5827477079930904,-0.6632953052641156,-0.8685647488797259,-0.851122979989407,-0.9646751726732192,-0.8971882224477915,-0.6887415552820362,-0.8515296474404174,-0.8745630415026765,-0.36589187344080604,-0.2653919824917466,-0.792458326966113,-0.791935374876226,-0.6355942394170668,-0.7712004327104229,-0.6946330821196649,-0.820094617788407,-0.7562261099471413,-0.6593104732666847,-0.8070796919861658,-0.8044866300980942,-0.679480344033386,-0.7753838142321264,-0.9312463393000772,-0.8551103111319428,-0.8272407422254454,-0.7130253359055975,-0.9581899638353858,-0.8116987100821127,-0.6379734960442874,-0.5745438670178503,-0.6644512818281999,-0.7136139917344548,-0.6072955513792174,-0.8337362106376811,-0.6812038295111342,-0.6244212644418582,-0.8309788916346946,-0.7474060251705493,-0.7068533203152204,-0.6464991360560536,-0.7692075578412764,-0.7630061473673428,-0.505879182319715,-0.8046021279211703,-0.8447330229121695,-0.8355191191454252,-0.7574099178002016,-0.43184190365827035,-0.8029823054315858,-0.7876962502851488,-0.724044791347697,-0.8751246386297735,-0.608678473671048,-0.416847977247719,-0.8334628860490593,-0.7336731024840186,-0.5204138828028435,-0.7499889069410008,-0.7262715150383237,-0.6073926208912451,-0.7820989679369513,-0.38512133250496694,-0.6371861762400706,-0.6269472213532143,-0.8092534252109754,-0.4520579808357686,-0.7407934244764347,-0.9304935339877879,-0.642425091012613,-0.9324579616007137,-0.8689996813872343,-0.5684349668809463,-0.8333333333333295,-0.8809124942228115,-0.8277541405459435,-0.7862745692939753,-0.8625373614436038,-0.6683787770340556,-0.43693710976497296,-0.8903960540436424,-0.8241447610507692,-0.6714961415653888,-0.8451367335099554,-0.80602600893681,-0.7582341929410117,-0.8243469312853652,-0.7388072063085771,-0.7313062297823938,-0.6621652201652471,-0.8871621365590243,-0.6075756615636289,-0.22671776568669053,-0.8100801951882488,-0.38218369913809636,-0.7496833153717476,-0.8582058740358453,-0.6820368868590435,-0.7978743350069603,-0.6712391232259943,-0.5994783888240282,-0.6893881070290673,-0.8924211047616496,-0.8362014659729546,-0.8555177177108012,-0.8116893906634404,-0.6006761051219823,-0.9355487153986837,-0.6831976970370545,-0.7191689331488385,-0.8852659037306273,-0.5651562832831366,-0.562899939914346,-0.2231053398531107,-0.9005952191692811,-0.7850614808506213,-0.7143922104198696,-0.40884210183449465,-0.8571009031653661,-0.7554754655206656,-1.0,-0.8010134846699533,-0.83457274917789,-0.692476197840868,-0.7973934428480037,-0.5450538632584065,-0.7799521852209523,-0.7515796119084509,-0.7829027856810783,-0.8479800531071681,-0.7245584616145515,-0.3489675911294186,-0.9020045186832043,-0.8389792992574662,-0.6905128039827941,-0.8452156798921595,-0.8565861153524371,-0.6410641038800788,-0.8057360739255587,-0.9363270764550987,-0.8905201892312781,-0.7595428479931723,-0.7157825828767984,-0.9221896615529592,-0.6914120958394354,-0.9136462896297878,-0.9003947137435007,-0.8758580448211971,-0.7721742148355242,-0.8736939999627935,-0.7871449675621095,-0.6128621589428658,-0.8504015907807442,-0.9444751089749844,-0.8595045244889918,-0.7265213190487113,-0.8163271030887135,-0.7012014520032067,-0.8498276800813671,-0.7569724463492012,-0.29933352538148195,-0.5223979158516948,-0.8983958410485284,-0.9166929704837747,-0.7223435012658016,-0.35159390454786893,-0.9779095613322957,-0.6428571428571433,-0.6316488762907475,-0.5902421922444759,-0.9460560771926684,-0.7287444700356346,-0.9143143599623808,-0.8013087109846487,-0.93435737016502,-0.8275308731506864,-0.8263069541282367,-0.8954905241369739,-0.8560229253285626,-0.7754859670319239,-0.7810815104067216,-0.8610671638728974,-0.8545871364291269,-0.4266945273811984,-0.7214572000571692,-0.9639027496886026,-0.964097128027862,-0.8213767834565868,-0.3317377930038426,-0.6976083571422073,-0.879958736660379,-0.7826474292036152,-0.8206808630752619,-0.9090793568326627,-0.39709419665110895,-0.9002678292266615,-0.9132912902837472,-0.78992266943499,-0.6766167394132946,-0.9358481836450071,-0.8698332601414366,-0.6498257188163353,-0.977065196561467,-0.811027532030878,-0.6866945398231366,-0.8982289394409569,-0.9509900499,-0.4571524443588915,-0.8503179624508792,-0.8717264251921838,-0.9546120661008147,-0.5088337035969213,-0.5268615570490456,-0.8925381552899156,-0.8294820728577205,-0.8333333333333358,-0.820457593689631,-0.7703430497762287,-0.7385132054075088,-0.7489825187506315,-0.6424746457327455,-0.8022132296878395,-0.6663920281451973,-0.8210128976700053,-0.7938720091737524,-0.41424600560776764,-0.5556997407549825,-0.6512403571162834,-0.8147447105343957,-0.773236685572914,-0.8708420783255574,-0.7661972657499557,-0.643571561210414,-0.6751717351569533,-0.6892193088739178,-0.7524030150617019,-0.5589526461201061,-0.6474158138591339,-0.5976491126086662,-0.5837617589038,-0.48271538919368634,-0.6662244627377785,-0.5102333541686429,-0.654781686828047,-0.4891332115199747,-0.7960030612870717,-0.6321525382888784,-0.7200320473486224,-0.714328866647238,-0.605904815171702,-0.7995044052634586,-0.8362237274805308,-0.31622932842308143,-0.7222907324983322,-0.7146048498945983
2024-07-19,-0.6183574823856726,-0.800719566818229,-0.6603744766313039,-0.8000000000000035,-0.6965183035579225,-0.8683705433958417,-0.8187122817319744,-0.8871143390994708,-0.7828140408728099,-0.4625958611259932,-0.8626293526948615,-0.6582857520588842,-0.853403797239561,-0.8289154739528062,-0.8215980677830662,-0.7926199766766063,-0.12517597783947024,-0.9022953316304089,-0.6022655473679853,-0.3547111701429746,-0.6798688588108537,-0.7217139871136546,-0.8439065079893123,-0.8470152332993064,-0.550298447666726,-0.6084378780677134,0.0,-0.8844400927821676,-0.8196723812964141,-0.5000000000000037,-0.7534824488444375,-0.3865425006496318,-0.729403357107063,-0.5861052992605049,-0.7504103287713153,-0.7147717670710522,-0.8992464830017574,-0.2846338271598738,-0.7856348412983317,-0.6615821803133197,-0.6293429663938455,-0.6048423804636909,-0.5083032871378159,-0.8022946249063103,-0.6358903299895107,-0.46765470359463707,-0.8188656589953328,-0.6119625000507967,-0.8440625562621683,-0.7368941202227639,-0.7215125441917263,-0.33978571939289615,-0.42119749784803373,-0.544428048074196,-0.9005975425620589,-0.7439350473787059,-0.8324406910151592,-0.477634773720442,-0.6779760653924353,-0.8077735527698365,-0.7320227159485717,-0.7303122272116069,-0.6557883078349048,-0.3432199800793364,-0.8443199077335231,-0.6376362640153744,-0.6448147407127495,-0.7034243084238306,-0.2556340299009094,-0.7766729691559733,-0.32325749921883074,-0.8330687857304996,-0.8356806207409633,-0.41800226992122225,-0.17305378420740572,-0.7823159368831674,-0.13467103062699454,-0.13502924850781253,-0.46900991574633577,-0.3366800266933439,-0.7525119412402471,-0.5023191054799188,-0.7053543189992961,-0.7344232912447745,-0.7752900454969286,-0.792077970004677,-0.7416690996753356,-0.46704293565754423,-0.6696571051119873,-0.0049999274649725825,-0.766351894909155,-0.6728855246577368,-0.5227972682853919,-0.7417758665771935,-0.5302378849619562,-0.7968419531554257,-0.6999311933442269,-0.6611688236279712,-0.7185940371977845,-0.6324462510278451,-0.573186683087688,-0.7671565000226969,-0.6939096752467079,-0.3404721224292506,-0.6817590999541955,-0.6461648484644354,-0.6078998359489064,-0.6014612174763357,-0.8003110778884959,-0.7943653922632009,-0.20200681828398498,-0.8576951465507289,-0.7115035048079627,-0.6696022751552846,-0.7983147663524559,-0.932910918923167,-0.7040091533120937,-0.7777777777777722,-0.8333333333333358,-0.6612200727761148,-0.5532133758733108,-0.587824309360308,-0.3181818181818185,-0.6346747385597471,-0.7787972898605235,-0.807973531526145,-0.7678230421364213,-0.8961429507588344,-0.6545963708308047,-0.35647917627518394,-0.9590220148132073,-0.6609096487719383,-0.92567703546312,-0.8408605032691374,-0.6641446018649779,-0.7876289189127308,-0.811774408940392,-0.8807941541449998,-0.8243417239785507,-0.8068005764125471,-0.19382240329890107,-0.37881495011705263,-0.7638884636657886,-0.40012531205501967,-0.7884180487654502,-0.5358359082256061,-0.7708596169497368,-0.8212683039694273,-0.7297446148416539,-0.8372852719125534,-0.8818357642556083,-0.879576997467887,-0.8064792781209899,-0.7714019869661024,-0.7640017069762103,-0.5942477406172367,-0.6965617225681854,-0.6961437518466213,-0.8207809050192196,-0.8473325574337588,-0.7046600972223248,-0.7033306528292461,-0.4154831015696028,-0.63591392819022,-0.9208079976590079,-0.370891146044423,-0.6727645283321132,-0.5158784093516511,-0.8167449922067257,-0.5378423944163612,-0.2428530120861761,-0.6433510955707819,-0.7518973214261004,-0.7628834575539274,-0.7578698473371789,-0.41876436080911644,-0.813864440025596,-0.7204761753354275,-0.7264639471629075,-0.6060490384147864,-0.7040428726500084,-0.6741218458433554,-0.8566954633511112,-0.6729462379565903,-0.8249763092751924,-0.8393144027287567,-0.6021489961783972,-0.9770651965614675,-0.12683465215227882,-0.8561467776635602,-0.7652310268622359,-0.8107055576488327,-0.8232688380677524,-0.6752149956346409,-0.8664132166297706,-0.6998044402328659,-0.8403661476261913,-0.5666886758225361,-0.753590918113348,-0.7152355513255522,-0.6506245295879398,-0.8598804419688632,-0.7917437990023992,-0.15612008254210144,-0.2810132619237873,-0.72336214451882,-0.5226003649019111,-0.8693176881998795,-0.7701016134594101,-0.4975436342287779,-0.7701045659770637,-0.7648145748673403,-0.41929050387689404,-0.8888888888888911,-0.8087049039847841,-0.714285714285709,-0.4210526315789469,-0.9176682350930159,-0.8014991699376572,-0.6539443945993058,-0.7689479169926772,-0.8924115104584949,-0.7239848333676301,-0.814807280959453,-0.8198184272497823,-0.6620623095330006,-0.49190955596200775,-0.50537614778608,-0.5665976859453251,-0.8347436656771866,-0.8670018818607155,-0.8179301846517972,-0.7859256394481815,-0.22110327842267957,-0.7760448885206361,-0.3974801150486224,-0.6994930823870842,-0.7533409197922379,-0.8846514111842827,-0.5695464756116223,-0.7499999999999833,-0.6293338291732429,-0.8921603265424997,-1.0,-0.8308848338109741,-0.4174896859843043,-0.7867595772947119,-0.49999999999998895,-0.5555555555555522,-0.9217175942423562,-0.8843215311421669,-0.9235553563824822,-0.8403506518009698,-0.6008317755729082,-0.8490593654580852,-0.8699052128153418,-0.9656390416812264,-0.7748338834376021,-0.7012679204417009,-0.8096764963036651,-0.8656717270629695,-0.8426422134895099,-0.8334440138236275,-0.5277711063134262,-0.5883271251661238,-0.10792396791512182,-0.7986246481941269,-0.6694865419279865,-0.8337945403851911,-0.6039731675385173,-0.733872750837957,-0.6306440323644112,-0.422254771816027,-0.6961423430645988,-0.5640420273052237,-0.7526422024008761,-0.7580444549610379,-0.7720529238490424,-0.7382644158975671,-0.602822189817901,-0.8044033388863482,-0.7642183946433407,-0.8347974533424758,-0.15068493150684845,-0.8196099947444844,-0.7203786063118648,-0.63075732081142,-0.6372235197834486,-0.6967351206176781,-0.607404839984971,-0.7098705425999249,-0.8970819509187161,-0.47122431809891285,-0.6815346634935537,-0.7589209568345386,-0.8876404494382008,-0.7588890927933907,-0.6735073169931419,-0.8597422752893932,-0.7247002742466463
2024-07-22,-0.22424718440995814,-0.3243958708242321,-0.3346121577392465,-0.2627525125250015,-0.4395317683839234,-0.23034506936350593,-0.31401629908420825,-0.19928837175542044,-0.23154546456635133,-0.262198685977064,-0.19631143297640238,-0.6948776909800666,-0.48044952235094285,-0.004309228527750103,-0.014853620081256834,-0.31417521957374916,-0.45459468981266904,-0.2270693527909105,-0.3446165854005798,-0.21980351186826122,-0.297377099985422,-0.24089453077769926,-0.2152123240841757,-0.4192498568755295,-0.23953656688363237,-0.25110541416838034,-0.20630467673836186,-0.08098034928535555,-0.5131849300093704,-0.20957898769974925,-0.31509550068562503,-0.08417690336672314,-0.36552278364256774,-0.5401655542071245,-0.3255022475201939,-0.4746081934167334,-0.2782256294402748,-0.2750087154444982,-0.37420648382278204,-0.34779408700937237,-0.15387879438623087,-0.4333107388051737,-0.32567796469428584,-0.3286403596805754,-0.368421052631578,-0.1700920291869667,-0.34683493433148416,-0.7567534881878548,-0.6010504943478634,-0.37007586908059276,-0.5083331496833542,-0.7521230298161963,-0.5777802621154351,-0.23906321358536334,-0.26447124635580466,-0.3959694653772541,-0.5965654918051059,-0.37668768020988425,-0.34326542859587766,-0.6086016323817482,-0.5606573711671008,-0.4210314585994185,-0.35924643841719334,-0.7954245412376013,-0.07892275403154371,-0.6084006056153335,-0.24459388418700995,-0.46598662945141006,-0.7535858964504533,-0.2617398881713957,-0.2493503802149878,-0.31334431212704567,-0.3279482259912593,-0.15659972892420654,-0.5371164518304035,-0.19234689329417126,-0.5393301439838517,-0.30523306938715283,-0.6947108459386735,-0.6804054612321699,-0.30550028659750733,-0.458777692130675,-0.38159964100612,-0.39348475090748813,-0.3507712352536211,-0.30495945652598166,-0.17733425812949974,-0.5238371947872235,-0.5913966930825606,-0.5517563121278551,-0.2654458881474698,-0.5600051482682414,-0.28407897135921445,-0.5623656651908227,-0.7237772187520799,-0.2394568005148253,-0.1288495699063716,-0.20307870889917298,-0.5428571428571444,-0.1698490094913989,-0.5903731434025475,-0.32670576232845494,-0.12633124288080028,-0.6580543075007123,-0.3558046730540603,-0.23348769513549233,-0.5643239363502961,-0.4462537257960431,-0.21365263686201166,-0.2295304078760358,-0.7237645038445131,-0.31591783558067427,-0.009797584192257859,-0.3080252306488196,-0.3008345371304967,-0.5,-0.21274370279045227,-0.2058091417844969,-0.5202676584228507,-0.42030048755268457,-0.7888113651311572,-0.20521956033863537,-0.8392678721845434,-0.6565592254808758,-0.576254798828749,-0.8804389813844905,-0.4932334639292506,-0.26176595964532107,-0.23705006388964212,-0.7550720786265727,-0.42150053488491546,-0.45607848619760105,-0.7708766747624894,-0.5201436702460501,-0.834393184927561,-0.5958746276525768,-0.6022476030293952,-0.1545948889804143,-0.4142747061701465,-0.49677798857220834,-0.49197107338456114,-0.9179191543892109,-0.8267407702563859,-0.30924988412329446,-0.2933446527297634,-0.6898786548818862,-0.4680982246956155,-0.7654620548003978,-0.2359390324225574,-0.5672037597829964,-0.569352918204501,-0.10940264841882193,-0.23487140098157264,-0.4668363624395327,-0.6071394377285272,-0.5773875746572896,-0.6513994471711378,-0.20602366568292305,-0.2089932651320947,-0.4960436586854639,-0.5676275181230837,-0.6361713873551865,-0.04652578711809757,-0.6853471054320875,-0.4429015763516824,-0.4823961435246475,-0.6606773039446766,-0.5756863454375042,-0.23098701425485396,-0.6611271538540285,-0.773076618148599,-0.47219514026218196,-0.4174528692643364,-0.12546526615754972,-0.39859886263209454,-0.35438623906416833,-0.10723537625709764,-0.49999999999999634,-0.5715066461958103,-0.30859985851321425,-0.482745614440805,-0.14010758256349848,-0.2881675686775893,-0.7807553359223454,-0.5534605636466732,-0.7242734763461401,-0.3759111073718168,-0.5049148915295935,-0.5932450635560663,-0.26501475504979893,-0.5642947212195133,-0.2826879233423745,-0.4316943424525487,-0.5476417881431996,-0.472907790679082,-0.35869218527070534,-0.2417162534537624,-0.4550186348508813,-0.5393087219109965,-0.9104477611940298,-0.6832234916272917,-0.44843606152293547,-0.22535713963734494,-0.782418948890487,-0.4840222021426644,-0.28308080404383806,-0.1576977669304599,-0.6508695245507173,-0.5311344995307414,-0.44880776752706353,-0.49995033412433204,-0.3843522737788206,-0.33542976277882314,-0.47956958308497577,-0.627940623839845,-0.8263136299204842,-0.6406402583045382,-0.6243405797608281,-0.22345623651473404,-0.4444444444444456,-0.4285714285714267,-0.6367501112356952,-0.7532564569725655,-0.6734374871966324,-0.8720942088133474,-0.705514304139294,-0.7620323266469232,-0.4399021594269548,-0.30250719691413597,-0.5207011518543382,-0.2546467129004973,-0.5590111555525435,-0.5156727680979075,-0.4666242910155952,-0.4331540079900995,-0.7675018508970385,-0.5241891248093309,-0.4809851194231503,-0.6536167985267372,-0.24314495221572763,-0.35187027847619845,-0.8474525127525379,-0.3999999999999988,-0.30334575656725365,-0.2911823153944461,-0.4441818427722572,-0.24773702149392526,-0.49999999999998895,-0.500413741222752,-0.2934161847999868,-0.5210054978040878,-0.6007450457242145,-0.3106716876955852,-0.8269790359169489,-0.6458809947163084,-0.47887980169958655,-0.4517739682346251,-0.8793394949328435,-0.5589345759352541,-0.5120960451705538,-0.7142857142857216,-0.6544120990534908,-0.6064914370881213,-0.3028899751337687,-0.43276128199225594,-0.3586284744985787,-0.6693919545781257,-0.21116633097654428,-0.1829044089351508,-0.7353200273784575,-0.16693572898929362,-0.5579986469431312,-0.390086137791184,-0.3914565973726954,-0.13774610213297778,-0.34859583468184535,-0.20458144920664598,-0.334699027920433,-0.19312033395354064,-0.27596368275855143,-0.29573754692632315,-0.11989304621216872,-0.48519730068219113,-0.5882106559301731,-0.41198504725602475,-0.3158685817037233,-0.32975099478128567,-0.5379611265638132,-0.37494650735571294,-0.5298982575003667,-0.4662584237771318,-0.5714285714285733,-0.4016649818285681,-0.48765195274285716,-0.6792062325182381,-0.6605159629531954,-0.64274438864614,-0.5012186152976759,-0.5348842783987084,-0.40927357862184943
2024-07-23,-0.12174790906316534,-0.04776353038105139,-0.02573975926773642,0.0,-0.15355646046348326,0.0,-0.12939067473271612,0.0,0.0,-0.02243603425218199,0.0,-0.05396633175416598,-0.020411806987764146,0.0,-0.009286085940573719,-0.16118483691161758,-0.13032237379374514,0.0,-0.014271856093090384,-0.02511033209366878,0.0,0.0,-0.01577139583475026,-0.08372502463335678,-0.015505018396698529,-0.019076462259308882,0.0,0.0,-0.06524752860629313,-0.06466639927284064,0.0,-0.019441298521554125,0.0,-0.06842842047903062,-0.055002437608843886,-0.016676320453864534,-0.024511322316193355,0.0,-0.08368256227273024,-0.03694551046914101,0.0,-0.027605425239124383,0.0,-0.07990798652490427,-0.05695194683769796,-0.11088644257048065,-0.011226869089827644,-0.04007776126403561,-0.5351641790471741,0.0,-0.020274861039211726,-0.09471239505890176,-0.08846317005746472,-0.023320857615436178,0.0,-0.05174948396019478,-0.05424038605599579,-0.005044670152215846,-0.023871027539381952,0.0,-0.03837310003325287,0.0,-0.009726627609768206,-0.11085586318035515,-0.03068106901450781,0.0,-0.023255608378236994,-0.029494918473358535,0.0,0.0,0.0,-0.05213710866466791,-0.10695941768688733,-0.008535279054647817,-0.012492459696922096,-0.018471012384695715,-0.028655715206308184,-0.01992689513723402,-0.043269191603621075,-0.48506084419184975,-0.027385339396584846,-0.029481984638826248,-0.04260156122294155,-0.03446727068724661,-0.016495111295308385,0.0,-0.027373965988513608,-0.008708129299064074,0.0,-0.00406082592634676,0.0,-0.029448374578551546,-0.06639278463250677,0.0,0.0,-0.0776300989396843,-0.03048416232221583,-0.03518074332976948,-0.058190218167418185,-0.06774546392511792,-0.009899203978693904,0.0,0.0,-0.3184965115812606,-0.013886706336542055,-0.38075352394481404,-0.0030195212073480487,-0.007494114646681414,-0.028060186799676878,0.0,-0.061034657871235215,-0.07673423189874984,-0.033099606350765545,0.0,-0.014125991499263517,0.0,-0.09340713152902493,-0.08465187253275107,-0.16890677787675765,-0.3568875231942173,-0.061834038251304464,-0.09227618993070752,-0.7097514951767355,-0.4375752653911362,0.0,-0.03423555060145098,0.0,-0.22916666666667837,-0.045933384472491366,-0.086884718912588,-0.14437044653463343,-0.1585413693209735,-0.037819065023873596,-0.06482588170382196,0.0,-0.02045466224071012,0.0,0.0,-0.1056218593313823,-0.03536948369264728,0.0,-0.0733145247095997,-0.034756270222735974,-0.06175712273866784,-0.04185318063875688,-0.047749873701270214,-0.04937310444251879,-0.34540198757379964,0.0,-0.024657143740623375,-0.03619784229436476,-0.3179252915591161,-0.1999818185086702,-0.1904598049661126,-0.020350290297330792,-0.07519156542230811,-0.08778347815256785,0.0,0.0,-0.06358008548254358,0.0,-0.0280903949574161,-0.1934340962842867,-0.0427263184661425,-0.0119095763851395,0.0,0.0,-0.7262877283813789,-0.09607887430326943,-0.63666396481254,-0.13989807856738218,-0.03400652741819382,-0.035394399170265926,-0.25899524146162417,-0.5359520857805443,0.0,0.0,-0.2709217522270545,-0.10640915758442203,-0.05280074584643683,-0.45144231850977895,0.0,-0.040083239276903986,-0.7175634372135902,0.0,-0.06884897913192492,-0.32279900114081167,-0.4033263651655699,-0.19376197538478115,-0.5509945323268011,-0.05292890598440719,-0.012993179528994966,-0.03619499231622135,0.0,-0.5916986651973076,-0.04747041424576978,-0.012532597796710641,-0.04498232114311191,-0.09196421531599608,-0.177640560886186,-0.013855232822410439,-0.06472666602714428,0.0,-0.012785838045373055,-0.059462048616729796,-0.40992996495423695,-0.18017723424011747,0.0,-0.16082682268747708,0.0,-0.6231658925386634,-0.06530204472360748,-0.05641403894409518,-0.6276905226465725,-0.02266717602781885,-0.4909749666276449,-0.5982717148523347,-0.0406412075388753,-0.03639594578496144,-0.089176135202539,0.0,-0.6812908405754317,-0.029131040369104213,-0.18881298432561044,-0.22021698694234887,-0.034224548631686176,0.0,-0.036541854228004475,0.0,-0.6086763294197879,-0.4818859953643909,-0.08573702175512583,-0.10771376457067161,-0.060693862399582965,0.0,-0.025584275046338548,-0.3307045346880584,-0.1865282477493417,0.0,-0.03720501857496643,0.0,0.0,-0.37139963141585525,-0.20000000000000354,-0.4955521838967345,-0.07979608943235551,-0.015236005763907665,0.0,-0.36206901752607445,0.0,-0.04164934809719429,-0.10841921282156537,-0.021418265670585416,-0.06515383013250485,-0.022372489027520214,-0.045154968301899225,-0.5690789112260872,0.0,-0.6739476491824713,-0.6580114063510024,-0.6356616141470602,0.0,-0.012918689078802207,-0.4272200265733886,-0.05436306928128147,-0.007657722026878256,-0.08042249179341114,0.0,0.0,-0.0049478738545103715,-0.06542855973592444,-0.07354259179206944,-0.039847289144691954,-0.051827695332515175,-0.025958664752958997,0.0,-0.04395123379328055,0.0,0.0,0.0,-0.02206150472943684,-0.27986765544806047,0.0,-0.05638278018202316,-0.048621325387308685,-0.16940913157999538,-0.060558234916437303,0.0,-0.014943584765579098,0.0,-0.11041070883848618,0.0,-0.08929174856292164,-0.01411581039832586,-0.0965995671721721,0.0,-0.08119628744546348,0.0,-0.023983367476563062,-0.054706338811972614
2024-07-24,-0.08541033340244213,-0.04111632126070192,-0.27108886413315286,-0.16234591537834547,-0.3421348850557632,-0.2536022460701679,-0.33333333333332843,-0.15201141020720968,-0.16732506282547094,-0.4452974317500086,-0.3402096069946949,-0.34732417158157963,-0.36019654311102633,-0.21302617827465437,-0.025760337116665533,-0.3821426517846227,-0.12453015603842235,-0.16415841679785528,-0.14978767590978864,-0.47035487913463353,-0.35584025249368917,-0.43587757270155425,-0.40816226820160784,-0.3190759479107376,-0.27806748661823444,-0.29547925105293393,-0.05127486050966255,-0.2598389717378757,-0.13091458456411945,-0.34976676868988255,-0.26877109665527904,-0.08849751941177418,-0.21130577717082577,-0.43071300259446177,-0.333481944925202,-0.23585363184569114,-0.4648971130266425,-0.12011706039369642,-0.474562268291821,-0.48738447662802414,-0.09094577439124556,-0.09522628659199352,-0.05864875502607181,-0.3470848672568443,-0.06580887422794886,-0.545845919051588,-0.4439937044184997,-0.1899252360526354,-0.48301168514668663,-0.1822266853569327,-0.1803888973138973,-0.2171526448125613,-0.15686660127741886,-0.8070887629083073,-0.6136103594402244,-0.3327416151712137,-0.2456950652693715,-0.267303520049114,-0.2519959032136209,-0.5432013465968495,-0.09729638811560248,-0.1698234541516411,-0.09270680776585481,-0.33768973533705854,-0.1785220981154049,-0.059783784969112116,-0.2402036608920023,-0.2660303187889658,-0.056584416978928256,-0.09797117872257989,-0.07068865620278486,-0.3188392941858473,-0.24693631154567688,-0.04934419748308423,-0.03654004543440741,-0.18349286811957105,-0.12286565170651548,-0.08748348933461036,-0.11029360961753305,-0.7399564523890165,-0.16276424206689638,-0.07894573537224052,-0.14440605621211006,-0.1266075892342429,-0.05574502657502823,-0.17701342321318125,-0.31825317801334085,-0.10334267679650898,-0.4251267346954328,-0.17652101447379434,-0.1802194985324778,-0.1230575607627637,-0.1715458983948794,-0.20027409616752034,-0.3796128594444886,-0.1642525834396942,-0.2891205127290281,-0.06984140029889423,-0.4314480069320985,-0.22297109183428715,-0.15436878932631948,-0.24920030409132155,-0.2327825350180348,-0.06505566320623211,-0.220621514574217,-0.3517820772563832,-0.158837891048838,-0.26221829747630826,-0.22746186885591418,-0.02109661184283977,-0.21520685177357937,-0.20395255500838588,-0.04697886403224942,-0.0739702604652578,-0.18355928243424674,-0.5,-0.418355654747379,-0.6047243861077328,-0.12215077384156534,-0.8096594794120018,-0.6752149956346409,-0.6433389251345754,-0.7152780637703147,-0.7157660496316106,-0.11599223253069041,-0.2336312871447724,-0.5090425544401145,-0.28400584073316193,-0.29977806625532355,-0.13616148684009394,-0.6193571663835924,-0.3783068578250744,-0.10954799113684315,-0.14714493913191576,-0.1678802804044348,-0.25898112486127367,-0.175300437857768,-0.33306890635436287,-0.5779783227664677,-0.24284275035041958,-0.16392552525157061,-0.6439380234979821,0.0,-0.3477404471271779,-0.2881389925435479,-0.22948497331750484,-0.2927988527905546,-0.3840883768765659,-0.18921960732767587,-0.2724495839487872,-0.4717815962332424,-0.3613070664480245,-0.2622512790663639,-0.2715233864697871,-0.08885960253927593,-0.1967267347046731,-0.6455878568631441,-0.23266973751085712,-0.18118352499157975,-0.8100251634220856,-0.1975215796020851,-0.4404384342932295,-0.36114555254536435,-0.20402401759593136,-0.13196647551364354,0.0,-0.15129221132098544,-0.769683576937844,-0.1620977508382915,-0.1920504201022715,-0.25910501119981383,-0.09950437595294637,-0.11857779517926176,-0.36502170135278905,-0.6141441070406044,-0.7142426965576583,-0.16881297902202694,-0.2729556982458718,-0.8974959154893035,-0.5027577612891476,-0.7503484675088269,-0.21394633391553064,-0.4323944843021481,-0.7244642589851837,-0.8250330709195245,-0.6249999999999972,-0.55201248322084,-0.8151300677061751,-0.6600406867661707,-0.7595780828415382,-0.49999999999999634,-0.4993115275076738,-0.30733717931405136,-0.7612533573199033,-0.20400788854323793,-0.14188717165930415,-0.8108634068519724,-0.09354871153294622,-0.3052271606595779,-0.7578280613129005,-0.47022106219891374,-0.2803984471154645,-0.523909385929977,-0.1520260269451878,-0.19599245120380254,-0.3697291687742317,-0.10276736042505558,-0.6022085863005479,-0.4302724123490615,-0.8239764441464316,-0.5310444085806085,-0.36017315457598287,-0.07064962551013447,-0.6101254814191531,-0.317629719199614,-0.5138368021252505,-0.7024269914206939,-0.2942393651235075,-0.20838152828716486,-0.37500000000000283,-0.6474466387431306,-0.5550216511039316,-0.4884017058454345,-0.2333063269479718,-0.5752628657582334,-0.44000126104738907,-0.8066753396029388,-0.16748932852761064,-0.059236318360509764,-0.6863328201347392,-0.6682921335252212,-0.5721755887028379,-0.6536462346018562,-0.11853582379458404,-0.23588269734670642,-0.2525229352543417,-0.7166441730019534,-0.718520171375968,-0.2774818176870622,-0.6184017288891634,-0.6507822062792508,-0.5496914938693455,-0.6438377956644514,-0.6562502050477498,-0.30413399136543284,-0.6166431619709206,-0.1466403440440724,-0.65123523714016,-0.7013687192005427,-0.214759637400926,-0.22487611152665923,-0.6142322032415689,-0.16332542410874748,-0.7201427235404347,-0.3625271622551104,-0.1685915792418019,-0.21086706541533368,-0.3320591248359289,-0.5347596904897789,-0.8181612473125908,-0.4196431704131244,-0.6361133115195209,-0.18454350644760553,-0.6783298611553501,-0.27277231254436785,-0.13214065532882963,-0.11650404353025948,-0.20155357342753666,-0.2739131116498943,-0.07303752347816249,-0.2105939680675443,-0.7456355362659784,-0.04668811586058332,-0.1401301017210804,-0.030491201370844684,-0.022511010922091627,-0.08527679328640528,-0.3033579197659379,-0.14841286568736786,-0.0858106126555056,-0.4239409442260545,-0.5533202853864908,-0.22909114539201897,-0.11675631494901675,-0.14662369890556542,-0.09430700265666866,-0.16277058034277317,-0.3380934779848358,-0.07008136401041018,-0.28437034268988615,-0.6848781991569725,-0.04226120847238134,-0.43795415175672775,-0.40143752549116274,-0.12061328505415456,-0.031922747797878216,-0.1422890042992191,-0.5091461044235512,-0.15411747810523374,-0.1325003981112413
2024-07-25,-0.6089729214019597,-0.5258102802202264,-0.5217391304347783,-0.47475275999186484,-0.8405039582694586,-0.33694472939939385,-0.32948425992726316,-0.642498080881358,-0.4244293717626715,-0.3600938177830103,-0.7765907988748222,-0.689864510124222,-0.3666258630080076,-0.29117566785272175,-0.29684050640579224,-0.6359217154650115,-0.6135765405714141,-0.7512017065257269,-0.5549596217841192,-0.8530224354759719,-0.5842940661757378,-0.34803703969222877,-0.6547109825950361,-0.7105033310786729,-0.4514681860708558,-0.5799592675605798,-0.7603986416673972,-0.424241266726269,-0.6633747619500581,-0.7197760826332907,-0.905546902416699,-0.45459399846746285,-0.5282319974227779,-0.04871448907908439,-0.3114956274672671,-0.43984149107318415,-0.800486736429834,-0.4390365269230585,-0.5985823118229899,-0.33958419288406494,-0.7938804531173497,-0.44219545858692455,-0.5423052782108019,-0.7370540447041833,-0.409724403507564,-0.5353349893320979,-0.48398291548112027,-0.6156898146597992,-0.7367048976284318,-0.5691357004147773,-0.6282069737802093,-0.4940681535404152,-0.6012083959249205,-0.2599846083107414,-0.5791833004023466,-0.5834424892860333,-0.5599814585206522,-0.4440910781651214,-0.5124512087722156,-0.9111206617414093,-0.5242416384203533,-0.5360297769468754,-0.5221749136240743,-0.6083981413515107,-0.6485702021204773,-0.6146875763223302,-0.4070799699941124,-0.810031554067197,-0.6663802406352286,-0.3036319189294825,-0.44107334535136355,-0.7241379310344755,-0.7733843252837203,-0.4971676761803467,-0.7112954051975524,-0.44078154679445447,-0.4361434543900917,-0.1523722850776081,-0.7709676176243871,-0.6989772739707325,-0.6206360766312099,-0.5037691528628447,-0.5622409137215997,-0.7026145713080068,-0.48910333855650645,-0.29475436873838223,-0.6286007180607999,-0.33897322906577115,-0.34246398266206596,-0.25981168318951814,-0.5575467976538784,-0.46369831979625403,-0.7633034100566637,-0.5658086726475845,-0.7654997367636119,-0.48917563395087654,-0.3203151151752347,-0.5468030346657986,-0.5425472877227574,-0.16131178710529975,-0.7073573064386635,-0.45105034674611505,-0.47196559418570116,-0.44565003946559123,-0.7451958889693245,-0.3559577041005791,-0.14196501116933258,-0.5402418723498812,-0.6286778066498301,-0.707259398359876,-0.63105730251319,-0.6227651774049564,-0.46336240675668444,-0.7967005428887386,-0.6828360522095281,0.0,-0.7229436217927606,-0.25876655552151584,-0.5664796809194544,-0.5213960053416501,-0.4568269439641229,-0.45769335097106223,-0.5028638418586056,-0.7027811433156433,-0.7245786483626901,-0.39876503943279196,-0.12137887373932454,-0.513662609012372,-0.4609514254063324,-0.3698377418090268,-0.32770910085696076,-0.7839126429553679,-0.47323171798414276,-0.8934308570388133,-0.4285714285714304,-0.4753822142626285,-0.49999999999999634,-0.610945876915055,-0.16573005570830238,-0.7282369270549252,-0.4217532537162496,-0.31485353156188056,-0.7295042863823876,-0.38593221191746285,-0.49110343020961256,-0.6256407578195201,-0.19677896916163373,-0.8141004404696879,-0.6277765323863159,-0.42035578893249564,-0.6856796988453862,-0.7938272556471327,-0.21408674182132525,-0.27577084773796573,-0.34295903285176443,-0.5765278447090451,-0.38216284411578694,-0.6465271728525581,-0.38705873504080773,-0.23636074928102635,-0.5640478754580807,-0.22139191855260174,-0.37382616215429104,-0.386887874739711,-0.13533572876368224,-0.696066328558684,-0.5407979993379954,-0.4012182484716798,-0.4960386355287902,-0.02194716715875408,-0.7606426747020159,-0.6144685936223607,-0.4824772759270502,-0.7386910370112576,-0.594652443073301,-0.10178848468619747,-0.37310554821270736,-0.7300371042306446,-0.7659905482748561,-0.6840794986279339,-0.013959350243692669,-0.38432249091117826,-0.5711811455870351,-0.5254786578667059,-0.7086879617929259,-0.36840965462155767,-0.6038510784908817,-0.4980872248910319,0.0,-0.40322952021432745,-0.5465568040190086,-0.2533293284728113,-0.22532583644784404,-0.7889686409181623,-0.5402574480113773,-0.522116901184262,-0.7086830647858116,-0.6803315062973214,-0.5628308458591836,-0.5800203762765868,-0.3593750000000004,-0.6528930372692936,-0.45841151871354124,-0.2882024462968781,-0.2728339746169335,-0.4795604041927387,-0.3102961186217741,-0.056581800373743184,-0.49641063940269364,-0.5118805371318768,-0.4405012123314701,-0.579925677125317,-0.8221747970772503,-0.527050107642023,-0.5708766895759766,-0.4909749666276449,-0.4925690435565198,-0.4789869342715706,-0.4544072537635105,-0.7073976874728769,-0.1165439078737637,-0.595065816279383,-0.3121112995658045,-0.49506290234741596,-0.42088326336131393,-0.7206324168066367,-0.14999860659008354,-0.37516625825802996,-0.45777751020354146,-0.49052001748245994,-0.3160987060767914,-0.3705890563573206,-0.6911111836562103,-0.386405124077418,-0.7695910952931185,-0.19679955268916557,-0.31825273642327684,-0.36450676709810226,-0.46172510457448873,-0.7021082612478843,-0.3571428571428526,-0.2725111208235898,-0.6385176160012779,-0.5242673783434839,-0.27588608135529097,-0.0879855704082637,-0.6111688261221626,-0.9327606094273106,-0.053385793531973376,-0.6963779817758903,-0.5266814770009571,-0.4623014373063047,-0.5859111159012181,-0.5757503665521865,-0.07146150278002679,-0.6079340079980305,-0.25902434655118134,-0.3200457617988964,-0.8692585500249533,-0.7401786058458033,-0.5957706967050523,-0.515701834831818,-0.7339445218846733,-0.29613345382387934,-0.48854684698683576,-0.13880885925132902,-0.6722507925354014,-0.7059716636881043,-0.5945202512684687,-0.7635102302549068,-0.8272088077903949,-0.021235642012249575,-0.20079302041611638,-0.62340614921793,-0.5693975614634208,-0.5303998702780903,-0.6217619962680164,-0.32275742737960467,-0.3091933807613742,-0.30594343974122673,-0.10607537729829572,-0.33008590701751916,-0.5345679851023222,-0.5193537179580466,-0.06683443013153184,-0.7432773028225206,-0.22078113872435542,-0.4519318605389769,-0.47406872502496505,-0.5670488823052332,-0.5558009441505779,-0.612908858245131,-0.33421907326278016,-0.5541259823242497,-0.6034800534915542,-0.6692168689527142,-0.5847584812594706,-0.5540820150026576,-0.47222841997128007,-0.4112445992111651
2024-07-26,-0.4141543193711846,-0.47755045886045855,-0.6315910495393842,-0.38000410157174513,-0.8041986968918461,-0.7450202135961651,-0.5520380164654167,-0.5520920030449789,-0.9049399984756562,-0.7932713969370259,-0.5977924432075425,-0.5115914701928542,-0.8599628966814941,-0.1986058555472023,-0.6510460607649662,-0.6017243328170072,-0.5234459786556726,-0.8116342542674574,-0.4470527156997107,-0.5951251182548086,-0.7982949917727946,-0.8133038577101016,-0.7818100678411314,-0.6345957679012889,-0.3703892440533979,-0.7354343782964837,-0.8449040914354224,-0.4786452894608023,-0.4919356530672351,0.0,-0.8800000000000096,-0.5986188693790816,-0.4037306382378968,-0.6606603354551673,-0.6427220805220873,-0.7655957189962274,-0.34497366055948364,-0.40471410718092554,-0.5167339334294064,-0.04629783497826118,-0.7643912169273319,-0.6878842831523263,-0.5301755964955838,-0.6902066103242331,-0.6537141486916876,-0.33467190962523735,-0.7120719653447924,-0.3411837498887659,-0.5906092812259434,-0.723339439148118,-0.5293018270416836,-0.5406105947041332,-0.5222723132035716,-0.250731279751505,-0.39800738080764103,-0.8853997371052398,-0.1466848664724387,-0.6067136689684574,-0.23760974199487137,-0.9371105741600638,-0.4282560420362266,-0.4602738696653448,-0.5880195823065162,-0.764727515714961,-0.3955157404083069,-0.8706504890834919,-0.5639993623726588,-0.3646352115602269,-0.3043032573235844,-0.8343612745643534,-0.5012329508692597,-0.5428903942599034,-0.6886754356511985,-0.699914647208769,-0.13848370947429722,-0.8641335811590035,-0.6071826617182073,-0.39062291575999986,-0.5939043033369165,-0.4061389824286517,-0.35044736972872154,-0.518710197957557,-0.253906008589247,-0.594012542500987,-0.5836026179325569,-0.3679241310431696,-0.37007020421343106,-0.35616438356164576,-0.5388443491516381,-0.6316605771012382,-0.7847910793329489,-0.3059424035994068,-0.5960091601687103,-0.7363518563753707,-0.6725301139252795,-0.8125103537163032,-0.2994645507294976,-0.2274374983751855,-0.5155107164145999,-0.3635993523509457,-0.8401496527287047,-0.25189845650030807,-0.30382659402029394,-0.37790888539541334,-0.3876533317209111,-0.3186628071220023,-0.5590177367726272,-0.6899465054140425,-0.16722014883307018,-0.5225274401804412,-0.7989706979379543,-0.19146414958400493,-0.6029526423980647,-0.35142991894794146,-0.33424011331343617,-0.9319988488761878,-0.5,-0.28440877962773103,-0.47911161461900853,-0.4148925176623892,-0.24758298698845907,-0.6875000000000014,-0.2862406746474703,-0.418572719827673,-0.36862259780810136,-0.5324931810648581,-0.47533965044770987,-0.2986387237658077,-0.8682818513128109,-0.36795846479893984,-0.38894026690905276,-0.7914659619362914,-0.6898193459572833,-0.814831697863108,-0.2421831958208976,-0.7840919508681907,-0.33333333333333337,-0.5216982056698838,-0.61103287317827,-0.6011851931410959,-0.36559959666900765,-0.4952837816482833,-0.43714903768438046,-0.7881845215450249,-0.8598698462873975,-0.5083104255932593,-0.43246638462464265,-0.5695805641605521,-0.5400249992197059,-0.5741580922933738,-0.8330081030987906,-0.7828826856442826,-0.36988678262814334,-0.8773640226530082,-0.7524156630170237,-0.7399235276658672,-0.7872794964205794,-0.6953593752059631,-0.4333823260391112,-0.3871356605823322,-0.3064330838560425,-0.6140986541190048,-0.8358572602089446,-0.3571428571428608,-0.3659333527965771,-0.240942997682195,-0.461915149918968,-0.2835163704893689,-0.6913123183681174,-0.5679418595027111,-0.20793028410355674,-0.5993319434989219,-0.6352662373915426,-0.7213532566043973,-0.6905163841476917,-0.12907777441298532,-0.6846491924617841,-0.7850207920583191,-0.8491557961719552,-0.7728093018500307,-0.6244952915641764,-0.6283753877380879,-0.6569471099715518,-0.46987865240344345,-0.662820078190181,-0.8930196528707459,-0.37572456289046335,-0.3224248397138318,-0.3364889328915555,-0.21316499555357923,-0.7042823178863565,-0.710013438058127,-0.8865774087731892,-0.46777733461596366,-0.45004803803447135,-0.7216311149936719,-0.7494720857278048,-0.521746034160501,-0.41960891476611667,-0.38209381909657636,-0.6302405159598969,-0.4514063404969707,-0.44615523670547613,-0.7264487049345484,-0.3684568387912461,-0.2947207957524007,-0.33167268560988794,-0.6210302937637492,-0.5207627741094714,-0.7053123896766373,-0.2875778893049103,-0.48548720457560846,-0.7045602829778712,-0.4129770575302476,-0.3605153851746579,-0.3249741482440333,-0.5938029284086517,-0.4838988811658474,-0.5129294501531008,-0.481134265932463,-0.2500000000000019,-0.3684530464554198,-0.4793956303926018,-0.33516258442713004,-0.8591382193315531,-0.6080398839440506,-0.4919356530672347,-0.30933426984838974,-0.41349240027955697,-0.35657308715122804,-0.43993848169716987,-0.38884828694466095,-0.47909044112900073,-0.5837053419364704,-0.8319385699032016,-0.4639428019097262,-0.3446272274153123,-0.3805073335550878,-0.613290669349395,-0.1911786074071561,-0.43641094186676976,-0.4626637043093855,-0.9285714285714299,-0.13761646089500276,-0.4125519848358885,-0.40663702315792166,-0.489243166443943,-0.9772736771642501,-0.7913605469896619,-0.6915438079994755,-0.48597252388464485,-0.5652373622664538,-0.5566844540418869,-0.6213241379672331,-0.5327906043335818,-0.5024029758679764,-0.26373303579103546,-0.2202001851969272,-0.2418625737680726,-0.5458852179146032,-0.3709193532683433,-0.8502887265260727,-0.5695240440192839,-0.26141347312404967,-0.5299739024615843,-0.44291475500047073,-0.5605931906646268,-0.8537956930567439,-0.25272490484711024,-0.3372829505753565,-0.34166346738628084,-0.21927417141532843,-0.6040218297739013,-0.8050963705337072,-0.6242342863328073,-0.5201156470898955,-0.5579641958940064,-0.20253493309840834,-0.5200396242297461,-0.5176508738834273,-0.5368910215156529,-0.3348918108611258,-0.6560007233613667,-0.7699431783695001,-0.7906426601121731,-0.8810523859141631,-0.2834756972472029,-0.7199484961947888,-0.18768589032688424,-0.6642183072071871,-0.6274132101494723,-0.5288496972362683,-0.40852986122385393,-0.61344148502849,-0.7881047124346062,-0.7861296331746522,-0.7068421686629446,-0.052592408328959415,-0.40824957481496776,-0.8892569610620912
2024-07-29,-0.7875206382538548,-0.1607771139761864,0.0,-0.513020136031728,-0.5197864868790422,-0.20915880274515086,-0.5459225267240154,-0.06698581203429327,-0.654667475806789,-0.4106315173065503,-0.2439069144582725,-0.17934930800528381,-0.029266455872361707,-0.059759993123215734,-0.0933829519906217,-0.8336823433255961,-0.11865158606866101,-0.40007387647045173,-0.04404758093901875,-0.5306087176922526,-0.20526287011234606,-0.39434031674063563,-0.5252695038891465,-0.07172251576953877,-0.10456745493160173,0.0,-0.27091843245541586,0.0,-0.13271376849818267,-0.6622270486291117,-0.028017382719145893,0.0,-0.09617846515351355,-0.13641968961577444,-0.2799807627579773,-0.13624034421736392,-0.599722367595407,-0.22575619799296,-0.2834897705254904,-0.10644549461540927,-0.7331811176311421,-0.007784777640518851,-0.3233268061404472,-0.47556291319460803,-0.09760365094863216,-0.7772980298967904,-0.076171385641407,0.0,-0.26432444879708966,-0.44964865519025143,0.0,-0.6482769972760561,-0.1603125962282975,-0.09739958901280102,-0.014867363002029352,-0.5222453521016901,-0.06260619942744293,-0.389282533790485,-0.30240859267144277,-0.1858439404891524,-0.03223559062994244,0.0,-0.06443691057577317,-0.45618701051714255,-0.5114411737332181,-0.7298397763369173,-0.4236415956434555,-0.3044509607697205,-0.12648501058114148,-0.711242719526799,-0.23108617561602865,-0.33394315760579807,-0.39292470698414605,-0.2715178667696748,-0.35101378176108056,-0.5487426092349774,-0.5232170116062185,-0.48960685542368465,-0.45619107831884514,-0.6990873162109996,-0.10987920911661925,-0.06007915882537838,-0.18180981128841237,-0.07954691832549689,-0.02341274526429274,-0.22862723814053365,0.0,0.0,-0.41587401759149145,-0.6326000397459323,-0.06315391077552256,-0.5447739926928415,-0.4931130529136304,-0.6432341313577996,-0.48421418658506576,-0.23360359212241585,-0.16311762819043665,-0.43149558443135655,-0.3999341301004898,-0.1619036564273189,-0.08451696033975774,-0.6916291449449015,-0.10263622481221853,-0.4121216801847012,-0.06944437697336374,-0.5330088599740452,-0.05483052611375034,0.0,-0.04889786117259037,-0.14782736261406418,-0.3037295030479002,0.0,-0.11286513731841868,-0.7565609529450518,-0.14358637918111283,-0.5,-0.8012698537252013,-0.8176152030795893,-0.8939999971487677,-0.8096113077067253,-0.7502915046197095,-0.5978863633510043,-0.5701674013489768,-0.9135986613777414,-0.2609825231940644,-0.06338419894300187,-0.06883265703955758,-0.5495892272139743,-0.2539493688440876,-0.12980187570410176,-0.7149246585337559,-0.44826267323704916,-0.13483994607244254,-0.03431628466125963,-0.496976596190689,-0.05803680403474127,-0.7142857142857133,-0.5849912928471394,-0.36466018185607646,-0.02424020261967763,-0.04487263931515418,-0.3017676955935285,-0.12688031577617967,-0.3647826315961403,-0.5094450433991027,-0.11001899211429315,-0.04947877497276781,-0.22875034660962365,-0.30779468461893306,-0.4450226215655459,-0.48242462683729076,-0.20139602593056585,-0.03374920752794591,-0.14186632516614556,-0.031387901931362774,-0.47692245689820617,-0.4239126819706417,-0.5075527332519331,-0.0008855539504051381,-0.5351473941651838,-0.3695962675220173,-0.2813191547701664,-0.46404333745262905,-0.17688293484612935,-0.6161488119132523,-0.3458632711262723,-0.3276396331016011,-0.7494800157686001,-0.29592922019366885,-0.1286944922323478,-0.10129621974114414,-0.016006897217070618,-0.39208514497475205,-0.015846097750919524,-0.7373406448268585,-0.7205253858489634,-0.13429843198473046,-0.07914101329418062,-0.28131180072374534,-0.2800165272964487,-0.8434411920495206,0.0,-0.2645440010677181,-0.7449607893043613,-0.7315865967601216,-0.2565785876404315,-0.8071809524734296,-0.789990868752895,-0.8034576208891707,-0.769750776768471,-0.6131960886363333,-0.6540238221944065,-0.21918851729119176,-0.851493644320451,-0.7751673017782477,-0.09058487250503831,-0.46424673245169473,-0.08311869628994645,-0.5037210560329957,-0.572337520746513,-0.047438392397680634,-0.2588393009101315,-0.6999238702313041,-0.6291398926088845,-0.4429916777278345,-0.7695588181639402,-0.8343126169191648,-0.815617607187588,-0.05697065365117532,-0.41815530946846635,-0.8613596367945063,-0.7061017609523772,-0.47573284380337433,-0.8473290847101068,-0.48564689312158826,-0.738705500989708,-0.8494714464417814,-0.6180948580944059,-0.36112159899241164,-0.49051260986692746,-0.6640045788128611,-0.9508294259686869,-0.5624999999999987,-0.6411703197053491,-0.404458115451565,-0.12451330400950053,-0.794535662494933,-0.6678880841954543,-0.10139373669085164,-0.830071737593449,-0.6918878034850298,-0.7177931014673002,-0.20192903906545473,-0.5609404448772799,-0.41934043698466805,-0.10130274927865146,-0.812876066808713,-0.3078341339476118,-0.061326303328138244,-0.05319084586720408,-0.8160034356340776,-0.5016501635809606,-0.5131111761436583,-0.8130541538144682,-0.824400378630756,-0.8516126014057925,-0.15626448258924333,-0.9339445660458164,-0.47990997554639,0.0,-0.2873410339225571,-0.22847303779592001,-0.020864356871463208,-0.8658218194543527,-0.6504095537378879,0.0,-0.643358963471115,-0.783216946467163,-0.8391952462505279,-0.48202019916341654,-0.8129585004868197,-0.48392934312566765,-0.07460031200406216,-0.8646711251326503,0.0,-0.5683201328084792,-0.40755078017078605,0.0,-0.03116046241106407,-0.0573525122616087,-0.08778373077918084,-0.496000913798868,-0.45396717606771875,-0.08247045351404592,-0.16133820860333606,-0.039689170462969915,-0.3191812690069512,-0.11863312223913078,-0.04946038444352086,-0.020933548662187898,-0.5167311208440482,-0.4768258003478399,-0.19783051575667698,-0.03542171213989591,0.0,-0.28341675356874246,-0.5095114603568722,-0.16084004487626583,-0.28220069258725067,-0.021418602876350203,-0.2785388099928809,0.0,-0.6439585278132408,-0.2297678577994587,-0.02859907479470541,-0.4668168837010654,0.0,-0.7044113917366389,-0.0383484136695183,-0.06652976124981676
2024-07-30,-0.5049800403536814,-0.6280859034769294,-0.9309205150134916,-0.9025170480336663,-0.42709064951111136,-0.6109269061966659,-0.9887388536329482,-0.34856148214080557,-0.23837548657038718,-0.16537792473537985,-0.7930657993887055,-0.8311208791412666,-0.26952041173266994,-0.8505025508916529,-0.8457035928205399,-0.5944853315589957,-0.1558727210755771,-0.34071749374608457,-0.5434052199039597,-0.6473555771457613,-0.5922280842782539,-0.684116670459282,-0.6211674352964796,-0.30896061721545265,-0.6246011412443225,-0.8495800825314053,-0.32663364912756543,-0.6343307440797685,-0.6547344285563735,-0.5822303179146995,-0.8028133571886477,-0.8231168286632117,-0.4089954161319743,-0.4460483478360641,-0.31661649801232833,-0.6939370728228662,-0.13550480911825802,-0.47322060299737245,-0.29463607118058804,-0.1949105338382412,-0.45580024653521484,-0.9112808206584627,-0.5230681766437821,-0.885134496664642,-0.5333547494557231,-0.4803517268382228,-0.3422055789570712,-0.43611325516714766,-0.5925246832034498,-0.9300683424345674,-0.872597171272506,-0.17529432727270827,-0.9146667124091312,-0.5862478407330539,-0.8809397546070786,-0.6398410778625383,-0.4462777154510232,-0.5991206933997139,-0.37294363473567593,-0.5679210848918474,-0.5804905837117847,-0.7944169875983887,-0.9081782487827169,-0.2911768430377456,-0.2366816446169825,-0.6423470241498505,-0.3993599188277966,-0.16049048762390175,-0.6979678656464108,-0.3183028270491849,-0.1629175715057622,-0.797185090577694,-0.7538529796697967,-0.6341905131563712,-0.3752989262899074,-0.7991590965477201,-0.5779895181741102,-0.7457404651678282,-0.26017770423548525,-0.2253928705327199,-0.23666544360890096,-0.3410723880637847,-0.3347261020066711,-0.5659446526106174,-0.24794600610695683,-0.8787666664154935,-0.20260563107557752,-0.8674302315685187,-0.20490004869156733,-0.5280283510392219,-0.26808361218138865,-0.20540374676588322,-0.6578696257921817,-0.9343932355769073,-0.31037964555445735,-0.7136537734973614,-0.12966864532758127,-0.5730072479051014,-0.736152852834103,-0.24196490006440707,-0.7524015656433528,-0.7563647797064141,-0.1586545194014796,-0.494516987751195,-0.40989224016001147,-0.711453616595146,-0.8066601712339699,-0.4963611149565848,-0.8280578845207268,-0.5850074963055505,-0.625823636158623,-0.9232498438628661,-0.6397715269627609,-0.18210769564075166,-0.4890194620726088,-0.965756693496682,-0.4703126190837712,-0.3753845536186283,-0.13595845061632486,-0.6775775094947123,-0.4711815312740528,-0.1829677716993486,-0.18740881471808138,-0.18630638921214898,-0.8970973741633254,-0.762144121490231,-0.825356365925109,-0.6117459264921682,-0.06310367114134698,-0.639946122562567,-0.6921504879265464,-0.29064878530243543,-0.3857394541948524,-0.738730483089953,-0.3113001958608231,-0.8934888188390833,-0.8333333333333296,-0.640727772901145,-0.818556422621704,-0.4827586206896586,-0.051778825043221365,-0.35573644183860337,-0.2762574163885969,-0.26172621714071986,-0.801598313717961,-0.38879924844008523,-0.2546836362994882,-0.8576607756675962,-0.17689596142098427,-0.3934785065026603,-0.8255845895343463,-0.5623844019961419,-0.6655450410216902,-0.6918988052463847,-0.5143041843007953,-0.5712330391690629,-0.846489774664672,-0.7955928592532788,-0.6592739660523471,-0.8206722698358382,-0.6859683823252329,-0.8476241963339045,-0.7524909875600649,-0.7405902737479326,-0.9263957993011626,-0.6719464655142673,-0.46266754408689553,-0.2175372123693736,-0.27056962265228895,-0.6239150146819672,-0.4207102026479084,-0.8111814125980732,-0.2567425125676205,-0.8204835459183366,-0.12229498008085299,-0.44320492435183295,-0.8964209599928171,-0.632743829853805,-0.7759932227550186,-0.7320058656082286,-0.2532108217673224,-0.41064979684292263,-0.4852437060505749,-0.4005185320616045,-0.25776338531853665,-0.5519277385493057,-0.31982061774118686,-0.5342520532123144,-0.22223079650290317,-0.7402025796035516,-0.8800824141277187,-0.14859744597614896,-0.7347255629930134,-0.7341777845713411,-0.8454050273543702,-0.4296765252737481,-0.5040010903375094,-0.46915676713947224,-0.7467178816404519,-0.25189857290075496,-0.8770087227537006,-0.7670202979470713,-0.6488528795959527,-0.2603964195651602,-0.5526147581267964,-0.4204249105056124,0.0,-0.5999999999999787,-0.841089427316363,-0.2483422260455178,-0.20344858346394465,-0.6697452565902499,-0.24260112332591796,-0.5714285714285696,-0.6881301297351441,-0.7911285004826445,-0.54910061899852,-0.748448202997261,-0.7958589691172866,-0.7150899959513979,-0.4480577948819637,-0.655611079989352,-0.17664194417262372,-0.6552436431417862,-0.8509219850328732,-0.4489989551623999,-0.33333333333332843,-0.419100680169382,-0.27748693940314717,-0.12885773517315355,-0.8420526913905862,-0.9130984294181175,-0.8171964609471396,-0.44604771271571464,-0.6357930156067519,-0.16208461714349637,-0.7854765529018091,-0.8461538461538425,-0.9198573680968918,-0.3297474099208159,-0.9764439321983974,-0.08490480436804919,-0.384850601579475,-0.39999999999999825,-0.3403270604598019,0.0,-0.40798019119680345,-0.9776794711532412,-0.4265854417392762,-0.47693714825486205,-0.5588892323606367,-0.8453001972854077,-0.44417391951237656,-0.12449986366818994,-0.655070672059701,-0.4422445490797451,-0.33930689686704923,-0.30040384197307424,-0.5454545454545484,-0.04964893967795063,-0.8160089213405085,-0.4782894846830852,-0.7598007337721218,-0.5040128204963892,-0.9452859513840653,-0.46679469091209996,-0.42229830575477184,-0.8094107475486852,-0.9911032594349338,-0.7894150131370724,-0.9503890848857686,-0.6831011058423825,-0.5042827370620343,-0.5248213024108259,-0.7809343392834394,-0.75122633665967,-0.5820207069200943,-0.7351871446195231,-0.7662538144922606,-0.7454783130147231,-0.41596140932646486,-0.6621692463381321,-0.7524077245212317,-0.8403559469523421,-0.8410562280078481,-0.3751575537738308,-0.8967170980682204,-0.5139146873349055,-0.7780063872139308,-0.7940588684489986,-0.3227765997630423,-0.25257648765393553,-0.15011080345790306,-0.2308700283772117,-0.8327048342286767,-0.8446894038328476,-0.8022778870125514,-0.666478993503802,-0.6861138830162359,-0.7086136332579561
2024-07-31,-0.8674833411284503,-0.7706268653975775,-0.765767544875003,-0.7998250999665479,-0.7392201009618743,-0.7326394553951968,-0.6771975552611559,-0.82236828758612,-0.7588800826873437,-0.7286466715800708,-0.9160159074430934,-0.7686308094572726,-0.7653994628134698,-0.7446194650443181,-0.6151008310872114,-0.7349272720873865,-0.4049954833852479,-0.755329788869214,-0.7702697144139692,-0.8750235709945156,-0.8017981462927833,-0.889367433482371,-0.7940278662639515,-0.6468741456804019,-0.7924733442588895,-0.7775404168194736,-0.751363224521862,-0.643510316769791,-0.8390837350038067,-0.8048504481701185,-0.61025157679009,-0.6875096986064054,-0.7787485678924326,-0.8125890445620706,-0.8390633624991691,-0.8023448952059267,-0.9102035828671331,-0.6632107387278275,-0.7329203182645857,-0.756737362272694,-0.7696294067757662,-0.7936008357920517,-0.5975055979414909,-0.8538367965841135,-0.672664635989326,-0.8563407048486417,-0.7460454751684548,-0.7101793492650569,-0.49688668465556685,-0.8067431319956649,-0.8013148848588476,-0.75993538868398,-0.7722432344562331,-0.7888469729895854,-0.6946559337603677,-0.7894599307452487,-0.6859809624635572,-0.7562047976751491,-0.661229427446775,-0.7616372719024291,-0.7555802221945379,-0.7790796933633262,-0.8067615882995446,-0.7070464157681667,-0.7697998959958042,-0.8008091777358953,-0.7507592810472205,-0.7083583711158826,-0.8080972161942964,-0.7399540287130744,-0.7261599523315869,-0.8397828805023471,-0.697527467002868,-0.7752355616768409,-0.6969161420062618,-0.8326530591193811,-0.7961197292198855,-0.6780120219203254,-0.6749776570697846,-0.17121230931256756,-0.7887776235898944,-0.6366699091326719,-0.4687025601981141,-0.5336210595087775,-0.5985800180965702,-0.7227034967728533,-0.7560104505557566,-0.8333571233414995,-0.7899938191639351,-0.8210579230354902,-0.7382929740214865,-0.572254952553409,-0.5665453279093032,-0.6940866294271164,-0.6795238082243922,-0.7308985002864421,-0.8084825885562126,-0.7946772511812505,-0.8108438501550567,-0.5841826182872216,-0.8685431511038691,-0.7856580394555868,-0.8061196246819371,-0.7536135617213625,-0.5913210856702398,-0.6600004505236925,-0.7568700244518832,-0.6472800958552402,-0.7658739358067431,-0.6880967321498419,-0.6703018208191561,-0.7984001106088475,-0.7831119574023174,-0.46823560382483465,-0.8211360539088279,-0.9333578437587515,-0.7149555254020995,-0.41999465826902416,-0.24999999999999445,-0.30336794984653226,-0.05869834526767161,-0.9243427922802165,-0.7595428614658708,-0.8000576624940193,-0.8381982520360906,-0.5910794372961989,-0.7925006661304009,-0.6102601339278919,-0.8205464630005157,-0.7377819156698096,-0.10100066007065377,-0.559225471534685,-0.732671683059572,-0.8067973649677983,-0.7492529960047313,-0.7902440898088464,-0.5942935503467563,-0.6392170109646782,-0.6365599615578768,-0.7306336230524253,-0.6752981949937654,-0.7636838762609967,-0.8232603292907078,-0.7935479676483426,-0.517227557388575,-0.7202318864366566,-0.798449076684676,-0.7705064914951502,-0.8155420767881043,-0.8503868246112952,-0.8855580689849528,-0.67209805230934,-0.7307528287204219,-0.7699320675621821,-0.7249769692737019,-0.39599626923994624,-0.6588832465259982,-0.49999999999999634,-0.7485495816615603,-0.8630855487102848,-0.700357168700553,-0.6653760560327556,-0.7819343149922043,-0.8167922179691975,-0.7489672986201109,-0.7183146950222292,-0.7093273065742157,-0.7169803422446052,-0.6789557206992748,-0.7257422427837363,-0.8159984087104094,-0.57169464740264,-0.6709622248519009,-0.8457882079387584,-0.4334392862334775,-0.8284774950475638,-0.4772917775249588,-0.6427084078471639,-0.8485755279410443,-0.8168875877419549,-0.570915638934232,-0.8521735717764743,-0.4970819461517095,-0.6648213375055578,-0.7858126039302453,-0.7099667006548306,-0.1282849719580057,-0.3852167307664867,-0.6635471384733177,-0.2553934983824945,-0.6120054388677694,-0.8003041335783982,-0.39049123692539206,-0.1999221376654933,-0.7333333333333278,-0.803724707744561,-0.5494485533814353,-0.6074714885397664,-0.6436392554250414,-0.40782594757924595,-0.7334308416350749,-0.7332827351148457,-0.34690009192759264,-0.7652756009941623,-0.6853616162010532,-0.5440435546672957,-0.5822303179146995,-0.8440114305245785,-0.5878950044683813,-0.6524527380854805,-0.3425791889887722,-0.6011485450483862,-0.555560716380977,-0.08126678375309562,-0.8390383124495613,-0.9571247986026478,-0.11643592777719257,-0.7941928114775477,-0.7323637713529396,-0.6427173021731585,-0.765353468316363,-0.12401781631450857,-0.7587195419962776,-0.7662805519523698,-0.2766936838029048,-0.8388205392043662,-0.726564359945196,-0.7817047788856405,-0.7748384902679833,-0.08522275907619978,-0.383611688423315,-0.3167245772637555,-0.6370859495099529,-0.650717159928191,-0.5896959205174174,-0.7125856478180329,-0.1121814642986161,-0.5635623554280734,-0.578688549974709,-0.739587385589533,-0.5662779869484346,-0.7753803451403243,-0.4214237812004188,-0.34401622992684383,-0.678133655020988,-0.8125795292252861,-0.6655194985578864,-0.25570752723804463,-0.8136013242181614,-0.8356597588212937,-0.5170223346123314,-0.5719214135438864,-0.6896931493664988,-0.8107083848888791,-0.7375652244619175,-0.5596007758719003,-0.6666666666666617,-0.5542159309654066,-0.2118575668965051,-0.045584667155291796,0.0,-0.7830610771313056,-0.5470487987118534,-0.7029660431556932,-0.781698456651616,-0.7461231808169755,-0.744282433503488,-0.6806651771136328,-0.7628953638942306,-0.6834801706281722,-0.7553449768305927,-0.7205770198505722,-0.6746246820837377,-0.7371146666127669,-0.7521583188100253,-0.7583654152476627,-0.6627492272902861,-0.7392931141185878,-0.7572326592696147,-0.7944689042120091,-0.7575014550519694,-0.8868868116799872,-0.5983581804231489,-0.6261303813529386,-0.689834073354561,-0.7404648651102828,-0.6760603181066698,-0.7110087984959224,-0.6279270864886893,-0.716509204403416,-0.9850856517364694,-0.8181910940412854,-0.5243373045398165,-0.6402040993920128,-0.6848257347891281,-0.8452311158605779,-0.8246169438799631,-0.6983323510359059,-0.7473177155417404,-0.7983415865304826
2024-08-01,-0.6602005015373785,-0.04343884480941841,-0.028345668263366142,-0.179351354907336,-0.34196845420713207,-0.15848673066086144,-0.8332193422247725,-0.11285783755023766,-0.1372711120512525,-0.19836977013895465,-0.06291797278266649,-0.12876009910923214,-0.31273384081898303,0.0,-0.03300343354809619,-0.5736421232268712,-0.10883447854670493,-0.6297944508849248,-0.09367606893393128,-0.12857996477604275,-0.1484223426720052,-0.05703066654288573,-0.15091878442062928,-0.6200239106858937,-0.20094488155309717,-0.06511764837391641,-0.46153846153846884,-0.04382572851398351,-0.40877436102290615,-0.1496072474160699,-0.24631881161666308,-0.035814730683979897,-0.03602981706586894,-0.2201868465816717,-0.04264908778116689,-0.3890696591694351,-0.051612771100995845,-0.09343855380302309,-0.38638231132076567,-0.04433072951569572,-0.07208886162755793,-0.4540768938389306,-0.02991846491294253,-0.37117350142536903,-0.16722729764213626,-0.07889676073338243,-0.09399502464285953,-0.27379243526699015,-0.23513020365394002,-0.0643216837971628,-0.12325184401770846,-0.43069623389806216,-0.3796462603881536,-0.030259631003516085,-0.22686652089719206,-0.017950804237425802,-0.18667016144290527,-0.33971813967207554,-0.2750078787696448,-0.22318347894598115,-0.07625312186976596,-0.13752546165543642,-0.12324341139240784,-0.026838755373219197,-0.2398842808989064,-0.2415509992955411,-0.5191202422904855,-0.22137265804356746,-0.2396079094529305,-0.15349660230596204,-0.23861468021378146,-0.1446016449040616,-0.675134992316718,-0.23747120403491895,-0.42828865227486457,-0.715924282843295,-0.6215850688964486,-0.3915834072751204,-0.047592092293456074,-0.514945110573131,-0.23243843281655194,-0.06753320564573824,-0.35340479236206046,-0.2242534904452053,-0.4718653843121077,-0.040401912644706835,-0.29369673571093147,-0.5451225543778229,-0.11082123334510682,-0.07813467829625594,-0.06016512815962126,-0.1709223473390854,-0.1392978124800396,-0.17279488607204702,-0.6778413560258519,-0.2645935512791416,0.0,-0.29223653058598226,-0.11069356583697777,-0.1202671615985,-0.3161392207721554,-0.03855298349887999,-0.49654460499637865,-0.4295436864033637,-0.35778923787571,-0.3365492085805485,-0.3243968999436189,-0.3293070437034224,-0.2192039586338187,-0.1474873576536449,-0.3641013344430161,-0.019580909946255463,-0.32785465914000544,-0.7706485978129486,-0.48807019439457283,0.0,-0.05110038657359792,-0.6056937128724827,-0.338068105930898,-0.6790281695744319,-0.4927114950742677,-0.49251510526225206,-0.6021834414250821,-0.587808483656658,-0.4915968301526516,-0.2240818686659146,-0.033398832538961656,-0.7609427592049471,-0.17205996524186298,-0.08399889316095381,-0.38333569700433234,-0.14772406276823574,-0.07153807440433611,-0.09594670889142645,-0.620932209893789,-0.3197376778867315,-0.8026994528837603,-0.32248588624823066,-0.39793835462654087,-0.5560966704267504,-0.6997071670167151,-0.15385436417300558,-0.482634957403051,-0.1509034455543675,-0.38487782180457536,-0.27438257869489063,-0.025209592177261205,-0.08100603833271557,-0.22898771303394916,-0.15258364808402178,-0.3230855936151774,-0.06517055816718904,-0.029381411242808464,-0.18696984811611866,-0.10837215053693355,-0.5345651800684121,-0.3331667441733911,-0.44781561156928834,-0.04633322100979267,-0.19617416683927874,-0.1717844699134369,-0.5290040185870224,-0.03657831078817536,-0.25324743962137886,0.0,-0.22203850008548612,-0.03351400430503146,-0.7723072189831739,0.0,-0.1365018494271494,-0.1574426733765682,-0.5767972212075759,-0.16138927210535464,-0.07145856882418715,-0.18247797073559913,-0.09439054846651683,-0.19893706141058212,-0.25139197873990005,-0.05552331576134635,-0.0414512914090247,-0.587722497711313,0.0,-0.06528682972521559,-0.6495614980967115,-0.1010394921000866,-0.12816706910392325,-0.4203087313979333,-0.392474936847933,-0.2525082455453839,-0.3010492561323272,-0.8215866005271316,-0.0584080778626039,-0.6825263144108749,-0.7502920974713405,-0.3263616298556585,-0.32240627075148953,-0.42016367912075203,-0.14232158980755827,-0.08142926448885386,-0.15223350272475136,-0.10174051452165556,-0.7192050187845336,-0.47727657044251287,-0.013884220843135427,-0.059436326807344016,-0.3034876191143765,-0.5453165573471872,-0.539503723870075,-0.7970471265164586,-0.02695566895544745,-0.5724743493003995,-0.2285892088615471,-0.5516479704741489,-0.7494903271391812,-0.41926228129967763,-0.34521568764140936,-0.6247652671330824,-0.4612236674198308,-0.07142857142857596,-0.3333333333333383,-0.4765667178547392,-0.798499957513765,-0.1966879271714309,-0.5511494984096829,-0.16410992566444083,-0.343610055942488,-0.5813679198871846,-0.6796813849967546,-0.5441023477644422,-0.3368127742815214,-0.4183814833708705,-0.5006522814182435,-0.41981368156320553,-0.1684250807886389,-0.20663943184047467,-0.16935794261197773,-0.3719008434506582,-0.7344049092535838,-0.3810880886530987,-0.13081008218157383,-0.694858453285953,-0.2972080675000741,-0.7382780641362974,-0.6921046665323614,-0.2580645161290321,-0.37176199487608824,-0.12171740868090739,-0.7313727328333097,-0.09208971262604916,-0.08257463976796672,-0.11662493592779048,-0.5469633251942615,-0.07899551737764866,-0.03977409869586021,-0.2693648816081863,-0.14661139652342903,-0.7586297788781099,-0.39021496656097315,-0.5429090152375223,-0.45133077977714015,-0.6225580363639962,-0.5544137944612559,-0.5274606429346185,-0.7207980053088048,-0.44720633300008117,-0.0752627850708986,-0.5684458996240133,-0.11272325120172016,0.0,-0.5713314977427655,-0.25087355881871515,-0.17283830476645065,-0.18996672557951855,-0.45590864672517734,-0.1099558841787337,-0.2871796176961559,-0.07017730927960031,-0.07791811208301612,-0.25156633900544856,-0.5368975168934675,-0.15462494206164518,-0.7195381547965022,-0.39076310322197433,-0.010027215452032107,-0.5494448492835003,0.0,-0.2731556733846598,-0.15578274903168726,-0.3694524775659569,-0.5694737656334767,-0.6301728657610672,-0.22876952761059252,-0.09919744500727068,-0.1556880272798482,-0.13302909591467146,-0.20606147557658797,-0.48416129439294564,-0.1636049192511311,-0.08207927076371636,-0.2330863358287096
2024-08-02,-0.08667292595149334,-0.07248362805824778,-0.08398542928151419,-0.20000000000000354,-0.2133287473649122,-0.16465933035578614,-0.1160596127543549,-0.28755285291026517,-0.2517176614529172,-0.17959961313892006,-0.5346921355213884,-0.6117776185603182,-0.36204338801044417,-0.046830364586527055,-0.283318707133415,-0.09597714462537861,-0.11645174916583913,-0.5841122409088509,-0.33217932482540247,-0.19707542003162423,0.0,-0.06619033967566469,-0.044376451473899285,-0.12259396930578957,-0.044522991429200076,-0.5447457610768252,-0.11175896294583743,-0.4860120793844216,-0.6243687921123282,-0.12617040381442218,-0.3817360646904813,-0.14064139558159933,-0.3719416632669299,-0.16376534194192388,-0.22360419695360292,-0.5092200123288902,-0.2775315104494844,-0.26631044801430936,-0.41193156779715584,-0.28883014121988887,-0.4210921808495206,-0.1399366740188922,-0.11750273622899772,-0.1155081081953404,-0.07405934587579836,-0.49764151364197445,-0.1837342768107837,-0.42355687490920263,-0.03341325550485913,-0.16446973666551437,-0.062272107236146665,-0.24706023967406773,-0.6796291784717488,-0.06531256569898722,-0.46725312727618035,-0.22082821170363937,-0.08479656943102051,-0.11497023750976398,-0.07818935725630231,-0.05384811809259981,-0.03562457147435233,-0.08589065736032407,-0.24985052214555525,-0.14665007437907188,-0.6621712497575446,-0.1754620083089626,-0.027335394241419547,-0.10720964056379449,-0.5629081442547266,-0.5607488128289547,-0.02410447747733661,-0.5671732625807384,-0.18151804821737028,-0.013499277867502837,-0.08787888434770635,-0.13110127815442038,-0.43583983555723127,-0.2069422624473368,-0.3809675618902663,-0.5384615384615343,-0.24034099732256903,-0.4163420364340564,-0.08531846963292239,-0.15307665568357873,-0.1739114115857147,-0.21146351172626465,-0.24351246485812564,-0.17234237489762314,-0.20909001067429772,-0.062343892065728886,-0.14605332263319526,-0.48906097484233324,-0.41949046905688836,-0.06243252980620564,-0.36262319001526744,-0.1093306043558885,-0.1010911600320337,0.0,-0.6109554161368153,-0.43081092538094673,-0.17181652176969536,-0.11327795743950887,-0.17948962946211475,-0.18504035118649517,-0.5049855180229456,-0.6358280677241354,-0.10698173997008296,-0.11711122014145654,-0.28183499117034605,-0.2112378440374341,-0.17075431872592448,-0.4624772592409836,-0.6708864069828863,-0.36899443474388655,-0.3942080329916145,-0.32207311786285076,-0.21927007566706486,0.0,-0.3333333333333284,-0.6467445531390521,-0.10531797645759004,-0.2718126546071117,-0.6990237624926604,-0.8279248664048364,-0.3305180341522609,-0.12867352081382996,-0.15631951394350538,-0.13809110428304333,-0.4881334525750436,-0.19438421574222886,-0.5752100692977407,0.0,-0.3783210249612229,-0.18802066034750514,-0.23519088176941824,-0.6285563669210559,-0.5061117066737888,-0.3487354943318979,-0.30974481741024806,-0.13026039041169904,-0.08138452710961656,-0.26714880634295674,-0.39044167395663,-0.1737881551125032,-0.1383313330610407,-0.30328680323961854,-0.8246471199769382,-0.5148161205129829,-0.13567497684239863,-0.3548997689018632,-0.024474023106209164,-0.27471612541625495,-0.12065469863792425,-0.08369328372514415,-0.33054161260494874,-0.3232194713986274,-0.7320545299319193,-0.48546611330929446,-0.48574323825470617,-0.698137817045224,-0.06564134012813382,-0.11960188826184848,-0.25772080923479673,-0.19390837594257013,-0.06202824536800632,0.0,-0.7223050811920197,-0.5039431981226409,-0.22363777412372818,-0.07622315877530325,-0.7107324588682994,-0.07133507085420458,-0.28982390593729673,-0.16616849522222982,-0.5729169347838097,-0.7322884933453323,-0.24494949494949414,-0.06278848647409328,-0.840237416990064,-0.10269292273851138,-0.5647721639367417,-0.5537482642374231,0.0,-0.8131050760847337,-0.3368055255712166,-0.17530043785777571,-0.28386141073826193,-0.368421052631578,-0.22502334024355602,-0.7183769173010399,-0.12263140262364336,-0.2551173217270449,-0.17414191023035777,0.0,-0.7633656138950548,-0.11467207664228408,-0.7730427498032186,-0.11410832156499293,0.0,-0.7781223738376498,-0.3469066785795691,-0.442211172069688,-0.10184022403905746,-0.1074602185695307,-0.1657715738575399,-0.2276552717004976,-0.14831950407505018,-0.11312394118656792,-0.05898285430394189,-0.8578552660899226,-0.6040983454104564,-0.23530983991099982,-0.06376081676084373,-0.7261166188882147,-0.17746314019107914,-0.643759361120824,-0.4932976841280176,-0.11715157267014449,-0.28082141717558495,-0.10473401909754512,-0.16935912571043285,-0.541527099669308,-0.30531496168583105,-0.15149075995407857,-0.6198661826624571,-0.07327895447295549,-0.24999999999999445,-0.1300163793842631,-0.10580982921336399,-0.6529497149640409,-0.10649138576287116,-0.2973118453016324,-0.03707534280857278,-0.0984478598314443,-0.6698145370008959,-0.07356447387744967,-0.8457472778726587,-0.7096887682271849,-0.09812557877828397,0.0,-0.6285937534362722,-0.1440717025338613,-0.7335531107541658,-0.33333333333333826,-0.7509710573191836,-0.618865288715277,-0.10293420514467096,-0.3333333333333432,-0.5871890201311697,-0.1336763378124079,-0.07716093804334768,-0.15551154338064696,-0.1323958280434767,-0.7823611715809656,-0.47506045797690444,-0.08492929255384443,0.0,-0.6365305168379944,-0.5310634171537398,-0.24622601367634464,-0.4947034376324793,-0.06905591170307324,-0.09850452148604338,-0.2792829173316917,-0.049543505597813266,-0.04153158522747505,-0.4457806174087866,0.0,-0.309104477240782,-0.15765205652372777,-0.3779459155179156,-0.40768627534328866,-0.07380308214518977,-0.11589026257376664,-0.026843354664958838,-0.2194952094388416,-0.10306802565295337,-0.15633009074335036,-0.3679831987067583,-0.05403333179678732,-0.4664113771779327,-0.4289235385504524,-0.6085834367781022,-0.05365196397252492,-0.34907379393116267,-0.04089381118327887,-0.21942411587007485,-0.3614598286124686,-0.13755474708629103,-0.33674973629598093,-0.30315042533696773,-0.25020519625549215,-0.1416469629462931,-0.3920002290758736,-0.11527272867838942,-0.45902268084072034,-0.15343883916351808,-0.1410103328910864,-0.1288018357022452,-0.2913641642181833
2024-08-05,0.0,-0.07692307692307876,0.0,-0.14285714285714013,-0.06345748053109307,-0.059070638120469386,-0.12777766924930736,-0.08865927396081213,-0.035287096611391504,-0.02975616100523637,-0.21054450757952098,-0.5258615929541562,-0.13569030350898606,-0.4585567368711753,-0.4582889639637069,-0.07762878849495902,-0.022323132760222363,-0.4242864142984559,-0.30329860073332293,0.0,0.0,0.0,0.0,0.0,-0.07404820274585737,0.0,-0.0698704774129753,-0.4974556155513746,-0.41770552419593543,-0.09351128220246023,-0.09544453087159926,0.0,-0.24864430307959462,0.0,-0.29411764705882415,-0.41144310543801926,-0.028018035777174672,-0.35200129184997947,-0.06935498768065701,-0.020605496183990206,-0.5477121687163835,0.0,-0.04125384632179239,-0.060222546559367894,0.0,-0.37740659135619237,-0.028616878532182363,-0.01031448245513659,0.0,-0.01722139715770275,0.0,-0.14040849538908057,0.0,-0.11409008779610715,-0.1577848142573073,-0.07181531039163873,-0.18680487081328845,0.0,-0.1677601734754116,-0.07000571671399888,-0.015895204920788622,0.0,-0.006596711494568496,-0.10793881405055,0.0,-0.3712907714556805,-0.17438762530243623,-0.15894212496321142,-0.13331289719968525,-0.08343621966399285,-0.015149577605726779,-0.31419768042883367,0.0,0.0,-0.03177061803396692,-0.1589733170709588,0.0,-0.005531054013112264,-0.23509806200801633,-0.6878932000367095,-0.027397600587769706,-0.054548146324506996,-0.05545577406440403,-0.10956649506021604,-0.08989119594680048,-0.25699000937837796,-0.020663682269049362,-0.004445592456785417,-0.37558844565363525,-0.16491385363279024,0.0,-0.36769294180861517,-0.28241007092557974,-0.24236954435641886,-0.17005598519276377,0.0,-0.1294969087037694,-0.00889595915346619,-0.293476894540097,-0.00709646735677356,0.0,-0.3641754202219419,-0.04910844044526959,-0.1709231265289814,-0.22979242357043242,-0.02752183708341588,-0.007534532732487446,0.0,-0.028819013126680355,0.0,-0.062235865857000736,0.0,-0.2483151214777267,-0.1861526794856903,-0.41195971493958,0.0,-0.06505831969646862,-0.1763219827618261,-0.20874504637857513,-0.10416609986357578,-0.057722432761537504,0.0,-0.451505012474528,-0.3841311196815726,-0.07202981863602453,-0.09090909090909384,-0.23943072702925258,-0.10805039101478321,-0.056917146685763864,-0.24217776988504455,-0.0846437922071096,0.0,-0.32433955928022695,0.0,-0.044689280349130035,-0.07225009519128842,-0.14638430978646083,-0.012723672996454575,-0.05595000263341966,0.0,-0.029462824870114868,-0.1954583685772526,-0.10170353829523852,0.0,-0.640404952622144,-0.3471356785084078,-0.01108892164553793,-0.16399876389000867,-0.03311399286866214,-0.01749995420214409,-0.0729577917603781,-0.3621059097338147,0.0,-0.46348112981589934,-0.42203059854569774,-0.03419000992996119,-0.15968075676071428,-0.12874225056400362,-0.5609975155522295,-0.5197351221850082,-0.15713903374755553,-0.08708257255217272,-0.37037037037036963,-0.030848219609701934,-0.0972062020523222,0.0,-0.3604230898045585,-0.17002829142571863,-0.038737209385241736,-0.26824849487190006,0.0,0.0,-0.21047191690829678,-0.22622541967400525,-0.2053447842632781,-0.15423297108182932,-0.6143476199402207,-0.506172365083696,-0.6968224482737723,-0.027609022292119728,-0.32874964795196365,-0.24137931034482782,-0.08289163915215884,-0.14745413542477387,0.0,-0.13562423043246657,-0.06406523457171044,-0.111551676368355,-0.3051342799853707,-0.11333890958894895,-0.20586495679659123,-0.3498322186539714,-0.3344655786668241,-0.1286493897408619,-0.058841039476868306,-0.02549007806193334,-0.5616416522980598,-0.09381821914278579,-0.043254262063237355,-0.40014267987201707,-0.012578811865536258,-0.21574145427077945,-0.054631143779103795,-0.1329964161635357,-0.22464028673433603,-0.0432154452826297,-0.11539235051157076,0.0,-0.16650027825886826,-0.24517834214401948,-0.15596521493114146,-0.10370330470182709,0.0,-0.45412696624291843,-0.3518654223356273,-0.10539446009739814,-0.1919027661972577,-0.1738807200162579,-0.31599758829240354,0.0,-0.06224828965771541,-0.3361823196034185,-0.16761870014775687,-0.5375421962376604,-0.11299971410326974,-0.06878514225017934,0.0,-0.5862795547840262,-0.04040927734818465,-0.43306375227237787,-0.17286178113054945,0.0,0.0,-0.08137933648726874,-0.11382147174126414,-0.09288734795334112,-0.2606458468957294,-0.043955138488905865,-0.05590631798510991,-0.11620151335010145,0.0,-0.1542800911462091,-0.37643921306653066,-0.2032050628785748,-0.03633771592343043,-0.09535398195592022,-0.00987071011021399,-0.2045247036686182,-0.0866996484753429,-0.0617206913251537,-0.06511854760467037,-0.031152595287171476,-0.005054159275053939,-0.26743023725200077,-0.29256491166293075,-0.04436433758343578,0.0,0.0,-0.6126323174471893,-0.4516129032258044,-0.3872007185447557,-0.21494682813880578,-0.09771977605556681,-0.20796466967229887,0.0,-0.04279476023540093,-0.0521252406446245,-0.006575490960569342,-0.44524285411388054,-0.02580772927600382,-0.12207098131668023,-0.1407045296005857,-0.013590278215696566,0.0,-0.035529083261609744,0.0,-0.09954739457587361,-0.30559390798052016,-0.39918684285975875,-0.012644550891273828,-0.09201815859226442,0.0,-0.167997233159833,-0.07208187517833065,-0.11115677808473859,-0.22214150475349387,-0.1134435904821199,-0.03588417904302137,-0.05255783537943144,-0.022644537526269812,0.0,-0.12086579727314675,-0.1276272340126031,-0.47379827479542563,-0.40935346587128374,-0.3370516699745455,-0.009177959052450307,-0.038000224956236964,-0.04054054054054216,-0.21000651595070907
2024-08-06,-0.18652337522179263,-0.7174837880474649,-0.48540085067300154,-0.9289397391015787,-0.8295555266856379,-0.5788736193026327,-0.3100887882715471,-0.34115090084930133,-0.16776696540591102,-0.5602911189518904,-0.5769788011342426,-0.8390907117635795,-0.9060077202540668,-0.2990593096649544,-0.3939814768613456,-0.4485069808904006,-0.5069555338933842,-0.34254373088812246,-0.6561883118832706,-0.75844296865909,-0.5066665724813264,-0.5176603707571378,-0.5498185549604176,-0.31247678857482586,-0.9003240575880757,-0.2741289321541587,-0.4062951242121547,-0.2034086034169211,-0.507731811983909,-0.5094694277849517,-0.8823255532844791,-0.581556250955821,-0.698591081467907,-0.6162338314806601,-0.8002891206928112,-0.5228333183353934,-0.7850426164990114,-0.6605667237555353,-0.46491767081795976,-0.8761104878018142,-0.5447166707217564,-0.9331548335673019,-0.5367820883711579,-0.6366908033733113,-0.46261383913349824,-0.2975463255222707,-0.8018320623844474,-0.38971716488089725,-0.30181664527782254,-0.491293790459689,-0.5346528401267662,-0.4029156408663967,-0.5758162517157238,-0.9111972970599914,-0.37529097400813927,-0.4770029885693148,-0.304491152603419,-0.41555174791801713,-0.5536603292693733,-0.524929037883926,-0.620562718690184,-0.56554738287728,-0.454507328716666,-0.4989099067934728,-0.9204241891139404,-0.6575556892190292,-0.38216319859983255,-0.26863712676100787,-0.8573464124666372,-0.2333450639975787,-0.5693517137586898,-0.6326303968533313,-0.24776142867888332,-0.5454545454545455,-0.5765494175309787,-0.9105937311136949,-0.3769299142696402,-0.49346001207743256,-0.6414478780938618,-0.6024568284623752,-0.5244578582991636,-0.6162666369391562,-0.4468221878417333,-0.45806540865695244,-0.7715356689659204,-0.43686201963967497,-0.7729541412332606,-0.5594646979247677,-0.6388533442739333,-0.36778405027584177,-0.5660700622167454,-0.7939454209968559,-0.7639587544560771,-0.6599126452916644,-0.7966209831964305,-0.8065483411937364,-0.6608660555217177,-0.8468333488035132,-0.5321579551962873,-0.3122667787544813,-0.2244502566213865,-0.2407684525219733,-0.6033315100454659,-0.6731751441193449,-0.16488237922812607,-0.7462817906443115,-0.5442171921687939,-0.5669242890300216,-0.5959391012267968,-0.5988605592104114,-0.7286037288604884,-0.5693074580641317,-0.24787681191492653,-0.2155254055668565,-0.3499460280310784,-0.6666666666666667,-0.9352556132391872,-0.3123745868846113,-0.44102907021971255,-0.5210763231618858,-0.28416075469204666,-0.43435498643834186,-0.35226408962990574,-0.40624987887872566,-0.23445581888716513,-0.43206790164263276,-0.585291041914948,-0.23934104473580517,-0.8461538461538435,-0.6900468135829858,-0.3847895810669834,-0.5749448171280008,-0.6096845581667072,-0.5256421646000813,-0.19976212534442256,-0.4899774159465941,-0.25937396485786685,-0.5454460198247897,-0.5090143000682751,-0.4155926822104592,-0.5676298642470717,-0.6823529389266173,-0.9016454900564947,-0.45736348022785306,-0.2921009833481745,-0.5945036237048991,-0.3978278974647983,-0.903367639658888,-0.31880775095390496,-0.5488183660548192,-0.6942719641080031,-0.4632374666598608,-0.2822539489007171,-0.6759494699706325,-0.45155118464174404,-0.3080595476992815,-0.4167994439330515,-0.7768801803292774,-0.3789494746361158,-0.4386534481823748,-0.416409585625877,-0.5151594420756535,-0.7793372428998417,-0.6179384479876923,-0.8300776309179946,-0.9324579616007137,-0.6190046310301917,-0.27472944356567947,-0.24235386463545633,-0.4660821449227309,-0.33838209264810015,-0.5354258304569283,-0.5788993530206269,-0.7014724536555789,-0.6197767251607688,-0.5108917410154354,-0.6555308505636499,-0.3178948127413021,-0.5207613135449671,-0.5862068965517256,-0.5029853586059995,-0.4593319095138469,-0.4584482961506832,-0.21811479255792854,-0.5052742149002548,-0.6610360683045283,-0.2812253346327489,-0.3913498148080429,-0.34145194640696946,-0.6173376043861531,-0.6000000000000095,-0.8192420821125931,-0.46375354965068105,-0.42888480206177476,-0.3855942680720363,-0.4492435081215223,-0.30417433469641453,-0.5442311763671949,-0.5512820796873412,-0.33642108779876917,-0.7501738469508376,-0.35056607624515174,-0.9530915684432658,-0.4475842503191748,-0.8219097105096125,-0.19317364302904022,-0.42868510877563676,-0.607316986643349,-0.687223731161095,-0.27186468197389285,-0.2753058437289552,-0.38726066859747976,-0.4780185515260872,-0.2911069166357666,-0.16858980367966855,-0.406060962593098,-0.23786567949518472,-0.23549290143532017,-0.8545923162137301,-0.37396628453433217,-0.31391660102909896,-0.19470807946927388,-0.6771817061358,-0.18755801532315422,-0.9169175212207434,-0.6777593011677934,-0.33867510479761864,-0.14729536547920039,-0.3421463565781736,-0.23667879506336598,-0.35216104958410427,-0.379566555839826,-0.39207491433776115,-0.9285616607946193,-0.6640580342044774,-0.752011843784348,-0.6302609130652275,-0.4157875438381816,-0.5633083226656675,-0.9020383360871105,-0.4030147436616691,-0.6255165315341534,-0.39164929579253344,-0.3997441267116085,-0.34614273778016136,-0.46392480195399416,-0.7294440314260823,-0.2556815860451178,-0.7941808946995211,-0.7111886631777706,-0.7142857142857134,-0.42590268715906854,-0.7839851425833595,-0.4370275432611623,-0.3430190773477019,-0.44940159994735657,-0.30710684957765494,-0.2514448668220383,-0.26025856350173704,-0.44247721690355196,-0.3166257351975685,-0.9474725076078566,-0.4639092310831605,-0.2545781328219105,-0.7528735910142658,-0.5712225438597811,-0.7119155132104363,-0.403561964908995,-0.364478361617852,-0.2741451755396838,-0.783097336069054,-0.888152014937499,-0.41579723392950024,-0.5338257037501587,-0.7931664267379701,-0.4476136047880405,-0.701983517595233,-0.39105015549026306,-0.5669557538786476,-0.5157950252089378,-0.37684852360093085,-0.6528719102080057,-0.7721456852495753,-0.3132606791641433,-0.5985871529083391,-0.329034589798319,-0.8119698391268472,-0.8142612488028439,-0.513258110398352,-0.7567478310858234,-0.4969819674058267,-0.6035658062841459,-0.48591456501113967,-0.5482412327963017,-0.6919708533247445,-0.7949491181059082,-0.6463156323507016,-0.7697302780811108,-0.6192588595314228,-0.6114029500842619
2024-08-07,-0.2886031831930365,-0.5585812131366934,-0.2831360933932183,-0.5252475002950497,0.0,-0.3701360571933178,-0.565176677892231,-0.5162958992647609,-0.639520765137001,0.0,-0.8217412606775957,-0.47580076438660934,-0.6054249312145724,-0.6237032601034241,-0.7494846673201699,-0.3999999999999929,-0.6595565322229149,-0.6493787521143594,-0.5386789447761111,-0.5831749111524454,-0.256738158049471,-0.674757811976696,-0.25581395348837094,-0.23459616601546016,-0.7472902278842835,-0.4318784991870739,-0.3312342636070865,-0.716717807738253,-0.4390171987079899,-0.5661171457387161,-0.4704424247741389,-0.4073860632827814,-0.19637866979198682,-0.07992988010689717,-0.523553647748046,-0.22062047162957574,-0.6750326563429888,-0.6856841797162395,-0.5925353588969803,-0.3323855420497001,-0.15790162956705145,-0.07389061651473414,-0.8335123095972187,-0.1846754047264065,-0.33934154770191666,-0.22568204556324595,-0.6797256980537145,-0.27340171063749974,-0.6076884586898461,-0.3983570668440178,-0.15884535934974223,-0.19057836680999665,-0.25492110877553015,-0.5144023496594543,-0.3021354081482654,-0.4565149774330197,-0.5255130662440146,-0.12405355859882747,-0.20454674567573378,-0.4042698663731671,-0.6235342409406512,-0.10486544128327913,-0.11899256726082659,-0.30139886793335174,-0.6630197024093003,-0.5039067990959324,-0.5485382473512881,-0.41005628474101674,-0.386659559717741,-0.6971593385197761,-0.3560782640783099,-0.02555728223713234,-0.5615328293573253,-0.44095386568240424,-0.7758014312189063,-0.13499177995847025,-0.3326430694595586,-0.18758066771029733,-0.41386715853575406,-0.6094574350734685,-0.5760230824607789,-0.14283675014523706,-0.3897222604098508,-0.2897497342718328,-0.8475851284266998,-0.6017722930563079,-0.5342846574298621,-0.3052157172499984,-0.3071351110621316,-0.3253668689464818,-0.4243230043644678,-0.3214987878188426,-0.4833595961443488,-0.588361168555017,-0.3450030216971112,-0.09240667959390164,-0.5285714285714281,-0.1230381871016033,-0.19725005307900959,-0.7537932970443766,-0.2243656385866311,0.0,-0.5833264137120291,-0.07184438897050009,-0.7613979280371658,-0.22110728914734376,-0.06849835152291503,-0.43952675669886426,-0.021267657011008637,-0.4025072229792604,-0.5181589248871973,-0.702608044799122,-0.492811232801479,-0.5716698756649563,0.0,0.0,-0.5912864062912203,-0.22042431725617254,-0.25363365996090975,-0.3719059575142802,-0.3411946228073278,-0.5924307574465276,-0.4023618876476776,-0.5400773576301109,-0.7932432819654296,-0.14347121582544012,-0.07499930329504317,-0.08776936221237656,-0.8529364207683393,-0.5755136108028265,0.0,-0.263294941143974,-0.5813709489427762,-0.54644289184962,0.0,-0.12941912967846803,-0.5188421196509267,-0.37714439924561105,-0.39949520450655895,-0.37140462867685287,-0.48259411189912155,-0.5054615293731448,-0.5555555555555545,-0.5555555555555594,-0.5354340311432254,-0.0558793540642972,-0.6840718253463058,-0.25703528750105253,-0.5832905400010139,-0.380670181172699,-0.5099149689872374,-0.5313348455488786,-0.4650275678730462,-0.020095880471011053,-0.7311818604299273,-0.017044252029764305,-0.6598872813635532,-0.2574178827428898,-0.7007583274535292,-0.44737843623678136,-0.15036115743608014,-0.20187132174443218,-0.03406179608234029,-0.6365775309267712,-0.23992988462212725,-0.6904738038369084,-0.6797614805243255,-0.46925985257939484,-0.3966572223276155,-0.38089145274433056,-0.17003810156617433,-0.05969459123710331,-0.28762373015501064,-0.620853035946829,-0.24550371453510367,-0.6487864226130914,-0.7550039742925719,-0.49709977581047315,0.0,-0.6695649266655684,-0.5048535626500162,-0.05462581394613675,-0.7099958233542681,-0.5240341215311555,-0.25530766623370266,-0.1079748181178519,-0.6683371092704138,-0.2750189316616537,-0.6763317554967592,-0.14281391454696965,-0.5647374441862781,-0.7330325078337471,-0.5675649711953298,-0.14285714285713924,-0.3900403408840875,-0.4168910905751331,-0.49268480432464795,-0.3801347837963002,-0.30989279932520924,-0.5734315663790961,-0.7214956013892209,-0.717510818898427,-0.18779532556557363,-0.18899824430350154,-0.64296876645271,-0.4430938738681385,-0.7212113546209867,0.0,-0.13667365920501975,-0.5905253912305497,-0.6394964400206042,-0.45791244318735547,-0.22656802709038898,-0.14602458378797387,-0.04778236254649911,-0.40359064122950566,-0.2291950945562672,-0.49722144761738096,-0.17594947544998343,-0.29665993196442664,-0.09394926116267562,-0.25000000000000555,-0.5861117134261375,-0.12696949206984393,-0.7848541613451409,-0.13220463699455437,-0.1968454891495593,-0.08975893983680493,-0.6146098887850934,-0.2000000000000142,-0.14551735172805896,-0.6606170999247954,-0.31616780018962515,-0.30030172305736663,-0.574752997580118,-0.7390883376226625,-0.1379069523124975,-0.06456662108979522,-0.4678050155181988,-0.6002746740657694,-0.09090909090908797,-0.6625349128646574,-0.14411026800899998,-0.4765667178547362,-0.234466783313323,-0.5655705559502966,-0.5822402587281026,-0.6519179881045846,-0.6105923873809829,-0.7248751753683119,-0.24887691107157864,-0.36363636363636587,-0.20603025655844062,-0.6637513278061543,-0.564799932759668,-0.46351778028940516,-0.7233123613541911,-0.6382285618133933,-0.4230336942280016,-0.5568710979663843,-0.42395324510355586,-0.3445907681966537,-0.30310840259268435,-0.29512205524033724,-0.26975658183862555,-0.3310391994777556,-0.26609001402025817,-0.45965380204254314,-0.29184357477635076,-0.020571216839379732,-0.777701509749432,-0.6293180920271632,-0.05580970772158074,-0.00947596306701494,-0.0909800444090911,-0.10931253963072007,-0.6420226120474357,-0.7328235647049479,-0.3895971130155091,-0.17892464564157148,-0.6507823622252549,-0.29400225311394124,-0.5719460516256194,-0.1789352745889017,-0.15027649821940928,-0.3623018547920773,-0.15499489254958887,-0.43604280978754906,-0.5284513359463172,-0.546843892701155,-0.46783753690942165,-0.3108214041586371,-0.46591835012443306,-0.7761677038327226,-0.6388888888888912,-0.7780127311168822,-0.12056505549577079,-0.3112837558914452,-0.5055775815241148,-0.2658797177222555
2024-08-08,-0.4949900204031114,-0.48450907195883236,-0.6866007028672368,-0.46446986955078934,-0.8125099445467422,-0.3411090484804786,-0.5982374173793377,-0.5758834524545973,-0.5648541910825727,-0.7786818600705856,-0.5133413638736914,-0.6108816070738756,-0.6603399148060948,-0.5153855536487219,-0.6736976745900068,-0.7364134034531746,-0.23042576641873555,-0.44787154797493006,-0.043524831410364395,-0.6291791159593707,-0.6578015446908209,-0.08087959593828765,-0.18482011756634215,-0.24692626691031494,-0.5897469827995047,-0.2576584942902793,-0.5499823230579793,-0.5995124706312015,-0.7870954721732393,-0.7002261012513029,-0.7434617454080183,-0.6162843466830407,-0.4716684573542522,-0.7160866978148102,-0.25942105982545954,-0.6407476339217149,-0.40441097672988724,-0.4157130771191402,-0.5750488758919943,-0.6624739092821408,-0.7141786688988605,-0.3773796093633031,-0.4148121622606791,-0.5121951219512214,-0.37725568823443245,-0.8273879234530794,-0.3290367490437374,-0.738258668936876,-0.8392774029661115,-0.6893552649187106,-0.6974928392538421,-0.6460172772306327,-0.5918395464704415,-0.37233817720605406,-0.5060901304543519,-0.6926066957798145,-0.6350565269113049,-0.6217181677480094,-0.6539926095585263,-0.9437138886217309,-0.08525298687187133,-0.5778881894725343,-0.17426883550969188,-0.6442439522603018,-0.6037454919288885,-0.3613936019837882,-0.7067414025197758,-0.4511531188026161,0.0,-0.7566293527145792,-0.558635541257515,-0.5523232590742999,-0.30550140383866903,-0.3297030190473495,-0.05231922251304276,-0.5630443278862838,-0.3731240004237862,-0.7398457464083127,-0.609077982801241,-0.06390256895309814,-0.43018918257264815,-0.10870927547969304,-0.33243801681794566,-0.31807120108166176,-0.17980017194186992,-0.44817528453836675,-0.25642176562366875,-0.21821763715106568,-0.23638740796173394,-0.4457048878108055,-0.3360242273842737,-0.1590827939829863,-0.42783394068382546,-0.7606780953815159,-0.5846841588144783,-0.5838891616949734,-0.5749857290354423,-0.5501242078879939,-0.5435863252941282,-0.540172979897627,-0.8031425886287538,-0.6668456557684073,-0.47087630588620616,-0.0944182164063694,-0.6490984942808138,-0.2254146295280977,-0.4464187452079965,-0.4986643907790406,-0.24728898199573718,-0.5656463827022091,-0.6125672441868151,-0.7603898625417839,-0.41944873037538677,-0.5558195532674856,-0.4852713167715663,-0.5,-0.15273296127327754,-0.4959612489534319,-0.3431365863162659,-0.7025763662380125,-0.6190461074724521,-0.32966167236907973,-0.23111790111116204,-0.10390578236325304,-0.30514567751469307,-0.5730870057828249,-0.6073771173351757,-0.8716443624540288,-0.473080780411715,-0.29861079989186695,-0.5529969512052544,-0.32477214720747255,-0.5669239479090887,-0.2289354016379353,0.0,-0.6409839822671946,-0.207632714919515,-0.8010516479794636,-0.15463850116994535,-0.5570201092979933,-0.6501067072847735,-0.13700213004326017,0.0,-0.7344629566157745,-0.5549525422222149,-0.5700345468752918,-0.6673815412491112,-0.7517387698904942,-0.7338264615041237,-0.6702008348710289,-0.10078166479303044,-0.5541459618636394,-0.5478768223998013,-0.6031271473418566,-0.3136288424515791,-0.5018383975025736,-0.5426040761890488,-0.6871876639242613,-0.5165382431775949,-0.38630639099968334,-0.5052958390438146,-0.5119615159360456,-0.6772622919180076,-0.7906175297465234,-0.4743956887646551,-0.515083762878654,-0.40317150076092656,-0.027599097870706135,-0.555555555555553,-0.11132762396062815,-0.6954152969507978,-0.43189666327855064,-0.7022956058139519,-0.04648863536409173,-0.18853901975287443,-0.030416738597892987,-0.43712045795078486,-0.6550660220796019,-0.8051991950851781,-0.48110327330025093,-0.13601377015423344,-0.8429165394401583,-0.43838172252309954,-0.40819413355316,-0.9792107056086217,-0.44982489879297344,-0.20812902810254988,-0.42146046695141787,-0.1793490867935253,-0.445378151260506,-0.3577614456961264,-0.12236219219224682,-0.28474772947718885,-0.8154513096889798,-0.05680666500438547,-0.3158668389104509,-0.15744380878938571,-0.27448627331953346,-0.473745555654302,-0.04907529112616109,-0.7254882523080511,-0.7843916404855792,-0.680790458596982,-0.7718693409298713,-0.4934694391735777,-0.7987857511475823,-0.9907236263098964,-0.2857142857142785,-0.3915851538478434,-0.0407440559153579,-0.709359624719923,-0.3667886396497894,-0.39734989457292214,-0.7418301433407398,-0.5493197332206452,-0.4824270754753102,-0.17128959449438189,-0.24778198813020846,-0.6315789473684202,-0.22222222222221782,-0.45188890929379444,-0.8283339810109347,-0.6264670387449794,-0.34977457634321873,-0.7677575755997951,-0.46650768848872587,-0.6458349866179518,-0.7003090763347845,-0.5682434393848894,0.0,-0.7427485596857757,-0.2883403184683552,-0.541616383375797,-0.6372882144378724,-0.07639523579615973,-0.2562497026710368,-0.1680863063888397,-0.5646463170829342,-0.25981409965722324,-0.5377125234847097,-0.22222222222221782,-0.160019179717967,-0.43998921043027645,-0.33333333333333826,-0.38031315258209186,-0.058881309307984915,-0.3959599153737266,0.0,-0.17017831355954408,-0.3516774661096774,-0.28679316054417997,-0.17691800081110068,-0.44417630601617475,-0.22865502932598888,-0.5869529025298619,-0.3333333333333366,-0.6666666666666569,-0.11035961422278519,-0.4285714285714304,-0.17935940161038924,-0.25271736575922993,-0.2592071219682062,-0.2760809404826026,-0.44809339401392206,-0.4929755726650553,-0.7630466332595696,-0.03887665479643463,-0.6328585378450754,-0.7132337482763634,-0.5084077235774813,-0.5318876491266897,0.0,-0.5696074076781661,-0.5021063190063577,-0.5506108858123526,-0.5350691662756671,-0.4804168810174599,-0.511950839454447,-0.39663789939817057,-0.7453508418807829,-0.5841024563435876,-0.4418946982119382,-0.5648679503334165,-0.6688344805874693,-0.6279003913611599,-0.4286261259762556,-0.569459615063754,-0.6417014430049407,-0.393677349895697,-0.6139908523747782,-0.10833057535341355,-0.5593565724774741,-0.5340519526410018,-0.3606122570613282,-0.6274434661939582,-0.5038759689922473,-0.5604466795321107,-0.6943602112072933,-0.015878247386759203,-0.6009320256606583
2024-08-09,-0.6004932713637251,-0.4921643688390526,0.0,-0.3782915435223109,0.0,-0.08967795562308027,-0.3406751953849822,0.0,-0.12771867189098957,-0.025650617203059833,-0.30891162865916844,-0.04985080716996651,-0.5988692049955832,0.0,-0.0943180508888941,0.0,-0.17984856419802003,-0.1636052632926593,0.0,-0.06076794167137139,0.0,-0.03990819446557267,-0.2332460072830976,-0.0586125070228975,-0.32874522467769246,-0.03048535048858653,-0.06151436149028954,-0.15896910363570746,0.0,-0.10380184986371083,0.0,0.0,-0.05379899247513696,0.0,-0.1987669581383377,-0.2271392091928037,-0.05669729331905587,-0.4944635837103407,-0.01852748272342186,-0.019938172434180085,-0.12700767070242472,0.0,0.0,0.0,0.0,-0.10187717154502862,-0.24625912148771248,-0.11452610971424726,-0.10528286625252921,-0.06127337224961784,-0.04758279360089185,-0.4772976804481092,0.0,-0.3849412443877538,-0.009657398930554886,-0.10152835379176599,0.0,-0.15837465389441382,-0.12223759757610264,-0.10737767155758048,0.0,0.0,-0.011244234264511882,-0.46418563750112085,-0.1179447985492785,-0.06678545567106944,-0.42260270981090753,-0.029728513099120626,-0.024187426944922118,-0.11982730833053186,0.0,-0.059394841465785685,0.0,0.0,-0.024143898732220604,-0.158271412581006,-0.4533349640152222,0.0,-0.3619591711484544,-0.38701825866770184,0.0,-0.10239122369775744,-0.003244039724737418,0.0,-0.009229628754573902,0.0,0.0,0.0,0.0,-0.09384728817529493,-0.011528301757659076,-0.14424875080650007,-0.014153044753426918,0.0,-0.18880437937541106,-0.02156874501526359,-0.009575866813938006,0.0,-0.09711504383537962,-0.08763754847875253,-0.47963445708061336,0.0,-0.14698018542431449,-0.12710385175409947,-0.046234378393851874,-0.0279879686536653,-0.033980473966814105,-0.005326904762094521,0.0,-0.03697144691806391,-0.009770780251049497,-0.07560378365661428,-0.6303830685851036,-0.5883861864617224,0.0,0.0,0.0,-0.3333333333333267,0.0,-0.26055595761170486,0.0,-0.4687386104460366,-0.5830844038381074,-0.742853402517693,-0.28712875103278257,-0.03337335739031084,-0.16063374768926633,-0.6385534810262776,-0.14516496489465733,-0.2881677700300362,0.0,0.0,-0.012545869454462073,0.0,0.0,-0.04504113129036303,-0.09580114593436279,-0.14802748446002786,-0.04214332789337821,-0.02700921237386668,-0.4755739706216088,-0.039978845714272744,-0.028498106617612186,-0.10579558725819917,-0.14027630935020105,-0.011611706435842528,-0.23033947690072926,-0.01831917568782493,0.0,-0.03148216836940079,-0.071716125691873,-0.16916056560622844,-0.25951513775336943,-0.06939944964236214,-0.1028681136944258,-0.019154346725549762,-0.02584096210286199,-0.20000000000000356,0.0,-0.30454124136649346,0.0,-0.3262902953641079,-0.13980462568944832,0.0,-0.006129316367506585,-0.43639390215507834,-0.4397096901014599,-0.2714592716498184,-0.042386054258934304,0.0,-0.2164443843660965,-0.04502835829541582,-0.018583435962305047,-0.3721455481979255,-0.3818931977079827,-0.6267085829055347,-0.1867713486815785,0.0,-0.45386037312201877,-0.021140280320724323,0.0,-0.026828410834523628,-0.5447349587970748,-0.4165435702631658,-0.16666666666666421,0.0,-0.335558514567903,-0.22904000279479644,-0.6666962635929131,-0.40703448979917184,-0.061297733867394094,-0.5799632520733803,-0.29066360548385445,-0.13056293574582528,-0.7169854403449579,0.0,0.0,-0.07745440168012473,0.0,-0.665772939852926,0.0,-0.07692057363857598,-0.0833333333333321,-0.2541314325125268,-0.4612114317038848,-0.1397284007072629,-0.371521359866214,-0.44635073950121384,-0.04362746643161251,-0.6975750579618727,-0.435337285423675,0.0,-0.08053144763217146,-0.8205963554236283,0.0,-0.12966366917265426,-0.7960701058936005,-0.26617072156657234,0.0,0.0,0.0,-0.8519800985492318,-0.053863153831032864,-0.5352876490587919,-0.10842847861567338,0.0,-0.24999999999999445,0.0,-0.26783533569259055,-0.3333333333333432,-0.5522571039140458,-0.12967238441744547,-0.05841411876166514,-0.029488345120752366,-0.035582878252217155,-0.39797084879790007,-0.14776092552511935,-0.23691453863619716,0.0,-0.054868275828923736,-0.3005618573336502,-0.6255171702838415,-0.5815600311255044,0.0,-0.31578947368421395,-0.7459832916359722,-0.06574740148370053,0.0,-0.40012209238230956,-0.1012277124192945,0.0,-0.06363337506566273,-0.013288250883321426,-0.741660344734107,-0.08683765551166525,-0.042956039400652644,-0.49103965882543954,-0.0463782296490569,-0.8539892659764498,-0.7155535493385077,-0.5935484470936773,-0.08961988123995747,0.0,-0.3279309626455335,-0.02484200484280844,-0.10700791838171178,0.0,0.0,0.0,0.0,-0.12512069188796066,-0.2741371021091851,-0.07018347993526561,-0.05824310750831348,-0.08356412284486554,-0.03479099764423336,-0.05609073214930813,-0.6608296752532004,0.0,-0.08354296821904429,-0.2777115938940093,-0.2653100744698073,-0.33455504932315966,0.0,-0.019261437829497317,-0.05992335216672428,0.0,-0.16800174593549902,-0.10784625577167312,-0.0824636541861345,-0.09540916409061305,-0.06548135766444346,-0.6510118774896955,-0.3238833511133438,-0.03575657821165819,-0.06499243506048175,-0.008592722624612437,-0.030089881480182087,-0.22360783548237972,-0.0165458952825216
2024-08-12,-0.430716426428563,-0.06927076265453053,-0.32240805419566015,-0.14833594432192435,-0.17594947544998343,-0.5454545454545447,-0.7418479035598328,-0.3466472462342446,-0.5439702401911964,-0.5413523736426376,-0.6751263796358878,-0.33078102273693616,-0.6015093970699126,-0.3923589632579232,-0.16301053204510954,-0.22848749346219732,-0.15244531192370944,-0.3720374295609557,-0.43108796714165915,-0.5739650847836478,-0.20824066134827368,-0.43978462801571344,-0.5822853756879196,-0.4050250625781568,-0.22353389554562086,-0.2827525184365992,-0.2052353187889163,-0.4271278049714635,-0.3248129937651073,-0.13177758372458168,-0.5558119821187488,-0.26667916565012195,-0.4205801454456325,-0.29542725011373777,-0.43123335472031826,-0.5795574345493051,-0.017144645614857856,-0.10347177404224718,-0.22190546470414715,-0.5117977637013773,-0.6555625990372239,-0.6904823789887272,-0.23573642015181323,-0.13425189921271558,-0.06803464616393558,-0.25246311889348066,-0.7738480497159046,-0.3188303744650069,-0.25196599594881075,-0.5139066170809246,-0.38885430821156136,-0.2443015202094099,-0.6365947441745086,-0.10071988727848744,-0.22543953685063506,-0.3366197920158366,-0.02366407908337291,-0.33235253493504585,-0.20431416204422254,-0.4710710270726284,-0.1252227293832598,-0.11971372881006516,-0.12415901753014187,-0.38532959734648436,-0.5999999999999893,-0.31878604085403944,-0.23355585570768048,-0.7838916946829769,-0.6682708457957867,-0.5015309235320846,-0.17664744158975848,-0.655197609356425,-0.614478355063982,-0.11860759412204011,-0.05930546640034149,-0.12801853747401562,-0.5882769243508373,-0.09144694107409349,-0.2594320603247428,-0.2991355641500263,-0.25547218367880514,-0.3056924371913877,-0.48530268455049824,-0.3301857323487713,-0.5845520733932161,-0.16977110189462008,-0.5180824634554504,-0.1662387212173028,-0.07830802989643804,-0.3136591217675121,-0.22173085577805157,-0.22376641048808768,-0.1872043519983033,-0.6427811066725645,-0.37694078973885586,-0.10586213982381933,-0.5481705521326485,-0.14854920600053229,-0.32374580569986555,-0.4689708862957576,-0.345784138219544,-0.5333578091904951,-0.12832445233861545,-0.1447823818687644,-0.7068472224965333,-0.37120951572595534,-0.0480802818237172,-0.13955656204300806,-0.10885077122450877,-0.5812716661237212,-0.8097526193986945,-0.29536354129620623,-0.11405703249793427,-0.6170577836603055,-0.22915663713850265,0.0,-0.2603577222116029,-0.14757928691618702,-0.17670399863272226,-0.5555555555555545,-0.2663611804884695,-0.6792684566868544,-0.16426642715026818,-0.3308042605534277,-0.15588325780327583,-0.7401161108281711,-0.47063552310291734,-0.4765458291625189,-0.1074967486360445,-0.1186756096561911,-0.24021725655777645,-0.6494558924430183,-0.3907760397613874,-0.38208596727787836,-0.4625223092297255,-0.06846944721485812,-0.11094893256275583,-0.34021673986163853,-0.3759301283498156,-0.5624999999999986,-0.26020483013597706,-0.6719847248386245,-0.45660921019657985,-0.4000000000000018,-0.3969956922425504,-0.6885181221880986,-0.5586712821581707,-0.6390949503762308,-0.7091899123134896,-0.6271554798997566,-0.26455523104527723,-0.06097940364137522,-0.15684826488658404,-0.17163553806110055,-0.12673762256551574,-0.19523597969535122,-0.6761418081268954,-0.302869496838292,-0.5675714898343749,-0.6580605192680993,-0.22608448997686856,-0.413304299920333,-0.32163102106040425,-0.1968365979506471,-0.05281752654583488,-0.17569880797583498,-0.23548834345161018,-0.11508064498508273,-0.5719453766636456,-0.1332253205537435,-0.2586080126797714,-0.44894733530011954,-0.4892995527524666,-0.5379663823433755,-0.48655992733484804,-0.6394306995510529,-0.43809179572565726,-0.5964622740192991,-0.6745709076172893,-0.578560449483763,-0.10558526034016075,-0.6963236066835237,-0.6102604085110361,-0.10849130909129762,-0.21075026744245307,-0.7081281155849695,-0.8514589060038901,-0.36789435424656053,-0.4328226826221432,-0.1365663763620807,-0.6472429859788128,-0.19309847845609418,-0.683446695408104,-0.8632742211005765,-0.17180502797124061,-0.19747965281916297,-0.05518751735366353,-0.6495735602856665,-0.6573933373277612,-0.6177169726001648,-0.7535853111093259,-0.15945147811865826,-0.08079057190233664,-0.366029631542426,-0.08468052240263259,0.0,-0.17140121374490006,-0.0966105556513826,-0.3369201008611946,-0.6727901870306107,-0.12850609371929225,-0.38349663378149584,-0.4285714285714304,-0.605054843047903,-0.7299545614556094,-0.5873892808331828,-0.8532905246556532,-0.6925346388674787,-0.21600375546345563,-0.6000000000000071,-0.13255398791413595,-0.6857593275585966,-0.4444090677506932,-0.7773461322917844,-0.7176643929274541,-0.15147324272066487,-0.33333333333332843,-0.953516201900796,-0.17746539407882955,-0.3368794006883951,-0.4285714285714304,-0.059794534355051845,-0.26770427890129767,-0.8024353978252109,-0.48358188528939383,-0.6245963819493546,-0.1170941995246032,-0.31178390322012195,-0.6368344878526199,-0.02078882880454157,-0.13651157752299536,-0.5694888971454588,-0.5044325963669444,0.0,0.0,-0.31124120102371844,-0.25210536319329363,-0.2556815860451178,-0.5706453589457576,-0.20815111216391366,-0.7233516311167352,-0.30717670878312553,-0.34818592450021646,-0.7307210074572861,-0.4706979566435592,-0.26240896014500087,-0.34558693423472336,-0.594014763692064,-0.8165519435852422,-0.15315520554073417,-0.6454819652338327,-0.20941456482172693,-0.616153374614614,-0.4032840546125396,-0.5173347057698686,-0.5219165517219694,-0.4750135773028147,-0.2767614229150458,-0.2908166968172673,-0.8043855159978329,-0.15959812951167585,-0.666000525974438,-0.5282904225116952,-0.8590412047923037,-0.4230769230769251,-0.34615757847993367,-0.8105106197256305,-0.41496251995806027,-0.6007643274947223,-0.5663588848296277,-0.5161527253156611,-0.40675353123743657,-0.3064470577671993,-0.6923775727305691,-0.5482797016017869,-0.591857876538582,-0.7273752230825612,-0.2871901798395286,-0.6555685696723822,-0.18428393760687847,-0.7627442691391909,-0.14808562411470041,-0.3153932660645796,-0.5871929170236755,-0.18323724124399088,-0.7960675400773713,-0.07667317295378774,-0.5032441939285578,-0.4375503205798319,-0.7614509611493269
2024-08-13,-0.28245663017118927,-0.5919242506456605,-0.9562806008018837,-0.9753706683595063,-0.9345781470858774,-0.6287200506456478,-0.8378504854357179,-0.6818662713912762,-0.37035087994987315,-0.6332973195775201,-0.45235218762907925,-0.44772152138114746,-0.8400845320097321,-0.31482897510690433,-0.33605616180053344,-0.8492356892963637,-0.8285714285714321,-0.7074877394791835,-0.5048933221912203,-0.3457144765781054,-0.9604272225466669,-0.5308326893648782,-0.799555128263231,-0.9144100015870378,-0.7932770466462461,-0.5721930359290014,-0.9558708404118221,-0.1828343901458541,-0.46611056833782216,-0.807648127900641,-0.31008915408823967,-0.8875919684116604,-0.9362642867980112,-0.9488976744871725,-0.35698004682402135,-0.5184876450257863,-0.7059704881522906,-0.6687899164379908,-0.28905114007509586,-0.4597344065602438,-0.8356077058845142,-0.9288970660580993,-0.4340954073204712,-0.6087459358328497,-0.7644846948191084,-0.5020141255313696,-0.7795321966250857,-0.6399308836250146,-0.6513112960354264,-0.6997168354414871,-0.6867131224948793,-0.6482676220761863,-0.69092100495404,-0.43086062428145455,-0.29375176088000526,-0.5266821389184364,-0.33738826943731937,-0.7286923433869408,-0.625069437680852,-0.6022132030545846,-0.4921992989868127,-0.7690235093790087,-0.6404036483062012,-0.6237669686100366,-0.7103867841163038,-0.8945039393712504,-0.6443440554821258,-0.8038613052314693,-0.39948732659023745,-0.5606897680680355,-0.7233021148290102,-0.3472377532011283,-0.7354237705751805,-0.591189978953857,-0.8071452756225316,-0.7023514382732318,-0.6480463933843954,-0.9276504362390025,-0.2733463922238618,-0.5266869317537839,-0.7011398861973754,-0.6591968917913218,-0.8937737845403894,-0.8918921159367341,-0.35272079372707443,-0.291128103116777,-0.36058403082894686,-0.5509016391642064,-0.7834382195507104,-0.5950145340052043,-0.4755832772249742,-0.9257809990303012,-0.3663298504791081,-0.6435409383379361,-0.39767171762134323,-0.7289601964932462,-0.5424388103755381,-0.8128755913470468,-0.8222387952399719,-0.552631578947372,-0.3478010201142482,-0.7115224053305841,-0.5206648973617606,-0.9484889796242695,-0.4937718441555059,-0.5158333548210571,-0.6144753331360538,-0.8143722840616437,-0.7283792093552791,-0.5359899602216052,-0.6457403976130109,-0.6888804766319476,-0.7243708562705913,-0.3779459155179162,-0.752398429022567,-0.5,-0.8631758495917623,-0.5377792576687953,-0.9570265473094521,-0.32513701344346946,-0.9920886473660312,-0.5937473277900297,-0.5083877635985028,-0.6322592501157995,-0.8142598902810395,-0.87853204610432,-0.5165988258090685,-0.3926677647096254,-0.5122144075682632,-0.7007606774791604,-0.49443212681521775,-0.8511657130532827,-0.49026860300387176,-0.491057646570148,-0.4476737125193365,-0.8162373928704397,-0.5778940987332152,-0.497762886321557,-0.7230453016767323,-0.9709603619158352,-0.756498143726365,-0.5427883093094947,-0.44809764545894687,-0.48607330006731136,-0.6782396347123977,-0.2506119352389849,-0.5471748826447601,-0.652015880474507,-0.4074960432147341,-0.5741214270059443,-0.6454031410827857,-0.5072582144768787,-0.4791266262836408,-0.9284051943198056,-0.42678921293635375,-0.6310777957076468,-0.5244491491261718,-0.6088755854067945,-0.49550142259046914,-0.348290703430543,-0.890775160021252,-0.714324613377979,-0.6048622717746951,-0.655367493533287,-0.18750359691913082,-0.6666666666666667,-0.5121195677328803,-0.5329705374711827,-0.27138163190812475,-0.7016766283467833,-0.4557716513419238,-0.8810995539565896,-0.4869556562335069,-0.852498340008574,-0.6054644447784315,-0.2739440200666388,-0.3651249994039306,-0.7588190325806597,-0.5046875058610859,-0.5613508818773641,-0.6976206855239997,-0.28835732587424434,-0.6051936012313025,-0.627138943926735,-0.3440620718634943,-0.8021268961665613,-0.7066314896410756,-0.36133079031193305,-0.4390045702725142,-0.6898022578405395,-0.9213004735380669,-0.7413306601842242,-0.8392526056756198,-0.5,-0.14999999999999733,-0.6294582521963814,-0.4087681177472032,-0.7740241810179469,-0.9157416495088304,-0.2971124257863712,-0.7227186138796311,-0.7777777777777821,-0.9391255249033539,-0.5593263376474871,-0.6095875710702915,-0.6097492631141397,-0.7355938932350208,-0.8313582646800537,-0.8842532639621545,-0.81118729298198,-0.783281477939216,-0.8516119981886533,-0.7675574497535723,-0.4893620915246704,-0.8824822880025337,-0.6949120317489963,-0.5329403494246824,-0.9075863153317898,-0.9654729645211764,-0.874673297388337,-0.8194447556718476,-0.46279071915380143,-0.51153797559041,-0.6580471527711625,-0.9278325900940474,-0.7078761114290426,-0.9690426587933586,-0.8386060630176325,-0.9375459707174353,-0.8271645741174657,-0.4954792340401354,-0.7029188448474244,-0.8854489205381997,-0.5512155578778066,-0.7756238954016571,-0.3569955418023081,-0.7792757387328931,-0.852711949639625,-0.9216539367803023,-0.8604930240648128,-0.8230100744990771,-0.7035794355325768,-0.2456218246621076,-0.6560511724745913,-0.4662078020497994,-0.5263157894736789,-0.6779175352489613,-0.9777786655152019,-0.432059949409161,-0.7082480035785635,-0.8655290238364258,-0.9190361938448572,-0.9783652686069538,-0.7436699728574906,-0.5800247190895982,-0.9334465154139945,-0.7103964016427687,-0.39680767794380467,-0.6409628433660439,-0.6548538253897745,-0.7109462014784073,-0.35390201781685077,-0.8784034382758743,-0.9146482920819696,-0.9110232379767118,-0.8939368059244652,-0.5889772847838115,-0.7107192707131983,-0.2775684427566032,-0.44103844034236966,-0.24866989486828306,-0.1279596817430334,-0.809631623201805,-0.9470882626523586,-0.6883249734125266,-0.681279835141654,-0.5242465679693727,-0.875313626846648,-0.4812715136601077,-0.8536877141893121,-0.7333333333333322,-0.5486916055869651,-0.710691863052209,-0.8971196184884045,-0.9120726929325551,-0.3961597321225457,-0.2988972628613783,-0.4421109033461959,-0.7286006209667985,-0.8242151179847383,-0.8045903072175489,-0.6938789030085647,-0.5784391113655019,-0.719186496483801,-0.6244070997422073,-0.7190550363735432,-0.45625622245957337,-0.6763241446285676,-0.6813693112098516,-0.9600052236856836
2024-08-14,-0.1443030535653988,-0.11526900374702342,0.0,-0.2563448547867643,-0.17122013245826545,-0.07382293057144955,-0.20217389260738483,0.0,-0.35000281686188583,-0.04537583839817958,0.0,-0.0907813468280942,-0.05847861838778274,-0.1776372562961,-0.3954059436278695,0.0,-0.6545610565744596,-0.6082705518327004,-0.031993111872777445,-0.12330269070927274,0.0,0.0,-0.04896196630888183,-0.06979468339497953,-0.3394799317817725,-0.023037444189562183,-0.24839332152132196,-0.27123311766239405,-0.1343944017821787,-0.19810248052282362,-0.019776510023650766,0.0,-0.3170621101706051,0.0,-0.6153641209323996,-0.457424077134716,-0.15087976298191072,-0.31582306243184094,-0.021491682837131633,-0.27534173733715805,-0.7692307692307687,-0.024379662285127564,-0.10191078393801513,0.0,0.0,-0.1286348978689571,-0.4649646565608027,0.0,0.0,-0.3384744330895377,-0.6546245946596627,-0.5677572214121134,-0.06808461476726606,-0.03384368747544971,-0.27728974923210475,-0.17835126805475202,-0.37636287377201777,-0.1483782721783999,-0.1280908496608789,-0.6419271615435629,-0.034479753419912586,-0.011087823543144165,-0.009540985515196904,-0.19779002435656526,-0.039854515460836765,-0.3721913591959699,-0.43025975074732187,-0.13420812125489778,-0.10339963182319165,-0.21170538752163537,-0.06392602967326769,-0.557262374083906,-0.4972098283989676,-0.07083363061310141,0.0,-0.04594367889493566,-0.09814465067272991,0.0,-0.5218839164728903,-0.5319997186051179,-0.5243442070572258,-0.32753577845354465,-0.31449746169066656,-0.09090909090908944,-0.15648073357180176,-0.05587852492545819,0.0,-0.17690907180651946,-0.10680033268208305,0.0,0.0,-0.10859962355550706,-0.19867919244140858,-0.6031976252943598,-0.17190632270821898,0.0,-0.10383060999342064,-0.1880776803092411,-0.1219969846840325,-0.1207805607879533,-0.013302455347808266,-0.18358897311902966,-0.16836550485484736,-0.28590548209527633,-0.35421931744381263,0.0,-0.17843892141863163,0.0,0.0,-0.04244113038359975,-0.19536994951125705,-0.10278095072983345,-0.06740963841202009,-0.28240893857054206,-0.1405806656731823,0.0,-0.6999045938568802,-0.1602236592904973,0.0,-0.42996867575955705,-0.0669116798603569,-0.60225271763498,-0.5409314815357993,-0.7387894395613869,-0.7722249484261902,-0.08647425018042183,-0.07030874663279853,-0.15246867368607633,-0.15891478679827212,-0.31723539049409416,-0.5588425329578335,-0.3333333333333383,-0.3290254073315736,0.0,0.0,-0.33931046725580816,-0.4459437072195878,-0.8459766896265956,-0.6763314027085303,-0.17949448345400687,-0.36789492055209466,-0.22512137892965076,-0.33978751882293756,0.0,-0.45710044608766714,-0.48558475177224725,-0.36165337611983334,-0.2298469408049085,-0.2098882547317273,0.0,0.0,0.0,-0.024618479641739868,-0.31551225342059097,-0.40413754810617036,-0.3262655848613293,-0.1326043048217728,0.0,-0.10284000095944033,-0.3564969746647393,-0.04974249003867941,-0.20278429654612798,-0.14520209244329477,-0.053557326840423865,-0.011928035678626697,0.0,-0.8258487487455737,-0.7590226663962112,-0.4468237189381362,0.0,-0.07145403081002451,0.0,-0.26649534964226884,0.0,-0.7150506393394073,-0.5839923892877226,-0.42025164043383767,-0.0631154528599513,-0.16243446433762873,-0.020811233547281358,-0.5250626450175274,-0.08037126351225267,0.0,-0.6067348257546685,-0.33333333333332843,-0.12824377210687823,-0.09150954516716447,0.0,-0.7434528773500125,-0.6918112562358624,-0.15933357722824854,-0.2272977074195832,-0.09854695746111505,-0.20294545736422215,-0.7800409266809996,-0.02192823985428428,-0.4792612846156717,-0.10036764666200862,-0.04823778993440024,-0.6782749739959438,-0.012868645520609456,-0.8218233813064646,-0.08075752911021343,-0.3856466756505088,-0.09431173058884738,-0.056241418300224555,-0.33026962864388354,-0.5488541194962112,-0.3554693980522873,-0.482425971430966,-0.1134194348097629,-0.3308895511137022,-0.13007376930023176,-0.3957265349588121,0.0,-0.20556552261787542,-0.8647103107637686,-0.11320317866225994,-0.3076923076923082,-0.33333333333332843,-0.1465074778156814,-0.6908685579084397,-0.07834722156654227,-0.44928935987474516,-0.7498058155307797,0.0,-0.49223617577537876,-0.17503877582127894,-0.19324180246874958,-0.25262052215889164,0.0,-0.20000000000000118,-0.06498379397685795,0.0,-0.06748426132365175,0.0,-0.6587660085172595,-0.3493560812110028,-0.15514708675186561,-0.02990593306228429,-0.4885719117371925,-0.25234087428151053,-0.6608493665974381,-0.3280255862372981,-0.1453918053250705,-0.8868620867339246,-0.43517507417882595,-0.25000000000000555,-0.45497451068244754,-0.037533197911169915,-0.09506710622042229,-0.3101172888052976,-0.029908202681071236,-0.20231122352335795,-0.19438135393234418,-0.32210346318561106,-0.947746916377325,-0.12401284946160111,-0.14379452246608773,-0.6328617456986627,-0.7342442596885023,-0.804527650349475,-0.0267334920647365,-0.8464045145827512,-0.0703125697551479,-0.37232848964478954,-0.026089192840215623,-0.016627596158635703,-0.3308502824152382,-0.014763770374425706,-0.24972410140852952,0.0,-0.8470568252527617,-0.26070726873651406,-0.0732596867871993,0.0,-0.223983352850104,-0.727291013784109,0.0,-0.10501922407609932,-0.2471241022895044,-0.25924372724665884,-0.8414636510761058,-0.017790399718621074,-0.08202396619964904,-0.20982859740398,-0.23101548265551808,-0.040751736504251755,0.0,-0.39606302278847366,-0.3571674416923912,-0.06231358506070278,-0.06004506647275885,-0.479980468421128,0.0,-0.4086945763430308,0.0,-0.4092897254305565,-0.07572867186794151,-0.23551492763166468
2024-08-15,-0.7969298191744264,-0.8167467458025071,-0.7576821576013272,-0.7732631045639436,-0.6917620212118192,-0.8194950554479286,-0.36363636363636287,-0.6405943019138935,-0.6535017633465359,-0.6452996141800178,-0.8239967326282648,-0.6784442839650975,-0.3887501506349917,-0.5888949088767993,-0.27708685982197506,-0.6816700793162846,-0.5466441196632894,-0.6392152822225594,-0.188010211236006,-0.6066632344973033,-0.6714990630615775,-0.5594654645368458,-0.6196987621375131,-0.6202890202160218,-0.5758542096336376,-0.37393776389965666,-0.6656543075967204,-0.45853062614717816,-0.2895601271237359,-0.5829878774679725,-0.7852077317476328,-0.560674496746047,-0.7682689942759114,-0.6725428964327824,-0.593112938882976,-0.31878401599241346,-0.5202189125572954,-0.7091209287161785,-0.5915528893995062,-0.3215552783971347,-0.14907821991083148,-0.5080889007966128,-0.6286025655831425,-0.732635565444338,-0.5760832830219984,-0.7152036174829963,-0.6210674128822994,-0.530606837068544,-0.45171065083607703,-0.44042928661338393,-0.6155526801530966,-0.16340586764978066,-0.44360523846355465,-0.7966027714996022,-0.6809078760260606,-0.2770811794095811,-0.8777801632940354,-0.3488311847939686,-0.42838961486377103,-0.7498036419956672,-0.58917088588158,-0.6718087809804562,-0.6013942810175165,-0.30582224567968785,-0.4344804220081557,-0.6425713867759747,-0.779107413414932,-0.33967028744323186,-0.1537907816045707,-0.3102512927749943,-0.5577485637175333,-0.3024678090328793,-0.6815258224999475,-0.5018182121282513,-0.4359770705008032,-0.5033745666546093,-0.29545303558732283,-0.6866751540602383,-0.09417121498386911,-0.7119755712097963,-0.3875625363900342,-0.43650249438786065,-0.33608946916833515,-0.26639683217286547,-0.5334657576625458,-0.50297223509214,-0.691557521811816,-0.6352355746833409,-0.5596856985922086,-0.4287505900140175,-0.5013282853794764,-0.41856405954329373,-0.3133728719806555,-0.5864668591460052,-0.1499212954903872,-0.5473677668952154,-0.8490300373965355,-0.6729737295047529,-0.4581620269906825,-0.2633604729331673,-0.28707895405079176,-0.612140664108049,-0.6578839684013619,-0.5980773264436516,-0.40303475236368164,-0.3526244102237609,-0.5120820600492406,-0.35475008997719903,-0.5829577303718724,-0.4656926382199067,-0.7763634222646875,-0.5971744164904434,-0.335144221015505,-0.8387011365752814,-0.8716656448648513,-0.48276028935641924,-0.8647680331551901,-0.7929239165217503,-0.7861314545728704,-0.8220592273098326,-0.81894861392146,-0.5785719058978859,-0.7209884318037497,-0.7762635296246069,-0.7443156409375524,-0.6395042540171222,-0.7512546220536049,-0.759183876058933,-0.758991762492199,-0.5126210917258904,-0.68468330654281,-0.8325045407173607,-0.5327623466208017,-0.6804438257455414,-0.7144744635337289,-0.6642908242312059,-0.3999999999999929,-0.6865731917678631,-0.5306322331248647,-0.6677160592559572,-0.3015993446884966,-0.5415728035597461,-0.27897097953302996,-0.7348174179854993,-0.6707778188104145,-0.4234535760516864,-0.3043800974411044,-0.5736396061458477,-0.4548523937427254,-0.7220601609872699,-0.6214273791452374,-0.8233178959621756,-0.31619330391216277,-0.8443147746180232,-0.5554354686269803,-0.49368390328709066,-0.6199792050759153,-0.7069082743966469,-0.662790723273659,-0.8727077555873906,-0.370896875984778,-0.21429809279934048,-0.5381844949496936,-0.5873290122568334,-0.6758226108078574,-0.6941987078132711,-0.8548096375533736,-0.5761350798044994,-0.4846887170020175,-0.564083235654522,-0.8398900369228439,-0.556892929908226,-0.5080369835534906,-0.6335312620932398,-0.4586184164440668,-0.6817790443371098,-0.2802088095330781,-0.6515486234184992,-0.7910574475747519,-0.7171571547868363,-0.49807831200588276,-0.7533937934785662,-0.5296951721428015,-0.6716704935039287,-0.8261689145373009,-0.5495402532611386,-0.774195731687362,-0.7271184352629135,-0.7816078990322292,-0.9021116138292713,-0.5336436379795636,-0.5888460717339843,-0.6429540033279817,-0.744449448772395,-0.5277462288513877,-0.6345126464323005,-0.5261780038513074,-0.45220011667931426,-0.7369784150668908,-0.7461371292417349,-0.6571545395071005,-0.44444444444444114,-0.8052454676417331,-0.6117069639487339,-0.7785757988746875,-0.7933309226599425,-0.7360464534397272,-0.806295189198946,-0.8264892022116791,-0.7140743197502334,-0.794399487116827,-0.4536380014205084,-0.7636896528806554,-0.7830514625786066,-0.6871227606556886,-0.6918692259619759,-0.6365252857665032,-0.6560046921268056,-0.578041344597999,-0.29433978537820504,-0.8082959919113007,-0.812876066808719,-0.6936012836056444,-0.16489981308647592,-0.8397246264271199,-0.49999999999999656,-0.925407652931782,-0.783610645675433,-0.8020192288938081,-0.8221989675320321,-0.752457191259667,-0.9215062771546194,-0.5347435865518984,-0.6599652574241356,-0.6311917281603797,-0.5907789341149811,-0.7889594031815594,-0.7245325706198509,-0.6112799992405336,-0.6522973092794994,-0.7773257413294526,-0.4444444444444459,-0.7565389354618175,-0.8083401318122595,-0.8396604877832166,-0.7045842307957544,-0.5170357491017187,-0.9350875650107,-0.7082079870297593,-0.35897435897435404,-0.6294251505511546,-0.4096165516285882,-0.5322710670905528,-0.6581563722437829,-0.7993407215275443,-0.49782484898013957,-0.5090250376188218,-0.7941918764412209,-0.8655213694796473,-0.7160961308568234,-0.7750539465810783,-0.6736660803575178,-0.4744169645647176,-0.8094180118858983,-0.5879503664375085,-0.3033230258270514,-0.5008219048219439,-0.625023698534149,-0.6055894703668778,-0.2549781620028513,-0.28999797732336113,-0.6010114519972195,-0.355414296947691,-0.27672399550788496,-0.5326397826600441,-0.6812347387442328,-0.47948959882138037,-0.7869177708398418,-0.44199285715570574,-0.3665201175507804,-0.7564044724005573,-0.2815551526523435,-0.6547155499399913,-0.50676869406562,-0.6391052113346927,-0.2989237951950972,-0.5825390512066023,-0.667750950550605,-0.6470722251351986,-0.6153006502419232,-0.2506489118721644,-0.71326898022755,-0.2807645546376702,-0.13506828583704183,-0.6557610986658154,-0.3581981609028469,-0.644756115481236,-0.6293418262786199,-0.6148072910463319,-0.8440948116174806
2024-08-16,-0.48778162714122225,-0.08096471089523878,-0.4942661157198566,0.0,-0.2932924930160198,-0.15503690786612764,-0.6523610477511959,0.0,-0.8063443692253017,-0.06730077310005604,-0.23323105176239903,-0.4650724301834635,-0.42211354885803903,-0.22806619031270556,-0.9337512617433771,-0.25463809238048013,-0.5451287584183387,-0.778218024071539,-0.49612902052778474,-0.1980646113323928,-0.24999999999999445,-0.1582363624232466,-0.2680536345030379,-0.1125093037999343,-0.2616849957025506,-0.12660152525596588,-0.08601436749362286,-0.7827192011203629,-0.059479163042107465,-0.06425654610692894,-0.1794700832945633,-0.12913030087185604,-0.825501862886529,-0.1548205445933306,-0.277840766610351,-0.6047705076350675,-0.2418485905874057,-0.4571193180328509,-0.6401506734486532,-0.7108804217826521,-0.2609825231940644,-0.06598572603031579,-0.40318139527347424,-0.03965016421371174,-0.2964006782658333,-0.26464818878104523,-0.2512263919260498,-0.1175806117519636,-0.1803769521718997,-0.11714133538277902,-0.39145938960031496,-0.021274838789915672,-0.8767153642193005,-0.09344593210419692,-0.19576508614830426,-0.6640551666534216,-0.8473359253573242,-0.593368341174493,0.0,-0.3935066315247286,-0.043977099074179016,-0.050251507480848126,-0.12838193070097098,-0.29503870177171543,-0.17835812347056867,-0.033385480520726665,-0.5528507750564474,-0.13442827630584625,-0.7851949931303616,-0.5996783151069195,-0.030942841406957983,-0.25373171949267725,-0.5382056503462599,0.0,-0.5965257016333282,-0.45235889813528896,-0.26224573024325215,-0.6490703744462454,-0.5474171992525511,-0.6062369526005322,-0.11739817422668795,-0.5118478152336141,-0.08140606596917893,-0.3919481645176181,0.0,-0.8601584614451346,-0.7230487611408325,-0.0123001786252683,-0.7301747937853541,-0.44298742579648,-0.40523944950800656,-0.760434503874063,-0.3622121906939866,-0.13502010581424417,-0.3906764007356583,-0.04210204402564291,-0.016458414729984383,-0.40107100034786325,-0.21693085837551346,-0.5553609893495417,-0.4148330183476657,-0.23568059829244842,0.0,-0.722230682265625,-0.8427638125501059,-0.1953431937246431,-0.22987874689258161,-0.37552294100113603,0.0,-0.17767294878170567,-0.1959258963743181,-0.0752256306087927,-0.048566741208824565,-0.8806677363853195,-0.47078694616918726,-0.5,-0.1196304167167403,-0.5765654175873575,-0.5829071088510968,-0.6252076478589341,-0.3099659118178726,-0.19460565945388608,-0.5835655332961361,-0.3383533232486141,-0.34222963016676294,-0.476190476190481,-0.41582013785405936,-0.7635393851797941,-0.15501878360979174,-0.6470588235294087,-0.7951548512659975,-0.2299779268511962,-0.901657835169081,-0.37062916571312865,-0.12465783425424255,-0.2255211879747733,-0.7048625519772352,-0.20357000371170245,-0.4925974339103279,-0.13976691325800897,-0.0912818811809629,-0.4119063899184843,-0.866484284530005,-0.28977266222648485,-0.7830359969563068,-0.8480602248178224,-0.6083783330105719,-0.7743938104874469,-0.7907011719096403,-0.4388041167628674,-0.1455897155089489,-0.5806451612903174,-0.7061734806498695,-0.29283061357632795,-0.04106356578972008,-0.08986236253446063,-0.3812195700417169,-0.20903470180999068,-0.7389065441437989,-0.42041182648467584,0.0,-0.16529405074831469,-0.42025776208726545,0.0,-0.29286226208615623,-0.33333333333333337,-0.690449656375785,-0.3975123207737223,-0.8610586128209027,-0.038759713585151956,-0.17796801243547913,-0.07703195492861874,-0.6727494103676981,-0.10987125207548751,-0.3276288381080708,-0.7743335834164088,-0.6171804239933524,-0.4275572337593608,-0.2678210626257713,-0.1652340299991303,-0.6986570966580119,-0.47073475388422886,-0.1099458831420087,-0.26594228121254365,-0.2553302985878845,-0.19301846662924677,-0.4967490357381214,-0.8143356155916059,-0.6768332907108049,-0.43302057975994696,-0.38687251095359837,-0.46756931755544534,-0.8237782988219253,-0.2014598478148477,-0.872777478555649,-0.05651009675709023,-0.817250209750592,-0.27980284509045056,-0.2971373100928293,-0.7737309835805721,-0.18297831554368996,-0.5714285714285696,-0.0539785959269803,-0.16469756465277516,-0.03509928934370387,-0.6489162077700749,-0.8116413891666266,-0.7142857142857215,-0.5423185564657882,-0.7256127150521193,-0.8570851220594028,-0.16196598201689855,0.0,-0.9286016477748734,-0.6952571786177354,-0.9562240261937937,-0.8586993435423889,-0.4041846198333801,-0.18953215100213736,-0.2967871773653107,-0.6556658081960663,-0.8514251149820456,-0.1538461538461565,-0.37354340702183325,-0.8564938927164112,-0.2609994329035053,-0.17189092269929998,-0.876970694466595,-0.1837984223952477,-0.8337020273690027,-0.9650384452066725,-0.31104854636184653,-0.3840941608870812,-0.19911448232522055,-0.06525456285405705,-0.2914643074176725,-0.7648987699942411,-0.506596214827615,-0.5979838727919389,-0.32732752383167407,-0.27446341203714575,-0.2471993473799034,-0.21251855467636052,-0.9542761215761743,-0.8687643774865322,-0.7232632600164695,-0.019327502137598915,-0.25563040468847886,-0.5513776537824744,-0.1722372075781837,-0.6041326287160736,-0.2015260750173224,-0.3071744673546231,-0.6859991233132935,-0.21869199111617807,-0.205547513393265,-0.7583426149102924,-0.7373405584390734,-0.8908868292142058,-0.6450490897349899,-0.8217708262502493,-0.37169314235634476,-0.0897139795075831,-0.7892589772077206,-0.35115954873124716,-0.035316917521464354,-0.6718496249535358,-0.8748500258881656,-0.2498013856470695,0.0,-0.852996829262637,-0.7825581315460536,-0.08835095920679835,-0.17462061836068357,-0.09301339513787336,-0.08834271922905707,-0.024413613479967646,-0.10175736014145052,-0.6618141583734891,-0.16975535822368226,-0.5409920751450297,-0.17406918221148743,-0.49552485171742383,-0.37344134638598797,-0.2911050793878882,-0.7641804729473926,-0.35845258304924976,-0.2948636711151159,-0.2432776914237471,-0.5542047155991878,-0.46924018678614055,-0.7558699551488461,-0.3569198355871208,-0.16550677291717056,-0.2241588582993421,-0.5372799870213015,-0.5731871211823756,-0.3974014813005543,-0.2745556686454001,-0.6011342700308823
2024-08-19,-0.8732664378008905,-0.4192006955785962,-0.5791251420232608,-0.6666666666666667,-0.7118401734520864,-0.8275604140650565,-0.4946237059113897,-0.5874173174677052,-0.4417033509135131,-0.8559556786082927,-0.542378700423802,-0.6277004034404065,-0.4848217435404758,0.0,-0.048851878315475265,-0.6397388437051853,0.0,-0.3400538864780086,-0.01303040220171764,-0.5736309547690216,-0.4934726744363404,-0.6038495089173631,-0.3253735153871742,-0.34565527601272056,-0.4229487402209707,-0.37283579578952364,-0.515233789623159,-0.01682386287893748,-0.5000000000000111,-0.24271894804087368,-0.3771459182525905,-0.4620995372311375,-0.7790333857863186,-0.6484453111843281,-0.5100922643389362,-0.367921733730797,-0.7379614434899874,-0.42239817952983194,-0.2950274417994777,-0.07257617920676679,-0.06758330777583525,-0.04887875487496278,-0.10533826742861649,-0.2447280287034591,-0.0718255756624612,-0.8441517977648614,-0.04763646444291125,-0.4258567826453349,-0.12083082764039105,-0.3751005028646859,-0.03544867937475398,-0.3043528866517281,-0.06501984001212405,-0.1919007515228549,-0.05119301151105233,-0.06555296968945505,-0.053617799125763685,-0.4074199735520082,-0.2785915521539685,-0.3084231545068568,-0.10805237585626061,-0.5711806182290712,-0.01797410086020514,-0.11430066559155519,-0.6823675472062032,-0.21292470064053173,-0.10290221747413274,-0.6034301851524916,-0.11254450238688238,-0.3810706277108434,-0.13744502004569117,-0.19334491332891124,-0.8238719913892747,-0.034475936089734115,-0.1958012823727454,-0.0807997733993105,-0.33183604404195044,-0.26011126523486716,-0.01734963684840526,-0.7663954497441755,-0.08768443054381357,-0.27644785294927215,-0.299010243808832,-0.43201901317151875,-0.05036236144279147,-0.2690398285151235,0.0,-0.08960967213412918,-0.37578986333339964,-0.5120659122675667,-0.062041238280217015,-0.5553458360008611,-0.2784238661695776,-0.08017720570644057,-0.19941245634043767,-0.3057173956874714,-0.41223786699154025,-0.06129309224413884,-0.16671776604957603,-0.23591887941788148,-0.5002719019182501,-0.4795426545932819,-0.04580366455193316,-0.39598605243446267,-0.3647864945327219,-0.5314203038058556,-0.16501700563474814,-0.21222880296770877,-0.014059163995466773,-0.017452952700276324,-0.7271319710903101,-0.1547419947103249,-0.5906739943028045,-0.8662730944635779,-0.6343209228256639,0.0,-0.2055017346921196,-0.8821453664513199,-0.7869199316836066,-0.9239331349827283,-0.2479575272910388,-0.7255846048111965,-0.7334100150479979,-0.3733039618918664,-0.8302144146773691,-0.14398614521642022,-0.7574075915659287,-0.8088961521130245,-0.2119420833842736,-0.42425568453483936,-0.948886223422512,-0.5460753080826463,-0.4863768421281852,-0.11196449504940367,-0.035146379610350366,-0.15789473684209446,-0.394736915483743,-0.10622540288203834,-0.7777753155597001,-0.47356376762009694,-0.2096313968306267,-0.3295953942203911,-0.13380399962070164,-0.6996156104575707,-0.09729872442654466,-0.21136007372933027,-0.2458883289752644,-0.07469654178298374,-0.571021786677132,-0.505909130266051,-0.32652528402044984,-0.3589743589743599,-0.16344386560399632,-0.13812389915540718,-0.2936450188186377,-0.4992436505236997,-0.5819839139201428,-0.20298502182399203,-0.013288613090025346,-0.6387570614105353,-0.2622980219334512,-0.5520330999012698,-0.26852785694012016,-0.14122263898828,-0.30804375197164585,-0.3578329170385356,-0.09949939203162216,-0.14827551979140932,-0.2750153597099636,-0.13674809435568983,-0.037037037037036306,-0.4377415348487239,-0.747957429512502,-0.1388004910977675,-0.22423874459006632,-0.07991910175485858,-0.08522995193578974,-0.618368095102832,-0.2451748950127903,-0.48439790607427813,-0.09852779033547594,-0.05557978893490701,-0.2304449636252363,-0.5388554312059977,-0.39578951120453,-0.7004311489656689,-0.8805281964740801,-0.8824578529875715,-0.4476991762262166,-0.6051944753818279,-0.7063273424385946,-0.16775741337778008,-0.6907469907488717,-0.809491331389296,-0.8818619776378057,-0.04534470399719262,-0.5049909765840662,-0.26470877009972993,-0.10641453561421275,-0.09686886865227227,-0.44641278762030095,-0.5596388415452805,-0.5162752667576268,-0.12854491611022972,-0.5254662525866931,-0.8669885691013942,-0.8609833973494109,-0.762536006656114,-0.4589032794387903,-0.4452693289574797,-0.8577750311523704,0.0,-0.09090909090908944,-0.8193354473548811,-0.7833200855832538,-0.787135046603709,-0.8070192163378036,-0.8129196910618574,-0.43898031522576536,-0.5552875665580683,-0.7143089598268247,-0.8057484374487905,-0.5447021950763674,-0.8636042985769614,-0.3617118223344437,-0.2857142857142912,-0.9403160485437044,-0.8516334933783325,-0.20253858885374842,-0.9050150434599458,-0.5842940661757359,-0.8288769667542294,-0.5895277467475577,-0.1401560877843299,-0.34555568945332954,-0.2293277860455362,-0.7460619478865075,-0.7751590057651213,-0.3299776559799214,0.0,-0.9178095276304381,-0.5016105888846678,-0.6142057865999272,-0.9401374611800545,-0.8226869241643533,-0.7010026871706629,-0.397741845993582,-0.6666666666666716,-0.7105461610353628,-0.1281013569155033,-0.18129190495580272,-0.33018275734338015,-0.31233833929559673,-0.30887673195553106,-0.42726769338309956,-0.8217754911755146,-0.8330035669192895,-0.29946807419208216,-0.7909232782248263,-0.8140131804320028,-0.8293067202087959,-0.8452091105786179,-0.4513433154576734,-0.8302348255722478,-0.5375237700090864,-0.5281994146716644,-0.13377986466931108,-0.16517844579067978,-0.026731235457490458,-0.4237857660446752,-0.2709820647734797,0.0,-0.7593007413971761,-0.2005496104793761,-0.1391409484224837,-0.424087915335423,-0.5030321401556106,-0.1997573194214949,-0.530606403101992,-0.43828204965449036,-0.38118327689904324,-0.5147695465656504,-0.4461281233832503,-0.59845777828443,-0.29982014476533286,-0.29181155360235705,-0.19361466354223064,-0.1357440902775987,-0.5865788098934948,-0.2423618628261083,-0.5947123902011707,-0.38040336910525185,-0.6288869426250632,-0.09309605283056155,-0.24840958297983734,-0.03084723105371297,-0.3111165806889502,-0.20303850084295308,-0.02432112268598142,-0.38210911809931497
2024-08-20,-0.39614646420367605,-0.0728833695493951,-0.1429424220011377,-0.2158653270166688,-0.4000000000000018,-0.30152460168161516,-0.13350035809415436,-0.21092642111653856,-0.7552957452271972,-0.57519227551167,-0.26150467050755316,-0.5229671126687995,-0.38430428969611485,-0.13730691036319256,-0.31420711934535744,-0.063052805698932,-0.5003433768708807,-0.8436406094129258,-0.17325673611288225,-0.1665600762568164,-0.17109904326051742,-0.16861121590408967,-0.23246921741358018,-0.13087505364024177,-0.2601769747091641,-0.35047405364869144,-0.2959271821707517,-0.37770423668342246,-0.05988896291114398,-0.07434587776425558,0.0,-0.05458411120592082,-0.2956000000117498,-0.17838955548222873,-0.2303625213780089,-0.14938655086695754,-0.2133773593297467,-0.42116533898032005,-0.1691730148729665,-0.3509312690278123,-0.26593304891873876,-0.032617834787720505,-0.2443484790208975,-0.18697785278459875,-0.1832105172535878,-0.7094276183615398,-0.4360610329017369,-0.4093533370551293,-0.16707723385418594,-0.30910294644650305,-0.20476988821590358,-0.15900318002553088,-0.45528224897433733,-0.14951703990486426,-0.1319394267222576,-0.35725249082280425,-0.38329613887867314,-0.39719217826363395,-0.1349356922883958,-0.45824486281322724,-0.29846204595415576,-0.36035493169018523,-0.08161007603322482,-0.3554899995398504,-0.055010315489649124,-0.02609273817565318,-0.7741465159704367,-0.31993779373110404,-0.48868682448301914,-0.26358513333801886,-0.0551861284834751,-0.2694706325925488,-0.06283278279734922,-0.06091948842133853,-0.1200049295514843,-0.3392036623239038,-0.1366090628979672,-0.2051403994018224,-0.22782025941461398,-0.51061184130817,-0.21146304111227826,-0.29251045822513694,-0.004392520276892243,-0.13043923209712802,-0.054740449747504354,-0.22699389331507902,-0.22510286888448106,-0.1084462024464516,-0.4068116023246137,-0.12294729286557333,-0.22190452134924715,-0.15699853145028003,-0.39519402247765106,-0.14925894850030638,-0.5120058412913443,-0.049152387028316216,-0.10417431975372045,-0.16183523297273153,-0.2262919302565243,-0.3395251144474564,-0.1717726501897963,-0.5190189397169392,-0.21799936149878082,-0.14355681512298596,-0.12591852036742102,-0.10432148919878749,-0.17136909283192367,-0.13719660272949505,-0.13704905015543656,0.0,-0.5199330053471427,-0.18080940859184524,-0.17977720196218241,-0.16695640645883203,-0.3688589872714464,-0.6666666666666666,-0.2659136324855112,-0.8333333333333235,-0.20877060908321055,-0.38122845440678843,-0.08422507345379629,-0.414602537174439,-0.69945471719739,-0.5620325040645049,-0.5000000000000073,-0.2956605410695122,-0.6752998914494321,-0.724020171096693,-0.29246980400648476,-0.18169167314705648,-0.3475763102250089,-0.23201888943319104,-0.1099074201791224,-0.3798475257620352,-0.11302054577027686,-0.39986809862876493,0.0,-0.3858540270802595,-0.2987902781010236,-0.34805363357778424,-0.23529204865624187,-0.08450416129860874,-0.2069824145830039,-0.20324911835685977,-0.838873030102744,-0.7621868172491758,-0.24823485297133538,-0.20114018527307032,-0.20666829295573494,-0.20648400434746653,-0.23747655412697916,-0.32320911106952455,-0.27884286703414857,-0.9878642215317418,-0.34013547952543544,-0.1961653672985504,-0.29650755548990365,-0.3979994162210161,-0.5613475823220645,-0.46075725240564663,-0.0913510265734986,-0.23087287683354207,-0.1021349741968695,-0.08744570396010984,-0.07292892733814843,-0.22287806996171047,-0.6042460382030261,-0.43428968973528864,-0.46271719743065065,-0.3214285714285717,-0.16858617097874357,-0.32884274195038404,-0.6930220299660013,-0.5305114064378931,-0.43400758297959824,-0.5697895678422351,-0.46651088472374014,-0.3980621824505094,-0.740676357986435,-0.2115604250705319,-0.7263138246906415,-0.23785585850396398,-0.3721408349056941,-0.5466130172962339,-0.3514845502650637,-0.21232031329217094,-0.8666788976299378,-0.2962979017576601,-0.35234120822033926,-0.5398954439147986,-0.11427695746674804,-0.21047330600590763,-0.2305188170464647,-0.5147048794744065,-0.5770088862039329,-0.16630079894718058,-0.09836065573769709,-0.13497277679595288,-0.09450853295739618,-0.26913422435736456,-0.2992054058785902,-0.2042074262103524,-0.2627299814162285,-0.2332889237493489,-0.2023224308271289,-0.28425398594242235,-0.5765214854769813,-0.3208718463219934,-0.40997102036405475,-0.23661912776377822,-0.6127933449392409,-0.24856733688428653,-0.23069294084600658,-0.7274113030766076,-0.48106786556592507,-0.5000000000000056,-0.8303284731385439,-0.3063967557112345,-0.14500530271555026,-0.10004783047115616,-0.2443859885413836,-0.8421785034395282,-0.26791515120393367,-0.6672248662375493,-0.3666666666666639,-0.04799829007278481,-0.5077159035055969,-0.7049487449054324,-0.32766361039613623,-0.5658153677105038,-0.586733827005599,-0.2879314338761421,-0.06966428447174469,-0.24631699410628174,-0.3547317499520568,-0.12018816347708103,-0.3333333333333333,-0.37554846886191035,-0.07723487367286866,-0.49663385891827727,-0.46518511039775823,-0.12832672318683835,-0.5752891418427895,-0.5077397908477971,-0.3366533602357797,-0.3106456690623424,-0.34884857234475397,-0.3408745061143647,-0.5397268069240068,-0.2658743034274729,-0.07007682309415326,-0.16262939382749822,-0.1358706522144722,-0.2175641504644976,-0.4044614322902965,-0.14406492689598724,-0.1535936020367828,-0.12418326874806265,-0.8771727003098007,-0.5996608994363317,-0.8623303896744017,-0.37535416858481413,-0.02296315252308578,-0.30689098347275895,-0.14025334361067088,-0.707451645949974,-0.12608212238025804,-0.23308934765850206,-0.057189431052700565,-0.16005103132177975,-0.2618106314349229,-0.5314514563591751,-0.07162532260822406,-0.5697955529285459,-0.06938370405464152,-0.4600671300258306,-0.2594491406837614,-0.20139125583939044,-0.15734392412981116,-0.6161443286921153,-0.2631895534463372,-0.3807267195129779,-0.5238159632781403,-0.14478839553113812,-0.2699708155229976,-0.7298916479696423,-0.18743794629973148,-0.09898761094690829,-0.14525845511591928,-0.43863099354832086,-0.7511231617316999,-0.376925771669433,-0.14954942683908132,-0.6822197356332754,-0.2687693240147663,-0.02531058993899001,-0.20002837712322238,-0.025697828549616643,-0.6813248903342871,-0.26874319040939776
2024-08-21,-0.8038286641373447,-0.14491167703976007,0.0,0.0,-0.2,-0.18409713250151744,-0.37913903272947547,-0.19926418826903586,-0.5845624605965581,-0.5953920099411003,-0.6544875967102092,-0.14602345326297764,-0.31147012414003333,-0.20285804591127693,-0.2896357431928747,-0.08361462302154991,-0.1991830076288319,-0.47585988077841734,-0.0486074580808294,-0.5739238889028155,-0.42730856224403035,-0.20436797136244303,-0.1323605811094075,-0.10887390972038846,-0.3547692613340757,-0.3395046492240409,-0.09149408956235532,-0.09853771001581847,-0.049064390498347384,-0.2822870273280566,-0.7977085627965617,-0.23627029597899174,-0.3103614921518048,-0.03808611752959861,-0.3839917452568413,-0.2544641728406211,-0.30990799972290284,-0.7738808413659275,-0.19796955997461554,-0.06258545739078059,-0.14413492669072644,-0.0727505158737132,-0.6525536653598739,-0.6671618121013295,0.0,-0.6337948059145994,-0.06881899874719721,-0.18592703535102575,-0.6082416346849002,-0.41831765289695283,-0.0713124813714851,-0.5344013479589504,-0.1806028239992275,-0.039175142505694587,-0.1509778647999928,-0.30742046692725733,-0.4373150558905105,-0.48726699925871736,-0.2641396256555984,-0.4564637829105527,-0.13404145189744568,-0.6091715963965296,-0.7182518327830245,-0.48593130252671285,-0.694798313856759,-0.10137062226595339,-0.7077134736557974,-0.42601536034629256,-0.04051515331338817,-0.5676586391837011,-0.5564523284438992,-0.1446821893279607,-0.39973887374500977,-0.4398200747036866,-0.05337658980866138,-0.2952739422322501,-0.5220374703120245,-0.45776682637840604,-0.4627381610449714,-0.49553231916388085,-0.749095055499798,-0.4316001001829348,-0.5384937918728441,-0.6037629555282032,-0.11742033749959581,0.0,-0.029150343627728403,-0.09790073527552669,-0.2258592408825994,-0.5417794970110535,-0.056550350085378134,-0.14133223266254238,-0.12879143388042938,-0.1344940061188399,-0.35631662776571416,-0.38832765526607793,0.0,-0.17751164304135317,-0.12483133705066964,-0.10975826441307095,-0.40456883160800317,-0.5892734643294935,-0.19195024955652082,-0.1460338534070718,-0.27784596300804365,-0.10982741989699038,-0.2291875447001047,-0.5413333362398906,-0.5075840896459758,-0.11152960102326294,-0.9213592094568238,-0.031962240808259594,-0.46998087059782684,-0.6188050178816561,-0.5493736066778083,-0.5,-0.7658000066400884,-0.25789827319776654,-0.6666666666666666,-0.8267613367201496,-0.682787728231285,-0.5891185226907231,-0.8823652782913203,-0.9030057090338857,-0.14538105817054708,-0.6806018290603479,-0.5788865447148449,-0.6947611851935817,-0.3750000000000028,-0.3897697236137584,-0.5714285714285696,-0.09748213866990135,-0.04421767011033485,-0.0657545200079068,-0.6403577013178245,-0.6343596121712886,-0.14478761677431196,-0.08345757746167261,-0.8373847067367695,-0.7973228428813847,-0.5923957685345932,-0.7613377795408326,-0.11165382752247036,-0.8104409618979965,-0.020483069509156248,-0.35025365190220026,-0.5973148894607095,-0.148618416977987,-0.26875620992618654,-0.5670747763549787,0.0,-0.9133272436734465,-0.45237910103545426,-0.11517974271306801,-0.49581156152115174,-0.14911391811562216,-0.5870247754671077,-0.2030302477969761,-0.15510069954507152,-0.6901149448617316,-0.10709279857634872,-0.3789148145799621,-0.4263314760902204,-0.21052631578946976,-0.10284977713072911,-0.3333333333333358,-0.5896627977421687,-0.6364621424482817,-0.6102737336629966,-0.29449943336372086,-0.04172421725615739,-0.2610075409940249,-0.8321908927621374,-0.015847114552895707,-0.6605950617242297,0.0,-0.042439487391676016,-0.42366230023193197,-0.6455768300234211,-0.5120919459536585,-0.25271812520751474,-0.10281002812934815,-0.360083398793794,-0.9146105355166084,0.0,-0.19827883984581737,-0.7499999999999908,-0.5000405504892268,-0.6475107741304649,-0.6322100755700759,-0.4142070119934357,-0.482262355577018,-0.39261568829809773,-0.11694902684867832,-0.1785184021477372,-0.05056990292489417,-0.08306317818109071,-0.341259344870044,-0.35294117647058454,-0.6897114261816273,-0.6849679095106765,-0.0710067746759464,-0.3003955489767025,-0.5185244744442943,-0.4032438275627819,-0.6610536364966058,-0.2502054815376935,-0.41475856908947817,-0.23023229904936288,-0.6729768362098912,-0.5512288395478467,0.0,-0.6445055386019026,-0.6562071360973213,-0.8368171062501467,-0.6253159252867979,-0.7900001257843018,-0.25993259530356594,-0.09220777115528268,-0.11558181544458355,-0.5742280320111894,-0.4728715637245458,-0.8686412689127179,-0.38930519139237557,-0.16662301630226056,-0.07130530056381283,-0.21273484810292173,-0.6143987382796349,-0.7904683111510674,-0.7625575485350065,-0.2960464709948219,-0.2641207871880739,-0.19356576409445186,-0.3506518432424251,-0.13681607006129162,-0.5930849406086931,-0.8499473453365276,-0.7850004258532849,0.0,-0.01189265369118433,-0.44770959530696386,-0.7982571264760998,-0.857142857142859,-0.6875636907972101,-0.13297417974283932,-0.9506136161192331,-0.3567730208452785,0.0,-0.5693746698069704,-0.04129674550858952,-0.8636493671617843,-0.38461538461538775,-0.05218407072084229,-0.8642107812190054,-0.6967849797331656,-0.11270521863577924,-0.407352744221847,-0.9568354630222039,-0.6327446390313479,-0.5663287261209365,-0.8000000000000035,-0.37850464852236376,-0.5613114660227305,-0.5663865148775813,-0.3252924053390128,-0.720072403655899,-0.18601513241493886,-0.599949302411545,-0.554942345695613,-0.02694967796106218,-0.014941606856200182,-0.427614879040432,-0.654296818699074,-0.7284381814952503,-0.539250789979461,-0.17536727836093835,-0.11589193020024119,-0.7699776488546425,-0.15596577543128345,-0.0058707122354554305,-0.8166449556430987,-0.5206656133106781,-0.604488797621983,-0.10568528513187687,-0.09447718958984092,-0.6137799689111779,-0.5537920868036138,-0.45489987367348317,-0.48056337417511874,-0.6833705494855612,-0.7867532626490483,-0.1690961689106584,-0.5473765155025722,-0.08329036650991692,-0.20576784397935172,-0.033594238734276576,-0.08891638091806697,-0.03556903131746336,-0.31179784842768715,-0.01812644084612761
2024-08-22,-0.45271389494314745,-0.06044154533779875,-0.2711861775138707,0.0,-0.4935401385046046,-0.14081013542627188,0.0,-0.38014395601540735,-0.7177527902960575,-0.6769943810810083,-0.2655837974269828,-0.7978392769373732,-0.826463847798903,-0.704910410044542,-0.40260987705203327,-0.19057469591474605,-0.12402968498800622,-0.7589615472868623,-0.08885448939238315,-0.11192933793391154,-0.6495296238688996,-0.2862860753722313,-0.7398722459096843,-0.14956184534872177,-0.45459537294072516,-0.11604496585975627,-0.12714273309375565,-0.44567398899450034,-0.11806925644531348,-0.055700297647438286,-0.5770147910002925,-0.1996211108997638,-0.18056743920739418,-0.23385535315747052,-0.3099329177668804,-0.6696369710006493,0.0,-0.45322581081790464,-0.4513515435990475,0.0,-0.19182416167709762,-0.01735143864105202,-0.14177113454472437,-0.43194176022288877,-0.10315429371278761,-0.5359889084933159,-0.6022600498597539,-0.4833123373714311,-0.23850847049589669,-0.031874990641596795,-0.23064228188093688,-0.40825810262609163,-0.17120772664064476,-0.03431171352854162,-0.40407113332604805,-0.2726813959249401,-0.30086192196446765,-0.5590593323661179,-0.18443797660508468,-0.10366145264737786,-0.15879055848337986,0.0,0.0,-0.7876513146976848,-0.5550093106172989,-0.09660997634081225,-0.2885766534189296,-0.13002304910017073,-0.024633882561741784,-0.3366266330203064,-0.04732631323947131,-0.8776364186546917,,-0.04148183569230859,-0.05061640004501589,-0.3109842559043908,-0.7698847268658341,-0.05242032863047967,-0.7270284331351853,-0.7597663402874815,-0.31841282010101607,-0.13507906556113106,-0.027103584263623418,-0.0297393441591419,-0.13940982156253642,-0.5338520684420093,-0.03563349371956354,-0.318014333759262,-0.6069239431268592,-0.34331004788534647,-0.04486992948363351,-0.14898814241706596,-0.6801843069296482,-0.10966659359990183,-0.6682442184370068,-0.06153699981938858,-0.025641580242753963,-0.027821677580073447,-0.4904925141405958,-0.46792353090311806,-0.5331808243721454,-0.7124164575539128,-0.22211273789676023,-0.0870118427049971,-0.42338706259601516,-0.6213794449892747,-0.17074614726536388,-0.05794991897117124,-0.0947225065685514,-0.10535967158767769,-0.7168439222422235,-0.5354829976700463,-0.11119463546052485,-0.5557481743839047,-0.14807400645115842,-0.5,-0.7957364993652278,-0.3307533663857697,-0.5830039396870138,-0.7267460028506959,-0.3261592324944198,-0.7005310129054326,-0.8218223892425786,-0.659995642965765,-0.6725455250223562,-0.21483701698084334,-0.5454228104066631,-0.32335154660820165,-0.20432086217627607,-0.49801123356245347,-0.33333333333332843,-0.22232525505640086,-0.17709836183855757,-0.09023202639865449,-0.06190387742589049,-0.22536265439673517,-0.723964241295024,-0.14008947102923774,-0.6413618657162689,-0.050048097623808664,-0.316347102936719,-0.2885458849623385,-0.08367608123425908,-0.959574128796738,-0.4602761069371391,-0.7298184184810537,-0.37372198780334576,-0.2226149311912551,-0.4866616783540752,-0.13385075011474126,-0.11493228996016172,-0.7386347233234942,-0.6216216216216212,-0.5749958955384213,-0.054117201233099724,-0.15107046674130278,-0.2456373511896326,0.0,-0.5129377010355438,-0.37952952615305746,-0.055714831814766996,-0.5043542810195382,-0.29188465976692507,-0.07133490790106596,-0.36812806771216483,-0.2152603236781738,-0.8300098468721393,-0.9036708601768536,-0.8372364728240069,-0.03453255021748285,-0.40897352938692627,-0.026077561273377042,-0.09191745868571097,-0.6611296479899856,-0.8648662878844042,-0.662983434433457,-0.32964067380994094,-0.11346031389923321,-0.5353354752246766,-0.6664026260392946,-0.8367105314528631,-0.05440778444633563,-0.5172468344416706,-0.8239600720849947,-0.48940716411162477,-0.06939969175751641,-0.6305308223640365,-0.8037275746325693,-0.8332107854835906,-0.9230166406292595,-0.10479042287473431,-0.8346579755849394,-0.4227008734210427,0.0,-0.5348118572809945,-0.09601052184118629,-0.8184583760806116,-0.0874872850169378,-0.055282102612002004,-0.7350936435241759,-0.6068997104331565,-0.39272216647131525,-0.1481241741047331,-0.34118199062157417,-0.1487534400536295,-0.5247073061272567,-0.8460940969886533,-0.6137727475653235,-0.264648104238409,-0.7303165464907103,-0.6568123977317178,-0.04550718943575816,-0.06338459507403123,-0.6334066616924077,-0.11823461822319879,-0.6438768118805906,-0.43890971348736163,-0.023261905619044582,-0.17901840565102967,-0.13135034685219985,-0.6910966074722502,-0.7824024111048659,-0.724914779079305,-0.2886476058854899,-0.44156183246482683,0.0,-0.253906174299208,-0.48660651524775,-0.04974788411428815,-0.6600107528900939,-0.8043506808114264,-0.5,-0.07540113269593592,-0.14990652106853217,-0.3153657070039972,-0.5883445317599877,-0.4763822718331032,-0.5778926460031006,-0.14690824452865905,-0.20015292890490788,-0.9442107252288737,-0.4741915188097873,-0.43617002334412425,-0.5817642865000775,-0.8188850680490468,-0.684563836337666,-0.12071689892676453,0.0,-0.8224113123520911,-0.1534760980113933,-0.02734084084103928,-0.0301355340138005,-0.0692386784964513,-0.3636363636363612,-0.877282275084926,-0.04809524506392156,0.0,-0.9298554478137505,-0.7226392346604537,-0.7440675118552386,-0.7688441092993804,-0.624864239373259,-0.08569305044452388,-0.6325110241385671,-0.06713886974545549,-0.5990306647406954,-0.07343090219120112,-0.6942919024947973,-0.5444952317457766,-0.07054119779528348,-0.2995087457823876,-0.7080367029634858,-0.29031048725939745,-0.3823742817804435,-0.06566161345854468,-0.011700002389057147,-0.11725478019232004,-0.20501883091213013,-0.018147881328991693,-0.5129450581720946,-0.7568638216674028,-0.3862375621517288,-0.3390063167855329,-0.46982662863313523,-0.26268681863617893,-0.1611216529214689,-0.4400337116743805,-0.10631953478593793,-0.12057970932845524,-0.02845913479511785,-0.49964894512368896,-0.062438192814421964,-0.21948188414328304,-0.7875267750269552,-0.09527531412650704,-0.047334998818825386,-0.6617213864132034,-0.04342939519850097,-0.07965109786818278,-0.31361848819621385
2024-08-23,-0.8019791606737812,-0.22924290950912746,-0.8112600271288979,-0.9738234436262325,-0.8244313673088196,-0.6765687624533888,-0.6910463144448075,-0.6810469306603806,-0.6785996277139277,-0.7443358026778454,-0.8237084057705117,-0.8031123537573122,-0.8776923647641844,-0.4430354381058391,-0.4871045026004101,-0.647976269973859,-0.7640598253284889,-0.7912992784001404,-0.27555025550048284,-0.614349355680408,-0.8351660060815685,-0.630496565542794,-0.7856678370043049,-0.5296739826902717,-0.5965026741876726,0.0,-0.6790115258887511,-0.3656212617504305,-0.25280896055282404,-0.6281468618722441,-0.891556211062623,-0.6875686083623904,-0.6992397401128471,-0.7446976372859235,-0.28847769912017823,-0.41679513868417034,-0.2928739562302254,-0.6835681864975514,-0.34126557086627446,-0.47302011146383316,-0.6083490933176335,-0.7849291142827424,-0.5495566191392911,-0.1346056821574472,-0.23233482360458016,-0.5864638706718366,-0.2028817968561358,-0.722646586727206,-0.5082662461892937,-0.7753250069194741,-0.6465726962028089,-0.6365108375973934,-0.44843606152293547,-0.45244462325665785,-0.7701455930733763,-0.26562190276719677,-0.8840196704690969,-0.263177506115465,-0.33591977390946104,-0.8351275333481772,-0.03215491255691998,-0.1197318788739243,-0.08930706022131965,-0.8832861738385562,-0.6823934645493214,-0.5577309592260983,-0.38142211319923797,-0.5997465544561714,-0.13160400094362448,-0.6186479238304088,-0.0496437962503141,-0.1173825328057806,,0.0,-0.1559363330256347,-0.5932275202204874,-0.5480754363178929,-0.028857746972747327,-0.6206375943724479,-0.4121694976496012,0.0,-0.6156438815778229,-0.24611406533809696,-0.5513835681375113,-0.1762383526247832,-0.5376663825639412,-0.6021419256616821,-0.1174475551284346,-0.7175128996497809,-0.49815141095326515,-0.3091816571808079,-0.5613922091924282,-0.7163679329533315,-0.20855716952267514,-0.6859447942159833,-0.24093447381527255,-0.7402552448994036,-0.49335972534464034,-0.47464967467671404,-0.7225135817731126,-0.5448885584318446,-0.7606749191881462,-0.79817784764132,-0.34597184878320025,-0.35028403908042377,-0.2186686479553418,-0.7647882821669499,-0.36576045917534933,-0.6241714222211164,-0.09772584863161105,-0.512510442308618,-0.5872238977589173,-0.5461979023236,-0.7182627963997261,-0.8010664039815507,-0.33333333333333337,-0.24065791814596887,-0.46890595126866363,-0.7499999999999943,-0.7382631425643637,-0.6555927160477321,-0.6063334916642108,-0.1953389942390157,-0.8577582166498589,-0.19169733219575666,-0.7251298477255219,-0.7966380537572259,-0.7574612962694327,-0.9172658531553541,-0.2592247434461227,-0.5440537686855543,-0.5841558253831591,-0.81637773400865,-0.34144983606751367,-0.7873933126657673,-0.024019326005997606,-0.6489842093653013,-0.5059171921981828,-0.37393693375539866,-0.6685218078977274,-0.8086642511580748,-0.4355986388995017,-0.3880617369911306,-0.8301212079515703,-0.44680759940765963,-0.6249702572522603,-0.5621537613879853,-0.4264360205154354,-0.8818706184905477,-0.6974667273721062,-0.6347266766166587,-0.2338870903710121,-0.538357701538323,-0.7895430969588858,-0.5590604562639362,-0.06263983812101152,-0.8731468598509715,-0.41234475255409864,-0.4978749417395343,-0.8715347900556801,-0.662489351110367,-0.7163516556358199,-0.7105656234575259,-0.6394522384308643,-0.7135551607477009,-0.5,-0.7362603199994594,-0.10766179824611422,-0.5916446418715972,0.0,-0.8432833324996977,-0.5174868465047073,-0.7346931234182563,-0.801388939522487,-0.4064217655656327,-0.924938901134551,-0.24317471813967304,-0.6837449857959191,-0.857951825395211,-0.5934877606960958,-0.3042073745684647,-0.718399486861932,-0.5188208980498032,-0.22457912279527317,-0.6810961460656074,-0.6037923015835399,-0.7592820651779123,-0.5133072405441699,-0.271054687222741,-0.4683238258028541,-0.6130108448425985,-0.7263500271725768,-0.607344957637679,-0.7608210653571967,-0.804557734520595,-0.4922959872137158,-0.564720606768955,-0.025926367495117147,-0.5939997421240213,-0.3986683977440825,-0.7143110655051773,-0.16786570248715385,-0.6913271848632135,-0.7734846556625693,-0.6259031237099512,-0.8485421974786365,-0.7126122879734442,-0.5589225490586152,-0.6835255371284368,-0.37797075008111497,-0.898925268063692,-0.4885150386827903,-0.6765436982626105,-0.8908907632935922,-0.7960950825114007,-0.7644142167894388,-0.723281642586956,-0.7738299862711524,-0.6103622215817208,-0.6728188783112425,-0.38435894035962415,-0.820279547589616,-0.6751965594231478,-0.8168435093479628,-0.669987133651763,-0.09584271032309287,-0.7636425127080269,-0.722124498420989,-0.8066694390624419,-0.5609914784631073,-0.857142857142859,-0.5093107310482128,-0.6966185315538999,-0.5264054565774549,-0.4374999999999983,-0.35894554994404826,-0.4166666666666648,-0.9755213838960807,-0.7007643131132214,-0.024554760443388366,-0.6805606627307889,-0.14159132100393906,-0.6363636363636342,-0.8333333333333296,-0.8235294117647096,-0.3026475631592216,-0.3446506677050784,-0.34883458760153363,-0.5092704519541762,-0.45495268971295766,-0.4092923514947646,-0.3799957403784512,-0.678074591796119,-0.7364324672454968,-0.8187725189210953,-0.33001196700500046,-0.7364624499414699,-0.3093004937909957,-0.7762250941474793,-0.21486073067149497,-0.8801743592780731,-0.6025203551503585,-0.5712973351095114,-0.4827064672559991,-0.4850323406499274,-0.608257212921621,-0.3571428571428583,-0.3722864379284693,-0.6980939106391478,-0.5968911277533718,-0.1528110321130489,-0.6989803768859221,-0.5389493657358296,-0.4838818318563159,-0.4025014472325439,-0.2678285385145242,-0.5502608775075337,-0.15412607402681608,-0.6998569379411718,-0.2400704526424416,-0.4866674353832482,-0.00840517119989087,-0.6207850619375994,-0.6405928121119762,-0.7029648032375677,-0.7373348589177992,-0.35615354184495523,-0.7922347521104638,-0.517152744982705,-0.7056645449593896,-0.8956863232679696,-0.7272727272727257,-0.4484142769109697,-0.8306534488386028,-0.2660642208599206,-0.2074876549356737,-0.835222546987424,-0.694334252548928,-0.63320217868704,-0.8743296049992623
2024-08-26,-0.541032983344045,-0.6944243310728517,-0.38315167083878376,-0.5690789112260842,-0.835389097758381,-0.48853209609275505,-0.3833515653382045,-0.7814193484252074,-0.7884468492741595,-0.20730563719072434,-0.7087889515094359,-0.753703084172316,-0.798428269276809,-0.40903981270969275,-0.31676384001643465,-0.6075430045293687,-0.3797228623581519,-0.6372989962452886,-0.9377391322786462,-0.37975251854639935,-0.6414170955552626,-0.6562616930953764,-0.5121159315503672,-0.43195741959388656,-0.47834822346946054,-0.2605154079563682,-0.4203614913171518,-0.02354192232344625,-0.9253281204923381,-0.05096920603147172,-0.9689164469255964,-0.7185215833147597,-0.7944757319745794,-0.5307950795221209,-0.8989260109919531,-0.4771349151564282,-0.6250000000000083,-0.7457339519639813,-0.7979306788121128,-0.1484578209168306,-0.5603839878349227,-0.41459080505870105,-0.28204318779404575,-0.495681766676261,-0.5932394183545118,-0.5209536227708844,-0.573978368340006,-0.3963450023205679,-0.5477022937978834,-0.36217199218135737,-0.4180830841585844,-0.29126070330345266,-0.2048250911832367,-0.6950072751665166,-0.6606917504529488,-0.6536470091019319,-0.5306122448979607,-0.6797746067339475,-0.25032865126009923,-0.472397022747709,-0.18786531121119018,-0.5131770546141202,-0.4656334486734465,-0.604929814405774,-0.44961836358050555,-0.7566920093695134,-0.3219655498249527,-0.45524848325195627,-0.8426162442698663,-0.9749543098682023,-0.23851174700468078,-0.5332738690436746,,-0.39504778494378107,-0.5144669279581023,-0.6692668144106864,-0.2545301698097524,-0.6493268152091924,-0.17327732222919742,-0.35061878068948005,-0.3226934930804607,-0.16289698651885556,-0.4503679429543241,-0.39422531354167695,-0.5312757669049739,-0.486629577749725,-0.5692574204927124,-0.42192388301324657,-0.5653310806030651,-0.21346501122761627,-0.2362376465534161,-0.5446920550025067,-0.7846078247237618,-0.6783922569118488,-0.4358358667793142,-0.5649153798363242,-0.7428491843358452,-0.23635084537518955,-0.8744783064771519,-0.1821487803491424,-0.49834750052675275,-0.7761605365186355,-0.029941424826294787,-0.48954011905899253,-0.22091976965347263,-0.20534098899220157,-0.9138446457922081,-0.28426698021443003,-0.47504858341306677,-0.6640264306952254,-0.6832547573291979,-0.8470770857748864,-0.38638509486246564,-0.3145348714539502,-0.5408479445270219,-0.9324579616007138,-0.27409269297731925,-0.6094337771417514,-0.7774025931813017,-0.6351702914543179,-0.9752895254135293,-0.47223828017802216,-0.7579524984700455,-0.7471596252742303,-0.8694261143731881,-0.26920322362262794,-0.7299430980303411,-0.8024421480949389,-0.7175961841159154,-0.5296977726249504,-0.5714285714285696,-0.5663717132387954,-0.15534769793789893,-0.6995483018780262,-0.2638855531567131,-0.7280821896372529,-0.9480634590692982,-0.17804279568931775,-0.7512197763439188,-0.22533358420468186,-0.5470343640883291,-0.7831355205202767,-0.46986175388378243,-0.6812845073576657,-0.8564941921470572,-0.5376399564414612,-0.3661590861518506,-0.331542553809859,-0.5966779834333549,-0.7844965944059412,-0.6945917428300394,-0.3069049220482101,-0.179771510057728,-0.5244288036696605,-0.15742967002303077,-0.4424871975181425,-0.4881466094304343,-0.5228851342815534,-0.43494960368609176,-0.269195339567575,-0.19551125528472546,-0.18078533967636828,-0.4196885574360237,-0.16114766359443944,-0.1767922122562463,-0.6714016735326241,-0.6129577999149483,-0.7227631111804775,-0.5388762200551385,-0.4205340912746975,-0.8508634493525495,-0.5353050196290491,-0.6843331265395705,-0.44677511095506933,-0.7564895337584064,-0.5398508040180077,-0.2892899769163518,-0.5900536924916335,-0.062348499006985685,-0.7999847433877335,-0.634701826545098,-0.17944667262936756,-0.32753891018836306,-0.6055471032513269,-0.8336959780440494,-0.3965338164068837,-0.8960986510006477,-0.8732099206339147,-0.8650829211046789,-0.7177907777135716,-0.6720424836304627,-0.3974578906101752,-0.5351880741030051,-0.29425521725545345,-0.9570265473094526,-0.24333625596614808,-0.42722558151819073,-0.6313379224168181,-0.2992109420469445,-0.7297297297297336,-0.9210613749107662,-0.5,-0.5914164505658487,-0.1928765485720968,-0.7876088022900779,-0.8570003366080371,-0.7433155506900548,-0.8417638993255496,-0.42404092782372654,-0.7066867587872546,-0.9031953978035456,-0.7426430855933936,-0.39196813320040685,-0.8484673936129451,-0.5149586338144176,-0.6783213958216449,-0.5870113376456257,-0.7974741102854276,-0.7947733071822182,-0.7260434575230452,-0.8197834867787097,-0.6718668494609925,-0.7333333333333337,-0.7276607920019287,-0.34334764967041453,-0.4455301640632654,-0.34920353729523956,-0.8899017451968108,-0.27434597440644315,-0.7355216713932403,-0.39497247711047767,-0.19222496687381255,-0.6813014350458176,-0.17064105077901143,-0.336718545894849,-0.6321072352440988,-0.7214638694399585,-0.42776442557684585,-0.5263157894736837,-0.4943790620725633,-0.43942252490692607,-0.8485254296391171,-0.7463816415735837,-0.6092877490173547,-0.5796164602930123,-0.7479550345499599,-0.2244375348891804,-0.7006755536165584,-0.5869628709831056,-0.2754049746799576,-0.6169583680961399,-0.4501409775725406,-0.3828390287702288,-0.7946349007090737,-0.6235332587615013,-0.37346787286194943,-0.6546765720936146,-0.9174145417712194,-0.8075817335893283,-0.49078124083550884,-0.9804693519027895,-0.5873892808331828,-0.2623191983285596,-0.6411699863874484,-0.40466690609400524,-0.10802060195504291,-0.859208946999929,-0.6691063285243084,-0.15423718894521182,-0.059653711248668514,-0.28072366673781296,-0.35886034695465957,-0.424924727582898,-0.35748032782026135,-0.38599782553528855,-0.5897657229408205,-0.3383328261888562,-0.22511428693135144,-0.7358072366552745,-0.15342748690645586,-0.8837252315893419,-0.1713238267758384,-0.16144670604635591,-0.2785800786578609,-0.2670271340354366,-0.8252255785324483,-0.10293827467305094,-0.11267367111409657,-0.3563860625236516,-0.6449953606218763,-0.599798063203314,-0.6108579600394606,-0.3885266339994605,-0.15856923421120359,-0.29554515826073874,-0.16137972471863973,-0.8755324031990007,-0.5174890617904697,-0.4448126882895006,-0.8047287075905085
2024-08-27,-0.4077292399191862,-0.05523326192974956,-0.11810112535297629,-0.1377744085738483,-0.21186350061175563,-0.20271145169070243,-0.44304889312733886,-0.6450235003074304,-0.5054332930464454,-0.23215682257485407,-0.42220248060277604,-0.5454291193741707,-0.3113410343034318,-0.7538920640805664,-0.46893627786809094,-0.18162748656598401,-0.15333807184343057,-0.3610294402775874,-0.4325919501127399,-0.5774725430620421,-0.1898456744606242,-0.5287439784311719,-0.23590544016470213,-0.36770555088711315,-0.30567134486078035,-0.7246788134423051,-0.21199664575742264,-0.8113207547169815,-0.26091803822368514,-0.2580574480123836,-0.4735027651840838,-0.16385997741162822,-0.4798599606350837,-0.253457963035059,-0.14758084820525147,-0.3733775856839989,-0.13812719230305,-0.20780799145169218,-0.3750000000000028,-0.5064506562325093,-0.5714285714285642,-0.3269460820067816,-0.06286277992004248,-0.1759488052633117,-0.5249444245300718,-0.09919496907341009,-0.8406503031295924,-0.6533685192479577,-0.65389744152042,-0.19150230829904538,-0.17982517237094633,-0.08892800022417381,-0.5958385351212168,-0.15383848883198734,-0.9637489528317749,-0.38784405099525504,-0.3764086178170157,-0.5000200232983634,-0.12746755539451446,-0.4253294385845677,-0.8344061223263347,-0.4720415671099709,-0.5894112984901678,-0.0935227911521729,-0.5799497384455496,-0.7226085167095491,-0.8397840935090285,-0.6098294105853994,-0.08514261367118413,-0.28335864696168284,-0.10031302617789889,-0.17063133372203698,,-0.12916926343860866,-0.25909071805493294,-0.5600504073612902,-0.28116857087810526,-0.15028101404686192,-0.1092894462499483,-0.9602436987500094,-0.15563077128480893,-0.08435629614346167,-0.08192167368457895,-0.2786288903534877,-0.39749317689571556,-0.6361176322909053,-0.08539389977391927,-0.23396332979071402,-0.535439661535195,-0.40094397443926183,-0.054760765293219694,-0.1981873723262324,-0.0917574029486788,-0.1561871290154277,-0.12811756398920465,-0.14114555221580816,-0.18960095291589535,-0.14072406055961448,-0.1527222617669471,-0.36414912563725405,-0.26619797473530565,-0.6512245508812382,-0.12920500616057606,-0.4989911215441507,-0.7658331387626032,-0.177887293229688,-0.12393546950176296,-0.338660365072739,-0.20165947533941386,0.0,-0.4861144700337689,-0.2403525424021944,-0.42575804010542184,-0.49719101834843016,-0.19101029278891193,0.0,-0.7803466364379913,-0.5000000000000038,-0.4057635937122674,-0.19999999999999646,-0.6977127839660295,-0.4513030253383045,-0.27475485157317664,-0.7667601550610537,-0.5654406375557437,-0.7870831564139286,-0.8145801573738843,-0.41895836252260477,-0.2203098220509048,-0.14186881282260091,-0.77536124210308,-0.7500000000000056,-0.3149296963924513,-0.2844247294305892,-0.23540169732360472,-0.17382129425837645,-0.5790883624726008,-0.8614100315281485,-0.30816490476901254,-0.21294565314262276,-0.24306189851117627,-0.6842625434131915,-0.24515421761300885,-0.6401448946892052,-0.4448481958607603,-0.5422241505501888,-0.5224217659634179,-0.4721636182815788,-0.5081529207290806,-0.6832331213350721,-0.2017617647066645,-0.42932488943744784,-0.3894938372126048,-0.42908105288783666,-0.353090766220239,-0.028021895853856955,-0.35502603639701547,-0.13005817319024698,-0.2560587018813827,-0.2569853219909904,-0.23632951668699756,-0.09352890664354724,-0.2536682626500969,-0.17637616989895388,-0.8497025488393234,-0.269222007735021,-0.7515821972318578,-0.3884494183751147,-0.059105202248772436,-0.45196558613699767,-0.7995769744394631,-0.058989570098561046,-0.059129836304593154,-0.8235095913298317,-0.7999999999999894,-0.2898862782142176,-0.6092585021256877,-0.29090918471428046,-0.6625427379090473,-0.18040049202677844,-0.31819403514017436,-0.3663439916261138,-0.3241512237953527,-0.6828982762542367,-0.6666666666666715,-0.34215118822786705,-0.6210302937637492,-0.47647498332522575,-0.8439354559461001,-0.7272805964108532,-0.16329339681879018,-0.40450476761604637,-0.2964889705647777,-0.19151669584318254,-0.35988862415369793,-0.5688963122837893,-0.8604614124622006,-0.06080895580809988,-0.2676568095575082,-0.8007317416623841,-0.5471318310008854,-0.6288400381157153,-0.511012793077466,-0.23376157850384865,-0.16024210193055508,-0.160620499178756,-0.7966140925521735,-0.1521832853951461,-0.24673977604324468,-0.7612611363565774,-0.6113938077439383,-0.11817478579263097,-0.32707870804328704,-0.7320391879941799,-0.32691424842897404,-0.5043402517271247,-0.7705553987262996,-0.527941611396677,-0.22656881239829735,-0.6732154048343596,-0.3530685083402233,-0.7873402328705426,-0.5707438795384989,-0.7384597891054676,-0.5341192337022695,-0.6359390574512707,-0.34930490850254947,-0.8028375534121572,-0.5234868482330326,-0.5344342603257193,-0.19528049735855565,-0.1867652950411193,-0.27841575485316516,-0.38580505042830665,-0.22793155873240614,-0.6661562375626865,-0.7851015230042317,-0.31899065492616446,-0.38172423039312575,-0.4851958089162139,-0.36103042886271786,-0.6311358710556042,-0.36363636363636587,-0.7385672873379532,-0.52874812120135,-0.8030726444719989,-0.5886108092633957,-0.3569091201468386,-0.3904990635827269,-0.1530968787998696,-0.2073530057406685,-0.399952071022062,-0.16780607664212144,-0.7562214108248817,-0.5638270907575084,-0.1457474576140909,-0.2592582617545789,-0.848796306908334,-0.7299707310450094,-0.6637037083963411,-0.9069578021543093,-0.26918514618628925,-0.49416951988552926,-0.5703708882172025,-0.26610966757169,-0.06462639617487864,-0.5022066544021894,-0.7288940047172894,-0.6000000000000085,-0.1374297749211129,-0.34456626836466414,-0.16390257377739098,-0.6946393663977728,-0.18397497407532945,-0.1045876286539804,-0.21099020602630172,-0.512882610281124,-0.1768345284751769,-0.17309053624291618,-0.15868054724540212,-0.4668943698352845,-0.7108731615939897,-0.2629652643445843,-0.2885642988781477,-0.40415540852254517,-0.19485734968571142,-0.561030110801947,-0.6705613289248569,-0.07487021867825563,-0.34079108858550433,-0.3166603798127107,-0.7204928806598759,-0.7037828635894128,-0.34865135727630453,-0.35696614982686614,-0.16682621425941435,-0.4672247899622172,-0.06235281229712571,-0.6545457780372024,-0.23636274193796578
2024-08-28,-0.3464421979359115,-0.2643877399745548,-0.4344662063475328,-0.6340823503530967,-0.6085535548789529,-0.44743220761476615,-0.34467017010661694,-0.804213936319684,-0.24687661584070597,-0.5533904936723197,-0.7839270722861603,-0.5910715879271791,-0.8538730118351452,-0.3122497554089813,-0.3949805378790649,-0.3750000000000028,-0.3384676839867637,-0.4193959525374889,-0.5013093354043371,-0.548302971595933,-0.834938291499522,-0.8382934335702353,-0.8586687260217333,-0.1294009794916173,-0.2890072278491773,-0.8954289279437976,-0.2583437278505786,-0.3014176256417141,-0.9288191350384473,-0.22516612026376462,-0.2866267763272414,-0.9082515950408846,-0.4084029107927022,-0.6295542877726507,-0.5690274906669811,-0.7413858288919841,-0.7850621814123206,-0.10545498210048632,-0.4038954015670481,-0.8259717566388878,-0.7365353593156667,-0.8126846087770135,-0.6974379470159149,-0.9223506346450938,-0.6286366348397741,-0.2741072646302822,-0.6903582792177895,-0.5700311160578216,-0.7700678168429692,-0.782183520224962,-0.8246926114494734,-0.2940077158895823,-0.3377519046040636,-0.17718982610166895,-0.3804951028242036,-0.7545701618343497,-0.2860195550925306,-0.8073575051613244,-0.7449322844126527,-0.639009113544549,-0.6363636363636341,-0.9457055077001033,-0.6396113703999132,-0.28345208204173855,-0.5725447539423635,-0.743162113791066,-0.5816801209557698,-0.3607604328752631,-0.766458470572103,-0.3936623365508971,-0.7846945674054525,-0.8651799159175251,,-0.6513559454954875,-0.42667623964257223,-0.5295947779562419,-0.09330665509350179,-0.22309790317428269,-0.49736727446010054,-0.17998164959372887,-0.7409864419377653,-0.7671319629704048,-0.93594527851189,-0.7190942848344808,-0.5110779134029511,-0.7526917087275287,-0.6081033502702604,-0.7955955614420803,-0.33870929870600863,-0.3168689372276838,-0.18795588703548705,-0.8349626020953038,-0.6859791078423197,-0.5614647451576089,-0.4806571239791942,-0.8693514511356939,-0.8265845270563961,-0.7562822399605942,-0.8836784094625604,-0.7202135941803146,-0.2765888647890596,-0.6386546994519184,-0.6614184390102799,-0.5659311162605363,-0.14876596982795434,-0.67331540493987,-0.8734309747782696,-0.16147779205874147,-0.769034231600365,-0.5145650860157988,-0.27778924145700734,-0.7760112968056718,-0.5730706626435899,-0.373408049064462,-0.09198742285320305,-0.5,-0.568923976153746,-0.21130575017959283,-0.5072253136846957,-0.3441199304837268,-0.29538243345545423,-0.4456491358114636,-0.48302366422310306,-0.32365959554854956,-0.26368293833736745,-0.4972929137829756,-0.6752985069643105,-0.4544300652124684,-0.40704208042547346,-0.16199516087068475,-0.510525946460263,-0.3783541825631357,-0.8684856729292095,-0.7674312938322313,-0.17177269097546058,-0.5079184328023842,-0.35164404772137536,-0.9542203120385861,-0.39455137470857143,-0.20056276648125212,-0.10998066320140483,-0.4185952164582499,-0.7928321907908522,-0.3650271676739655,-0.8264962872576943,-0.3806898145959244,-0.2944078773550142,-0.21994435641558302,-0.6806360664845775,-0.17283008778309494,-0.39866034475005674,-0.4808894192647056,-0.4427961928194276,-0.8943536598070763,-0.46456084743659287,-0.7539245683449567,-0.1339594912630834,-0.33865803912472936,-0.4766492496890387,-0.13406060754238588,-0.8331772630977331,-0.5827703611997264,-0.17990703051046456,-0.731714222393502,-0.8559462904126236,-0.9632393434605243,-0.7437640503477194,-0.3845748743363229,-0.17824878189849627,-0.6666666666666679,-0.3290350319367989,-0.4157372893648941,-0.363099674790392,-0.7191537154465432,-0.46474118178969887,-0.7360149124715235,-0.7775242453038209,-0.675674020907142,-0.7902057670384859,-0.7872684915225956,-0.43730268933272376,-0.32606574085054396,-0.08995646590805949,-0.2984939789475383,-0.2665872628246069,-0.37828945352363036,-0.4729480084361499,-0.4152985483933529,-0.8383227382328148,-0.7821705551228213,-0.10305227895212885,-0.262354058332985,-0.23391532242143648,-0.46140603315447937,-0.4829333726172334,-0.608055166406655,-0.17111453484438496,-0.37496377850137275,-0.5338557235227183,-0.32322694711689054,-0.5718447331485759,-0.17410598267039454,-0.2650333698929952,-0.46176684515121175,-0.6098037138657906,-0.3121186941309883,-0.4752786422991634,-0.17119896752287533,-0.3507926838997435,-0.4141613019206121,-0.4665857266651319,-0.5641954449655233,-0.45370338552892897,-0.3123440403877096,-0.5811299257610423,-0.5087563544386675,-0.2644936335780247,-0.5855203462190459,-0.8446421721835607,-0.4902915578416872,-0.05401080317770094,-0.396614944459356,-0.37165744517966776,-0.23656852175936072,-0.1554405543110587,-0.6692047194431741,-0.2063892628308379,-0.2538579517528013,-0.24105454978746194,-0.2650258423108738,-0.23460246081256483,-0.07948767073123239,-0.604878023090647,-0.8809995728836573,-0.5043982713427679,-0.14287729165097207,-0.19111985238180637,-0.07800059629422607,-0.604198723986123,-0.1636935457887812,-0.1356130549029811,-0.584474741147514,-0.19698968719883495,-0.3545580801715294,-0.3030422408691758,-0.27096841566901486,-0.7209763091748035,-0.33333333333332843,-0.11384434106102372,-0.6813979155756282,-0.8426139122485665,-0.4461630972455659,-0.04927123445232168,-0.24633437436360214,-0.34003275194805094,-0.4925596566059825,-0.2641474170994462,-0.28919290890365773,-0.30343320633505755,-0.5012970925836474,-0.34655921286321245,-0.22439478473461305,-0.7603521702221208,-0.12779916456837118,-0.6978857469178721,-0.14793522142114474,-0.7357222399296158,-0.9092093889109176,-0.40081233743301603,-0.43026302403371147,-0.8001234195123802,-0.8249113283915536,-0.7425096404786102,-0.8428185554741259,-0.6107442133697711,-0.7828103987133089,-0.7176759108795444,-0.05002227233912186,-0.6928989280959391,-0.28078215616522106,-0.25112470861761493,-0.16547361107449013,-0.5380236191533576,-0.2675076045066938,-0.2976067664776199,-0.34467973708098504,-0.1792053380478605,-0.6566358651078583,-0.2494307052626254,-0.48672054704141543,-0.19163185624293466,-0.7181350143660656,-0.3549281145855288,-0.16933167087435666,-0.5717095810314359,-0.22562926403952532,-0.7182079616551095,-0.8334931434222241,-0.671540586049364,-0.6508394437519303
2024-08-29,-0.08089325874754734,-0.581014203713745,-0.6967955230468925,-0.7569994650264371,-0.726052244093613,0.0,-0.12360803170380444,-0.48407774592547304,0.0,-0.24185570234087037,-0.6252720372128991,-0.3702413396878256,-0.650862741788079,-0.6511840280358199,-0.7125158156270298,-0.16830707396326186,-0.6782984039977408,-0.04466086561755725,-0.7886085194276983,-0.08480952925307135,-0.7400280364569,-0.8236196182708815,-0.5503531280997717,-0.18668831290784632,-0.7170125437436613,-0.4749125733488715,-0.5529013431572145,-0.6149452896641963,-0.6829623218938453,-0.6674960437731572,-0.39566540721975896,-0.6018914561654921,-0.6989513928132114,-0.7055315437707906,-0.6769944741659593,-0.7124747630235033,-0.0495288996814682,-0.702012835115466,-0.5632332003041841,-0.6872725458221901,-0.9230769230769246,-0.5930354582076434,-0.6566339906776859,-0.5282742639902863,-0.4881791919572663,-0.40052578796404054,-0.6252843762620046,-0.6977462839049429,-0.12193508233415679,-0.5949433324429987,-0.6573387979052238,-0.5821363562635481,-0.5347136389190033,-0.7169730497223686,-0.7234312486129337,-0.6492893566122018,-0.7689575203009364,-0.3195851099339309,-0.24735731761837143,-0.5302833985219747,-0.7147245112840741,-0.70630211952728,-0.6322808448706304,-0.7381706100113797,-0.6363343037952263,-0.674543607900991,-0.6608837782998565,-0.5962818407749626,-0.8439702997193924,-0.705898734339622,-0.6579391424087382,-0.3673122496354517,,-0.7105105510208974,-0.6794970353809161,-0.7003793213632927,-0.6161500845349044,-0.6525590952864785,-0.619977872646213,-0.21224730726184307,-0.7165343267580617,-0.7017624426358912,-0.5911305403567716,-0.7328905620455702,-0.694899328355332,-0.6333930220903156,-0.7300290357035454,-0.6990505698709654,-0.5683577122447331,-0.8397150122205441,-0.6000141253671059,-0.6266367675852583,-0.6354609455468426,-0.6600616928644784,-0.6406293731577835,-0.6168842794721086,-0.5540213248750304,-0.7188231904497828,-0.5550442789740232,-0.7366110881031067,-0.6148974286360521,-0.40781066505173214,-0.45120088697386757,-0.5153180276660131,-0.6067473638055183,-0.5495123340425753,-0.7184132441534828,-0.6408644706781319,-0.5911360461560389,-0.8143709835480254,-0.5237167685657329,-0.7978388914606077,-0.7316443194152974,-0.07787913029756853,-0.7502744315141165,-0.5178553528776813,-0.08951270830633276,-0.049713911741942285,0.0,-0.2102250606854446,-0.14758120833292576,-0.1786810731308608,-0.17183981004211146,-0.10642773154106719,-0.6953451629733666,-0.623078264210022,0.0,-0.038079686802890776,-0.5173535989740852,-0.5298835820887094,-0.08639825069219427,-0.10364925315254718,-0.7449427834548862,-0.39862087206765573,-0.101603816496474,-0.6212734875653744,-0.8283874119556452,-0.8961129632837898,-0.5927289334014696,-0.4453751677509703,-0.7519075912880236,-0.6432182573538106,-0.7174900468564401,-0.2896067935060317,-0.7640411742933512,-0.7415476743886776,-0.7135951265297831,-0.10202786758141415,-0.1093323017293109,-0.7679611952809936,-0.5633851790193046,-0.8420982022687552,-0.7351835214601146,-0.7297153379688509,-0.6912969440285004,-0.7402837266786886,-0.6163241379635861,0.0,-0.7778292562575742,-0.5125726176908725,-0.648960708433902,-0.7324950948653977,-0.6756541463314543,-0.6113465183444218,-0.8189214495391096,-0.9280884380782451,-0.6672281900314563,-0.17716873788862256,-0.5304896220572797,-0.4462075615696955,-0.6398428496641028,-0.7409489626438748,-0.7472890084258785,-0.6538319597073634,-0.18606424196205526,-0.02423612095822083,-0.6514118544118499,-0.12873777481445436,-0.42884912406705594,-0.391228411387104,-0.24267194990835872,-0.7875753914199056,-0.04865031992602509,-0.17778045066141301,-0.288819846581989,0.0,-0.12740298330185879,-0.14567059455649842,-0.38046287752171154,-0.36288185456915645,-0.07317704605955722,-0.7602725165288748,0.0,-0.08896601054612596,-0.11266965591552386,-0.6044631889354816,-0.9235059954242992,-0.5230270485921588,-0.33514019316385213,-0.30107800168252974,-0.8011017186485997,-0.8639678594938344,-0.2809413622948955,-0.8174206116143204,-0.6737729737309707,-0.019989954334544143,-0.10095278866087855,-0.10609349373019672,-0.3987944542466308,-0.7240055621115791,0.0,-0.48480357208339936,-0.536737680189231,-0.050256246830386375,-0.1552648902287097,-0.0701746811583627,-0.035600691573826226,0.0,-0.753878882226921,0.0,-0.07112029311856968,-0.08463599488858001,-0.6474001502744008,-0.04502727453956154,-0.12176790712840989,-0.47396407548144204,0.0,-0.03347734884710865,-0.805822086170194,-0.05362857590393589,0.0,-0.21008141504037495,-0.2079878449021443,-0.6415805754185389,-0.7136922481170135,-0.6329917446788131,-0.4244702486351105,-0.3721467841457767,-0.2280673863824446,-0.6503052049667136,-0.18214591405678981,-0.671251702104068,-0.061989639817136094,0.0,-0.21582437918406985,-0.21418162907588864,-0.5836676566936957,-0.21949804057350408,-0.5800000000000001,-0.6164855599316308,-0.2443028830073251,-0.05555555555555446,-0.9264364272874323,-0.5347141813605786,-0.795591790901593,-0.6688584096822705,-0.14247439879212842,-0.5627706670349519,-0.06290990503991857,-0.14795115223420238,-0.10616936007641571,-0.7811327024122953,-0.5773407651920508,-0.09798112763599647,-0.5713405859365157,-0.8819373297710447,-0.7111313600239902,-0.6658957726995343,-0.8383043784232115,-0.6780367220373833,-0.7746313920490638,-0.39604295750442714,-0.7330370138916189,-0.513355434845669,-0.6925218120606587,-0.7476018917042652,-0.5754893629479712,-0.7453412340840972,-0.6806997651527674,-0.5280121970884278,-0.6224823299892457,-0.6328475805908835,-0.7934231899341162,-0.6485256078435202,-0.6389822730886587,-0.7073684095887939,-0.6311609469880586,-0.7147023859070841,-0.4932424944798423,-0.723652501103048,-0.7110968724552669,-0.67071548600154,-0.6392740456626509,-0.5929511153357889,-0.6830474002124891,-0.7983300779435364,-0.5567652863809088,-0.7707649001472687,-0.7081457733015517,-0.42360698584480283
2024-08-30,-0.32521156661055045,-0.5654617781644145,-0.5904719855039411,-0.46770388398287105,-0.3333333333333333,-0.6838252799484154,-0.5159457113159335,-0.18391730311214494,-0.5106225853868467,-0.6320096191591688,-0.6693687284074913,-0.5916721991304819,-0.22442828660009626,-0.6063230032278886,-0.5776421218695187,-0.7374613325918918,-0.6272514998994013,-0.5809117267283982,-0.528804661725587,-0.6162281196614464,0.0,-0.2620980001665167,-0.6076929436306148,-0.700612709720958,-0.5578619712894372,-0.6320532515240738,-0.6305135039996572,-0.6437373625716499,-0.5779082998674425,-0.567453693679174,-0.6404150259568047,-0.6489803976863184,-0.31486080985415765,-0.6764541735211445,-0.658294394230247,-0.3203295196504151,-0.8422981064912854,-0.35512598289171743,-0.4928688012956927,-0.44344678459010917,-0.6462047942358757,-0.6447255614872298,-0.48674126592020234,-0.5787233189785794,-0.5450678175177553,-0.35596785518223817,-0.31503338477254406,-0.6587437249066723,-0.11659703512337526,-0.6299463543165172,-0.5993526258780542,-0.588929158302547,-0.05285234470987127,-0.47142080230803834,-0.5880859237098102,-0.6342725196558546,-0.5457625618616008,-0.5424878348616194,-0.6116869065045406,-0.6708782580163026,-0.5585948786390672,-0.5670364830658127,-0.544731642151131,-0.5701411594146376,-0.5850010555430604,-0.413951844092429,-0.6617803796564087,-0.6418767194938305,-0.4560912511493033,-0.6839991615575514,-0.5267249669560629,-0.6563917062173339,,-0.48492979516543194,-0.5048354227779723,-0.6311185891386545,-0.38361587540726416,-0.4440533157403451,-0.5614359933800754,-0.7298319444207276,-0.6373833088725828,-0.6167381844455087,-0.5759790342489521,-0.607913291714238,-0.6047099670344722,-0.4321707559669113,0.0,-0.6958912804206494,-0.4969565240990067,-0.5011800757452564,-0.5424454796044855,-0.23105248757987396,-0.5642667505140752,-0.6140267860774172,-0.5336468739809058,-0.520059631316171,0.0,-0.2728331979541414,-0.6070657597818994,-0.4424170226731811,-0.48486121195454945,-0.6226554235728476,-0.6860427705529191,-0.5240071101263174,-0.5995155289517611,-0.3679777970031133,-0.5929985218197732,-0.6103886666106032,-0.6018969873082843,-0.3117822081728169,-0.4848103739281583,-0.6161722847088767,-0.6860035764449744,-0.22228504394388102,-0.589085859716289,-0.9324579616007138,-0.5493956746131278,0.0,-0.32850249722466973,0.0,-0.6125838208556469,-0.29769868149583956,-0.5690812780912146,-0.49034076825666156,-0.5219471444959547,-0.6507384754168958,-0.7641948281021956,-0.03349271796584789,-0.5030201310295841,-0.42099022408187103,0.0,-0.696177894189224,-0.7012937805018191,-0.6327201436969188,-0.6035850885391213,-0.5820182393650241,-0.2895035468783824,-0.8318989030050317,0.0,-0.5008863624815638,-0.32761353861253856,-0.6173637557077607,-0.2280106618902107,-0.4054793703571909,-0.3775535806148053,-0.3633755934908496,-0.6262037047222057,-0.5865649598901024,-0.4681921499759425,-0.5449252872891795,-0.6013043567937295,-0.7206098844906726,-0.5875824712928504,-0.7530486714888067,-0.47679445840511187,-0.5974206334734868,-0.19914286180895527,-0.5540102277268906,-0.6474314994444147,-0.36237687848395217,-0.6259406122419462,-0.6034346435404292,-0.4451069401606504,-0.7051445294938407,-0.7950082272645366,-0.49332574839792953,-0.6545242857654786,-0.3646703852808771,-0.5567966494604039,-0.464130162702818,-0.6577205548345408,-0.6900911490263643,-0.5501080628623316,-0.6027166616301783,-0.5094159311947215,-0.3053545231429381,-0.5807095248915299,-0.6759533875809595,-0.5911789342700018,-0.6790485278297884,-0.24724885318280032,-0.6507524182466605,-0.6877451335164627,-0.7532271138774672,-0.2321192255087018,-0.6270048050838875,0.0,-0.03926934727610623,-0.8409543390816424,-0.4440315518132301,-0.427544028193065,-0.5662752258691706,-0.4884562145486487,-0.5555555555555589,-0.19240407142053334,-0.5820119440672461,-0.6726989907189308,-0.4923770051125931,-0.6044817537840441,-0.6160003809669264,-0.67383112588882,-0.7923770305509724,-0.615251373781746,-0.586302022710771,-0.5366937895701444,0.0,-0.0610519989349473,-0.6693797934444063,-0.6982474608307074,-0.6081499361135859,0.0,-0.5942733488306621,-0.6701863833851791,-0.10702852581861842,-0.6228837099205364,-0.6866858032132629,-0.02816069321523507,-0.7064880218637184,-0.5743050450050577,-0.6466917523343846,-0.5518609677123879,-0.0841992881470687,-0.5998356047330441,-0.5561005233189196,-0.38815032410484396,-0.6116717895481619,-0.3517383335231481,-0.6322409797330595,-0.6933075383033193,0.0,-0.5892211101664288,-0.47951100740660363,-0.5156906673638622,-0.6247174153805413,-0.6521074627885726,-0.32868785658309485,-0.26682911087473493,-0.0893347705022214,-0.6545446294607339,-0.598297492353435,-0.3683512325387982,-0.5928109293680577,-0.8032246017062257,0.0,0.0,-0.5326290498424116,-0.5046632348917789,-0.5,-0.4003765041052112,-0.5065747747392494,-0.5899383889696429,-0.6853661718016179,-0.5856000248898745,-0.38261238891071797,-0.644062945262077,-0.5364328143798394,0.0,-0.4272763018537011,-0.09353196192244956,-0.3810471108994848,0.0,-0.23107058380029047,-0.6330103801419371,-0.04585093906743132,-0.6479391784910105,-0.512378208226955,-0.6064896934704062,-0.649119736329924,-0.6290605906285716,-0.48265289813683093,-0.5753588408077027,-0.9557287003461383,-0.4596722232900915,-0.706439254572613,-0.583055919630172,-0.5634166093268769,-0.6243315109186968,-0.5328933570539103,-0.6598567918624193,-0.693485644733873,-0.6714292776054313,-0.2647189260434342,-0.6015604378508751,-0.5779281244098725,-0.6436369840769571,-0.31322230070109597,-0.6726370050657975,-0.6183731281991536,-0.2087092095575162,-0.31718529069631524,-0.18252499180375015,-0.8570961508521225,-0.5566299530260902,-0.6161729129232569,-0.0669346736250425,-0.7616239479025679,-0.23970217136399358,-0.5804688719158795,-0.6295722008932133,-0.7468435676864411
2024-09-02,-0.16749256527946282,0.0,-0.014696282572156475,-0.17112274315843487,-0.10666437368245847,0.0,0.0,0.0,-0.35902561672282407,-0.3501698476233861,-0.05095352237460305,-0.5159311624178785,-0.6218068972268473,0.0,0.0,0.0,0.0,-0.43962633535548473,-0.004195741451852256,-0.4215972536855325,-0.2970808167057115,0.0,-0.02810281080015286,-0.065933258947756,-0.010900221624767911,-0.02704673912393632,-0.14255492247042476,0.0,0.0,-0.04678510956574339,-0.5455405919550621,-0.015278718887566985,-0.19745518297005907,-0.044749351385579665,-0.3222042932197752,-0.5474110074950173,-0.05552871097183126,-0.036529050913803346,-0.29089111828535874,0.0,0.0,-0.016005569571033735,0.0,-0.016139221764293964,-0.07519880689286434,-0.017403008306038848,-0.41164448674291815,-0.05719319349980321,-0.38571576976267996,0.0,0.0,-0.021622767700738014,-0.2403686371688597,-0.0269384245083589,0.0,-0.050335930039581034,-0.3197716320647871,-0.030978227366767624,-0.11233779991977917,0.0,0.0,0.0,0.0,-0.32329729562905124,-0.33534536029728956,-0.06332625985852831,-0.012229158141926226,-0.07113412791787137,0.0,-0.07136872788879205,0.0,-0.30866579070504535,,0.0,0.0,-0.12582986901545887,-0.02042911832462001,-0.04568912470671284,-0.5404208459421985,-0.7299926861927212,-0.051240099262302004,0.0,-0.1052652431847023,-0.030115501750909948,-0.052096547592304324,-0.16055662325168732,0.0,0.0,-0.040847163613987214,-0.029801550752957876,-0.00899067713464764,-0.06385582051858127,-0.09443601589503818,-0.015519437018256211,-0.35435110363303374,-0.07630705546145335,-0.029468998663152786,-0.007989886259173731,-0.061480794649997096,-0.18391994489575528,-0.0666394740617702,-0.045242371149011605,-0.059522425950644636,0.0,-0.5276958193581802,-0.09719668101386635,-0.0035351446099840186,0.0,-0.019228522215878025,0.0,-0.7651842488847937,0.0,0.0,-0.2635033968345879,-0.05013787322874239,0.0,-0.37230604564533154,-0.6993093372059465,-0.5813723833239116,-0.6704271715031374,-0.5547150220841098,-0.636914732751208,-0.5723819619343457,-0.7049660741657274,0.0,-0.037014442746336175,-0.3943962221516515,-0.16850160755274057,-0.5547210568084531,-0.10534768527503989,-0.510892837023282,-0.1295541270396872,-0.36959021456763397,-0.024617768207565928,0.0,-0.35910354902087144,-0.4687253802589702,0.0,-0.11228935452539465,-0.036814418770437056,-0.14166883857000556,-0.6039932716251138,-0.5706103889708836,-0.4170822475432999,-0.45260619019712245,-0.660059589939097,-0.14775361269757317,-0.14780153262696744,-0.03356293450383168,-0.26162189002541236,-0.02712824060974388,-0.4104007519617036,-0.3581931731862423,0.0,-0.012037145730181916,-0.06643544518732246,-0.4186299669035212,0.0,0.0,-0.3396031576616335,-0.04133670805269168,-0.035769113476444514,-0.4478805075315972,-0.029938142635814576,-0.07300189091319088,-0.22287806996171047,-0.33366202976351667,-0.6141390151819716,-0.35250506285720357,-0.10144871863378946,-0.5366067728308865,-0.09667640758463798,-0.38299683286715985,-0.030701239011444934,-0.6019359578997396,-0.2892513998179717,0.0,-0.04741640864613964,-0.37368010769004595,-0.08005857951700461,-0.5314015441206695,-0.12298309359416972,-0.009059755556018586,-0.7779360897260664,-0.1027859397273733,0.0,-0.5029466050214267,-0.36461938946324685,-0.7210611095945424,-0.7342245170847627,-0.07163965526541635,-0.5186539584134767,-0.681862517116776,-0.29755303102165237,-0.7681071293982353,0.0,-0.3045689870673902,-0.06875106320773451,-0.021641283503422867,-0.661363051799089,-0.3230488864336719,-0.08393288025362976,-0.07371041544009563,0.0,-0.4026249522096587,-0.26909974056052854,-0.7143687916582089,-0.1238329345780659,-0.28639811807977406,-0.6019932464422619,-0.5317698419108026,0.0,-0.25715966196374046,-0.7566051723691885,0.0,-0.682699819308385,-0.5516321563246743,-0.41389231191203507,-0.11316236472752678,-0.10812595261263272,0.0,-0.48339019570251757,-0.5955817570869687,-0.48754215479999374,-0.5872480747096684,-0.02535725696171337,-0.09308101751551533,-0.6317117916220577,0.0,-0.4895401190589926,-0.16897731655697343,-0.06898991447963455,-0.03520759799407938,0.0,0.0,-0.3832724551152475,-0.7467398437608845,-0.16037780974069882,-0.04608628760715805,-0.3820389328134586,-0.11990226264841307,-0.2834978084869162,-0.5948192852056424,-0.19999999999999643,-0.38432388608871093,-0.7660416241004817,-0.3466058544785688,0.0,-0.07739064986581139,-0.5395228070705119,-0.03127961127235047,-0.1958258626438436,-0.030820926755004033,-0.6296246691461728,-0.5800088594316429,0.0,0.0,-0.47422998820568096,-0.4287966974236296,-0.8200216579911084,-0.7430711855477824,-0.1170269387203503,-0.02606414241785757,-0.5366570760733499,-0.01625412952286263,0.0,-0.016246987704482067,-0.6783492252890031,-0.12090804855955799,-0.005302103842393383,-0.37022586160784865,-0.20462146552700788,-0.4417618626442643,0.0,-0.021689043531455482,-0.014026577206610477,-0.08334208651527981,-0.6897761314017383,-0.24918140219714408,-0.006804795597338004,-0.47097404540046445,-0.009362245262955452,-0.4906703350925817,0.0,-0.0035068117662344677,-0.025819879424094628,-0.037714788139396827,-0.12014667793416685,0.0,0.0,-0.15761843417432944,-0.1080604852177227,-0.004100156158271973,-0.48865201694271576,0.0,-0.02589972770189213,-0.3202285262463063,0.0,-0.029667266757328666,-0.053656912351485946
2024-09-03,-0.624596795995874,-0.574026822720778,-0.5730647371111385,-0.4621392781846225,-0.8015997266316464,-0.6255058556253633,-0.5962693406496065,-0.570120161808133,-0.6090857355243645,-0.6445053191261839,-0.2945556897857633,-0.5585239493463059,-0.7603154448251904,-0.6150978200150758,-0.6622440645399176,-0.38241083790449043,-0.9342880715853384,-0.7001425667630705,-0.5903293847089898,-0.1357172400923893,-0.719616965803235,-0.3328346699751529,-0.6421409263721289,-0.9064650273738803,-0.42797554412328614,-0.7495118762553981,-0.2813555735805326,-0.5074368373114608,-0.43020849672772,-0.19699772516643554,-0.7007990885889095,-0.6610028725392048,-0.4610189728147028,-0.7126778851664305,-0.19789645689600335,-0.5208630710739207,-0.558877824015145,-0.6839238013806291,-0.5221319052449197,-0.6377044303106089,-0.7841766235772173,-0.768365543148261,-0.8144625614859015,-0.7006126332702026,-0.6631652809693749,-0.49699836835379135,-0.6878237107081723,-0.5228429267074757,-0.639387339752774,-0.7259725442938086,-0.6570399228622357,-0.3128168174294584,-0.2857142857142866,-0.634387133305933,-0.363118080247481,-0.16853953187915646,-0.8166067608737697,-0.8648828314554755,-0.5588575889359839,-0.7802133215234254,-0.5627801503080759,-0.5163513627158809,-0.5294342273389155,-0.45262116687761683,-0.4373045428128813,-0.5959457736175946,-0.8261743335956369,-0.7411688613002826,-0.5363306863063029,-0.7095591899639382,-0.5670329504372992,-0.6880929851816745,,-0.5574648828071018,-0.5219662942164454,-0.7571211569098955,-0.044521428584168785,-0.6132315011678287,-0.5599390294165886,-0.11203801163899392,-0.6659198681252535,-0.45726733729039976,-0.702336086193233,-0.5990608955550702,-0.24231359530695315,-0.6367870849771563,-0.4268718751427233,-0.612751987295435,-0.3993644122017834,-0.6860215744446242,-0.6212704703215189,-0.6395967338644124,-0.672569176406448,-0.5701475003384293,-0.15449070067680723,-0.7267603628559582,-0.7250562221897405,-0.7344541493135276,-0.4891514515332846,-0.88322112026447,-0.37219195253740006,-0.7281750565003955,-0.625845782187143,-0.23872882014964333,-0.4983230293530629,-0.4868409770935782,-0.5523241061687905,-0.34852607997394297,-0.510541826750374,-0.523662644337713,-0.7519592544415781,-0.4959361454306867,-0.5718262390608848,-0.2350674622202362,-0.7293842813514844,-0.33333333333333337,-0.28296534283716585,-0.4756449844086702,-0.26876061622787045,-0.5951846156034784,-0.40810166881233134,-0.31349583252628016,-0.22999478705780355,-0.16161484911213558,-0.8499086672456623,-0.5844650984503604,-0.616290502955387,-0.3439796979919666,-0.6307869975286494,-0.5454456228124459,-0.8381632314479512,-0.5690789112260872,-0.5356171691622809,-0.8419123524216989,-0.9597800515728236,-0.4487360322621601,-0.5481679539090172,-0.6158204984132593,,-0.43881608773142083,-0.6951870655946739,-0.15880294987692836,-0.7616920825802639,-0.6767002832678076,-0.515836043465932,-0.5368704612669511,-0.8660121910401964,-0.27698162826645684,-0.6536962516029792,-0.5042899925911607,-0.4255905524880568,-0.7466288646014339,-0.6783712895085005,-0.4765548590878241,-0.6937617529724659,-0.40025063840427605,-0.3113181418902221,-0.3445180247174048,-0.7408762003842162,-0.32954459503089367,-0.8043702595374286,-0.5035744402592371,-0.36372383426243704,-0.7886079769543299,-0.6031548974319882,-0.5580589593423343,-0.5844568040496709,-0.08344328607246287,-0.8115686141391488,-0.6476106781039577,-0.7993484338903799,-0.6224740805055996,-0.4661195483478992,-0.7031685515291405,-0.22054960250225633,-0.35010709654615924,-0.6347949562889488,-0.8733126135691622,-0.6908669752832823,-0.3998462330269889,-0.20110033337603517,-0.8087678960965089,-0.6049883268322934,-0.08888571944364511,0.0,-0.4035460770935572,-0.2717993612926549,-0.3564539787357564,-0.2186424579068553,-0.8125701913750002,-0.6396294971815124,-0.8764715174099382,-0.5351420109025948,-0.714285714285718,-0.17860325143535352,-0.6994034104654836,-0.4871943722290492,-0.680519524911912,-0.6537530229534845,-0.217696525594967,-0.5128820088603693,-0.5111769053482766,-0.7753226759288881,-0.48727154423445374,-0.7165911419803835,-0.5090370147777533,-0.17118048133530087,-0.3838555657449186,-0.6836684297224063,-0.47227353015600526,-0.4485433564901973,-0.5037821310128039,-0.8012635691972552,-0.20734231587061233,-0.2520917855157658,-0.8383474044784737,-0.3923587264380286,-0.4012887290810474,-0.6429611899186262,-0.5193860741490579,-0.3312145789812168,-0.3426788277180454,-0.42425586960669287,-0.36078342700359356,-0.7063496421323843,-0.7371284523826503,-0.982456576142758,-0.5866034469868727,-0.6441123500033873,-0.240979429741765,-0.1824193588388032,-0.8656116749152412,-0.47062717374009555,-0.6641146589404505,-0.3254025842154158,-0.2583186550824582,-0.8061853831021725,-0.7561220059270328,-0.5217955784006898,-0.8697512503529338,-0.35809755698335627,-0.18140307489819657,-0.8646736594821616,-0.35592416934439775,-0.38646719223031345,-0.12593579136278468,-0.6297862511575077,-0.6666666666666617,-0.7470414129552417,-0.5606756676075888,-0.507213818630104,-0.6101149260622944,-0.5725637964687726,-0.1300118632813633,-0.3762120222595993,-0.680824646359495,-0.2120933389685303,-0.2119822047422606,-0.4254498456799572,-0.04023131217088101,-0.29804425147343416,,-0.8016705089450618,-0.3708478328194313,-0.5729991572500984,-0.5824614378599992,-0.7769055991393194,-0.23985224660481239,-0.526634203087846,-0.5406958868165351,-0.572251957415524,-0.48527704461962046,-0.6823881458941341,-0.6259376905484206,-0.6826829956820842,-0.5474076118058144,-0.5145434266875167,-0.4332036139900704,-0.5695073867867702,-0.593045958385145,-0.2921086542617798,-0.538398540042745,-0.03736709326833612,-0.719108447004194,-0.3871610661586184,-0.7762896243297038,-0.12877781769978416,-0.5007031407681541,-0.7624970076868262,-0.19105226600008504,-0.7361246543039794,-0.43206578283064134,-0.04681752655007655,-0.025944303361666986,-0.6715702562505104,-0.29639414934552677,-0.7614786728146581,-0.6465576975150225,-0.5897500237498706,-0.41667674842485575
2024-09-04,-0.13534132929944248,-0.09232509309074545,-0.5131906675443402,-0.1466563227947325,-0.7216657667138314,-0.4168610585295105,-0.673712083307492,-0.282079291283028,-0.09218106595294415,-0.5922388345056963,-0.47175908618175133,-0.8819665253210234,-0.13982939608359896,-0.01953604568169639,-0.2074041121233204,0.0,-0.7093283081832946,-0.4472090841167437,-0.5003159379448165,-0.3664980270855511,-0.8461820953531229,-0.04699087789796769,-0.47300900114686806,-0.14030777883267867,-0.09576202762419637,-0.2237288080381639,-0.4666666666666675,-0.0456166932937304,0.0,-0.10354574881374283,-0.20406108456720695,-0.3191614260378139,-0.25954218888709,-0.42832038963897007,-0.4185645118112953,-0.3000952490490471,-0.3344788076253144,-0.04559481373395481,-0.15401081092712054,-0.47350682314242265,-0.38611247421309564,-0.6768962508030084,-0.45899244670507244,-0.571584981375361,-0.12499999999999725,-0.08504795349117804,-0.7881935931096516,-0.22690565205767185,-0.35963325555495534,-0.4445719081857663,-0.43700448997251035,-0.6421918887014374,-0.10359675657078912,-0.09601657805376906,-0.03674477683838587,-0.25061808885723275,-0.2930312227346844,-0.24116653937749316,-0.04094212789331935,-0.716696713886983,-0.4983103591060019,-0.06211591140872742,-0.3235764013361756,-0.8886216701475017,-0.45723198916849384,-0.3789468709612185,-0.6854361976028115,-0.6788111276286672,-0.14490675427139088,-0.051253954352220694,-0.4413631694941843,-0.0431696990808072,,-0.5442288660411182,-0.31936839007195456,-0.46026871927894625,-0.7962115876705324,-0.4838317033373945,-0.5386333178131381,-0.1880871880732458,-0.40621727582386313,-0.3502124617864852,-0.4174947170657638,-0.4765520682369041,-0.08409218771298413,-0.5900227867483318,-0.06844491383222907,-0.37005183206561826,-0.3859791969026236,-0.6542141878216536,-0.5055565067639401,-0.3298755942290467,-0.3129806861970549,-0.5495128207508134,-0.44910090877063513,-0.5112046246229441,-0.2643553931217217,-0.32703689558535176,-0.125345641357873,-0.5994486795580404,-0.4797116564151781,-0.5276452583196894,-0.6124523009693331,-0.438569761938714,-0.28061811607828985,-0.5213248181187732,-0.4974459467312762,-0.2760390327519167,-0.783077824062183,-0.6161504125644687,-0.21084967753842757,-0.0527617536992914,0.0,-0.6313504510295596,-0.43077556613286044,0.0,-0.26129337726248913,-0.8331335629564796,0.0,-0.8095238095238135,-0.7694290219660455,-0.384232737464681,-0.5219539021364246,-0.6045661889689236,-0.4326873220013296,-0.28636653106088167,-0.6491213351870054,-0.017713794012565964,-0.396323554372665,-0.06970251383008493,-0.4894071641116283,-0.09011024620914719,-0.0908889507172254,-0.14285714285714043,-0.06749791158728624,-0.36788000127952475,-0.5563521513039205,-0.1817573143681461,,-0.07447977086809063,-0.7423531637276698,-0.6734079819691913,-0.11052653825866784,-0.28275651446340255,-0.39616932103408903,-0.3419017781122909,-0.4074667089094969,-0.32252852858778797,-0.5759225993603909,-0.24936036506390527,-0.7636238745489216,-0.824509926986624,-0.5962985250207897,0.0,-0.43086603824205716,-0.4797214912507533,-0.2664283556268069,-0.1723158735259712,-0.013463365376101438,-0.40808864329722866,-0.3634288715469143,-0.640456368822172,-0.50734561355849,-0.3065565042126852,-0.0569296548068121,0.0,-0.5390121679357326,-0.5801544577928914,-0.6172345803968929,-0.27894850242559754,-0.4721144239081357,-0.35159295965260834,-0.2755785299359457,-0.36779470437172807,-0.560806515893512,-0.8212856321421627,-0.0283704040340821,0.0,-0.6699648258635298,-0.43559383524955053,-0.7415250484449707,-0.6287352827093776,-0.8925089451938313,-0.5543205992881709,-0.20724562942895455,-0.11310946113677046,-0.32691504032372387,-0.18102221184269976,-0.048507047581325846,-0.4915408511881783,-0.3823395603307293,-0.1387587326989799,-0.5678509175201458,-0.16666666666666174,-0.7169730431942262,-0.46275671657448025,-0.8100627058822104,-0.42603289027393576,-0.5842776047767118,-0.17661018107620816,-0.6600175202866676,-0.44317035769943,-0.5585655112958631,-0.8013612381152773,-0.23416831053852707,-0.14179561238759422,-0.5096708932066516,-0.1110354495072087,-0.12378121687543739,-0.7237274086094726,-0.2253967739351424,-0.18598178426672238,-0.1830584103810911,-0.5285302296938359,-0.17082226348672302,-0.08483331486712462,-0.31944417312327433,-0.25750037871577314,0.0,-0.129989396325708,-0.08530988478514792,-0.42032803840681865,-0.4475977062740747,-0.1742745094145751,-0.7240500872904132,-0.5557586059642943,-0.12830696081979723,-0.20804428422456012,-0.8160443120808977,-0.6594828257166395,0.0,0.0,-0.06693635347721733,-0.579446264789681,-0.24844988062391274,-0.6113110834405774,-0.3253845737333269,-0.8057304571656003,-0.10599414923635934,-0.6249885456229516,-0.11334218666735148,-0.24976255334538514,-0.8572881306367822,-0.7615457470531658,-0.30235392384082477,-0.28854178699952693,-0.04975384198228361,-0.3414630324004426,-0.20162062770654965,-0.4654908856682055,-0.24655336159672667,-0.29164512814758986,-0.19313022186911327,-0.29543157437710543,-0.2516747859839631,-0.5198024242181272,-0.25497992315090867,-0.0714285714285823,-0.5260673202587082,-0.2109427217101287,-0.33333333333333665,,-0.32779582676552016,-0.24061293115326438,-0.4971061243613751,-0.16170687058607114,-0.682332540480471,-0.12550253081947396,-0.010751619409298654,-0.4668780663957817,-0.07075626886121669,-0.3121771538890244,-0.5377051985149965,-0.7581963357443795,-0.4147384636547888,-0.24866212588163633,-0.30209366899232765,-0.04380642879122327,-0.15269649467866522,-0.20896691304556766,-0.38707575950248796,-0.5304546194641537,-0.12083674806239779,-0.5695224356158249,-0.05299852237308472,-0.6242752848691366,-0.3106995167167565,-0.49843581585702335,-0.43340657482962586,-0.0545300709050224,-0.7606471893569552,-0.059668681206370026,-0.6948180788145444,-0.5728175561190374,-0.3218735553507682,-0.37858101509302133,-0.48942643568231126,-0.08757941691143034,-0.18841930493779743,-0.027436815217442012
2024-09-05,-0.8822665661512519,-0.5749673750406399,-0.6418311593371553,-0.48718017021425,-0.2969615119336654,-0.2772878282834936,-0.7060376998441403,-0.44303857224415366,-0.06368587331186629,-0.6477865985931727,-0.2308942125999097,-0.5624999999999987,-0.8359154992162922,-0.8041928992353299,-0.42658514098261396,-0.6864959285001682,-0.5230662251883954,-0.42932404031345267,-0.4406034082729177,-0.9649772288936573,-0.20791459475162055,-0.4837059159035442,-0.4072633858773128,-0.823228359960246,-0.9118965365107381,-0.0924551284125063,-0.6893202555104665,-0.7466569601273682,-0.39104179691349805,-0.6530376432462139,-0.8913721151775944,-0.16281944032036766,-0.6687191493581923,-0.5356936681067664,-0.2561751104024367,-0.4483337519377833,-0.8589828656048388,-0.6200404497355585,-0.4566742294650274,-0.6152094941123845,-0.7701258239437881,-0.686104123441565,-0.5246407914226124,-0.32691338241982537,-0.24243397702533126,-0.835553466776005,-0.36242856762832526,-0.47490838928096873,-0.12194029782652684,-0.6521202217357681,-0.3112950267833273,-0.2182194380306217,-0.4929677632702927,-0.34999999999999953,-0.35846834872240263,-0.7448915137920222,-0.42438275819595583,-0.425722435661193,-0.2142946264454268,-0.5066437943980846,-0.44086782644483674,-0.36405946440601367,-0.3719075441830951,-0.25537860365552445,-0.30349646572011635,-0.5130182131068948,-0.5118201315633868,-0.5668444233697069,-0.6924926068748241,-0.09247104868261473,-0.14561120926932838,-0.5274605961434098,-0.35746660994692514,-0.13340895687440898,-0.30590175007669723,-0.5815321297413918,-0.326153163645106,-0.5309820019621401,-0.4229603002420875,-0.21173394858308142,-0.15166631329070657,-0.715603964133331,-0.3197004936603024,-0.7186708645715025,-0.5720422572610844,-0.6668785552332799,-0.5766666710853006,-0.6341712213047229,-0.4721449830504874,-0.35380318465778504,-0.5292091076793223,-0.6214832929840103,-0.2692167223055366,-0.6244206360758052,-0.07423439531780451,-0.18539781452063972,-0.7509662273332204,-0.5103170052386925,-0.84523413299696,-0.6115088717705056,-0.6848263536513176,-0.26917426140540934,-0.3158983544290855,-0.258538889072601,-0.5838101434033055,-0.5096608642570846,-0.5642794537329732,-0.6161188677548941,-0.2413961869885042,-0.7160424422182932,-0.7136129335737236,-0.6168131688928313,-0.6674474457601381,-0.5182907595868387,-0.8958272021978321,-0.482640592766371,-0.7195845464904744,-0.9694679614464347,-0.5000000000000112,-0.40320674971629145,-0.6473541127190492,-0.262623750147525,-0.8058035777285765,-0.4342427395608446,-0.6666666666666716,-0.6562664547371135,-0.7831026011008475,-0.5699474236785518,-0.8348504198463316,-0.49679898620171253,-0.21332874736491594,-0.8402532330629514,-0.44601233692169,-0.5786554638849296,-0.5252968570432227,-0.3040766920791852,-0.6666666666666716,-0.4841896534818536,,-0.80715742227031,-0.5362290572949402,-0.1485285233419108,-0.7974501727991731,-0.4999999999999978,-0.6157096479957853,-0.7347598656659146,-0.6720820661764266,-0.8565930622137244,-0.3572483658902063,-0.38778679113579,-0.6097902469466241,-0.6357227774735039,-0.9053406429732854,-0.7382973106198214,-0.820183919538774,-0.5619375706426549,-0.648443784373842,-0.848785211968039,-0.7757926020179912,-0.4521859974462201,-0.6151252861563524,-0.46209071478091085,-0.8694276854212334,-0.6095259891778705,-0.8455168729261949,-0.4823961435246475,-0.6373979119259051,-0.5564512588805606,-0.4542101298324415,-0.552821538943705,-0.7621173934566399,-0.526806388319532,-0.23404255319148873,-0.7338659980514598,-0.34951158556232237,-0.7657071893089091,-0.7523370808036846,-0.7211339153740581,-0.20946786131847428,-0.5114849724545967,-0.3398229664251054,-0.812701684306091,-0.9269063885943715,-0.5593816812768555,-0.4047961082355349,-0.6832346137020007,-0.7948082654641891,-0.5248091260703867,-0.30636625397977035,-0.2868242742013791,-0.6921881198860698,-0.20083490008701507,-0.7989332959600438,-0.839596911695868,-0.7818665248202203,-0.2537334535225647,-0.0987950383253929,-0.4920383793559471,-0.8661511502793304,-0.08520563186306043,-0.3150471769541776,-0.6505465180792875,-0.661562045473873,-0.33820296385760323,-0.35285937322936306,-0.711212943362474,-0.6666666666666633,-0.8751052797818678,-0.7954580630279788,-0.10981000167730283,-0.7776550457975984,-0.8367694188155871,-0.2466216713119368,-0.3408068776513459,-0.8210508916783011,-0.7796665334075158,-0.6815028805297888,-0.8126823048977958,-0.7308681390357731,-0.7335138138070635,-0.735929105430212,-0.24547666054037298,-0.30136727382968903,-0.7776316033629219,-0.754972250651344,-0.24554249138110917,-0.6546332888368646,-0.7047028327590712,-0.6357130485824047,-0.29195235355852095,-0.7930444735245129,-0.765596601105929,-0.8123409983705084,-0.5600972753500373,-0.8341980871825688,-0.19444884250734132,-0.5059849408204411,-0.44068412047158173,-0.7457006855799905,-0.3647758953805837,-0.7894460582145034,-0.5680406681943043,-0.7707071176686476,-0.7378643339430062,-0.6098294788690695,-0.365279423396636,-0.3835006435152309,-0.6507943792920305,-0.1781242593898395,-0.5017736316345881,-0.873505318799481,-0.42661983150410804,-0.5426279713154962,-0.30864172067654055,-0.3491149173799979,-0.8436187836873997,-0.7210459919593483,-0.047626943063560634,-0.3236276780995075,-0.35368554672046226,-0.5161277110100595,,-0.783180996600749,-0.21212825099248875,-0.22475669212068322,-0.3237434585897648,-0.29512123130117085,-0.7539079384567796,-0.5035205071716597,-0.2452595173255313,-0.7774562923606768,-0.6492945924696564,-0.7926349368242233,-0.9040092659778128,-0.14531589993469363,-0.3383825402644926,-0.020150125816227518,-0.18542436291201783,-0.8099769243011073,-0.4505373087224147,-0.42992802876113695,-0.539591796411692,-0.8557627907127459,-0.8642624869725335,-0.7561324014186058,-0.6800271703516627,-0.23251909573941004,-0.5633145227948417,-0.08243520416221885,-0.7675907076641012,-0.17524206486203622,-0.39153768284310153,-0.09191795092187141,-0.8244578460888166,-0.36055375169485876,-0.8142650465115123,-0.941813749911442,-0.5908217088998734,-0.2090350760074962,-0.7451371472586201
2024-09-06,-0.1856472477460086,-0.1732069542502854,-0.12015541211072475,-0.21629602386091998,-0.17327960643160245,-0.09558612285799079,-0.573278280107101,-0.17284069478055683,-0.0761361454339302,-0.03436743315520051,-0.31826493799429934,-0.1748887880510944,-0.2606834264737324,-0.018810542578123996,0.0,-0.07732866348061111,-0.29592557878634357,-0.03549700373758361,-0.08034186161572544,-0.05706512941142995,0.0,-0.041897866183921294,-0.044513367468504296,0.0,-0.033303507143775585,-0.1445631671106732,-0.25074650516506114,-0.01629998124561456,0.0,-0.10592255567461363,0.0,-0.0369487712598778,0.0,-0.05349885761605572,-0.07737777975410935,-0.12132902208562214,0.0,-0.20451959142010778,-0.1641106026782384,-0.03237931167743576,-0.33624706851362657,0.0,-0.11604926986714319,-0.06550481257229243,-0.04719277874512868,-0.07080539527136256,-0.2217553633287667,-0.3919145667376838,0.0,-0.13307992710367075,0.0,0.0,-0.08202685009987912,0.0,-0.020031320489123365,-0.12016116996732858,-0.05245533319629032,-0.015332592556114773,-0.032397079556540885,-0.05303477584009494,-0.05889054662655351,-0.054846139254267845,-0.025519977551400022,0.0,0.0,-0.41011010283475224,-0.05015014240558019,-0.06791248120528426,-0.06651325349879131,-0.08866567700326025,-0.031113317925370275,-0.08745855967823939,-0.06646643789084412,-0.06416766624136058,-0.021254550602438752,-0.31686287862797075,-0.003428077963350199,-0.05775009072608799,-0.04562809236928755,-0.21649989915858683,-0.10202240602269652,-0.050285982594337746,-0.04000085786767363,-0.0658188462296831,-0.015079856569960538,-0.10458688003949326,-0.20201691070863295,-0.11526833774498295,-0.11599084645456773,-0.08240602543145274,-0.10839411489607585,-0.01645946424638784,-0.0774856849947945,-0.09311061584745078,-0.12631091779477957,0.0,-0.1388436426963462,-0.022173377585970214,-0.1955116745015661,-0.06574685522847354,-0.16875101858561148,-0.17823184446306284,-0.08161103191881018,-0.18963664463326985,-0.04844010612150082,-0.05516156481903455,-0.011229011173766174,-0.15585020406931224,-0.5385129322730702,-0.17282977647618464,-0.08476240931362083,-0.08877885091697696,-0.14876994363152068,-0.5454139204368506,-0.24098415362883815,0.0,-0.05307129669493845,-0.5141375207954259,-0.2536872519339795,-0.07319070471659762,-0.091694138844269,-0.31805139411738487,-0.27271820879289393,-0.32089693390246954,-0.8333333333333381,-0.040879262985764685,-0.0236873426243325,-0.09259259259259406,-0.07762492516169021,-0.1291169080263534,0.0,-0.13156139844699813,-0.14341391884555432,-0.1109305645841451,-0.3360302458253013,0.0,-0.20541974002951482,-0.009872775452395066,,0.0,-0.07300189168166314,-0.12349516425198177,0.0,-0.153115780307201,-0.14424731956889664,0.0,-0.16447212723833238,-0.11871407974957533,-0.1619473316020274,0.0,-0.11959715894671186,-0.02972754997496095,-0.1401573298953386,-0.10628868993530415,-0.13442982185993627,-0.29942851445275404,-0.13528310586699568,-0.08130073190465827,0.0,-0.5293090351140771,-0.024494829687228926,-0.014017331195118804,-0.16546025057475014,-0.08837771553943644,-0.014562863855731994,-0.4298379315925051,-0.37389503291102005,-0.16784291267094534,-0.06138854995093876,-0.08907829596503268,-0.2683483131518581,-0.0427942300175198,-0.05371510390961047,-0.20872687833157,-0.10390578236325307,-0.16812477570318543,-0.04817739091293541,,-0.3154294113861225,-0.03794500358284698,-0.16216216216215826,0.0,-0.2463909528557708,-0.07317073170731982,0.0,0.0,-0.196212230944716,-0.13441822047738475,-0.11742575140161611,-0.42375653859440526,-0.07160557016778167,-0.05494361206151218,-0.3630159574078173,0.0,-0.21247090679732417,-0.19427421352941882,-0.032970693279124344,-0.09304036880890272,-0.0583924316556041,-0.010898137518650236,-0.35136302134957775,-0.14714041182388385,-0.05792831899979329,-0.10751458747366228,-0.39589366344163196,-0.26919502315470495,-0.0909090909090887,0.0,,-0.1626104831606492,-0.19719892381771245,-0.06431738847161006,-0.1805896850917242,-0.1428571428571392,-0.11193017780254147,-0.13663350358795534,-0.07692307692307535,-0.3609790095984968,-0.07269607019123273,-0.08914124392105582,0.0,-0.18021202420607668,-0.3437818453986084,-0.5976522461743438,0.0,-0.15762989395497093,-0.25459546513865894,-0.2255094760765868,-0.24311010967336252,-0.6590231604000457,-0.10612066814978438,-0.28260195936790417,-0.33855380072978747,-0.32351371908638216,-0.0401018446640684,-0.0893787490722615,-0.0632929224025164,-0.058039022050740324,-0.05221005653948751,-0.45162101546311345,-0.11335721990410597,-0.06321666383288677,-0.07616180952469474,-0.3935485224537895,-0.28867703501947584,0.0,-0.026419218163042154,0.0,-0.14153344346373253,-0.027138892235416084,-0.026753308696616226,-0.4190176925949009,-0.012497309497690264,-0.09374999999999843,-0.19885076853802194,0.0,-0.25496016277993583,-0.15023840361992413,-0.07746024715961411,-0.06520507082358364,-0.10993906346555345,,0.0,-0.08333333333333211,-0.15829526217081222,-0.01551803711632213,-0.023741440359047794,-0.5928209481496608,-0.17811842767087707,-0.029033028730694813,0.0,-0.063998882575329,-0.045479910723621356,-0.01757774648997494,-0.02628818170568082,-0.0362742806663039,-0.016063060015276496,0.0,-0.05562008833664852,0.0,0.0,-0.063498551977815,-0.04073617525010161,-0.009117863869226342,-0.08540473489889465,-0.1587168842218191,-0.47853419826586086,-0.14567057018347038,0.0,0.0,-0.28388430662016084,0.0,-0.4861333254989433,0.0,0.0,0.0,-0.09592706049728389,-0.031042473929347714,-0.3445425279334508,0.0
2024-09-09,-0.04807522442344836,-0.4421974161949749,-0.3077440038631165,-0.39999999999999736,-0.3900785166449239,-0.3402363531459578,-0.1977116945835935,-0.17339528158506093,-0.27552593092857885,-0.24302976701734907,-0.2256664133178457,-0.23763262832373008,-0.200188750458431,-0.3212246115470382,-0.1794249215137124,-0.7782393428908325,-0.3894708641252971,-0.0714029128464219,-0.4483935324716728,-0.21925900346749672,-0.2704254782126056,-0.43439346841154924,-0.28826693753217664,-0.4453518779615054,-0.3783890145438147,-0.25715845768892437,-0.784355111836685,-0.3658474347122529,-0.43250576012698105,-0.5176869391573995,-0.8098935695407594,-0.3322343017950251,-0.0829203041034396,-0.6540983036034567,-0.2637662806347988,-0.33923979026486745,-0.3604396587345992,-0.4577601294959602,-0.5538028879227745,-0.24548430647458147,-0.09648439561724872,-0.35742213780242077,-0.5861040017958907,-0.20757267516820388,-0.2716571286593772,-0.05175417214597045,-0.543770037793542,-0.1405851626988317,-0.4545454545454472,-0.2210480316761248,-0.365228782614324,-0.568693402614489,-0.233729394403793,-0.4396488170812321,-0.27420678601234993,-0.3893069481167604,-0.21837437756340888,-0.12385134569935836,-0.15113951851068175,-0.028734482958474784,-0.26609724592595474,-0.22415438329919737,-0.30649838017318976,-0.2898169477927838,-0.3817042400971017,-0.2702610727421068,-0.2576309994343036,-0.27573819380990755,-0.21211237128899446,-0.8447846037879925,-0.2952297160637825,-0.7864655275068495,-0.40826308941718426,-0.3310522180829852,-0.5663445578438461,-0.30777336818455825,-0.502277906219465,-0.24175587554265385,-0.34305193074570206,-0.6203293558677491,-0.41362054766246703,-0.6127021393013604,-0.7348646862146819,-0.5467132901475168,-0.6741487652695083,-0.4822421734531066,-0.2931206352023639,-0.35528953789600215,-0.5883260810590462,-0.7883039807110097,-0.30605633209377753,-0.4391251640498717,-0.3545447611415672,-0.8373642064569707,-0.35555555555555507,-0.3321445566087898,-0.3497085135532586,-0.3323430389256678,-0.6841187038781958,-0.5720470380233662,-0.22164339319279158,-0.3233499112038245,-0.3955006082321799,-0.5894995742414689,-0.499826628544662,-0.6015854909603594,-0.37451980491594594,-0.5386683853146614,-0.30944312447878886,-0.314183988513804,-0.7813215817944054,-0.5094828151422998,-0.36421851968938596,-0.4145263394526187,-0.2407497762614538,-0.34540938238159696,-0.7081856484766469,-0.5374358780899872,0.0,-0.14831321992497523,-0.407278964195883,-0.28275407159154115,-0.44077992176468034,-0.08775715100114402,-0.2545288676697774,-0.48603571378695287,-0.15559433600271003,-0.23757707076621637,-0.16619390267650883,-0.4960885380853137,-0.2911898369356363,-0.418131315192686,-0.18667472631394777,-0.21452574453946158,-0.21094021076226635,-0.15199927375418548,-0.6666666666666666,-0.16898140826732497,,-0.5748893922121475,-0.3342405583619282,-0.1241907660561752,-0.12493037457646024,-0.23850741956617896,-0.22868659869604474,-0.21948168955723707,-0.49740228630759004,-0.2705551230448519,-0.23777554569393292,-0.6988997478117572,-0.32604897803223304,-0.578567063735615,-0.4704922361756455,-0.3004928818023831,-0.22586321063462989,-0.4226000010316446,-0.36739498707498836,-0.6450935308700102,-0.21203085155633425,-0.2953851704574787,-0.22930782268864938,-0.25600521679971217,-0.1437535111198433,-0.3454827332801181,-0.19400568357599968,-0.6666666666666716,-0.2849520203207799,-0.5001135561042732,-0.382910081464847,-0.2664721841109863,-0.40872673080821026,-0.39598870403094927,-0.5651165108878611,-0.2895513690247999,-0.2702930722464028,-0.03803744279722471,-0.07496466208257149,,-0.7081619017337394,-0.16828322439778176,-0.21661352679375032,-0.16526865298456256,-0.21286550053147493,-0.7678914335344117,-0.2968784559880907,-0.47414361179882075,-0.12812769608571747,-0.19393738707606395,-0.341243637529645,-0.10772546221972774,-0.5815086096287538,-0.5973149881777846,-0.34898341403985,-0.19411962067859567,-0.3653674715057543,-0.1852586092969476,-0.3955281774939748,-0.7001331227063192,-0.48473117861766024,-0.4687044157539844,-0.3447989886396291,-0.604484284968588,-0.37241944562095874,-0.8147053043394964,-0.32170435986124235,-0.03926197925608373,-0.06016248500550153,-0.354140400893839,,-0.5150799622355015,-0.32334209977632283,-0.49254856856393675,-0.21137821717985958,-0.7824568227741997,-0.1945815827435504,-0.24999999999999445,-0.26134461683953214,-0.1634064945840409,-0.30287053731674374,-0.11003237063374541,-0.29453471946095244,-0.7271091875408706,-0.6070272436201203,-0.22439685717940772,-0.3828367196118479,-0.2684197973172092,-0.3523399313944141,-0.14455831024995489,-0.13167111670308504,-0.20018998571778074,-0.15970024341455752,-0.36020161739240336,-0.3157037787098774,-0.552747838737422,-0.26892095042487346,-0.06633768214739476,-0.9008172738493406,-0.40956990844618785,-0.3413859597094364,-0.1418413069381733,-0.28252007841392246,-0.17458276260621564,-0.3491433297889523,-0.516609853029793,-0.18308457729019692,-0.42237170669769014,-0.21780156838443707,-0.26249756153264714,-0.29336384443884184,-0.24165267929043613,-0.47758216434364775,-0.5157863498355992,-0.14683678483239296,-0.37948834287023553,-0.4431021746155035,-0.4566958828984409,0.0,-0.29536731895037444,-0.6808304664986834,-0.4735383355680522,-0.5328837137625869,,-0.44595656387726557,-0.356881372326027,-0.7994395736147263,-0.24682613201114453,-0.3535541397404983,-0.06963540021185353,-0.3281419069252012,-0.21509230198766474,-0.16657047269871442,-0.15249242056903564,-0.18100163993606594,-0.6399802925442549,-0.22175277424314488,-0.18243297608384165,-0.2049604428802357,-0.12792377132383084,-0.2553210558439807,-0.24344839065433788,-0.5283347120278389,-0.8736653462480187,-0.16487176876247384,-0.25990970472678193,-0.23886652068366712,-0.7002707872235986,-0.2879932077925928,-0.29145148993107073,-0.3861208466972305,0.0,-0.17497943087162357,-0.3407294949059674,-0.5854590940699074,-0.07292365547792093,-0.19732209532598605,-0.07869558057086581,-0.17943206180035154,-0.2774368650745717,-0.13862476425536133,-0.29073128058184394
2024-09-10,-0.8399662030174393,-0.5032399605976942,-0.8196159733041117,-0.8333333333333327,-0.8411768041526961,-0.8385468371969831,-0.4237464636683505,-0.1577466176988187,-0.22763198001946483,-0.7229727457477713,-0.592626713025766,-0.4477605031028594,-0.4952196884995082,-0.24198438352347315,-0.46915678720501375,-0.7846766769277698,-0.8305920631583775,-0.3863132863180604,-0.7807396089932543,-0.3429111096359949,-0.8429123897048307,-0.7549019607843145,-0.5957243895366895,-0.7683311962856698,-0.3941551097773591,-0.6437624203230635,-0.84974010498242,-0.22255826900709258,-0.4332622985104815,-0.4167305735174208,-0.6316229282681818,-0.6750164341201819,-0.5184475302196936,-0.6642260539204097,-0.5343080304493834,-0.13411626874331556,-0.5790312916727193,-0.37922591240082426,-0.046185924917241265,-0.5691999878250917,-0.7560009208187172,-0.8116991078724892,-0.37860281196299767,-0.7155837240112806,-0.4916901753897736,-0.5759636960584819,-0.6040184293368059,-0.715760633256763,-0.8086107959485812,-0.7166840706476985,-0.7647768243666075,-0.7340643602508419,-0.6482489609935559,-0.5980111898127676,-0.684813255613021,-0.17210341109753044,-0.7611081246083822,-0.3068566271030917,-0.628513530959658,-0.892370764255022,-0.6785714285714304,-0.4620298982230702,-0.41173926558922513,-0.7060966875283123,-0.6599378006938565,-0.7842834802378236,-0.24814363186576033,-0.713713019791334,-0.8010625443287286,-0.725651437845856,-0.35450102977490416,-0.4126678723042145,-0.5929329410909386,-0.045561095815721,-0.38909136146259,-0.7696617826129517,-0.586548491564953,-0.5222416670959016,-0.6258577748539168,-0.3836520916850856,-0.6107343082452198,-0.49893939275696503,-0.6809023145718089,-0.6930264411037556,-0.6627570803874229,-0.729875093878544,-0.6970845750126436,-0.7220815214126485,-0.41149387932906023,-0.5623510523364839,-0.7530390872183875,-0.7693932743536599,-0.7264498520925051,-0.6053192022187839,-0.6956177505696471,-0.3733903556880766,-0.6440496030434409,-0.6657575479485421,-0.32682854062875605,-0.8312698324290192,-0.6864325551918552,-0.027825353080618925,-0.09133256959674414,-0.7596158744645664,-0.2852847250278954,-0.536360668579992,-0.6941484683881467,-0.6477501002295728,-0.43466536830309765,-0.7149803414618515,-0.740822488020941,-0.5904461820518492,-0.6926387859693245,-0.8149547916597761,-0.5076712187768024,-0.6909950210169971,-0.8183759559273555,-0.8884618690993772,-0.5999999999999982,-0.48507889349580136,-0.7929701666405046,-0.45583986406805205,-0.3411138882247578,-0.7402185766826638,-0.5111647567059862,-0.4374278488083364,-0.6396057852689474,-0.5152942050698093,-0.906514502937975,-0.6045409864044411,-0.4891308502274627,-0.6902214807208022,-0.34768367806146055,-0.43996878199111344,-0.11339358835140001,-0.3543318572007207,-0.5823126408643048,-0.7509841326222129,,-0.6221917048357288,-0.7645076553684267,-0.4213820681417826,-0.547764981029994,-0.6859332202733956,-0.3525190457618612,-0.770808487819055,-0.3346913121831622,-0.457054101256076,-0.49965923632288967,-0.48844890679551256,-0.8701710604628865,-0.7013910965402628,-0.5348251460124704,-0.4881450019664932,-0.14279519109946445,-0.6667149292165433,-0.688346872177767,-0.43784883485937576,-0.3373193967804869,-0.5488305566817304,-0.6277509642961095,-0.8515681847802599,-0.17592618167208207,-0.7261405853514967,-0.4617931225923235,-0.5381508091954321,-0.48235647954230004,-0.6927940964064926,-0.4497559447919016,-0.2199052724476966,-0.8869539261822694,-0.7329199476410174,-0.4339135347102556,-0.5941200048753424,-0.5723554199705017,-0.8275926706833344,-0.16981579830253235,,-0.5912895101416377,-0.7210974358045193,-0.6594226027486177,-0.3515346341403179,-0.6525681182693936,-0.3806471062530314,-0.8571428571428482,-0.5583346441320093,-0.45759958568410586,-0.3347176060675356,-0.7985080129984605,-0.73730637120805,-0.480637735438952,-0.49478446844715196,-0.7540156794254911,-0.5211119152234179,-0.7892729460334902,-0.31365748609379474,-0.7867332529452647,-0.6544455191294063,-0.4947905255300522,-0.29038996899511277,-0.7800975545134967,-0.5909415189663973,-0.8615763320187512,-0.6884682359043797,-0.21478960261754818,-0.8696970701437727,-0.659781056103534,-0.9033537853751328,,-0.575834529287654,-0.8591188104083147,-0.43133314862431393,-0.506886948526217,-0.5888673690705564,-0.49199928490092637,-0.7561677299251849,-0.7165461789455037,-0.3836302883125532,-0.7426399224799752,-0.5708898417364956,-0.600556558951807,-0.5531154705469976,-0.577954133441114,-0.4457061661074894,-0.22471051900143452,-0.7323744660930737,-0.6464901138542308,-0.7077635236782874,-0.5412675832314241,-0.6249999999999972,-0.8621170999426546,-0.6507604207637975,-0.7768670848313837,-0.4684130239499385,-0.8631311003254746,-0.5000000000000032,-0.6110742247433866,-0.7466742570924901,-0.5978040462567487,-0.4411469765998038,-0.8979852286013481,-0.5746461440344054,-0.5713075495957033,-0.8066261622072828,-0.4137786856702132,-0.5961553722627211,-0.4030260937235271,-0.6505643678504484,-0.31981247587176365,-0.6904149904144821,-0.7194793291625524,-0.36028827408313757,-0.6607705816184493,-0.37814518061967417,-0.5451990762439001,-0.7857142857142899,-0.7841902222334598,-0.46939077692740316,-0.7675166883125536,-0.6685665321655205,-0.8250771160806009,,-0.701116715683508,-0.9500102539293631,-0.6123081121784273,-0.42757320379696623,-0.2514292503800488,-0.15432108031325475,-0.6201476273917239,-0.8203399453381323,-0.32069651733177684,-0.8179694059207623,-0.2732183191566043,-0.7590672325879295,-0.47749772754095254,-0.5173738460639978,-0.5005099273721221,-0.7496106400967335,-0.4920235969786795,-0.7621887433044127,-0.5794415597332299,-0.7385388890712388,-0.5847629924198886,-0.625506690697362,-0.7273608014394358,-0.7037930520190552,-0.6346042029114063,-0.5280536090037854,-0.6480943838594663,-0.6966766180803678,-0.37574419480666327,-0.5581564054212702,-0.5611177579388585,-0.6790609291751297,-0.38701217434156443,-0.4321404998913106,-0.7083735800049322,-0.7324855480774991,-0.5748624290642288,-0.7841901391500442
2024-09-11,-0.0899990951794688,-0.4766760093354124,-0.5494871577947003,-0.5279397487416851,-0.270650322182144,-0.843383362548141,-0.3493176710167461,-0.4754185684258917,-0.7501638106278595,-0.36848875135125175,-0.8759599732658282,-0.7119140022794151,-0.271562932298394,-0.07297018377737825,-0.08311497606480232,-0.7351195209592378,-0.5303823403832634,-0.5045001817100773,-0.4524553759576011,-0.26809113600648615,-0.2020013201413068,-0.38797683429589525,-0.37297122054825005,-0.37499999999999173,-0.6395683528821204,-0.589430848508496,-0.6082247556364155,-0.4835225035432443,-0.4391166772998482,-0.7629694627651128,-0.5099312893182557,-0.6022960789411057,-0.687441862426627,-0.5292948769584119,-0.7552301052466495,-0.36223558016538504,-0.21570562893438824,-0.6561218193460008,-0.5066808245051304,-0.16172164763181265,-0.44136947696267614,-0.28047978062102696,-0.7707259565335223,-0.6658341052873854,-0.6946064027460901,-0.21243641982482214,-0.4902193947029251,-0.7973422990196388,-0.5589441455706475,-0.6824484065414957,-0.4981658126899024,-0.1730763209728107,-0.41361641136857896,-0.6058809049057008,-0.6262675766519962,-0.5525222264429706,-0.6451546234697045,-0.877756693293362,-0.8126535698876567,-0.6302045302445527,-0.30202242968562254,-0.7090636840955682,-0.7024529975447295,-0.3920734369581016,-0.2275093174254486,-0.6557569624456779,-0.6616277590571341,-0.7804169142808189,-0.7246349185333549,-0.5752330091903642,-0.5808817530326579,-0.6209540032191894,-0.2666666666666635,-0.6498756412556796,-0.6444460032003835,-0.3288504083526171,-0.18090201250120186,-0.41473185100212134,-0.18433656481509872,-0.16195381696123526,-0.7673081470987714,-0.7009211176393559,-0.8100976725249758,-0.6213980873431745,-0.38038396200383484,-0.6214039220946348,-0.528239180366607,-0.8002670182029811,-0.7403473102325324,-0.19135039773659268,-0.6614298576728144,-0.3423303987786657,-0.3067185977064603,-0.19121023138012783,-0.5124164212133774,-0.6859300889958937,-0.6286514979121233,-0.375279481993427,-0.24552122039965124,-0.863735103720353,-0.27496759048393826,-0.7287310508000675,-0.639304133131166,-0.728967787793741,-0.4839389462378145,-0.6659440062237955,-0.5256609028031567,-0.7151662689785223,-0.6942815223636916,-0.5436316984488309,-0.5480268186874527,-0.5153008851387219,-0.843252237144372,-0.16391227517045423,-0.5431575245908276,-0.34558693423472336,-0.17107807915702564,-0.036554895919337534,-0.3036219472370595,-0.21817032828139854,-0.4093529235709027,-0.11919297819879852,-0.13917224318484372,-0.49980053127440005,-0.9551240946400505,-0.6654078576953397,-0.8275831764330217,-0.561118484008261,-0.8620355356200071,-0.5321515821075551,-0.2642009793137872,-0.4000000000000018,-0.21657288273519473,-0.4677533478508207,-0.4759528055778669,-0.7033808731165497,-0.6486008953361988,-0.6032994788678916,,-0.4615609536119909,-0.24081325424453146,-0.7617644761047019,-0.8576964992456028,-0.40579700474214847,-0.4166964451287572,-0.808195422163711,-0.813519149060948,-0.502988039297083,-0.5861049774657415,-0.9197477172584079,-0.6869649832668944,-0.7310540516686386,-0.7400130873082893,-0.76385946232396,-0.6409676362894768,-0.32159431500060753,-0.6761439428058439,-0.6685137124586422,-0.7070109962033106,-0.7055704730105316,-0.7117199017371784,-0.30272420369307534,-0.7587912006558495,-0.8764151251784881,-0.7855221888593446,-0.642338406945328,-0.6119160172168168,-0.13616041227638556,-0.656833408920553,-0.4342985568625429,-0.39014724060328343,-0.7073864169273874,-0.7516409501320751,-0.6100593492959809,-0.2584380980553483,-0.6094369950997636,-0.7089412885227704,,-0.7217039188210869,-0.3854093040417828,-0.10226815189460259,-0.8297803245286082,-0.802950982836018,-0.12675608465511673,-0.4099497622610136,-0.34859334654050844,-0.20208561379734866,-0.22590714920516608,-0.9439866506287452,-0.07650090371255386,-0.5663771321941784,-0.7864277693628978,-0.3224117949293368,-0.2765729042688622,-0.12683771887230777,-0.6933530612209512,-0.1596802558976227,-0.46295328653416074,-0.5129636437406095,-0.6321125164686084,-0.6962503262951023,-0.7814980871077947,-0.2976228329073962,-0.2975268601405268,-0.5482961884151795,-0.35831164456150844,-0.1709729190884176,-0.5797582934079427,,-0.4479397284139598,-0.12462879701853763,-0.541334817004703,-0.3287858799070717,-0.13730803091561064,-0.2765975126968741,-0.22866479884123858,-0.15503238674957343,-0.14956251342587037,-0.4892400012873851,-0.6601562999138044,-0.4413509928504345,-0.261905369479511,-0.7229869472306524,-0.42268365261383617,-0.42002315284034875,-0.46666666666666745,-0.42343124787523295,-0.33524191996630365,-0.7727973322637396,-0.2256093862425158,-0.18285370643508222,-0.4433483718869294,-0.6760685040865333,-0.6482706146723957,-0.3768542878790073,-0.8238204954799646,-0.7441356898512902,-0.49167383119351704,-0.42697451645891876,-0.7201485731402518,-0.5104598886032841,-0.21165193583729164,-0.23586318593856873,-0.2492921428858142,-0.11345225094255602,-0.8916312966215948,-0.6439773008110224,-0.3500804519548163,-0.336349108046874,-0.808135403529749,-0.490867825876461,-0.3775930335048574,-0.6468251425686816,-0.7619047619047584,-0.8131182734406847,-0.3609859641278902,-0.18430699635898906,-0.7467700306426489,-0.2143277328320323,-0.0699334818761872,-0.06898991447963455,,-0.7960308057752847,-0.17979296968102368,-0.8194591922814795,-0.6548793395404632,-0.7862625721737279,-0.8114970540604001,-0.8210858847758414,-0.7225876498072633,-0.18527352927082352,-0.6044088151499757,-0.7980892489521784,-0.6509889694899137,-0.621811224483952,-0.8008802471054696,-0.5947486919674188,-0.5604503239229324,-0.6829417334656832,-0.5854218949241511,-0.39813505833317003,-0.5994583778013365,-0.46323025215403657,-0.6861046874526068,-0.7305644155008099,-0.6785262260492749,-0.6664713284267945,-0.7918236786378505,-0.5925141987747629,-0.11747859623699808,-0.7977657030923108,-0.2594686303427786,-0.6962821859050918,-0.18372157510849907,-0.6635989094492223,-0.7132894886437718,-0.10908225005290469,-0.5167937715480801,-0.4761665372628872,-0.27293080755672705
2024-09-12,-0.7756488482969733,-0.1640420472362953,-0.04904101819532932,-0.25,0.0,-0.04648946024827928,-0.3412884245945381,-0.26677704591853113,-0.5698690129283381,-0.07990247394917292,-0.7041433618216506,-0.06077438969434053,-0.12157128621021249,-0.021782852330968834,-0.11723183265390066,-0.8087771081249439,-0.029803838628713646,-0.4146096828111943,-0.38442606972466997,-0.13052133702907573,0.0,-0.13398930693559966,-0.023249950438595558,-0.48991155065976255,-0.07250224049118721,-0.028987417367800916,-0.19613413730248053,0.0,0.0,-0.5658405567914246,-0.06894488623673094,-0.04305754564746455,0.0,0.0,-0.15277926369433772,-0.15643234366456607,-0.3571383831062525,-0.0877649803813324,-0.2121244326182875,0.0,-0.16141171269115936,-0.06323291514966863,-0.08076177266958254,-0.3569450256983578,-0.2023522602935408,-0.23745793857316955,-0.16956301560107234,-0.030646940849696908,-0.2454711344843951,0.0,0.0,-0.017694894998045208,0.0,-0.039814325307706906,0.0,-0.0204675005905212,-0.2882945992841103,-0.18760819220627523,-0.07214627549978708,-0.015891592220829916,-0.3684481973567447,-0.05777335528840104,-0.12060998358823971,-0.6745443138480809,-0.10919761064834463,0.0,-0.003444377794798937,-0.21997884769534864,-0.037179794785962034,-0.5555555555555578,0.0,-0.009932162216707273,-0.7332944706736901,-0.026407119815093267,-0.35918478879045374,-0.12808177857447187,-0.08474577395786807,-0.08028594904624922,-0.1799397661923382,-0.23385440785801642,-0.2644493324094026,-0.23387587963267875,-0.12796179879658018,-0.1298585103711419,-0.049673261257925705,-0.26697374478549374,-0.07320885720208706,-0.007688767212060044,-0.12295246068068728,-0.027971274789894935,-0.011217119351833262,-0.039981255011508274,-0.1861659764488124,-0.07661401007964659,-0.1487566786163579,0.0,-0.11182159011126837,-0.03587008899310132,-0.08233319777977365,-0.5120257929452205,-0.00796310529640099,-0.4673799993401869,-0.04950522077794365,-0.15745323693798366,-0.06546497705645178,0.0,-0.06788749701371927,-0.029149238408475088,-0.13778138479169685,-0.08537937652922903,-0.3248346920456398,-0.209629604561421,-0.14552742421275972,-0.7986114095742368,-0.20720529181793387,-0.49999999999999445,-0.21428571428571655,-0.5333333333333327,-0.799565242385153,-0.6436803858085589,-0.8344283504388035,-0.5147521270051362,-0.7911769768314176,-0.7926555438230575,-0.34579302511318877,-0.20752604472630615,-0.19444444444444553,-0.5068176291438126,-0.1651376250220389,-0.11185482405756476,-0.29872876909579804,-0.6897421726294508,-0.08568041469075106,-0.29015946901337547,-0.05921893563724998,-0.19083409133486204,-0.35221435966281267,-0.05270147783853778,,-0.27633753710577613,0.0,-0.5422626571111024,-0.10668114137007129,-0.6478885329847275,-0.13256472522536994,-0.21983860371540725,-0.2886529765122548,-0.01712640164020639,-0.28227198513919355,-0.4826552473752139,-0.04644066092939489,-0.18181818181818418,-0.19254454262639575,-0.007052167841410999,-0.012143164239495144,-0.0380711381482904,-0.3388247032690665,-0.5120389706134783,-0.0035337167801966596,-0.7154700553899673,-0.09432634667079445,-0.03210395874055741,-0.6406282417637322,-0.04928388925577678,-0.05605314221197552,-0.32125733024292724,-0.22187772568325922,-0.09144763542856486,-0.2046781344558826,-0.22739628976774678,-0.21857058998518653,-0.01373555015760123,0.0,-0.24266622037927793,-0.5287582284699285,-0.8357500977654935,-0.007880418678571127,,-0.47420033688179897,-0.44173491240933166,-0.6102438766613306,-0.0635426265903521,-0.08671356707966241,-0.5196999383695583,-0.4878646566275044,-0.33333333333333826,-0.6727153593310595,-0.5727768660653674,-0.7346921830742974,-0.4695674366748125,-0.6877196032999363,-0.6298726144055738,-0.6131659549553968,-0.6525307148276736,-0.8202970718819558,-0.2140711637185285,-0.027183392553308247,0.0,-0.37128293208027874,-0.7508589430117986,-0.20861053737780985,-0.7445978432591511,-0.3875009919707706,-0.05498766249465762,-0.40533514615604616,-0.7748023175535647,-0.7275465448311691,0.0,,-0.731692944571257,-0.7284497201852048,-0.5865677088808882,0.0,-0.8058027382639105,-0.8336571243764673,-0.6362786325614991,-0.6686844593747915,-0.5783734682760108,0.0,-0.8092501878430032,0.0,-0.7962675086644293,-0.44093384241236844,-0.2523878477699769,-0.4808601940077361,-0.2629258789046343,-0.3397434019037115,-0.6433739486458435,-0.22475555261453395,-0.7915042832182513,0.0,0.0,-0.40311524973960533,-0.08923358734622984,-0.040106129901877965,-0.3022830944844618,-0.06562008796864609,-0.6661728279182777,0.0,-0.027149693443962234,-0.48633962491732646,-0.43584905848807504,-0.5396317470982561,-0.8022164549503743,-0.8007058907408116,-0.7764900770025759,-0.0559525763474346,0.0,-0.5880722477305415,-0.3785741221297519,-0.4999999999999926,-0.27386049797638545,-0.02015494685953312,-0.6244433110211948,-0.41200415758610165,-0.35836636060873284,-0.7202419198505567,-0.5153498138374936,-0.7499999999999999,-0.7053535820231485,-0.6182796323892481,,-0.13922401291367323,-0.7951140307601388,-0.02258694565771918,-0.005603134165199746,-0.6248527557657244,-0.6545022905987709,-0.056469675464548626,-0.021468166641793865,-0.02817573737971388,-0.006085479594566688,-0.17452306324399638,-0.013689482906904011,-0.026330962167127103,-0.019449764507667562,-0.08996801112137684,0.0,-0.017315056713423198,0.0,-0.4092162028852378,-0.05148378133749836,-0.4192003632363491,-0.05022604804701966,-0.32309985730353724,-0.031873148398890515,-0.02461147444722942,-0.1334056430354485,-0.10335979272673185,-0.059468989900755595,-0.5025733431550425,-0.05000000000000333,-0.0795425751134514,-0.09280606528714219,-0.5860185679739539,-0.07432325939096991,0.0,-0.2358527454050575,-0.19165239227515163,-0.033120800680159865
2024-09-13,0.0,-0.19842272081283854,-0.027050506446523147,-0.25,0.0,0.0,-0.16864605855640122,0.0,-0.7804686794885946,-0.3282754249265173,-0.312845231600665,-0.18943096247121036,-0.35863430740367247,-0.009444696813614113,0.0,0.0,0.0,-0.6099513308643532,0.0,-0.0623849826287629,-0.10996396150618569,-0.01040985808493812,-0.14507862961021378,-0.5510716762281352,-0.31959292278936496,-0.3913977570369469,-0.2582774314723992,0.0,-0.24999999999999628,-0.6006221551519143,-0.7089627397595929,0.0,0.0,-0.03194200095293995,0.0,-0.11600102337310333,-0.12995699343046455,-0.7391995595250627,-0.31743792849389396,-0.02309029920846396,-0.12802149371855606,-0.09538630912287759,0.0,-0.017806766231121703,-0.04576029156726653,0.0,-0.1184146229233346,-0.12364100938201893,-0.12427965050199902,-0.03524855023441396,-0.3499999999999996,-0.3218035003483691,-0.6391970106516243,0.0,-0.6489178635415723,-0.23807792372807696,-0.25558637147729757,-0.0040752720498423555,0.0,-0.1442301490677774,-0.12072314987848314,-0.043511476942197126,0.0,-0.4830167728943469,0.0,-0.0280192919168496,-0.04640412184128867,-0.051589193327994734,-0.09467293670078722,-0.08118992790340585,0.0,-0.5540772739656933,-0.4599027295002336,0.0,-0.4933822173135449,-0.1935760795677887,-0.5791477057506873,-0.3866209212310967,-0.5430870435417167,-0.617548781931113,0.0,0.0,-0.008293657231794321,0.0,-0.017439773566339665,-0.43591914130463305,-0.059853538232784595,0.0,-0.5424397298068242,-0.6470585680059562,0.0,-0.621708636675336,-0.5622808882325825,-0.3252572806094302,-0.20780461595060218,0.0,-0.5416892445573901,-0.06709718122865521,-0.19415569096070823,-0.4052135844121655,-0.14821702183529212,0.0,-0.020817710972904784,-0.3091044772407829,-0.19759374011995856,-0.2561794829886847,-0.015550946154190575,-0.036712162282096145,-0.037994814148148204,-0.008383514113819142,-0.13219246906011758,-0.05968112189767174,-0.18648972798134464,-0.1725956734903706,-0.03448567809143672,-0.48227131918553334,-0.4594428640191281,-0.05481335712569655,0.0,-0.17719289122663048,0.0,-0.7305036676052121,-0.4156078909846519,-0.1270324776822475,-0.6111728772578572,-0.3324533619837028,-0.15062879818172256,-0.6325297587667873,-0.48198388794021213,-0.0795286370009873,-0.1428571428571392,-0.11208235617120553,-0.08745961307792005,-0.04475312438864582,-0.2871923905447076,0.0,-0.6083797584091658,-0.284659188107774,,0.0,-0.3395286683254383,-0.06579599563754521,-0.13820344681562619,0.0,-0.46655275973155097,-0.4194422970088861,-0.16898824646775906,-0.5280802677922037,-0.2847115020166599,-0.030061659159447078,-0.2779517811913414,-0.711767157433157,-0.19199932588959992,-0.025300233020766293,-0.1003180884645576,-0.021964009473597505,-0.4216586224639323,-0.5081697615548243,-0.21796014037222536,-0.4381529079003158,-0.06449231712035787,-0.07204731834893005,-0.16639554570468768,-0.06304868522299266,-0.01296302762359382,-0.3333333333333358,-0.7244304239385743,-0.5156175219832428,-0.5504291677771505,0.0,-0.7142857142857131,-0.04636619470294101,-0.2823498565114895,-0.30228244973513285,-0.43086774132302325,-0.678457667792697,-0.11544732792764353,,-0.016551449859969748,-0.15984654882300156,-0.5151515151515148,-0.495111245556601,-0.018474466539876583,-0.6526881193919158,0.0,0.0,0.0,-0.16124552435625472,-0.5497609837654849,-0.7118343191914323,0.0,-0.6539918367978657,-0.5224793249644988,-0.10255959449126212,-0.5898307359361614,0.0,0.0,-0.1536435695124423,-0.07272858928931665,-0.484223511790272,-0.599516899969018,0.0,-0.07393080651256938,-0.48227696553844973,-0.043645748762577936,-0.08999280756861072,0.0,0.0,,-0.24443724997508806,-0.3122104727247711,-0.2444528836691501,-0.14391021801111545,-0.3803141863229099,-0.41691734440875033,-0.156444847621879,-0.1406922604092116,-0.18430240062217595,-0.07626764350786322,-0.1683006410918725,0.0,-0.654762211181498,-0.06501173966829023,-0.46633272822232197,-0.6225909059636764,-0.056523763848940034,0.0,-0.4072280001466196,-0.30155994478597864,-0.3827983005529645,0.0,-0.1704979241561866,-0.051781294951126364,-0.01215569535510796,0.0,0.0,-0.39475200834158974,-0.4543646883143001,0.0,-0.25443601080896716,0.0,-0.05486658116835275,-0.3749999999999917,-0.33885197710669,0.0,-0.1974811404782271,-0.018146778947328128,0.0,-0.6611419643979529,-0.4789025828555031,-0.05435625082036671,0.0,-0.2553363621496567,-0.0331547789052081,-0.3978336892841738,0.0,-0.24999999999999722,-0.4243586927298477,-0.6709985429103554,-0.0744168046575645,-0.26969778714280856,,-0.5519528705106332,-0.5043177636434917,-0.16405145839447083,-0.2530746865248114,-0.06653820695426874,-0.007920982655250448,-0.360634838796304,-0.015907480881166895,-0.009919846106890947,-0.22684151459468174,0.0,-0.24630216628685958,0.0,-0.013949712596502512,-0.04507604962965358,-0.17196848578393087,0.0,0.0,-0.052551600185295075,0.0,-0.10625917375620923,-0.27499984134628236,-0.30512920495219287,-0.2699756730399817,-0.6361888297587011,-0.758581441121333,-0.6185754837054974,-0.6863465279673406,-0.17744428514899888,-0.4859888501255262,-0.5335830916010743,-0.9443694975881758,-0.4985035589983993,-0.7566483932375087,-0.9389498385978637,-0.42251026194942554,-0.18591282004848708,0.0
2024-09-18,-0.8934493663262806,-0.6919557713679549,-0.8228160092252496,-0.6328328748957088,-0.5790264510764173,-0.7582388682875542,-0.5921303697970216,-0.31109575178128457,-0.7057087338839498,-0.7522516206913611,-0.739824412849161,-0.8081169271822506,-0.38828164111211183,-0.49773444684781076,-0.16105111060045652,-0.7847088500697248,-0.567253789268246,-0.8240050578794644,-0.45129671202314414,-0.72348641814229,-0.521005497804088,-0.4752181608387274,-0.684271402629873,-0.6165332128723274,-0.6915539464256303,-0.6040983454104557,-0.7089005783125801,-0.20873336513370866,-0.4035355084725138,-0.7675226080819684,-0.9227943189677619,-0.7003579260192195,-0.5361318332004511,-0.7594643258523943,-0.7359589064295128,-0.8154439016818787,-0.535470696763385,-0.572215613331594,-0.6705229929355102,-0.7339520920478217,-0.8583528447594923,-0.7126927132000217,-0.5963031254515611,-0.5478875935614135,-0.504002614576393,-0.8893348341938948,-0.32597989059109206,-0.22689206465620035,-0.8749578193526817,-0.7951204307362214,-0.8004748659010207,-0.23202760256299512,-0.5844357592908606,-0.754750174999909,-0.49008187803561004,-0.12018855815052827,-0.9361067885241724,-0.7956546667291735,-0.6853710792021939,-0.9076065536053178,-0.3881865884794953,-0.5973352385129774,-0.4868684457580875,-0.5956387972296026,-0.8487840865902971,-0.598752925657214,-0.7747164481056652,-0.7146975951834914,-0.18472719187177192,-0.8643993487734009,-0.20629367116084624,-0.12574829459168363,-0.7673838505239804,-0.37865142564155474,-0.3637594681433635,-0.6875060460946811,-0.7425530979490641,-0.6981602845891162,-0.10941305480678477,-0.4557403133295158,-0.536878356168623,-0.8191302262586366,-0.7032604691134907,-0.7392756771643567,-0.6684877477153645,-0.8384085551617433,-0.5458896725719918,-0.28672673888324385,-0.508358231455323,-0.1993901263071013,-0.5991543705463912,-0.8328450401480751,-0.8029901389429153,-0.5981703884731259,-0.18951715496471194,-0.6587320319607609,-0.468311396253379,-0.3272557732619813,-0.13630894252673015,-0.6357942178490628,-0.730355612214123,-0.6964563334590953,-0.20957179208086582,-0.7518142226641074,-0.0035089258039445585,-0.21929453886358222,-0.394129888120999,-0.4370612693229823,-0.8266204517191411,-0.8432380887063191,-0.7090103457793041,-0.4281116770709948,-0.8301180852159107,-0.3215239994285684,-0.4799595786168949,-0.518380401352087,-0.8958116660880088,-0.6720929356626979,-0.9564021280958558,-0.8327417340391771,-0.7928571886150155,-0.5884773343945577,-0.27865514177713907,-0.6784195885747988,-0.1341264171803622,-0.6825383412113537,-0.7512864643414763,-0.7815100821042467,-0.7903946176757273,-0.6491553178271106,-0.6592593328266966,-0.8067370643201096,-0.4791702845721826,-0.7664681271830014,-0.7139090328557506,-0.3912524333232749,-0.08983426455752938,-0.432350006536721,,-0.7251951512165321,-0.27548298465909,-0.689277136116739,-0.9597795140650387,-0.8626414415784414,-0.7648016092495515,-0.40916310936481726,-0.8509222302914173,-0.9680154554747843,-0.23452557403228094,-0.7594656712167179,-0.6173901522184065,-0.48592228817246663,-0.5406155436938852,0.0,-0.05769074134804073,-0.7414628095483242,-0.38654525452131483,-0.75,-0.008186918824612473,-0.43765728003406223,-0.6269654072526226,-0.25523951191076494,-0.6942216086440426,-0.48671049909271175,-0.8846855627905004,-0.7472041830617312,-0.748609726518576,-0.6521601828568089,-0.6415109135561591,-0.11732768395609262,-0.8422867757406223,-0.46112476887837966,-0.5917615260128827,-0.4914602911649748,-0.8707858524361705,-0.7534883669099036,-0.1277487113873463,,-0.701722429707592,-0.6356415587228071,-0.706160897591285,-0.343596264819171,-0.9361989740615231,-0.1899427283965085,-0.5187949066894086,-0.5656543892827081,-0.8888888888888911,-0.9027035345087122,-0.3533049563698332,-0.3826398476686235,-0.7948489097615384,-0.697173577984587,-0.7608687373048514,-0.8571991594482424,-0.8826908846138146,-0.300186497689565,-0.4591361410697261,-0.6999084532701371,-0.69602619465751,-0.4841882212548889,-0.5622512837642745,-0.4016186872632011,-0.7215416768228198,-0.3628760286546458,-0.5930955449689305,-0.8370976389726112,-0.769889630262092,-0.8399775671293286,,-0.7409611907850956,-0.8152704359185908,-0.771930525406738,-0.4680480689838848,-0.9456653709630987,-0.8258998114683069,-0.7983225181781662,-0.7428010596546224,-0.6492636595289775,-0.7222222222222192,-0.7854029917620878,-0.8020763811087047,-0.9068475777609699,-0.7037748443218819,-0.7653504159029259,-0.9074739402027174,-0.7545071985551083,-0.8246791228567684,-0.679158333922194,-0.7758255755396049,-0.8120403399213711,-0.7048277754280768,-0.8552936016029591,-0.4681591830215035,-0.7820438275045768,-0.59051494319015,-0.7733681539168761,0.0,-0.8608650219686701,-0.6651776761650527,-0.7318111375633756,-0.8790006294750519,-0.920052362294662,-0.6480111356501682,-0.7499999999999944,-0.7793661263538162,-0.7186954023101555,-0.5299253009702313,-0.9757293132550088,-0.8507829401684829,-0.6055160015481699,-0.959133640626669,-0.5686208284867237,-0.21394257952903212,-0.745179832562878,-0.5033519581187713,-0.7636159701175665,-0.6666666666666617,-0.8765133458356679,-0.8550029278100743,-0.5514491900121163,-0.8120403399213711,,-0.6791958409679542,-0.8588616476342708,-0.6996075665955879,-0.8395111916755525,-0.8557111706358072,-0.890456328751235,-0.862002442123547,-0.5322139880170604,-0.6708988116245902,-0.7127963724136648,-0.6078348121617783,-0.767835049463082,-0.3228172798277769,-0.9419026204438076,-0.28541455729476184,-0.8071088565690689,-0.47508479298194556,-0.3631574779188023,-0.6964519399557928,-0.626010919204621,-0.7822768009462285,-0.4213649918813574,-0.502590447811511,-0.7267149302389534,-0.17078855978237253,-0.44589441670722546,-0.6864544475572867,-0.4569006210572747,-0.15758396179932907,-0.3196072959548548,-0.25715609194206607,-0.269598658063292,-0.5891866893080825,-0.16220039734046693,-0.2829483699186583,-0.5824457906681202,-0.64236580407788,-0.6524013918666769
2024-09-19,-0.8042513373968797,-0.5478163298104787,-0.6074635810849286,-0.5870187976493867,-0.9089175828317668,-0.618298868297019,-0.4392157445126135,-0.5805273774465655,-0.6877991718970117,-0.6952856235002558,-0.6356742004293042,-0.7403134708319413,-0.6197270536408203,-0.44197188495149464,-0.5695932320341565,-0.792987201992639,-0.8001468462473271,-0.8722437397662798,-0.47982331439855,-0.49765918014404653,-0.8077741024514836,-0.610195438822343,-0.4473207971475886,-0.42511801041388153,-0.5506623519997662,-0.5365389995867171,-0.6805349358922386,-0.6053807224101583,-0.43079405289878153,-0.593322165443128,-0.6515938129392247,-0.5765130131352679,-0.48545002210658816,-0.6488605521450936,-0.6567059071794645,-0.4392347564731699,-0.8602739481145112,-0.5209323829660131,-0.1426168179153174,-0.5043201377369612,-0.8598740261812892,-0.6357963084476856,-0.5339929585614059,-0.5682905857665375,-0.48581527928288637,-0.7822685744742518,-0.5834336183963234,-0.6167330641244367,-0.365917447296282,-0.7683929747736236,-0.7700582737566456,-0.3141601708564307,-0.8514774760532147,-0.3327626350410675,-0.4361943618690911,-0.45563147722327796,-0.5197504905435398,-0.49650509644872176,-0.5613615405958763,-0.5723174662380834,-0.5681652270192998,-0.653209507870745,-0.5935330600999862,-0.47329393104657297,-0.7746040627200009,-0.6895095505821109,-0.3637323698200113,-0.8141376669609627,-0.849291228380823,-0.5087719298245597,-0.4347826086956535,-0.47156145774741187,-0.7869272809277177,-0.6803045370604466,-0.7282029649113918,-0.09024809845435357,-0.2067832095729798,-0.3490609393010763,-0.7228081520867379,-0.8999999999999978,-0.25280446415041646,-0.4533066817287689,-0.5853192402044003,-0.44455165134234376,-0.5422654736221708,-0.6822033831949951,-0.6202295850425926,-0.4677074810163732,-0.34890503555264946,-0.5100467254326476,-0.4070017784625099,-0.3674618041996802,-0.5223102888736554,-0.5803548064587862,-0.41986065913387577,-0.34225233570779157,-0.6486415974814443,-0.5388735557689361,-0.5804314333911674,-0.6361428977016468,-0.20821058680355034,-0.7161986369021995,-0.09144206086454737,-0.4253190577963479,-0.8848729682747094,-0.17574141755548334,-0.5162536386871938,-0.5088325808260278,-0.49243141477067837,-0.2812184037752058,-0.2724045764066421,-0.6997317648677328,-0.713590392791151,-0.8752339610833382,-0.6700250926763479,-0.6979374735229354,-0.8169264033830383,-0.7754846449880098,-0.7654231503888544,-0.38980346639360125,-0.4999999999999963,-0.7184199141220112,-0.5830530450870738,-0.6502278008602386,-0.45295845823774994,-0.6609567376197101,-0.0791513641680335,-0.3366759922526181,-0.741108620744382,-0.5379201874009052,-0.5843271163151018,-0.7204266514978136,-0.5358664938043347,-0.6992279355583392,-0.6868761866060932,-0.8213232101895078,-0.46775810477848384,-0.6985486179593015,-0.5184698227445008,-0.48828633273780475,-0.3376890163053802,-0.8039316688097521,-0.32092959649775815,-0.7682038760447333,-0.45307632683069304,-0.6545342856002695,-0.6365752884022325,-0.7715248581416533,-0.6298191349929984,-0.8233992941848846,-0.7265721761305908,-0.2739935301417576,-0.6693470495399779,-0.7031973944591187,-0.4593833940363634,-0.6442064780207739,-0.8964610966864499,-0.7498595367879581,-0.3237034251073028,-0.9521233444127334,-0.7770024929129232,-0.34995309791601387,-0.22797909988343215,-0.6715649665526937,-0.7030296301752976,-0.5996098133692566,-0.578435282443208,-0.7284392428211349,-0.7575326648456561,-0.34807714863175593,-0.49380044870348094,-0.5083099083695738,-0.5801188956835507,-0.3186966265324198,-0.7017468115836069,-0.5462392034254382,-0.470496575115392,,-0.3963022037152484,-0.6556650279568017,-0.6283451337237873,-0.6953484568596515,-0.46213409220939616,-0.8363881570983168,-0.6173595051137758,-0.5583463842032337,-0.3722758989330355,-0.590643183594085,-0.9168188726213293,-0.2296436747943326,-0.5861117134261412,-0.7223554178849663,-0.6695506002030173,-0.6000000000000071,-0.8243383231847757,-0.6403549266957619,-0.3467017424796102,-0.588909419845301,-0.4274847875778241,-0.723948573894535,-0.31797712637182424,-0.6119897393500522,-0.6403880577164165,-0.7733202377824391,-0.5466199114290717,-0.7422230705861113,-0.879928388625962,-0.8783504577879188,,-0.5517441292057976,-0.7805261818119297,-0.6189301794712201,-0.7161983418733984,-0.5999999999999982,-0.8786604633747818,-0.9091283304268333,-0.5922937389561426,-0.7180129462006447,-0.30375689391551114,-0.7257828203431946,-0.6846477492055522,-0.5577939257483618,-0.750153189006792,-0.6135926576520679,-0.8427237842873626,-0.4853640159553346,-0.8760493395533583,-0.8818262526094548,-0.5074428241982734,-0.2950914211943744,-0.6978340539289035,-0.8413249845253199,-0.5087085605989223,-0.46329725757589807,-0.8660478567703871,-0.6733115362540888,-0.17984134507066044,-0.7647058823529409,-0.5304787578190546,-0.7462550144244525,-0.731000297271454,-0.6405432725478147,-0.7924953626503884,-0.9678483619071843,-0.7390985812100104,-0.7741915665150859,-0.25080385785708037,-0.4879232758878398,-0.5844183335601775,-0.44266704191445594,-0.5120906239241472,-0.3396441501842238,-0.4791235158132046,-0.43390696948702906,-0.8302524698686329,-0.5162728218580136,-0.768507920357789,-0.8622530558790474,-0.5248531595921462,-0.6445339812921098,-0.3166257351975685,-0.47458913775860045,-0.548780487804877,-0.9915110848008116,-0.692461518346197,-0.5851973390071422,-0.6167411613788402,-0.659950786000243,-0.5167359117727487,-0.5654417656808598,-0.47250654956747296,-0.7354628301236377,-0.5596468489210381,-0.5331400940513539,-0.42663673241355743,-0.5919029077789495,-0.5790297364237521,-0.5631506695132626,-0.3986932990060671,-0.5512877213046145,-0.6952901217318816,-0.2885546147340881,-0.5021546835765341,-0.05892511794142415,-0.48461313570739917,-0.25175957653258463,-0.8372722319931454,-0.5369561671757535,-0.7018392201010789,-0.6820123623856569,-0.6043394011916808,-0.6508229736959991,-0.6604015783992839,-0.6649848039776478,-0.5731214729167369,-0.7083841363941673,-0.49164409733422554,-0.6783769055562263,-0.45348258735317165,-0.6157001159502792
2024-09-20,-0.9553644217670179,-0.7533422188654207,-0.5290279737689234,-0.7540286681127357,-0.9476557658314616,-0.7582320371357839,-0.7686490318200072,-0.7605632138176321,-0.7731928518791338,-0.5064188196228628,-0.5220064198098165,-0.8666666666666639,-0.4744614639361496,-0.7498994735429757,-0.5235343443206211,-0.809203701653139,-0.43490071038620515,-0.7730406089608411,-0.6426871535311061,-0.4161352453091754,-0.7207067719841976,-0.46998697675695844,-0.7784244770529871,-0.7085300173564668,-0.7839668640862871,-0.7206181370688621,-0.4065749824769766,-0.7416024784577554,-0.4075649094644208,-0.5097830195564539,-0.34575240781764344,-0.6508529432397375,-0.7651624844836492,-0.712376497000329,-0.7284639393223429,-0.7950951272765494,-0.23299650165822428,-0.6784164508322936,-0.6509358603107521,-0.5919078145977829,-0.8131488797214799,-0.5511575567182251,-0.3781474431365683,-0.702952052290117,-0.35773805318619933,-0.7647447317725095,-0.5978828178814275,-0.7068940568047042,-0.4192104116488597,-0.7693030113920901,-0.6935949641763531,-0.7462352033247072,-0.6184601614974982,-0.7893313769990532,-0.9206192940851803,-0.7990290504552096,-0.6085570024678248,-0.9008454036419069,-0.37136984154117647,-0.8862188720715743,-0.1495746980368975,-0.5340956338471616,-0.36235806909426055,-0.5628503511102363,-0.88016527489878,-0.47008165958640763,-0.5363159163378545,-0.667369843326998,-0.7975846470709378,-0.4356081498298008,-0.13032059376949473,-0.6581394009336896,-0.5866967596928252,-0.21299117917420615,-0.44824713600526983,-0.5017459339805296,-0.34446630219513086,-0.539127885394515,-0.14122506244959915,-0.7405780091604643,-0.6682169287505976,-0.8273587715167704,-0.6436551305670292,-0.8271356890298777,-0.3409895418710921,-0.7169416239668412,-0.4778268287939439,-0.3781462733672159,-0.8042242426297195,-0.21644524455006095,-0.26911475067913704,-0.6342246301525081,-0.5555555555555521,-0.8321384012490664,-0.5763255850425786,-0.3456045320868822,-0.45136917637301177,-0.39563430992152593,-0.8558152540006392,-0.3671495574729394,-0.7466834256705096,-0.471135061421693,-0.5649142612856491,-0.8199326950872934,-0.38363684359710426,-0.6290103296190401,-0.44589562706934244,-0.9132405191685645,-0.2798106332955315,-0.27678102072197086,-0.6643108079748027,-0.6084111911008381,-0.8607981635185211,-0.5647452698931943,-0.5960394235163948,-0.5182462657627497,-0.5317361123149656,-0.532364246885881,-0.5913044950044074,-0.2282387212554483,-0.37166964810566927,-0.7061837071476238,0.0,-0.46942839731014563,-0.7671154754822951,-0.69745718636691,-0.7158642446741629,-0.6102490930771515,-0.4494479250853229,-0.7635041334299325,-0.5588147514085526,-0.7670012870304616,-0.8750349069845651,-0.7695345626224788,-0.6864900136121892,-0.9409889669097953,-0.7344629566157755,-0.8229194061292896,-0.2392016568144869,-0.7354545733640692,-0.7542096435701712,-0.7198956085001174,-0.5999882509112602,-0.8112864047996843,-0.7578971204724432,-0.1941014362462006,-0.9329970377952568,-0.7085869709714749,-0.5202731362507333,-0.7615170873780094,-0.6874593833675785,-0.6617774952743669,-0.6615132669823303,-0.8929609895727612,-0.2861272755458593,-0.7250462352293426,-0.7569185735721191,-0.6916835758496952,-0.576352485764425,-0.8360451592950681,-0.820791896867921,-0.7017410713272708,-0.8115629112848668,-0.6938778311681814,-0.8171581166679782,-0.8411143611702895,-0.518500884720486,-0.4405262300854965,-0.7200039749677495,-0.4414026752336544,-0.3672287147557597,-0.40273639999779126,-0.9611476712939592,-0.6016562923634673,-0.7312180253622592,-0.6245371737291111,-0.7418494023282453,,-0.30583257646013007,-0.4158530703891684,-0.6764705882352957,-0.6500080384364288,-0.7866279084957182,-0.6492820616919965,-0.696991481735806,-0.8494486263820218,-0.4056879258414501,-0.659624586394178,-0.4088322016986169,-0.9095532821985315,-0.8985447250495676,-0.8785061996598876,-0.45866362378652625,-0.5851980981635511,-0.8321076192246196,-0.18723609390314744,-0.8457314803039448,-0.9274018196497523,-0.8933051840065621,-0.7335185996241071,-0.37945311194813525,-0.8201895381231746,-0.3410381082615045,-0.2645043013939201,-0.47873120703645544,-0.7487811735368826,-0.6002995919732063,-0.8961041096580485,,-0.7285405392180109,-0.6091726684739517,-0.733601217262541,-0.8181818181818146,-0.7972638243655796,-0.7312127454369176,-0.595057687564613,-0.577581027544186,-0.6586391307174707,-0.6426562363483881,-0.7217013988986943,-0.9526602111494736,-0.7080090773575911,-0.8165335736510825,-0.5441664409050485,-0.625816589358814,-0.555262771672881,-0.7999999999999965,-0.6346318968750942,-0.6943958535033599,-0.7591632763142231,-0.7543053360387417,-0.9888889992400374,-0.5077397908477972,-0.3181796557616008,-0.46901003322088686,-0.8729617422217825,-0.8263791027862044,-0.7999999999999964,-0.5116799872522242,-0.3064456066969857,-0.6712707007257568,-0.4460968899760206,-0.43207663773191773,-0.7142923496326775,-0.7791569524823331,-0.43885401949768665,-0.520377537089108,-0.6830862407230678,-0.7604093811466267,-0.4715606382532385,-0.6467687107036361,-0.6811587447148387,-0.5366720102163914,-0.734605343064473,-0.8830892505804082,-0.7834200156720701,-0.9421009407826098,-0.7893139695910043,-0.6975921642332541,-0.8007168562977779,-0.8379291686636895,-0.18074549132485543,-0.8960882430832469,-0.614442810606989,-0.7016788075906009,-0.27482235709477887,-0.3977215850791807,-0.6783246447394211,-0.40065211875042317,-0.2304754167782039,-0.7542980033029655,-0.9554885756878074,-0.8338517003100991,-0.34130655860993225,-0.3389505632118733,-0.852355667093391,-0.8300136074547936,-0.7615164007689554,-0.5825486599767059,-0.5002216504032145,-0.7459021559719129,-0.8644828053814635,-0.3480559482272123,-0.5305435138852892,-0.3250610552946214,-0.7845830667111381,-0.8536454331500772,-0.10973067321513783,-0.5103976150782878,-0.7518280982865629,-0.17711023102504175,-0.5643779180466019,-0.24091020204985575,-0.9166132598584212,-0.7278550669301856,-0.29920992347819847,-0.6133866356145009,-0.2213739507002478,-0.7919285134222975,-0.8039467326652397
2024-09-23,-0.7167028550054714,-0.6235545361422616,-0.5457816312167757,-0.5852948331163389,-0.28571428571428664,-0.7912924648553363,-0.6000000000000072,-0.5752203396870298,-0.7608683798394991,-0.6233218233649769,-0.14832627681664493,-0.5450021105726004,-0.18388132835035811,-0.2722951795816902,-0.17796342474378418,-0.5658915146626299,-0.401573015991362,-0.6798229739771738,-0.12753294008092816,-0.6320270416602299,-0.7049365538129116,-0.08095701097078471,-0.37010843841347196,-0.6708886323327462,-0.7698776474358748,-0.35775676662331507,-0.8181084086980343,-0.5240952495865833,-0.42698366513418173,-0.4711463567453819,-0.16952012079703915,-0.3932582238383466,-0.6202056400836178,-0.23956087440180793,-0.8496060820484422,-0.2586935933215049,-0.7335103106025994,-0.58225131067814,-0.32399861621021364,-0.1526785037043726,-0.4211396874661693,-0.1617984956439182,-0.24254241129592266,-0.45412046453873156,-0.6031911194886013,-0.6225865557921092,-0.25183422870767314,-0.27926632940698015,-0.3191721087326717,-0.2358916805953299,-0.4101205329518459,-0.19877584555030495,-0.21259454945442707,-0.5609075866641473,-0.3229763737427231,-0.09063139281364857,-0.23714589625046362,-0.19892305481819905,-0.714472179395957,-0.29881843392291624,-0.6817395801322138,-0.5297698795704782,-0.5325756792035861,-0.3144110179939861,-0.5790961428807766,-0.10633444364391297,-0.16658616864131304,-0.6977710162898129,-0.13516985294032297,-0.2969900258120972,-0.4756419232234466,-0.407636988425899,-0.6361911948326183,-0.0983345663013891,-0.026040441335038737,-0.2786442356198512,-0.02723721218663857,-0.5326148874234728,-0.023191276367758466,-0.6539810238980158,-0.04794892039172736,-0.14211657386756688,-0.24042903671175453,-0.3395929392818006,-0.24331697976739247,-0.18231910626089334,0.0,-0.02704574865881089,-0.44405149853921794,-0.36666686007995425,-0.02157850414337447,-0.16667878326178426,-0.5714526229863116,-0.15131528419670154,-0.09027679419664521,-0.41894640438601694,-0.3904604766522484,-0.4973029668241903,-0.07628699758978287,-0.3965421003553018,-0.004037124336953209,-0.659370367497044,-0.05471983023943122,-0.18276463373378854,-0.09902265138048362,-0.07200246523193862,-0.12898069357497102,-0.4230174223943964,-0.05929116825734306,-0.052595398978118255,-0.7313049122877417,-0.08469464956110052,0.0,-0.8440856123735421,-0.5144673175009241,-0.964792287049295,-0.6530218178880047,-0.77396068353722,-0.7133579764318936,-0.7454135559290843,-0.6806054551520384,-0.5996125540132516,-0.7857142857142898,-0.6430053581714379,-0.19785139938322238,-0.46787627375884794,-0.7540295762559509,-0.7758336214185628,-0.6425923387748311,-0.5155087363759627,-0.4000000000000107,-0.22409908843340576,-0.054372684313882064,-0.1355779517765083,-0.6418144702134359,0.0,0.0,0.0,-0.5271068282442329,-0.1798715382904945,-0.20421926061732557,-0.7139401236966079,-0.4002621330270497,-0.8077254245161325,-0.08546006126771485,-0.20188701843064114,-0.35217470493973,-0.2493905496253089,-0.1822136598190848,-0.3601608268871206,-0.5749339375428122,-0.13281412316484023,-0.2561205643336676,-0.05260012517841455,-0.10126047880804874,-0.08457143611090968,-0.45224036193131284,-0.2623331820766416,-0.02748974204564965,-0.37888351427995026,-0.07103747783460514,-0.08348548364318295,-0.9368833378838967,-0.35496259830862215,-0.012707300159627403,-0.4831096767942761,-0.6612155372961808,-0.7841354350397289,-0.2671649803647769,-0.1318571031624071,-0.2025451941791816,-0.28860026516208526,-0.4872495844744816,-0.14961099606019929,-0.5766407331345363,-0.47286106646414455,-0.011356349119270904,,-0.050766278915430264,-0.7211394752901112,-0.6904898096157742,-0.09451176575141157,-0.13383702031066316,-0.48457010953190494,-0.6748565765778626,-0.5662990842546782,-0.7709590405989524,-0.683200807325826,-0.6408360475708791,-0.2251849881630356,-0.618991783783258,-0.4722465319634869,-0.7128619202537396,-0.767335096968561,-0.639718197966003,-0.12697624537571944,-0.3925382599470974,-0.3509303759333973,-0.4040197690239408,-0.6294921900408545,-0.6813279274225693,-0.2644352000254142,-0.6566486114781932,-0.27424854338775373,-0.4786559317430077,-0.7838893187008062,-0.835736343626092,-0.4893469819737508,,-0.7149528187860491,-0.8637571380353063,-0.09570717119180333,-0.6165541782798364,-0.8239264540928066,-0.42786150976521004,-0.8694465709940209,-0.7212780007828357,-0.6009594141251932,-0.3596650424337751,-0.6000000000000071,-0.4359304354400078,-0.7905343872256443,-0.5256410409988449,-0.6875553033792245,-0.13089448034765716,-0.03989606919684059,-0.5779436060763163,-0.7911945101404457,-0.3696026045268539,-0.7588566757746104,-0.6721705891250057,-0.5977116792824915,-0.5954268506034359,-0.2706956170262569,-0.7709912678588218,-0.5289012865774646,-0.6861897480156425,-0.7430949002256717,-0.5222187770321891,-0.41017764388832656,-0.7851949947075985,-0.6825623194705994,-0.6482854473610011,-0.8075179963137088,-0.8695166528622174,-0.6124677988015749,-0.06054569375419113,-0.3333333333333383,-0.6733974467447533,-0.10613317765894212,-0.34252395840153155,-0.6491391651353108,-0.5461628741419856,-0.5381465161610708,-0.44585963073785273,-0.6524626426316678,-0.7691157247566405,-0.6842782992209395,-0.8185649897661463,-0.6960404713272055,-0.7671681527701143,-0.6213043294331348,-0.4451817188516053,-0.8492453439896731,-0.060000000000002274,-0.7867558268830531,-0.15288106884508568,-0.4854414303911298,-0.5880023169070453,-0.16348308088249547,-0.5755319442303958,-0.14298079995660362,-0.6281140114347458,0.0,-0.4108775051555372,-0.03051114927468767,-0.1548027667530884,-0.6697697560339368,-0.6740097446164406,-0.18122200686738843,-0.19999999999999998,0.0,-0.5466849901439167,-0.02891040196300367,-0.1763476520370063,-0.7773464692880182,-0.4982194566999803,-0.20052396654925175,-0.20378269563289908,-0.6105224858158487,-0.6977389011120063,-0.3077936565287593,-0.24226460042295403,0.0,-0.34806457764405196,-0.026309375967243788,-0.38219217748875034,-0.6537872006057163,-0.45530640017253177,-0.09396569190677587
2024-09-24,-0.8807689501702984,-0.8312971543794435,-0.9049436634727096,-0.9302606941031468,-0.8881784197001253,-0.7798523421545245,-0.733054484346548,-0.7382061500870967,-0.8689122439419745,-0.8784704448989878,-0.7765250338297199,-0.7137451947607243,-0.8608875745340349,-0.715773775979451,-0.7302973476624304,-0.6062069264266705,-0.8990766450614455,-0.7359634256095475,-0.8411997461229057,-0.6643294499340444,-0.811547095866874,-0.8164204984508472,-0.7768939789508625,-0.7867890988165154,-0.7777471962871828,-0.7830138569747614,-0.6311691431073009,-0.7882438621338647,-0.8422182399639944,-0.7503427448515326,-0.7626972644718337,-0.8806328357874579,-0.9080919420459104,-0.8323217683884586,-0.7575715509624226,-0.8260154280723955,-0.8840080655838835,-0.5226962225848998,-0.8784761061481073,-0.8208109647367782,-0.7898804074685691,-0.8577309274244134,-0.6971775576823336,-0.8067338354535563,-0.6507973735354399,-0.7381487400877411,-0.7659364139380986,-0.7728668069134655,-0.8601856541766469,-0.876850138976962,-0.7302924765083558,-0.7514719449707604,-0.8294374442265942,-0.9460667875756905,-0.857010814163974,-0.6213876673803937,-0.9805453419630439,-0.8536703011145023,-0.6704992303886885,-0.8783796971943759,-0.7428852843339708,-0.7235154503301942,-0.6582458942565924,-0.785310288841032,-0.7866888033329806,-0.8143127992840591,-0.8399235154509664,-0.7111455464298397,-0.8256204717134953,-0.6674186952424679,-0.6599718963683183,-0.7419968672206532,-0.7916164642528183,-0.6806915108271292,-0.8898942485191385,-0.8396079571353248,-0.6700923802052966,-0.7670666659465409,-0.614021752029152,-0.7716247724053592,-0.7049230164255338,-0.7929455600307268,-0.6081877075922948,-0.6351633505044035,-0.8018107959638134,-0.6449039048419797,-0.8498834653139123,-0.7908053916544138,-0.7160163905704822,-0.5685157229393184,-0.7351851011276506,-0.7510117455546482,-0.851234398328764,-0.8466398515503609,-0.6770787861534553,-0.7175482130067434,-0.9044305073976167,-0.8754247455420676,-0.7467669139705285,-0.37168935680848325,-0.5021483713244572,-0.8062340597364129,-0.8706915313807146,-0.8511684485028285,-0.4341004218821661,-0.8536544326952255,-0.8082519877620451,-0.7275935716819892,-0.7603185069400011,-0.7128665207224675,-0.7762800701122456,-0.7769015777198282,-0.84243690742664,-0.8264581162081543,-0.8516815479430949,-0.7238464884345698,-0.8115172852722676,-0.8080574967325266,-0.8039009738891274,-0.8347799463740011,-0.7772301374714983,-0.7133540720091669,-0.8536042110660341,-0.8350316791287408,-0.8542201525620343,-0.7550605888884452,-0.8542828778019838,-0.7940616214254043,-0.8526751600725508,-0.6162620049835988,-0.8135671786066392,-0.70030586767501,-0.8160445433326589,-0.8077206232509739,-0.855360454381172,-0.8746321789142144,-0.6210223029825112,-0.8569521429580345,-0.7285856510431696,-0.7811915468819179,-0.6885766674567113,-0.8194212061235124,-0.9094977439037293,-0.8255320047651399,-0.7788766905876774,-0.9290855605572049,-0.8724992450829923,-0.8625585169787333,-0.7847957686078835,-0.8149537085390784,-0.8520955867417677,-0.5686501049194747,-0.8696787453280463,-0.8617612363634208,-0.8503426156076135,-0.8423668555305813,-0.6926744093209759,-0.8810956933593749,-0.7166958952323125,-0.9293543172862673,-0.7266160523100369,-0.839930204150208,-0.796068946236343,-0.8984840343720025,-0.8687410082453887,-0.773686526409218,-0.3114072037082572,-0.7976672726781676,-0.7332312507271214,-0.6985674540425266,-0.4206541931185134,-0.8235095612515699,-0.8059208897140411,-0.7790071281285922,-0.7222298050196525,-0.7023420676632672,-0.7988354898774311,,-0.8952702249348197,-0.8461086900892237,-0.7764201132257715,-0.7859570513810655,-0.8788579505733495,-0.8040887052108158,-0.8128493622231373,-0.7831925239224274,-0.869924446781312,-0.8870853840943341,-0.80904746497873,-0.7188884821750291,-0.7528622309463587,-0.7702647256050796,-0.8140367579142033,-0.9150435603075456,-0.8333333333333366,-0.7842357480669206,-0.7266481373872404,-0.7305390094836411,-0.7378776145805683,-0.828469265228865,-0.7709671442264333,-0.8601181872850375,-0.7782944601892675,-0.6532541369668817,-0.8765319604817133,-0.8601262493259849,-0.7915299907144259,-0.8452836275870933,,-0.8295421915818182,-0.8353428647843988,-0.8135625770638414,-0.8748544011032288,-0.85321518778801,-0.8117261350329033,-0.8098699484802618,-0.73222314244254,-0.6756646806531359,-0.9010064789035338,-0.8454161982221088,-0.819704846369322,-0.8083193429703575,-0.6026592478161084,-0.7400396113716132,-0.6583773208974024,-0.7895257865224831,-0.8636992742922722,-0.8213087148679781,-0.8165969447341505,-0.8095044467086085,-0.8304815129606721,-0.8263112045955807,-0.7479326911326054,-0.8496440796165147,-0.8823310262995158,-0.6432192051428968,-0.8212580289316342,-0.834574079764042,-0.7836439278341105,-0.8180146131449538,-0.8575697986130393,-0.8388582457684045,-0.5093107310482128,-0.8299772618018957,-0.8425501486298078,-0.8331226127136983,-0.8008243913044223,-0.7565830870446218,-0.7689315790028014,-0.8498363454797555,-0.698126069451515,-0.7275487645422243,-0.823659946553364,-0.7455145487422394,-0.6969448357337117,-0.7554753439862197,-0.7781270272409254,-0.866551116722342,-0.7918302990682399,-0.7431837624408643,-0.8293342341520333,-0.7762595788816474,-0.7652912341243415,-0.7324065697103042,-0.7775401344186377,-0.7570509917858801,-0.9309794043178727,-0.8408903950987756,-0.8112117356525894,-0.795641060106903,-0.8390961936627748,-0.7565389295368596,-0.7915766036996964,-0.794685406744121,-0.6804181381582664,-0.7861500555031364,-0.674524555174931,-0.7003058103975541,-0.9109310447600155,-0.8220599370411992,-0.6572992739434362,-0.5035928071669599,-0.6121250700742455,-0.8209444029477596,-0.82604458534989,-0.620996501703146,-0.6644027511618598,-0.7034500692318097,-0.7862733545375977,-0.8597912859754716,-0.687126942571838,-0.8425213012637839,-0.5506818359274095,-0.7539225240217549,-0.7758193476909221,-0.7858939546236172,-0.8027788183980341,-0.7918508335603983,-0.7497603721994254,-0.876600282147123
2024-09-25,-0.20191203197516222,-0.3119315577784797,-0.132071029662738,-0.3305858536086237,-0.3348842364264436,-0.10796829897913084,-0.3123758195246546,-0.5332005214286639,-0.5033825020772241,-0.0689830490465322,-0.07346747736003184,-0.21191071120811691,-0.48859782287961623,-0.0020874192533737244,-0.0077806602403139745,-0.8264811536250493,-0.16683026726037692,-0.44259271265854155,-0.19875866863679353,-0.13515745051556036,-0.205194528432601,-0.3869418473122825,-0.35923934996458523,-0.3018203996648036,-0.27504867903174507,-0.15195055895868897,-0.21427708224126804,-0.06252664303458538,-0.05324427989769928,-0.04645131772887089,-0.10172076584573653,-0.12093298797869496,-0.5013718376034336,-0.029339206300414214,-0.1974609213875768,-0.4160870566966023,-0.22919078778640678,-0.12280701754386007,-0.06000875638883527,-0.15178390280862183,-0.10717139228553364,-0.27838254180577465,-0.08457509025511296,-0.14896172572513527,-0.06787000501584138,-0.09912392405331422,-0.25299344791752154,-0.1012673228147405,-0.45524268886870933,-0.1871948015849526,-0.26839163804126853,-0.10478399366633089,-0.251567049412915,-0.05972677641057654,-0.08344025317214311,-0.3532545351233921,-0.10716752183375658,-0.21475406225031624,-0.13436028771954614,-0.3041726506289789,-0.026433688563184204,-0.07025540935053522,-0.1611057607372553,-0.14276663553816027,-0.15999220555142793,-0.3554214539993181,-0.3906192108735044,-0.14625921550205404,-0.40727382511841254,-0.06811776458737998,-0.04344690426260163,-0.07163859740482784,-0.4088351289824334,-0.03562273844779102,-0.4266047452928024,-0.24501939589241492,-0.017431181104775893,-0.38716311436942047,-0.08972223979936936,-0.14817052349584303,0.0,-0.2765077754255031,-0.2554548821870827,-0.3901565784063599,-0.4853989611699433,-0.18664485125136254,-0.5893254517549312,-0.2607235554457997,-0.09367883944107543,-0.09023129951153822,-0.12432916703321867,-0.5758683444573474,-0.3524082775094425,-0.26218674476662107,-0.1807669458867846,-0.08420036161014742,-0.37696912286341544,-0.3740005958866638,-0.18717201657988725,-0.5003383148971202,-0.39213662917147085,-0.11771032009759745,-0.6192015002189002,-0.2748627507871762,-0.22423252191902945,-0.1063821709852122,-0.25529533953076977,-0.024695992470501183,-0.16156356242404146,-0.11710207975450411,-0.5199379847856631,-0.10300940409119008,-0.3374762848901426,-0.7114716436739871,-0.2038689811575384,-0.3221486757656436,-0.05536409826778038,-0.7911745815154474,-0.6309289105502734,-0.06836725951896054,-0.388485011731663,-0.6666666666666634,-0.09133271128819581,-0.14620022525837145,-0.7247842180719861,-0.15537094793152087,-0.13348757582924028,-0.5450360738334566,-0.2149249240094809,-0.1617007950876278,-0.43726083766284474,-0.7108186785360232,-0.26656081387508723,-0.34223050050627235,-0.31899017395685664,-0.06784310820210829,-0.19722995970487614,-0.09857558702564329,-0.7815870328934555,-0.19675846952141604,-0.07694483599214255,-0.1573981123307074,-0.371611386524496,-0.22509327227108897,-0.3188204882730263,-0.15930306856440152,-0.04492752867906649,-0.17371342232461265,-0.11408182877229217,0.0,-0.45614611686941076,-0.5358001883593813,-0.08888962212950789,-0.5302890041032415,-0.014691390373502608,-0.01753980208312127,-0.3310114757788886,-0.23867259895386903,-0.07588664733145824,-0.5522687098770523,-0.19170703227358943,-0.4720958711752403,-0.013856634167828818,-0.15811939795531982,-0.04696081179365334,-0.2702163273547901,-0.43857602933739165,-0.2697110352987953,-0.2411575293566894,-0.2659868103160059,-0.07481700079775501,-0.34387402342257367,-0.4459535871100439,-0.45068290053065246,-0.2854388153942234,-0.048068279483141775,-0.09554298969525793,,-0.10615031790382809,-0.2961406603364327,-0.08593296478120954,-0.07404641870739045,-0.651784815971772,-0.12324356601182268,-0.3627183056355287,-0.22830648960935288,-0.6695925491530906,-0.5348644754539804,-0.20889318841218404,-0.0806785134998955,-0.18094433480839708,-0.3300494914658605,-0.2676894198583452,-0.42337689429329556,-0.6866288752028396,-0.07861735278114719,-0.08769626400538957,-0.039174297754455606,-0.04664385609421364,-0.2651501844088308,-0.03885394592817042,-0.40254344514526347,-0.2558744462529567,-0.07761590428795004,-0.018444498851111914,-0.45216706231793424,-0.7763651532128327,-0.4530485038161194,,-0.18474969964103213,-0.11418029400789982,-0.09090909090908907,-0.37969972493742576,-0.3929060264265403,-0.11875321467409412,-0.2418368530967046,-0.3928571428571437,-0.08617823574089571,-0.162180613515512,-0.1717523968128569,-0.49371748141809263,-0.2917828764983977,-0.14915322009183218,-0.1535330383605246,-0.4847417445537189,-0.27836672420381614,-0.412465334217775,-0.7889153927599277,-0.32599441642050037,-0.43564384318580424,-0.5019116807979808,-0.4780160431811195,-0.18017728377454298,-0.16927142504167628,-0.04474620054524794,-0.1514460569919847,-0.17198587075616262,-0.5488005765798181,-0.16118419496521189,-0.16210978165473225,-0.4849176137402825,-0.21545220208244192,-0.3213441894135234,-0.6064553319103778,-0.5404798418689201,-0.1104014117491242,-0.07815107055380827,-0.34944165814041656,-0.14425607459868103,-0.3555663919262744,-0.023054933605448087,-0.12330827000999466,-0.062197642268355655,-0.2077952228216008,-0.04761904761905486,0.0,-0.5400391920402796,-0.46461972370226573,-0.31495917932358514,-0.15987773689544504,-0.321286543638803,-0.7541137985909779,-0.10631926325847751,-0.3023510856717875,-0.06751836743311229,-0.2737096516994211,-0.1113231658599129,-0.25750049124330204,-0.07789254324539886,-0.1596317398113395,-0.08194211014115431,-0.055193323994158786,-0.01130532686657234,-0.3244196799934837,-0.2531241815710682,-0.05194805194805087,-0.07675084941681043,-0.05346112316060331,-0.15353931927116854,-0.19581494371521435,-0.046345253976980125,-0.106607198562717,-0.379665315201136,-0.09801643765182241,-0.04159762403478914,-0.5812564600278005,-0.17398778132010376,-0.11030065708878087,-0.05506527169757647,-0.6689734695359052,-0.5311329385669742,-0.16999035435984172,-0.0205065760130601,-0.3846299528279076,-0.04290504163120578,-0.3937272078927883,-0.6979440289422175,-0.49256552331261494,-0.01979724966871635,-0.06893666211894961
2024-09-26,-0.7405803053300839,-0.5839904485964625,-0.8468505860932485,-0.6339108588003535,-0.8816578317188734,-0.7866860053890287,-0.7677056576454947,-0.7746725545080573,-0.7562638584330645,-0.7708343265399276,-0.8426736870348841,-0.7617834889489001,-0.8188805717412545,-0.6575658247018837,-0.6102629294119999,-0.5051175433771338,-0.8153726976000002,-0.8160665622106545,-0.6324452608023282,-0.7301547087543915,-0.8020877494790228,-0.7588790661629208,-0.8903314165135642,-0.7845631725474596,-0.626819728803573,-0.8286312074927515,-0.8925174004811433,-0.6209213230591549,-0.7535939722335729,-0.6602239765973147,-0.7914118332267075,-0.8309327961949937,-0.8043469583519312,-0.863778844608481,-0.7835261664684589,-0.8582417040948785,-0.8883684206449006,-0.5830718781722166,-0.8297692422380895,-0.7812642564126497,-0.6773330444436814,-0.6179613543004466,-0.7435765728353286,-0.8395351805331245,-0.771138414791505,-0.7000385023043503,-0.9218162581641349,-0.7384282700986822,-0.8679074739963557,-0.85134874139572,-0.8316831354360966,-0.9124801136051587,-0.8249202831480398,-0.634935180109292,-0.6263744005422035,-0.6187969383178171,-0.7580825727987416,-0.8597571283819802,-0.6044230295378042,-0.7884668554287338,-0.7276515634027145,-0.8048072245927068,-0.8457945059692094,-0.7905317705349565,-0.8113535713243288,-0.7285639771784014,-0.8895410552859048,-0.7130439910488359,-0.879666735351249,-0.7749035764812365,-0.6733129428471992,-0.8169390406362986,-0.7974181280783299,-0.774506795877709,-0.7897828836840222,-0.8339311728037532,-0.8603009081954824,-0.84075187006359,-0.4213361236324334,-0.8683130583443669,-0.7638728501526765,-0.4407500504125418,-0.4832100048682939,-0.4507111982941247,-0.732670934692018,-0.7541354287897495,-0.7470565961921782,-0.7823296068825993,-0.9476141983344119,-0.7401327776156464,-0.7761952027442061,-0.7142458606790852,-0.8421885943261548,-0.6684112363597816,-0.8064770188373802,-0.7744761584232268,-0.7630175431735042,-0.6832215150441872,-0.7581138828188209,-0.9031815653987303,-0.7928126076878271,-0.7494401505628483,-0.7271043445063503,-0.7910646192940766,-0.898298428643476,-0.7160068495763133,-0.7111331769684045,-0.5683671292923757,-0.8020773035494146,-0.4824731196004071,-0.8070380547525211,-0.7028529314566678,-0.8781608671574372,-0.8387693152995349,-0.7915244814434008,-0.7251401371648113,-0.8783674475249293,-0.8018884975050066,-0.8171670910463755,-0.8979282217652964,-0.7565410949094297,-0.7619997561962887,-0.9725291542775912,-0.9926145079751022,-0.8182805858647539,-0.7082789697478785,-0.8653722655263714,-0.8390738129784922,-0.7903794865301046,-0.5912097585688165,-0.8658506168534952,-0.6445055792902862,-0.6948755079622557,-0.8665338649006574,-0.7601530539350603,-0.846549719010597,-0.7533250340170689,-0.6169627846528928,-0.8607607549076498,-0.7375442613752693,-0.8494900269302561,-0.8121390426551048,-0.8295598230959899,-0.8379590117901726,-0.7370783805257398,-0.7629465392065552,-0.8709247050363562,-0.7958591260336957,-0.7723383335033271,-0.8350858267949266,-0.8414237194961084,-0.38376049240355087,-0.6772810077655564,-0.6986502528934655,-0.7432690409505218,-0.7721064500572512,-0.8989407784919848,-0.7341844446582173,-0.639306449815884,-0.9405559780423837,-0.7024583165118519,-0.8660578358156895,-0.6844865076287042,-0.7570510925630071,-0.6213004306114628,-0.5943144043059636,-0.8824623894047079,-0.2569756811391528,-0.7477269881613142,-0.7685738168758919,-0.8530463479603457,-0.7728040729397837,-0.6673254822090798,-0.7881396260356548,-0.7187597372458554,-0.9040832484687774,-0.6242406651074969,,-0.9791093722082681,-0.8798729684668968,-0.4890830999020482,-0.6703607343691558,-0.844748407039517,-0.9846471699527658,-0.9011802394736458,-0.7882461899539436,-0.8025310476613869,-0.8162978545164544,-0.4282715906323688,-0.9124470751767233,-0.7960824196211456,-0.5529693296441582,-0.7886445344543238,-0.9251845341043564,-0.9058153027969292,-0.7215879346155801,-0.7015379165551164,-0.6779970199069755,-0.7119842335886543,-0.8878539860039504,-0.8494737211051798,-0.7322204995836028,-0.8128473307850554,-0.8475411624149533,-0.6408040468649859,-0.7899170474894902,-0.7979170179261904,-0.7599682608148184,,-0.8172917930042094,-0.8277507359507328,-0.7577491292994865,-0.797156878931302,-0.8549191042370874,-0.7445179601447949,-0.8318776821516543,-0.8327087840722869,-0.7071043697508801,-0.8292881180109968,-0.781168989578258,-0.7250095896026473,-0.8356741081450936,-0.7246049957540269,-0.739961279057181,-0.8108438830666097,-0.8262812932310889,-0.8142332725439215,-0.827045822848128,-0.7469397467519803,-0.8628595719113623,-0.7521838792544309,-0.7540225092230138,-0.7811158564768362,-0.7248613556640888,-0.838976268940819,-0.7339068295753043,-0.8456806607541537,-0.9107005772956893,-0.7589029369997782,-0.7846874370984592,-0.6674768012513675,-0.8910547541994435,-0.8703114839793638,-0.7301451260320965,-0.8466125224754453,-0.6632521977771957,-0.7305001512259786,-0.8316424492377216,-0.8723678691354664,-0.8353452353722202,-0.7450374892226644,-0.7310366907871804,-0.6061276060518919,-0.834202037114403,-0.8978569974804476,-0.7148505098484185,-0.8172074689044093,-0.8023509698904719,-0.8748692936615167,-0.8293146334403317,-0.8427826099658592,-0.8845240771268094,-0.7577631111649912,-0.7650053809047074,-0.8180773363968996,-0.697660181537168,-0.8176097841669402,-0.8760888381470144,-0.7114952117739065,-0.7551930493039765,-0.6209213230591553,-0.8263356374047287,-0.6558393243363234,-0.815597520335717,-0.6524173207730217,-0.7687015760791857,-0.7659860285975982,-0.6206258713500716,-0.6396995274669458,-0.6933706063705456,-0.8126567409420768,-0.8108202436072941,-0.8603415309593395,-0.7831137852384158,-0.7623009890856542,-0.9330942839317686,-0.8236163943079001,-0.6622199232101753,-0.7297416603941396,-0.7620748455565199,-0.6370347370332388,-0.7832431415593821,-0.9535658610931633,-0.737715615349,-0.7353092873715681,-0.6105488874921069,-0.7789775006561974,-0.7981858635737139,-0.8074195337330728,-0.7965519586104111
2024-09-27,-0.7135715484728872,-0.8316424492377216,-0.6543840490110601,0.0,-0.7354211482687665,-0.48805149688162236,-0.7737809375000002,-0.4664027550916198,-0.39669260937352524,-0.6438905046709522,-0.5459907253575201,-0.5653386536544323,-0.6601073705914953,-0.8575214911269021,-0.8344726438803965,-0.5012235187955949,-0.5809016290955601,-0.47240547105840786,-0.7776614760381574,-0.7422714927292587,-0.623671063233711,-0.5938854139190547,-0.6051040239867347,-0.697439347744769,-0.6094873756433904,-0.6211087513730519,-0.4109203549762689,-0.8144992351255754,-0.581252535379125,-0.6870706174484909,-0.7391012159422814,-0.606433287191666,-0.5639184209228357,-0.6810523208434042,-0.5833726847743,-0.6250936310190593,-0.6858856850118167,-0.6613734791869365,-0.5877295314377394,-0.5994973829944813,-0.47102756966648823,-0.5407335423590959,-0.6780743685172849,-0.5621713744406434,-0.568152549109285,-0.6055972153473056,-0.6623773328013004,-0.5348350533422264,-0.620997652448164,-0.5947797006458556,-0.6904650405836106,-0.6835112896720066,-0.5342604695140284,-0.7991130684084303,-0.5804375323614532,-0.6365433794255001,-0.561650256987202,-0.6630027184141659,-0.7719601214863143,-0.49788269137252034,-0.6724465521402423,-0.6961785589531335,-0.7229902443588225,-0.5749214799418646,-0.5034753142962342,-0.7410478599398896,-0.500401354500822,-0.5076073769376432,-0.5872077756364618,-0.5041012396234619,-0.6618963349171136,-0.5623733812082128,-0.6950222687505224,-0.6648824593405782,-0.6779927457746864,-0.6104453423080669,-0.5871148593113865,-0.5828434021193767,-0.5476394761125534,-0.6000000000000012,-0.41376829291811845,-0.5472172245339582,-0.507586610953471,-0.5051612089379384,-0.45255411195169276,-0.3427962869433339,-0.5256036823017435,-0.5446232203527643,-0.4523219234949735,-0.5401863964388737,-0.5406706700637894,-0.39345808439636576,-0.5000182715762801,-0.5822223876620854,-0.5929910663485486,-0.5802318164863953,-0.46893791337047624,-0.5166515975677647,-0.5934887530642633,-0.6040330440029829,-0.5687057788655506,-0.5398176723751634,-0.4757555826993845,-0.4282775628983147,-0.4970091105590447,-0.5420548320243119,-0.4443242925775907,-0.5955702543871426,-0.47998210647617495,-0.48036281159226085,-0.6280082179858607,-0.5359763296226007,-0.6331281246595848,-0.5975361775382875,-0.7156195479084566,-0.7034309814746647,-0.9198290836229953,-0.34459277433272223,-0.4097921866936649,-0.6449175978711199,-0.4094484020467813,-0.75823028509073,-0.9673924079341368,-0.5711392370678908,-0.6546727506320319,-0.7585054493454124,-0.7437986375968693,-0.48416534686795454,-0.8012924185436143,-0.8032514165212993,-0.6111111111111089,-0.633681728252934,-0.9001008949188339,-0.7207534945150924,-0.8721788519597626,-0.8046441094736825,-0.6039705095562089,-0.7904983515726495,-0.8576902148892807,-0.8726483501506761,-0.7800710127983922,-0.7005379395424153,-0.824872609815154,-0.5,-0.46616976689082756,-0.7748790618671569,-0.7007522423928574,-0.8810160901852807,-0.8446842419508067,-0.9066942994120053,-0.7553274085890942,-0.5170084845567009,-0.540703143379311,-0.8971183596947645,-0.7566723605887463,-0.8055610442562362,-0.6339518811462355,-0.6882218234881047,-0.9135407114294244,-0.6795344547372975,-0.8218480403351495,-0.8285150731857552,-0.7994625649610753,-0.6571307865493997,-0.8175344076547698,0.0,-0.7143609111775747,-0.5793650630026169,-0.6038043106172186,-0.7523088882607516,-0.7648972791470487,-0.8516897901874358,-0.5763440341349474,-0.7854368852031385,-0.8738895985236947,-0.5486081549160217,-0.8362764816559674,,-0.7161296492785824,-0.7835676826912973,-0.8260290340729721,-0.7144345652462362,-0.7906473737338193,-0.8283236985663925,-0.812472592923673,-0.8323461872547451,-0.2705843265043876,-0.5091261143168563,-0.8061491977446626,-0.7682748958052225,-0.7757991443777535,-0.42306282309074983,-0.8146039132896243,-0.523470134910876,-0.22284024015835355,-0.6630474869136989,-0.7393236017010096,-0.7943875189295136,-0.7331370223913886,-0.18823926357073542,-0.5734449152052578,-0.7678489227166627,-0.8425445040727937,-0.8043543096969198,-0.8660514823045052,-0.40330632297539076,-0.3424693245996437,-0.7156204509590484,,-0.5858424022524809,-0.2888899741696205,-0.8343296832896416,-0.7713974960685731,-0.14503877762589953,-0.8219178082191786,-0.8136840641084612,-0.1549755804907464,-0.7718654888847802,-0.7910752968595616,-0.8140037041252443,-0.754850553973187,-0.26062792461669076,-0.5580606084409492,-0.9236817991691324,-0.28033907584327716,-0.6684215401277623,-0.6450935308700071,-0.7377009018805872,-0.8094120643639462,-0.12862261004008563,-0.48827607495360775,-0.6999999999999977,-0.7511426265209722,-0.6419645365613124,-0.7818416499104482,-0.822659462843176,-0.8238210391098644,-0.2684982374903606,-0.8275786585031478,-0.7967752965068351,-0.6756756756756739,-0.754928475828459,-0.8386392059820199,-0.3557589985970049,-0.30151208856485257,-0.8383173701499524,-0.7914443988750395,-0.5000000000000038,-0.5996174003103103,-0.8150631896581999,-0.8297366933328156,-0.7324237017417244,-0.78716136370772,-0.2629575234119385,-0.3387482114338627,-0.7088441138118398,-0.43963916892426796,-0.8613655410555533,-0.13860391284846665,-0.9159046302374859,-0.21371373269730498,-0.8788829981101006,-0.7836936008995227,-0.2803648690712289,-0.6583530756438469,-0.6265458313313028,-0.6748832023780952,-0.6923135979040796,-0.8361359780347176,-0.6862039018913424,-0.732393961513845,-0.7255565616400991,-0.6349996454413818,-0.702095617290116,-0.6460122728154778,-0.7367894345246988,-0.7009404374326389,-0.7878171067381495,-0.691943696691677,-0.7698384938488742,-0.5566627031933056,-0.5694494435354883,-0.7885730657501401,-0.46374044055066904,-0.6056656859547314,-0.7156729344751166,-0.6858083587493866,-0.7040268312845172,-0.6351253351334077,-0.790486106769022,-0.8849135154733626,-0.6316937298468341,-0.5795702393829626,-0.5092265357734476,-0.6568225336915703,-0.6875539611058694,-0.8296220089611464,-0.6669484212672475,-0.7152090654791334,-0.732189572413821
2024-09-30,-0.6856996968445849,-1.0,-0.6968963562451822,0.0,-0.7465861673667422,-0.7723939950043471,-0.9237656951254338,-0.7510575575868171,-0.6813385525734422,-0.7241186331511806,-0.6368223459753559,-0.6695520006574917,-0.6296824741744493,-1.0,-0.997785433940702,-0.8898668796268284,-0.7798064156638282,-0.7180134242681956,-0.9021511433725773,-0.7340778779131418,-0.7300047676200072,-0.7750407260216791,-0.7500320638809469,-0.9645844920280866,-0.614712084305334,-0.7555153697662595,-0.6730780879702851,-0.8156445080113781,-0.7103620518615087,-0.8517675885495688,-0.6692810119226895,-0.7922491332070477,-0.7294029533844201,-0.7811689895782575,-0.7087403034886407,-0.7501663391989354,-0.6931514871408734,-0.8917898008932821,-0.6635775616159055,-0.7251665097341315,-0.7492007637738586,-0.823905745965323,-0.767223654100298,-0.7728998388240832,-0.7651712818875188,-0.6833253235723393,-0.7102230253712559,-0.689621246472188,-0.710468779213428,-0.7887411703641475,-0.7475839031810848,-0.6867994780727062,-0.7663079093614402,-0.9642639039773176,-0.7180366464070186,-0.6366855322970192,-0.631902344808452,-0.8093615652614303,-1.0,-0.8039462244927499,-0.812868483590885,-0.856694168638148,-0.9444585495648378,-0.7024519072709074,-0.7278073137251646,-0.7726440277089842,-0.7164818085493754,-0.7629295111822745,-0.6635137224586549,-0.6952926606520081,-0.8317373234960126,-0.6284777906829749,-0.9748966792587316,-0.8608451710103062,-0.7819132806601442,-0.7719044903599229,-0.7642315397315212,-0.7943781640422074,-0.7533361368490747,-0.6550825387338925,-0.6254532966947005,-0.6287660917747099,-0.8697654163783463,-0.8157911808069498,-0.6011805489701305,-0.6194961855419349,-0.5497646797771919,-0.5995086480763125,-0.5502388556143541,-0.5081672014238732,-0.5586868790021097,-0.5585564800136826,-0.6604611700259777,-0.5922083653504161,-0.5333976350357341,-0.5283433823741333,-0.5698452960381262,-0.6097771719545308,-0.6670288296053749,-0.6060935566982694,-0.5743797869148202,-0.5858929938140297,-0.514747120434463,-0.6091561217510228,-0.6098977268060747,-0.5256889923065279,-0.6419560061727911,-0.8866715004347869,-0.6286905121790504,-0.5972335757253003,-0.5973518703738061,-0.5465742464191272,-0.5643784492516541,-0.6370983974978818,-0.6915369750758023,-0.7425188893290425,-0.7257836524209316,-0.622897210616102,-0.7303004670086654,-0.6970674641738918,-0.7613951352047996,-0.5876650024215534,-0.6848479584517195,-0.5221433432996244,-0.6872962260416194,-1.0,-0.6442502910635419,-0.6852180245877534,-0.6786476501816435,-1.0,-0.6727150620907973,-0.9343909169103662,-0.7828278365962176,-0.6521995148701666,-0.7153986882163317,-0.8123306336955136,-0.771808736286979,-0.7515046498999216,-0.6934835423324612,-0.7268424662274384,-0.7491797666720613,-0.7096415112626082,-0.7728247262642519,-0.6332873942174555,-0.7353655124165677,-0.6838918285019773,-0.6509329025770023,-0.6348400107369184,-0.6957665328355345,-0.7195662741655662,-0.6853072076301394,-0.6991412139378012,-0.7277361408239802,-0.7740094131750118,-0.788165093376852,-0.8106525573940977,-0.5912510275571979,-0.6600199089116983,-0.7561795832348552,-0.5781088380985112,0.0,-0.7955192600372897,-0.6556719754792957,-0.8684000024026403,-0.8037320983573619,0.0,-0.712840031676499,-0.6140815298648866,-0.6607732108145904,-0.8626087843841637,-0.6945175323200559,-0.8933463453449186,-0.805015605119601,-0.7167337386724938,-0.6115551312311504,-0.685872550738081,-0.9359220479464258,,-0.787977815842611,-0.6782369329742308,-0.6202469600619106,-0.6615068517414058,-0.674795476274005,-0.6193006248120552,-0.7126819867699765,-0.9016549536971016,-0.6683200483331043,-0.7642826248894707,-0.64017686255684,-0.5976591122588619,-0.9471486997797094,-0.7816875491014177,-0.9670079976737718,-0.7947968228398835,-0.7250664520323583,-0.8256784793752326,-0.6652948670389416,-0.997070886606278,-0.988880762932257,-0.548486244415644,-0.7545813755705507,-0.7135972149410942,-0.7141471017265848,-0.7887224526923844,-1.0,-0.7648419575019973,-0.6720804637088091,-0.762804646570731,,-0.7061915021746085,-0.6351052174812762,-0.9121447222157537,-0.6126846598618951,-0.6286231222644156,-0.7913803809277282,-0.7267958442469028,-0.6220382191468419,-0.8656792919004115,-0.7823631551647743,-0.928804887355572,-0.6624442136999599,-0.6342446193450959,-0.7201335719381021,-0.7178658660134172,-0.7624732304590781,-0.7966722850513979,-0.6756219234184274,-0.7154607530463902,-0.7585182827266729,-0.6428077194192232,-0.7393789580435678,-0.743360557569695,-0.9830703689365273,-0.7918180497170583,-0.7681075105641803,-0.6143933320850486,-0.6087265145879819,-0.635277065796029,-0.9845124316868766,-0.723012620301509,-0.7626846362619726,-0.7236006227433945,-0.7048557454920559,-0.6906558759151252,-0.7342072711665139,-0.5790666776028107,-0.8558045684609998,-0.6861294499701356,-0.7093418183598721,-0.7379955400596809,-0.9259596737064155,-0.9902913357037277,-0.9987053341975398,-0.6604986380148297,-0.5857823957632524,-0.9072834464924435,-0.6855853956599015,-0.6426995999857419,-0.7251422357671825,-0.5494710109831497,-0.6379584824041417,-0.7115281100613484,-0.9794509968164183,-0.6976034276979334,-0.8413998920401027,-0.6906430909412818,-1.0,-0.7198766856872135,-0.7923959537381795,-0.8831401705262109,-0.7775018686573563,-0.6161231647456958,-0.7762168086747556,-0.8389340512003736,-0.8582899907415422,-0.9388618446104188,-0.8097133400276849,-0.6791766056867352,-0.7654405067096444,-0.8312649997649918,-0.6960664618333555,-0.685691736265748,-0.6766239475239907,-0.5554477376133954,-0.534800021502501,-0.5750184086717116,-0.5050121051625323,-0.5319971223247243,-0.6059183573232697,-0.5764525523391035,-0.5671919120199608,-0.5334102329456759,-0.5438870848619715,-0.6643500225249057,-0.5230867124641637,-0.617575500652694,-0.5450096928071291,-0.6005275468287404,-0.5101269599188233,-0.5382512391461863
2024-10-08,-0.6106157612006252,-0.8924858294681501,-1.0,-1.0,-0.5829399525243629,-0.4703603223457916,0.0,-0.4178188593370338,-0.365488472953431,-0.3436725846988352,-0.39871444597517985,-0.38187256704228056,-0.4643871778032755,-0.7371632307210673,-0.9989386871633317,-1.0,-0.7267893433519156,-0.732058066256124,-1.0,-0.34761668175962057,-0.6445979367737521,-1.0,-0.945216480556555,-1.0,-0.23879603061977978,-0.39290971301733413,-0.5186891886943815,-0.5626189314861489,-0.4606505961858606,-0.8472640374894242,-0.36444560498408746,-1.0,-0.5756785560747324,-1.0,-0.3912100240817067,-0.8871135297657599,-0.4923699502053407,-0.5425285982459886,-0.548692422104679,-0.567146359094177,-0.7097061563264043,-1.0,-0.7277068305272645,-1.0,-0.8447308917052139,-0.8995885170014463,-0.9372956708779929,-0.990297816832839,-1.0,-1.0,-0.830978432813344,-0.873059413616052,-0.5102424927469907,-0.9952760869745122,-0.2600612955548528,-0.45093491918126033,-0.28634346610293193,-1.0,-1.0,-0.6063038914940108,-0.9274962742164542,-1.0,-1.0,-0.7920971182853886,-0.46824645233223694,-0.8455721126073739,-0.7665924816088252,-0.6103503379115158,-0.6021563873555125,-0.3588287176075149,-1.0,-0.45000446929065313,-1.0,-1.0,-0.9596496719622812,-0.7696761808768485,-1.0,-1.0,-0.8211787419446681,-0.34717658841957044,-1.0,-1.0,-1.0,-1.0,-1.0,-0.9973538599512416,-1.0,-1.0,-0.8724015392840263,-0.9991930712131732,-1.0,-0.8630633452642799,-0.650112816459479,-0.7944229190349431,-0.9643503149497091,-1.0,-0.972277871545677,-1.0,-0.5465043418810458,-0.6842430900551391,-1.0,-0.8805849352795113,-0.9997305326200575,-1.0,-0.554387639551903,-0.8657688884691339,-1.0,-0.9873312447860367,-1.0,-0.8225437831924638,-0.5628722151882257,-0.8702683558297466,-1.0,-0.43702409667217645,-0.5065859110798085,-0.6032294841254611,-0.6244844585056026,-0.4835781220734641,-0.39153515931578764,-0.385087975952687,-0.37651828629276984,-0.35118992217807987,-0.19890324194086095,-0.3346300350186959,-0.4173418601505643,0.0,-0.3331403522460784,-0.5476076098704639,-0.528896357596855,-0.5830191572000631,-0.5341185350741943,-1.0,-0.4569922881006722,-0.4917303979693226,-0.32983959844433774,-0.8191171428778432,-0.3082919537084243,-0.5288605054980464,-0.5443780316685266,-0.5618054931892982,-0.7974766373154113,-0.4660270072863247,-0.5787430797034465,-0.3989762152323085,-0.5853328406461199,-0.72249436208321,-0.3992270451080842,-0.5132867507607118,-0.5117942872926965,-0.4975396230508224,-0.7827369238121542,-0.2103366172333801,-0.4052643134121612,-0.6469301045086895,-0.7136697977287958,0.0,-0.40179781232496103,-0.5053202950660721,-0.31188844970356144,-0.3868040757747442,0.0,-1.0,-0.34815494548075293,-1.0,-0.40454748261566337,-1.0,-0.4408576607354878,-0.3271681214825852,-0.36769459922404935,-0.7853989272498544,-0.41176034207476586,-1.0,-0.4966732502773346,-1.0,-0.36442594018141133,-0.655020899842889,-0.6589010181532247,,-0.8000926048930691,-0.4827410004462033,-0.26147714829979607,-0.33434161854924604,-0.6752813709428598,-0.15777104886078439,-0.38929744031049285,-1.0,-0.3251087893705731,-0.3262087053357922,-0.6146479533897522,-0.3941040775364256,-1.0,-0.21006279662190605,0.0,-0.24432963059655638,-0.507680468801117,-0.979564162157494,-0.6709438090960128,-1.0,-1.0,-0.4177621277349237,-0.9268506523978346,-0.4881673030476604,-0.5326272196332414,-1.0,-0.5886713828541268,-0.48026961234432314,-0.4236636563796137,-0.7066568738513619,,-0.1685203556288767,-0.47897743525859393,-1.0,-0.45129502109159936,-0.14180645319976268,-0.774588167132477,-0.8636357951454035,-0.16932788622604464,-1.0,-0.9070180106291755,-1.0,-0.48488815718356887,-0.17438453594506007,-0.42480218697632516,-0.6090463034370024,-0.47026803537768175,-0.8054055231318175,-0.6922125668295366,-1.0,-0.6936319710689793,-0.2970860178257849,-0.3870584349726432,-0.6456639111226873,-1.0,-0.8448098844978975,-0.7548433116864055,-0.22710562236572374,-0.41449766542171074,-0.5813829073502529,-1.0,-0.7935615441362921,-0.7555291433314673,-0.7797298938146722,-0.15939804389644646,-0.21483434414483762,-0.40261485861022217,-0.5830106448293719,-1.0,-0.3352487096369233,-0.34859434043846493,-0.7079742586659696,-1.0,-1.0,-0.9974190310340427,-0.37307330225356544,-0.2981784593043195,-1.0,-0.4080968213092345,-0.6269743743984345,-0.3706336783469725,-0.2624710832817151,-0.14365679442223817,-0.5199327673891524,-1.0,-0.5299401938573067,-1.0,-0.33889498533688467,-1.0,-0.6620578067560711,-0.5827185297035824,0.0,-0.7525738511346923,-0.5385310414238836,-0.4826161087410756,-1.0,-0.9910848263909671,-1.0,-0.8460380124096135,-0.4822719602666147,-0.6933463726258193,-1.0,-0.4675498827522465,-0.8505965416183958,-0.658041378522361,-1.0,-1.0,-0.597708463546593,-1.0,-0.6118318795092915,-0.9304214003248397,-1.0,-0.749296450442264,-0.9815929782546378,-1.0,-0.4990360536744242,-0.703445568148821,-0.7589061253586165,-1.0,-0.9910760933047532,-0.8821662564148649,-1.0
2024-10-09,-0.030483217182345885,0.0,-0.16343967841751647,0.0,-0.03908462492182461,0.0,-0.021199606852621917,0.0,-0.2329935030903772,-0.10795364771915933,-0.15093433523851846,-0.32053726305947994,-0.017372300783871402,0.0,0.0,0.0,0.0,-0.387605528292944,-0.20897710032423067,-0.02929130582211493,-0.08723655303269268,-0.04309407963383348,-0.08090698480348547,-0.2189147953566351,-0.20396563920568836,-0.16361859384052815,-0.16606728122625647,-0.0024193925045412315,-0.037763253178978044,0.0,-0.06779669640497561,-0.24499505760917212,-0.14070384292588353,-0.26306065071715967,-0.020402442230589415,-0.23627395548091423,-0.03216420578819969,0.0,-0.5602390635511151,0.0,-0.33251196523573623,-0.39900620750233445,-0.3240527643532045,-0.007323837802181587,0.0,0.0,-0.039084624921822596,-0.32031643564222617,-0.33631227673087066,-0.2698990062214003,-0.04559177638456939,0.0,-0.08983907559484931,0.0,-0.01702352740774381,-0.27356214281210145,-0.02417320630506632,-0.3072348087120912,-0.35515577480952865,-0.02870189470743241,0.0,0.0,-0.054239170280116884,-0.12253324002208497,-0.15458261324684963,-0.013437302309656729,-0.2983648469040414,-0.018829029176483943,-0.059712336771577466,-0.18038443056582734,0.0,-0.08010864815316382,-0.14801332524453384,-0.19758545674373723,0.0,-0.18629465751125235,-0.2327847556709171,-0.4291471846759427,-0.010922631474801126,-0.12184846275162158,-0.026141567686639194,-0.04610108230857166,-0.30139746280703705,-0.2981220488462108,-0.23472377866116112,-0.12898628782538774,-0.2474821734713384,-0.294930199125585,-0.00143002115898301,-0.16958357839850982,-0.3082613746837585,-0.012517288555834005,-0.06576262102568928,0.0,-0.10346082523713393,-0.00518328889051316,-0.031933126739150657,-0.3955816645735653,0.0,-0.011526125755961621,-0.1435635867985468,0.0,-0.07782226349817037,-0.027359146920317427,0.0,-0.003226628623601122,-0.3276469225722279,-0.037970107617524486,-0.06052774221847917,-0.007694020747557762,0.0,-0.4034424355540401,-0.040252494572182225,0.0,-0.005249856489339488,0.0,-0.32119963110453736,-0.09679934817669611,-0.05416324615478401,0.0,-0.026170232925794425,-0.03729756287344468,0.0,0.0,-0.09927750504934525,-0.426358438560337,0.0,0.0,-0.15048853923563588,0.0,-0.125976447382018,0.0,-0.017258089708898146,0.0,0.0,-0.007861980406038784,0.0,-0.037266422890502866,-0.03440712694147897,-0.1745093879757157,-0.0901163097234463,-0.06529890917673628,-0.05399179313267433,-0.09109287700785013,-0.10525416804210733,-0.04762376494452974,-0.05660288845470742,-0.058046450633815944,-0.07470651980547947,-0.009338477159926188,-0.017010792367717766,-0.14043709114056793,-0.16303422944329388,-0.0013006817379767701,0.0,-0.9963517003529884,-0.011717255143179959,-0.09099328963287297,-0.06436525730308437,-0.062188692716034576,-1.0,-0.3883547760542102,-0.21581677341377312,-0.22592808425890468,-0.16423475000890525,0.0,-0.40278706198817904,-0.2343753363227056,-0.3812856778007715,0.0,-0.14235574289408567,-0.2274726271686914,-0.23446055090982823,-0.0640736159212219,-0.10623202859012579,-0.022680921172005725,0.0,,-0.0061577032053779235,-0.011950701021446068,-0.43508027042419567,0.0,-0.2372604277408781,-0.3039410929999889,-0.04758693971809138,0.0,-0.10819130449387654,-0.018101190943207005,-0.15954828775234137,-0.23349343364365047,-0.022445754819836163,-0.27433524559277084,-0.6070952185057227,-0.08925658815205237,-0.019969596381768807,0.0,-0.18729289470659014,0.0,-0.38040128931090256,-0.016429246875385547,-0.05457937807394789,-0.1557473463296577,0.0,-0.17222266165688113,-0.2050152523604597,0.0,-0.06892612102874411,0.0,,-0.046463394652971765,-0.15033795049796939,0.0,-0.08342327413659481,-0.14062558008838616,-0.01667097589051819,0.0,0.0,-0.17771581911625195,-0.06435039928170919,0.0,-0.027837269577400115,-0.32105251558948544,-0.14342905159520442,0.0,-0.1413419145275299,-0.22512343241092558,0.0,0.0,-0.19381461126517024,-0.0939030217922106,0.0,-0.03540736850499251,-0.03170815285061482,-0.30798080877037787,0.0,-0.04192473950334584,-0.1104409801665599,-0.044219294152194485,0.0,-0.05237902547542787,0.0,0.0,-0.2591263625274293,-0.05543639934428378,-0.10682003163747522,0.0,0.0,-0.15150976830581717,-0.022199717724308773,-0.2034248038298888,0.0,0.0,0.0,-0.24942917439008783,-0.04307085999172823,0.0,-0.07452074976520805,-0.03331862535726763,-0.24125704630512246,-0.021482074213398622,-0.06412510772429746,-0.06814762803928341,0.0,0.0,-0.527743414341824,-0.25715110737025854,-0.22966217837172367,-0.016765544450073503,0.0,-0.7971155718496006,0.0,-0.10295997624997738,-0.32897309823429627,-0.3929562613064196,0.0,0.0,0.0,-0.004292703502434514,0.0,-0.14852317822578406,-0.19891533886160948,-0.02364646199638814,-0.1609237553417858,-0.27896140357552834,-0.34023552015053976,-0.03057880449909106,-0.27528983432766324,-0.08999554977184347,-0.0702308056064627,-0.4645548097373833,-0.012914553435020746,0.0,-0.4492279441824721,-0.028856785146436838,-0.12315316607236022,-0.03515694769497455,-0.23067255156779484,-0.2556772831517831,-0.019722491111614327,-0.39764077987499075
2024-10-10,-0.4942949927918151,-0.4538801923284962,-0.2956279788836892,-0.551153232661051,-0.3540322432853667,-0.4663383726431167,-0.2838396740925087,-0.1882534443636124,-0.5944690350558753,-0.4698955486783402,-0.3255910251470587,-0.3862130816910277,-0.2895890240130906,-0.36803698497586773,-0.3733649686995727,-0.5625529868526319,-0.5223797211919664,-0.5629116587697219,-0.2607542007862572,-0.4962272434774014,-0.3707289739621546,-0.25237373680080666,-0.4163658344522762,-0.27630274744287775,-0.6403587172820916,-0.09423439076918046,-0.5622510613722917,-0.4748800201054388,-0.06646975531113863,-0.5468491092148495,-0.5485277435615945,-0.34284404544612923,-0.3798962761993313,-0.26930112586235894,-0.45912871903385577,-0.5401289083828114,-0.40463825870870207,-0.4736602005847779,-0.5588449600961575,-0.239409039754927,-0.614924831371623,-0.3904761653125523,-0.0392716625525416,-0.16357058872597527,-0.25522655296040164,-0.41259185912145013,-0.2794777863182299,-0.05715476395632015,-0.27132740868865207,-0.2792941148283029,-0.40759188154330617,-0.42682310603590384,-0.2556426175330012,-0.4947167266458962,-0.3294016766106053,-0.1998194782531423,-0.3704234496530999,-0.3134762969600787,-0.1545736388793773,-0.24339381678330285,-0.30314787084135875,-0.1243140171749932,-0.5017501692782489,-0.445138932188861,-0.42186007687002736,-0.3268825716654172,-0.44751963331859235,-0.2345733613629631,-0.14770778726938275,-0.5118189128390238,-0.24474722541744454,-0.06429522387079387,-0.3891067049280061,-0.5432530687436896,-0.10654224468069695,-0.4693322337286019,-0.275023697400049,-0.35456340969316535,-0.32099833942087874,-0.442203889300392,-0.278836210840707,-0.29587073949395787,-0.3239126184313678,-0.3011956190759037,-0.2913987800445448,-0.07539964731945756,-0.35668320469535214,-0.36426303123665826,-0.36820653903404843,-0.5311696081018962,-0.4319457471452389,-0.10375582914830837,-0.47240397267162143,-0.2643990082390232,-0.38016097773857144,0.0,-0.06387649116910986,-0.571224650109073,-0.06950671998144443,-0.24803292335452076,-0.3819155736928685,-0.4671297426647559,-0.17705961254874122,-0.02169293269841931,-0.24093094197508333,-0.007819283320715627,-0.6689413856546544,-0.36549248785410754,-0.08424021029224155,-0.4183440562936768,-0.46740140479503695,-0.3871645044818655,-0.14577598596136468,-0.5226575744660722,-0.4604018541767482,-0.621432372437506,-0.41199040265540576,-0.5430024363943755,-0.528145448771454,-0.538304216237889,-0.49445459154283683,-0.4991066670154668,-0.17451887852446493,-0.5585843275495109,-0.6062569438544474,-0.1514974534109038,-0.46494372894201297,-0.5318055584806258,-0.5559791021061795,-0.5034649218367805,-0.4074320446582109,-0.36220553673549577,-0.4903297461641808,-0.5018931623416305,-0.5518689961391005,-0.4521355582423643,-0.3897435172933269,-0.5384097969686856,-0.38620790961350765,-0.3491969601848596,-0.22182113607272796,-0.5873621786830172,-0.2458877501227339,-0.6036520328341252,-0.5424305939426285,-0.38185534424694073,-0.18616915930612604,-0.2637134944172428,-0.19726145601590275,-0.48174049303124084,-0.4503537006867401,-0.21141411859567164,-0.31509191759706023,-0.2650210126283105,-0.36463641562900123,-0.4709938959432186,-0.4028487721537295,-0.4770148391323659,-0.6020567549898815,-0.4880170361477145,-0.2371927431591547,-0.6384722868060474,-0.5490871557522093,-0.48513325076208424,-0.5384445005968382,-0.5081167911428008,-0.588348080625498,-0.07953129496514252,-0.5564648112446561,-0.2572365471815373,-0.41920236602043914,-0.2714792883648806,-0.3715904109082806,-0.4413047248782254,-0.41533959028175393,-0.23611419648995755,-0.44806342640047564,0.0,-0.5480129432335643,-0.3882715218149062,-0.3078854380656233,-0.44950252375060057,-0.2665104493917806,-0.4303621359736255,-0.5377145342656803,-0.16677845062161178,-0.5263812429177664,-0.5465876674344977,-0.4721762747587645,-0.40779020112644315,-0.49445839981552003,-0.5374865020446014,-0.4811105122310844,-0.49303501440225145,-0.4031296781185258,-0.3443767047181372,-0.2569378713889233,-0.2713304712981999,-0.35349340893490777,-0.5602834052803884,-0.10125026933274162,-0.5427989002233745,-0.5114121478101856,-0.5280107052852259,-0.6062540193565141,-0.49559375136026623,-0.5307765962365955,-0.6320182481629103,0.0,-0.5173035867330649,-0.5393353504759322,-0.40188466714288934,-0.5608534323538404,-0.5550529014975009,-0.4349645104797233,-0.5479661128771556,-0.660036395900193,-0.546279536034384,-0.4299682020622803,-0.2691986947277695,-0.6532541369668814,-0.5343976065465794,-0.48074326741372453,-0.5002963352641605,-0.1966443715148942,-0.31655674951767165,-0.6209213230591553,-0.6180951055476291,-0.5270387446501149,-0.5990461420460131,-0.5816921954199487,-0.5619338052261359,-0.5381140351817509,-0.3839481242406888,-0.3475448206253085,-0.4891130621412364,-0.595176373012005,-0.5007001017488284,-0.243376466103808,-0.57454677962229,-0.6197035918730059,-0.5090246770047205,-0.6723141142368022,-0.5201216845740134,-0.4672226242559344,-0.42739544843637256,-0.37759964697458087,-0.5937464469759003,-0.40045995933755785,-0.3235874080777299,-0.31733297825751755,-0.36585062431678184,-0.3816343651550724,-0.5088417336513315,-0.39961223084039266,-0.30504691997912653,-0.5899985293016334,-0.49167233340296684,-0.4970438933201032,-0.5271606050004918,-0.5609794080371039,-0.47234676933040937,-0.3662496951367904,-0.5094001051287298,-0.47718047361124066,-0.5436237694671888,-0.16549288760968442,-0.0525009988008434,-0.3581433958079065,-0.4821514111733108,-0.38585771983609873,-0.38170999532855837,-0.2810478634716634,-0.0668405847873806,-0.23892625589039462,-0.3806373635200953,-0.15974680912523434,-0.3263773090087466,-0.443243243243243,-0.2550200960421449,-0.5053364797749361,-0.1338228178312056,-0.07384131971720334,-0.07523111138621441,-0.055049526544114845,-0.7288455330106147,-0.5303442955443056,-0.059969533372289295,-0.26580250280922707,-0.5229225753445597,-0.38751826671552037,-0.03558204376477678,-0.7503450411818203,-0.16488763679300567,-0.14573034837072954,-0.2892835878449511,-0.6627699623028245,-0.008568538946138642,-0.012278994663730159,-0.5759014540124795
2024-10-11,-0.267020248575816,-0.5134252678789426,-0.2472958243915042,-0.3991275501411257,-0.23563087242798342,-0.2660476202647715,-0.35244890100851567,-0.25453654695945716,-0.40427663483315984,-0.22850634683212356,-0.31037937577656866,-0.24615082659422832,-0.15465034692289673,-0.2770749511953608,-0.19796266491234996,-0.5021861806509141,-0.3121575160086433,-0.2500442434581532,-0.22718295010673342,-0.23192605834977154,-0.3146296044630599,-0.2880572280789082,-0.2614755005831048,-0.30983231768175207,-0.4715136499272649,-0.32521807348372356,-0.2324752842002201,-0.3137942644881541,-0.3274313038999493,-0.37270945655389043,-0.38026621740181965,-0.25511287442021774,-0.22862141205898828,-0.2511383067293651,-0.316505227736737,-0.2844037262528198,-0.1702991736369744,-0.4972485144442808,-0.6638418119757492,-0.2027754837333341,-0.3265907340575442,-0.24475957125332992,-0.2537044146613765,-0.26319823016330685,-0.3051027735626623,-0.20043542297539577,-0.25476192675066095,-0.2158268002790069,-0.23738131795836456,-0.29726058704226294,-0.20608116062565385,-0.3008198652417545,-0.19662534599739973,-0.38820753317045187,-0.2855643956076361,-0.2864384662175679,-0.3081734766070911,-0.24278375674292613,-0.3096150390668536,-0.2501784065866861,-0.6223507042439618,-0.26512203229608255,-0.2237916357222747,-0.408727027320291,-0.17814838257326532,-0.2505354193500896,-0.28163462232583797,-0.24165995937151072,-0.2239562011875336,-0.2600554436204397,-0.24870449037043488,-0.308589832230164,-0.22319066568840965,-0.283894726116996,-0.26510990394029116,-0.2690254535925466,-0.27697938315045784,-0.25733754135843334,-0.5695520973137891,-0.29420182108642057,-0.3584253513325708,-0.25976634162524287,-0.3725562108169011,-0.4830674472096979,-0.24215845398864264,-0.21041029471279904,-0.19070697995654623,-0.1722395423168949,-0.29604873971747014,-0.24911701338230519,-0.19470007242860585,-0.2669646518049851,-0.4562384330041408,-0.3563133967473478,-0.2884611777211875,-0.24921823685091238,-0.2564920571009803,-0.31366449436358423,-0.24930515314376295,-0.5989371405731723,-0.36449145417092105,-0.2894532226937602,-0.3181145013104695,-0.26559236730970676,-0.2668500918723668,-0.2755039280413449,-0.33506996628797875,-0.2393507462796415,-0.21235212298666684,-0.2238046261638765,-0.4428103079125063,-0.2313341440719291,-0.1929640431944357,-0.3101582042600852,-0.23837811427751468,-0.2818083198479699,-0.21016715536684163,-0.3581630925162316,-0.15137536677052038,-0.23863567004424033,-0.5294060062995277,-0.44508505672488147,-0.12055521290193535,-0.2384819273260852,-0.22915077297405423,-0.5789523252146344,-0.23781565674974295,-0.3494609011967143,-0.24820535092276222,-0.6632747600991311,-0.2126934378488712,-0.20772137704052693,-0.2398805851312538,-0.24762998764300376,-0.32727613060207833,-0.22376684005892167,-0.3036012041916565,-0.2881358982388147,-0.309475844318537,-0.126192724969697,-0.3057367447916161,-0.1834312146143645,-0.21935302316265198,-0.2624246494178623,-0.5396825396825403,-0.21728289538229326,-0.2960117042315916,-0.3327825559647196,-0.42127869587401157,-0.32276045331948283,-0.19532636099033035,-0.3608830168203005,-0.26608499980955347,-0.23937898446213454,-0.3302976020284089,-0.21224435302368963,-0.2826962041471974,-0.26277434030303154,-0.30989740646115743,-0.20709537715766504,-0.15777103738644865,-0.23017135934255964,-0.3337250462813677,-0.2622626773290976,-0.30493025641125515,-0.2222222222222222,-0.20931172882101587,-0.49090742524517983,-0.3703821400304491,-0.29406873377889065,-0.26300136761784776,-0.26371585291607585,-0.6276026893694613,-0.21013635019626462,-0.20760842509717992,-0.3587240205065562,-0.29342281293894357,0.0,-0.29670874723667595,-0.2607425879751038,-0.3638792688265173,-0.34419300336932174,-0.21369540862738112,-0.2795210401395832,-0.28753675731766914,-0.2168361611902723,-0.1617084434933107,-0.3670534869548969,-0.31370206003320333,-0.5247160705632063,-0.22287127717545296,-0.2509771115432579,-0.2159544191568752,-0.15055955811991853,-0.3711506792958607,-0.2945428504343025,-0.6716202651349397,-0.31969120336273615,-0.4804789350711384,-0.31207098667866623,-0.32775817541508345,-0.10164035465759572,-0.39933594659795774,-0.3070444786791591,-0.43957417396244786,-0.23147652738177277,-0.19293732233409525,-0.09959708295982972,0.0,-0.2780140696708656,-0.2775758008795641,-0.6880456607038892,-0.3299891912085125,-0.3092783780491808,-0.18432050214925322,-0.1889315506592428,-0.29765141923861843,-0.28856205674979873,-0.28607051101386805,-0.30186535739941295,-0.15772182841508178,-0.36258248541714766,-0.4557127105323574,-0.3192765399951945,-0.40103708571630886,-0.18122136080324275,-0.19992866168286647,-0.39422754616693506,-0.2594882301740522,-0.23050817369558513,-0.29168215998238756,-0.2819157402156785,-0.2561560825398621,-0.3280843849369806,-0.23154684850204627,-0.25482981909045105,-0.07311017095472902,-0.15870304231393814,-0.256681468967978,-0.5058268553652253,-0.31867232801270573,-0.1825444143343745,-0.17516677948753068,-0.21172707012901942,-0.22069536383234714,-0.2932545657265692,-0.6976955740072985,-0.23219607887928956,-0.28643846621756786,-0.24269679780772133,-0.3033825792407017,-0.46005436793496035,-0.2580664961750251,-0.2369339520943074,-0.24988412445287383,-0.2853233036625399,-0.19833666207399908,-0.36988286520079905,-0.53542888373821,-0.19439210453309988,-0.3721052338311179,-0.1980913091564473,-0.5912286664074606,-0.20658455535372133,-0.16881216098376317,-0.2628247664212955,-0.296629466662823,-0.24704366332750158,-0.35991076444095926,-0.17853548028728813,-0.2956278426676876,-0.2102935133444774,-0.5380886082519215,-0.657162719719692,-0.2990453764006066,-0.264176948844956,-0.4144071332351739,-0.8429476598971001,-0.3207614969197308,-0.260650662641232,-0.2931059379428198,-0.3536449460639918,-0.4866897144328366,-0.17988495552752928,-0.1965145504481695,-0.4146576070547021,-0.27408345025759645,-0.21395780510812848,-0.2676336572127434,-0.16438312090665774,-0.31495326613837454,-0.616444810746135,-0.03512229776866942,-0.10785997232122721,-0.13240915210598542,-0.15419565898334983,-0.1593216088070504,-0.1874641432158651,-0.7050333965243066,-0.15496115943658328
2024-10-14,-0.579995976636538,-0.5049920219424285,-0.8042794309388912,-0.47890156869487305,-0.7307744600437804,-0.7677830649101524,-0.855908638678711,-0.5238095238095234,-0.7863628618618885,-0.7637935162565938,-0.7367475060991302,-0.699758814135173,-0.7013891694963944,-0.7485547010870256,-0.7727582295575056,-0.8397170771409749,-0.7996393596006902,-0.6085887431660808,-0.8027036199362694,-0.44032197463355754,-0.7153640187853807,-0.6166849238641354,-0.6254028462255098,-0.7926144686619127,-0.7794298766694951,-0.6641178477753699,-0.8512899577905072,-0.7831344006724043,-0.6783000356583102,-0.7996776887895642,-0.8144906911021926,-0.7813636140782604,-0.831727351186767,-0.8310183993880146,-0.6626586258107637,-0.26388787648002515,-0.6926322661583183,-0.6295768930339353,-0.5581121396668084,-0.8135135544071642,-0.8306439212469935,-0.5792382009689633,-0.7230373615272553,-0.7372627379169716,-0.5713573939011848,-0.6408953002644313,-0.4842888753258777,-0.6513190917182478,-0.7516954564922044,-0.9120206921153309,-0.6890541794019958,-0.7493303952386069,-0.6409723625114637,-0.6214655233466041,-0.7469492548074789,-0.9445816381284096,-0.6260379035448469,-0.6534629647124169,-0.6845475984138922,-0.6434012732002087,-0.6339592970412851,-0.8495515886884739,-0.875288831522653,-0.7580512955072821,-0.5347142759562215,-0.8044031599342175,-0.6298520038151129,-0.806147426585221,-0.7775659586137589,-0.6944328085068181,-0.7597990187862209,-0.728747524625465,-0.8059584197520496,-0.748645095109724,-0.8446106988094838,-0.8926526845429013,-0.8805366850449635,-0.8980486590667308,-0.8673785683888235,-0.5825953613181227,-0.7509733298724782,-0.7816722266695322,-0.8438764473312409,-0.7273857767728461,-0.7969524633718272,-0.6652448589300818,-0.8505545947852061,-0.7906804770303271,-0.6516400762303627,-0.8591366153342235,-0.8099013255417017,-0.9194624764937959,-0.7567574427239808,-0.846706590294659,-0.6154164102265213,-0.7673484448098419,-0.6807748255874504,-0.6430505911737143,-0.6949572328062026,-0.6022117222030893,-0.7596553802479095,-0.6114372622548926,-0.6521811345242143,-0.7937746867310606,-0.608586226281332,-0.7633818291208173,-0.7760486305427601,-0.8606151057589392,-0.5218753031709574,-0.7056232847473887,-0.756004292036772,-0.7771168314600047,-0.7249629877075919,-0.49524476222750763,-0.6416898640589803,-0.646944202584721,-0.4139651418013251,-0.5141118613443971,-0.48753180020093917,-0.36331867827263864,-0.39562061608953547,-0.5404900235678284,-0.5815164080335826,-0.43656282015143755,-0.7267294167419213,-0.797886469424013,-0.8352266217883489,-0.5534992219207002,-0.8476357197045709,-0.4676537853334908,-0.6661024856365377,-0.8354864398371259,-0.727523914438889,-0.46397495016244106,-0.4711385213959091,-0.6714407017917271,-0.886920805112222,-0.869727215882159,-0.4198705233973425,-0.27471806030756923,-0.8305409900087969,-0.7325162335944546,-0.7538235945649618,-0.6762162990131944,-0.1614002881012517,-0.7569889972120304,-0.33467883376248314,-0.7882352941176436,-0.44700004700468055,-0.5638354827373033,-0.768490455608726,-0.5947958168028299,-0.8011628141531394,-0.49379393138738525,-0.719085585360248,-0.6936199890891394,-0.7026029159638674,-0.6939370343465427,-0.5460048208724724,-0.8050276338672077,-0.6031534234280655,-0.8592386923021254,-0.5533120806680794,-0.8731833539057614,-0.8941604567865482,-0.5660508663383164,-0.6051047030214444,-0.6523137845756689,-0.69173234584994,-0.7221554942094269,-0.8643794572207175,-0.804652379071871,-0.6401479085157303,-0.6947883217906137,-0.5825061760872733,-0.617933083275758,-0.7425343615299734,-1.0,-0.8286357760268864,-0.5065658489607763,-0.5968179456346857,-0.8460608534247452,-0.6436712871597632,-0.5433604513363745,-0.4946237059114007,-0.7220699544553734,-0.6536575791695233,-0.6201875440698132,-0.3835786906615989,-0.66740807190569,-0.6927832750041866,-0.5646781620494891,-0.8246904573475333,-0.5253737542467629,-0.15167117255843,-0.6954714819950271,-0.24237699359670378,-0.6827639759531622,-0.9827831818994542,-0.44574833296874855,-0.49617985348437177,-0.45679870965921393,-0.7504594287341718,-0.875418023501369,-0.7408018987615541,-0.5113361793160782,-0.6284021895710609,-0.29373774829441895,-0.7302493667815735,-0.6143812770126827,-0.5044817747516824,-0.7326194507958635,-0.7807701305310768,-0.7310704480099001,-0.6470580628593189,-0.701626940610068,-0.39306464545604586,-0.7644560382115787,-0.8036081109557293,-0.7938836075234871,-0.370906461180013,-0.7411101171665462,-0.6011664401352265,-0.65029507492734,-0.9540085745805434,-0.7397930823049651,-0.4044485559250981,-0.925489631829562,-0.708870296513144,-0.7287259036376,-0.5376891889318408,-0.3392962112472442,-0.7065622597660421,-0.6471873476508168,-0.7682066491300076,-0.6288988813896936,-0.7500370742894831,-0.684024284142524,-0.7053586097138397,-0.8040182314523134,-0.4251743166323055,-0.5580173597486219,-0.7397406416922478,-0.5592547019191121,-0.49367425149734445,-0.574217824508915,-0.7840376237355039,-0.5988531125013792,-0.4777089460497112,-0.5111131815760485,-0.8720937768238908,-0.7415395216963133,-0.7008569124247434,-0.6515708352054426,-0.7826521409101993,-0.8659422074318858,-0.6783392093351958,-0.45270491578811073,-0.6603540218195735,-0.5184664296195465,-0.6224908077443327,-0.3998531135588535,-0.389530737935369,-0.5226229213670938,-0.9057600994699452,-0.5570698051300905,-0.8467636903269016,-0.4611192950353467,-0.7961772732319555,-0.8414568198191978,-0.584744385818653,-0.6766631128358592,-0.8401628776783422,-0.844230525450204,-0.7415209523158653,-0.7114099773614636,-0.8488883523865549,-0.6062364555475162,-0.7428254329688858,-0.8534008434056631,-0.7631864050233106,-0.7413521927383384,-0.8841690263875638,-0.8207798082786182,-0.7278049584318915,-0.7421463029964243,-0.8839373487305509,-0.434140029213442,-0.7172586484592137,-0.7304837236046644,-0.6149893704642044,-0.548010380090774,-0.5736435580464011,-0.7684018974075582,-0.788302167008279,-0.6674715532117491,-0.76633470958065,-0.7729958513939492,-0.6763960691576002,-0.58808159781823
2024-10-15,-0.05810971939913828,-0.3162612845866469,-0.018622795919629422,-0.22639921469487004,0.0,-0.048757412764011555,-0.06414905456683154,0.0,0.0,-0.05530631217979161,-0.3027978519868719,0.0,0.0,-0.03470358145598341,-0.009635377638984411,-0.1252485399431399,-0.0666783331631301,-0.03098425652039204,-0.042368063377689946,0.0,0.0,-0.030051844801365957,-0.010804529497858243,-0.03848943274009886,-0.0650715353082691,-0.2909568656157775,-0.04025360608799592,0.0,-0.11162888715813492,0.0,-0.07917462296577586,-0.04239853153452782,-0.06349078204175095,-0.03479579236754012,-0.10198314936237808,-0.2607281651347292,-0.024955039727980615,-0.36751010801929423,-0.021788606399509178,-0.0228239489054872,0.0,-0.10763477319034123,-0.04700458127475523,-0.04866635958766536,0.0,-0.04205791962555012,-0.5164711877052711,-0.04013123997278479,-0.06450104202672842,-0.024494998118862032,0.0,0.0,-0.46153397265937585,-0.15926722300542354,0.0,-0.04582082648446803,-0.02202698015923763,-0.24011046372760886,-0.4136181968853527,-0.02170445733479859,-0.5111169767305539,-0.0314527073440076,-0.02510360009187551,-0.18450566149549774,-0.04304577293307652,-0.3011967532288941,0.0,-0.045901009123313935,0.0,0.0,-0.021202840570647988,-0.0366368223226985,-0.06016663620290768,0.0,-0.03856800237487368,-0.02682949310173693,-0.16588006586796483,-0.0710265301289764,-0.012729306520216577,-0.08858758932214301,-0.059747800361347254,-0.05318787730214331,-0.013281394196221747,-0.02748339387432739,-0.057305635075389515,-0.043588032927418204,0.0,-0.02783163283347576,-0.5738640414756931,-0.014144017775230115,-0.1675361898884626,-0.1305576810147945,-0.01720487788925886,-0.2152444078194149,-0.012679753683101504,0.0,-0.005540357626498318,-0.0055056065940957575,-0.07493809105388696,0.0,-0.1499534805319353,-0.011040933923939544,-0.3999481922814129,-0.01625543045412906,-0.034014792769037294,-0.06414390837802,-0.02843769452331071,-0.022924306254222555,-0.06329580042987606,-0.4030422025235592,-0.03476383337493339,-0.01876440467871496,-0.20631133049885617,0.0,0.0,0.0,-0.04828334636167246,-0.03690678010043813,0.0,0.0,0.0,-0.0350723450752916,0.0,0.0,-0.3571428571428567,-0.05593831222634987,-0.04536015692999897,0.0,-0.6147207381850602,-0.5380392546035587,0.0,0.0,-0.038058082489241384,0.0,-0.02955048319643392,-0.03624470602878635,-0.1448194368297405,-0.029092221672859384,-0.12361492639551849,-0.029331553819088533,-0.08002031428610537,-0.10648717601816891,-0.037382979102085954,0.0,-0.2634118472220434,-0.026099979312519127,-0.05259647043413717,-0.016596089555506982,-0.07989945111129436,-0.01717086847748053,-0.11690620759153904,-0.03761901146821255,0.0,-0.03991141886606161,-0.515303601321529,-0.2892414964205715,-0.19675065826126725,-0.10916840983595548,-0.02978512177709792,-0.39647870127079404,-0.34789117990382545,-0.3383792808842509,-0.18678107251410392,-0.04107710503232917,0.0,-0.10801742293835284,0.0,0.0,-0.05717847237613598,-0.07745131370795416,-0.020809683116267432,-0.09163395337255004,-0.03732778132737972,-0.26484678465259226,0.0,-0.06054843206325279,-0.06016440033793033,0.0,-0.04414707418345344,0.0,0.0,0.0,-0.18508766944254385,0.0,0.0,0.0,-0.16182855243065514,0.0,-0.01855949617511764,-0.022066451560782498,-0.05690609929726195,-0.05259580228340827,-0.022819367549487563,-0.16919187316414475,-0.237988457717406,0.0,-0.03591211062778963,-0.07028261291470787,-0.21330157729027907,0.0,-0.015350456996430931,0.0,-0.04926480444396899,0.0,-0.19006746541155378,0.0,-0.05398035845569519,-0.020025202778339104,-0.32558139534883873,0.0,-0.18069687743399473,-0.09764024867927813,0.0,0.0,-0.05148755147512959,-0.038571086268044674,0.0,-0.058058559653428765,-0.0301721759694273,0.0,-0.10708386572618353,0.0,0.0,-0.06386372895559837,-0.17790959918346988,-0.03415139591663576,0.0,-0.006588472998975514,-0.17667139218306516,0.0,-0.038674106197488504,-0.10051805669649568,-0.08953298876235215,-0.0263559334051493,-0.3025426839338894,-0.017451265847840694,-0.05237675928056097,-0.09130986693889158,-0.03457779711815958,-0.036315228338435465,-0.018856988944384798,-0.06864134348574985,0.0,0.0,-0.017183198810193357,-0.057483733219341686,0.0,-0.10657674275251579,0.0,-0.01671905534038488,-0.023042525241887803,-0.017225112031417977,-0.016785156597887065,0.0,0.0,-0.03349211088377302,0.0,0.0,-0.07672855414829181,-0.03231084759040176,-0.09197080189161827,-0.08004226930333491,0.0,0.0,-0.014666586426604598,-0.013327255309557588,-0.015969471900617094,0.0,-0.09877659637893453,-0.06312101914300519,0.0,-0.015071892595343748,-0.04764436089395602,-0.010163470006862872,-0.048349332794548304,-0.03522167059945899,-0.017982959234853203,-0.08632143384206906,0.0,-0.12326095103450317,-0.039820492468745305,-0.3860311419870116,0.0,-0.04106312226317455,0.0,-0.1606746660737873,-0.0018292023056486234,0.0,-0.32282084831023283,0.0,0.0,-0.13911813603932457,0.0,0.0,-0.368557594897558,-0.004716652564590979,0.0,-0.006002532097950692,-0.4342916147823317,-0.09180889972953347
2024-10-16,-0.6342896701834416,-0.737816081880701,-0.2205882352941209,-0.6974060261834077,-0.4391009367555358,-0.3171090649174716,-0.41250672055631055,-0.44444444444444553,-0.8229297361450092,-0.5620423027178245,-0.12238864508793967,-0.3367154553123837,-0.5663795659368872,-0.4442309523908472,-0.22507162925114596,-0.06691265125893574,-0.4698513843845931,-0.5274424303746188,-0.2425864532548404,-0.5857826368553826,-0.6026276338971646,-0.4305142032220119,-0.7138095360393998,-0.4578638708695964,-0.444084242682986,-0.24927703923510147,-0.43240098813731526,-0.37755166009942115,-0.34082860278641486,-0.6325484356489096,-0.6809779786619823,-0.2080474065306835,-0.26082248073031256,-0.29779323870962127,-0.5263157894736837,-0.3137880114586569,-0.7061532084736665,-0.7297138294776805,-0.6483598846935306,-0.5111687935339502,-0.5331371570864507,-0.5352052317910538,-0.5913543760028237,-0.3847810767168971,-0.32368403259241063,-0.6416477756128204,-0.2469193669703956,-0.2390094402402918,-0.4586765757969173,-0.5732101398395304,-0.39349786994420816,-0.4950745398046784,-0.5148483736038753,-0.7001374159319604,-0.29576744860776544,-0.31587496182068653,-0.6023117440924707,-0.646862566091983,-0.625991653805524,-0.24061725970715095,-0.11618967671795855,-0.2960917424177244,-0.21845234609251535,-0.464488317832539,-0.26058333997551975,-0.5453246753292457,-0.3282834539013823,-0.29213468056563097,-0.5351538467198396,-0.5678506780682154,-0.3282081218091561,-0.5058920134472973,-0.3318636119322422,-0.26668652519992736,-0.3352915586906897,-0.623329921587796,-0.35145294277363526,-0.6468731550639073,-0.49716151275581233,-0.6065627325673615,-0.2461116438718725,-0.24543140973660676,-0.48381927123416735,-0.43011263557540874,-0.2500433582370796,-0.38037584782444417,-0.22772186877662295,-0.4001831697283624,-0.11805926835786862,-0.16340903322977576,-0.19715970460243085,-0.22838104758202213,-0.4119192355114549,-0.3643819474304054,-0.4063012381096469,-0.21865227140644064,-0.3875076628382101,-0.43300887559904133,-0.4318352139046629,-0.34179409748955186,-0.38368343704560853,-0.10521983053470453,-0.20272060574132164,-0.7046142473274346,-0.12128208618870188,-0.27646106390635755,-0.21839153540915957,-0.4571580974595371,-0.3711957530883205,-0.3130785357113772,-0.7625472228354738,-0.21938712242174516,-0.5759943810386924,-0.5586237869177336,-0.3679018461487924,-0.3760549844720193,-0.45361388222862936,-0.7723666858234612,-0.6770653839321081,-0.6750489900503563,-0.5565634764161846,-0.30248481082773,-0.7081113174714327,-0.4850085909530757,-0.6090073916926314,-0.30011485492753276,-0.3568822074308933,-0.8404023019665262,-0.7613347114315946,-0.6712257320041175,-0.5804288717726136,-0.46936198477082053,-0.3595005550159178,-0.04705992532404515,-0.40153256525343334,-0.3561029104304652,-0.28181114376539484,-0.449788715901153,-0.4253458756967104,-0.31540237532829646,-0.3469037735964266,-0.3088864529942638,-0.14392513343349117,-0.627645683266217,-0.7960140708252754,-0.10935970949980753,-0.11236874581270909,-0.5085252326307828,-0.25536840286203166,-0.550077786931887,-0.27794302077532274,-0.595121008393002,-0.4861060436215482,-0.10288380610735197,-0.6074080329097583,-0.425740539159948,-0.8469806652999853,-0.7119039247827208,-0.333491312973042,-0.7652255131088521,-0.4576947188852935,-0.4543597377345061,-0.4359804511175687,-0.5694464885590291,-0.19881723418983427,-0.6416960190224956,-0.1350362370644766,-0.6667845437719915,-0.44557810327225966,-0.27884124142719885,-0.7514196407523956,-0.36530397312561186,-0.5650960663794135,-0.29464067424902285,-0.6128879643796351,-0.33778931178796207,-0.22775661897061875,-0.525252002733954,-0.410964227027304,-0.4357821208048209,-0.29028105863147746,-0.2766157380710207,-0.608884871007759,-0.1430665576343261,-0.5588701924049266,-0.34467298202730223,-0.7418769140855519,-0.6889769283048415,-0.7305897398745774,-0.33758628798091367,-0.3141997723424611,-0.21214163575673223,-0.38617754849809527,-0.8569623479924797,-0.6342169396053595,-0.31945739339242285,-0.7602877547699604,-0.3848059856699515,-0.08235294117646694,-0.30782493230418484,-0.46469772255272107,-0.5280194009753981,-0.5512508555335129,-0.3842436570993036,-0.7865064338843228,-0.7383781027629969,-0.6651289773241845,-0.6012926331530782,-0.3711996101680253,-0.40938452519194557,-0.7721133427133313,-0.18771904595525193,-0.46028459209366035,-0.7751042862143235,-0.5988321600254444,-0.5311327383890041,-0.7606697272604005,-0.18315909563072655,-0.4215763504574833,-0.46463732251360107,-0.4631434917956703,-0.7014717500381923,-0.6386347234221836,-0.34646057707853545,-0.6142627694583037,-0.6440467239633315,-0.5807406025839181,-0.6318884302213451,-0.2422685353600297,-0.623283722779961,-0.6337411886565839,-0.5326923937158522,-0.4692103572340883,-0.6577402569762257,-0.4650425498167828,-0.05135454647620435,-0.6938043552398081,-0.3414324843636279,-0.39043590491126023,-0.5305447772401128,-0.39767816806145456,-0.614295580612449,-0.7233786617789937,-0.6762944336827893,-0.6275703240559587,-0.5489887788542385,-0.17686461724034253,-0.6738467653903691,-0.6613889791889258,-0.058577169266114296,-0.42077332080228996,-0.34097931456280256,-0.290628198454125,-0.5231019542659411,-0.7428947465985872,-0.3571864250372551,-0.701586651225502,-0.35784691954525705,-0.8178191962607552,-0.48575592404257917,-0.6843692236121246,-0.48106282166644665,-0.26241390386472807,-0.8116155824628051,-0.21830402665201296,-0.10056119782618327,-0.3665731411723151,-0.1662621411751108,-0.3059764870859059,-0.11351907022617932,-0.4354114978712602,-0.32001092343857135,-0.03268068428920523,-0.21082119305157995,-0.3596143668560344,-0.39433927131585333,-0.5686657786753283,-0.4981893504948443,-0.1707621994248449,-0.3989357771507302,-0.7839527034849241,-0.14171813363816987,-0.4217117637532178,-0.2577163870433292,-0.448633671455886,-0.0908203314771492,-0.12160330620686428,-0.13007103345678778,-0.5679922719898263,-0.1327423581941134,-0.5209341803595018,-0.22018429203316517,-0.253081797949208,-0.3082546497642145,-0.11916881935358889,-0.16023122381113866,-0.0831755372192924,-0.21427363791860543,-0.19361665847563483,-0.445552655759267
2024-10-17,-0.0700818511814381,-0.05454375226674845,-0.014290021784365111,0.0,-0.07781851310944077,-0.056665915160304677,-0.04791130515533237,0.0,-0.0791713403699184,0.0,-0.06380562862698702,-0.06755817911420199,-0.033617450390187056,-0.023510568973009453,-0.03288745948852427,-0.7447553949716146,-0.036559434478641614,-0.026357049302332437,-0.04584013870051582,-0.060482183021866,0.0,-0.48569337732422224,-0.15901957994715024,-0.045342165962752964,-0.03670028271255912,0.0,-0.04167279042384255,-0.01402972191725702,-0.06523505007697845,-0.038443069427248046,-0.030167706869251337,-0.07184161038740597,-0.03576667924328502,-0.2148074169253389,-0.04103723888194703,-0.054146148549061204,-0.04525090103798174,-0.01618674346285442,-0.4191578166136598,0.0,0.0,-0.16000400945397508,-0.292167734930155,-0.0336623198345586,-0.0733154252258064,-0.0663092580927001,-0.5032913565276115,-0.05707841022383223,-0.09050990850659629,-0.4514755823724702,-0.047047763110093184,-0.025313575630330265,0.0,-0.14712462637751694,-0.04783334655585377,-0.07923209073144487,-0.009577655244353408,-0.28486601914313064,0.0,-0.03150220050258234,-0.4920161861815001,-0.07564106527560385,-0.05155769455141781,-0.00915474066605796,-0.03666815958899601,-0.2198133692088109,-0.0362383073665869,-0.01751329758135768,-0.0553321006994844,-0.01767158200194636,-0.060490029326476305,-0.010347649981414242,-0.10665576440092889,-0.03499210823649931,-0.004894421618001306,-0.07151979044542031,-0.3093024070948918,-0.12499830313453049,-0.06208841798420153,-0.0909090909090887,-0.02154143247230989,-0.20802907341562563,-0.204406217878314,-0.04358104240179958,-0.07394771774407351,-0.015385338327878214,-0.017576853538642877,-0.004728980729102995,-0.12645765508849197,-0.37458180311981304,-0.008807827512558928,-0.01597905811487278,-0.12930093415527602,-0.11437138846352944,-0.330180143561388,-0.0741751833003368,-0.12521648076229064,-0.0867383360218626,0.0,-0.0455083008653426,0.0,-0.08420345583965512,-0.47155291111927433,-0.04085949969361901,0.0,-0.4665326595314907,-0.011206107404411665,-0.16887162129111463,0.0,-0.03720160423675909,-0.030262940741089733,-0.0385595471416833,-0.05977331307234463,0.0,-0.09398677447983726,0.0,-0.04874252017836304,-0.05094314712364387,0.0,-0.05301479995250593,0.0,0.0,0.0,0.0,-0.5086803480514428,-0.02509872969428657,-0.08782729340666334,0.0,-0.6240168850806462,-0.030649367585835308,-0.13782339123505916,-0.043383189899853666,-0.05573017274439994,-0.07643027997834545,-0.02717721905946428,-0.017736249829132245,-0.09441328015324452,-0.006324667279885259,0.0,-0.032119222393850254,-0.14804391098451625,-0.06474210848221076,-0.056911673909576514,-0.08572233460066282,-0.02519157183689891,0.0,-0.003944599928007163,-0.03711238141424391,-0.021607386411648475,-0.07863628707487112,-0.03569156585485652,-0.17638789920392653,-0.01446379545555405,-0.025372211429622076,-0.02472022940564127,-0.06105543658830859,-0.21896098610322026,0.0,-0.030929872821252678,-0.37533322890660664,-0.47096716716270215,0.0,-0.03358582002487783,-0.04554841266047944,0.0,-0.07796365256161618,-0.5246015787015735,-0.022429083439436233,-0.06898812596355407,0.0,-0.014827399551110232,-0.0790751563004422,-0.021536978418242068,-0.040543889557010056,0.0,-0.08993333188860131,-0.04368712385507616,-0.551988966918976,-0.2578529360037555,-0.07460901079605463,-0.11759492734517275,0.0,-0.028957903171487987,0.0,0.0,-0.05523756012996187,-0.25558637147731117,-0.15926274398969015,-0.23205151632185672,-0.08151361059621115,0.0,-0.08291004571448961,-0.06869057515028969,-0.37462156631661453,-0.1376537277973564,-0.04367659173446998,-0.13738088686377276,-0.022242716985053652,-0.022558288247567053,-0.014320941477603984,-0.02092487076608005,-0.364974639298282,-0.052007936634079356,-0.16601919501246648,0.0,-0.017801510999610654,-0.05538177266507624,-0.11558258912346292,-0.44029507026459486,-0.011991440833393086,0.0,-0.14042439970392337,-0.057130439546470256,0.0,-0.017729182283682646,0.0,0.0,-0.07952353997077437,-0.24704495048440683,-0.11476577062914559,-0.04454101634266839,0.0,-0.028402948528362917,-0.017043184621913277,-0.31198270237138814,-0.030369412410265174,0.0,-0.026834435797463817,-0.010457537058127915,0.0,0.0,-0.05924084014759658,-0.3165703658363536,-0.0821136640999217,-0.39650031719596646,-0.03770759659635472,-0.07541484557321458,-0.048976523776839004,-0.038314560787597124,-0.10960530601193832,-0.09145221092894255,-0.045034351891493934,-0.07217847539238174,0.0,-0.11125075198688573,0.0,-0.09735586721078125,-0.13912658606544082,-0.04088610727496549,0.0,-0.0482006207736161,-0.046503087784508575,-0.07828322612281371,-0.0193399562516742,-0.0450284470504542,-0.037477821272065934,-0.1529491595683002,-0.08673065373122639,0.0,0.0,0.0,-0.10631735873669516,-0.026332020654613306,0.0,-0.431128046839331,-0.07208865496873833,-0.016257416321781036,-0.0573199142365704,-0.06539145112429398,-0.0399335144887217,-0.12677873061573622,-0.010325493683183137,-0.4467722559199881,-0.008896524534988074,-0.06037986543323324,-0.0241609904912091,-0.5565772248399624,-0.14816050493150884,-0.020049173816130705,-0.0038325403419745088,-0.09068087527937821,-0.5007135247171627,-0.28084888559944576,-0.05592081612007802,-0.19016927445128964,-0.12422289559585149,0.0,-0.010810231111208652,-0.3909802486742249,-0.05131915914587427,-0.15015413854198673,-0.14038716761619652,-0.209956060182598,-0.11135790843409198,-0.07559722059681796,-0.3337667183949084,-0.035391120640343235,-0.08992835898004109,-0.015524873087471367,-0.34384272832035434
2024-10-18,-0.6819599484068216,-0.6440301928685944,-0.531672134956876,-0.6582513783336054,-0.5341259830723853,-0.5844689337007951,-0.4290876444260629,-0.5897810513791079,-0.5835532820784078,-0.589159048914603,-0.5020256773738666,-0.6089339007893037,-0.5695313040606498,-0.5732089662993274,-0.5309044867500712,-0.514679481756544,-0.6029386916252826,-0.5587900241231663,-0.5169251380244223,-0.6665752715724113,-0.5253796495910472,-0.5635976063219535,-0.6516695467960587,-0.4809185575276194,-0.521848732052331,-0.5856440376636513,-0.5661597041807592,-0.5827219753669195,-0.6660881653012739,-0.6325497072690255,-0.4816683700274201,-0.5228406516673695,-0.5502258164771814,-0.4905164699845514,-0.6846184958244276,-0.5133576224254692,-0.6103560700207864,-0.6423742582154205,-0.635200053282599,-0.6199166199641398,-0.5308021819913441,-0.5434925735628505,-0.5287176250375561,-0.5262832130381756,-0.4957521208590821,-0.5741790629254333,-0.5453731495077782,-0.5852491890293136,-0.5527647556714592,-0.5089996618266327,-0.5662175641276107,-0.5755282230765157,-0.5793138214442225,-0.6874468136208601,-0.5785853472114589,-0.5944542117704023,-0.5560299604029509,-0.617739398154967,-0.5504004245239469,-0.5022588851361539,-0.5603545373371529,-0.5276122874451257,-0.5087625258056115,-0.5748422457939415,-0.621964543998131,-0.5608387609350881,-0.5610532999254407,-0.5668418281968929,-0.6100508858324503,-0.5717556542812968,-0.505899941003108,-0.5631214998954919,-0.46975792060653054,-0.5193482226851248,-0.48879172217355077,-0.6252331420328592,-0.5959869435583893,-0.5023383283277159,-0.5725735091442413,-0.7513007706454945,-0.42646496018694435,-0.37119235512877025,-0.39062497098012205,-0.37888799165378123,-0.37362009517598843,-0.49044626739316394,-0.44953203211541276,-0.3549601023006982,-0.5526006606671359,-0.3806367422779485,-0.4362073384767014,-0.43344145858378025,-0.47186450582973793,-0.5498392790057381,-0.5454595249220933,-0.4657530260636049,-0.4323790438071659,-0.505298928620339,-0.5431178613557179,-0.47779990602598865,-0.43825393123101114,-0.45772619744442516,-0.5457514665024857,-0.43958482275734895,-0.49764891069197387,-0.439202668648192,-0.37506899009868067,-0.33530966181869326,-0.4573599676843756,-0.44380455465069907,-0.5091962023657093,-0.5126740740887502,-0.4783405471379219,-0.42558894395106894,-0.6222738334350558,-0.6655841071894639,-0.7174216691098995,-0.6757615753666991,-0.6747818254180115,-0.6817113675812045,-0.5627707229892999,-0.6401308209928234,-0.7260267809528659,-0.6535334880492072,-0.6626667565199607,-0.4848534178586295,-0.5843935910517155,-0.6422170886185985,-0.3593870026042389,-0.5668511474946668,-0.6531262975030754,-0.44068497228099646,-0.5745207801028654,-0.5908493921164782,-0.623833840177052,-0.5676646985193387,-0.6478446504229511,-0.5797461623481165,-0.6578343537841961,-0.6074504633713367,-0.5439603653894378,-0.6958597874614153,-0.6040444358327358,-0.40665110965159856,-0.5655547517989815,-0.5389884044066399,-0.5937151893110885,-0.5828806240946466,-0.6078616094618138,-0.5526454987901359,-0.6055092399154701,-0.5929953405918497,-0.5477854061275232,-0.5753156684492176,-0.497447917164476,-0.5835049004690829,-0.5795430277993252,-0.6955180721834486,-0.5958728366973086,-0.4941274915335571,-0.5699705771861804,-0.5592370314835658,-0.6635434348379593,-0.5619652998873131,-0.54618205893166,-0.6747373481894631,-0.6555598718144631,-0.565900700045094,-0.5593976209947908,-0.4811546173391489,-0.542324881733093,-0.5202126229897754,-0.5415258757881822,-0.5317318319246491,-0.622127014122353,-0.6265140670037407,-0.5635977123531738,-0.5265187393929446,-0.596088428084664,-0.5878944754398853,-0.7021702692088908,-0.6051510741009517,-0.6146173472307436,-0.6130021023565204,-0.5645961118983929,-0.4726307705590692,-0.6102975060086981,-0.7764646575263723,-0.6648175521211356,-0.6108264093186383,-0.4651483557309939,-0.5405736944059227,-0.47964913886620325,-0.7367999373784644,-0.6997288279997448,-0.6924620186277307,-0.6661775278228692,-0.42012485488136975,-0.459561981205775,-0.6502059477470139,-0.5444295656912009,-0.7259150904037125,-0.6635190040286024,-0.657215743758687,-0.6073725520195395,-0.681432178830356,-0.6500000000000018,-0.6723595003954147,-0.4873050831758443,-0.5543437928452808,-0.6879098374325525,-0.48361853588728837,-0.6547789730950593,-0.6870733231525987,-0.6125239048803484,-0.6051884603614898,-0.657296300043079,-0.5822027364853786,-0.5932737831213049,-0.479483939178189,-0.643456422071375,-0.7160927254873493,-0.46312677326255564,-0.5393467369685326,-0.6132916395410456,-0.5255780598422494,-0.6388229445915838,-0.5139655706483335,-0.5571700912095514,-0.6215805394247459,-0.6836131185724514,-0.6410223197099301,-0.4244573892595081,-0.5632893383371792,-0.5197420897429044,-0.6782352807969239,-0.699523222667331,-0.6206598210352816,-0.4428967462687085,-0.5846756967197027,-0.7024795440137873,-0.6150418399516409,-0.6546722600902699,-0.6363636363636356,-0.653238209625485,-0.6955591097948425,-0.5283342278968978,-0.562512092168865,-0.6031490282541699,-0.5406216325473289,-0.5180958013162971,-0.42859716965628125,-0.5052293290887598,-0.619966055731289,-0.5182161658819002,-0.43955829239680005,-0.7643733312180583,-0.5650063819785694,-0.759346134994671,-0.6083323412935613,-0.7406228717544103,-0.6564797015174848,-0.4725885646255894,-0.6841400846116771,-0.49378735859388684,-0.5784391377951271,-0.5165583680637329,-0.5668227976020946,-0.5241425430246036,-0.4992834924399539,-0.6125659597657424,-0.5482309474662369,-0.5615421223469377,-0.5411582265771179,-0.5789487604851249,-0.5812917196460784,-0.5609700864308491,-0.6771430150950443,-0.4996816682103398,-0.5175815418664572,-0.6178855743342672,-0.5134380390432951,-0.6832470171853852,-0.3993494528477916,-0.3839781562242523,-0.4866406665626978,-0.39604862883989106,-0.4286869071280286,-0.4277439502658984,-0.39065043734330707,-0.46153244188048487,-0.6257826790631066,-0.41270069609022225,-0.44995033850441757,-0.4653983991636211,-0.4890136974851774,-0.4278684703556071,-0.4360055229457507,-0.42584077397154746,-0.42049250528430654
2024-10-21,-0.6133141112981706,-0.48935047616898986,-0.5294472923468553,-0.5094336961058005,-0.24999999999999628,-0.22800790528290069,-0.4451951277475976,-0.24813587334571877,-0.32258014865828705,-0.6520152244724151,-0.44595663954365194,-0.32512133997058185,-0.5770047834524253,-0.5845252439602774,-0.808308619134379,-0.6975352988151665,-0.3051883504471598,-0.6943070303341292,-0.4403828593024841,-0.5533837179533131,-0.4334565770825907,-0.6549280427391302,-0.37697340008984476,-0.493153490120242,-0.661511983456626,-0.5041710647407854,-0.13627461373482022,-0.44916955938930725,-0.5766654797118212,-0.669440589964698,-0.3320660718414716,-0.25972447984543845,-0.5718271622406461,-0.12348198617032054,-0.5714285714285696,-0.5763562115535794,-0.4889117041975795,-0.5844150538173981,-0.8947368421052648,-0.43234873630057835,-0.9259259259259274,-0.34357796433778354,-0.15497538582442813,-0.20948724398592503,-0.49819951367521537,-0.5641025641025655,-0.373944691936826,-0.14407657187286518,-0.5936770234532787,-0.30044310760381593,-0.4611715144608699,-0.5365843285387786,-0.30203667113791555,-0.24843316638765872,-0.8514187305332898,-0.573387357166359,-0.5076979869168236,-0.19713589634754486,-0.6325487546605812,-0.4920526354636439,-0.7455748920349643,-0.49213319104457837,-0.5169289399294582,-0.4385071058382102,-0.5110615185048913,-0.6473203600652733,-0.6811100241778004,-0.9287927423146917,-0.575908579403478,-0.6610944383836787,-0.4463176664886676,-0.4108316155145451,-0.6583729182357619,-0.43071342373159305,-0.535241564994505,-0.5238995622315633,-0.446752184685775,-0.4374588746155784,-0.33122739144396923,-0.1358229798711892,-0.40897721533910575,-0.3939796497080896,-0.2758888704651209,-0.35272196354991064,-0.664748772904979,-0.4873991948429453,-0.5562520537616187,-0.13500154773540185,-0.2869105837388949,-0.4821450714323187,-0.3928547787945284,-0.5807130438805579,-0.3499209966620346,-0.568710272538671,-0.1978175759489222,-0.49161427195720686,-0.4217394240545885,-0.4901332173344339,-0.6830104302581168,-0.5936177718888073,-0.3169863136666294,-0.16673074232880766,-0.2700467590003365,-0.6181065214148864,-0.44979848657266314,-0.4704032379642351,-0.2501039398383012,-0.524853889446946,-0.2297727814953239,-0.45810189703175036,-0.6793200643523292,-0.3903963352112358,-0.46994619087331796,-0.7854632692023651,-0.3981824611931577,-0.2741762731111691,-0.4115432533423602,-0.3335260995136147,-0.8000000000000035,-0.31882002448663727,-0.3397658182588895,-0.4149797184266364,-0.23717826515219934,-0.12882606573156108,-0.2949325490913552,-0.37007792350931157,-0.2970607119287311,-0.5595751296345226,-0.3883228348977691,-0.7971130656107142,-0.6796871064926368,-0.5601803296632163,-0.6055830770649914,-0.5143911891864378,-0.2818903018813211,-0.5553895929838107,-0.166666666666663,-0.5112455993509823,-0.16208115406951748,-0.3932637400933501,-0.5197844045099814,-0.5761127302762172,-0.5211237239201328,-0.6212488009810326,-0.826197239677525,-0.7096972477058294,-0.568138891127931,-0.6406806194342445,-0.32324978876268623,-0.4838812600850292,-0.5965741857157162,-0.13767501427259143,-0.7868852459016408,-0.6796409393721016,-0.5061783151806125,-0.028948034959261182,-0.7305414381988653,-0.6344409165649192,-0.2747948663623711,-0.559679769827934,-0.5276285614756385,-0.055687798816501884,-0.817532463411317,-0.6474212242017986,-0.6389550853461525,-0.5130882969722999,-0.6504518808284898,-0.22423486701493636,-0.43648920897644966,-0.39029173226079505,-0.2243789641420308,-0.5298640962550906,-0.527383541528868,-0.47884050148712837,-0.21095872500073048,-0.47744365659615007,-0.5770683888254119,-0.28760364009324213,-0.5864841323255292,-0.5347092814717099,-0.4948194737549301,-0.314202757428504,-0.7068049283623369,-0.23156227423995507,-0.34082367080007747,-0.4227399047453014,-0.553893412340354,-0.7322390208970748,-0.5413939678173565,-0.5460514348067464,-0.7027307176402271,-0.5033252064368681,-0.5023168874685341,-0.5150591642073168,-0.31225198377671337,-0.4985244979782597,-0.5068648936338955,-0.2827596509156874,-0.31210978541419804,-0.1751433764891226,-0.7510951278630122,-0.20435397311874187,-0.5818114088218068,-0.48318012051878384,-0.6712204156743437,-0.473020327766025,-0.5972119582417811,-0.7590972784038849,-0.12162579522409635,-0.3746771514500985,-0.41400278870309376,-0.22387392270442646,-0.2643824858879477,-0.2741244648412229,-0.5830971465340034,-0.3645624690313587,-0.32976487182610187,-0.7051514569726924,-0.49099803908310696,-0.5556086256256707,-0.8603004384940053,-0.14800909495497844,-0.636321569877491,-0.40209577988577483,-0.36195112683773933,-0.46073907230214217,-0.580086422277083,-0.34809977450067026,-0.34305358804489294,-0.6332024138382545,-0.7543763524171542,-0.5946236906032736,-0.7128558200632754,-0.04372794909367258,-0.6016102061913914,-0.49066609964785224,-0.8894306623304268,-0.22140704494073515,-0.5099409985128135,-0.5522752826828246,-0.7836982100181104,-0.548760375645369,-0.17730807049619954,-0.15348185813049076,-0.758570147030408,-0.28440702049544453,-0.42076401246577166,-0.5107292226691464,-0.5432029048505782,-0.3791025585525911,-0.5741395572571067,-0.4300647551954437,-0.6842351190757494,-0.30719016390204407,-0.45278427243624925,-0.29471055988296513,-0.17844068616301748,-0.1795508218561086,-0.3564436959348615,-0.26868586165945346,-0.18419576703432045,-0.46153846153845896,-0.44016851474631474,-0.344786629177692,-0.07201108321133691,-0.4732567333820854,-0.5783309966103243,-0.41084292523277244,-0.7294599465456323,-0.34337980830864206,-0.6965101570153973,-0.3045021393522789,-0.5051862908060099,-0.33342192105293694,-0.354352367649277,-0.2955954217212536,-0.5500580147909587,-0.5582760284070091,-0.4875771553706772,-0.08103063995136323,-0.6092377376405282,-0.13384976279246572,-0.6394594143188037,-0.14053288396206629,-0.2697115538963359,-0.4434137291280149,-0.14986880003858105,-0.2723501557627157,-0.42187495641505174,-0.3227913226305534,-0.3833497207724499,-0.42503719335210943,-0.3265920000174395,-0.5292530252963569,-0.4425286332036015,-0.599520349422747,-0.4435538997148239,-0.2982852724204946,-0.3558775591645283,-0.2933544505527378
2024-10-22,-0.3291139784806236,-0.573295672391038,-0.3873942760265366,-0.6629203129130331,-0.8390325517412027,-0.4512372775341445,-0.6016817510671372,-0.7580947361370908,-0.7257057817866274,-0.609957503606391,-0.786594186873712,-0.7018216554253162,-0.576834089166915,-0.7320675384144434,-0.6287886647632001,-0.15397188254326546,-0.6360310293131098,-0.5491823394399981,-0.6086903489310506,-0.8667038458334243,-0.8572160751372919,-0.32365788655056466,-0.3002303957482093,-0.6001410611629668,-0.6362923260992942,-0.9492206842805849,-0.28624057760113836,-0.6951177421311932,-0.8030187628715468,-0.5129869273483603,-0.9316670727899314,-0.575786309702232,-0.7738607039557184,-0.41875597272654125,-0.9437083839557215,-0.6540706020803945,-0.7481703138923431,-0.3875121400628533,-0.689505456977682,-0.47303788352740445,-0.47718744361964827,-0.3047788123470668,-0.568538060105805,-0.724004092213629,-0.6651664231499103,-0.1788461196383096,-0.328521514126728,-0.5376541700073484,-0.6258029042614651,-0.3827663053395589,-0.6021644086313245,-0.7458103239025531,-0.7740260367568806,-0.6499549389073488,-0.7009031549349851,-0.744358019064494,-0.8479669987749983,-0.40190495909131785,-0.6179415823635096,-0.8278888759579016,-0.6541734361978753,-0.8683786405589992,-0.7293572412220635,-0.592027605538588,-0.8657691303897501,-0.3988857478480723,-0.24679632041036273,-0.8275316513965668,-0.6648810104937655,-0.6189840345297929,-0.8529104486457899,-0.7259212711763012,-0.7484361399789128,-0.8558621780479104,-0.5319257512620975,-0.6544619679567167,-0.3711533963947609,-0.7439600510076072,-0.4321882961684446,-0.823841601004291,-0.8587173675189985,-0.6229552061168162,-0.48397877057069116,-0.440631384587877,-0.43434877113120046,-0.3768504211898748,-0.7736692065942531,-0.4257288538384612,-0.7260909218662451,-0.9240204206472713,-0.7245077840520397,-0.7148622351350031,-0.30708904320387653,-0.5224317875957147,-0.5914365812007678,-0.7044176456982669,-0.5561824409479524,-0.4581662539285303,-0.693106878591845,-0.49281780431634303,-0.4488472659524883,-0.48258029607501357,-0.6316130817372484,-0.5774401866985529,-0.6434679536488409,-0.6481708074892472,-0.33857666281094106,-0.4870607788947337,-0.7533521879290901,-0.853902524941068,-0.4241326450211826,-0.5475182126071054,-0.7902278679116147,-0.4684132926657496,-0.8993609796779293,-0.4847572485499468,-0.7262208230612519,-0.1448439988716388,-0.3333333333333333,-0.8644032799915714,-0.7755142095614311,-0.687226802954234,-0.7535360009397236,-0.748759512439094,-0.9582697119846723,-0.5731309727568389,-0.5071030657861947,-0.4736511685815181,-0.4011481464840574,-0.7138323090524425,-0.7853732062220168,-0.5833333333333321,-0.6769687747596037,-0.7845951022996726,-0.5776090814052022,-0.22868832001812178,-0.9462493312830462,-0.5426904211395075,-0.6884970622797739,-0.8648503013626466,-0.6853444027332045,-0.8331683062525924,-0.7980688493804855,-0.9095643151115669,-0.787694262044522,-0.32964663153169294,-0.41108198714909594,-0.34362541735760316,-0.7950826076463414,-0.8575000069560357,-0.4627659460491809,-0.6294471728681621,-0.7817304428962514,-0.35391437642823986,-0.6824838319525951,-0.5650360372919736,-0.5510538300195473,-0.9279849099300671,-0.4952636482473756,-0.4337836992720899,-0.48288737932300924,-0.27283724839639567,-0.9675828574497408,-0.4101298774469573,-0.6852489762860791,-0.37969972493742576,-0.6531854582632505,-0.6775938256780256,-0.4224965565430457,-0.6965844367075698,-0.6831929996200862,-0.5629899643551325,-0.49014317658956863,-0.3136929355098517,-0.7000517418099419,-0.8732830715460274,-0.7582185264361966,-0.5017222108837369,-0.7691461143511594,-0.8355542130228605,-0.5228456537097035,-0.6261203567751541,-0.35694610041508046,-0.4617048718034289,-0.9153050461492138,-0.40576240770821875,-0.49442591972314776,-0.33089489055359406,-0.2753399891984049,-0.3464574429640254,-0.8194880996637515,-0.8140691069815195,-0.32678474907375465,-0.8501914535758714,-0.24251856807915984,-0.5807359460994571,-0.7413115617505491,-0.7720865822806448,-0.4469928577402576,-0.6265384590272898,-0.7683095433674796,-0.9716732328116782,-0.6313091117814862,-0.49030682511671647,-0.6275591963149718,-0.23468009366666007,-0.22222222222221782,-0.5053475449080764,-0.30527715239296044,-0.6723379258239742,-0.44321072745540174,-0.6351491128273644,-0.8505997896177773,-0.6122453273165414,-0.2896070066251218,-0.4653181777273855,-0.4932524606513217,-0.4188031385324168,-0.4663646798100883,-0.6562664547371132,-0.6045317014510231,-0.3074009598097104,-0.8573344094536183,-0.45652969947600186,-0.5162280650783257,-0.5982426615503463,-0.7880241684195999,-0.24409305834811887,-0.5721117143072593,-0.4325403750769735,-0.43191962657214505,-0.7235009277364614,-0.6694094415689139,-0.45259107129588794,-0.2349628094402428,-0.7007050621314814,-0.7167704785568968,-0.408386515983184,-0.5454546105923749,-0.5532171888767135,-0.5844272887926226,-0.5212487251154315,-0.6638010565183458,-0.33333333333333337,-0.21212121212121296,-0.3750000000000139,-0.6951294256784558,-1.0,-0.457441450851304,-0.8481710433716624,-0.5411743511471456,-0.40073038098650876,-0.7072859757158119,-0.4674564787255504,-0.4138115614781522,-0.6852536271095014,-0.4000000000000018,-0.7562812915777005,-0.4024630467389346,-0.6731289752622919,-0.25254062952127704,-0.6373270362743413,-0.5762613489858116,-0.2727272727272683,-0.46677989418658455,-0.5509381089785506,-0.5512572751415507,-0.9173477175660774,-0.45883773002770023,-0.5641657418994449,-0.6410543471534972,-0.6717606260449848,-0.16127604486837294,-0.40060265252148114,-0.7528608956253153,-0.8501033645570433,-0.6101871836558559,-0.5390556898598268,-0.6635400735840854,-0.37376504885033135,-0.8688591864924425,-0.8325998739946536,-0.48851147678103135,-0.6031381049826586,-0.31582024410433446,-0.3586148099773466,-0.4423815859991688,-0.6711271563306758,-0.3136068599168423,-0.30967174863962516,-0.2970409753053546,-0.788417272908593,-0.2082206296081458,-0.4651752797147211,-0.6922185540794004,-0.7642540047804248,-0.35818463390494754,-0.1429312336841888,-0.5058323363952391,-0.48480168370912585
2024-10-23,-0.7725535403039901,-0.42161078451038936,-0.3974810075372153,-0.5406034726815265,-0.44405176715810474,-0.712878749542425,-0.3529411764705861,-0.7032803259360035,-0.2165754234881583,-0.7088149920374167,-0.42326653747100507,-0.3520196301656161,-0.6711872284518764,-0.609351461767207,-0.5114314327013169,-0.17136349326459527,-0.37819785613813495,-0.40962144223939534,-0.402736524006718,-0.6994536349582849,-0.4663803047136553,-0.18670991683521512,-0.3469213865955437,-0.2588624886678054,-0.7740849718480364,-0.48455305875010807,-0.4771206282853019,-0.7381920430342362,-0.6448052723494183,-0.6111186853897173,-0.3952324740543151,-0.2645267251929238,-0.5178319788610893,-0.3939432405462837,-0.7249428801398502,-0.39064408038277604,0.0,-0.5425943630798593,-0.4099250754151771,-0.5631360456801334,-0.4013545037794977,-0.105705051384955,-0.45302908808600834,-0.5899530287943966,-0.5884296740269134,-0.6677062499752048,-0.2945593763387916,-0.15741148881672956,-0.4900115610280867,-0.5071537070374856,-0.302581145392185,-0.46799894403689907,-0.8540783009478852,-0.4827003288316428,-0.5862566931494301,-0.6316089057204195,-0.16840598368751222,-0.23636426053551438,-0.1776051940875736,-0.5327061158145804,-0.540518221341113,-0.6573852651991331,-0.5877645920656107,-0.21269732236570163,-0.72631770909133,-0.2476324026842727,-0.6355745220469671,-0.6274509803921554,-0.5431275550797884,-0.29918162882786564,-0.6558982523494972,-0.4591482730882333,-0.1194116158650441,-0.6489470229580665,-0.722741100822414,-0.7705675674186451,-0.2651139204870219,-0.47065599619989773,-0.41422190717023666,-0.10483003739185977,-0.5782133256508101,-0.21533475009013678,-0.20220915564235353,-0.18042093092018854,-0.2912217974941111,-0.31551740761841274,-0.3771781137010232,-0.2586924288204464,-0.371858588492733,-0.0750589783646867,-0.5583148539240051,-0.45535211281810484,-0.5100481181151468,-0.35186791947014207,-0.26733964449178066,-0.5405807206633985,-0.11523305654821911,-0.13185671386107964,-0.09532119169851168,-0.6155977388334231,-0.2811988205719481,-0.29306314877848394,-0.47271181084440705,-0.6428387603145999,-0.5873814317138483,-0.4892154538844204,-0.2247036379551026,-0.13493869903795844,-0.6400450103618271,-0.6130303320439148,-0.4728360435856586,-0.40419122422201226,-0.18054308558752646,-0.5178004224871927,-0.7253722977186919,-0.7298697067636956,-0.28218294161833596,-0.14889251599107525,-0.3376288092787933,-0.8405163652581114,-0.5375778589176765,-0.21326247973764145,-0.1625202461909563,-0.6345418081558616,-0.7560254151210838,-0.141681811823129,-0.23442319947315687,-0.6445992443331829,-0.08191709907548521,-0.3287879468692106,-0.14850297830215345,-0.19771562105107743,-0.30066937779163655,-0.5141891396795599,-0.8385764891143003,-0.5675263413993092,-0.8043142082670182,-0.5235882510053211,-0.44897641402671196,-0.5267317327885053,-0.4328270086679583,-0.5334851355099756,-0.5087785602664743,-0.2962828068049764,-0.6642636695902949,-0.5361896697475976,-0.5633470353128367,-0.6433077338123102,-0.5624105640102789,-0.3496268203126571,-0.5291270106260397,-0.10780255468683396,-0.8242402990902864,-0.5651304338723384,-0.6239623162898847,-0.3788099635973144,-0.27072160410178264,-0.5826184842370954,-0.7325749891094465,-0.47476723993870973,-0.11755810753288694,-0.3964975645923188,-0.6570259100569436,-0.41185737740614237,-0.5358388846846959,-0.3247867801428333,-0.6004400227269249,-0.08504997174376926,-0.16903204215227552,-0.527927044227323,-0.49883195576633804,-0.32283571885553836,-0.27725341565309314,-0.26831936467177986,-0.7571701199068457,-0.37596799122447955,-0.5083625198937003,-0.14789236267251749,-0.6829546700596696,-0.5205915842424349,-0.3962240673229063,-0.6041724696845435,-0.45553116787223835,-0.18246706831669568,-0.7621297802531303,-0.12567772466042576,-0.4520089349081552,-0.3287165995081269,-0.5062188289846778,-0.42024642812915747,-0.15395845951832407,-0.560690045174102,-0.1896456206032129,-0.5434083090833666,-0.4487762288812921,-0.524291840591939,-0.5335371995257374,-0.2503205733077426,-0.14966556586177543,-0.23282089450237406,-0.22321148897820317,-0.5988197803384183,-0.40729020898539525,-0.4660380024737553,-0.1573613041957307,-0.6470841311278166,-0.20173309188677452,-0.5535170850891161,-0.15501392020097582,-0.8285349174615425,-0.12579013654674648,-0.09934764794177303,-0.8865185491331978,-0.4999999999999889,-0.5336700220787113,-0.5648374196467268,-0.12844806880214038,-0.3139758025472479,-0.38264231332242926,-0.2687663938256578,-0.3346065419583263,-0.5999999999999893,-0.4107531210370649,-0.5752115159803628,-0.5808105565255143,-0.5372827333822157,-0.6958327178987681,-0.5829377443339662,-0.8514225015250576,-0.4285714285714304,-0.5528100364369839,-0.6046699742881838,-0.17743951237500952,-0.43959461727796495,-0.3336359828491562,-0.7384475407636647,-0.37370002095570426,-0.28705632847025775,-0.10468303767537945,-0.7215855058529207,-0.2768926500202922,-0.6602920661599376,-0.8476890560006503,-0.7392858904678833,-0.4874220285885951,-0.5059241044764996,-0.6039709510351848,-0.32633078208378596,-0.6126577818519713,-0.4835604740720228,-0.21643201229304587,-0.14626437211438614,-0.4804234531434637,-0.2084473597698906,-0.37192435066231994,-0.17911965295861362,-0.339100209111639,-0.42365829950302647,-0.5714285714285824,-0.347809959255436,-0.9899599207329013,-0.3846761642131723,-0.14594644217750816,-0.24816177268603065,-0.1713234538798195,-0.42305154228246766,-0.506620926732465,-0.6203423214927193,-0.48838465910760476,-0.18131248132303332,-0.6861727120442811,-0.4705569933749343,-0.6125264368495658,-0.12885062148081483,-0.7109462014784018,-0.5546547431487713,-0.30961037413330095,-0.35436601034600895,-0.4414075298861779,-0.13407821229050054,-0.6049894044446401,-0.5733864133749276,-0.402026787344823,-0.1990328491081274,-0.28273437504638327,-0.11681776399047368,-0.08045967445745457,-0.3342451310925171,-0.07640533864201572,-0.20331980334128283,-0.13674382398956703,-0.3247509768915321,-0.519379841825129,-0.7272914397688784,-0.41369971769362174,-0.3160297365255272,-0.05096669029376241,-0.3563189761710388,-0.3022157817459751,-0.20225547795162005
2024-10-24,-0.21981300027102235,-0.2611589740055918,-0.34586459047203044,-0.37500000000000283,-0.299380425345981,-0.18886462305924792,-0.4545454545454516,0.0,-0.30232352080775915,0.0,-0.239490465710524,-0.665295811243421,-0.17074974221240985,-0.04520589657280063,-0.12168819738537201,-0.44942582972043155,-0.096382720686163,-0.24317074933002608,-0.07454148145339397,-0.1924522273966996,-0.23835770036713894,-0.04818101164448273,-0.2675273609373454,-0.5188547323276675,-0.34714483710828115,-0.09423377396548664,-0.39928612069018027,-0.14815123368839642,-0.23208765633987793,-0.46270517290704627,-0.20023724315154803,-0.42764358758317406,-0.42051686293744917,-0.49185106050692706,-0.2725762532536918,-0.17238441087331666,-0.118588924554285,-0.06971644207595316,-0.23434401365848948,-0.21895196730068323,-0.8141014305646052,-0.4373324008486283,-0.044753718150143236,-0.16806529594863,-0.03939943339431264,-0.1730212947143576,-0.4673140676831575,-0.1686172523173671,-0.18687076448446685,-0.033788986249265844,-0.1624762588593564,-0.520911580412043,-0.17887478422431585,-0.15581398712659697,-0.21283750969669255,-0.594605198025228,-0.3345577562762011,-0.24469702192048406,-0.35335995895112327,-0.6979233737657213,-0.18347890613991336,-0.1462699506047496,-0.35517086188470226,-0.3735869903645451,-0.768677338801073,-0.2826310778465956,-0.16203776194554487,-0.37739964538410337,-0.06564287071285191,-0.35114062911039917,-0.12200118839858898,-0.14083392802766792,-0.5425017999174621,-0.24314377576778468,-0.031005905242466828,-0.09069682947277877,-0.5607869504037684,-0.10410619482913669,-0.7586082564572352,-0.20729850630509628,-0.060135269085193406,-0.15201173623221387,-0.190211831283045,-0.3229489296900963,-0.09998404135119322,-0.44090333187159925,-0.32281843891347206,-0.3113836699806855,0.0,-0.21072040056042302,-0.015944330073372454,-0.14729166661756768,-0.32083506314217597,-0.5443448198462941,-0.5942725518097094,-0.049183085160368956,-0.06424654010587097,-0.1461887667911359,-0.05426191915646445,-0.23265052731130229,-0.7529355735604487,-0.19193694836116362,-0.17995274562057595,-0.011805187166183291,-0.4594849617484213,-0.0468807059853174,-0.18163124302555497,-0.6455380975968229,-0.14336290177459893,-0.2966535379546486,-0.14953088586010713,-0.23001211886521042,-0.23104392292845216,-0.1523349066912974,-0.10492981028834611,-0.33333333333332843,-0.7213673666658956,-0.22689059318497692,-0.39491100779623756,-0.31513613202950824,-0.3514170414685122,-0.12808373325404546,-0.6029013485509113,-0.10551050771893604,-0.11447518401619772,-0.28962007067007445,-0.5398446945595806,-0.3245431010796,-0.25834059922689745,-0.20006746601221922,-0.29216048973829023,-0.6953457611962431,-0.4579125330676877,-0.2584849879445184,-0.1428014666461864,-0.08010524649295822,-0.3333333333333333,-0.008545112792300386,-0.06190489242924898,-0.5094964046786118,-0.275203720610316,-0.12420609461064624,-0.24224677487572682,-0.8594415218228698,-0.7745289908758468,-0.3713812578103541,-0.24544961648136648,-0.2949598966956788,-0.13502387790174067,-0.7965019730052533,-0.256223376685731,-0.4210353383652362,-0.16069189257891,-0.20987989644569735,-0.2760480989044444,-0.4057262884703701,-0.6102879847678191,-0.17417298258597522,-0.2466201425436305,-0.3913217934605887,-0.2453013431318297,-0.4834071543967153,-0.16580945517690918,-0.3392585547789997,-0.19810114611617594,-0.5693942952303238,-0.09485425452160309,-0.9167949867445775,-0.4821352521539048,-0.11280330248173087,-0.4434228479189243,-0.43037352166350074,-0.15411118004519261,-0.40492181104368413,-0.8502374585920494,-0.7307692307692275,-0.09092220626871743,-0.88230698777817,-0.01578267272104971,-0.3034078427855532,-0.8190664738415896,-0.2171700682869363,-0.20855522331896242,-0.6649738832786884,-0.4217341308306765,-0.4963072539875511,-0.8326117226609687,-0.11498285875759512,-0.6110417631979804,-0.2874479786330794,-0.5047664097448604,-0.8698147303349243,-0.39244444850395466,-0.2831736238161858,-0.36413174210801263,-0.06720022059736738,-0.3514297674990788,-0.5586369891848646,-0.39473684210526044,-0.7353925442730822,-0.09039039878147657,-0.25178061957979586,-0.6923076923076966,-0.516291499784125,-0.16197283998878986,-0.49093757852419495,-0.25217012586356796,-0.2434822999748052,-0.39366098416719125,-0.7686436808254199,-0.4937265537866985,-0.6312674744374375,-0.18520508491000712,-0.559790905137535,-0.5434894134003294,-0.8741834628164652,-0.3310688489689209,-0.6378069511895254,-0.23980746091513797,-0.5999999999999982,-0.3541278836585484,-0.4879426900017254,-0.7121900470103136,-0.848551431279883,-0.6585365853658524,-0.11645049224465848,-0.15404755308011506,-0.5304043929988989,-0.09538228285881917,-0.29730217580616003,-0.2163048763343318,-0.2500253722139031,-0.5631948680960229,-0.0790459804093918,-0.2168704606051049,-0.12889172794059614,-0.4521507747068228,-0.6201339070905656,-0.47584242245691194,-0.23337822608183034,-0.3084240548042346,-0.39874635314406986,-0.18037069243050827,-0.39999999999999825,-0.2524100078756394,-0.7823909189126075,-0.3938765942533314,-0.5217359133598736,-0.4662312724406602,-0.13170960698991305,-0.5753714057630125,-0.5906408909617938,-0.164739963360312,-0.46461435602217843,-0.6264770727717903,-0.755688312786437,-0.25435529585967775,-0.6601131099998638,-0.7854018523229558,-0.18868459825399814,-0.42425987986948044,-0.1821204141388678,-0.5466862975411027,-0.2956012492363242,-0.5208313070429208,-0.32709573918045426,-0.13470571942560147,-0.22669181881730127,-0.23075016800085943,-0.21996870765408522,-0.16319108438969407,-0.5780904121919617,-0.15450814014699096,-0.42612181755769085,-0.08783162696640745,-0.39426707167874536,-0.33178269812331335,-0.2980590006842228,-0.08247390165561165,-0.4858352485346261,-0.5254401526918526,-0.2995474525154899,-0.17119720641533312,-0.4305475053703086,-0.3408028880826547,-0.4476478879625484,-0.3915570237244582,-0.34123739829555816,-0.5317598460635331,-0.3644557679250523,-0.08217641787806683,0.0,-0.5644186467873599,-0.5775653427721986,-0.390456230621747,-0.041338243273742414,-0.03422102148217588,-0.1509679969244359,-0.16054610080761395,-0.5411342965801434
2024-10-25,-0.22797400299888443,-0.11636551268090742,-0.6489656271988967,-0.516309932809214,-0.691819902852192,-0.2271239942764688,-0.40117894417161004,-0.685286819571076,-0.4633045513320884,-0.649319245297648,-0.5359053532797535,-0.6275781188703619,-0.5580021421433017,-0.351659798172311,-0.597218839900127,-0.3739839281023949,-0.48010387455398046,-0.33853539783626896,-0.43408677969821946,-0.7384918167004635,-0.7540316207671706,-0.2618769712211779,-0.8685658119104209,-0.5283992975053224,-0.4368672873527824,-0.5609798347954705,-0.6794959412730281,-0.5490391214591257,-0.7360979443850575,-0.7845402197287921,-0.13537216096470875,-0.7026392834318405,-0.47330130759065464,-0.5574629457391234,-0.30530022215816544,-0.3813834038231331,-0.5720100132258975,-0.3112014435931902,-0.12318295773408053,-0.718675163734531,-0.5000000000000014,-0.38202987215601,-0.3221033319104353,-0.5937787859858422,-0.6432620035419725,-0.8388815923629402,-0.6682676197890175,-0.4486750885248178,-0.5623349909303401,-0.4827795633105931,-0.6254107053755936,-0.516919682367819,-0.7299476864546448,-0.5181355394342377,-0.5300607212270892,-0.7870730364385651,-0.27018176330753674,-0.5349336068198814,-0.20196370075509534,-0.7579885044889224,-0.618496934421236,-0.5722279185931123,-0.5311154061855073,-0.5182967113589511,-0.6947876533036936,-0.6123653838281962,-0.4960589221798203,-0.4894987083025868,-0.7395872272595088,-0.6332859274241022,-0.6212530826813406,-0.09677419354839079,-0.27268526937464643,-0.583131144146879,-0.4739376656731012,-0.7132061487816471,-0.4871790021722108,-0.4107806095805375,-0.09981616303532231,-0.3389056149957676,-0.4291035553560005,-0.5964482400165263,-0.4595121903838318,-0.46567178219725797,-0.5122474507861422,-0.5621518178027737,-0.6282511893711109,-0.49184526183157984,-0.38029980928420704,-0.47669774235183354,-0.4986945394604741,-0.518498449611998,-0.6093211587479311,-0.6193588885774328,-0.12727053906600325,-0.5851754955776877,-0.5034723349664972,-0.21129470418643848,-0.4790824900011012,-0.6903133030034624,-0.5760078866599604,-0.5919391009296379,-0.4424658381480844,-0.6230443985202495,-0.5932048298861666,-0.44902964854059546,-0.44248402131895465,-0.6003192313704966,-0.5324107599777234,-0.6831685114779527,-0.709441319698302,-0.5930498109190847,-0.5470221476285563,-0.0792398714165092,-0.49589112189851287,-0.7369615399090622,-0.5209468392252455,-0.2333153246207536,-0.3376399084066376,-0.5121747541012767,-0.3778538681055815,-0.2928259264360286,-0.10066380151808886,-0.34379824556106214,-0.1149421704892011,-0.41766734802053596,-0.21272970630560165,-0.09482133252619755,-0.7314455850054863,-0.1327120234490093,-0.6471367775966231,-0.47097580398133676,-0.34809954711600183,-0.6708770003388055,-0.806995029137206,-0.5420463650571883,-0.6402848150311113,-0.3657485018941049,-0.13054938320290552,-0.6094833405128819,-0.6470755127320631,-0.5,-0.7106938725683972,-0.18573172496809548,-0.24510902635122722,-0.7244814662982046,-0.4025661419032562,-0.7757886442848415,-0.7164738799524816,-0.4908238003672383,-0.6894738932261253,-0.5561320330062355,-0.34560024473943685,-0.5613322894221838,-0.6518126539770246,-0.4226438376443026,-0.4112827896342511,-0.47151758606206584,-0.42944165325133893,-0.35170623475834667,-0.4981415642511001,-0.7997779139601917,-0.5843521517104113,-0.606901215149822,-0.7083813830631845,-0.3897441361713999,-0.4805030740670266,-0.2887576055098798,-0.032976425292583066,-0.5991183984736751,-0.41379698477218746,-0.5698346499145652,-0.24298518208031322,-0.3781267444089512,-0.309508919352923,-0.3873227777553804,-0.5509097125979658,-0.17972957236018977,-0.6361820055963923,-0.5971059401906291,-0.0182690360852374,-0.48752242540433427,-0.36336795973063973,-0.21078467218448083,-0.48947406139742533,-0.6024554926913029,-0.24294094579959816,-0.3262109373460351,-0.14884777286277204,-0.48188660472811917,-0.2584131838041609,-0.318450563208707,-0.12405494385415455,-0.4030487663723747,-0.7202459903681881,-0.6209213230591553,-0.4856069482438899,-0.5803504717241007,-0.2755643911942766,-0.22387670696887768,-0.5230381162811185,-0.7042396618147109,-0.6630366415332547,-0.5464095565507916,-0.2832954459217094,-0.4929085393729615,-0.2932591418874568,-0.7157044681799646,-0.35788070419044626,-0.36785351753499956,-0.10453294992753544,-0.5209913930592737,-0.7973663092312603,-0.26323863100664424,-0.15630593543960006,-0.05351483114563526,-0.41384910977513656,-0.2641634258575138,-0.6333735661317713,-0.631051615333638,-0.37786695912221674,-0.2927860791170467,-0.2407429899741296,-0.2732752638167618,-0.9322172167556024,-0.6421704348567492,-0.4850310298874474,-0.15894535516533537,-0.6584059085978085,-0.5231871945583556,-0.39387536280210994,-0.4955437004600402,-0.2406768099183329,-0.2512884468181925,-0.41133688725226725,-0.6130268322537696,-0.45135635597242063,-0.1257933920904455,-0.36335494992948725,-0.42581064017541814,-0.515824822102694,-0.5133350033007701,-0.20723252969637504,0.0,-0.47051753976856364,-0.14456798733001333,-0.7123525767337797,-0.48940716411162477,-0.882575783142317,-0.6928072244901113,-0.36336659439543734,-0.3379373151146364,-0.5952054009428442,-0.3296060527455971,-0.31690976459426323,-0.45527401121149286,-0.4141328884324822,-0.08302604937794685,-0.6482210175563146,-0.3619945266615267,-0.20618510092470896,-0.6471367775966231,-0.4555760906198769,-0.2594257953591648,-0.523425709903091,-0.7115256143408709,-0.703175251128909,-0.6457261175752596,-0.5910961730986725,-0.5347308951158463,-0.11852520528841543,-0.7710411595622668,-0.6653842813049713,-0.7064105544544589,-0.6340643323730546,-0.533523015228083,-0.6185811699832001,-0.5917212530860035,-0.5839210101359243,-0.6081476145975531,-0.3023212176613131,-0.6160383548022951,-0.9485728164846553,-0.5114988720677369,-0.44305461683372,-0.3121795856507751,-0.29731975430564045,-0.5732505796755383,-0.8289902998432107,-0.45303364613862435,-0.4700902477334083,-0.3949466427164912,-0.3105353739723192,-0.5639999743514533,-0.4060768831958872,-0.621749529890617,-0.2936621457334183,-0.5531248961541239,-0.4254778459477468,-0.20116526765759526
2024-10-28,-0.7460204600456012,-0.8690123056922152,-0.5171440708758009,-0.8359130663988688,-0.5640473749506792,-0.9574531057566372,-0.9721207173616481,-0.9172445349723372,-0.5708299614101096,-0.9089631092927355,-0.8706468121210934,-0.5419370121811532,-0.8867226121587036,-0.7223266454927582,-0.6202469720073113,-0.6461761664141101,-0.9640325682405612,-0.41633995089633,-0.6485117909907174,-0.7410021078191085,-0.7674006513325823,-0.696679136041985,-0.07113181887486153,-0.6528890516529406,-0.6947837950493715,-0.6130901343974042,-0.8311810415328429,-0.8455035009073715,-0.87173178157807,-0.6429879655199948,-0.5905260125158452,-0.35805019986438485,-0.42021803944191255,-0.6321837559958793,-0.8908207171263407,-0.8162985972766288,-0.6090960973897386,-0.6820416341200981,-0.7247539641961046,-0.871307359530245,-0.5688041705933854,-0.5323892830852568,-0.7624321900436463,-0.5563311905401216,-0.5877626757085838,-0.35132453866982427,-0.7134894907295336,-0.7987757765045529,-0.19082342049128506,-0.36107178363640124,-0.4583936612456349,-0.6842300372083118,-0.8985652540019016,-0.45841021096968065,-0.755655934642068,-0.6026324446317963,-0.6754167632708884,-0.42232747845821983,-0.7236757735036035,-0.9805516477857529,-0.662304779389405,-0.9094376132828771,-0.8380227832266628,-0.7899614270190726,-0.8013646778508909,-0.8717888164121926,-0.4923661178995556,-0.8117809972373052,-0.7935372640371235,-0.5291746472673535,-0.7717235910414852,-0.8127792125957144,-0.49785039011575777,-0.9726044076283977,-0.6838542980425137,-0.6447211463191279,-0.2616844789883096,-0.6746259816687107,-0.6825110237930658,-0.9525028454933453,-0.7910661929314524,-0.6283672335641124,-0.48006952218290494,-0.46265961807181627,-0.9112561447685013,-0.3403974206385975,-0.8712489116203322,-0.8898980370827688,-0.5335796389087573,-0.3410997029579777,-0.6135847135048699,-0.5745578225087434,-0.8282432880898944,-0.5019004129765253,-0.7565420611859227,-0.3871252324468799,-0.8656661045361341,-0.9505702266719186,-0.8885474874277859,-0.8600750676358312,-0.5285819521251641,-0.5763015241638217,-0.15028044738952914,-0.7133706964326447,-0.7822694427527016,-0.3674518535345011,-0.5873096299811487,-0.5158060911573693,-0.3370991952081601,-0.5660903862564236,-0.10901964427945839,-0.888969307484326,-0.22827228517687564,-0.7480289246585189,-0.8456302684694772,-0.7122535487321424,-0.8393123737782895,-0.44701515569839445,-0.8441276626015497,-0.9157041419814818,-0.7189853808806631,-0.5041666436147134,-0.8251151201438308,-0.9769240715080355,-0.664010051368885,-0.5575794352159912,-0.8682491979248638,-0.31177820232052034,-0.814933285723167,-0.7016518564305436,-0.6082665376680378,-0.8701085637585578,-0.9563114412012954,-0.7587757201770481,-0.8619661819900201,-0.5787258035906102,-0.8317433436592411,-0.8373097113702782,-0.7345679659354748,-0.7879906373140722,-0.6616635248396093,-0.9541363418603493,-0.8624985960685044,-0.8768412556676829,-0.5824802561158241,-0.6291253410311789,-0.5994318809712438,-0.9153050461492132,-0.8514557308999757,-0.9063940724268863,-0.6343551934714556,-0.8413642261327506,-0.6192969759650978,-0.6683180286608578,-0.6068488670854015,-0.6024760088521941,-0.6700059561240055,-0.8168577936196596,-0.9841273066186462,-0.5645611923666952,-0.6988238609686936,-0.7520639313795973,-0.7382560399505592,-0.8107703322864084,-0.8405304957244397,-0.8162181690096871,-0.1472906452068268,-0.8589971658185552,-0.3216700959906709,-0.8286863393095981,-0.8283214893289982,-0.693369666723849,-0.41407326279840007,-0.5129908308448793,-0.8250662029819349,-0.9716220818081066,-0.819858349469305,-0.3666786025896305,-0.9327987812573483,-0.7682838948693402,-0.9304102716660133,-0.8032991139635279,-0.43557690739718946,-1.0,-0.9686872554894765,-0.698780826593672,-0.348691766015453,-0.18951466630499908,-0.8562576515080873,-0.9379633012489106,-0.4186451373071843,-0.8331952442874929,-0.5700355867366365,-0.2326371001265107,-0.7068425676935571,-0.4376595707338675,-0.7800727508200002,-0.8594541465606296,-0.30149232441158413,-0.21674527685917103,-0.26357100197714,-0.6957245390025798,-0.442647405111311,-0.5118855365660037,-0.7393490913503802,-0.7413756199799318,-0.6159848946023861,-0.7330200833732392,-0.29796253089376573,-0.9514656876067487,-0.8051150728384474,-0.964915797852196,-0.9480484725774355,-0.46343508030001984,-0.4391083329681078,-0.5606473352890983,-0.4568237546800077,-0.6080746241312176,-0.5850090589097829,-0.8140142356057606,-0.7986887316080974,-0.5166930265034427,-0.33793220254949285,-0.5017363544712587,-0.754691134535515,-0.1999567673473264,-0.8116218255024295,-0.4389551719788617,-0.5974634814571176,-0.4149796233377504,-0.7284115033177031,-0.9039204984260019,-0.8131817889820978,-0.9227457354825781,-0.5528297435299969,-0.866173728128938,-0.7218738046726708,-0.9048240701891314,-0.7047646312651958,-0.38411040266933383,-0.6051359036390213,-0.9466874908102997,-0.948108366723878,-0.8333333333333296,-0.7548606447701944,-0.9763324343351433,-0.8707573427394417,-0.9382910137553179,-0.612986531459048,-0.6232028499794149,-0.4597901542500388,-0.6110968202777326,-0.8054238939232691,-0.8918912134771175,-0.8888888888888845,-0.7502077123425684,-0.9493350032253194,-0.3413623296075891,-0.37766303822580505,-0.8974957522876971,-0.5155589789821101,-0.8380022005758803,-0.4138525577651476,-0.6274764082354612,-0.46348013302422714,-0.7618913974040915,-0.8126180163262328,-0.48255862087348633,-0.882910918705216,-0.7205161766646588,-0.5320925010323704,-0.5211032631403802,-0.6780413614414407,-0.4565203647555063,-0.5557638440397205,-0.5331385576074295,-0.4895552327468259,-0.6195339568294486,-0.7289363603725634,-0.6745328675467025,-0.9812035438604495,-0.5088155573976643,-0.83403388404561,-0.3961446643421696,-0.36097034374008047,-0.3924904822686089,-0.5253435147974225,-0.005442705707758834,-0.5243563669881736,-0.22148402544423723,-0.5355703732196457,-0.42154295068984304,-0.7637301305075022,-0.7486047319116826,-0.5655021002903814,-0.754011961999025,-0.264402668360374,-0.41387775628713913,-0.688794889249734,-0.552578308633216
2024-10-29,-0.04929266529377669,-0.06240794790323635,-0.009786129958754095,0.0,-0.12027822016680631,-0.09645319619520508,-0.11680844312983202,-0.07298349418376664,-0.16469799776147123,-0.05188727078511558,-0.6611121219937051,-0.18272506305588895,-0.3256352335231744,-0.024918044803944148,-0.26879163585625376,-0.12575034375976274,-0.096112483436908,-0.09868281919175566,-0.038330056800490585,-0.03856218341727381,-0.13394633869702227,-0.0846705577637307,-0.013259291616101064,-0.07531463335161165,-0.29950171295408295,-0.23688751138544947,-0.29813246910093544,-0.06849499316285135,-0.28249078017452706,-0.39054074331002114,-0.24896248315065872,-0.3906128182241233,-0.12577347831058844,-0.41534772741805154,-0.10326558326301964,-0.3016017295947196,0.0,-0.0377583272783673,-0.1835663607740768,-0.042314975702618884,-0.34731660118641033,-0.027305864279218835,-0.13830427560892997,-0.06513017060522965,-0.017698200052826737,-0.35983946884398843,-0.6777833711383341,-0.2749683881270593,-0.39395642821324894,-0.33225713511894045,-0.05065741013710995,-0.2821303472535858,-0.19338058720543086,-0.08596216009386537,-0.014377518991591468,-0.31156418452689427,-0.44525885384448394,-0.3843976665727869,-0.15454656195229174,-0.4192412588441703,-0.007258551489440183,-0.038542745228556684,-0.029544645891503567,-0.17363007694263985,-0.09204488059297222,-0.059488666299056414,-0.2618136047784247,-0.16420128851690727,-0.22683863644007685,-0.31087238782160165,-0.02366961829936451,-0.4654453253567373,-0.03510756436768262,-0.0453152915652485,-0.18169847891447122,-0.11988101694731833,-0.5317127777289989,-0.676487434709702,-0.5824138395043086,-0.2963476555211628,-0.0980992853272784,-0.04207451040691706,-0.03926150231692056,-0.08868029701917159,-0.10851316744275036,-0.06218122315792274,-0.015131369569235784,-0.287970192221113,0.0,-0.09446011076553315,-0.004890313185180235,-0.09238433508505124,-0.7176221126044293,-0.02336290513263071,-0.3386765463193859,-0.0316214406505562,-0.07058060257763038,-0.012970208737277892,-0.07921157840632889,-0.1763706812201418,-0.3326711931337098,-0.09112089177033768,-0.06211602705194798,-0.06242453077522065,-0.14250435831541716,-0.19628905118185322,-0.09094079254030825,0.0,-0.27641696122990955,-0.17926003233911503,-0.7944179479202013,-0.06264480545547284,-0.1288268822202045,-0.11222779671677598,-0.1666922965763143,-0.13627033556330734,-0.051712960614983684,-0.21129294407758104,-0.11700430725895669,-0.23228316069740623,-0.11915997503636215,-0.11344672158808941,-0.19820242230325374,-0.09766804012670559,-0.2779836886634149,-0.04162091308188841,-0.3311354832266706,-0.2753623188405848,-0.07910486641169456,-0.02224321376297141,-0.3817783649238287,-0.08954956908177088,-0.24038581102080533,-0.014376650426804196,-0.17175980017850098,-0.15814740135520583,-0.10219680966260776,-0.047175002724627525,-0.05721609076437124,-0.08825516774334889,-0.5189957512883128,-0.07058565002356505,-0.15390724833625627,-0.2035722717999985,-0.11808276713538104,-0.10335839632638026,-0.16291340770028798,-0.13155611883740898,-0.13188950091332913,-0.05353016228202518,-0.10034832807087721,-0.6327846877393198,-0.1134307856025445,-0.0366362833872372,-0.0306247827832314,-0.36939022583538705,-0.486891000599148,0.0,-0.035515084979619575,-0.3419973097071184,-0.027079953612882717,-0.30987744253218336,-0.4695264374342652,-0.5255875496451925,-0.04585333331556744,0.0,-0.610430082778587,-0.4146953693021875,-0.18724002747430935,-0.05513536207457145,-0.18420797046021228,-0.3661031483277013,-0.29985168365557513,-0.18872357999289802,-0.09215349817949385,-0.2746538081548247,-0.23988940866007782,-0.5878212343178741,-0.06494109484350742,-0.1259791454450796,-0.8530060377396764,-0.021890718021722554,-0.10174537798553489,-0.5133701805164034,-0.1958594885283273,-0.049641185022035864,-0.5923579758310878,-0.12455516059384207,-0.0846885747583147,-0.720246243334645,-0.10638932387103432,-0.4357380274121554,-0.07180342592348585,-0.2519260309513045,-0.09135298210995096,-0.055205313100482246,-0.2576076092152262,-0.04942524762575422,-0.08013321345727213,-0.5030577208207608,-0.12789135933125861,-0.11024071700107964,-0.050903970476506556,-0.13480571706873704,-0.03450723051696839,-0.24518816331662482,-0.3333333333333358,-0.05084995809824896,-0.23937922301962647,-0.4567923101216011,-0.16455698924031817,-0.07510598383013238,-0.16200147409660481,-0.799114912085421,-0.18418300516889385,-0.08625497706808506,-0.08566419177878432,-0.13091598383304395,-0.0365323617968931,-0.3247747593167453,-0.08306407910411619,-0.168046350083352,-0.20227866975769843,-0.2734900632147373,-0.05581413130865877,-0.09820281080064411,0.0,-0.40605437705136554,-0.014484396961993252,-0.1869346965205993,-0.17223100883448472,-0.08956117839116709,-0.04535013371716941,-0.08898921389245655,-0.3243243243243197,0.0,-0.7575049100902118,-0.3904766275752171,-0.01873875837615474,-0.2861120850103303,-0.206335759274542,-0.09512550304055721,-0.12837210842642519,-0.12684362596698975,-0.14239690759925214,0.0,-0.11423843044446047,-0.18147252187241852,-0.24075115015872278,-0.029002894287161046,-0.054138254056357624,-0.0503248042664023,-0.16453090960898129,-0.021432458955597512,-0.11936500663936118,-0.0648865830241686,-0.13398921318691526,-0.32897849469743545,-0.44167705302717,-0.7391936973402127,-0.6531718369224435,-0.17498175059009102,-0.017869412588293793,-0.2789347711305061,-0.6262483091997023,-0.07886131532645865,-0.03210501357015588,-0.012465870604450018,-0.1198447339858459,-0.02046652485734192,-0.08599979366384257,-0.0271349312564952,-0.6967861095581022,-0.015011496172837471,-0.011989762403066921,-0.02290254250065652,-0.044538751179143986,-0.04429300415683121,-0.09305284464377829,0.0,-0.10742104542465165,-0.2915344189482918,-0.44185892205592897,0.0,-0.029853295004679398,-0.5581754723787942,-0.4103439637805057,-0.7170505882023561,-0.08343867892825162,-0.022849627658522675,-0.11719644276482574,-0.027000355027400884,-0.06972823670750168,-0.3429354527141529,-0.03809201742250233,-0.03763517456613582,0.0,-0.0853262960715514,-0.08278942837892841,-0.0024090939483826664
2024-10-30,-0.1745281069296415,-0.4531916730779795,-0.3945478527060084,-0.4941809685033829,-0.5987025302559824,-0.44554493504410836,-0.6057581151660307,-0.39523814955050746,-0.30144503657514593,-0.7362050342848109,-0.3372393201465596,-0.2533421985187176,-0.527130214212855,-0.17173115551397705,-0.17690585467671285,-0.30416415275066844,-0.17924630092559998,-0.2493281531403345,-0.22333107206545158,-0.4019721213135185,-0.54942456485014,-0.16642538458400796,-0.26610486099211617,-0.6784233675144891,-0.2618964200885244,-0.34592523943938974,-0.36223114770478093,-0.3765854813259357,-0.905332217008954,-0.5515009295071022,-0.6026977994551026,-0.37541700318559446,-0.40606928962912736,-0.5580581438221741,-0.38888397307304134,-0.4910318704136891,-0.3880670232041145,-0.5270756116582882,-0.931727125247174,-0.3497615469707755,-0.3731781042691255,-0.34696380969736157,-0.23782030607290963,-0.5406685370131987,-0.5292238141936076,-0.32907272812252064,-0.5531751704049435,-0.2995332798563424,-0.4005656213795395,-0.4158084926523755,-0.4808243891100194,-0.5027830968022711,-0.5102176457314263,-0.24117321264501984,-0.318452300111904,-0.4648668685273189,-0.4040880877473415,-0.48241551581546155,-0.5531429837938755,-0.40261382129734796,-0.6236575177692224,-0.2545848238708953,-0.30907761263148725,-0.17219515784700803,-0.21202294984410563,-0.4611111029733637,-0.6462227653842223,-0.6003981893144384,-0.28492078726754616,-0.7662109812927523,-0.5634823244759327,-0.59005097052319,-0.38156726582899975,-0.5967081988442984,-0.5095812842965894,-0.41496367167202525,-0.27429221328026454,-0.3001825625154448,-0.28729982279104355,-0.5188421196509267,-0.3044901259982806,-0.382297716883357,-0.3932248408615405,-0.299686616087787,-0.34630021703796565,-0.1872273142708278,-0.22641281164812402,-0.487452977739424,-0.4930893889548153,-0.3321289548073444,-0.3397294055518883,-0.21975061838157217,-0.7451968418984178,-0.3207242683028776,-0.16374594950170795,-0.29930281474322806,-0.5828869431120449,-0.7774961814861647,-0.6784254177150316,-0.3971200564600381,-0.34885067911346873,-0.4708245280017828,-0.4898732713519647,-0.1594974277437079,-0.4929089686925886,-0.4194518207947584,-0.23246310170688822,-0.449150119008143,-0.29944630354529506,-0.5291193002955901,-0.4236026351823847,-0.28567761877227665,-0.3377804064205844,-0.1464864583753277,-0.582750148298508,-0.6098829464610402,-0.4391209534340993,-0.28216646981722426,-0.384920086756344,-0.5929274256448767,-0.2568045171153919,-0.4619979421180884,-0.4062427610328923,-0.25818261596994807,-0.395028561510176,-0.45750730355483593,0.0,-0.22729600121696694,-0.22753702670593287,-0.418623593414502,-0.6800800528008926,-0.41347588541720764,-0.7374550565834892,-0.2518747906984898,-0.3478260869565214,-0.33846153846154103,-0.6688628787063576,-0.5266608866474453,-0.8345333207410085,-0.6801356833207274,-0.4406831857427004,-0.4482758620689668,-0.346763231161245,-0.43749593588773356,-0.3901105859675233,-0.17498130006804485,-0.07036969791413253,-0.5135375006980308,-0.4116525340744199,-0.22685424533882453,-0.6762132921643896,-0.26864870724531753,-0.1414468135853792,-0.33485097010446285,-0.3371430826503455,-0.44092362242547,-0.443947633575951,-0.6969059373842051,-0.3022152075454703,-0.3430822505169556,-0.6344447048169027,-0.4340802669111675,-0.6507336653317088,-0.5681742360546068,-0.3248452587067927,-0.2645075932586793,-0.4695071769932725,-0.8836447212992516,-0.26475573807075503,-0.4099843866456845,-0.1151205612412011,-0.5547851724928129,-0.3850875024013208,-0.13462970654002537,-0.8484849195132981,-0.17526437409669127,-0.19222764658367802,-0.18083945319386,-0.2638209988631233,-0.3178382803888186,-0.5089194845568542,-0.3428475379047109,-0.6227363729410161,-0.5919760987402806,-0.3518474042089489,-0.41666666666666485,-0.5592279818212129,-0.2308372141920123,-0.25255974829882644,-0.6658316738377866,-0.5652173913043501,-0.3576291362637525,-0.45439547362717253,-0.6000000000000071,-0.3617096245584995,-0.37469191910893707,-0.5414191473861549,-0.473435442730396,-0.42642933834095365,-0.31382653528206966,-0.023702721327334718,-0.5004497170506252,-0.2156052036101401,-0.2760370309646175,-0.2953555580836136,-0.1729756736920522,-0.3273379763006694,-0.0587221184832592,-0.46681751567516466,-0.4302205556251811,-0.2999165365987932,-0.7060499594488912,-0.37275718347091275,0.0,-0.14868876133702044,-0.16640471270933307,-0.3671602677694142,-0.3998387572545394,-0.6325318969880089,-0.5702752714390774,-0.18491264709182137,-0.1292154743620204,-0.27785295135596877,-0.13655465332598493,-0.1193668302377848,-0.4982769956296492,-0.4095550505516678,-0.2401786511705244,-0.2838003555677643,-0.19567287928686333,-0.08017655810497347,-0.17287331516856647,-0.6049091995110927,-0.46797901463582303,-0.4876315553937392,-0.21257437781331995,-0.2031103601875852,-0.3417065381656408,-0.4834076088653859,-0.4792619269000776,-0.2885616460993773,-0.41080160396370236,-0.8370284186962386,-0.1326197519473293,-0.17197038261659447,-0.18648217429132882,-0.39870506987349,-0.5872345098296063,-0.7607963850099224,-0.4896555303603301,-0.4818764636993456,-0.3811023982013179,-0.3308859626246587,-0.38862750406326113,-0.25193658814359965,-0.48845315433543046,-0.3452369019184542,-0.4027877859078095,-0.4919007189259212,-0.25623960708336746,0.0,-0.8404752434785998,-0.35482765482402734,-0.12499777262550359,-0.6308231766638139,-0.3918365657616683,-0.2327700532886984,-0.6679008174339219,-0.19236178600232487,-0.38305432895103325,-0.4881849689888405,-0.19857182890706798,-0.2217504015992982,-0.2596644944391351,-0.23212045276487234,-0.36298795151502206,-0.6977454010394238,-0.37258312714903313,-0.2372695614295446,-0.3635268302143517,-0.384734638077448,-0.6728694080743373,-0.300857931501396,-0.6217804195099146,-0.5551985649058606,-0.446463008990766,-0.2553261756087442,-0.4633457140076533,-0.3873035748780486,-0.19165811725713158,-0.3803807613318068,-0.31108345703725565,-0.6017801163848097,-0.0732807742445785,-0.5059683357285912,-0.6261075033788083,-0.16641113027728624,-0.5491892396974478,-0.17151801119316804,-0.17121146573029852
2024-10-31,-0.6847566822400317,-0.37870619654908744,-0.5251939253846852,-0.4290718435185051,-0.7547607047620908,-0.494640546551594,-0.5266371397995101,-0.1224842143456243,-0.13755383917970102,-0.31448261307967135,-0.6293796095248881,-0.5890466292036911,-0.3011209144569608,-0.43930536120725,-0.31697530762410314,-0.5446525071479049,-0.586557678115864,-0.2904611456465714,-0.34998959737390095,-0.5382277533298802,-0.6954827557791029,-0.425982905972295,-0.34631573478901906,-0.4282406697945295,-0.48945028407290625,-0.6346923628682346,-0.745654704634363,-0.37684418156795346,-0.27106332626726615,-0.3104842358270394,-0.17122780978378074,-0.6382401396782529,-0.5184425414254528,-0.6373344557770884,-0.4048839469879593,-0.02041319757915852,-0.6140149355135754,-0.4340661777449511,-0.1915338252763622,-0.3239023928764615,-0.34745564076699664,-0.6402052970074511,-0.5212389705797574,-0.6275760229173161,-0.579521922898374,-0.22836400975275764,-0.5055522892242412,-0.6349277419419133,-0.2842707845098597,-0.6467740884332976,-0.7632786626023598,-0.40097609653474336,-0.2054941782589292,-0.5475500624177418,-0.6341376445449403,-0.4226378293515044,-0.7806635180259205,-0.5629300273510186,-0.3064017837644992,-0.7820994149716282,-0.8495176810407197,-0.7959740717386082,-0.7075001330272215,-0.26478454657882694,-0.681022788015034,-0.8520520729264154,-0.02205712792264439,-0.22426433582292837,-0.4914763076183229,-0.15079491077840554,-0.6126109205901745,-0.3115172694401854,-0.30892960344125614,-0.7187178609915548,-0.06754120481324814,-0.5099883725173123,-0.5205681820920831,-0.12352955471181606,-0.2474285873930744,-0.168739609661555,-0.5052302989763828,-0.41398562103737196,-0.30447190305961086,-0.4038923009059279,-0.28454464773790444,-0.6038503831974553,-0.402664337672363,-0.6393319945042331,-0.09949795177170477,-0.5070691196598022,-0.6066526700102363,-0.1796344401721387,-0.5223501127672411,-0.19917371222744581,-0.5392723987198831,-0.7434146289540493,-0.33017478150583757,-0.3265339155772716,-0.35875867640164405,-0.6428571428571404,-0.431210466830705,-0.31092074410889486,-0.6391830473435718,-0.37239104930860595,-0.27267959461745594,-0.4043385434300409,-0.69016995770815,-0.49356666364308827,-0.5195347223985027,-0.7430682646582621,-0.16510316077315912,-0.5920000733193884,-0.4930057526546703,-0.41654251079883403,-0.7374448103349247,-0.6102033640994754,-0.5591642631533681,-0.43509461538649186,-0.6666666666666642,-0.34607955336931634,-0.44786323174165515,-0.8029649946291498,-0.26901263103060574,-0.2903675148978255,-0.7525795738615911,-0.5050612823268349,-0.5562226302884977,-0.44178749589685057,-0.7012924845007575,-0.40478837420237823,-0.4328829776245927,-0.6053832037477236,-0.5386480619554957,-0.27579029892970447,-0.4222345231329731,-0.5483278477560177,-0.48077155089413287,-0.45532430080139374,-0.4467745955943486,-0.5679558603928759,-0.7435167682393268,-0.5416666666666661,-0.4068128636576991,-0.6969495094678668,-0.44948123119908906,-0.05081841599067898,-0.4799431928210284,-0.30385681437525497,-0.20663659298347198,-0.35727437055688616,-0.35055840727533777,-0.1544796330667578,-0.623922755003754,-0.25296433916401617,-0.6548927316737971,-0.5981869217820681,-0.10333116310833827,-0.7028251109262784,-0.3950895785588491,-0.12400754682809884,-0.5193010690478828,-0.5772199664179383,-0.5609524266788778,-0.6785109444601206,-0.5419708507032458,-0.49603056843733234,-0.09102962088594206,-0.1808124209907133,-0.37432129645430023,-0.5408313479651046,-0.19982157538562534,-0.530760233597892,-0.28618949529214505,-0.461853155361132,-0.5156891596848336,-0.19413375317028683,-0.614756590231834,-0.3268563440695832,-0.7240950226559708,-0.8133014211825236,-0.3654618725687959,-0.6579414983443858,-0.43561371849509556,-0.29143064171364175,-0.29204673861586183,-0.5505315605147988,-0.142763509037121,-0.3662713987203885,-0.23797635839802378,-0.506331515531085,-0.5036378135085784,-0.36114271986533925,-0.23608755769164397,-0.8403661559517324,-0.5649637931332864,-0.49314097180051397,-0.29891455546404044,-0.4836271565881704,-0.32110709469358867,-0.5421883502329531,-0.4347280403869978,-0.48430985527718823,-0.2935765817834874,-0.5513724948156957,-0.4388200532901851,-0.44984788407831017,-0.7000000000000054,-0.37599869675497494,-0.40085043429435685,-0.5226838319914456,-0.7129511998885568,-0.4333661440192571,-0.4241904854006628,-0.4285714285714358,-0.3727589016253025,-0.31030548621640464,-0.2488327379564279,-0.22206681907160705,-0.5793794897670729,-0.5457672311467499,-0.6181728177886862,-0.3333333333333366,-0.2532937622008239,-0.23565846130610665,-0.23991534597311245,-0.6615131774669339,-0.4158927016616046,-0.25435720356105046,-0.5233332491974796,-0.30833420041941423,-0.5532180256654378,-0.4865115874847792,-0.5842941807707077,-0.19944313421370097,-0.8119260173452746,-0.25250754686621707,-0.19959287347993732,-0.7647061779277495,-0.42989257666761493,-0.7209762736282664,-0.536845511074964,-0.1711346883993353,-0.12280537674856022,-0.6870119305823197,-0.6491623940018615,-0.4074624806895674,-0.6861770300563313,-0.48940716411163565,-0.6617210901037468,-0.588541538671527,-0.42067394897265636,-0.35630501072453,-0.4442676433586599,-0.4988508212610986,-0.4089176620652212,-0.4020950237935283,-0.5,-0.5476378056215117,-0.14741798820843588,-0.8291997436064402,-0.20418395544132226,-0.4035803495849733,-0.3843482401113866,-0.36948245314211026,-0.5283629662517046,-0.2028624622939735,-0.3346353129391905,-0.42629313377091244,-0.43864107696008237,-0.6849620725318383,-0.5793625736193652,-0.5739691960066025,-0.899127726632742,-0.6785536748772683,-0.6377648265440483,-0.4446756454001934,-0.4480798915853542,-0.5419213796038728,-0.27083333333333104,-0.762053406539811,-0.1297243864796328,-0.33513413910664797,-0.3089174712487109,-0.8013661763035864,-0.5123116177015219,-0.8701401989122207,-0.6708674828920776,-0.3268083215206537,-0.2307030689061976,-0.640521127607715,-0.5053914014328638,-0.30590485210066987,-0.10483490056657564,-0.6483107558943145,-0.07765051203738624,-0.2963636401012157,-0.6476193264217311,-0.6114889666272213,-0.207341460222483,-0.5666898116801972
2024-11-01,-0.4192792530778082,-0.060348741443194465,0.0,-0.5261268403181913,-0.30196639323774976,-0.6093562238545853,-0.08062775596392774,-0.2044271942326273,-0.6746185634439231,-0.4817003874052667,-0.5020317693706694,-0.5946087734182761,-0.4965846822149292,-0.41538191769095983,-0.5496766053133033,-0.0942742808087364,-0.16070244547109963,-0.42568717519152527,-0.07687291013231486,-0.5180023723523629,-0.08962867864901214,0.0,-0.09127463928119067,-0.08311436139017435,-0.19242850777221537,-0.446690323417198,-0.4498408327069966,-0.40180958331857003,-0.20625181221057004,-0.6416551996529153,-0.1102521434824125,-0.051946218225012684,-0.2439350918206282,-0.04925328209867716,-0.5333333333333325,-0.5624121063879202,-0.29205492868686384,-0.43238599915575154,-0.5427205583775322,-0.38652626594178974,-0.43166009701390445,-0.009871132319851464,-0.21819120718186003,-0.22591040042815308,-0.15470880308251853,-0.1005041214229799,-0.2821471075455512,-0.4851818702287222,-0.7039724616399811,-0.004706133989114976,-0.2744964893742552,-0.0589123997188175,-0.16780354284933385,-0.40986933243990303,-0.44970933443601463,-0.6134253254807885,-0.6938913399842656,-0.5298593216956689,-0.049695014790787743,-0.6506870191628322,-0.04685006872052901,-0.3392900034569276,-0.349474126989123,-0.09059216416787128,-0.44040789219062176,0.0,-0.0401205110374874,-0.6195187872007362,-0.5688298800546177,-0.4872403681815835,-0.24662397311135936,-0.35318979431766023,-0.23740536993577482,-0.09791607220684923,-0.019216216597213922,-0.19112964991419756,-0.020427002074783606,-0.49130774174360103,-0.0535490917616827,-0.742881318219901,-0.04115423498484345,-0.17211862874329142,-0.05540667145596081,-0.165927031603382,-0.5448508995673987,-0.584002866780953,0.0,-0.04168919239057774,-0.6761443554756654,-0.19730038048121296,-0.049086114049422334,-0.2764910212246823,-0.2119999369482362,-0.16478470626345848,-0.012326483963201046,-0.05463199027799914,-0.06477454940876108,-0.00982044605018416,-0.12318300866156313,-0.2516591316834874,-0.2444380915253131,-0.2213047964834606,-0.7022758594520087,-0.36355428182419885,-0.12345798958680596,-0.1262308223401349,-0.03869844364702035,-0.12194596721121746,-0.2732035259888899,-0.2558482234426768,-0.5065317408405845,-0.015041686264791538,-0.15432237438991664,-0.7098616890044769,-0.7314476458459891,-0.6409925593017163,-0.3207282837849205,-0.594166509977132,-0.4934384112111665,-0.7192665111099037,-0.5815582376292484,0.0,-0.6333401692862468,-0.7156681240417082,-0.7380140757568516,-0.14536692478243182,-0.6600889826598673,-0.6349544546538692,-0.1953491677649584,-0.19210141218244062,-0.5122768538004432,-0.31967847690156326,-0.5135281374722593,-0.5646486250331162,-0.5370436882594553,-0.6423827925548887,-0.8460401203975054,-0.37260260226180403,-0.30139860866444534,-0.5798509212430015,-0.6438588885297432,-0.418181315847345,-0.30607017888939597,-0.5976048782060172,-0.3833058946551315,-0.43168228273027703,-0.5008420071573335,-0.5414301001475625,-0.22995664164719504,-0.5559564099307807,-0.12175899945557041,-0.6986116190672204,-0.6186455183704596,-0.5434018757550184,-0.35933570823327815,-0.005498431035425362,-0.5744387678153354,-0.4176638175274783,-0.510506000400391,-0.39392374898112226,-0.08064811432707483,-0.03994475983808049,-0.3774180507127202,-0.019258558537643314,-0.2629763467684426,-0.13020358248567382,-0.4491334115997841,-0.8150072441915227,-0.45142081099969555,-0.19169822963569927,-0.7042823178863514,-0.08175221141562282,-0.4203526007792005,-0.041610980387598105,-0.8355713850593063,-0.7017048821570708,-0.6750535117837301,0.0,-0.5018080263719655,-0.2718745553793908,-0.7426736216514254,-0.6931830091862388,-0.13161612465465308,-0.8886619346534496,-0.7532512812232318,-0.07073053437190886,-0.7352402290245805,-0.5452329555979266,-0.7080832992667888,-0.7773484466683974,-0.09354141947911135,-0.4880476419009531,-0.3484420155657009,-0.9406700465438679,-0.1428571428571477,-0.1434964276393395,-0.7563407554530837,-0.09618007236268909,-0.021433269693084993,-0.6488116850738154,-0.6330333037478786,-0.7894736842105264,-0.5348400697507938,-0.04379215655244827,-0.5899223833825121,-0.2515681561696211,-0.5581934739748391,-0.40870267540284133,-0.18091848945526545,-0.6910728783883806,-0.7801006305986466,-0.5378507104104602,-0.2921487888191148,-0.8214451374212121,-0.14999999999999858,-0.6077596849462978,-0.5931838337094104,-0.34630573354939576,-0.013096885351781462,-0.06048090219578113,-0.41112958054428306,-0.9137115488929101,-0.47753288827331036,-0.18611332238713607,-0.5695187534001661,-0.5956624132976764,-0.47725889035412605,-0.5200149047582753,-0.423286198917782,-0.4766832592047544,-0.376867369107958,-0.36549135297225616,-0.26661341843674885,-0.22320426828962775,-0.3174303621790179,-0.42510820439586733,-0.6993470261851784,-0.4916682168626054,-0.09886324094548726,-0.4873834173721816,-0.5149875625493893,-0.5887576562165437,-0.8246180152755436,-0.40000000000000174,-0.3629522541638996,-0.6345299166034053,-0.16924609255578624,-0.31284791962733505,-0.7342681331792011,-0.09460039914798062,-0.17298269791367685,-0.043728978381529414,-0.36714293435666556,-0.6385462671070582,-0.6068302924083948,-0.08528667256591396,-0.39300716549633047,-0.517967533587213,-0.5779423131534225,-0.5459732446764732,-0.7123571818521915,-0.41581724395412706,-0.04596319386088779,-0.7609153578484301,-0.07525496014474697,-0.5877580969428745,-0.10913091136180421,-0.27714566793379813,-0.5584239556520686,-0.03292437782518249,-0.4736848710156231,-0.514260863422824,-0.018360072667944462,-0.0635625839693364,-0.12290171595238869,-0.43776807053306827,-0.44992961678964793,-0.16429928091069937,-0.38794122452897445,-0.03865575897468842,-0.5390273054574378,-0.301306080704924,-0.40486780210366713,-0.0035159569129253458,-0.014847355502852853,-0.08850091635528996,-0.0134584599536839,-0.32251315244262163,0.0,-0.07861930246332502,-0.3310353236671451,-0.1579749906498806,-0.0005922337479878475,-0.5955646500314158,-0.00705035636267788,-0.2559211840206029,0.0,-0.0550965821432686,-0.6735526546143669,0.0
2024-11-04,-0.9869793444274823,-0.6617613234209951,-0.7429011803226097,-0.5652339907992725,-0.32621665533064403,-0.8151532997083254,-0.8142522959380708,-0.6664642684963772,-0.6504581872606271,-0.4944649992153524,-0.7413103362592361,-0.5927185329190434,-0.7060689770133642,-0.8423795706058849,-0.8519051808477924,-0.6735578834617382,-0.7795887250456577,-0.5693189688239628,-0.6005850735288595,-0.48957623937367084,-0.5092044305185941,-0.5828038263236274,-0.7352309194535372,-0.9351640585453118,-0.8346042241652504,-0.9704322068141568,-0.674476710072016,-0.8024064746728877,-0.8912132515170424,-0.8611435263210344,-0.5173583374648785,-0.7154419715097158,-0.5506522209996123,-0.6164977766335102,-0.9000000000000018,-0.6840622682091094,-0.5553058875370012,-0.6746218888606774,-0.9197301342382576,-0.9218695062912066,-0.6712707007257568,-0.7241973078045175,-0.5187277070624048,-0.4019940791947092,-0.3684795700854224,-0.9019474604825706,-0.5754524096175446,-0.6976331396204875,-0.3181617990077858,-0.638697072974341,-0.7409754179595405,-0.7937113100336286,-0.7749588773586383,-0.5466582033737961,-0.8313909887114128,-0.7181554030617235,-0.6979448268681916,-0.565977040459049,-0.5819697673673231,-0.8673356333856573,-0.5733097407467734,-0.8793309654812433,-0.6592438910548419,-0.5708403666516635,-0.6320387215616078,-0.8729213225637679,-0.7120173161357035,-0.8591754415521315,-0.9428725041287056,-0.944939140953149,-0.3732385868828264,-0.8371786462738877,-0.7733697360920576,-0.5889620517101827,-0.5996123426862584,-0.7286891123217798,-0.28049290247813585,-0.6878178022597359,-0.5054334546904041,-0.5714285714285768,-0.49618692753597393,-0.6862715524013671,-0.5978160889986824,-0.6209031516038932,-0.8415676130065742,-0.7526306015234541,-0.5675059994397594,-0.7232602833718852,-0.6030568194066772,-0.35091206831882915,-0.5827100992428826,-0.3270551685547272,-0.1711930926572392,-0.7386575955345648,-0.6115840695082707,-0.5438871128151227,-0.7641161284961032,-0.6959635183331853,-0.9211035391540573,-0.8252795077985955,-0.6161386069677923,-0.6044303010635992,-0.561124230468034,-0.4628290552641843,-0.6784244288681132,-0.5093776401299448,-0.7404234432615037,-0.7458466394595962,-0.2723811721719847,-0.8426786064158954,-0.8397170771409745,-0.7695445403297596,-0.3461567902567945,-0.9281531155780872,-0.9746206140514475,-0.18317084325789254,-0.6666666666666633,-0.8056100761829712,-0.9613449190316559,-0.8792872555198332,-0.8822653052403007,-0.8904779380753403,-0.8615115680518391,-0.5631626391492869,-0.914382731586777,-0.8240829486472054,-0.8513917865736071,-0.9188959643303568,-0.9123064318107127,-0.5788437614362056,-0.8977422939621021,-0.9108797927057936,-0.5052767692890023,-0.6428571428571392,-0.8877199256969752,-0.4019505153414722,-0.9254076529317817,-0.5522409266619338,-0.5061358929758165,-0.799925529141489,-0.2842127551397767,-0.8511552607596569,-0.9148535887362195,-0.9764161563315885,-0.29835786480047305,-0.6534555468880728,-0.9171096084180768,-0.9326643386119929,-0.947866341018301,-0.9750423382581989,-0.7240034269430127,-0.3579562308548968,-0.5377185572449334,-0.7959897129455175,-0.48548173324245253,-0.5624317029491124,-0.8564684061263852,-0.8110289362214531,-0.9083046971716703,-0.9554472678466582,-0.8097025861423919,-0.5186980739861526,-0.5530693361309396,-0.5806890342752791,-0.6478229105697496,-0.7445879685615375,-0.7598585855910233,-0.6693578278275482,-0.9378315993980321,-0.22940384838778713,-0.55285717966114,-0.4386823697109187,-0.9511672948486068,-0.5771991455397256,-0.9897960038009938,-0.6713295372975163,-0.679651649152835,-0.8812750822397257,-0.33834494757174877,-0.636911426206964,-0.8306468967137753,-0.8827882864613469,-0.5924436299467866,-0.7741621527248894,-0.6737138203502956,-0.8851086931520741,-0.8530836955079181,-0.9684457518369143,-0.47200030642026813,-0.485880065603888,-0.889689843287677,-0.7367457798953639,-0.9369664378121999,-0.8826189856842355,-0.9302316786277228,-0.6308803929503335,-0.8106811750179846,-0.7026287996000747,-0.7782766095562816,-0.5474463027978027,-0.5854746843102422,-0.8259772945403497,-0.8410194326457413,-0.6541090122827256,-0.5619413689346726,-0.8099647160928216,-0.9826693975476793,-0.9021204302871121,-0.8114218467491712,-0.9940688186399198,-0.8467600959503798,-0.9889503847719696,-0.691776370481276,-0.8658854961997388,-0.9317320228798704,-0.9526474040635247,-0.8810763655272508,-0.9243951529110892,-0.5045564257040438,-0.9269330019389664,-0.9553644217670183,-0.8131360079596641,-0.628476382741644,-0.9905406085773977,-0.7385023711514771,-0.6389761897420864,-0.8571428571428599,-0.9222527404877199,-0.8585863229358931,-0.9537118284563869,-0.7622746981815494,-0.9564527485243542,-0.844131427072793,-0.31126503404217665,-0.582868883922327,-0.824865941603675,-0.45497583576320955,-0.9537653218225632,-0.8709805311524909,-0.48166909098189803,-0.8788204277912232,-0.6429405276103457,-0.947380396574929,-0.9715118480851586,-0.9748598669504444,-0.3562989990435289,-0.2612394130903881,-0.7673513806565784,-0.42734585366796973,-0.5882031461868162,-0.9117573564439628,-0.8704397028703478,-0.787352013537447,-0.8272640082982587,-0.8468808087921318,-0.9171745411267207,-0.9655205787128385,-0.3988074297241507,-0.9353667570529703,-0.3891561219222207,-0.8888888888888823,-0.6930279440559769,-0.9068068914101781,-0.9374999999999959,-0.6305038409790509,-0.5873252896009091,-0.5810815879906935,-0.5717920882267592,-0.7607789292615795,-0.7115099868225754,-0.7775061354643593,-0.12318668452317269,-0.55403773657788,-0.7548640669575966,-0.5619500880507219,-0.5651908454994552,-0.39093417716504697,-0.3440991640071648,-0.7575615741351367,-0.6649147259308149,-0.6113346919999579,-0.6225737406143287,-0.5409949756365697,-0.7823583255740091,-0.5691798084916755,-0.5305087995007646,-0.7993227999168689,-0.451326027285247,-0.8840078626094622,-0.35242193575853764,-0.4654455970127032,-0.25755209308322236,-0.5632715960772257,-0.33526782350298867,-0.3215510072691539,-0.441554696034582,-0.5310411588521643,-0.681556415011647,-0.7144814562825584,-0.769417706009166
2024-11-05,-0.8715864632938856,-0.6482609401388766,-0.8095421937624375,-0.7010923068145681,-0.5531352419087874,-0.8500036533318447,-0.7206853781124369,-0.8145931418072504,-0.8100046970018266,-0.7277358557101364,-0.773205025373789,-0.7937947723331271,-0.9232289555732401,-0.8623031981663227,-0.7272001708367626,-0.5077292400517155,-0.6212166695455446,-0.8766834250781337,-0.8330073033074197,-0.9293301561467433,-0.7282922121349059,-0.6575852636757032,-0.7196522158695714,-0.7870689534661824,-0.9798937722325423,-0.7022634277922346,-0.9273249563508585,-0.8263278822824116,-0.8477890841814492,-0.7529019944202092,-0.9378832627793675,-0.6345170835273496,-0.8582633414410492,-0.5700822426870037,-0.8787322381918683,-0.943500570188906,-0.9420097438671532,-0.5684905300129997,-0.798737519843224,-0.8510669612095583,-0.6529627647185544,-0.791153362175458,-0.7830561211433292,-0.7950372020914741,-0.5987829214779713,-0.8402015783190547,-0.7681817235783465,-0.7500375028333599,-0.8004205056835322,-0.7364508605913074,-0.6207385115919333,-0.7555165531596986,-0.922917321618332,-0.7944019439093679,-0.7826948437055434,-0.7755388841986529,-0.7058575337585631,-0.6664449874526025,-0.7036559293276019,-0.7522398786610268,-0.8381683735351285,-0.749355388052662,-0.686661819753377,-0.7133732843395644,-0.881651178320757,-0.8301346440387204,-0.8333902070413585,-0.8203545820986564,-0.9274465815727244,-0.7499999999999981,-0.6167806354777664,-0.9215310594465722,-0.7896580501049588,-0.7721727237380206,-0.6624342624433082,-0.7630175424506986,-0.6973654447253664,-0.6750424019485863,-0.7362627691519488,-0.9180786957697179,-0.6142513350490584,-0.6593975097777215,-0.3818528933690279,-0.4603777242092447,-0.7910071139941242,-0.6026526880028161,-0.7370094715959765,-0.7098717424139599,-0.7127871365280705,-0.7667826713019266,-0.707616290773232,-0.6729057916592949,-0.753103383354438,-0.7196476354679843,-0.7714006354408969,-0.7011426228813622,-0.5261756245980483,-0.5680644805279157,-0.9038236072857793,-0.8720117073209305,-0.7173531728813892,-0.725060427545744,-0.7003060395494545,-0.7742608349459493,-0.7142092327270629,-0.7423747251460909,-0.6436146696315016,-0.6893581351130276,-0.7247930535041542,-0.7966692866820735,-0.9124728144444931,-0.7138572269699938,-0.6147034101420407,-0.9560616280804056,-0.9041526652115862,-0.5759466259596049,-0.9527751639947623,-0.8524640131672971,-0.9248473431559379,-0.8706387571260137,-0.9145820564174242,-0.649775653428964,-0.7659696301121635,-0.8609386545614965,-0.8654931344807373,-0.628744171240862,-0.8461538461538483,-0.8932849555360726,-0.9117851385933365,-0.6742251558688891,-0.897669639633006,-0.6450088850122662,-0.6040132135938171,-0.814649194109534,-0.8807438471851392,-0.49322462536488765,-0.8103741365371046,-0.7557623798047673,-0.7399818978431227,-0.5458855473439411,-0.6442257200164471,-0.9505966761837545,-0.8810374579414877,-0.8583242461571232,-0.8567838923595095,-0.7888080181181416,-0.8488057044415841,-0.8954313147538779,-0.8979100114014811,-0.8653780724660517,-0.7403616484963805,-0.8687381261727929,-0.8366401942007645,-0.7834163169012276,-0.8750144014374261,-0.7745696646194704,-0.9519980952301496,-0.6303624268409801,-0.8729692902812425,-0.9521268594885707,-0.7099827692765034,-0.6801186559989645,-0.7266038566764047,-0.5517950850243767,-0.8498190351286063,-0.6090215655736835,-0.8702789020086655,-0.3200000000000074,-0.8603926489669762,-0.7291854770496803,-0.7779739731413257,-0.5305902986597202,-0.8333314187083869,-0.9311365759440889,-0.9697603109717762,-0.9480083318669393,-0.7200386899663168,-0.7381114798877003,-0.7690290808725937,-0.89276988922044,-0.5332874705233833,-0.8882151712240933,-0.685547313087159,-0.6306737262415387,-0.9390430905151372,-0.8826441915594375,-0.6627263096584692,-0.9290230621810542,-0.7766859734929253,-0.9778364787574914,-0.828134552901572,-0.791907325039672,-0.7914505732301746,-0.8208771550682066,-0.884033081579016,-0.7138683107716286,-0.5472559271844991,-0.7467334456412343,-0.7285710522142433,-0.9237505834364029,-0.8540347352534953,-0.7296902113952732,-0.7727492433068444,-0.6850102019335036,-0.7000956137735243,-0.845242805137937,-0.765875384027206,-0.907946770031451,-0.7328945695400034,-0.6009087177899463,-0.5797764333762879,-0.6012687414527705,-0.6291449877342982,-0.9590220148132073,-0.8038784704551822,-0.7646931901958495,-0.9461770234420183,-0.6222219600235346,-0.6217605818789276,-0.8140476096849932,-0.8462323252096474,-0.9600052236856838,-0.7397794536611006,-0.7765588246885887,-0.8751396604649851,-0.7450652179810268,-0.9036565388363034,-0.6631856232421742,-0.8252288468362339,-0.8425962155850125,-0.781005842784503,-0.9237656951254338,-0.74459392700126,-0.7234198985558344,-0.6707633207521246,-0.8834371976077063,-0.9768528557102331,-0.9540837039211212,-0.7389805105685052,-0.6674178526956881,-0.679612533466785,-0.819549269752126,-0.9145820564174238,-0.8031226977184647,-0.9095787992300645,-0.8891076656161123,-0.4079099522791409,-0.7649257763930126,-0.8837508898816719,-0.8163097653258042,-0.7955679431220471,-0.683391025750528,-0.6972206693933062,-0.8292231980015592,-0.8507960382007183,-0.7671684524489327,-0.9167149427489415,-0.961592330400587,-0.9695516236190851,-0.9512765444601605,-0.9698211463355193,-0.8373329965391854,-0.7202728581444687,-0.9634007748105281,-0.6001168004956726,-0.9273022663931805,-0.6658704515641224,-0.7927042289071818,-0.7317865518413473,-0.7875938320213517,-0.8330968638424963,-0.9261822227918934,-0.6754847619585684,-0.6757486871102184,-0.6682399960441481,-0.6103786464715233,-0.7517319196151694,-0.8237862103721669,-0.7725273200159034,-0.7176897365998199,-0.7125678983986239,-0.7057398683857792,-0.7964133779481866,-0.7291472347702859,-0.43808015607164036,-0.6119718506019062,-0.5906752765249906,-0.7529332694480027,-0.6238287266457551,-0.6289066109444158,-0.7814279834134316,-0.6156214300386313,-0.5132904965790211,-0.8216280424348313,-0.8434323591942997,-0.7800102008104574,-0.7884667079018322,-0.6670378396508087,-0.6289382118244637,-0.6207911396861946
2024-11-06,-0.48502238712149026,-0.59111657731985,-0.32270802812258104,-0.5593973590367065,-0.10235161083613552,-0.33787459242370305,-0.253187151940265,-0.693793629027917,-0.10564774038026278,-0.37306592209234707,-0.1088071646037897,-0.36043013531645657,-0.4762516807843579,-0.43161726718921367,-0.5946302336594009,-0.4330559885706207,-0.22095768698831764,-0.16659705186005472,-0.1406468655690063,-0.2099731260082559,-0.44474667819353586,-0.4412776414625578,-0.3675855678049461,-0.12660837696772276,-0.5812768428819316,-0.4468739911065735,-0.38645724545634536,-0.5732313014091192,-0.7354045932486991,-0.757477486322996,-0.23231052153671844,-0.45472224052808097,-0.6484982968899419,-0.26733506749640024,-0.24999999999999442,-0.2601553275011412,-0.3282999226865706,-0.45943125796578227,-0.5674013550289235,-0.22809388912705875,-0.3684550373503468,-0.6454108830269534,-0.5078515212632307,-0.20390588929953993,-0.10706441169780904,-0.36113908216204893,-0.25271340406616,-0.802945620185962,-0.326399671395105,-0.45835391560061567,-0.5160603732411976,-0.22708103765847135,-0.3423175440659651,-0.6600734380160153,-0.6905506722840661,-0.6067576472173049,-0.42135786592026736,-0.25250903428505905,-0.44388675321299803,-0.41431352833689866,-0.2484900886227267,-0.17689733769504992,-0.20006839317688987,-0.13878796110370914,-0.41944405141791113,-0.6043801599680716,-0.2277284239868173,-0.20706658342779344,-0.3721173134125722,-0.2643933599776753,-0.4283783793867333,-0.5688724806170072,-0.167960386650377,-0.1489939927437471,-0.34534830661987537,-0.31740123170917006,-0.1722638501726228,-0.1647542744372607,-0.03648244752264553,-0.34154312036153134,-0.12424840699138023,-0.22909542130021576,-0.21081446303112117,-0.15666854231318375,-0.20902007701501715,-0.2550545076058859,-0.2652137376763638,-0.43895823617331586,-0.2515584457629379,-0.14925803698942777,-0.1930846984229149,-0.2631077067283606,-0.31138734017651093,-0.31398543239203425,-0.2882502585785346,-0.21914390644545081,-0.2388169522291157,-0.2576310053993481,-0.5835553592334509,-0.18490150785957848,-0.6131073222925546,-0.19677929621688603,-0.028527756210078678,-0.1550550723397907,-0.16049649481506667,-0.07489175110728993,-0.2317035797176259,-0.37744085780246517,-0.12534812171820786,-0.07449423275759519,-0.20113923784722512,-0.5545588191723121,-0.3532363687122906,-0.21792744287362553,-0.3205297225189997,-0.5568407975730706,-0.30626719290932686,-0.1604386120973139,-0.5064934194432601,-0.5761667591676434,-0.895453770900375,-0.4785479183879653,-0.055398153129562304,-0.27056278151320146,-0.34144983606751106,-0.2010401585062958,-0.1323905246493321,-0.4665936425634272,-0.5431116173797998,-0.6358602816759679,-0.21017286711082092,-0.14555444273710627,-0.5205464522045975,-0.2580350606770811,-0.28464017307494033,-0.5473107371219129,-0.42316024261165874,-0.4822148038915758,-0.29611623939194587,-0.6913088546194984,-0.19352115924528804,-0.1502671126007877,-0.41422014399654383,-0.6044109412971609,-0.5852619628678927,-0.34821823873725777,-0.22591654888907298,-0.8471344679199194,-0.528826542059938,-0.14655879103699257,-0.22543196458863665,-0.1887810397209933,-0.26670041165661623,-0.43015633450198415,-0.07922823440831485,-0.5010163253968224,-0.2191086109595326,-0.6562428282541161,-0.35668499550389426,-0.23419837018322173,-0.28027568089886956,-0.48059115777210754,-0.5546935508004823,-0.4767847429262609,-0.34276071498570443,-0.5228693266290054,-0.5556394045593965,-0.46103735729115697,-0.19242083386635755,-0.5221406537863074,-0.21048955304888992,-0.17209128238616372,-0.6987858362971835,-1.0,-0.44650082794539464,-0.2528556075788703,-0.3768694236044899,-0.20912459273889228,-0.4679277788188598,-0.1972464239706826,-0.10529260293806611,-0.4545309360221871,-0.3761212707565996,-0.09649612581171041,-0.3368347031482846,-0.13576972431198658,-0.37165449756202557,-0.16544095934732417,-0.26335741636598387,-0.22313277412694435,-0.26476886132201854,-0.598620789083371,-0.2914321436000147,-0.335854754008531,-0.2029820547099005,-0.16274888405350588,-0.7692450887916827,-0.2756947824800857,-0.5955634118045712,-0.07929494852396424,-0.4963373953126003,-0.3208328655278729,-0.4643255214369374,-0.18269980571779398,-0.534135635931382,-0.45176627102540917,-0.23623191544281863,-0.6829328901048544,-0.2607859368586253,-0.18346338069714863,-0.3458475925431966,-0.1818474471616759,-0.13875894947743983,-0.3403803003379492,-0.2900151553478928,-0.21829658272055033,-0.340335889777457,-0.4698834985411369,-0.6151345850495626,-0.15362596171643247,-0.5737267493647511,-0.25831874264176835,-0.444977813764798,-0.1599125140475605,-0.1697198035197957,-0.49120149609123354,-0.6666666666666683,-0.4452839847630955,-0.16346605710001805,-0.10686024621244847,-0.6666666666666666,-0.8091864958931825,-0.15593743370433613,-0.5153940172817961,-0.5959431721380786,-0.36716979671356104,-0.60585903915759,-0.43521782507955714,-0.22138256276665355,-0.6099097599947467,-0.4820961906565427,-0.6352337387061859,-0.4564774425109022,-0.1764679527158246,-0.3126114486469615,-0.21821591708948151,-0.08608667870375909,-0.8333333333333357,-0.2850473206499878,-0.4701146605772583,-0.30022324705029135,-0.2053712168229941,-0.4923486693763603,-0.15660572326739772,-0.3061510184256012,-0.1444087665528177,-0.3450692786443153,-0.14093727970418393,-0.24404537158887568,-0.13738572321576553,-0.5103089313234911,-0.18901801603099014,-0.2396736616481624,-0.47536091532989366,-0.5222627474132302,-0.14434070602814186,-0.41688260495280055,-0.31198997750349494,-0.42452631727653184,-0.24518159312043974,-0.4350448293193205,-0.15984038024075134,-0.24519418950660193,-0.3505154885251538,-0.39204594996826364,-0.5204159559951405,-0.5582831793569368,-0.6656405478962956,-0.5093946093641132,-0.14468444363998992,-0.3095730619148662,-0.17840891848180274,-0.5687772398972626,-0.21034447670055179,-0.25651836269788436,-0.04654390526773329,-0.5631812742663405,-0.32864237456555173,-0.1489147261201774,-0.32199465097402696,-0.18153314866491524,-0.06450775587441185,-0.4554323629097354,-0.2982204668630426,-0.1209553945705772,-0.3838731085237135,-0.20466329637612035,-0.12759683001333266,-0.4301528364181836,-0.4289425466802065
2024-11-07,-0.8020221010576918,-0.7340838212669437,-0.834272449089864,-0.6487496431142192,-0.7728690920951796,-0.8625516594878646,-0.6348242388675163,-0.8975503508492542,-0.8843907371491926,-0.8099191950102971,-0.7295926932700368,-0.7365108468674587,-0.820957421215915,-0.6014204876377032,-0.6011385882125198,-0.5909078181783066,-0.9257598863036559,-0.8318541883569016,-0.671464699706824,-0.8407386414486953,-0.8777072401443146,-0.8403849369620331,-0.661560892303148,-0.6560549080125969,-0.7590573067112224,-0.8519798611925138,-0.8535217248214858,-0.6364621405314943,-0.8504086223347963,-0.6363649074741745,-0.848509811187761,-0.8590674016747757,-0.7776310782692591,-0.798698823223416,-0.8622561398745078,-0.6998834872792579,-0.7236065396409792,-0.7170981522138313,-0.6020031677304668,-0.8836659824328844,-0.8937186350319226,-0.6180797969804356,-0.48701182338798155,-0.6958831399676179,-0.7892704088501706,-0.847572270867116,-0.9455920121773861,-0.6979394436040941,-0.8345881605857193,-0.6418758926394191,-0.8820727343958938,-0.8886348349613507,-0.820225042513145,-0.7364459927369753,-0.6726883712997078,-0.6940057539048922,-0.9019517631459054,-0.6216319799462572,-0.7824144071154442,-0.8593935869575653,-0.685151090811387,-0.9014576594032734,-0.8334153420681073,-0.9343399375271373,-0.83790531996502,-0.8537667805029545,-0.8817226654519356,-0.8749310740117652,-0.7388365289897133,-0.4567370679141673,-0.2066193800824208,-0.8459215667664581,-0.6780839466246393,-0.7608257738591196,-0.8817340759534703,-0.8254683643586028,-0.8386926405443874,-0.775926751316154,-0.8450778654394704,-0.9186495928765361,-0.8638741057876979,-0.6068248872867147,-0.3873117795763805,-0.4658862502813143,-0.7459941425894929,-0.6760491987144764,-0.7591617560759222,-0.7012966528309929,-0.9666727905313207,-0.6157691600326386,-0.7484438360836642,-0.8218056771626138,-0.8433553320818074,-0.7755319647287677,-0.9537525965223665,-0.7367848494129151,-0.7882626628268719,-0.8310731355792516,-0.8217501123712668,-0.8999638093294473,-0.719376187047043,-0.9119514650743318,-0.6971817208619949,-0.7558110061608416,-0.8230575090445844,-0.8614770050397508,-0.7183193968167354,-0.6174256676551239,-0.6278336961000927,-0.7720410121494363,-0.5744657910097922,-0.6222372520624094,-0.47733546526160114,-0.8452133512629232,-0.8324745788212079,-0.5323048311278695,-0.9083215713225508,-0.8510736977969743,-0.8799552641913767,-0.9134401220622974,-0.8514346066972888,-0.8308405185718235,-0.7757593838914452,-0.8580451516855312,-0.8734967346385224,-0.5649417784202462,-0.8933952457477761,-0.8557014475059127,-0.7548916377413094,-0.7436410987091654,-0.8660385711168317,-0.6437776562419973,-0.7795437530915896,-0.8966220638573354,-0.8372687515007556,-0.3869035780095452,-0.8600496224693521,-0.6560665308339931,-0.8956934317804172,-0.7716419860955006,-0.506512448397509,-0.8961137834636896,-0.8744444082104471,-0.8453631971731864,-0.68956264172007,-0.8676235360696322,-0.8524370066150185,-0.8548789513526953,-0.8493419384423698,-0.8874162965086363,-0.9305452829583917,-0.7332578495062132,-0.884442356317924,-0.7187871054091916,-0.8816146675500732,-0.7783165544811771,-0.9120975782332243,-0.4705015002225277,-0.7269120828938396,-0.9759763001822648,-0.5812489116940762,-0.7216289845811679,-0.7912739983113836,-0.7286603431960336,-0.6080449373175547,-0.5587507676293263,-0.6489176778618156,-0.8396399808371167,-0.847672285988719,-0.8181483296586494,-0.854915496510577,-0.5687479373132567,-0.7376150682704122,-0.6144859629939017,-0.9304454052385379,-0.7563828309401577,-0.6096457997004067,-0.5586164599821359,-0.8239584224165317,-0.7942245111172616,-0.721101766369087,-0.7969790750527851,-0.8940486460229791,-0.8848743926202993,-0.9010717106140638,-0.628535816046752,-0.8861425939406977,-0.8723183203338489,-0.9563203730148429,-0.958418877023249,-0.59767131051661,-0.8844981709571516,-0.5579270588755436,-0.9206765398798494,-0.9157802824038418,-0.8722942860085214,-0.7426610445704648,-0.6479654111330424,-0.49910437231191024,-0.9160071807369653,-0.7543192452774329,-0.8070946366678036,-0.7379700367914015,-0.7579575113007033,-0.6322043382579748,-0.8241257733979926,-0.8405416775790542,-0.8177801570687251,-0.5538490588930187,-0.8978886475463856,-0.8673363116456637,-0.49620998596843363,-0.8898933078837291,-0.9590220148132071,-0.6936503608869565,-0.686884778441852,-0.9332689356007138,-0.563080818841245,-0.8016390858039739,-0.6249596224768763,-0.7765204646540768,-0.9443702939581974,-0.7571537725573366,-0.6997976914277699,-0.8573145278924285,-0.5903429461078062,-0.8559018731610686,-0.5779042945337923,-0.8648401311869677,-0.8253162221156832,-0.7336210113092795,-0.8504480057275217,-0.555874155689144,-0.7550652122219609,-0.5296381458903155,-0.8501419655463778,-0.8771482921489291,-0.8182965597758056,-0.6138243950435738,-0.7352570143404895,-0.527383006359262,-0.8934949423097026,-0.8755799980841074,-0.918078695769718,-0.8896661851689043,-0.9245421389136923,-0.7379391445774526,-0.8206535911895043,-0.8730305987374304,-0.9657008689093004,-0.5331565057483789,-0.5385035479200935,-0.6989052918587999,-0.929397237392016,-0.8813974976235854,-0.6487782488265984,-0.9020399801470746,-0.8772845376118764,-0.945533875138873,-0.8352022911487882,-0.8000043530714059,-0.8653180838335695,-0.5871233113695568,-0.8156259809556868,-0.5590312834220814,-0.7089216506892263,-0.758537167424155,-0.9181855309804832,-0.6672117092858133,-0.6383039237949962,-0.6391809466965451,-0.7871567995563234,-0.6995904437201244,-0.8184168338847669,-0.6994166731008944,-0.8172203417294018,-0.7920420930861302,-0.35452987477651837,-0.7582514018914989,-0.7488642980348398,-0.7974347023190733,-0.8335453984977371,-0.6591275846325567,-0.7656611733845982,-0.6940557527128816,-0.6502927778830624,-0.5795002549719666,-0.6136814374629446,-0.6779518595002761,-0.7065759955353773,-0.6623956160357697,-0.9722598585928467,-0.5531202440629333,-0.7799064186313234,-0.8426216464455049,-0.6717063832907635,-0.7403263426127492,-0.8536456252379874,-0.7311132812965462,-0.4843119977163004
2024-11-08,-0.07080303550428824,-0.06766184163870896,-0.31387202775743733,-0.04912835977941451,-0.5021271372663194,-0.15169224701239634,-0.08571537284347537,-0.2260214291252448,-0.5594641043327049,-0.2198380445822557,-0.22676027339301383,-0.13361523594878363,-0.260847322018962,-0.23083939877492352,-0.13592476917768836,-0.13621530705968599,-0.0711402824171115,-0.3546063439877598,-0.09538164478070879,-0.152134634378034,-0.2877748789065555,-0.32436098765530674,-0.47542971806421697,-0.05174561193608648,-0.19678331591631104,-0.11844372473251717,-0.17207367365497536,-0.06912947109106378,-0.14344295374721794,-0.07812006656940008,-0.310248610996515,-0.35565539705627824,-0.36712748370631937,-0.6595526955999554,-0.5309029424846271,-0.3088525235071759,-0.1239449867822336,-0.06159459029365623,-0.22386028396919003,-0.3700704560174257,-0.2658883786853439,-0.029165416856226953,-0.24450713125325838,-0.025680353956360483,-0.21176257732451173,-0.08784795629013675,-0.4269335782926156,-0.16857238418613996,-0.04813403294594867,-0.05292912237264817,-0.06829133665012778,-0.23005943661094141,-0.28902119526873554,-0.04428616072512067,-0.19449585219743284,-0.3584444996245102,-0.3595505617977529,-0.4584895148741885,-0.10878502760096523,-0.18549196970629023,-0.22589115416296454,-0.05647053220194117,-0.11465818286365849,-0.13140628057251993,-0.27337314050961153,-0.09459920173331617,-0.09963564786840201,-0.24351962632783775,-0.2366527471233157,-0.401009868012405,-0.12342945119622714,-0.04667254678575169,-0.07039875107076476,-0.06570943594738904,-0.07254871810236811,-0.2832821579761078,-0.056464801266190814,-0.3476088831304645,-0.05855722422398525,-0.20985035050553488,-0.06700988623058599,-0.18017898307537017,-0.07070377909958382,-0.11767695552155423,-0.29418427960031696,-0.10261109487192194,-0.16981794170884937,-0.03828993098300209,-0.08823742964491708,0.0,-0.34520964356245204,-0.07145396483884718,-0.17466718860677866,-0.15300597605808267,-0.1746867084049555,-0.03335335769149224,-0.193671976975548,-0.24139106221121934,-0.19157428923188397,-0.5519612221992647,-0.013828709584069825,-0.03381194913328307,-0.19187196079609167,-0.0720473186019923,-0.11750402710649913,-0.09477450336247265,-0.012164229872184233,-0.2843450899318203,0.0,-0.46004957312190065,-0.6028483431490057,-0.11261185988610452,-0.45583671723427516,-0.10378127904905612,-0.21082752833987073,-0.38991151088712833,-0.24843584848781328,-0.04622456680921341,-0.23672280306304364,-0.06783888839216608,-0.2675376059109553,-0.14346440728998255,-0.08784837603344507,-0.09604806826344803,-0.3786737208043318,-0.21315677725717314,-0.17434882635390114,-0.05084836682930442,-0.16987167345117177,-0.14491638715040397,-0.23380239150544113,-0.0800770899536966,-0.6497573392753515,-0.4542712613052041,-0.19682662994086314,-0.02578634733027862,-0.3502504062938955,-0.31331746177345704,-0.06848301094780344,-0.30375563924842164,-0.08274403782986751,-0.2562653532197086,-0.278940427866922,-0.18026810376558827,-0.5442240324940847,-0.27535750033478124,-0.363159691668944,-0.28570267990160364,-0.4491159116198441,-0.1602350563979104,-0.6037303706199426,-0.13655720926945197,-0.1560686777168872,-0.40658725395588846,-0.3364186406626243,-0.23027827458123054,-0.0637616517301959,-0.18711575981325151,-0.1583878939002891,-0.08650531502349762,-0.0423292775582493,-0.0623352124656868,-0.12005495853105252,-0.4368863234572487,-0.0982041928993413,-0.205273791617337,-0.17000299571132266,-0.3930677590190716,-0.6579365645508148,-0.7003929361718377,-0.7999648382834635,-0.4251580828374209,-0.36279388326394757,-0.6060686386754025,-0.10102879791756386,-0.44325288634226495,-0.14797864786751216,-0.15316662150601318,-0.48596901644566315,-0.18324291690787384,-0.05034585799786319,-0.5887783276495484,-0.5433643236748391,-0.21777189854571122,-0.3750466615889692,-0.06224238003152835,-0.2683125917987181,-0.2932533232962148,-0.14748391172759523,-0.5638691454914831,-0.11259668993954296,-0.23782676775356273,-0.06070982302300266,-0.5501106183803675,-0.10295359824038532,-0.18847706927428148,-0.3056521321347249,-0.02582202382855488,-0.056947843283868885,-0.22877890338057183,-0.18499721414335088,-0.4949851712359289,-0.09673144837009157,-0.41591584184164915,-0.12223960237696907,-0.1621929784092048,-0.18341184747289122,-0.13767626899983137,-0.16879524314449335,-0.19237126072766414,-0.36812564705596157,-0.08905594179368728,-0.14960936350723325,-0.2948320954641781,-0.052726141173392485,-0.09286046110993822,-0.24862190093845754,-0.3414116516527079,-0.3431873864281032,-0.09242820342223534,-0.138716103980895,-0.14759494640054063,-0.3013772480839129,-0.07060249854908429,-0.32757148547384196,-0.09382509218834018,-0.17690749852050935,-0.2536018295091898,-0.1510630483000758,-0.23098633462117257,-0.10436216491954584,-0.444892192426577,-0.0219447783807801,-0.46405150671719914,-0.6209213230591547,-0.3518837603440101,-0.48857212591681726,-0.18637351771532248,-0.06454081466671094,-0.13990347113635976,-0.12297651076401145,-0.08610108633851475,-0.33002023408453157,-0.12271011005932352,-0.17749970276595364,-0.18742821451358602,-0.4426299218806734,-0.09938409478271096,-0.15553855003271408,-0.19399256560673797,-0.12273787110911968,-0.0657351076068261,-0.26297220978986774,-0.11675941577242374,-0.13243728419343243,-0.21806175828896499,-0.13383051462226309,-0.2439775456328444,-0.13926964714387977,-0.084163340058945,-0.1193467894771148,-0.27239658003974687,-0.06401063512564556,-0.16745105416182018,-0.4238448479627894,-0.23378921663902824,-0.10938410734825758,-0.8826194770347682,-0.5523395964064813,-0.05498590339994501,-0.07905472029463306,-0.2056635211063885,-0.20941688107900658,-0.08053194488505738,-0.3073978145732188,-0.18642923542231393,-0.044842688395137636,-0.25621520567223005,-0.4032385457188445,-0.12512979908589053,-0.03488001083845541,-0.09466069600242429,-0.08240820473217318,-0.09376948535713932,-0.367087444804502,-0.6314512015415263,-0.12616845455706768,-0.2513986400488596,-0.02334582810358018,-0.06107951775922714,-0.0736217964118993,-0.3741068745969419,-0.2803164862428019,-0.4912119282271628,-0.015333469767063818,-0.25022390356916385,-0.05918617778669822,-0.16314304682350242,-0.15407268775215055,-0.044247791003965364
2024-11-11,-0.6270940571661003,-0.4566437379807538,-0.6283609441242719,-0.4389347273696118,-0.7626703409080374,-0.5910230749019073,-0.7656032131263368,-0.7734436734644662,-0.7451505753387043,-0.9211933029234192,-0.523034235448613,-0.503048771447049,-0.8576921857735433,-0.8305237157533131,-0.849959120143106,-0.4383968412452526,-0.6086411439937784,-0.7679954354174393,-0.8852617211848272,-0.6334423555377076,-0.562355342436749,-0.6294413720600315,-0.6147780712809493,-0.8347134110939514,-0.2948897079331508,-0.6625918896864357,-0.8798550631798323,-0.9455822082230622,-0.7058823529411721,-0.2591699151870993,-0.7340764242965269,-0.5311887406393678,-0.7308857999691355,-0.436369560263378,-0.5978690740778891,-0.9070702944221235,-0.877661106706043,-0.6189124284859052,-0.4541857070345239,-0.8984927806622773,-0.8456222874432433,-0.619936738067469,-0.6130289704422247,-0.5829263028103252,-0.5718850652092329,-0.7888348945367726,-0.953610436767941,-0.32586394931757623,-0.4479708070988158,-0.6294018159474223,-0.7005453746684731,-0.72683136675751,-0.7132877291053331,-0.827756345690879,-0.6874466628872887,-0.9639461265268829,-0.8582048356806566,-0.7124870446056881,-0.7466426225746597,-0.6770365674669907,-0.5949157132411942,-0.6209213230591552,-0.5603191361652216,-0.8350049328412419,-0.9557592983515896,-0.6756767244194699,-0.9059796220303391,-0.7831349051655112,-0.8812634730715935,-0.9399525752183819,-0.5271376910785249,-0.8684108751362865,-0.6450384652081038,-0.5896249400841759,-0.6134824377872904,-0.7542440274555623,-0.7155255561821167,-0.5847694718666561,-0.46146160444672096,-0.3937463422989648,-0.6048921275764039,-0.8663287526729523,-0.4972554583040435,-0.5690251834819796,-0.7670992787135075,-0.643557329086326,-0.711238435229203,-0.656111548428304,-0.7317914270029263,-0.6538820160260737,-0.678034199161632,-0.6534633830846424,-0.8109089545104791,-0.785679261730754,-0.7460113928654403,-0.42630337112569344,-0.6871139582135717,-0.7989342719110908,-0.9668153186511586,-0.7936336170445283,-0.7720675876242519,-0.6852177142326483,-0.5307297351212682,-0.7438865755577465,-0.5150224137215247,-0.80641113007573,-0.6329469913955135,-0.8696764953602301,-0.610097949589148,-0.8206142172038943,-0.6262536898413082,-0.9726613273421507,-0.47733687047329665,-0.14296774495497924,-0.6958928504065688,-0.298932557633137,-0.966446027296931,-0.8112992559611314,-0.8000000000000035,-0.7176165680746981,-0.47856445722011937,-0.7442623684644419,-0.3077958420081121,-0.2601944292264461,-0.3700849165970133,-0.5862194651057413,-0.9586834963031139,-0.5410874128346799,-0.9424780313822598,-0.6000646091968265,-0.8660416786784336,-0.7365111436053219,-0.9168657671941287,-0.9219420087475453,-0.8133778348874396,-0.617945439568212,-0.6488522341234908,-0.8966901876676873,-0.6606270226502924,-0.6431821540700321,-0.7171339604575159,-0.4825740411726636,-0.9422923219843249,-0.651659286142227,-0.7639436321682279,-0.7887548111286019,-0.7434856977398093,-0.707828245123985,-0.7520685000400007,-0.9678965261643038,-0.878531864860539,-0.405600775111211,-0.49455087791581803,-0.7836914518580346,-0.5454352532420834,-0.625049129429258,-0.4727517836365607,-0.30255672350342944,-0.7028830912144091,-0.5556189227942795,-0.5460358579476976,-0.5018225894334601,-0.36461243676175403,-0.6204728101314381,-0.7813411623317077,-0.34893284478114545,-0.3431001051323022,-0.2682628743116634,-0.4498167324854421,-0.5951548647639803,-0.9415369435880675,-0.6532541369668818,-0.8791864690141933,-0.5508778650067705,-0.8572521114549256,-0.9267839814726844,-0.8298897312202518,-0.5063244390204746,-0.8524600620906011,-0.6659737288057089,-0.7116508757371277,-0.8415977568418946,-0.6190055187604601,-0.4428294590733823,-0.4537616138439393,-0.685564879660276,-0.1674319594820761,-0.6973135115926573,-0.9754239333884906,-0.3882584905591412,-0.7627786065514339,-0.5274321944318932,-0.7444327723981757,-0.5921051056582672,-0.719079148917688,-0.6768755710550068,-0.5531697688508778,-0.686928486388032,-0.5156293229092652,-0.4727203023047395,-0.7069430253949699,-0.3985767435108437,-0.894748152320759,-0.6588491104133256,-0.6182413573601309,-0.3646140802827705,-0.1969616211922699,-0.5624999999999987,-0.4807163724171273,-0.28412811245404224,-0.06860702011950634,-0.8333480279742791,-0.8610450962532601,-0.1738962592116306,-0.8598447647654099,-0.6040160499108389,-0.09415088848528555,-0.921042505949859,-0.5308271983693105,-0.6043041430325219,-0.543529072988103,-0.29530116404349543,-1.0,-0.5567668344786121,-0.8784872940881118,-0.5097684935578705,-0.5555555555555545,-0.5045460637947842,-0.7028865482300978,-0.22870687108011623,-0.3498046569143958,-0.7248766659350809,-0.7113189030485514,-0.6948174768001738,0.0,-0.6539093125044501,-0.9847563831172783,-0.39313453393673237,-0.8852283054759855,-0.7503052940587447,-0.5408315239623862,-0.9339264586546707,-0.4145175533920077,-0.9716732328116783,-0.6615798849082418,-0.41605638258625377,-0.49707674146739034,-0.3034919895748379,-0.9368186007943298,-0.916511553740435,-0.7611651131453968,-0.7848182079967048,-0.9121776750654726,-0.4570206927972782,-0.642623551227688,-0.859081329688054,-0.3510599215253065,-0.8104489341643597,-0.3752904326474682,-0.3881214076186987,-0.2578941168598541,-0.41977545214646267,-0.792953123998093,-0.1916820226191854,-0.637256685689006,-0.9272619093153848,-0.6995644666296532,-0.816335136206441,-0.49424023441987763,-0.6725252151048574,-0.9146341073684955,-0.834211407154075,-0.881482143257712,-0.7203298301324751,-0.5758545981849683,-0.704080178064455,-0.765424850251203,-0.07367635450739343,-0.9065938317945026,-0.7229952735480074,-0.5290621309072981,-0.7277610484156884,-0.8810629128541752,-0.6608240975602044,-0.5365726497883915,-0.5172453518194169,-0.5463460055468743,-0.846747099905017,-0.4065897676379135,-0.586597677431326,-0.26393787169884503,-0.6077366049382555,-0.4082058885300985,-0.6526065285532607,-0.5364727918925027,-0.828272801596353,-0.6294434717778898,-0.5145252631143724,-0.37254596637203014,-0.5575076739748482
2024-11-12,-0.09249559867627556,-0.17688293484612969,-0.26096224845771615,-0.3230228397750095,-0.17238658148286848,-0.13564747533350466,-0.2253700234322732,-0.248847690943725,-0.18721606689138992,-0.13768169036245487,-0.08674446995342315,-0.15474034054400942,-0.21604049589122898,-0.18796761282670052,-0.2813157863908199,-0.2405353888890337,-0.23371056875215565,-0.12040476625750021,-0.5118649762303695,-0.2200057104312878,-0.19891055698997645,-0.21861993977060165,-0.24168223030206776,-0.21163334412210713,-0.17950867438280982,-0.13731735987193355,-0.30749794197482766,-0.12355640395821715,-0.27714622799981065,-0.19230769230769457,-0.24414774303220538,-0.40333478789807853,-0.40668042480168615,-0.64669769543883,-0.36604870978132736,-0.5102858608665042,-0.237693949677809,-0.32778144292025624,-0.2184333559016436,-0.2046787286151801,-0.09562774523820686,-0.34296304380015413,-0.24571093354842122,-0.21599788560943814,-0.20429607419267284,-0.09462411781075779,-0.14587161631857737,-0.6317212389172444,-0.3134331051019911,-0.24527428764871673,-0.2494388171553246,-0.5309286224272893,-0.22727272727272674,-0.32961848247183984,-0.13343199952312038,-0.20850521438657799,-0.1464441065511705,-0.2087791757805072,-0.29686551170812026,-0.1930915711166877,-0.13413656178637914,-0.4127438647440874,-0.17931925229244824,-0.5050894907861436,-0.1842611092601867,-0.22901877702993517,-0.13878545194775194,-0.18021268529699452,-0.3200033913913915,-0.14927600435213473,-0.0420995327034801,-0.16161277537346377,-0.23506394456176646,-0.1133770666211838,-0.3137741583038724,-0.47258992207411243,-0.3583696532145646,-0.14248203824998237,-0.24341551280254628,-0.15010731698309723,-0.14143188210695545,-0.41042367995725754,-0.6391241728012311,-0.5255551810019514,-0.4208810632505533,-0.18281058252443677,-0.2697237976194377,-0.6199395489344617,-0.22418965552698594,-0.5548175106917616,-0.24015495522556868,-0.17757712706523918,-0.26953541873832143,-0.2376678914261442,-0.4342172672530235,-0.3531701237206975,-0.25193473871339184,-0.3078608148946501,-0.174699203834005,-0.1832905193655668,-0.27143376233699185,-0.15782225080911352,-0.36898647966094417,-0.16972955780217258,-0.41032699884045004,-0.47465605760458507,-0.37425618962492163,-0.14901588095325663,-0.21302141817599451,-0.2020424211345318,-0.5305657115497207,-0.19341936342577926,-0.5972841849609677,0.0,-0.19096097254858407,-0.3296621918705171,-0.17483506867932327,-0.0724431655566196,0.0,-0.16174758345960563,0.0,-0.14074691838188524,-0.1395282100396147,0.0,-0.2195895593377818,-0.4491026148518053,-0.13328965031052886,-0.06510659897019767,-0.1738420416756517,-0.2228234448335938,-0.16050984109773067,-0.15523839473488113,-0.13190272634552141,-0.22486217152743337,-0.7067501462352027,-0.18886608941960176,-0.1936514172796903,-0.2102251146089125,-0.14743301091229463,-0.14794052093049373,-0.3972929711907228,-0.435648373759074,-0.3243256777598063,-0.2503151726721482,-0.1251443798316789,-0.14070972041514362,-0.1339888702612039,-0.33792825701577206,-0.20467269548852401,-0.1079348871288155,-0.2326957940895192,-0.040776907714317176,-0.17204257033668716,-0.1599581967657959,-0.2786513204601539,-0.4859506183074109,-0.27997363860433516,-0.5641770338338095,-0.06877490407049561,-0.17680754139325688,-0.03239606693274039,-0.45194498890393225,-0.20149408005786984,-0.17431746440187548,-0.13872462123042634,-0.30614733657097115,-0.13346475264533894,-0.20091751451133932,-0.31360982672538923,-0.19674165774957345,-0.47168990243140485,-0.15405434620925307,-0.31138102759120434,-0.3227047156459383,-0.22919518208214373,-0.23086178562059523,-0.09720006903070323,-0.2317513285377179,-0.2432555564186978,-0.1700941061348823,-0.4050458758664385,-0.18377557401365888,-0.1573651676921274,-0.03229981185788953,-0.23414134268577275,-0.25870965270410384,-0.08844207712475849,-0.07091747228503706,-0.19492797822139477,-0.21933068719149101,-0.20125857536571604,-0.0730112315334107,-0.19701648706025474,-0.10151283181226567,-0.1666666666666637,-0.1496716792128469,-0.19547780359171024,-0.2800837576090141,-0.22629572545923968,-0.040018282405015225,-0.18240533043037216,-0.23807862412743153,-0.14752116010572766,-0.21424453343428485,-0.23558919639794015,-0.04085243752374477,-0.18345617286844937,-0.11660045938683122,-0.1968905452624324,-0.06009793647657933,-0.2200324390980148,-0.3003000588341557,-0.45878553767172486,-0.12908462395689776,-0.07016266826138104,-0.17184042968022922,0.0,-0.10689747579538286,-0.22961964722344824,-0.23741485707975657,-0.06291960722798921,0.0,-0.18505851642356938,-0.13648980717993175,-0.559329501194183,-0.23483323017367466,-0.31331155771400443,-0.1728812599307785,-0.2569794145262979,-0.17491591352612534,-0.18533670985843564,-0.21985610279989135,-0.19836386490476807,-0.28602890721094276,-0.3081918856076758,-0.2412429132858887,-0.0743344180753748,-0.11737292530779798,-0.2848447836145659,-0.24753548438082526,-0.1336312675825914,-0.23110033680319536,-0.08797043420351892,-0.13053012604207365,-0.13633328349781124,-0.059934773725484676,-0.3098174146293844,-0.25512278047581005,-0.23566446974653418,-0.28049665863264706,-0.25183483614840163,-0.1732679585186875,-0.16479466587396568,-0.21569503251030764,-0.2874780257792378,-0.2905710701504674,-0.1755932421668378,-0.1895049756816351,-0.20645108440402019,-0.18582057505986482,0.0,-0.2386125875499887,-0.2515251129718646,-0.12221356299436029,-0.4584016279556423,-0.11440001891762346,-0.27753978022386666,-0.5454545454545456,-0.1016348688632872,-0.058720674232722155,-0.19628444499564338,-0.25066934365950744,-0.16045251569799251,-0.2655337242395771,-0.24432064293367692,-0.23586782323307723,-0.15461201795534413,-0.5237553331812087,-0.4154428617950141,-0.2655830574298256,-0.20840062931261133,-0.21162340189898915,-0.5512387435199425,-0.16766034339427158,-0.37931586324542416,-0.2025790659293351,-0.01429632230271699,-0.06063833601923445,-0.19317334191288776,-0.26238019764457937,-0.28401306913863306,-0.26273807604969246,-0.37050304903183157,-0.33161902241098706,-0.2040722472830782,-0.17485447271614207,-0.2658738823212032,-0.20010607068842357,-0.11907421002139323,-0.24522247393270485
2024-11-13,-0.5634414260375805,-0.4111475888125697,-0.48375631476613795,-0.41085953547496706,-0.6177853291866611,-0.6978720936703534,-0.663672174621915,-0.28352006878037167,-0.4796458092925047,-0.5693760283949659,-0.4842704790014685,-0.2839462572010696,-0.4459027853421034,-0.3928026853140622,-0.6384418017699307,-0.525829559309264,-0.6283562752491766,-0.5604578241735326,-0.5750022439067558,-0.45244902191800035,-0.7654480360480125,-0.5903370273560189,-0.7772133765211268,-0.728552142858222,-0.6588633731870532,-0.5195240765938061,-0.3162387959106451,-0.46494164864710874,-0.6841133070835153,-0.34346380719089714,-0.6610374107744895,-0.6351165568620302,-0.34887601989651534,-0.3884211014111944,-0.6397575212054551,-0.2667166184972487,-0.5491334799006612,-0.4425434872477155,-0.6279069767441937,-0.3627285235023193,-0.7365452396745976,-0.6229117259308357,-0.4552255326059519,-0.5074039587929243,-0.5014634893393076,-0.6109634030276202,-0.7800325831621334,-0.7305111525854303,-0.7840691318327927,-0.5833237980102571,-0.612805911057073,-0.7874827619789206,-0.5314871815550016,-0.5630782022890533,-0.5090143988402166,-0.8273656430644776,-0.8387141324147092,-0.24805955632560953,-0.4414062117453196,-0.7528818609520936,-0.7681218319603572,-0.8019760163334374,-0.5573578232669767,-0.8600410335100253,-0.7958291337396376,-0.7784968519823592,-0.837233248429912,-0.28411547139386123,-0.5259104134225813,-0.7373964242207488,-0.6856450307337713,-0.7355176911034172,-0.5645043300319791,-0.5898320817681677,-0.3182147998784898,-0.586251133299012,-0.8231395279344533,-0.4991121616712305,-0.7223399326491254,-0.776181090651826,-0.6962231507161166,-0.5126092043551448,-0.6084399088429528,-0.5851990971415167,-0.7973037822974989,-0.8633691799613987,-0.6191458281942489,-0.7841789696921496,-0.759548582799867,-0.6317457357418775,-0.5074412742785461,-0.530010285606139,-0.5742571953232213,-0.7613656893230586,-0.71711593365635,-0.7638940510488289,-0.8411853945250236,-0.8290930946880273,-0.5645661593473872,-0.6827416013103975,-0.6611829962539941,-0.5612981240117916,-0.8007081039652486,-0.4661566455307551,-0.157289632815937,-0.7997024244430315,-0.8845159038519473,-0.6245495780842641,-0.6144655366026368,-0.34961038760167196,-0.3525179572663516,-0.5229688334739451,-0.5530180853573665,-0.21428571428572155,-0.4163715654424001,-0.25980418800470656,-0.6397523487559448,-0.5228871690432927,-0.5843758588384373,-0.6975193187986399,-0.29327381617951137,-0.7028288323729098,-0.5596441861079194,-0.6063519546194253,-0.5667752690867902,-0.44656317682495383,-0.7946954175237447,-0.6397611179575706,-0.3562716420295834,-0.3320817857087451,-0.5045623541567421,-0.7263189567105681,-0.7218760098047045,-0.45454545454545553,-0.7608449833929585,-0.33219838518571054,-0.779950894949267,-0.6057483653594412,-0.7259352801204523,-0.524856544166832,-0.5552145339899129,-0.4904825120463251,-0.41843340622340497,-0.48268067586515345,-0.47800934565475073,-0.23705020645408323,-0.35289813230525785,-0.534723653651608,-0.3529767579981006,-0.32674881749771767,-0.5976806224330462,-0.7812899566308612,-0.3714795615665201,-0.4525853755888117,-0.747730883510328,-0.6585293226180813,-0.5222045660964033,-0.7137539812135708,-0.6562191348938154,-0.6827280471924123,-0.3074131796703648,-0.35114216705510787,-0.27242545667040013,-0.6725617373448993,-0.4431445575756043,-0.4432540139512857,-0.6296583112377332,-0.7856668181017543,-0.6007465182283817,-0.7923985118584957,-0.6685994178275243,-0.5869703502918668,-0.5104322365501542,-0.8099217953211334,-0.5877053353219565,-0.10531797645758441,-0.6940067159070079,-0.645110967762504,-0.7402237613346131,-0.3749999999999978,-0.5214264583753631,-0.6455965221597835,-0.891308480007433,-0.7820916459702468,-0.7751572265162305,-0.7618599679380779,-0.7655582202783615,-0.7390638392148503,-0.5635936182303692,-0.5977833165652826,-0.6208179875578854,-0.6410925986302948,-0.5289090208312508,-0.8566970197645357,-0.5743044992048065,-0.7457570985728925,-0.19122246178080077,-0.5367060140094008,-0.7064219588713158,-0.5270415559855237,-0.45933529946333534,-0.24823709837374777,-0.557991560835941,-0.5539434328293619,-0.609218486649998,-0.3856855382363191,-0.4285714285714303,-0.3846022005601007,-0.5936069803889705,-0.5137028758549407,-0.6540884119515752,-0.5074065152752646,-0.5775849181274105,-0.4946581686985107,-0.6204502948070475,-0.6972279509956572,-0.3723628796683995,-0.6274595952270122,-0.5431897490915671,-0.6568916649696033,-0.4638884785991769,-0.6448820663956993,-0.647034201185276,-0.5255798893582182,-0.16279161214795007,-0.5866392346429072,-0.4650002224623626,-0.36789521561169974,-0.9393753129778643,-0.8255779581403815,-0.4720964694300951,-0.4499256950275425,-0.6580801421713826,-0.4521880562538892,-0.5811568371283125,-0.40205290964787976,-0.44223160191319233,-0.6593475456617833,-0.6292807199371215,-0.8184498354264361,-0.4107725682474352,-0.8662693352297341,-0.7509784221273653,-0.739255192031274,-0.7223832338005216,-0.500740388569275,-0.5142382616432466,-0.4703643192383971,-0.7604599033495337,-0.7683620174890633,-0.8114615216412863,-0.4685257794960492,-0.2604275081459291,-0.5873920919287737,-0.3623391002510602,-0.683699905576388,-0.7243175201225062,-0.7122561698019544,-0.5351372922897873,-0.6973814148906766,-0.7754117235416432,-0.7391472906264669,-0.47633395498094644,-0.7816617996275569,-0.26621390252465116,-0.5401951441425156,-0.40339640951851274,-0.508955239721526,-0.6969558239100301,-0.8367992172052613,-0.5915794722435136,-0.5436345965522988,-0.564255220956121,-0.592344416005767,-0.47800490213713887,-0.4005912970513646,-0.7897287204064549,-0.4350982047684279,-0.8884100081654652,-0.8147687297371803,-0.5372960755264529,-0.7970602126380996,-0.9795093849340973,-0.8619284114353457,-0.41165270961319894,-0.7793431732663831,-0.6497488522868459,-0.34447698175503344,-0.4147127392518236,-0.35948257221132734,-0.37062005976218243,-0.7558057497620797,-0.44190691916987956,-0.5544694700766826,-0.809419604858903,-0.34396703009067703,-0.3909053715406016,-0.5199864707830004,-0.642990047215018,-0.43345744870914793
2024-11-14,-0.06010896005991341,-0.06548288994218851,-0.04722693245867695,-0.07428563741908913,-0.0617448463653591,-0.1223907502532983,-0.25,-1.0,-0.5061837155563302,0.0,-0.04305324347320261,-0.12523474414427646,-0.08857687947233167,-0.20877263588880196,-0.04600647946809426,-0.06471475061001623,-0.05208140856521844,-0.3688096663242484,-0.03907400486567819,-0.0942400003155813,0.0,-0.01406922289703156,-0.049389539612444903,-0.051950757977674566,-0.025151231301056006,-0.02135391620999953,-0.10380211283960972,-0.354824270502674,-0.09655861453255746,-0.3231714990332982,-0.11246093311916565,-0.009408404618241488,-0.09037016943811571,-0.03515865366940928,-0.052680553194068086,0.0,-0.09663181388670272,0.0,-0.07624445063300708,-0.07736635654353353,0.0,-0.07080029492336316,-0.08762991450732442,-0.028926817130167468,-0.04971546458445358,-0.4487888582487023,-0.058162569144784446,-0.05202202277254959,-0.07906506777040069,-0.12588957945083476,-0.018061987320761287,-0.07354377462284492,-0.05147757255866667,-0.08309379177228718,-0.3405303438180493,0.0,-0.12050444934679735,-0.17761921666929745,0.0,-0.07881900179359849,-0.13018476247813318,-0.06705403393321531,-0.12600345491490372,-0.0758653516016138,-0.11335663483580061,-0.081697837415209,-0.13003429837695318,-0.08449120823250536,-0.019910623000661522,-0.44415938387524584,-0.038303769280303365,-0.05099042259944719,-0.1901087071329062,-0.052364121932125494,-0.09498351999750665,-0.11151838206714342,-0.051723762350524165,-0.15657415437749037,-0.14242999388683694,0.0,-0.10305432129904207,-0.08761359742875464,-0.18935239517490027,-0.010905480543196329,-0.05218944156012527,-0.022972726656478776,-0.032514335424927085,-0.2204706041798678,-0.08073075945573682,-0.10325934103483589,-0.09916554142965174,-0.014172436599193828,-0.08092501361695278,-0.05077074411013701,0.0,-0.06245439321182551,-0.08373984027456358,-0.050718497450746386,-0.0209700797101543,-0.06608221807127711,-0.06218696474620684,-0.03798807650719538,-0.07507568455691264,-0.05200765848561671,-0.019519076931492806,-0.14713663867626417,-0.03549535830359842,-0.09658974219768351,-0.013856412427865773,-0.03269486702897584,-0.18426947391283463,-0.09923071389993227,-0.20082911929494768,-0.5596832670704597,-0.022973647659709048,-0.11378794740101933,-0.052474774057835294,-0.09482701617523256,0.0,0.0,0.0,-0.05145737391319903,-0.2975680507672632,-0.40354436512158504,-0.09472827232801366,-0.08003309810274314,-0.2853375369227261,-0.5291879214113531,-0.054771575431915784,0.0,-0.4153250710675427,-0.10780916638834258,0.0,-0.08457680293247914,-0.6688766529026371,-0.030426601277624452,-0.1522772630672201,-0.03067577244553763,-0.07654491354405575,-0.08581780235041196,-0.14264478902067823,0.0,0.0,0.0,-0.09736476112839546,-0.017126561529217165,-0.045653768129295925,0.0,-0.07094558978493329,-0.017103641413691292,0.0,-0.07961138348586128,-0.02582121802394246,-0.02501255462364245,-0.060921989355460136,-0.061613275510792716,-0.10972656932734291,-0.3823766228412175,-0.2795861657176808,-0.20955245007964562,-0.08443616186464836,-0.04383079284646341,-0.05161558937196546,0.0,0.0,-0.07131296752783838,-0.21332487170181613,-0.025949418135974536,-0.612203751383776,-0.016541051360008104,-0.09030383453006263,-0.03551747043862711,-0.14605967659886349,-0.11023141884660005,0.0,-0.16940133686445932,-0.19067155536322414,-0.03338780557328131,-0.06435983812305653,-0.018198878350016205,-0.46754433713709787,-0.05535239633618625,-0.13229150958169697,-0.40779807404191304,0.0,-0.13037171571360542,-0.5812581060326708,-0.6017948268588813,-0.051450580694316614,-0.4773852056056746,-0.10207993170542547,-0.07459494484202471,-0.18089967046089717,-0.202989483582404,-0.16427207048349407,-0.03367786589909053,-0.18249353805060872,-0.13480538456586597,-0.08727936869797734,-0.5454286149527333,-0.07845307149647675,-0.33559168098530145,-0.1569681270971883,-0.01593631493233958,0.0,-0.37401859246567987,-0.2545288676697774,-0.04397490501324885,0.0,-0.2849182287983443,-0.31162191584366705,-0.08509688870978002,-0.02921397177224864,-0.5987983131206961,-0.08544354191309696,-0.2672362994726259,-0.482712609327878,-0.058503729496750576,-0.07766990291262148,-0.2810202321468117,-0.06973835320309042,-0.6449883142645956,-0.08133091955632538,-0.047477270614935785,-0.10387634918077933,-0.2922178796454303,-0.1715682931581317,-0.4468848332456608,-0.07755505340253939,-0.4857152321060001,0.0,0.0,-0.0750468943412902,-0.24353070686491354,0.0,0.0,-0.39999999999999863,-0.09313170205929482,-0.4028105286730925,-0.1161484653578946,-0.0356667159801133,-0.0702689635088494,-0.16970240952537358,-0.20290692796872872,-0.6111880307276968,-0.07692307692307483,-0.06456137979691476,-0.21701182236154323,-0.059162074176884905,-0.14215274258471228,-0.08191498526674716,-0.218414613725127,-0.0952754255257228,-0.17928955012485823,-0.09136710413567332,-0.03745713205577823,0.0,-0.029661422097003128,-0.6832731266224195,-0.04292155194010144,-0.7195163084649638,-0.08106789304149076,-0.1549535219404393,-0.4376371889367125,-0.0877378497204475,-0.012049562673065983,-0.06998281058930952,-0.04166473824861633,-0.058967124709432314,-0.11554088768897022,-0.19282399862699506,-0.04359170474637054,-0.1385915582366699,-0.09550115985156638,-0.13411380655429112,-0.04484996704087281,-0.047216000674825995,-0.15518544718391974,0.0,-0.06860022185543964,-0.055979447843090425,-0.5193194493320786,-0.21022186787406988,-0.04523391233363833,-0.1890489142589448,-0.04656481914282803,-0.05538507784925599,-0.21037575647967477,-0.09392073575192879,-0.0687497466669468,-0.06054259829210874,-0.05505086800173792,-0.13394951358044604,-0.3765616966002826,-0.02421841981663522,-0.04227751398301313,-0.09605934818750166,-0.30632147735111415,-0.2888717538552892,-0.05413318934252494
2024-11-15,-0.10805266287217101,-0.04455733930663519,-0.04082537829294225,-0.10445515355607751,-0.16330656198952734,-0.057696220936854614,0.0,-0.4865068070098078,-0.1882929013233542,-0.6466495434588283,-0.12358482286856554,-0.04370851567878442,-0.045736792379130135,-0.2688585750794618,-0.2751307156630674,0.0,-0.41540870679954794,-0.2520481888517294,-0.02563033077780613,-0.044926203122877366,-0.1832866890002273,-0.006665109173402581,-0.013128130375776093,-0.017124054275656393,-0.19952384391416622,-0.016484955059282973,-0.03868258120362926,-0.22210407734816934,-0.04906411761641122,0.0,-0.1602193472002561,-0.017517937027384998,-0.05504136422921311,-0.006435381294199975,-0.39522108237878145,-0.040083229267918866,0.0,-0.025711939535688795,0.0,-0.02962899268957581,-0.040554776541990946,-0.012704442827840497,-0.07327127452910777,0.0,0.0,0.0,-0.058753792963376676,-0.008051203833628446,-0.05390708082647386,-0.03620826257126893,-0.2755218509303784,-0.42566878614391673,0.0,-0.01715293733204599,-0.29079402163466234,0.0,-0.048694877897267515,-0.05488154522748964,-0.011932335711801984,0.0,-0.010924655964928136,-0.07686228614591126,-0.016928883814414267,0.0,-0.16834338018734463,-0.31400535551846065,-0.2765781819228988,-0.029443373239937853,-0.027530050121564457,-0.10463642725922323,0.0,-0.05028598259434046,-0.021071158019647165,-0.0061342805173603175,-0.018573288082781313,-0.5055616582720558,-0.019831551229873765,-0.02760628562511122,-0.02974157705767728,-0.6886171010591015,-0.043392532421899645,-0.03621604458056186,-0.05833181393452598,-0.028187297563956767,0.0,-0.03191961082987533,0.0,-0.006975643835333008,0.0,-0.0315341379669965,-0.04574743762823126,0.0,0.0,-0.019515850133943736,0.0,-0.035841568417975846,-0.025041212567921228,-0.07453786417933561,0.0,-0.014870175255664746,-0.05572472384473724,0.0,-0.3948548100688326,-0.008184271047090476,-0.001425728754094548,-0.048872580606067195,-0.07286305498110968,-0.020772335595884605,0.0,0.0,0.0,-0.046025566289914034,-0.06666179168618538,-0.20744599778441594,-0.3491819479340991,-0.12652097866442336,-0.05874758372401302,-0.2666666666666663,-0.2857142857142866,-0.6051924931936925,-0.4849860846495294,-0.25000000000000183,0.0,-0.5448139584874218,-0.598365016074557,-0.013471571499943633,-0.04322202955261967,-0.01361643708509296,-0.04953852682168209,0.0,-0.458648845220617,-0.06974916282394408,-0.008646094390829735,-0.026024133713972504,-0.48193443217256976,-0.012649061991459867,-0.42745009399759576,-0.2086230795132749,0.0,-0.08751297041216609,-0.060793084978601204,-0.5384615384615411,-0.02208213156579188,0.0,-0.4197100098965244,0.0,-0.09888619797887906,0.0,-0.33603090785579465,0.0,-0.05242339588825988,-0.3409090909090921,-0.024879926606399167,-0.11290287720408843,-0.021698045742216777,0.0,-0.0247807923023713,-0.11395996601701298,-0.20113362267391705,-0.043303509243494305,-0.005479499702242302,-0.0566410292879448,0.0,-0.07190806699720788,-0.3762438692084063,-0.11111111111110891,-0.42841677739106554,0.0,-0.496727594335863,-0.2633291488297022,-0.5834227379327892,-0.03582031669923068,-0.02901520549870091,0.0,-0.13034111633437737,0.0,-0.11511489812877798,-0.02349122072960295,-0.041937968745932315,-0.03198174094632224,-0.33441769589543646,-0.08739337634976556,-0.0804053433627789,0.0,-0.1263440736558283,0.0,-0.20448915888183797,-0.2521129508423086,-0.20448531334809888,-0.35017613471928116,-0.019990335616971427,-0.5604912193567735,-0.013842480714939959,-0.6283629105747973,-0.10889616121835216,-0.02714671512181676,-0.6850527846736212,-0.015379765624291592,-0.01903381775905441,-0.7301947668795871,0.0,-0.6293893511317591,-0.036351266419307644,-0.01947948235311014,-0.08969697176111036,0.0,-0.5194701103849103,0.0,0.0,-0.5430653174049231,-0.413098466045004,0.0,-0.30824884220456783,-0.4947034376324793,0.0,0.0,-0.5,-0.08774925505474464,-0.5710272683701156,-0.042132148416293154,0.0,-0.25207295713583916,-0.2826430286631832,0.0,-0.10890556382511236,-0.11192339388468552,0.0,0.0,-0.5326289863990812,-0.6069525578326588,0.0,-0.07758620297099564,-0.02823569818554102,-0.04513783984770529,-0.21119156068039563,-0.3764041008968014,-0.3656999554555816,-0.09605360621798874,-0.5254215726547999,-0.02468981300062844,-0.08486797592982566,-0.4863267061328884,-0.5293762864777785,-0.44444444444444553,-0.21524342742947652,-0.41666666666666047,-0.5234493537393861,0.0,-0.23286641051076126,0.0,-0.018208919078006234,-0.028183660517899164,-0.00611929364634093,-0.6888408436843712,-0.17131281463051537,-0.061217026344812006,-0.20353348143877215,-0.21800352596213426,-0.42587262463768083,-0.5254825812078399,-0.6169637708817476,0.0,-0.05454773285759071,-0.468668675035192,-0.1412138068181954,-0.3773464132548885,0.0,-0.14280027854619542,-0.016949152542369512,-0.0800103435203813,-0.04396705075688137,-0.011100150295744357,-0.09980357663720045,-0.11899339227884664,-0.0502596037616807,0.0,-0.024052058071488577,-0.25141586063738613,0.0,-0.10031330346606862,-0.22424246762858221,-0.3786253437769569,-0.24726967175933906,-0.07436765772841467,-0.03352178296511509,-0.3933494342753653,0.0,-0.0702178536877105,-0.07915321533843311,-0.026218260596257904,-0.01896283341376801,-0.03236877828887923,-0.14015111438364083,0.0,-0.016032046759172427,-0.009711631761462464,0.0,-0.04400161639050421,-0.04231320564563223,-0.002914761571315218
2024-11-18,-0.2940378933157576,-0.28801113134580847,-0.17928664532175023,-0.5934979311448964,-0.16414881437204482,-0.17272223998376132,-0.3718197477966069,-0.050074830530219515,-0.11064895994148113,-0.2517194348271903,-0.18090998399066197,-0.13474203451878183,-0.18500639591773846,-0.4190036902912248,-0.20081756501763534,-0.21305856442932145,-0.6225253296872559,-0.21978532780560134,-0.2119423481230063,-0.17875577386141228,-0.07902082979110196,-0.2740051108234742,-0.2396035577407799,-0.1359158340985433,-0.2718002604219649,-0.16531221205195387,-0.17647058823529566,-0.08076063114672027,-0.15200998855373796,-0.2890851480165854,-0.10428925045354444,-0.21960949976182653,-0.3286222728814931,-0.24937192859654728,-0.35971172912795446,-0.19930256228308468,-0.4223646967274675,-0.252297778659814,-0.0884937329137581,-0.1392082099312795,-0.3912409871879625,-0.18235117288700492,-0.22681368274184777,-0.15098332403133424,-0.35776871797576637,-0.13518254623708512,-0.2827907176445313,-0.5158976353870466,-0.19742474536969892,-0.1552918293668898,-0.18743483461561883,-0.2511261759121651,-0.1520269976130248,-0.2949875784951789,-0.09480383244218824,-0.18374659735433183,-0.07291738521294983,-0.22953811486549996,-0.22808954678684956,-0.11516734534761186,-0.4303285668831625,-0.20723127478706152,-0.24640870856185595,-0.14114402281160063,-0.21540093595748278,-0.16400435566629382,-0.3286110078842993,-0.16811843015325917,-0.11482713719202836,-0.08430361887166474,-0.13611362441522953,-0.13675827203901797,-0.30899940992008407,-0.21689339012867204,-0.3516786012425822,-0.003677982572068012,-0.3142429061015509,-0.49228675151084783,-0.21461311463262395,-0.6062810312851616,-0.2278791348359698,-0.16304300316116027,-0.5514581793804487,-0.577153405871037,-0.29523524968852355,-0.21092426070876372,-0.09899823551422822,-0.5566070699581358,-0.14983864327601779,-0.16107659517527625,-0.19108924405018612,-0.21821692671798024,-0.11286868303883985,-0.320576913376619,-0.20829564063586634,-0.2928983022176108,-0.19902273697457096,-0.1755004791425382,-0.16310971922614634,-0.15688290146393005,-0.12397665886114381,-0.20284921425733957,-0.1135233679464921,-0.1550578422410166,-0.28016991328099206,-0.19236103709168134,-0.4081836230835147,-0.3179428532897267,-0.22218612653046219,-0.38522067125981146,-0.16258827939731982,-0.21973543798057385,-0.13968477204246532,-0.37658649965754115,-0.18572460144783165,-0.10824757683545243,-0.42561564618232856,-0.39174702090832636,-0.5271481053168584,-0.25799532570583683,-0.479178022253051,-0.22877641688259046,-0.24487196927965332,-0.3005035527379943,-0.4938373756606956,-0.2994331753638975,-0.1723669898893122,-0.11859839301120555,-0.13665332005043754,-0.1683103094306885,-0.2982456140350874,-0.32672687149708146,-0.19756582357794583,-0.21464918962981375,-0.4165390346288056,-0.2458379174144897,-0.28883500776924925,-0.48928155266700074,-0.3497961504931519,-0.17346216665629063,-0.29774173536209253,-0.23613053638394352,-0.14987030198695564,-0.4622981036039251,-0.28462786007451885,-0.1990953972666607,-0.13405051804630302,-0.08516436242064786,-0.16948012519416183,-0.11801384252473622,-0.15532515781710415,-0.3510616675246558,-0.21978559861417457,-0.5529092186473151,-0.4288096577002733,-0.17122329156139918,-0.2151163650226256,-0.20081023939359394,-0.1924075566097433,-0.4450092132382669,-0.37074408232255496,-0.1947065614498016,-0.3154764715265772,-0.07824727931815378,-0.12356227354673605,-0.6076136367378987,-0.15176365916482165,-0.452723375446095,-0.18318547816953112,-0.4543202136904042,-0.11009629042472578,-0.5503771465815631,-0.11225958249169658,-0.11406450688447509,-0.5123398509953366,-0.33263400882035316,-0.18726310647723904,-0.29248477233162773,-0.2832540708061811,-0.20003170366805426,-0.6641898537104701,-0.18341595357522486,-0.31474657593504596,-0.6992186472963873,-0.3725468300818708,-0.2280343249422739,-0.16851234817850236,-0.09954751612812576,-0.6350704381511304,-0.23576918057362964,-0.29505063665253084,-0.2286774631909548,-0.24521048960566869,-0.10681568502483335,-0.09709997620409341,-0.1660433436132413,-0.5867417480936951,-0.2141429563807754,-0.2217141429257412,-0.8005232701851094,-0.12729182098225442,-0.33680471042720983,-0.3113601543692023,-0.1829885293765199,-0.1489261103219736,-0.3652514404150148,-0.4580079537215467,-0.7513792715735939,-0.3654973442078268,-0.41284640680179857,-0.5185398796125607,-0.2300461857628807,-0.13542523394309802,-0.6686534783015325,-0.22007163759909673,-0.378756586285324,-0.516586421147396,-0.2054666195965132,-0.019820394660010572,-0.23095631367247582,-0.473482322133333,-0.6453524690109415,-0.5040767891010074,-0.3084648930036717,-0.18538566090353503,-0.3228272209128988,-0.528425344962679,-0.2577794659130937,-0.19754368467948996,-0.39748644756231744,-0.35495296541261906,-0.3747577641784994,-0.27462029134899224,-0.1844823453394405,-0.2404713800414655,-0.18621111948904565,-0.43838943423761373,-0.36824342196595283,-0.1710980357632102,-0.27582059672115034,-0.338025894498241,-0.22291061663268727,-0.24780703110265662,-0.5708517961897686,-0.17697176753820096,-0.5605875526744434,-0.7351666274710991,-0.1959350950695627,-0.2121545675443644,-0.20500582853619995,-0.1901127872308058,-0.36783003601711517,-0.23350821715911385,-0.3659080966879015,-0.30480451462579716,-0.2765564262104565,-0.5363472256059344,-0.17214385887308442,-0.26006633416583447,-0.2871471528771798,-0.7084987287338996,-0.4243197615335697,-0.1515408980940075,-0.40934137234833284,-0.33466285261969975,-0.07465347264953082,-0.1621397203525649,-0.17645731411618212,-0.25172961988708525,-0.20589942341650183,-0.17845713962638968,-0.10566280668198601,-0.25540022139045904,-0.24326205200286122,-0.1623062572837044,-0.1574169625962892,-0.34344442834565053,-0.2099388464471327,-0.21457753349102288,-0.15259169813586346,-0.28380429202191154,-0.500919038171486,-0.30794558903827174,-0.1515542628241747,-0.30099502844404374,-0.13957461662349527,-0.32077944082238674,-0.20207588594212905,-0.26467766381015706,-0.3754527189961403,-0.11107561094504106,-0.1407116475196148,-0.22921700486189533,-0.24734282544829972,-0.37363741941396594,-0.16061127950980691,-0.27702083516884457,-0.10596542956502829,-0.3776362448618794,-0.18179153544476628
2024-11-19,-0.32668907764852456,-0.7235920096330363,-0.8999531304050923,-0.6624718885544965,-0.8808134774971518,-0.8781514482386023,-0.9467264638526519,-0.6460239571183808,-0.5704384156871563,-0.947083458668919,-0.7404869922066638,-0.854136783325171,-0.7663523423691785,-0.6737368024616789,-0.5877522129023647,-0.9502588566008249,-0.6291271400692351,-0.7583148766218468,-0.7286899395000165,-0.6857959272478744,-0.7501522054234115,-0.7894683608226105,-0.8292640791926695,-0.8757148667880733,-0.6862927315351068,-0.7915551196393853,-0.6489830521252922,-0.6122736501503904,-0.8250763969760692,-0.6708130381607931,-0.753848490291792,-0.7321716616338722,-0.5980234322173863,-0.6103767769341455,-0.959260470730974,-0.452679009450234,-0.556215718187449,-0.9908842905940527,-0.5817475564779422,-0.8802437745971496,-0.7618079548166086,-0.8640113163455058,-0.7654341747678369,-0.8459550399183735,-0.8371796797459781,-0.46201881331377076,-0.7869153139725845,-0.7595962873873074,-0.7966907753740778,-0.836096660185791,-0.945478317919345,-0.7066874582292495,-0.9294258341127671,-0.8303443359369282,-0.584148509205789,-0.5505198421433818,-0.4386172711480541,-0.659817399579874,-0.9148244196915605,-0.8746166953057232,-0.7219847821317072,-0.673741255821303,-0.6500891519511354,-0.6932194337240672,-0.9184713458374374,-0.8876340173750789,-0.6386745912446079,-0.6255832002839941,-0.8261294672282898,-0.8142453749455201,-0.6112611743732815,-0.6236926043221082,-0.9148160457496141,-0.7208778719828214,-0.7782270049888201,-0.8237714679564581,-0.7988045775964563,-0.5691848146268746,-0.7213697930940058,-0.477155287991405,-0.6543700884989703,-0.8884773664661682,-0.6465854665081749,-0.737673951457145,-0.8667146887113408,-0.8544383118066231,-0.9331882903069834,-0.8384822938835716,-0.509087823055802,-0.6863220327701367,-0.8481941840081564,-0.8295548524621024,-0.8336788986779766,-0.8622425768602031,-0.8164675199888091,-0.8443790798485967,-0.8400995137780817,-0.7899939266921084,-0.7726772807046713,-0.8999119282994382,-0.7315027510482438,-0.6748993455954183,-0.7503052457943704,-0.8074819161487613,-0.9026751517293001,-0.659562384414019,-0.808277278143517,-0.9213513262693068,-0.7756088867765435,-0.913879835357028,-0.7052653915736132,-0.9223915479429038,-0.6128702270716526,-0.3255857156302737,-0.5691038809172733,-0.8524496675791874,-0.4942205526441684,-0.5416732963644958,-0.37778612583764026,-0.3835077359177403,-0.5453327880576971,-0.7044318753766162,-0.4147975633515311,-0.24775821805343776,-0.4883000506002864,-0.7157324416954791,-0.7656811429311087,-0.37927254496801677,-0.9672374609177221,-0.7780301047803024,-0.4754905018615919,-0.8638004699457682,-0.6957877142356673,-0.672283158942118,0.0,-0.782376090205326,-0.44323892044595026,-0.48201776751622255,-0.5219502816677802,-0.8728008276883594,-0.7854280003940506,-0.974572215999353,-0.7544307417801599,-0.8338309985270767,-0.5317142290846651,-0.6023717554109037,-0.9043636781080526,-0.6414106999567092,-0.8907176163181275,-0.7759974021730113,-0.9435389210566651,-0.43055577533488026,-0.5549259665726668,-0.506517880618247,-0.6834702639570889,-0.7820389057829076,-0.6067671056589569,-0.6088510030895181,-0.41074608360302406,-0.5132093371371135,-0.7190620983804792,-0.789483790628188,-0.5089577472826489,-0.9355867498436091,-0.8108721038855758,-0.8936959055388032,-0.8073446714036228,-0.5181909519403006,-0.4339682255139003,-0.5514810556697471,-0.4887586639524509,-0.8680110704123419,-0.8321260386164553,-0.8898953195055725,-0.46339459996389115,-0.9518591234926187,-0.5561087945242548,-0.8036779209045594,-0.8002986759819063,-0.8856219324429702,-0.31670158817637195,-0.5731707317073198,-0.6776265796278179,-0.6093893820441545,-0.8657895557598891,-0.9010184454879656,-0.6293648519889156,-0.5409086267683595,-0.7849628350883582,-0.5112137461397398,-0.8076923076923048,-0.8121150511671595,-0.8332510539893121,-0.4064563646305418,-0.7863076594258128,-0.8232828979520719,-0.9468991482530069,-0.7222271996927075,-0.7781494660525768,-0.47733548474014725,-0.7988532328177719,-0.6077649000880609,-0.41850698361808997,-0.7869725165389749,-0.43105081909886905,-0.24707615766089094,-0.4210526315789488,-0.3885308406401775,-0.7384498649222921,-0.5373758114433447,-0.6587070144969793,-0.8166913950758596,-0.7670802714373238,-0.4390630571717831,-0.5177804683222904,-0.75,-0.2723712186712844,-0.6957147386487893,-0.40256019703254964,-0.8248259831197534,-0.40448372980918845,-0.54646899257846,-0.8733073498198489,-0.4330090930074168,-0.6737304768617385,-0.7973506583651705,-0.5447486433179675,-0.7383385743993434,-0.6352367898516894,-0.37082491495553754,-0.24693266553821994,-0.5678830527121541,-0.821974920166504,-0.658065610785299,-0.6784510748739722,-0.6344972170952068,-0.4281139404053677,-0.29258447844824087,-0.8131628602608602,-0.797550805412983,-0.6543725490941726,-0.7096952043466422,-0.3667429239667504,-0.4795668203133334,-0.6532566597063577,-0.5187245291721965,-0.6803445427219447,-0.5320410768127445,-0.8445380348172653,-0.9176097813401812,-0.7842554682687447,-0.7215165884186858,-0.932535179561506,-0.5542951528139398,-0.4575469642168824,-0.8837038863613198,-0.5000000000000022,-0.595502269475646,-0.4344608801884917,-0.4361040737737544,-0.5152427860108745,-0.7010238085422352,-0.6044939479576334,-0.7110196931844035,-0.5599396342185438,-0.6557001780535782,-0.7249194149130311,-0.7560042287780327,-0.5888386331943338,-0.8169352916403052,-0.7366018406048591,-0.6808547861699927,-0.7433797592898945,-0.8209066656580334,-0.6897802129323698,-0.6869034070357527,-0.7905917542391767,-0.80749319685568,-0.8390534810066507,-0.8519551347256077,-0.89166277754426,-0.5290052644334513,-0.6744082168951615,-0.7863778328546143,-0.7630733541064532,-0.8779586206036886,-0.7615884189799396,-0.7354824222661762,-0.7211996550829317,-0.6987533809526862,-0.55886436322848,-0.7016428396931416,-0.7976281107231342,-0.7979913836568954,-0.7740411218472396,-0.9396131896357665,-0.7845260371862979,-0.7564352723155884,-0.8194730776639577,-0.7793318021430579
2024-11-20,-0.21706139895469242,-0.7591723492481506,-0.5034923132040188,-0.8158306912270546,-0.7500000000000056,-0.5258428156714814,-0.589150376831685,-0.5448694032677324,-0.7555916778000785,-0.8630343137500602,-0.051224262879708854,-0.18322753915259765,-0.6284225412444302,-0.7646814460832683,-0.7697800233563069,-0.7046906620871103,-0.7054415882005438,-0.5944845752200503,-0.4314843314145059,-0.7540331441513843,-0.6666666666666715,-0.7699882158927435,-0.8210831976718396,-0.6496438170353643,-0.8752695001260654,-0.3932972906258611,-0.7374962630557415,-0.7238750378878301,-0.8998803376057918,-0.8198369774959172,-0.7809686168785263,-0.39084357793408736,-0.5952077058112454,-0.42344943322759565,-0.8733126135691622,-0.47339955911372006,-0.46413428435533555,-0.8520254999477825,-0.7620652605644029,-0.6043755981215502,-0.5331087598632369,-0.5605021072517815,-0.4649909096132008,-0.5296639594608927,-0.48148148148147857,-0.4647894902331594,-0.8384548880709097,-0.8562680798996035,-0.15560446344675155,-0.6058425627532273,-0.48249413760240617,-0.6621192629121191,-0.692993192838051,-0.513380132207847,-0.6376071481346138,-0.5645625379360857,-0.3876315614864219,-0.3622140863595632,-0.5665596265078294,-0.5455929714453511,-0.6581443818800782,-0.361426645941407,-0.3085393865642946,-0.7543532324114318,-0.13202792292075338,-0.6293816365250497,-0.5993844489599238,-0.5100504360980552,-0.7914456433010234,-0.09532696722366352,-0.687465596781235,-0.7968540019235508,-0.6076212419976994,-0.46497502025316,-0.7810476590336048,-0.8490106907990835,-0.339718415062588,-0.7776778520903733,-0.7164674039069873,-0.8234227987047713,-0.33826193688240036,-0.6173358159323522,-0.48926204856828553,-0.36663913225202127,-0.633461720352543,-0.6451711454478384,-0.58916227232458,-0.3396698697724743,-0.284842315710469,-0.4100216862184349,-0.6315789473684253,-0.502037555226854,-0.6980697658973167,-0.6044080731314002,-0.3557829386496888,-0.3904227081694936,-0.5031837832388417,-0.7733213182112932,-0.8138468409967328,-0.8533284302920335,-0.48799251201790445,-0.5503905844433634,-0.6853904371100609,-0.48979270911135325,-0.6166196866976126,-0.6794350178625709,-0.581169439995363,-0.6297103591586861,-0.4319826945992356,-0.7452085947375267,-0.8611591940908878,-0.6148076450227244,-0.8047709381906395,-0.12891002186373635,-0.6064628104100075,-0.7400280364569,-0.7481016536511371,-0.27026050518220923,-0.2800643615638568,-0.8718381952847354,-0.836684842823593,-0.5088181246386477,-0.9743603404284994,-0.6880004409453478,-0.6523154508875147,-0.5957792430686026,-0.6179890509301569,-0.1854977137489859,-0.7046791277147673,-0.6708343894777575,-0.6710221464704196,-0.5924718645440412,-0.1152258941131455,-0.5735929030459319,-0.6463029735834852,-0.6386830113215703,-0.7330535398438519,-0.475351030082674,-0.8835706513708185,-0.5162625860223624,-0.7773211982252377,-0.5,-0.5968694487879543,-0.10618628066018919,-0.21152797364918952,-0.6621392107123787,-0.7627251730830262,-0.8728243197764312,-0.7140234686358954,-0.7614607103810791,-0.6662403590002864,-0.8047702034614876,-0.7837235647977384,-0.18471600464733115,-0.39485194064572293,-0.5991421099434984,-0.6974861673024748,-0.6867459036064765,-0.5924587238144612,-0.4137028865156631,-0.5198050214808011,-0.6935121659866044,-0.5725253629893725,-0.6637782947271278,-0.7338268849285611,-0.6738467653903691,-0.49775684720983243,-0.7375107536655561,-0.673395806308199,-0.4914387515150401,-0.5542605966096115,-0.5442286390409949,-0.6764821252974463,-0.8046144191963217,-0.8075621404799335,-0.3998760148421641,-0.5789247588652637,-0.5043029006048655,-0.5451189517293646,-0.9076142414154866,-0.8966042089380366,-0.7021261604789539,-0.7298821595327957,-0.7255138587459183,-0.3404861484460977,-0.6839381089200584,-0.3407901596308927,-0.21669968946279414,-0.9318132104449056,-0.8104367047975335,-0.5358575968713234,-0.8270805903588868,-0.6400000000000006,-0.3970414331148642,-0.6507031677463743,-0.7038286926528884,-0.6555000804728418,-0.45896993889806764,-0.5467030866812727,-0.53294465266989,-0.7643646514952185,-0.7295438599588661,-0.6371128100027356,-0.5749243411317153,-0.9098428170194246,-0.1828566727465604,-0.12499999999999722,-0.5495653913568029,-0.6445430101351536,-0.7752431972390126,-0.3591636461060669,-0.5999999999999976,-0.3896624484750091,-0.6459643554301941,-0.43962025518740616,-0.4536268705220992,0.0,-0.5212445282490805,-0.5690002656629857,-0.6465271728525581,-0.41666666666666485,-0.3306277199462841,-0.13062973693948002,-0.5983111184079325,-0.6338712028784181,-0.5497904130441332,-0.31913089598248806,-0.5994810382688924,-0.6680798177519947,-0.5660681161788509,-0.5999999999999894,-0.5043177636434872,-0.5621638198944002,-0.26331677935364367,-0.513755130236042,-0.90732230977635,-0.8358535235905581,-0.5658560577268714,-0.5694514448843623,-0.5557015544565262,-0.5310111964502061,-0.8288562336548226,-0.11617922367312637,-0.4285714285714304,-0.24214688597949188,-0.7635331493211344,-0.6124973595946684,-0.6666666666666616,-0.9496507664987834,-0.4355750651423404,-0.5333333333333325,-0.5114719679591656,-0.5970751166198452,-0.6949812459013206,-0.2709429271627392,-0.589761332729259,-0.3999999999999982,-0.8022832592040386,-0.4258827831828277,-0.8453244888000023,-0.3401081794351632,-0.8249497664128775,-0.41781294595561036,-0.17296002037620933,-0.4152051446298839,-0.9289573359083663,-0.5905013360892273,-0.8811448149737636,-0.4204567106918111,-0.5649527993316047,-0.7682355994450026,-0.22981311289960085,-0.8236456785139663,-0.6017896860673199,-0.19331179462724796,-0.43582349333419373,-0.565279688410639,-0.49897834886906384,-0.7676248536771765,-0.5673758865248221,-0.5132794728659995,-0.3958829789351072,-0.628990377231783,-0.5090821216476602,-0.4701038974946133,-0.6028026504853264,-0.3179630481422149,-0.45962768909280216,-0.5205487825107861,-0.3737875288285025,-0.7075960029906928,-0.4942595327550191,-0.691629778414622,-0.6402664107281498,-0.704255726913004,-0.5592647643459194,-0.33986197935704837,-0.5244565043546141,-0.33187461937099777,-0.35870651735882936
2024-11-21,-0.3376697884411569,-0.36322432189328074,-0.4244931391486912,-0.5086503136674547,-0.41235338430630863,-0.6526811503212335,-0.7568709980764362,-0.2426902378855142,-0.35834754460392443,-0.6222001473493493,-0.501885101787916,-0.319884688328489,-0.7576796084294783,-0.3910504522197874,-0.47924361206342225,-0.7053099368022095,-0.3372180979864825,-0.4681680068190705,-0.3922322823530374,-0.4959349809325518,-0.2990320362329938,-0.5726983726430702,-0.4071441542626462,-0.6371411998325714,-0.5535828819155351,-0.46628549442338807,-0.3955270048625983,-0.6792481233278026,-0.5555555555555589,-0.19816810607525584,-0.8248967089763048,-0.43100240015502894,-0.3846109426869882,-0.46689458438791914,-0.3357778614714097,-0.8196265600818111,-0.20226242040814887,-0.29366503231124663,-0.784759580168491,-0.7468305806295132,-0.6807704079943131,-0.43726821030039026,-0.4588853626359988,-0.4638273146883849,-0.30199976287485275,-0.46269037080975234,-0.42618460964158117,-0.3748201903607376,-0.2902733957192786,-0.5595021335452257,-0.48344506557925326,-0.4785462472354916,-0.5144576035088932,-0.3352689421545022,-0.5746846118723787,-0.33794019851750273,-0.7819460573403677,-0.4009155895721371,-0.43973154517005425,-0.45164252670328575,-0.22586139335085126,-0.45584281417834227,-0.5060903029755521,-0.6878497115622453,-0.3279512608451598,-0.3313265159711609,-0.465004078129028,-0.40331044733679505,-0.5806451612903241,-0.18487246092101609,-0.5298716816834582,-0.798519357698349,-0.7205913187197148,-0.30689935033018634,-0.35543770853937817,-0.2703155624078047,-0.5941293629181735,-0.5156956177553137,-0.4528306146907568,-0.5956625743005385,-0.4772472924778211,-0.5611296468971103,-0.51894749596762,-0.529134268200169,-0.5025391205650963,-0.4871349455834542,-0.40184215393797934,-0.288621095171483,-0.11486648935732029,-0.39257686210931947,-0.26124660377006914,-0.18107580462777415,-0.17254479962939595,-0.334319580352798,-0.5890329955132437,-0.3749322970671783,-0.42713382538544803,-0.48964133231125495,-0.5685126083234924,-0.48486177094659494,-0.35638915766120355,-0.5638817685261006,-0.21876552702646573,-0.46657357644846903,-0.29648188074099435,-0.26935852952275763,-0.5023062403322048,-0.648261620440781,-0.41071428571428736,-0.5488476174637928,-0.6566202071791439,-0.39047552801435703,-0.46161444185006983,-0.44216290694416155,-0.41317253366086876,-0.5131571752808742,-0.8220188698398952,-0.44024843993309115,-0.2902491233390224,-0.43217284888723095,-0.7173490389546423,-0.6494558924430183,-0.5654593138960513,-0.33333333333333826,-0.5714285714285733,-0.6501250560717378,-0.3520473629493412,-0.41300389849086955,-0.36254445680212366,-0.41003966089571514,-0.3259965768450955,-0.5333333333333325,-0.5854711110493805,-0.3887628881287424,-0.47571548757258814,-0.42521407842433456,-0.8466129745332052,-0.4665196389264341,-0.4837590663261188,-0.42640653165729936,-0.4821865110750871,-0.37728940451324056,-0.6807036072647095,-0.5060974888694594,-0.13562713063784798,-0.3649878890507276,-0.4412953492351942,-0.532354387356283,-0.07906451867980947,-0.6492486515008709,-0.4189540190538325,-0.8643848225129789,-0.3000000000000009,-0.4136715612213942,-0.2716368263120749,-0.4647790083320533,-0.933701358072171,-0.19740936142608523,-0.7696616798093046,-0.9067830681215067,-0.47365576462596437,-0.4666162097596717,-0.13016459805539696,-0.6723346262761368,-0.43190084531582873,-0.5108221095492095,-0.6066271008300488,-0.7764077432016696,-0.46079419821140033,-0.6354844334303148,-0.09309382479270342,-0.42240303773235793,-0.3851187683678044,-0.42404289793079636,-0.54806045212447,-0.5381978786508623,-0.33814884565220255,-0.2326276753683312,-0.8587332705734056,-0.5153577946362284,-0.9500726372248465,-0.6794202398154799,-0.3192757505198965,-0.7964777354176719,-0.40862037275501506,-0.5830519448859749,-0.8287343747391002,-0.20292392697411182,-0.2157547227342261,-0.29579493208222996,-0.41259713843825147,-0.5439165817407012,-0.4607966090097783,-0.4963017913935743,-0.7628639776222362,-0.25221511940936603,-0.778642781376333,-0.5065103289360456,-0.586663563811125,-0.4272625640532335,-0.3725319433537521,-0.8143870150119541,-0.20050985142733851,-0.39327221037061333,-0.11430927662409217,-0.708430944947195,-0.33924335148987367,-0.22197745719274647,-0.5316399591207279,-0.4842318042030414,-0.7453817874507828,-0.5681293390779852,-0.4621392781846251,-0.6597077854034689,-0.6727272727272757,-0.8513040310914384,-0.7834943781633986,-0.7579368772661493,-0.5704677215037508,-0.5290511025523313,-0.3933430635409649,-0.49999999999998884,-0.6868589472433705,-0.8671628296784886,-0.8982899133020147,-0.2705613924692214,-0.308822927684643,-0.868512977808152,-0.5044350589244487,-0.4999999999999889,-0.4918700920672302,-0.25436289635975756,-0.3793103448275854,-0.9304944561371109,-0.5105084426812987,-0.618349565791888,-0.23619417630373218,-0.7589234562390947,-0.48286486271168483,-0.25659394400407715,-0.3960836777410804,-0.3326800758616283,-0.8270706838733146,-0.5070026919948222,-0.8579776187822412,-0.3749999999999917,-0.38253096115494706,-0.25527407577166095,-0.27884199080564553,-0.28875849070625964,-0.5955511644404896,-0.8878653752586505,-0.5735820995863652,-0.6242305967262854,-0.7040366868859683,-0.651584335078577,-0.5173594653790015,-0.7358655592830229,-0.4025252444989869,-0.5939986440807035,-0.4949799603664396,-0.6666666666666716,-0.5860532904376335,-0.9780067256862297,-0.5473262113134757,-0.32612136363403976,-0.6134218454151606,-0.3229588367108584,-0.39948271617878006,-0.6261486159623219,-0.8258885765425638,-0.6810959737430079,-0.4631558767474709,-0.3662274586163613,-0.6762204012394919,-0.4586321594965903,-0.3100447333908743,-0.6954749309869015,-0.3672111323221171,-0.5251396648044662,-0.6209043391493686,-0.23568739489290672,-0.5311089179559506,-0.3837359825574008,-0.5793283665203076,0.0,-0.44983066046726444,-0.5106483607654827,-0.5383990261995736,-0.31455234708600804,-0.3231734276746673,-0.3332259444605132,-0.5398317828978829,-0.41332745379402874,-0.01320253886153012,-0.38516232852884374,-0.24863132716954198,-0.629440182953513,-0.41415042454916695,-0.4056443643762446
2024-11-22,0.0,-0.03110479035211855,-0.013415564912851355,0.0,-0.08748790554974978,0.0,-0.09520177139874551,-0.04031461724636653,-0.06745388321478824,-0.02091347534945241,-0.02618525540601485,-0.04355461906504308,-0.01391498678428523,-0.0229128616744793,-0.07082529442779617,-0.027381657555103425,0.0,-0.03977847202850042,0.0,-0.04175351457187301,0.0,0.0,-0.039113536305715325,-0.09546030900141182,-0.14854674355164194,-0.018063050806713533,-0.057597789128332987,-0.052192413161389895,-0.06562076226591504,0.0,-0.015202029912539525,-0.015789164884035582,-0.03552890324630865,-0.07515350331087309,-0.036002058706254704,-0.060809917147502106,-0.07443643969544508,-0.05327899056554343,0.0,-0.03374619518052668,0.0,-0.007344492630018237,-0.06755620993831289,-0.0639259407502029,0.0,-0.013774640393009479,-0.04583558354238411,0.0,-0.15720261262768248,-0.06523482748355049,-0.012639748884812242,-0.1000520739069857,0.0,0.0,-0.019613473766896143,-0.020264436314681382,-0.04349559499803829,-0.025218841387406193,-0.07406467116597151,-0.024245961385206856,-0.022836111342611518,-0.03147655086253031,-0.08234568599451225,-0.0293746092953815,0.0,-0.047031158531534605,-0.07059209502488038,0.0,-0.016794463717700197,0.0,-0.03141363634320837,-0.040689529267463276,-0.06735637637332759,-0.01693216418877837,-0.07550194962421923,-0.08894715018353919,0.0,0.0,0.0,0.0,-0.0380777519903573,-0.03457196510572852,-0.05814077781517557,-0.11149155214406259,-0.02561003950035184,-0.051118724981312105,-0.07278660893865871,-0.026316201643532756,-0.01988831449490086,-0.07352705033665034,-0.04808923938645657,-0.06376453442577132,-0.007050618743531112,-0.00719715545445779,-0.03504595273181364,-0.011471173820663816,-0.017870371505687942,-0.010628555679436533,-0.015505293425296832,0.0,-0.14011249361943098,-0.025704657636482678,-0.07387421082799285,-0.048001843751187566,0.0,-0.08080092272603925,-0.0452559252422573,0.0,-0.030507357795918035,-0.04663416088618863,-0.5034765584107506,0.0,-0.1432638199542721,-0.04046985110896767,-0.00953363357174986,-0.4104161088253825,-0.08108342904843006,0.0,0.0,0.0,0.0,0.0,-0.03490200942113204,0.0,-0.5986991060444882,-0.06646665236646984,-0.019661714844450603,-0.08635888379286691,0.0,-0.060288085970410195,0.0,-0.05836292814274444,-0.008100163861236723,0.0,-0.2095105964115235,-0.4635131259270029,-0.39511008327281355,-0.05833005017275276,-0.08292639273987723,-0.029061218763133317,-0.05673040981817006,0.0,0.0,0.0,-0.03687375662212466,-0.03500993066985439,-0.05157370605806111,0.0,0.0,0.0,-0.028323247695282435,-0.011581991335342365,0.0,0.0,0.0,-0.037786047780783046,-0.1046750069568852,-0.06586850968050183,0.0,-0.09397484039488538,-0.041352313365228786,-0.04399799614936519,0.0,-0.16870265633984818,-0.01841154050731219,0.0,0.0,0.0,-0.2217486794544594,-0.11369108317216649,-0.046105206189098136,-0.023011566678691035,-0.08095444674079329,-0.16226174093580017,0.0,0.0,-0.03161438661278265,-0.04045751133151303,-0.22060693131005207,0.0,-0.021003859516238312,-0.05443411301546027,-0.03244225280069115,0.0,-0.0918300015477204,-0.03747724330738864,-0.047548436645858824,0.0,-0.10349873256329029,-0.23054613601526774,-0.06130591338415375,-0.07109489785328997,-0.09515383687161257,-0.0810451370099186,-0.058604297002716674,-0.05720426306189856,-0.15107142401202953,-0.0496367851881993,-0.01758759733150967,0.0,0.0,-0.5003948591359816,0.0,0.0,-0.03411170791933983,0.0,0.0,-0.028478274797397157,-0.026298496556214655,-0.07908662532090438,-0.1070576154245151,-0.05932755231505931,-0.06278848647409328,0.0,-0.015209221866291261,0.0,-0.06845261641189052,-0.004201010388929979,-0.4757633143225287,-0.07770583613327223,0.0,0.0,-0.07117776328665584,-0.03596724858753152,0.0,-0.0783873495719451,0.0,-0.026121912748812353,-0.010737022069073739,-0.07856599122772207,0.0,0.0,-0.0400496221837131,-0.1428935929803655,-0.03602612274515828,0.0,-0.10638775460512515,-0.07785908986373727,-0.05209557812575852,-0.0534043233424055,-0.05875045892014727,0.0,0.0,0.0,0.0,0.0,0.0,0.0,0.0,-0.014789888414664056,-0.13040223743861606,-0.013343462855824639,0.0,0.0,0.0,-0.08211963879363568,0.0,-0.02465536828137173,0.0,0.0,0.0,-0.0807943848798932,-0.049322074881971975,0.0,-0.06634208067115786,0.0,-0.036111443458628795,0.0,-0.02108294161576672,-0.058309971554157444,-0.007866698093009286,-0.08232772307008386,-0.14718786867344394,-0.09287832181347036,-0.3316134420834556,-0.0461263522671885,-0.01717642861730781,-0.09859222676884924,-0.06833525878124305,-0.02148758862192942,0.0,-0.03720127898249199,0.0,-0.008068185681538864,-0.012203007338047292,-0.02846946996392489,-0.09754622871151059,-0.005286694839105957,-0.021158516035783108,-0.016381886985920413,0.0,0.0,-0.07553608509044246,-0.19868218324493891,-0.06794110340234502,0.0,-0.06178289967831385,-0.004723929149035048,-0.0399873500207397,-0.04373777356321066
2024-11-25,-0.20910599118311154,-0.5580201616370434,-0.5898455326049896,-0.5601186120785522,-0.5451584461417821,-0.24288809160168037,-0.7341990841781104,-0.4088810115486996,-0.120914165721596,-0.26983740597809897,-0.21553535014903283,-0.38543254168983154,-0.5598727457166486,-0.5398924055697734,-0.5813506487701956,-0.5928153228988167,-0.38710789406152724,-0.18243057443208865,-0.3474290131635224,-0.49855809194687756,-0.41941390267478884,-0.38957378016403105,-0.4445467870026529,-0.669494820597683,-0.3047329051305658,-0.15770730331265118,-0.6333262339640877,-0.26390514816776417,-0.39370421810684353,-0.6358917824478894,-0.27534712274514767,-0.5383820168818064,-0.4551178775905549,-0.5762645966790727,-0.5326242053004598,-0.18504630532301497,-0.19416797959064652,-0.6042012641136332,-0.9136302037087122,-0.10981933597315455,-0.4843070894650484,-0.463855267213068,-0.41355337502461476,-0.6000439883890561,-0.6663201566323536,-0.9693149500117367,-0.43701449741396253,-0.4828792908025073,-0.45157990196507075,-0.5417254616160871,-0.3905754897442707,-0.3239597051239014,-0.5701012410488431,-0.5945945945945947,-0.3075530633696784,-0.24963342220218177,-0.6467288957143645,-0.36685593430561936,-0.42740419421590425,-0.3265692999889449,-0.6840242841425247,-0.6849121271337221,-0.3020726692354928,-0.26873303143803556,-0.5715869645468827,-0.5698169302717395,-0.2491145218417954,-0.04166666666666574,-0.5318424489670108,-0.2403258755230728,-0.5790272612701325,-0.2371480637668726,-0.5725443048461498,-0.3775241938638697,-0.4258118291390716,-0.32519183019419096,-0.4777111394310726,-0.3616466057577367,-0.30082528098096867,-0.14702830481798354,-0.3438152808712954,-0.4454705068108668,-0.7907151322716334,-0.4673970057405272,-0.8463705992528014,-0.5900592438952791,-0.9295346005904886,-0.5480603138335122,-0.7417144325071999,-0.2960676056637165,-0.6314737535399724,-0.7688044968632025,-0.22014085942129105,-0.7467930101792818,-0.46009312040624223,-0.510227226699941,-0.8833914185911108,-0.589029742433826,-0.4415813104673174,-0.8174095759737694,-0.3086358458630851,-0.532148262687046,-0.5322508733605196,-0.7929203960922553,0.0,-0.2847554717743228,-0.5511871590093281,-0.49414671077423833,-0.7620468010866156,-0.7007995644147887,-0.4681681350224921,-0.44688013354005274,-0.734180101064237,-0.07728895948078528,-0.2659329089372523,-0.5280411858153962,-0.27872513287516176,-0.6687620285290469,-0.3948849778314579,0.0,-0.2900963248234157,-0.28682161537312806,-0.12862487536997913,-0.30516464645079683,-0.14667195813510775,-0.4275340938022471,-0.15406038410084316,-0.14432992024598312,-0.5372440137018385,-0.4758107678088303,-0.20856877308987454,-0.5947491407052439,-0.41828636695404775,-0.33601967697928364,-0.6935144185174358,-0.26542964984127626,-0.07183223487269398,-0.5002590489702499,-0.3114868416135077,-0.6217459712239958,-0.37156998512810074,-0.3648024333952219,-0.5074934233677468,-0.4314810410346764,-0.44486127005376047,0.0,-0.2897627814131011,-0.6607649096874383,-0.22475819585982626,-0.3242240033647992,-0.5247477405783646,-0.0524691681845737,-0.516217377745984,-0.532597427590496,-0.34246090943272023,-0.6035903059769377,-0.22346595830165897,-0.6818662713912762,-0.05604632158164436,-0.18359866249573892,-0.44360638491008947,-0.43565489537754376,-0.1569229794400257,-0.7581395857283909,-0.49608096561066484,-0.37297346196818215,-0.13539363947286615,-0.25561042493570235,-0.07567994246946742,-0.5851661317501289,-0.6379423243997184,-0.3870699518809687,-0.2717589734008006,-0.46275720458437913,0.0,-0.188945218593772,-0.32321637136633197,-0.6234776059557705,-0.22037715535664193,-0.32712780753707454,-0.16213228882725078,-0.10120605149068101,-0.25245639330466396,-0.18729369836224266,-0.2641048572965777,-0.6820362470613797,-0.3955157404083156,-0.837481809401191,-0.45274771216337345,-0.38300318304918113,-0.5161655418361024,-0.02142928977954854,-0.4462060154504279,-0.3333333333333267,-0.5425002595394215,-0.6812685777861587,-0.21305027693019052,-0.7530122503379229,-0.3022388779027688,-0.7072890500078274,-0.17166616804174606,-0.0887852767314666,-0.38094159401585076,-0.3858430027017896,-0.5350260141631946,-0.18624091429928158,-0.49107165838612715,-0.3770514174216271,-0.5848306595718948,-0.03981989533192588,-0.8623699121434522,-0.8697289310117235,-0.5323565954962461,-0.5936842668067862,-0.40349201047937466,-0.5181140735723954,-0.4513668274821349,-0.4730866770524975,-0.7479448827931732,-0.7373253014429428,-0.20268682221142167,-0.2479474659580493,-0.2819110423918493,-0.3762914429533383,-0.7362587722194788,-0.2561883739755337,-0.4511987954235332,-0.28776560323751144,-0.49132301299558767,-0.5346724146817264,-0.16735715382025806,-0.28655862106166696,-0.7104308352831594,-0.4374358460334102,-0.6474132394952583,-0.32408597333785893,-0.27363262353700324,-0.3093734671192631,-0.6069266466757337,-0.46512063278681764,-0.5202382192181435,-0.46766965580381,-0.29891514465587166,-0.3943821117536134,-0.8655972676151001,-0.20250309773918027,-0.5759034741932153,-0.613042990447647,-0.8513950228094147,-0.6483134874475811,-0.8549202201890214,-0.5990737698417824,-0.445010603866853,-0.19203983337287378,-0.15588906598343105,-0.828075074596023,-0.2544325136174033,-0.34911109916216043,-0.6963397549037538,-0.29638763420764247,-0.14431783768427803,-0.28735528420526757,-0.720087233295131,-0.23072898553380072,-0.6897821940102936,-0.4480649588225133,-0.36498875175160894,-0.25878152110546987,-0.19269300526845926,-0.5549390600371065,-0.39243056225847994,-0.32889565835370177,-0.43240062137357177,-0.3214341529195078,-0.4428210987924474,-0.41182006082705064,-0.7170301830278514,-0.45538536925696227,-0.5835197012571998,-0.5629594624161652,-0.24005566800210115,-0.3709047894171481,-0.17466299823110343,-0.7070265628255267,-0.0333689739807677,-0.34459874050538414,-0.29393615275534957,-0.7913208274260489,-0.37763637833903035,-0.6441100535583798,-0.3985303877943354,-0.8890049396686697,-0.6455740674354564,-0.31853331740072577,-0.6444878013737768,-0.34533482712209573,-0.8160666410528804,-0.38058617243631565,-0.8226440450554977,-0.447726638367754
2024-11-26,-0.7346557269436669,-0.24702384346906278,-0.07056701874110911,-0.451806177286854,-0.24725277393937867,-0.28278251419995193,-0.1800996858236611,-0.7841048964026888,-0.6525512334452845,-0.04070859242147882,-0.04233685235714027,-0.3670218949632293,-0.20070871651114075,-0.4670063090500964,-0.6252089336205695,-0.11655671245288333,-0.0908608490514904,-0.706366941995696,-0.1676627124784814,-0.4337638989185328,-0.1666666666666765,-0.0751904033078347,-0.10136093005232576,-0.08385416504413638,-0.4046364642030281,-0.20038880183264846,-0.06709930372674379,-0.5362418137799466,-0.06589595794229144,-0.6118436715327941,-0.2625290365938462,-0.21166023901335118,-0.44164251293130297,-0.024565458732276346,-0.11664483940518816,-0.10712888015508061,-0.43153375967557484,-0.5416391222286046,-0.24826950365672465,-0.05317650523177662,-0.06011915212675945,-0.0322312792360973,-0.1012344622128136,-0.07057639421827774,-0.05149534599126752,-0.3295179759196427,-0.2948519528151419,-0.15621793875667775,-0.40054434122244376,-0.02356264860506127,-0.04088772697497594,-0.07894548388697839,-0.2882511272847818,-0.16542196225876357,-0.36279030957274244,-0.5223931334266029,-0.48371531906235177,-0.1018096792540297,-0.0991498831358432,-0.15177134887208224,-0.32568586511007414,0.0,-0.012749571080827906,-0.39089555709672646,-0.3910233490031364,-0.3895706369965757,-0.3785903938987269,-0.7141304661164679,-0.35582252193323,-0.7643754341787783,-0.21345570813546128,-0.36150193688902393,-0.1614411976432632,-0.02603917312014633,-0.051804345709965956,-0.13038342609215064,-0.504662312346232,-0.07423935280725237,-0.5668076081531946,-0.14655790894591092,0.0,-0.10964808482555727,-0.38675201219940175,-0.047572205749547014,-0.2913036069322315,0.0,-0.10435213656607445,-0.005700141763057321,-0.004384015451101453,-0.5702254189090178,-0.08539164425297711,-0.12300853869763152,-0.38691285863784614,-0.5872299346441592,-0.31504058653234995,0.0,-0.07099397438586301,-0.02497367677944581,-0.2937183279606034,-0.3006987050233361,-0.49336329140976337,-0.14007027553462723,-0.0176227683187646,-0.1773613245592344,-0.5549945232169462,-0.015319655971666653,-0.004817685954151166,-0.3461199078741772,-0.1312573951591721,-0.10947539394341971,-0.16856858240889833,-0.3331089715717213,-0.3869277373810255,-0.8225853699968464,-0.26282980021861896,-0.1502960457323618,-0.2807481160769505,-0.7781732142480143,-0.7389937839268711,-0.5337792926613067,-0.2291230091720331,-0.4629783497826985,-0.1483570529361559,-0.8830888993455966,-0.21871943577922193,-0.1956477574742982,-0.2581692479137861,-0.7071995936194282,-0.2714165022125931,-0.5263476629180195,-0.09270565767381567,-0.2100228722074936,-0.4020907236557399,-0.23942892812772185,-0.08029556284225278,-0.010722884197132345,-0.2718136130322858,-0.3926262434033465,-0.4898698044706939,-0.3624143112807178,-0.46329837440649074,-0.08260465501532115,0.0,-0.3376177672136486,-0.32129972066761664,-0.459283272091076,-0.511185904213764,-0.45318929062582264,-0.5017730478648832,-0.0839297049443781,-0.06027708849532664,-0.2830097784123873,-0.16965824315738084,-0.07132385581937103,-0.03371164998251464,-0.045209261906907494,-0.5228851342815506,-0.11557881974664556,-0.6478070851592925,-0.1886593122114001,-0.26134539848608507,-0.09024971549578556,-0.2837359726232396,-0.3604256636249909,-0.28472013812042973,-0.39099136073278185,-0.4970700745388877,-0.08545371060728588,-0.6331901646920741,-0.16266567548940217,-0.22073695233125695,-0.2189556656058665,-0.49936829811065725,-0.06811019863122462,-0.09204700970409904,-0.03619137830909092,-0.6539361483451858,-0.1261180608543823,-0.15638625804474665,-0.03270867887718218,-0.030804499955791608,-0.5206944575462792,-0.291865682807572,-0.3274252076969777,-0.5869000684362325,-0.47816934342599554,-0.7596131646753815,-0.5074737089560021,-0.8217693222239401,-0.843203524809129,-0.36997903989459874,-0.5410054934904204,-0.1647622506731948,-0.7117985322219221,-0.8562253771412551,-0.15341927798888993,-0.09126444187174163,-0.16051083008478345,-0.3144612001323531,-0.6559135816221563,-0.3026230383131744,-0.15612703122662128,-0.5889978537165504,-0.5114173722072745,-0.6633311981328373,-0.7195724487724235,-0.8605325255862335,-0.2345856181389192,-0.4079592067898644,-0.5432714146620192,-0.8354199763232911,-0.19999999999999643,-0.13244401973257194,-0.7663004414982623,-0.7171928960149307,-0.7708341563298098,-0.831236088329217,-0.20489717143938252,0.0,-0.4435399752518852,-0.7087053844973861,-0.7861206913276605,-0.46130099567116345,-0.3158108763076098,-0.5940601495467026,-0.3650967985670847,-0.4061160944239559,-0.5550050770869358,-0.08439587775332173,-0.8396732019181008,-0.725002259646387,-0.825825874792115,-0.25557665919442346,-0.1302086637994183,-0.028119707416591755,-0.23158421590720063,-0.6658059717545942,-0.22797152297455084,-0.3590920235824834,-0.31910832203731887,-0.1491835056312244,-0.06379462623359834,-0.6690315088461094,-0.7458200497232795,-0.8020282321860751,-0.9182029203537407,-0.7178055128724758,-0.3406110791516063,-0.5802740466831986,-0.14672731143816908,-0.20747528946992788,-0.19499650367901164,-0.2133026085554129,-0.31900076542972156,-0.5241260668379676,-0.2195513131054082,-0.4912894119654963,-0.7244685423888352,-0.8163328214202741,-0.3080553953976355,-0.8455049832808267,-0.3368569101751403,-0.11184914840675389,-0.8658276946899809,-0.007657140159413318,0.0,-0.06790840790952506,-0.594893106610915,-0.7673886613080418,-0.049023485413971,-0.2687563492320675,-0.32535423952502274,-0.45196130549130026,-0.20916577611919052,-0.20297891908495766,-0.011016954302180488,-0.1647544500378582,-0.4679897894445977,-0.756914325316258,-0.07990391545668271,-0.324288192851104,-0.18280795878628675,-0.6233070384617899,-0.1426465538126136,-0.31457987581047075,-0.17157418373700356,-0.4207535086237503,-0.3601482988659994,-0.20007277906515616,-0.02204021433933431,-0.0594574045716177,-0.14121105511603455,-0.4930093210982859,-0.393121603934308,-0.08253225359602549,-0.25024364303758834,-0.29423457925418167,-0.009656587040134867,-0.16285787920553643,-0.04518531028247483
2024-11-27,-0.935864418555028,-0.9365839442291295,-0.8640950303717753,-0.9199146427518966,-0.8774578135523474,-0.847786641241063,-0.9186705845359177,-0.7926670124867392,-0.8365310334323959,-0.9163516859209058,-0.8638214219471255,-0.6870940020884974,-0.9337008383250016,-0.726759925719714,-0.6168262181423246,-0.8900092379616612,-0.91642509624291,-0.9085101541100524,-0.8981195905608226,-0.9378307964727538,-0.823567335735801,-0.7944278518170944,-0.7929101849244842,-0.9285166218947515,-0.7661725156499355,-0.8523114485805711,-0.9284237743721934,-0.744594685969878,-0.9334260736663038,-0.8647351482579592,-0.9635961648470358,-0.8570616795799577,-0.7671234288174361,-0.836652790311977,-0.9698817374354848,-0.9136463140683418,-0.9544756099255821,-0.6861035004020855,-0.9527326540059865,-0.9330475725548733,-0.8213853313288486,-0.8678155136623819,-0.8944058410442092,-0.8694334329271646,-0.8806797571623227,-0.844047270800902,-0.786990706884542,-0.8911065060385835,-0.6102441927098005,-0.8407281471986472,-0.8827663331776995,-0.5793460778234049,-0.8695914549122334,-0.8499724115560777,-0.7918849420545512,-0.9336299280163933,-0.7858140261834843,-0.786593148639004,-0.9007699224007765,-0.917894162637874,-0.8609194015089224,-0.801018825396816,-0.8549896522724739,-0.6509548031169501,-0.8906687620817488,-0.6596167822212736,-0.9697673974489773,-0.8161908523002127,-0.9196365532525713,-0.8657958353320762,-0.5850464248535696,-0.9416413569381081,-0.9357545794389482,-0.9122740962964714,-0.8934973956441986,-0.8177004222476405,-0.618924352523665,-0.7801080617164796,-0.6690295812708139,-0.9624103464271093,-0.7762154648093323,-0.843182419260168,-0.5369222460471799,-0.7183661956823366,-0.907744950833138,-0.7862341915187527,-0.8593814787075947,-0.705702039405316,-0.8362695138140461,-0.6333866580273086,-0.7927119436975147,-0.7026913449991147,-0.7935111338767045,-0.8351704713883719,-0.6898566725217562,-0.8793021121596661,-0.826728002738421,-0.8769719819475466,-0.9295586353115068,-0.8067360321540467,-0.7709266509989141,-0.8080332074779408,-0.8212734461771538,-0.8167554248679203,-0.7925640010734926,-0.8671024707543259,-0.8487852119680391,-0.7749157514529449,-0.8188012683785744,-0.9089021330899189,-0.6089489022415187,-0.9181477700028395,-0.7173369706430823,-0.8085966765599477,-0.9462660790786147,-0.7370289581452469,-0.9438348152387255,-0.8904341158567138,-0.9503822331936139,-0.8736885934338992,-0.9408454759547197,-0.8790151648940495,-0.750542738724205,-0.9844239807110934,-0.7492459753084041,-0.8949705366665869,-0.896238543268911,-0.8352684459524572,-0.8727347085955108,-0.829017935909163,-0.8215558788250427,-0.8706667516008537,-0.8404512776975752,-0.9110169632225705,-0.5797754882288595,-0.9208119324153401,-0.8206020454287591,-0.8157393941140327,-0.8669889984503072,-0.8062876358165442,-0.8525798512556404,-0.9096068388747525,-0.8974135935276175,-0.8492949556423031,-0.8969788621679559,-0.7574660754077706,-0.8652285765053258,-0.7097034547250272,-0.7291534957782113,-0.9582619720436668,-0.8837316585673174,-0.9188455775516657,-0.883379183464185,-0.9021596839502058,-0.7442924234544186,-0.8617634934072911,-0.9960032025599982,-0.9003328648528955,-0.7924977786301503,-0.9757293132550091,-0.8540702841192016,-0.902419352082868,-0.9026993018079326,-0.8290407009847651,-0.6924713518858263,-0.8111913299828347,-0.8343538394127342,-0.723391255820957,-0.6841430990223616,-0.7715418862417283,-0.8784187893677304,-0.7171581605742396,-0.9458074853041811,-0.81539793910757,-0.8664598780611426,-0.5540021661338561,-0.5587193148480794,-0.8545349194036587,-0.8955726414225915,-0.8662811455446272,-0.8637763425011262,-0.759731695068168,-0.7477684121640751,-0.8089758633928456,-0.9676053566309919,-0.8517971049073818,-0.7435593546277202,-0.8059372708791251,-0.764749295973854,-0.7516022396865171,-0.5922566773419945,-0.8784052939490758,-0.8491586389884823,-0.8501914535758714,-0.8779619159778623,-0.8500482586033092,-0.6040440911758778,-0.8571042021024009,-0.8161502768854474,-0.8442171171496886,-0.47296137205390876,-0.721928858103175,-0.9697359081013164,-0.7830419119777988,-0.7247608931933797,-0.9267054742830326,-0.8497927548838413,-0.9572713361733518,-0.9108030615126642,-0.8137421482221563,-0.86768180350864,-0.925150089664851,-0.7005200285453658,-0.5539014275430918,-0.8961225907731182,-0.8557074558099118,-0.8504004033281747,-0.8555092117186253,-0.5619223969932835,-0.801041415520015,-0.9121748109897735,-0.7202419198505677,-0.8953473871256964,-0.8919523462108597,-0.4905056204128471,-0.6288526969391324,-0.9273574295779322,-0.8107257437321326,-0.9198096128793379,-0.6805567726454679,-0.8702013332614285,-0.8761843171455208,-0.906982896436176,-0.7950683044508527,-0.5962782003316505,-0.9208856134869169,-0.691557657370273,-0.826503477145101,-0.561075235596262,-0.8234100448195283,-0.957673179562942,-0.8723257397238517,-0.9228512797627032,-0.9459589282250571,-0.8501612713213159,-0.8723268492841474,-0.697130658482145,-0.7810490867177089,-0.6396094103186631,-0.8424511808775274,-0.8740261299377494,-0.8363802012790015,-0.9181061757882358,-0.7566273585724983,-0.9592276193949946,-0.8587818323054641,-0.9489904920505402,-0.9067981546956148,-0.9573234286036397,-0.8942330583940822,-0.8073228449113905,-0.7969524591581938,-0.9175028715019695,-0.8885415300980177,-0.700694161786305,-0.7548179608752823,-0.7794455781946081,-0.9031918071530491,-0.45836051501605785,-0.8805350302204535,-0.562880013263311,-0.9258070855176576,-0.7437174524827235,-0.876505851572462,-0.7101661973571793,-0.888862391891357,-0.614476250375131,-0.7117362564262961,-0.5325376775068116,-0.8888306386458209,-0.9662193535885523,-0.8524601705704176,-0.8156757275235965,-0.7420258281158115,-0.7619669863683685,-0.9362082972904173,-0.7076309897732631,-0.7479639715140913,-0.6993005263585451,-0.8413619052769511,-0.7707493467503619,-0.7964821290473831,-0.5911879688182661,-0.7970780370518842,-0.8519097992675014,-0.8046245423162249,-0.7881128098322273,-0.8858468984642665,-0.806580469730748,-0.6786766880419296
2024-11-28,-0.20444822446879798,-0.485432239484106,-0.06987121624219893,-0.5373529424832691,0.0,-0.08822678391796325,-0.12977956606566932,-0.1721523566559238,-0.21802520692244137,-0.21945254284634583,-0.25557961233431414,-0.46137472788123896,-0.5803185732301993,-0.058803549046391554,-0.16008433511491052,-0.13793695322943156,-0.03790214553021921,-0.15311953370605486,-0.13086861984479628,0.0,-0.17463972225338786,-0.13435472773276907,-0.5588459532179066,-0.2971250304267126,-0.3804135132317841,-0.10665759781553796,-0.10242119530679034,-0.06572748164653396,-0.22339799854949932,-0.5615018475794321,-0.4099333530168691,-0.17833823566915413,-0.054252080794194316,-0.3116780112853073,-0.2577827183457706,-0.4233606317713897,-0.23473923747156994,-0.3842014738836787,-0.15242319843639285,-0.06079609517311219,-0.11391169830550785,-0.08508016697086507,-0.17818321770587453,-0.048188019638843185,-0.3095067270568084,-0.22951011900594684,-0.14769681970836568,-0.3970661296075346,-0.35895467009288046,-0.03805499995756693,-0.11118940410716065,-0.4592566475651638,-0.19045117378701257,-0.1441154947913453,-0.3402454493685602,-0.06280964904632187,-0.2705568455207426,-0.5665944526006981,-0.12951919096799586,-0.12925131378998553,-0.21237735640613653,-0.3483148984881466,-0.05111314351071216,-0.08170684293559494,-0.06987121624219896,-0.08117067668237277,-0.20792916071399906,-0.10114649105985077,-0.8515541702258899,-0.2010972034059334,-0.13414950278408472,-0.16219395551721594,-0.15947360210396774,-0.06427011945345194,-0.14684370769785465,-0.09454478058687243,-0.13802762862021725,-0.17000438460781914,-0.09766708151680191,-0.29687366389501313,-0.16309630852612467,-0.16208606969247297,-0.10512190436961905,-0.05641537058163752,-0.038024702926201324,-0.36640527104416853,-0.3051263337563665,-0.06751838035129434,-0.006357496356932488,-0.1514923531544339,-0.04390488367220879,-0.054365167460273645,-0.4628108905944862,-0.083662154548035,-0.17965131452270636,-0.0679947842361604,-0.06485185288541838,-0.07548775874283414,-0.3332448208016336,-0.14668832204536186,-0.3198020501892374,-0.21721719193888891,-0.24547837493412286,-0.047744264821647626,-0.19920663814932887,-0.025758581432626392,-0.0710508070435194,-0.20519268522235606,-0.1606991838213741,-0.11803149325991334,-0.1826324740587913,-0.2206567159504648,-0.07702212690885336,-0.5378293284020771,-0.4237808384400127,-0.48718017021425,-0.22873856109961582,-0.89852841273591,-0.3949495597708814,-0.571428571428577,-0.4850757068549098,-0.16865706549951226,-0.07182652592727193,-0.6977008564328379,-0.378620531251396,-0.10847576538068827,-0.5161088181051903,-0.44060538995579834,-0.18749999999999584,-0.5133273929808518,-0.11891714525833431,-0.18543514101135564,-0.12271782261230556,-0.34842525209499126,-0.5637631623502914,-0.0750287948786919,-0.4559643909677495,-0.04755000105497541,-0.09890924798154467,-0.05575968686704052,-0.4911240743463525,-0.04685901130759308,-0.17538296194396935,-0.3044066630793108,-0.027693753012442195,-0.272485300194672,-0.25802105029349315,-0.39525448049327505,-0.46748542313452474,-0.030977027395708526,-0.09913758651938852,-0.21296502331373357,-0.11543847531892037,-0.22764643156056394,-0.22831978412479,-0.15622202475499566,-0.16802167308073346,-0.5092807415191445,-0.7051725783046522,-0.20416652348802047,-0.04352230599990954,-0.4041295266566969,-0.5491769790815385,-0.18977877026879558,-0.011937730689949657,-0.5087010965051504,-0.30884657843068614,-0.30168200866977357,-0.3078694819021183,-0.46251439068261063,-0.6268523994114745,-0.061494901194408105,-0.11306849284567021,-0.05256481993522124,-0.2952372626406136,-0.05600620375726819,-0.3635021211420388,-0.07028574514149945,-0.02032705702252636,-0.21388747628605187,-0.5665872826720687,-0.2206749873812867,-0.05777279322822619,-0.8295768097840632,-0.25275935515297615,-0.2727272727272683,-0.07126267743454824,-0.744378777087172,-0.07841263523949364,-0.5383548213356218,-0.4985928483347553,-0.04429827701555681,-0.1394386277874229,-0.6317050646356485,-0.12797322570517317,-0.20569127299315923,-0.2617862081332382,-0.12617579993630468,-0.023449728366448454,-0.16720204735477498,-0.42730735910219253,-0.5290092309348658,-0.09550534657884001,-0.14418431715327612,-0.0790190085846705,-0.5111914981804832,-0.6608289910165169,-0.35136396854429447,0.0,-0.0782891369877703,-0.7713067132002405,-0.2606562175164213,-0.480637735438952,-0.7270893134826016,-0.30429572993172743,-0.16262259910729648,-0.4343706869317181,-0.06070207441607317,-0.06963769463225908,-0.17745065247158173,-0.36936280781912845,-0.5714285714285768,-0.07215830629543422,-0.19068005683060024,-0.14471287657067033,-0.09386778579236801,-0.338368488834622,-0.22246501907398197,-0.06158703595023252,-0.2884147796023709,-0.4958264006571178,-0.49553574288438246,-0.20629962222626946,-0.14800156608901405,-0.19062132432136727,-0.048852458401790144,-0.15312233021053714,-0.140240350286215,-0.14307523180818418,-0.12770586281596946,-0.46647974374900236,-0.22066683248705857,-0.7817569356367305,-0.5917583670240147,-0.6818181818181815,-0.5678793366314108,-0.12812485299538054,-0.5,0.0,-0.1390897459604054,-0.1575047884988487,-0.21010329816630327,-0.18386363555867077,-0.27965127452941335,-0.27979446754478654,-0.157548659499495,-0.5,-0.08705486760206375,-0.4472152865066153,-0.7112177200749983,-0.4950495439668986,-0.20852756998375144,-0.2774845139299038,-0.30000000000000093,-0.3808762192432657,-0.25736007976789455,-0.15418787257293776,-0.6963607533170255,-0.26920674202546657,-0.025548475091821326,-0.16152098592928166,-0.5508338102497438,-0.307194226810946,-0.08653760659378106,-0.2673635660642044,-0.0816439528135649,-0.1976998519670016,-0.2812203229448232,-0.13204142792889592,-0.38060148215957845,-0.13398921318692114,-0.21452369301566462,-0.32250084627549025,-0.3353425700262485,-0.0858132775335829,-0.4749258255896156,-0.5156711231998286,-0.24573161173501282,-0.01696080615336307,-0.019737548681615574,-0.08794730356789243,-0.1224455552642929,-0.26563944759795155,-0.29684843117536136,-0.28148148148148305,-0.01631192249537051,-0.21192840344197791,-0.09485699586613659,-0.27529257686226494,-0.07680002434420972
2024-11-29,-0.33187134728409023,-0.5254802866827101,-0.5630901052222483,-0.3333333333333317,-0.6659061078602976,-0.438113430514554,-0.3287892053206057,-0.581088930257042,-0.46035162275437286,-0.7228549223896988,-0.681959520664207,-0.30865625837241034,-0.5585907685069417,-0.4203269711844853,-0.034521757934520246,-0.48486331218848755,-0.5767782939679623,-0.7698156553852259,-0.48500962527120034,-0.8173125953828996,-0.5964660577936983,-0.7377434510369116,-0.5777952917560641,-0.45684672463143894,-0.4753058807656852,-0.504217164169081,-0.8124582496134598,-0.42193515026132217,-0.6357761165286149,-0.9119514650743319,-0.6385921162926412,-0.6209112176343417,-0.6706908917154282,-0.5979991858151604,-0.6754640304315879,-0.49667423796323856,-0.6519219463707034,-0.5212510876023582,-0.6883968423051886,-0.7139500454548996,-0.47514708480323314,-0.5541920608916369,-0.6013998215331186,-0.6739027488414984,-0.605735241525847,-0.6378333840857338,-0.6784827359933925,-0.8086700516970297,-0.5368339955286903,-0.5179080016531107,-0.6417355878340981,-0.4142670239523735,-0.4084215449647928,-0.46437709298170826,-0.2958812975996252,-0.4681261975414456,-0.89773254546201,-0.5577614864078478,-0.45649535042698547,-0.6898487672407696,-0.5442994972571824,-0.5157594326875633,-0.5253084636190598,-0.47182007629121137,-0.32812510252386784,-0.6269710369880779,-0.4611782182118041,-0.7049758356227787,-0.44832942468483034,-0.5546406974982315,-0.6269532547989605,-0.6833916421639874,-0.3455059965133055,-0.5092531125762633,-0.7413134223516575,-0.5816333100099803,-0.4938714982079689,-0.37261707436560204,-0.6533631850237629,-0.5848109153622779,-0.5393963166547907,-0.5273148483966754,-0.3280739640540892,-0.3611480956551043,-0.512786534143833,-0.6697863579639943,-0.5343863066481614,-0.5621733342591927,-0.6284082070493675,-0.3853437882027849,-0.5852478666403308,-0.4814325912451635,-0.5155921051849858,-0.5183881802303338,-0.39442297822175776,-0.6361912328082856,-0.5991168417440235,-0.6082591700716841,-0.5917416277777952,-0.68038010275822,-0.6640713491785153,-0.49126879557164815,-0.4613514827443147,-0.5092778205385289,-0.2545368663419162,-0.5165481498449699,-0.5092381984886182,-0.5690393899149321,-0.5497192547535407,-0.5775419889506263,-0.845167522205739,-0.5347761630546862,-0.5846537182375435,-0.17201955091282703,-0.455504470744768,-0.6666666666666667,-0.8619237661054464,-0.32874960510058193,-0.1950002531494678,-0.43683427441751166,-0.0780920992079174,-0.16512631987837934,0.0,0.0,-0.738390735307193,-0.406722091083112,-0.550748745731931,-0.04499451724595093,-0.853118486913073,-0.5032081519375828,-0.3713733348120049,-0.4362928169640988,-0.5953897304864569,-0.652941269393418,-0.4079206513798525,-0.6467387523668464,-0.2333311658067957,-0.5793767664748558,-0.6861220654494126,-0.5928283519557818,-0.36300687719387786,-0.40259139732856164,-0.726012701873387,-0.6953236898461526,-0.7244051568459553,-0.5601564036995041,-0.616104932454307,-0.6284143830836303,-0.5082989708899577,-0.6809916079480945,-0.7260849762569805,-0.36908959046060064,-0.8036339627919545,-0.1606973872089309,-0.47839075111403756,-0.5271977893449092,-0.630245738560953,-0.093567577159166,-0.29134256727171215,-0.8999338504891259,-0.46938829861510095,-0.6122856616840379,-0.3420892783153571,-0.46653564122461666,-0.7525376141586826,-0.6522088136189349,-0.12182401898701775,-0.3283072895378219,-0.32053267116569967,-0.5153730869038594,-0.3629813408251305,-0.571843593738527,-0.7427270328258162,-0.6876938462507408,-0.28260195936790417,-0.3406873431512001,-0.3320775892232893,-0.3727300276005743,-0.5809218973749577,-0.6213644588290191,-0.5851028433117036,-0.27441726382229814,-0.7283559138362093,-0.051107785626641755,-0.4945415370455519,-0.440338730059522,-0.506422400201324,-0.6959614658135614,-0.5968083417252049,-0.27630216115658274,-0.41962251191339844,-0.3635329813181245,-0.2766203531887412,-0.5036818692118059,-0.31546768999053426,-0.6588536455042125,-0.6543091005752546,-0.5008786731442303,-0.3958757850657644,-0.0941277026412988,-0.6363089241681182,-0.5016584529213775,-0.45072310947340527,-0.4287456892856475,-0.5040079444405161,-0.10027731541475715,-0.43291104863667074,-0.446762581070582,-0.30147712049063613,-0.4103845618597103,-0.3918723224377719,-0.4305411398006313,-0.7360601819326769,-0.13299320041112042,-0.15075040656322436,-0.3583555130969781,-0.06025443041646352,-0.4208039629067085,-0.5801219470022023,-0.42934091110634054,-0.3937985697947498,-0.1147717904654228,-0.5676392706692623,-0.4069022759399108,-0.4110281406282943,-0.5286697534690421,-0.19999999999999643,-0.30266783836813316,-0.43103259033122987,-0.25715602605676613,-0.37187501743364,-0.1261281515262638,-0.3593367551428004,-0.6998249082831293,-0.46435808967286873,-0.6954992526477901,-0.32567669245518716,-0.5678346924506807,-0.44166388238530696,-0.16799877697640822,-0.49588551020913063,-0.3189900165058672,-0.5714285714285768,0.0,-0.2229210336898194,-0.12499999999999721,-0.5916521059064084,-0.6386595024982024,-0.6509687841919449,-0.6747764135960926,-0.5132969658466068,-0.41449883520299374,-0.5890438022450286,-0.27150723049715686,-0.512764933966772,-0.4496511400480137,-0.4914385587196994,-0.38603571788315005,0.0,-0.4592906298044219,0.0,-0.8391442629615575,-0.4631044731978135,-0.06772930195644643,-0.6076487036751664,-0.6543325180817124,-0.5676978140661217,-0.5484660729677967,-0.4580116471806345,-0.7386582841598666,-0.0704714853856333,-0.5487921484325748,-0.5839453043002807,-0.5503612315318265,-0.3449038242604676,-0.5665764141864074,-0.6839374801428665,-0.7124607450859263,-0.522961781178857,-0.5180746402250292,-0.6853849690525227,-0.6417726188681905,-0.7515231056441499,-0.5865302515821479,-0.5241078707934287,-0.499961500307787,-0.4556827048603158,-0.5216006677661877,-0.3600611344665695,-0.6851744636330307,-0.5954211695620132,-0.6612195277263689,-0.3497953463993339,-0.5983252928569599,-0.5423492030053153,-0.7381536843805532,-0.5708446985554019,-0.6514229282455046,-0.6656792675249438,-0.474688679914968
2024-12-02,-0.8888888888888911,-0.698308322251529,-0.9322917302819933,-0.5947211921031117,-0.835213067812592,-0.6117026144058424,-0.7752035560004951,-0.547145289106402,-0.6571181826782018,-0.8261317390070821,-0.22652264538253689,-0.4336615010126965,-0.8019962047239655,-0.5834432197440087,-0.7419693530003594,-0.6251781471652818,-0.7217903617801431,-0.8574006917035644,-0.5737757751115065,-0.9033777986895282,-0.49423969285471114,-0.5595803770301295,-0.4598353694430674,-0.6845543307067108,-0.7560943096531816,-0.6814734918966237,-0.7675222769833805,-0.6352646416675803,-0.8937159682038187,-0.7835473308992335,-0.790137768185415,-0.5297547714156278,-0.768734433781155,-0.5774581074724675,-0.8307696413549043,-0.5138288418916198,-0.8331497063817946,-0.4845607620938294,-0.591170306815619,-0.7529523369907829,-0.6760606892365568,-0.8528290665124156,-0.5891663933886299,-0.8931625466688438,-0.8277607257627063,-0.29113991553096796,-0.8213086256737598,-0.6000669903415283,-0.40904456881368984,-0.6469948925217575,-0.7348410534464451,-0.43781414141394215,-0.8439207802718411,-0.73630320215306,-0.8438429169421414,-0.6453705154607311,-0.5889217189877459,-0.6413118837560907,-0.8240650213479189,-0.7897705024319753,-0.8569324473835013,-0.39753021635468316,-0.8247007818436636,-0.6959037888481945,-0.8257708462994408,-0.6583700143505572,-0.7561841595164325,-0.8270096735774018,-0.7993102963070607,-0.7272727272727263,-0.330489413069451,-0.7465302054265487,-0.7806827695435505,-0.749920261892512,-0.375015857947085,-0.7355213813071348,-0.8760954645454649,-0.7460867988825066,-0.6168496686255043,-0.6786677607491677,-0.6575445643640426,-0.5953652327644143,-0.7499601519871885,-0.6173883070833437,-0.7965439329389492,-0.6751286025624672,-0.7474363075651271,-0.5920640229930905,-0.8124106435375392,-0.5843324929191325,-0.768364377057917,-0.692961137958737,-0.5197139814039712,-0.6445142062006425,-0.6108016631487017,-0.7421874516527049,-0.5283494647520381,-0.6050237641006736,-0.6266607872477823,-0.5412358741742465,-0.4869985907888513,-0.7337327854204441,-0.6205777429090771,-0.7717383415944685,-0.33919032424014445,-0.8851052759287327,-0.5718636063002528,-0.6832630350780806,-0.7659269524265968,-0.838426008976047,-0.4992434164401292,-0.6768333523958648,-0.6411293402595125,-0.9037865504267734,-0.6687180568195524,-0.7308848132484184,-0.8522934751297977,-0.15891568734631983,-0.8126046874842405,-0.5665362323351817,-0.7184079084134354,-0.8575216390313462,-0.8897246242877612,-0.3413329690840073,-0.456661397724418,-0.7215901472419034,-0.31414809083586975,-0.6405439815438119,-0.7214186088047096,-0.659876140785,-0.6411757617121299,-0.7983841305746121,-0.4020268824813655,-0.8369384914018606,-0.4853262824465593,-0.8311351011086345,-0.16666666666666421,-0.7059105989222128,-0.6983373903155939,-0.873427521045693,-0.44264200658359976,-0.8485046654263978,-0.591091472321939,-0.43893031370983027,-0.8517216866300298,-0.5667929787940367,-0.8654459579975498,-0.5444751639258907,-0.9078997044535501,-0.8079970881368889,-0.9082739375705214,-0.5719604537397583,-0.874470254391277,-0.8137768438639005,-0.8978548897444373,-0.7106954746005077,-0.8484960935228366,-0.7184941282901073,-0.6670585368380576,-0.8103422391523163,-0.592311559148101,-0.6729998861798935,-0.4606084820866575,-0.6019216378420694,-0.334888387898384,-0.6024654953321004,-0.7210879824574165,-0.6688118460077512,-0.7774484200671836,-0.43570609359576945,-0.7126460233409908,-0.21095156132337028,-0.6936398343203597,-0.6367222638457252,-0.764073240211045,-0.878730325181339,-0.2767417151262109,-0.6922072187865689,-0.854198991189143,-0.6760628244506237,-0.49190955596200403,-0.4609550747085021,-0.4600901499634528,-0.7264503965766036,-0.8116574826250591,-0.7563327698564027,-0.04733039765919096,-0.331818726433181,-1.0,-0.458206949024369,-0.5421725248992486,-0.3900923268827398,-0.6703182474377439,-0.5036818692117984,-0.2568893955544544,-0.9065207327764292,-0.3640447507058073,-0.7932889085284605,-0.6542658849097538,-0.6370117923505323,-0.6628690635102213,-0.15223417286872337,-0.7935692526491431,-0.6456592191846148,-0.6696276447735939,-0.7947825088588316,-0.09841141686555549,-0.7173296779783965,-0.721884572917644,-0.8442022087669415,-0.16992706597079762,-0.6622768834425633,0.0,-1.0,-0.7329529014610026,-0.6620879294262136,-0.32285736118929,-0.8015527277302635,-0.4261651055358187,-0.6994193597643061,-0.740414971431101,-0.5123552522102872,-0.6989776726547209,-0.8246984056848372,-0.16116757599562923,-0.740106540162913,-0.9423788794580353,-0.6168365118799937,-0.7906141477440641,-0.8892062577700962,-0.8314683942754132,-0.7352595668354045,-0.7527331333690243,-0.4931431688809881,-0.6220437330648936,-0.7435605350463167,-0.8079674092706981,-0.29634150720915947,-0.5493225487332382,-0.2651049860448326,-0.5989882863629447,-0.9478604092157024,-0.56305182796868,-0.6083797584091658,-0.2588302192595835,-0.38444537036286064,-0.7489375722360742,-0.7506328110042577,-0.7266009151711387,-0.41574808971674837,-0.6875834363888389,-0.5555640069575958,-0.6932788082453315,-0.9230769230769246,-0.23388492560032828,-0.8296447663944853,-0.6666666666666716,-0.8463849352105058,-0.5558372653153278,-0.7718976474940602,-0.8333333333333358,-0.7551696374700874,-0.7634115597352557,-0.4240895967185415,-0.28754217710306845,-0.8170671641803681,-0.8076320011945746,-0.7873795738516105,-0.8236384790805406,-0.5206902236347735,-0.7360515122147944,-0.4939653206255301,-0.8323694453220157,-0.7279365619712878,-0.5952100906149151,-0.7540905893923606,-0.8867795101947602,-0.5059096484850841,-0.6227199460717522,-0.6893210344955033,-0.5264754254619267,-0.922185554324219,-0.7732952254626273,-0.5428453431885114,-0.4834484355913952,-0.5540974590471397,-0.19472370085252172,-0.7044408047429548,-0.34432345019144955,-0.5711931243066768,-0.6523940573107987,-0.8817971483137065,-0.5339221292418581,-0.749195909657155,-0.7546391555635281,-0.6945373617279721,-0.22791970538093134,-0.43397768178692975,-0.7069490883832479,-0.5650057135930784
2024-12-03,-0.885602750332187,-0.7385483032544812,-0.47140259466318357,-0.6775242014282749,-0.631691587783475,-0.579178554433915,-0.6935897867923365,-0.5644300652078806,-0.75808763185103,-0.5111769053482754,-0.30830058860317605,-0.5211265842017588,-0.6588006185574451,-0.6744427314945042,-0.33349095868107126,-0.3647043178551626,-0.31690993156850894,-0.8638664574759721,-0.6262274661907284,-0.8385670107573684,-0.6069929314402327,-0.37040619034563255,-0.32547938056275555,-0.8087384576280334,-0.6075566311185854,-0.3566617183889045,-0.7686840059404887,-0.5154552483260717,-0.4730366599498073,-0.5883380017523999,-0.7176545896688201,-0.4294842715519984,-0.2604351459787185,-0.31352119154303654,-0.987864221531742,-0.46584729363949184,-0.08952750130302566,-0.14012024442481924,-0.25404522339013547,-0.7145436476990646,-0.5492967997044435,-0.42151984265891257,-0.3784953768793256,-0.3245457165321178,-0.4305019300366153,-0.944342824047551,-0.20949389314111497,-0.4861690492461173,-0.5348752010464075,-0.29047132911106516,-0.4884202318048524,-0.3650296749443245,-0.8628495137855489,-0.6703927990512047,-0.4338212495530639,-0.6797105529072847,-0.6910414347403693,-0.19733291736007114,-0.7064956974782045,-0.4845795233280827,-0.28467793663634267,-0.24744373382391988,-0.29776368740385256,-0.4905423366913874,-0.6093456143989128,-0.3093254255251957,-0.4056481051900982,-0.24604131967774853,-0.4062854721753923,-0.4443186910524346,-0.16831937233151248,-0.23631332108922445,-0.6147573908294072,-0.23619577172473671,-0.23048821615235776,-0.26605295698606063,-0.32810349306476155,-0.4842521837570439,-0.825421554682946,-0.8710757556189843,-0.39244403339607437,-0.6850057823070775,-0.44122399244330585,-0.43190214664016985,-0.4731472929490895,-0.608680997978042,-0.5223948295718985,-0.3853764111620975,-0.4914271507041076,-0.2798254239104981,-0.7683679723569903,-0.4136396215472852,-0.23085184917503607,-0.6721216012331864,-0.4813799038524727,-0.29771055031916005,-0.3662918914176068,-0.4628414508466631,-0.46957948227773144,-0.7478524178383058,-0.5800115447146656,-0.7004352908866929,-0.09379363191445506,-0.5118969772514298,-0.22703832565129162,-0.2819742890836867,-0.2897650131821467,-0.41099679123329635,-0.4440634411275503,-0.34939742954245345,-0.6288242744681256,-0.5197699665395014,-0.12504762419627544,-0.9053554396125918,-0.5245005283038079,-0.4,-0.7987121777744877,-0.8586184584477651,-0.9163169248048109,-0.9261418703281226,-0.7664401034488585,-0.7452254325279569,-0.8728049199010417,-0.9688982461315429,-0.17440529992819995,-0.5154711456005757,-0.4792968380333705,-0.8265754283069573,-0.8839708308155306,-0.586113896863353,-0.8499060730558483,-0.6048520898644465,-0.3940707317101279,-0.4053395735361366,-0.457346450787875,-0.33324257316147066,-0.38902589022390166,-0.675294685162737,-0.453442849112963,-0.7301806976647917,-0.26415268843472917,-0.8263668983093158,-0.7876073780745105,-0.8229943382059373,-0.39016635064218136,-0.12212183638810835,-0.5481213128688575,-0.5108583304093264,-0.5182252576293528,-0.8722835788276119,-0.6364215726823623,-0.7582256051606782,-0.7450515654531485,-0.46226789900405396,-0.7893755075857847,-0.2971060105486606,-0.7352598939888465,-0.045922361668067804,-0.8240785197722983,-0.3367570241148661,-0.5393828685639015,-0.28514159174127096,-0.7912749866329056,-0.2841223358852986,-0.6346477442701819,-0.6589959764018187,-0.6842486309466742,-0.3649026740468205,-0.8756539773449401,-0.5400908773918772,-0.4600195022838059,-0.3104775636788595,-0.5099899271231102,-0.3096543126793678,-0.6778965284852425,-0.5634620852620448,-0.5743450883453176,-0.6908630563434056,-0.4038859950031313,-0.25576012680327154,-0.8505312487687865,-0.833162147806132,-0.668382814888353,-0.6899301750227512,-0.7828332573014327,-0.6337645434094784,-0.867425601430577,-0.9721077579292685,-0.7790987976823004,-0.8677959513471739,-0.6737729357411216,-0.2705215585472586,-0.6344443247264363,-0.9433577454874403,-0.9137684747692538,-0.5327026961451397,-0.23080390788571525,-0.6271765427781048,-0.5918339089600928,-0.9015110935065356,-0.22746158947531264,-0.07137778668722383,-0.6841638425823792,-0.3326246174299231,-0.6050439435699182,-0.9289397391015782,-0.9401885950693027,-0.8117061542860192,-0.7637460731616517,-0.7687557507419052,-0.8545266157416743,-0.7327196365025053,-1.0,-0.9208334484178788,-0.7868893608603371,-0.8679292042138591,-0.8003083450793709,-0.6888575404912093,-0.30511837529246905,-0.7458871206672183,-0.7245846478639327,-0.9372260942250765,-0.7381769976818101,-0.7937903375206811,-0.5516669412035056,-0.10310321282645765,-0.9569030982425786,-0.7593987094788214,-0.6696178714223815,-0.8868825657924247,-0.8580316502170244,-0.7964997890552262,-0.6656592862838803,-0.39111828542080296,-0.355850161866905,-0.8069821403207154,-0.8553750936056695,-0.8909474974491719,-0.34611646936676976,-0.5714272497186009,-0.7188106526824033,-0.6343594812999821,-0.8358523605698461,-0.8716465430705612,-0.9015170050487792,-0.9456653709630986,-0.6061831694954166,-0.7343755482229714,-0.9613648291662131,-0.40083020589425106,-0.6791050734402487,-0.4990484197714581,-0.3931672851659393,-0.8563355919425829,-0.9368325163184376,-0.6396299835653158,-0.9500102539293632,-0.8957888153335059,-0.860541095647048,-0.7283757987850001,-0.8398602608347423,-0.5832589891804352,-0.5446909760543699,-0.8286820858529735,-0.348924767414928,-0.5096956838137003,-0.6713713454350498,-0.43959247182707417,-0.6092733794512531,-0.34157710239138567,-0.5821584061909993,-0.6974771002289372,-0.12400803671810252,-0.339131304013033,-0.29999285020879274,-0.45045729552877506,-0.08218916743021869,-0.6357262701068874,-0.3134547100104462,-0.36603266810820184,-0.46686304552163355,-0.6497694235557662,-0.536161466682635,-0.6125555641853268,-0.16123086862570757,-0.2829872764608687,-0.42377261686484263,-0.6417718638208998,-0.3368889213007892,-0.3115628236984065,-0.7566213974021901,-0.3900855209366776,-0.40167597292967305,-0.6629571863771873,-0.2747691278790629,-0.1515230982986608,-0.30940298171156416,-0.5263144473412241,-0.41273664852545267,-0.3188628956238546
2024-12-04,-0.5576087253694076,-0.12833548722436072,-0.2766749906879054,-0.11222396371633543,-0.165886590760197,-0.4347556181918472,-0.2830177173728005,-0.2367678011489268,-0.705670397591937,-0.46746551766754746,-0.24642013852426287,-0.30525721216796864,-0.29491716922849304,-0.35302931395435,-0.37555870467658903,-0.26200058246965074,-0.16398370730144615,-0.411947806242117,-0.29636258280675337,-0.4937028511955593,-0.15143990038243998,-0.07887841003718965,-0.18645144336575947,-0.3506044060601454,-0.2789375662318311,-0.22027963374171056,-0.3061144100570058,-0.46044276542649326,-0.25757989743691373,-0.1614166012497698,-0.7634061664434301,-0.13396452724112656,-0.28129228725025046,-0.20262614181139138,-0.4939321107658648,-0.53215747528975,-0.19492291650050622,-0.13344580100261247,-0.2578467000439269,-0.20537554299511915,-0.5308130614038026,-0.07983136082730921,-0.48502012112459375,-0.2351098877549242,-0.1458556169134586,-0.620416351585621,-0.08243328266115883,-0.08267166327621002,-0.32431132041802674,-0.3548295842687462,-0.1715734527872424,-0.30214914647843116,-0.1879935106745366,-0.12207897450784455,-0.22267156840975952,-0.1712760053914518,-0.2226689855246333,-0.14085585561245664,-0.15447608520492875,-0.1307920242845473,-0.0782844481330599,-0.1331599156051454,-0.14220433409240726,-0.24438675947494926,-0.3622481858889705,-0.15760328169551346,-0.2668739446172094,-0.15617577997499907,-0.2759449762036801,-0.6215258563047636,-0.1943244879413595,-0.2570659070530373,-0.4369971061042121,-0.11996912548906306,-0.06624742769152411,-0.19156064527166158,-0.20607406136108694,-0.23456304142481865,-0.250333245988248,-0.7402111592176357,-0.10224438451532354,-0.4606349418809419,-0.14224535525683887,-0.14568908229060432,-0.13328704969612343,-0.45384434074440616,-0.11633864865191663,-0.14327759653936167,-0.019750047558924393,-0.18748783628019533,-0.07839490982429054,-0.1259689802656579,-0.2971870941295887,-0.20839797630738707,-0.2129392330476887,-0.16873978311532684,-0.2770253199959224,-0.14769604607262776,-0.19152162429538624,-0.25546259382982633,-0.04345917142494845,-0.3332147955437191,-0.12692378056369835,-0.17221264909072923,-0.6954989089118472,-0.20628315979355885,-0.3573212288022462,-0.13502448533428188,-0.23759286448693223,-0.158626446192641,-0.2626243650450598,-0.18685512588654668,-0.2184885542697278,-0.8258775254987443,-0.11895313644591815,-0.1540709666972807,-0.6713814050585004,-0.7396495768382285,-0.6584767579702645,-0.5042516761900617,-0.6108862091339621,-0.3750000000000028,-0.8999353178690602,-0.7973260157029496,-0.30614681751955397,-0.3205526696882973,-0.22199767233848128,-0.5193080845901223,-0.3513229522283373,-0.1722269095218208,-0.561198045630231,-0.23474228547679885,-0.5368550347168802,-0.14491717419171313,-0.07837743641982209,-0.1981600855979367,-0.21817032828139843,-0.7454743389052602,-0.5588304129055397,-0.6231615770670412,-0.4653674803509575,-0.7442750026332547,-0.18923813937915665,-0.3375103906251894,-0.5951633777297134,-0.2107317231912154,-0.09547270505953767,-0.3502663997254205,-0.39022711504552604,-0.4274911565904655,-0.07049710046882784,-0.6000417828896117,-0.6275938441007178,-0.06634215107778683,-0.1554208796698674,-0.08425767726785774,-0.6587989342391366,-0.1347357083389305,-0.732233004661284,-0.40328675306723255,-0.2008641326165909,-0.015145923505975585,-0.6164181071139799,-0.07712997570505152,-0.2453566357176826,-0.19622768135670582,-0.6664983081276222,-0.22563888370520258,-0.6224746791949465,-0.15828505521757658,-0.3401998869750847,-0.10395560801823095,-0.21879482522429755,-0.10338385722108112,-0.6595895899750756,-0.7546748082112384,-0.4600344611325805,-0.2656481933454483,-0.22042402759504065,-0.3334439477532912,-0.8313274326690279,-0.6790649432842712,-0.5115905274166493,-0.8134768251879474,-0.20663659298346468,-0.286440666580247,-0.7563819921455897,-0.8159418718426723,-0.771951572845734,-0.6870181354362038,-0.284347520694908,-0.683825279948415,-0.3230905563599075,-0.9574531057566373,-0.5384615384615374,-0.05629008971669244,-0.416181892086814,-0.2883467108075476,-0.2981643700189738,-0.7079700877865098,-0.8943043179597413,-0.43841433654417306,-0.33185606856770594,-0.16730161434907795,-0.09994413435962025,-0.6912404699475403,-0.6493665729550013,-0.19657092180350638,-0.3549595908772679,-0.6965642486761106,-0.663675856706714,-0.201975119870814,-0.15241224316490193,-0.6998561757808112,-0.3573757118364953,-0.5034246447252652,-0.6783127160015036,-0.43955837879085424,-0.09080615726874756,-0.2708138135834513,-0.7327907044398795,-0.78602463775867,-0.2948291246186106,-0.41259854468912904,-0.4681241743862204,-0.12698772135404318,-0.3484366472053898,-0.2874097322753483,-0.23454248064149083,-0.5891307227625423,-0.3388703106732304,-0.1183641051058216,-0.47707131131331015,-0.4475280761042188,-0.4257987729909124,-0.8087941908618449,-0.6948532183294435,-0.5030562256116538,-0.16312599569223424,-0.24134338211946205,-0.3333333333333333,-0.5143227399001032,-0.9375000000000014,-0.8401901742795793,-0.7021251733456808,-0.7909039307322692,-0.31137003319065837,-0.2608209229362527,-0.26045575927683484,-0.24403452059461073,-0.047166777225071975,-0.3524810975288699,-0.19125404569509183,-0.7793494989951708,-0.5133854841125608,-0.3558917071777261,-0.6666666666666715,-0.709909059483029,-0.777359807053118,-0.761761741995775,-0.8091570356700902,-0.173683235920254,-0.3399405135580193,-0.712291391444385,-0.5664749041914631,-0.7003272390552329,-0.27285076139881104,-0.1501334452263265,-0.4464936512251628,-0.1690679344231798,-0.7568099909934519,-0.50452469081517,-0.198421637005675,-0.11066382602194709,-0.2610693922349212,-0.14845352309762272,-0.1582799388854429,-0.6414350480759754,-0.36477701412104174,-0.2270164846041676,-0.46666666666666423,-0.13265121903444418,-0.6100784712868145,-0.04688267905640919,-0.19464465655469224,-0.1519837579413925,-0.277955646547423,-0.23796743007598956,-0.22571025788257681,-0.14272721481215442,-0.2603462503648115,-0.13814524652241736,-0.3278751640042109,-0.7564906856998972,-0.21145046986224755,-0.19183695722625557,-0.2520844580099953,-0.21546667705569078,-0.1575278324855655,-0.13149995122817829
2024-12-05,-0.33333333333332676,-0.76869168856949,-0.5349735874090584,-0.9514656876067491,-0.49999999999999256,-0.8698398131071136,-0.7497470877690785,-0.8824330602615841,-0.20376618103375935,-0.4494084061012807,-0.30633763968758615,-0.8394542249700487,-0.6196554684571263,-0.43798187824895485,-0.2653533968582059,-0.6043338488971405,-0.5652621338133093,-0.11410259969820205,-0.18063052503302185,-0.46231528222456286,-0.4941589426518013,-0.617637038678639,-0.5812581506579185,-0.4643769568979427,-0.512337970523649,-0.6264864291024802,-0.8634937459662166,-0.45170643712402825,-0.5895721357260953,-0.8551204898015791,-0.5917777281417974,-0.7409084987783524,-0.711575047889027,-0.4039009543857587,-0.33743837414266775,-0.6032982575154104,-0.5679292746780674,-0.5292278085993505,-0.32479601716240103,-0.49553308403999824,-0.6527971683002574,-0.183923841316378,-0.3567620085668126,-0.8538908380356709,-0.6944477957359749,-0.8901042660037852,-0.6842896216078861,-0.4128111246874697,-0.2766532715113691,-0.5491435782821134,-0.5102020201530132,-0.23666141929673265,-0.600000000000007,-0.6968433187296496,-0.7419848353643594,-0.39703210229037267,-0.3553000656222399,-0.15887466465589486,-0.6495282478668699,-0.811322519067527,-0.7506510412756183,-0.6712194813170734,-0.949105636153568,-0.5254437483301089,-0.3927983974405911,-0.6938761017295115,-0.23591731398698063,-0.7375621852708636,-0.5585500962471602,-0.2877509456351881,-0.3888983644614571,-0.8217114504848918,-0.7492372199166406,-0.4963456109277369,-0.11501959043957084,-0.8846660836203927,-0.4549629648550552,-0.27683115683423476,-0.2091080612448968,-0.5062188289846725,-0.410963506606983,-0.3848603785335672,-0.6338717580291217,-0.6246586186352933,-0.9083687386202002,-0.49008582468011175,-0.5780302107320139,-0.54454777325918,-0.34641963240690865,-0.47239977029356145,-0.5758917398260287,-0.27523569784827934,-0.5762584930564059,-0.6766429583951127,-0.3159862398970606,-0.580141758430444,-0.3704872968676521,-0.5356347060220769,-0.6451767456209163,-0.33936147367441366,-0.3726713928603137,-0.26118817376417947,-0.4208671236856252,-0.45817754791869664,-0.3126157877229708,-0.6536758819557639,-0.6729855337920305,-0.3249940494027811,-0.529299014765964,-0.5660417540749473,-0.5453541947406932,-0.6299183558440474,-0.20307258738528355,-0.06806131848043631,-0.3453487032649394,-0.7311567426489469,-0.33808159487880307,-0.22660228890140144,-0.20249996894454883,-0.23586345453307414,-0.8508863667024372,-0.1875000000000014,-0.12537026473706203,-0.2095676667040649,-0.8301047406171428,-0.40335573716717565,-0.5938121071323088,-0.3866358035943709,-0.06458037784620695,-0.5709457947526979,-0.15384615384615072,-0.6788444522811536,-0.7820969235372541,-0.40047669528149504,-0.6867372995313469,-0.3890156125634958,-0.9280884380782458,-0.6120106452276224,-0.3929042759999627,-0.7525962862286047,-0.12678568533852416,-0.27669747171904446,-0.3449781784603826,-0.5191304542579978,-0.7097789947581633,-0.5244694899385843,-0.2907928983172005,-0.6736841486472689,-0.3305478432452102,-0.37493935959465374,-0.4881146483658298,-0.18026898680991454,-0.22424154816953543,-0.19603261770413816,-0.8475379268736895,-0.4029968462680349,-0.4062755092178661,-0.4488207738141474,-0.12716753390348814,-0.25731861875805073,-0.5922619735021653,-0.3914570344647812,-0.5948159204762473,-0.6587195869936834,-0.5153887747309934,-0.7669673754098623,-0.0961059798490418,-0.20715491524431523,-0.16548762018377103,-0.641008624546432,-0.17892396296357063,-0.6613538061547861,-0.6769395250068123,-0.6317069875817336,-0.2554110547746085,-0.28962191602474696,-0.6985227922440325,-0.2928499004684797,-0.3836219603015576,-0.8388012105662067,-0.370458619153573,-0.24284482567215845,-0.7174662662341467,-0.21204023908340713,-0.20442460740195456,-0.7756461936133298,-0.2022598640527239,-0.3275303183576399,-0.09744742624006959,-0.2388981241016659,-0.6084889966616261,-0.521654995478307,-0.5331796454867215,-0.20439865860693818,-0.22645893949906193,-0.6954147395523781,-0.6875709297654949,-0.7591894339911822,-0.5627487272234202,-0.43464533066507194,-0.6154672259380083,-0.8450428683368167,-0.43118785198168263,-0.7387576989228379,-0.6704994667698604,-0.16226586607187454,-0.19999999999999646,-0.2921879294192203,-0.5740969518144161,-0.7054210696688191,-0.3255636672797104,-0.7712628975120708,-0.09242278600031063,-0.3919357487748567,-0.3396018582390584,-0.11420593866999938,0.0,-0.14661633579453698,-0.5843227670434902,-0.7425901100405359,-0.19848485546788375,-0.29761147712922503,-0.2244190778751329,-0.21444266593738065,-0.5591187021127454,-0.308208086748911,-0.5074848967466505,-0.1743105828239962,-0.240757476670461,-0.4909422689687838,-0.1464523608315681,-0.8257987234002403,-0.5081106562514678,-0.2993693288716533,-0.6010252978093824,-0.3972961566188126,-0.1494494513992121,-0.4526620889230087,-0.656350141241165,-0.3895807804486137,-0.29300951276795756,-0.18163867696512445,-0.48019271188475154,-0.14678155589923536,-0.10834553699746681,-0.25455638061587055,-0.24512814542583056,-0.6526024751745348,-0.1065019340597118,-0.38139252847294375,-0.49285444412809276,-0.7552757216254751,-0.4975014327595061,-0.7222222222222276,-0.1969818182411833,-0.5597786354313262,-0.3333333333333284,-0.23105221381386176,-0.5223024102957844,-0.42857142857142616,0.0,-0.7578124325352318,-0.5796488613079014,-0.6756327404392218,-0.35381890821914375,-0.13941516839511908,-0.4357461702034722,-0.569124077031379,-0.43683706730627603,-0.30379807346891813,-0.7349232879849625,-0.4270680937836063,-0.35629506598435623,-0.49763459606220795,-0.5476220403271187,-0.42662422378956333,-0.3293129463512238,-0.5765460329754931,-0.9191718750207608,-0.34711921870424284,-0.1538411472771578,-0.6156989447962556,-0.6664668992654659,-0.6683938303147191,-0.6377693865334574,-0.17085536430412987,-0.40771925232837447,-0.2586955070622264,-0.5853495541863684,-0.3081192282385276,-0.4337963349898313,-0.8998513900550723,-0.7518895011421249,-0.4749286378424623,-0.062054305155676316,-0.48992373221152996,-0.2587494146298621,-0.6581279021010285,-0.6316198347648595,-0.3873491937554566
2024-12-06,-0.7744643693248547,-0.7548626345884383,-0.7569745710643209,-0.6595637077045269,-0.777486175891317,-0.30213979160732213,-0.7368748707967097,-0.898483670220283,-0.7681734155009542,-0.5801544615307884,-0.6026430465733306,-0.31943494603002365,-0.898849427852938,-0.6601214895972893,-0.5512938898211126,-0.65055274425382,-0.7482906603349908,-0.2919428819451013,-0.6846025651314189,-0.8368175779203594,-0.8085648450811497,-0.7259424538381224,-0.8944002866583703,-0.442366525364341,-0.15595769297892642,-0.8454480554558392,-0.5086105896375388,-0.5013225479150902,-0.8167478144580185,-0.41666666666666485,-0.4623389382996636,-0.8045314015631645,-0.45214403763257494,-0.62801809086212,-0.7326510689790561,-0.46750379098201345,-0.8311537893720863,-0.4674679685158383,-0.71231936574266,-0.7251255256251602,-0.40131112831932675,-0.7716917776996702,-0.757276112916532,-0.6997019451377888,-0.8027107065155875,-0.6767049547278781,-0.8419487643651912,-0.5401549487073362,-0.688170281346748,-0.48385409363739834,-0.5767513989083479,-0.5454015421589599,-0.8473490576635725,-0.6883961926529986,-0.6286646204299561,-0.25220069064270334,-0.585025941333917,-0.706615801113776,-0.6538563902877883,-0.8731374039288896,-0.8395891746448843,-0.6332194537413534,-0.5967428873048717,-0.6661016616125282,-0.8218380553428083,-0.6874766933562142,-0.72409609698329,-0.7979316403072823,-0.895515829678432,-0.6517780063717364,-0.7399186692702248,-0.27217520052942407,-0.5984711861299891,-0.7268976282753892,-0.6798772760114241,-0.6045386696606939,-0.6706105774713917,-0.8348993469138812,-0.7198063455289477,-0.48780546555520476,-0.48881662221995686,-0.606067119180584,-0.2961120164776124,-0.4939307221825645,-0.7499106373738005,-0.6572552912473407,-0.8439269992611704,-0.776015551489948,-0.7095727408222129,-0.21559599715206193,-0.5656996002554924,-0.5553212407302133,-0.8124557953017999,-0.6886046200848206,-0.665821728302436,-0.7564946082820064,-0.6531331504152977,-0.6953981277415662,-0.6109140101664194,-0.6983762251181316,-0.6378581589761678,-0.6334350754631742,-0.7213577423851262,-0.621210273373483,-0.7501665952715956,-0.6373150174381067,-0.7835668292094777,-0.5966781590308613,-0.7328440074308862,-0.841086563333672,-0.2209931760524433,-0.734485840979203,-0.6405832386213458,-0.4514999998149337,-0.86195104515612,-0.6705198664021288,-0.7614928729472952,-0.6330884375917312,-0.5506263799125906,-0.8213740388439962,-0.7128261913167871,-0.8380621875608616,-0.6151213792023361,-0.4845928683383165,-0.7796077572542544,-0.5642272903631586,-0.5305347312037817,-0.7766990005445256,-0.6164391325985156,-0.6060637752585917,-0.6414170955552669,-0.6998970119921782,-0.15152116471340607,-0.8647702860135658,-0.08189606713797143,-0.8073498189226754,-0.6892833390545197,-0.3848298874846386,-0.5737491824597566,-0.7410536765500001,-0.6565757789074622,-0.8731984890065975,-0.6159780259421761,-0.8094535401599582,-0.43706880414698285,-0.6776410371428294,-0.719351312164857,-0.7253267993117419,-0.6104868498632371,-0.8552895948635698,-0.8028837282972534,-0.6661714188062149,-0.715422690599829,-0.5109973719418223,-0.4670667290380305,-0.6631229897309597,-0.5469500162480215,-0.6825445202813132,-0.4087850880291658,-0.9614807376276326,-0.31089984202436943,-0.6269082440381774,-0.6450317627846043,-0.5678345756193326,-0.7684323762831454,-0.6546408099239988,-0.5600000000000023,-0.3603033936867041,-0.7241932054848228,-0.5482996350034702,-0.7817464259630492,-0.7973123008868708,-0.7207622028656862,-0.8062244508052137,-0.6387766533348064,-0.6776018646626845,-0.4307383284395342,-0.5794972418186795,-0.7494979425304261,-0.787938433559875,-0.18175732186965227,-0.7403196501559245,-0.2186961703720586,-0.07885295061325708,-0.8116574826250591,-0.7035910194640541,-0.6398811016507836,-0.43388898385391234,-0.1420666045196112,-0.18146016805553492,-0.3866160433642009,-0.8211061898121063,-0.6668595346978076,-0.8037435693591184,-0.3364958660113777,-0.8332993186115482,-0.6692830953300534,-0.5573893551367812,-0.607311625617118,-0.5398817555650062,-0.6840489806830323,-0.7402168450916421,-0.48652201613398,-0.8298056936725525,-0.47211856956113774,-0.5682444752174777,-0.7566419182377802,-0.7047350422524843,-0.6577199118942129,-0.026960278976302883,-0.5999999999999976,-0.647706970830011,-0.49914402883566966,-0.4311386932332876,-0.6209163673969703,-0.5206115966629007,-0.5599719068052729,-0.49061817582018796,-0.4832626814052997,-0.45256902099679136,-0.7433175333182676,-0.7415523323856592,-0.862301589611417,-0.5254802060017548,-0.6687672200779564,-0.6787363071446574,-0.800891915380559,-0.43501786754592425,-0.6238406835976986,-0.6629060899575058,-0.43355172823432253,-0.716878077664516,-0.6309542993552892,-0.6804277659988234,-0.3784213499416185,-0.30939982611823313,-0.5384615384615374,-0.6467794803562242,-0.43533214904682915,-0.3808443910194421,-0.4237060696689142,-0.6447243388285482,-0.6999999999999991,-0.7010616291059947,-0.2208496370345529,-0.4067464870575185,-0.5939052026371756,-0.7715006799714675,-0.8545465148144138,-0.7596752244078329,-0.6097872781956966,-0.6107926491614816,-0.6833405108118182,-0.2038758536555055,-0.7779492063989047,-0.661558295582608,-0.6334508427856543,-0.39437421061623645,-0.7098538303757719,-0.6553195709749338,-0.42023371798415643,-0.8268159736118815,-0.7006951812171381,-0.2857142857142848,-0.415655550924306,-0.6181016294941541,-0.5347257359377905,-0.7442944368593628,-0.4388223329151847,-0.6834520235593677,-0.17287766353009162,-0.2419394659432207,-0.5083973178416438,-0.6986663425316375,-0.7006906634778121,-0.6598730044568172,-0.8664535815623342,-0.5145380344484289,-0.8432684986500094,-0.836833490993816,-0.9602173420338079,-0.7404813828966736,-0.4750569005493061,-0.7434762131811661,-0.603404190898567,-0.6610750609472761,-0.5490872695325294,-0.7810279998713402,-0.3053037513385939,-0.76108778959612,-0.6239760216601238,-0.9180649846221624,-0.23163532621463545,-0.326350940804767,-0.568424972012185,-0.7982861152008267,-0.7024367442163825,-0.5404532455570826,-0.9222151803163625,-0.6754529861678013
2024-12-09,-0.6049102284906567,-0.14303097293388076,-0.3455206452482143,-0.16830776601998823,-0.7038132341692315,-0.31885560527296253,-0.40258499882590204,-0.277079215722771,-0.6555781224578162,-0.28995015374524774,-0.6225712968514391,-0.6365994269012412,-0.3321510835422388,-0.3146727797609718,-0.5701021649961646,-0.3791916223355259,-0.18026551573691219,-0.71951419738205,-0.24610903708796975,-0.3546949237565114,-0.43865502077241697,-0.3491732535943283,-0.22916409791854422,-0.4649986886589749,-0.2944295555478686,-0.4034650070282265,-0.460001756882567,-0.27636082329784606,-0.40638284972672767,-0.21921720893096844,-0.78918664853822,-0.47857572648010405,-0.7869660299982411,-0.2958219599043247,-0.5061049337349551,-0.3590458863425172,-0.4725532032847387,-0.2251864948200433,-0.5023320855030023,-0.2047475629599183,-0.35898068575557973,-0.31485373030650765,-0.5251364200922592,-0.3594119301803433,-0.20150403403961226,-0.26688981498460945,-0.1890517794171677,-0.4060633079237609,-0.6540066595880855,-0.3270597292699067,-0.23496255177576145,-0.5192183168551968,-0.1900201251113495,-0.32900694193613766,-0.26541496870719145,-0.7357598045863436,-0.5858953812752854,-0.2796991348680232,-0.27052651963101904,-0.5594054733350607,-0.22956186579697085,-0.38762889416746876,-0.30101528653381243,-0.2549732382773435,-0.48711409575953624,-0.5043674908004765,-0.43541203606811807,-0.4620038086392338,-0.17417749217571435,-0.4109050756067888,-0.5922165564474263,-0.1952478944761129,-0.20058195768533846,-0.8455857387202225,-0.04530621449707915,-0.5096527087679683,-0.4659993846732487,-0.6295114493876753,-0.6828069697397297,-0.6504862088366774,-0.4691083309243743,-0.281386820840962,-0.3150107973557156,-0.3636764795582867,-0.14766274657479428,-0.43568464355419395,-0.2549529805516631,-0.3099292141387782,-0.3223166559782652,-0.26564467495904215,-0.21825123874734073,-0.33086831943652856,-0.7737808709610385,-0.691011548515341,-0.2826219509886751,-0.2633958408970707,-0.35640573688337224,-0.4960495355310602,-0.13191611354161947,-0.40134792787362794,-0.6704793998239158,-0.6797324434558737,-0.21905981501899918,-0.031202013981185998,-0.33095659483551937,-0.33966902291403284,-0.36201307834406465,-0.21800253939550426,-0.34035535192832905,-0.4151885283488419,-0.7456385399503547,-0.30765884083512335,-0.34726149357171854,-0.24870868044929698,-0.24545974649563326,-0.1613386598696486,-0.5007875348415259,-0.5699310111527933,-0.5000000000000074,-0.37183278842129625,-0.733952092047829,-0.6716361437919379,-0.696514039897431,-0.8609655641448446,-0.5911284790510798,-0.590137874298426,-0.3891995447995078,-0.5389431394768663,-0.5197604240575467,-0.10455667473954167,-0.5389721703041473,-0.4127866947703518,-0.1229748324235014,-0.09935873040661648,-0.2413760890340089,-0.25357169748458913,-0.8348760217924047,-0.2676382576732034,-0.7314775050975951,-0.5277357732384717,-0.2616898504110093,-0.7997705022020077,-0.11184822120200333,-0.11819504525343755,-0.522087111501619,-0.33001872688972467,-0.24131145544548585,-0.3045182862232792,-0.5907631655295743,-0.26439279587352976,-0.3848925876800843,-0.5488996154082743,-0.10282736416269296,-0.13235657289486574,-0.4860020100928313,-0.30254741721385653,-0.4116991383900301,-0.2700593286947925,-0.3425917008385359,-0.6092789555451169,-0.1714228072536257,-0.2969701684485207,-0.3029211405132449,-0.26927925393173985,-0.42761059228960485,-0.26567469122298176,-0.5465848178467405,-0.7709552078749377,-0.6760243714782179,-0.184263125253351,-0.6360062191381269,-0.24399507107989177,-0.2987197556189861,-0.506717121385195,-0.6457915036596558,-0.6455006581987612,-0.4819931309621622,-0.48694239089569347,-0.13746927282194982,-0.6410779316531885,-0.7918810444940642,-0.3781233567194958,-0.19773434800712048,-0.7876000517901993,-0.19999999999999643,-0.29401777561063785,-0.764872236932429,-0.5088337035969216,-0.7213610065704004,-0.44470040362982727,-0.35971263825177296,-0.7656908629829934,-0.4773305009423647,-0.37230604564533154,-0.5384615384615374,-0.24387520861616344,-0.3397178553826925,-0.49928806243544316,-0.40939072473104393,-0.6272538338139377,-0.5015802250527102,-0.6911667206331248,-0.10688969971305765,-0.23394167555471812,-0.0768777103283638,-0.6071311859316934,-0.6278533307536156,-0.39046405832422015,-0.31625323296518854,-0.667113012768089,-0.7635418488047375,-0.37711944711715445,-0.3572246981484188,-0.6518332686378925,-0.45197241056060455,-0.5651399554255948,-0.7174976984366932,-0.6228536047850995,-0.29597226653895686,-0.3996847049160818,-0.41848689592313476,-0.4374564635496048,-0.32899311480915905,-0.20744904756169882,-0.22077507865058532,-0.7165495684304385,-0.3382496692452985,-0.5901182305147025,-0.2551419369441551,-0.44239253724523314,-0.40652104996908794,-0.3110080097531796,-0.5118564874283851,-0.27752911953499715,-0.1847711362008994,-0.4416013673629526,-0.5860301579371618,-0.8004223070153055,-0.33290754339964795,-0.5818852566148276,-0.22905910311701025,-0.09501175841896337,-0.7914899934853995,-0.695390338930712,-0.505849161245163,-0.7280767099586015,-0.4544272710924911,-0.3403358897774571,-0.5653583463947044,-0.12697423888807677,-0.3776873184425007,-0.43575389124067243,-0.22269781277092987,-0.8556815703479307,-0.5286970020622618,-0.5170827137723233,-0.6445202609366901,-0.8273318535939045,-0.6036451897552115,-0.7765544299106706,-0.7619118396081976,-0.32991806161695053,-0.45949338906733367,-0.5837187471319883,-0.2586619881713105,-0.6081963725590058,-0.513556806752912,-0.39034585185007564,-0.6011404496719672,-0.2470766287109149,-0.5255116936498341,-0.5456845828656823,-0.20905944007794444,-0.4340755516263711,-0.2758314223787144,-0.18994013269895074,-0.6085156127120964,-0.17392665999300236,-0.0854501693864496,-0.19406344012075685,-0.43734135797282997,-0.07031755866576263,-0.5059796407131445,-0.27218041211626764,-0.3629467156647189,-0.5755983670403252,-0.5122388631342895,-0.16236430063657648,-0.7304623368645095,-0.2770923922566452,-0.3044488737358322,-0.277051735359595,-0.6263655241455914,-0.4993998092722288,-0.26298986004035163,-0.18800182612102595,-0.2909647746748551,-0.23477080300820122,-0.15482313001484554,-0.3079733845740356
2024-12-10,-0.20950566810479962,0.0,-0.07603403585190342,-0.06849452968329565,-0.4223670418196235,-0.34272878556581765,-0.09365438873226219,-0.09849607690423696,-0.020807537084496817,-0.08365843659851264,-0.07384899088927631,-0.06576347287126331,-0.031947069559507456,-0.09494187172194642,-0.09848235772353732,-0.48022177670720995,-0.04811998002395677,-0.05028748396544251,-0.1289087626143822,-0.04379857049083826,-0.25288680541014313,-0.07446887760980264,-0.2639496590628185,-0.03065986740588602,-0.14746832523593795,-0.11060030868038306,-0.043315469636254586,-0.03805377521857593,-0.04599862447820847,-0.24045794835380097,-0.09527582281969271,-0.027571081349208063,-0.07580789648256914,-0.06545676344408126,-0.10527944711838706,-0.20777711973560967,-0.06430673305477083,-0.09164800240746215,-0.1064173511538222,-0.22312874483324913,-0.10714285714285794,-0.07715903624931446,-0.08943767671187652,-0.06987753059042766,-0.031816210072676744,-0.1189735806560704,-0.13790895202255554,-0.0793883724710868,-0.04988831921073162,-0.4172537039143819,-0.12398633026583718,-0.058003129117198245,-0.06054708833761148,-0.0383593218215502,-0.09788288227649514,-0.31318871517023084,-0.06959643397549638,-0.16964839830521328,-0.07936491365008955,-0.044617795196880757,-0.0929821488007182,-0.09019139579035487,-0.10225325286114521,-0.21250220757210486,-0.08613046257551896,-0.018768303202748728,-0.05495952708390393,-0.16047676204194705,-0.07966390564527671,-0.07846541186041615,-0.0661421880178648,-0.00831589758322582,-0.038848118877489166,-0.02409042098701027,-0.1358606786324747,-0.15241345907186493,-0.12840455346892737,-0.19440083290853807,-0.7070916684511012,-0.134513516180502,-0.05806560001177118,-0.047615682006180673,-0.01392714765555222,-0.1341662057287598,-0.057491896656433714,-0.05303976254345437,-0.08259547214183303,-0.11071799667393083,-0.06708007152465183,-0.2784463812310251,-0.0345281542340495,-0.08443036099605734,-0.12745314745112105,-0.15057292194416216,-0.04417875981225768,-0.03368592039062388,-0.0903019298521444,-0.03200417843286413,-0.09007050757710522,-0.1790297109198683,-0.09102535048890974,-0.12371636912344726,-0.16320942760081777,-0.12007937641558596,-0.11659629122452424,-0.026735688204696902,-0.0656335241498528,-0.06983051813496548,-0.06342865417749126,-0.044203986791025926,-0.5649927026795978,-0.04666592770689032,-0.1063026328914664,-0.4329624925846321,-0.0441522841949942,-0.361424951841011,-0.05802143000057074,-0.48839767304405496,-0.23330347334250606,-0.06564431343777143,-0.05818375517309044,-0.13760490367337522,-0.13306191565328768,0.0,-0.14374192711481076,-0.07076405548705873,-0.04508804186646232,-0.34785647252359586,-0.1312771122165427,0.0,-0.13724592675129277,-0.033130143085762516,-0.07120704991732588,-0.3041389596842326,-0.058208364317168165,-0.020965316832213098,-0.09849886258321419,-0.19889794084291984,-0.03678975640618852,-0.15533448705577765,-0.7860551005394787,-0.08203140773114745,0.0,0.0,-0.10509400036891102,-0.24434330217043565,-0.11939468811113435,-0.10200426102795787,-0.10851241231284645,-0.07094268192652703,-0.035179118169961915,-0.15688621597263042,-0.033497303296728814,-0.1571839106328363,-0.05866026333246272,-0.010286804116333497,-0.15735777755105962,-0.0726154572001158,-0.04399398821384221,-0.16450373252005954,-0.13280507868677324,-0.08410108223175379,-0.15275320118961988,-0.09369049179388157,-0.04450886683521202,-0.06835440747779675,-0.10820742629637789,-0.17467323068483837,-0.06749628982412409,-0.12814607653549723,-0.08322721727094762,-0.1114635975162418,-0.22153343701543426,-0.10895761049619854,0.0,-0.21580103909905962,-0.13444217116643944,-0.04833519540889256,-0.06783492772576186,-0.025942544813353015,-0.024640288502790215,-0.1708486376863133,-0.22612783656422436,-0.10351674473062038,0.0,-0.04408643195209228,-0.5621654686833408,-0.37133481376942934,-0.056380185678744386,-0.34775106468160455,-0.023466326480224002,-0.10942755296148232,-0.09156281606581589,-0.15351354699732814,-0.43518066280093404,-0.10261055537664779,-0.3509676413627489,-0.11907089749541584,-0.01667806494084601,-0.3069716430646732,-0.6393075702765487,-0.2080628201980079,-0.11870459508555697,-0.016578297403183513,-0.08810497914777313,-0.03515639502209051,-0.5171510711718587,-0.04114060159618558,-0.03084475815439222,-0.17390532959503704,-0.6189726307570431,-0.034064711155535075,-0.056149611790770486,-0.7201004684891641,-0.08003470963358904,-0.0929326276950311,-0.5550398934754784,-0.05565137005908857,-0.29066878958490455,-0.08199730356650638,-0.05162781271218783,-0.7099941159055201,-0.06522034160254475,-0.08938179315228889,-0.05494329000592129,-0.03366605871566856,-0.08765752359536261,-0.032383599380542354,-0.02944940837942523,-0.4627352519308055,0.0,-0.07355329899950187,0.0,-0.37210309531710783,-0.5603673492395346,-0.09777420237424556,-0.13362412393405904,-0.10986920492900211,-0.07797928369531515,-0.6711460597859891,-0.16530691478562745,-0.10625449674639229,-0.07438509799854615,-0.2973271830036489,-0.7283805497452565,-0.04808237736768588,-0.1237835045853098,0.0,0.0,-0.01901865035911628,-0.11429168487761662,-0.045828671888151686,-0.058887548375588655,-0.13442970393028822,-0.12040106911274245,0.0,-0.5084173191618768,-0.104077409554768,-0.7414281364499422,-0.1434273634855882,-0.7134203193491784,-0.09043668971333385,-0.02084746912203056,-0.18135191419206592,-0.0982781787684921,-0.11642342694662178,-0.09117394681338409,-0.22665078608975348,-0.08423496715240983,-0.05780097899200016,-0.3163628282124871,-0.17363677752792359,-0.6395785316280771,-0.11275362700014271,-0.19192353937203133,-0.07795941895691864,-0.06282367730990651,-0.20547047014300532,-0.0573215079866877,-0.14076732289761484,-0.07517893523054632,-0.09885566063537585,-0.33520658200058107,-0.03461388343103394,-0.12185144230892243,-0.06271172049280359,-0.047348259891340665,-0.056662160727507224,-0.2148356679439662,-0.14567701892195997,-0.07290823899726556,-0.0993607857872387,-0.36794535556028174,-0.044922922565355246,-0.054571654722517064,-0.14331755140505095,-0.01001007599261022,-0.09418834121749473,-0.03573788094059081,-0.060733006609319094
2024-12-11,-0.09325803915665605,-0.5317226667265532,-0.672835846604613,-0.5941812359609268,-0.7865873214695609,-0.49307489926218667,-0.6026409717965281,-0.886402438944117,-0.7891924288920174,-0.7768467264149521,-0.36605735351890134,-0.45550848161128543,-0.9362040834831304,-0.22431004080768505,-0.5472654251265345,-0.45521087039696706,-0.8574872878433615,-0.6049236457068702,-0.02209566901261266,-0.7174683347481414,-0.8394088116917547,-0.9361388141680006,-0.7253689288476176,-0.2857142857142785,-0.33666048849333763,-0.21860336473653633,-0.8865202583505503,-0.3785723181369399,-0.9199626896041463,-0.6993299710888657,-0.824060217263799,-0.7838264381249032,-0.4581497218797475,-0.5156180705284373,-0.8259820886030146,-0.45682522734953646,-0.7213379151858266,-0.510837775333515,-0.7550535636918875,-0.7770915022820106,-0.342980549375619,-0.4137560855941021,-0.704229135356974,-0.7277393868538505,-0.660409837326903,-0.07907261389360618,-0.2455427343847206,-0.836225133087121,-0.4303170350133667,-0.5107396693324553,-0.4260472688229186,-0.5273983373355713,-0.628362910574799,-0.3389810738281318,-0.47298785633146273,-0.04787495905661311,-0.14815542577647703,-0.09604383418851863,-0.4597501192102932,-0.2293664457082568,-0.6778330164223426,-0.4124512336392365,-0.5957036942608,-0.5387351666227777,-0.6976525968793618,-0.4026340868809014,-0.3134267584135465,-0.6854412568230787,-0.9652610859765628,-0.7272618964011532,-0.1878198683294524,-0.7470241076598156,-0.21328667556883593,-0.34864289139963656,-0.23889606118361356,-0.7159315634996536,-0.5759289351041381,-0.37336993070612046,-0.68741947992142,-0.49387262309135377,-0.16306960440658827,-0.6793940038257827,-0.4929487915884544,-0.31551537221336495,-0.7045525374389648,-0.1969015519376988,-0.23007937858678945,-0.7478688937065331,-0.7919689788378431,-0.7274314414070444,-0.17625144438642992,-0.20350713671405907,-0.8485072869199506,-0.3952214895507902,-0.5434626577897931,-0.06209826009862627,-0.506805061734595,-0.42954718465604114,-0.7453050739747049,-0.3472539769381141,-0.17236395319998157,-0.050724718863637656,-0.3487157813034069,-0.626996954180132,-0.8604539191661442,-0.688029722956116,-0.8116412117142568,-0.39025122698314313,-0.5666666666666711,-0.42037726359993066,-0.5538839689248112,-0.6136174561892341,-0.129530738776384,-0.049610803621211674,-0.8312201647882425,-0.5452437564221193,-0.4965035102303516,-0.35096617054535423,-0.29282125875786463,-0.8425431451134886,-0.7873350104566995,-0.8466256543918028,-0.652835889269639,-0.4000000000000107,-0.7782325996704469,-0.3260704347520148,-0.7247262300017201,-0.12896584105850425,-0.43576415640124094,-0.6630920361306656,-0.6666666666666715,-0.4280863326257229,-0.6347495094379138,-0.6178490455737484,-0.16001583197391261,-0.6466395224809058,-0.5931035215888985,-0.7003898872609564,-0.686744420356127,-0.29419546073799113,-0.3894971509396106,-0.9168746102412817,-0.44802586096463876,-0.688270220966571,-0.561697386144524,-0.9408449377750754,-0.8123349930068671,-0.728288261935515,-0.7579473410502146,-0.5639254011053546,-0.893515106023551,-0.7621014038573605,-0.290789664774478,-0.3767178547182348,-0.6457448040365809,-0.5109071559474329,-0.4627702967384279,-0.7324074988432064,-0.19511113685997353,-0.13793103448276664,-0.31373335574131955,-0.5468884230166019,-0.14765436913821314,-0.2278588220492874,-0.6756053466313745,-0.46379703241248393,-0.7105848563936698,-0.43111487204073157,-0.08771101518169684,-0.4540589728226657,-0.49528352474069837,-0.7910500460692346,-0.5083492028623154,-0.7366060882606071,-0.5593989273113414,-0.4675228647402029,-0.2550301593395729,-0.4176576194016576,-0.7915672806459112,-0.4591253473764485,-0.6562306382686197,-0.5984647987223111,-0.6936861380332322,-0.7901096236317433,-0.659467310153023,-0.8750000000000028,-0.15894558537695797,-0.3014284532018711,-0.8940266822043278,-0.4910264901510657,-0.23429627649972432,-0.09253434181050062,-0.20795880968291852,-0.5,-0.47560638114963716,-0.6150726463978964,-0.11741069975886627,-0.6721214201521041,-0.3021723298054382,-0.8881607167491943,-0.053182453169477215,-0.6582047578846646,-0.33333333333334647,-0.6330332093728082,-0.5106566465790261,-0.1399291041549162,-0.08166165895853084,-0.3978768625474729,-0.3454569671390195,-0.7790169158464241,-0.45740869837586406,-0.2543756229805135,-0.5415645771497479,0.0,-0.02031156793589524,-0.2960968972949432,-0.04641709679555836,-0.18893060626626876,-0.5749872951952636,-0.49618322396782505,-0.22562525568025074,-0.07155859660064605,-0.5949400605724311,-0.08961061770985057,-0.2575351910812521,-0.6003598218374323,-0.7544281376993086,-0.11981884073057586,-0.5608004184112159,-0.07364497243726262,-0.14403001950448374,-0.5946043516123253,-0.3315020978654531,-0.26776765297080707,-0.9321142109734702,-0.7422341378712477,-0.7881658891890375,-0.42166261274534633,-0.22553561634433866,-0.7458530786507466,-0.7328303985816497,-0.822685732646028,-0.29183213097067384,-0.13549851040681668,-0.05677533325122447,-0.8027862379106738,-0.7291217501771745,-0.48966977795196687,-0.8590999245254753,-0.8827090118831495,-0.553779238773863,-0.6127389282677534,-0.5887417409586743,-0.8178906098305735,-0.1898378763392541,-0.7415920132655794,-0.2542371915755687,-0.9073620034588443,-0.05937837945844948,-0.46623362593104317,0.0,-0.9795925237064531,-0.12256652849201856,-0.14307386521151882,-0.4431162583855267,-0.579243072445615,-0.371121889627245,-0.549034998935827,-0.5304746769049042,-0.40464095146912327,-0.3844585702792589,-0.1176386583414946,-0.7127074511474364,-0.5020849069615357,-0.19312043374273,-0.4308787910837914,-0.6023472789066251,-0.4682251026269343,-0.8571611665679328,-0.5574217174368178,-0.6549028336912467,-0.04731049408026582,-0.6326919543244319,-0.39287361901312673,-0.07024218044919318,-0.5443507067927728,-0.09314146358173982,-0.5946374763150643,-0.7147470687403354,-0.2963025107368654,-0.5050505210372642,-0.2514501121174111,-0.6561915705590989,-0.8375675518881278,-0.4503630625539587,-0.5567158838882774,-0.16625973013624454,-0.6383312041549523,-0.16220299305378,-0.1778033952403
2024-12-12,-0.8315844540444138,-0.7954890586517118,-0.9331130716978809,-0.8446326901482721,-0.5712185438476198,-0.9659432698829526,-0.6558787360903349,-0.31818181818181857,-0.8419713845323872,-0.900758941970816,-0.7888166712861281,-0.9329828758910815,-0.8879422521903878,-0.7455174859898979,-0.7107883240211512,-0.7222222222222228,-0.6288882488551243,-0.7966848783391479,-0.9314137925502343,-0.9798068044192156,-0.4999999999999927,-0.6073709405383839,-0.6542951169424427,-0.5660467521480474,-0.7863687097404958,-0.6242414733350631,-0.8888888888888912,-0.8769189610174618,-0.8530610377222175,-0.5714285714285733,-0.747135613797738,-0.6947971303963051,-0.92417514717349,-0.7087836837720014,-0.7500000000000037,-0.849698368933382,-0.8445689983461604,-0.7790033592638352,-0.7097489310306387,-0.9165191946444241,-0.9788740018355765,-0.9076300824461317,-0.3874223945526725,-0.9482076250951532,-0.6083481539891874,-0.6724343689533635,-0.7173458544202415,-0.7470526407777872,-0.8518829676203353,-0.2623205415942774,-0.6660038419691013,-0.2254121312980399,-0.895760588426208,-0.7710942604526153,-0.7927084160425911,-0.8366931067180758,-0.8452811677955556,-0.6751868990706341,-0.9271458336079508,-0.7924290765852386,-0.490078761920948,-0.6642677296473639,-0.7712937741897715,-0.3472949618000293,-0.7692033773291318,-0.7306661159945832,-0.9384733682409016,-0.7291043973384023,-0.6004311528746561,-0.7136206996597793,-0.5877341464670471,-0.8593106776464726,-0.6152223774121076,-0.5405402382407534,-0.09580349791934639,-0.5951279560372105,-0.7199242732824032,-0.5271264580843511,-0.531057307486975,-0.7593050970363852,-0.5860443301832015,-0.8380311099267489,-0.43750749360543373,-0.5447964514699866,-0.7938162303298283,-0.4535884884275892,-0.3623702215390926,-0.8922910386577539,-0.5375295946977874,-0.6409015417109062,-0.9124142475737004,-0.884919715580114,-0.4895521004877243,-0.7324669275683628,-0.28132194535737715,-0.6470101758607006,-0.5627812042573141,-0.4138345025488937,-0.8712092674506362,-0.33767179254421353,-0.3485810810373338,-0.7233027985763152,-0.5077977423631768,-0.9105909271745395,-0.7840851480849437,-0.6802285481883591,-0.8367953746402723,-0.7028700121335866,-0.5814350755112563,-0.8172678356765608,-0.46136289811670644,-0.8086734110950534,-0.135171304772593,-0.9163874392894766,-0.9591892258207192,-0.37579839412250515,-0.993026526526996,-0.668992320945834,-0.9182698825028685,-0.6142350386819413,-0.230294193590481,-0.49140913936464004,-0.6576313790786751,-0.5953703925065406,-0.1961585123483698,-0.6209305176792266,-0.8759000789031938,-0.8906939982207007,-0.6160418753703637,-0.7636326667174422,-0.9539674741495661,-0.6911587860528889,-0.7502740034318389,-0.889145464455814,-0.4012676829099321,-0.658537536174424,-0.11770735101898443,-0.6378493078250353,-0.6974073319867413,-0.4615384615384626,-0.4757954368095132,-0.4713332961860859,-0.7254669841813712,-0.4147404420050093,-0.8488501884883352,-0.8092010742429216,-0.7785920284601228,-0.8265438833479155,-0.7279201528302065,-0.9274687601038959,-0.612026942395803,-0.9315936753028246,-0.7331690106121969,-0.9254712260174679,-0.35254914028112766,-0.7311864211735523,-0.606090664869665,-0.8229686199543484,-0.8918397503545727,-0.32869825787212503,-0.6332387505703291,-0.8006586865945634,-0.8370005999012085,-0.8454516819136154,-0.8086530226042937,-0.5952597902398401,-0.6131404903980827,-0.4247810211294675,-0.5388567275977068,-0.36275490872174987,-0.6802760311398693,-0.7626045724535669,-0.7716906501049117,-0.7541328161104862,-0.79156125695199,-0.9686709068157592,-0.8421812219926659,-0.6186721656031988,-0.9215390865830014,-0.9744095475644425,-0.4830262835322982,-0.881472828865829,-0.48004690200649813,-0.7380673868964477,-0.97858751772266,-0.5949988095188462,-0.7167273972233108,-0.643696224400735,-0.5866021917078212,-0.8930169457328767,-0.5215348639916593,-0.6720928808264112,-0.5192055897133964,-0.6115500016092287,-0.7119545334832703,-0.700011746824489,-0.8606210356311533,-0.5228838222631572,-0.6429460278809207,-0.682988987552239,-0.296057940405844,0.0,-0.7409666535205377,-0.31320565770070835,-0.8101525160705281,-0.6830639367434534,-0.8301406209963442,-0.9090909090909105,-0.7739433925867302,-0.43980202183263056,-0.14203233476950397,-0.5808994369176647,-0.24002125814489927,-0.9512765444601605,-0.7234786838510523,-0.6767599843032147,-0.8664344513335721,-0.5636614647335954,-0.4979845331308708,-0.5897369322818988,-0.8886474223322013,-0.9245071005935293,-0.5380866591009331,-0.6853220009071025,-0.8015875022317456,-0.5778940019369717,-0.9572713361733515,-0.5778299457938744,-0.8261309013287963,-0.929853199762743,-0.8131729985946233,-0.9733585493082006,-0.7023464844403036,-0.38760845160392515,-0.6308859618269269,-0.18578714242649047,-0.7434906475808238,-0.6265191505309956,-0.4866252896819987,-0.5763994585344142,-0.9772322848018183,-0.6119836426327038,-0.7895604925512075,-0.8985652540019016,-0.6599505610497436,-0.251482795364768,-0.6405603264151457,-0.6666666666666716,-0.8269231073844802,-0.8474943494669744,-0.6081496027217329,-0.47125039816911907,-0.7493674799981139,-0.29977358991502906,-0.7607338143529113,-0.6872127937946495,-0.7132425374250029,-0.6344306461127416,-0.769444568700681,-0.6123452651364626,-0.8387766931723899,-0.9796754753478136,-0.5591534426058363,-0.6115884822667395,-0.6578286891137406,-0.7267790533013688,-0.6280921542424694,-0.4304776092379858,-0.7821615390199353,-0.6414843037535736,-0.718980459023224,-0.8553957123364058,-0.5589290498451056,-0.755191014973875,-0.6420610245648791,-0.9147237209120718,-0.6831777342009887,-0.5807099336885478,-0.6158787061448773,-0.6720636389829941,-0.7674625687562232,-0.8035530521957067,-0.5870737712578645,-0.7055829689848246,-0.7668380199985237,-0.2895043252301765,-0.6881755598100296,-0.5359126126546744,-0.35336216435443657,-0.3870082217328248,-0.7337919181753518,-0.47062449014308283,-0.7869950773464427,-0.16793635213298166,-0.6293916687168148,-0.7426555266891739,-0.35854488689714636,-0.29196790966759373,-0.7796085055413045,-0.5893032983421169
2024-12-13,0.0,-0.05293788003453958,-0.09574871882339273,-0.09954136797376469,-0.19999999999999646,-0.07822161462162261,-0.271375831221747,-0.2082538281718907,-0.38216578819678615,0.0,-0.05603467297265829,-0.3272655345055503,-0.14812906625743036,-0.013426433382194966,-0.04823528658742547,-0.05207009296293555,-0.029804940567257847,-0.39868077404606944,0.0,-0.19633784732788337,-0.2046294334520116,-0.12018704266318314,-0.021138191137444688,-0.17791938840239327,0.0,-0.08948989339483841,-0.22824523820884268,-0.016126754600138477,-0.30837903859524246,-0.06896368274707869,-0.04173105737438283,0.0,-0.1702645806363717,-0.00865783466195966,0.0,-0.02687178190596276,-0.029623947152827287,-0.038800465881098097,-0.1732390480494546,-0.0992034757469208,-0.12772123319921574,-0.1057835216229178,-0.08304833797835032,-0.023573113646836737,-0.03657894170749618,-0.052285509180807835,-0.010492945530256769,-0.03831341873279501,-0.09105366742297005,-0.06791773660942194,-0.3090717922743002,-0.11467247755258651,-0.07815511020523921,-0.09431875191978646,0.0,-0.6706677558768428,-0.21182492990026414,-0.04654722049332132,-0.5083727348892974,-0.018053082025147237,-0.03106994719865783,-0.04203520379928803,-0.03783168764103865,-0.27869081942413537,-0.11659218243081977,-0.21225225726499694,-0.0188697082640515,-0.23476830248413774,-0.22125275245634618,-0.023443742062455274,-0.5809518285953053,0.0,-0.2633898632502567,-0.0218684762687062,-0.16030179693763472,-0.2070906023982757,-0.4472049953727086,-0.0845285938480838,-0.07689597168579064,-0.17737446426273892,-0.07209060887944477,-0.02030464290230005,-0.2177968496426358,-0.07011414751436544,-0.04620213184862327,-0.11885864462936499,-0.11337371007628638,-0.45770664702302727,-0.04476069283027976,-0.3491406000711072,-0.055170854806304445,-0.022242649666283074,-0.6361685669172172,-0.45056247195191323,-0.31349061150597485,-0.11590427977513751,-0.38957791268886943,-0.3523083760063736,-0.2654184779123712,-0.32811127492608805,-0.017161125240442,-0.1810252696047321,-0.17201176489589612,-0.06633217864498335,0.0,-0.18621750460360975,-0.03561170866562876,-0.025407351096996256,-0.09968574584788711,-0.232163509880152,-0.5983731573915722,-0.09334384048954729,-0.31963258774420006,-0.31585278527687344,-0.12309993454817474,-0.13794279809931728,-0.0777645623952726,-0.20658705284215717,-0.10892312441272506,-0.2084021991216314,-0.0738730425496636,-0.08627768509009878,0.0,-0.2112512473923146,-0.39100056262585065,-0.059216514446298725,-0.07413591552284135,-0.017635737507186954,-0.06546383710007578,-0.1360356728172186,0.0,-0.14514430515992838,-0.03415461314339075,-0.33723691959774327,-0.5282530229236366,-0.10161318600480113,-0.11780266575514842,-0.5538662269990547,-0.014126399272688633,-0.15139584689450322,-0.05333832212563617,-0.027343197115176937,-0.0680330915695698,0.0,-0.029668294272828653,-0.02526174907894351,-0.06750236508302791,-0.021283981035371803,-0.2601392903093587,-0.04150651222799887,-0.1066979341605184,-0.05964568804337032,-0.08286893301592045,-0.2587090275402747,-0.07776124714717679,-0.4637589113918581,-0.049145162763168646,0.0,-0.0036765238583038964,-0.06040602567016858,-0.10579597186546834,-0.1404662771285098,-0.7197063144180618,-0.03432983455990182,-0.42528735632183895,-0.32519928542658966,-0.21055151151232201,0.0,-0.07510320721013215,-0.09920897492165591,-0.3262110226886463,-0.2379788128581542,-0.4427480916030552,-0.059815815736842796,-0.20650704989053115,0.0,-0.014441900521517434,-0.05662773242750692,-0.06526988047482435,-0.08623859603521238,-0.4143479142479245,-0.09688601851299539,-0.3018797779277976,-0.6700629719271101,0.0,-0.0777645623952726,-0.05802230560277276,0.0,-0.06114435475546565,-0.6326982303934039,-0.21815297847638124,-0.06916302560923118,-0.12046766502546102,-0.1449456621243645,-0.07524928686288702,-0.01783743785667,-0.10162531407931942,-0.08348410358152011,-0.11911163886458842,-0.34325717554975116,-0.16544547063172946,-0.13941439437839293,-0.05169275251415422,-0.06707590850632292,-0.061856740698870746,0.0,-0.5042734794051277,0.0,-0.14196517479594808,-0.018752074576803827,0.0,-0.0641484043285262,-0.4374999999999983,-0.33668002669333896,-0.04484013358270026,-0.14864952515105806,-0.20203839679847424,-0.07921836620258957,-0.08665122824026622,-0.19480007912718705,-0.062832135806933,-0.3359497516755147,-0.08759144676767593,-0.2227463600868967,-0.23476223091792328,-0.10363544530725387,-0.13857478909040863,-0.022486269411454634,0.0,-0.08430014398831095,0.0,-0.1194616904730585,-0.04904875718788572,-0.11892821114036912,-0.4151660379974824,0.0,-0.29208211015804797,-0.17350173529192559,-0.08143620365367045,0.0,0.0,-0.2109115215000364,-0.3086676926633223,-0.30140918376117753,-0.12648707231682532,-0.06756290465203292,-0.027572760970877033,-0.18127793415509172,-0.055297769309837166,-0.30700702422743376,-0.19429710991701285,-0.024219507712387005,0.0,0.0,0.0,-0.20804495594816788,-0.18127793415509974,0.0,-0.3058432006248867,-0.07519508450226936,-0.5048449250228472,0.0,0.0,-0.2611755992283386,-0.06487882454963062,-0.031563137015117156,-0.3436847154435088,-0.023894248239189234,-0.027942924649425906,-0.5424493047506626,-0.058352282943773426,-0.0852058412629206,-0.12405818779852838,-0.2921506746121259,-0.0241682163795997,-0.030263520324823837,-0.0674948029292506,-0.28763151650439456,-0.11123422984134577,-0.6017952022833074,-0.21372942685146792,-0.10620188818817121,-0.42779050217793757,-0.06908074083634219,-0.36190879835927475,-0.3911300465750721,-0.09755564984224391,-0.41948008101850914,-0.1441543479895752,-0.1933148762898083,-0.07321495054639349,-0.6444787319694067,-0.24381582551292283,0.0,-0.04678203832066581,-0.21620873555092981,-0.6367980003754147,-0.121362198757751,-0.539965069349509,-0.044274412591569015
2024-12-16,-0.3063649054119754,-0.134506269401803,-0.850771471426133,-0.22822642711351931,-0.29739840933117645,-0.20130129521996265,-0.34591054345564326,-0.34629475806590687,-0.33615901904605444,-0.15258126386196086,-0.1673435442111043,-0.16377599311720936,-0.15418677878113773,-0.14113606505690177,-0.15378281225848084,-0.3499256660611054,-0.22028484192430858,-0.2323341293579479,-0.44405833213081053,-0.5921893343611294,-0.11772304784392318,-0.1649378295198997,-0.09245757072605741,-0.2191623468686846,-0.1805179606934879,-0.23318054653643996,-0.13829008588647917,-0.15947999363855558,-0.20365656003126253,-0.09272772480998738,-0.6519170476215455,-0.34695417030032094,-0.24412274855065613,-0.21796792940803958,-0.4854797880323216,-0.45680094702445734,-0.21423319402443053,-0.26421443328321403,-0.14863596194544088,-0.8985735835975526,-0.10442410083365891,-0.13779527559054938,-0.31935998845974106,-0.19942757785912693,-0.28340155089673286,-0.2457825460661356,-0.1491539214861958,-0.06393614412237114,-0.1429271052446415,-0.23615779083033192,-0.2289629522304292,-0.19609508893123748,-0.22608930019864357,-0.1596539719223231,-0.5662835693345083,-0.26098858138700265,-0.1549232223317768,-0.2627953277564843,-0.10596834798148262,-0.2656484453603075,-0.12339462490685976,-0.20517990172029155,-0.16525727194144527,-0.1390608597602918,-0.08466103852775299,-0.14585607243825824,-0.3064268779975837,-0.27860067188819665,-0.11197351376402345,-0.2482310380586385,-0.1559388577986867,-0.27659890217820554,-0.23307162962798272,-0.19074082320671998,-0.38848523538973284,-0.31991413366564275,-0.6991661308057148,-0.4721643373957647,-0.18575980712548504,-0.8728612119776833,-0.271563885696201,-0.3647600782657905,-0.19825040235538127,-0.3207313207537947,-0.22948098511233184,-0.768647473090964,-0.30544031287827655,-0.18206666978819552,-0.2780884209177313,-0.10740769426397619,-0.30910218960716174,-0.21342508309888303,-0.26477462920017053,-0.6593198738897474,-0.46811405282171126,-0.22593192827198796,-0.21895861026726915,-0.1251947742183278,-0.1014241654890531,-0.42128783223085836,-0.4106815945028948,-0.5674599010557133,-0.13491503669382726,-0.26910343308483814,-0.19450696792552774,-0.3218974020593462,-0.2248292900353133,-0.45837745204890884,-0.2137802511797548,-0.15161309470197415,-0.36023684668054856,-0.18237584423323075,-0.16742821682840733,-0.15225684771442452,-0.1710571523165006,0.0,-0.8430747768378416,-0.566089323913097,-0.41814439979098217,-0.36905858846314615,-0.5825339527857135,-0.8789880849165559,-0.7179144297339446,-0.7626702911800939,-0.12274059501558904,-0.20915414565767135,-0.15578805035386104,-0.8668321496069172,-0.4054495109084439,-0.10893575328736267,-0.2943290861595394,-0.3762451382567094,-0.1788513870622262,-0.1824568719358763,-0.12046290566654108,-0.20240189328818417,-0.242940981839228,-0.20205789628598667,-0.7508944105973185,-0.6243658662944578,-0.6662363605395192,-0.11958932276738284,-0.19376588442078924,-0.13145860316743946,-0.8276563054063183,-0.36574257752232175,-0.08715215806817994,-0.07761828218442794,-0.18813174781612985,-0.11037261955108134,-0.21575436354824332,-0.10444780761046739,-0.6061302639704268,-0.18575979667752196,-0.3308068343237657,-0.12998944702129822,-0.08882297535099135,-0.13162984566632657,-0.8834326450840944,-0.046361465785493924,-0.31592661350260404,-0.2112027083099097,-0.06570990808413346,-0.3382123487025326,-0.13808946735376093,-0.22605367398635046,-0.06290117229643709,-0.836033491229175,-0.22159986347851765,-0.16640685907200523,-0.5151515151515175,-0.11141196728705398,-0.35101471277995483,-0.7146402915685018,-0.6817276403247534,-0.557523807363207,-0.1877049940459186,-0.17003278071552963,-0.13003934869826575,-0.240889164326788,-0.737625174338034,-0.5273707227538798,-0.5650753161675687,-0.7520362157765359,-0.4891071719886652,-0.2392400384808268,-0.3763265712968898,-0.21910336333650293,-0.7799963916335388,-0.6879045541954514,-0.3035488808110552,-0.7279809831700017,-0.12063295344463,-0.843295915219325,-0.1826848064709268,-0.30574151821163975,-0.1275137648985376,-0.30574300569940027,-0.13782520542938062,-0.7803495232954625,-0.07246351458470444,-0.10298991541185383,-0.49384243970610686,-0.45674375264252265,-0.25556221464828366,-0.20822550384300811,-0.5117663507690745,-0.8279380844249649,-0.3458834871178924,-0.6560384800980799,-0.7425452699022679,-0.19879199846181247,-0.25205328916271014,-0.7103758920821804,-0.18942319857018733,-0.3523682887431062,-0.5530266046786599,-0.3420993329317228,-0.20436227999703052,-0.0967440863264121,-0.18905526717101753,-0.6729761105332546,-0.12114964753851039,-0.23398646071302004,-0.08005202523717621,-0.10871792087800912,-0.39408294459451876,-0.28540154782300514,-0.16972876275047277,-0.8371054952544307,-0.11589144684884539,-0.38068954573536273,-0.17872509797158964,-0.33298467789172304,-0.202866983778332,-0.37375729870895014,-0.7196105523814843,-0.10188911533332427,-0.2660205632464474,-0.17867982651223616,-0.28446768724934074,-0.4351190981627515,-0.7732379340576784,-0.48021361127333345,-0.6733596684500754,-0.7437645004009494,-0.2893210788105808,-0.6526615641675672,-0.5040128204963892,-0.09648925394365926,-0.5848331175475807,-0.40793626044789033,-0.44202431351283333,-0.1645085742332558,-0.1301509118677324,-0.2692447622236384,-0.24579134202560352,-0.5500468423050616,-0.5519157968524971,-0.8341476334374638,-0.5951321652679639,-0.5714285714285768,-0.1559411516027424,-0.328502497224673,-0.14600456636295492,-0.2290614222053262,-0.2764227642276441,-0.5424523766015924,-0.15105337149120104,-0.31743545587227545,-0.1596353051610187,-0.22382801960069518,-0.34067550631055515,-0.09222451599269146,-0.20727964456634698,-0.1510206958377214,-0.2944178732083342,-0.01813685068928108,-0.26960730809086936,-0.47725087474889577,-0.2588895857691043,-0.6076966297912497,-0.5136763688257823,-0.19126748241559666,-0.21121443585664668,-0.20154857024165995,-0.6853962633775696,-0.1875912984316788,-0.4326574525104353,-0.19088035389477034,-0.17325747482740989,-0.09731037264620408,-0.4436773435060682,-0.6085081235738165,-0.22934999261623054,-0.10591689558029174,-0.15888967255294825,-0.24306264243193892,-0.24105783541291487,-0.15302276809891346
2024-12-17,-0.07826667894340708,-0.08176561012214961,-0.1220132802478021,-0.11645049224465848,-0.41610009071358933,-0.37915993568156225,-0.49536181315494826,-0.04940253873389452,-0.44540891028071794,-0.2885460756694436,-0.20793023941874078,-0.5767507565382455,-0.4523088207650777,-0.14686070135381227,-0.5582089552238829,-0.09284051815890959,-0.3462284835012353,-0.3066472484921092,-0.15142451399095969,-0.0512689709573515,-0.3621880055640987,-0.39240537526138336,-0.14498268505703124,-0.4724497494396973,-0.01700827429151252,-0.0727343608067952,-0.2117765415698523,-0.40516152437570646,-0.30506764380061074,-0.18954770743235838,-0.19211775869916672,-0.5022440726279114,-0.6047137235350419,-0.19354907783871242,-0.22488672679751895,-0.35141133981839456,-0.2698640721570217,-0.050602938774672944,-0.5319921686885529,-0.28576042377402483,-0.2307692307692329,-0.23255450226850705,-0.09519608435461528,-0.20451780785387708,-0.11156801632280923,-0.19999999999999998,-0.726013691053269,-0.06599191048822513,-0.3333333333333333,-0.19867527607367108,-0.03609382748094878,-0.13290671245646216,0.0,-0.18764477067800223,-0.5132351217265749,-0.36567438365121135,-0.857379707171342,-0.5680958269120255,-0.152880458794568,-0.4070539462702602,-0.1278568780300897,-0.1334905067171157,-0.11223331742226929,-0.34436611429524755,-0.06702624871588081,-0.3260713429132778,-0.6556323781863769,-0.23339158145430675,-0.3663859002833539,-0.5947696093377229,-0.4357251112893823,-0.24902528885099326,-0.14221938877420023,-0.19550391163701492,-0.6376415042410308,-0.5455464612169305,-0.5637485959673534,-0.17595764780972345,-0.4505004314945655,-0.3253015824476784,-0.3139909961178729,-0.1776422796577844,-0.30503266064735196,-0.35393274782964995,-0.6509712681205965,-0.2344199343939348,-0.5991715634805803,-0.4396638669156607,-0.08495226384923885,-0.3851930463809529,0.0,-0.39293789232992027,-0.13968402384580242,-0.290915470053764,-0.367249490372836,-0.2463425645150982,-0.2606431348182061,-0.19412360825842637,-0.1966929928313731,-0.20952568511900285,-0.19460895616573565,-0.5586516565496515,-0.1302681712992401,-0.30264732316947535,-0.15064858125680375,-0.06147761974980742,-0.055266775089066716,-0.3510156435976126,-0.5774456036077259,-0.29425942548246764,-0.466627515793198,-0.6142675766784882,-0.3715862020602241,-0.15968470583207436,-0.07507533474514377,-0.2158653270166688,-0.0715308465745986,-0.13076320508814523,-0.11965422566000702,-0.05789342787666483,-0.6735965515172377,-0.2542954320608714,-0.08377292882069039,-0.19845201983146513,-0.46713818980758015,-0.4169245798959915,-0.4850310298874472,-0.4798571017044754,-0.35056607624515174,-0.24201808027225852,-0.15384615384615755,-0.41936527594735246,-0.23213958636867582,-0.4036773055868961,-0.13506520974892047,-0.03262579970817353,-0.2962951562909464,-0.4303683975624214,-0.5578643603309623,-0.21377255313884896,-0.6073160093734947,-0.16749741596286574,-0.4398298563338048,-0.2025509874164927,-0.3073629033187971,-0.5341348083973749,-0.681559139446304,-0.17789188184935179,-0.4555053620492784,-0.27064743554899595,-0.13778109505739253,-0.6314548220338831,-0.500024421005574,-0.5329083964309027,-0.11649099104851308,-0.3507666139369368,-0.11428550990014198,-0.355787257881984,-0.6947919099007064,-0.23720384244112191,-0.08391409095405086,-0.193261579809996,-0.12571486358356893,-0.4160606117018778,-0.16471044706600538,-0.21494599977115825,-0.6922894733537932,-0.050798322404348235,-0.4833564792949882,-0.20304773999006034,-0.5997575878150893,-0.32393860037460726,-0.36943483992540466,-0.21910486893779554,0.0,-0.29822161302992084,-0.48766291035709614,-0.4063892613005178,-0.5613878361953764,-0.3382304511924451,-0.23406022604912982,-0.6764686188848942,-0.2370743928862706,-0.22450922409782173,0.0,-0.46785481695298414,-0.7834814357147881,-0.3055300372229118,-0.11658946897448731,-0.047094236329064273,-0.3062518031655723,-0.05527300752096066,-0.44066018998945694,-0.07975917067177925,-0.5023854918495897,-0.3267712230990311,-0.47396915922574095,-0.20901416063931538,-0.4019243015666389,-0.057484779747361006,-0.4510569273477011,-0.542377316769291,-0.29841879961935724,-0.471402994373433,-0.18728077769936247,-0.6994775957050716,0.0,-0.25829574122933163,-0.04838502193190163,-0.4177079830177226,-0.31309660710631687,-0.25446417284063294,-0.38699263748199453,-0.09180385852541605,-0.36604142979660803,-0.43556767778268485,0.0,-0.14559369039863504,-0.3407570291381016,-0.25394313980092,-0.11376070051933877,0.0,-0.54058946243387,-0.10587934875723488,-0.14216973429890356,-0.17821102956767612,-0.17433410892664905,-0.45846123465050964,-0.615516574143503,-0.25000000000000555,-0.16666666666666421,0.0,-0.465221814034841,-0.16019157210696403,-0.10080037016193988,-0.222539015061678,-0.08333333333333517,-0.7698711883554309,-0.10264535646836274,-0.6559420764620323,-0.2777777777777821,-0.16280059119494214,-0.30243110559384717,-0.1319427765783587,-0.17587728023065646,-0.30339514967757025,-0.04767014879572931,0.0,-0.5516872487671207,-0.5709352995628809,-0.45712487880999086,-0.45000000000000095,-0.5442711912410364,-0.03434581376356018,-0.544530245175687,-0.31306515170226873,0.0,-0.32959554574134947,-0.3756399253405914,-0.3755328494364982,-0.4245283308099286,-0.556257954774758,-0.15774772307713877,-0.07067556530479861,-0.19771749556083626,-0.2734249827428388,-0.06062979781959287,-0.2629237484215662,-0.5990032444333155,-0.2642758908735973,-0.3260752126778315,-0.034022370896184664,-0.3577260795938695,-0.3248735380171492,-0.2492975758296058,-0.3651512315155721,-0.14011348946910865,-0.3447030217081009,-0.68233462462435,-0.14676498376481753,-0.06809314849168417,-0.4551149856330592,-0.6804238147865278,-0.05026355770993907,-0.19718331144931467,-0.5576405817831128,-0.16915612419302553,-0.3740730443408235,-0.1830052804759834,-0.621533565673192,-0.31946001205884167,-0.0712369078354498,-0.3240239047182662,-0.033125048702144805,-0.5587334496694498,-0.5579347768963028,-0.44239612151168517,-0.2026978084534541,-0.2785664953594642,-0.4670060698597488
2024-12-18,-0.4566192703766852,-0.12732048116555927,-0.5125530894338356,-0.36842105263157826,-0.4036752782675791,-0.1127098058454489,-0.19814816090843304,-0.11996046342801832,-0.5047436643960123,-0.20379928344166495,-0.1417232625237725,-0.17801979518925856,-0.39340137060484265,-0.26295679015608053,-0.1488907814707507,-0.19011867450286515,-0.2916666666666676,-0.7221852915003042,-0.13050093592396117,0.0,-0.472105362614437,-0.4891975877066784,-0.32011757377681826,-0.09879579102417425,-0.106764212548428,-0.37726448616751956,-0.13490935994987927,-0.36953744898206703,-0.07528453004160278,-0.09838128477244062,-0.5415863207422955,-0.6954356744295945,-0.15296669076338718,-0.6182814449520094,-0.7423685671874731,-0.03271300630074108,-0.5057626218670026,-0.391885790904129,-0.30603173276615653,-0.7477045535303362,-0.3238507888022421,-0.779563779920249,-0.3358912780550672,-0.4791615367607673,-0.29496992328712685,-0.1027788514473297,-0.282174303979031,-0.7382789220606097,-0.20094250539825495,-0.6265858956058744,-0.6516006019544662,-0.5652788032981029,-0.09537709368433608,-0.10978553029859123,-0.6636215047605744,-0.5270603040237941,-0.15745193015383555,-0.7414449589702751,-0.5601891790218438,-0.4427020014935126,-0.7393097591320157,-0.19893638772291672,-0.12094874753758497,-0.1452129786213255,-0.061088198267828395,-0.603683230182353,-0.4637202820400801,-0.6922777219314065,-0.7384889363193878,-0.19483378878149782,-0.2552964219738773,-0.16962400408701508,-0.1858407184064762,-0.06706571857791585,-0.502566400353497,-0.629010902167088,-0.6691415736156529,-0.392481790917457,-0.32938137116273486,-0.21954487733047898,-0.15706398800068372,-0.49294295024772977,-0.5268494289052003,-0.25357526529104496,-0.18883175600853755,-0.5402797422371005,-0.6201219649538009,-0.6070878434448478,-0.2954977851034358,-0.18491718567772436,-0.2043816801981285,-0.5433075945154479,-0.67121446004475,-0.5059401912980885,-0.6421144595016549,-0.39486651284652,-0.5669291338582687,-0.6364006304033919,-0.22616689683094796,-0.7042332358871075,-0.5614774890912677,-0.2624517006914194,-0.004384814821718209,-0.4170631343713628,-0.004831626781741373,-0.1449748352235691,-0.6970928398596706,-0.14731009231232184,-0.13441152879649415,-0.08364986442380394,-0.7726980678509583,-0.10414024537659694,-0.4890247621127301,-0.1783281569948604,-0.2012977488418161,-0.5559021527840541,-0.4793701322070947,-0.4719873150952579,-0.4818421452911306,-0.2067561501260869,-0.6329285272178924,-0.16953028804058135,-0.12070743269239097,-0.48109146420080323,-0.36043146026007805,-0.3500372459585245,-0.2530487444347353,-0.7728284813641645,-0.11185983556422986,-0.1821749870613612,-0.48606035868082764,-0.08751680675111705,-0.19900199800100613,-0.16865077128842723,-0.5293664477710274,-0.4449302004880954,0.0,-0.24914479819642935,-0.1723297239410044,-0.2008605839259663,-0.5820562871502034,-0.1290947106001921,-0.22566746225231882,-0.1282131998919077,-0.3674400581676871,-0.1167531905070987,-0.04285330272001724,-0.27537487027221114,-0.5447753746382749,-0.10364393464239656,-0.4534954751381746,-0.309252483435281,-0.13915708040708144,-0.15777955409417138,-0.2807492716621608,-0.6983297596465475,-0.10203576379993541,-0.2371915052546554,-0.781523721841415,-0.5473651158635343,-0.5025073808305416,-0.7087305741864223,-0.06678010095896987,-0.6965477168407889,-0.09373769938069333,-0.17391197111995402,-0.5215414460213333,-0.3131731419500612,-0.1318600650314454,-0.6078912191331929,-0.7676543154322821,-0.5247524752475269,-0.3270956375826627,-0.4378710806656607,-0.4449764194522055,-0.5675100011871252,-0.2715575908820885,-0.30263387320572405,-0.13481754772142843,-0.3377960322637541,-0.21021136971186383,-0.30388113866899735,-0.686253359894049,-0.41744044283942994,-0.2825814839325147,-0.12868163330160412,-0.665494153454086,-0.8108330100875798,-0.13020017457584768,-0.6868242425930613,0.0,-0.22830023563075952,-0.21106807133347993,-0.0864148563395606,-0.18661137600814384,-0.20980809004584647,-0.10420638996534241,-0.49422681152113584,-0.4029884065784553,-0.1432842937926085,-0.09023515817910824,-0.47936762434067676,-0.08436851732005973,-0.46442929274643974,-0.3285831863001416,-0.6879003307535979,-0.6598469524975653,-0.11595711162110593,-0.14553947133817957,-0.15821642369956102,-0.6759961248976607,-0.14713912805088933,-0.49928564832395933,-0.18541131534763133,-0.0778035649881258,-0.04924523201660166,-0.6725534892293409,-0.22047483542390156,-0.4248151145915266,-0.4252388519980338,-0.06162860458027197,-0.4813175229534862,-0.15594211958016824,-0.060063366797916594,-0.5905674848109812,-0.19355794268010365,-0.1268712241866598,-0.11201492453146229,-0.40402357131254046,-0.19999999999999646,-0.07887864851925978,0.0,-0.33055557105212763,-0.5924467795791146,-0.249722556218101,-0.10550620092025405,-0.41965612400281366,-0.35498098179750875,-0.23267516563997714,-0.624700758277787,-0.09564346519956643,-0.535546144376555,-0.45167103175907325,-0.461458660809166,-0.19925719273243173,-0.2743334359676546,-0.4872926295351727,-0.17027403651640569,-0.420701076889093,-0.6228518870756601,-0.3786712616841673,-0.6270438177442551,-0.0958959042761903,-0.4844370231360015,-0.3800678978618896,-0.741409025405874,-0.32770283232372893,-0.42005703598748884,-0.3684670589741248,-0.05476645879432001,-0.33333333333333665,-0.09999999999999734,-0.1331680351860232,-0.3214637142334407,-0.5647040958255669,-0.3466435179186542,-0.6628401528531012,-0.7574839621233568,-0.49333943099610417,-0.6485065714626126,-0.04707523363160738,-0.8149929464631238,-0.6367614953848945,-0.6615082691709908,-0.2694520019190172,-0.19958431741891203,-0.7124842528482436,-0.6709621434194162,-0.7377118985748784,-0.608370627875643,-0.07207997142659847,-0.2397834361477565,-0.2028921028394634,-0.6709943369688758,-0.21670552128356865,-0.2660420061741319,-0.23074160576976144,-0.11440398375071054,-0.7528567475253335,0.0,-0.03211052250646417,-0.21116158337586938,-0.6504427769966828,-0.5851741705717896,-0.24113142792738798,-0.03133196300924385,-0.4107578507436288,-0.5041629354527138,-0.28517828345157814,-0.6801492587418172
2024-12-19,-0.5,-0.5012523548943248,-0.6213807633226166,-0.32648593252209196,-0.7654760592824378,-0.9648417955669448,-0.8588266938843874,-0.6574902558740371,-0.5798863205576009,-0.7418975115282206,-0.5446274501037017,-0.7555119444311234,-0.6082072547910287,-0.6148792629911479,-0.28133892394830534,-0.8681338619416432,-0.7885224285341426,-0.5622709247482944,-0.7289552360869335,-0.6638749341312743,-0.9340896365501621,-0.8108289411705769,-0.9039227440633546,-0.9106540446476892,-0.6373736258702299,-0.8799904296263011,-0.7005493576596267,-0.22239369801906259,-0.8461538461538483,-0.46153846153845896,-0.7204540242859362,-0.5680381262044057,-0.8843349138686021,-0.5853173532882228,-0.5244752230040264,-0.7384971370882888,-0.4284202624560016,-0.931533454473771,-0.657722668893049,-0.78401878021728,-0.9090909090909105,-0.7131770423785088,-0.6571684109564965,-0.9050869058686671,-0.8923164529970703,-0.44027131714558404,-0.8639748829511775,-0.7287720152204501,-0.8400030678311984,-0.7402451543495967,-0.8974684643249814,-0.725754244161948,-0.9727165178100136,-0.776489458776242,-0.589748327313862,-0.570442333482666,-0.8476875622336811,-0.5735354845106534,-0.7855701797312385,-0.8344559303687816,-0.8875079004441836,-0.7281170641692776,-0.7084865603181109,-0.724070169326425,-0.9945652302683746,-0.6866920360201048,-0.7303759180250995,-0.6855622898464724,-0.906328378366647,-0.8860187400467772,-0.39496317059168184,-0.804146091628043,-0.8109155958669118,-0.7814301190246065,-0.7367970802320913,-0.7793821550186701,-0.5918510216926879,-0.31645569376339394,-0.6125821172607078,-0.26252887162606947,-0.8211477341903697,-0.9177909649209939,-0.6562855670272223,-0.6813657072635773,-0.9231276290303779,-0.6012181427571615,-0.9001852605186729,-0.6881528199858886,-0.747977577641816,-0.7524451436805644,-0.9165909692037633,-0.6389282323796863,-0.712106631644138,-0.8149780385247,-0.6354607991830186,-0.707551960905603,-0.6738644395023614,-0.7040474928622462,-0.9557973365556612,-0.71655750222345,-0.5974208427579929,-0.5478158667629275,-0.3070814225726518,-0.5656326462630336,-0.6191711035081713,-0.7468824681389856,-0.711718396906058,-0.7205479479126593,-0.7004635304364047,-0.6097757130495749,-0.28909377034185146,-0.7521929809583981,-0.6409559927498685,-0.7775041771826792,-0.5600630000274663,-0.75,-0.35522382662145596,-0.34199088072100164,-0.4393120340909309,-0.4102035571137383,0.0,-0.1392009881745841,-0.13030710602344314,-0.18607936036613132,-0.7324667129538668,-0.8353847823028865,-0.8710864095169794,-0.03955655078864824,-0.5953569704408657,-0.9276426382266979,-0.721927818499806,-0.7354843102339338,-0.7557237112109718,-0.8741511913472737,-0.48197160383520626,-0.9141027093332902,-0.7805834506040105,-0.3407812454569255,-0.6237181643662734,-0.5150157779320766,-0.742339284825401,-0.25098955727871947,-0.8551579029938854,-0.9873098092091699,-0.7579057628403582,-0.813930046688032,-0.507145422736341,-0.959147551113636,-0.38187540830425437,-0.9094417121723382,-0.8323843461856275,-0.8287553113716161,-0.458433880718128,-0.8997351498033884,-0.5850128197020444,-0.7715992377155217,-0.688998586349553,-0.8223973520186132,-0.04042864717983208,-0.8523786910229796,-0.910766203650822,-0.7751288346663764,-0.6307472472295174,-0.7000834247044309,-0.4606140033026972,-0.7661066684925198,-0.6938226210187087,0.0,-0.709065462995195,-0.14083229937880126,-0.553445631887869,-0.6924250497007455,-0.6890827017756398,-0.7789224511240179,-0.23196734342578912,-0.08409889056186402,-0.45781812772724984,-0.7652895565387982,-0.5739423955396142,-0.7247524587373421,-0.20849352997837858,-0.25644960933352057,-0.8620741212301757,-0.11111111111111285,-0.5169284957612039,-0.7499999999999982,0.0,-0.07397751581249874,-0.2941523378974891,-0.5009569013548222,-0.810618602887354,-0.7822870050043619,-0.7498793936771115,-0.6618217259721225,-0.18355473254644014,-0.7064310619670191,-0.47822673366567797,-0.8126656474379024,-0.7076226478812944,-0.13109082859380783,-0.7039744144474172,-0.7845578099162617,-0.6970774535168482,-0.6822538637521679,-0.7758221550235004,-0.33064517533318827,-0.24071473336790408,-0.7367442379197697,-0.8353526508066667,-0.13979241644722132,-0.23919007013843116,-0.8739889532184573,-0.46322133091245177,-0.13261975194732925,-0.8904358437807777,-0.45454545454545164,-0.3355644721726876,-0.751225881080815,-0.7355225509012698,-0.8879501854840183,-0.9395039027010376,-0.08178243016860784,-0.8971882907853209,-0.5542792569036176,-0.8297728700630277,-0.5375286672165639,-0.7219268537668658,-0.8311113114610781,-0.6899964917357854,-0.09604392261384487,-0.8790409883021628,-0.8034929625519768,-0.8549386992048615,-0.71523019691351,-0.668201055443399,-0.29383691397243417,-0.580123391135303,-0.2291315909438567,-0.6306000391338599,-0.8191833736422466,-0.7134361307091907,-0.2014414200683687,-0.3842511997621363,-0.1301222763630677,-0.19396086275371366,-0.13653063002769522,-0.413323932436502,-0.7500161228918167,-0.4838668844393867,-0.800638304865894,-0.4223076228209618,-0.7975375403449377,-0.7774860297825955,-0.10399304796592754,-0.723458306079172,-0.8401637800971093,-0.4068963891220518,-0.36363636363636587,-0.4550259807876065,-0.14649015008151023,-0.31164910674492335,-0.9304454052385377,-0.5994861374768256,-0.18462718286741817,-0.5990809675634949,-0.40968379798205823,-0.3653643232852989,-0.794249854964658,-0.5809045123001368,-0.7397015542559598,-0.2034448848414008,-0.5172989955648258,-0.7589295600728011,-0.7220014049139171,-0.4956114958604505,-0.7207985391908862,-0.9522929883839063,-0.13877025002623863,-0.07825216540509397,-0.6604674418151965,-0.8375244193204883,-0.8451995874200544,-0.07217661115708236,-0.6649112068921624,-0.7280607357647586,-0.7002701303366731,-0.5853889115786397,-0.6189738722379234,-0.24465412494488292,-0.597914593986009,-0.395771708189394,-0.6423974432313538,-0.5318719094376532,-0.12172177876349678,-0.413060128401099,-0.5425577916283204,-0.6362039215247806,-0.6713399861059903,-0.8711962990449182,-0.6348776267887466
2024-12-20,-0.3290525682621729,-0.1598394459544679,-0.5853094300686866,-0.508620486402567,-0.19853908771755704,0.0,-0.5781444399310673,-0.1122109608389653,-0.30972907096617575,-0.8571428571428595,-0.30176778527175313,-0.14447661071675302,-0.4439950480479656,-0.8231522298366175,-0.6803772346723811,-0.3403654343622022,-0.5604737052773768,-0.08367171133421707,-0.14612810861594674,-0.15911266869251717,-0.17243979391496725,-0.20849022603603534,-0.7367743735935453,-0.201845005946733,-0.5727290861486211,0.0,0.0,-0.2848230602221575,0.0,-0.11890462063715924,-0.1230378191377641,-0.2993418239401759,-0.1566974300139911,-0.27708991510684533,-0.37264154992656723,-0.6307403440941022,-0.22615758283085483,-0.7163272708959817,-0.28903033985207954,-0.7155381629894915,-0.30769230769230826,-0.4744622035433856,-0.13817273469736213,-0.2773402791372268,-0.27096765314123644,-0.11028349142269943,-0.7718633522948419,-0.4700809443604893,-0.3864026277462062,-0.4813360278195443,-0.325462771629102,-0.46900058881919826,-0.38022276073853506,-0.36129885804066275,-0.8316585633559612,-0.006872509869491133,0.0,-0.768483497125175,-0.48066747813402394,-0.4148735493434385,-0.19946476134052518,-0.5475038439441053,-0.5266042264177979,-0.1369406328321389,-0.07992752489480927,-0.3095391949881364,0.0,-0.40801807240991034,-0.6338329156506503,0.0,-0.3550172458174581,0.0,-0.5289567194592052,-0.3941709147593611,-0.3014368897962692,-0.33101902788870746,-0.262809767234064,-0.6109470352719286,-0.23971630357955415,-0.11967616768035072,-0.1770203107175447,-0.5070638664345948,-0.4280165541265812,-0.4500436768610561,-0.6082431392564953,-0.1511611230640924,-0.40752949523055687,-0.1885882176445716,-0.05343437795222513,-0.2080847224483724,-0.4745675858284029,-0.41720159493542813,-0.6822200125681873,-0.44301571086229213,-0.5027524150758044,-0.5445486793285547,-0.44219261868583787,-0.27554275050932864,-0.1355477130110491,-0.6379278769499442,-0.5749024215378659,-0.2604850703394164,-0.23970805396954803,-0.4956984208601745,0.0,-0.19048384231566817,-0.4601182428863272,-0.11414532632829918,-0.6080284352881165,-0.4674452141661668,-0.13054723420673792,-0.41696849373616174,-0.4462318205448254,-0.17555147258804737,-0.5232056617338762,-0.34196845420713207,-0.11640105331573596,-0.1558415377210424,-0.5000000000000111,0.0,-0.06468340092198945,-0.1755932421668378,-0.07409352524150992,0.0,-0.19436804167032393,-0.5612015743335906,-0.05334071049192924,-0.12126210344106811,-0.45545767089567796,-0.6349672386616431,-0.10682015629599817,-0.6209654348913656,-0.46846255473008924,-0.20561312348198973,-0.3464051627811026,-0.033370307561386585,0.0,-0.22273871402349918,0.0,-0.28112933322507483,-0.490279223742351,-0.14765246231729337,-0.0426409035797743,-0.13504862054578964,-0.0611407931530992,-0.046897590328188604,-0.3091827801836632,-0.6383925381428748,-0.3344319920153291,-0.13341770242270362,-0.8358767959591318,-0.44178170530295074,-0.4264453835939145,-0.1727248939968986,-0.30086369270312385,-0.5088711141782005,-0.3088826347640436,-0.743168693605076,-0.09366867609918267,-0.12090237557185059,-0.48436080902148126,-0.6347532422323076,-0.04904798061290461,-0.6476450164608496,-0.6174251857903837,-0.21344820572644294,-0.4891116923753917,-0.5506936640441055,-0.028799346261169898,-0.538964862528958,-0.27847885134361716,-0.3863958387056709,-0.24771770189116182,-0.7524597662691997,-0.08575598287100605,-0.30477924611051266,-0.19445827301171528,-0.24781278685549515,-0.468619535639724,-0.10476106118857549,-0.13025964296651082,-0.1707468589336607,-0.5841690125515827,-0.3434446292560363,-0.2528089605528222,-0.6860783603545061,-0.32627144274108555,-0.08392142791682254,-0.20330632066056273,-0.12391222917286938,-0.15457666608265896,-0.4740396889446782,-0.17571897858700167,-0.16912121447018563,-0.11271210936451602,-0.08620622809905466,-0.29902774940767624,-0.4085762982014044,-0.6193764641905193,-0.2017795554146116,-0.6002521734974988,-0.05706632250762511,-0.18750667250374967,-0.2330866805429372,-0.1037002598703979,-0.26157461768489715,-0.2051721405790768,-0.09440518848073072,-0.2198631966583721,-0.1665464955606709,0.0,-0.4392095859932809,-0.6363636363636422,-0.14285714285714105,-0.14449581457636188,-0.32487764802252517,-0.16555851457053186,-0.6053076423748026,-0.4414580523914434,-0.5538475062172944,-0.08939881226568296,-0.2665197801807388,-0.11976303299539263,-0.09484880580370857,-0.09752260318385118,-0.13436883328881627,-0.1539090983128806,-0.26390039933426895,-0.09773218303469315,-0.14417988514940255,-0.23178289369769878,-0.12968113229304468,-0.2807829972737077,-0.12046423344951308,-0.45372165926866886,-0.1377249609984519,-0.3636363636363629,-0.18866986169124303,-0.3173422887867332,-0.302048240151892,-0.04879212831697292,-0.19064138331360236,-0.09866150928254505,-0.17353388445689552,-0.08914125000161492,-0.09478880335866914,-0.0947555426996793,-0.26096326135401215,0.0,-0.111968724946523,-0.3905516079171763,-0.5149677864512282,-0.15683306546964632,0.0,0.0,-0.5795705998748211,-0.25432515683373114,-0.054414157159109966,-0.1420168090557316,0.0,-0.28032360512210147,-0.3948159815960936,-0.638373905264988,0.0,-0.34038341404372396,-0.6022334560640036,-0.19723539669499016,-0.6965980863407926,-0.2837259382599746,-0.5305678680611349,-0.5766018306362638,-0.6603768011309544,-0.18717826518642572,-0.26456926936045927,-0.5129667441323726,-0.6240169019467449,-0.5569076395309096,-0.16819192049856838,-0.3824573836022845,-0.6464090922034821,-0.16596796933985308,-0.06044748309643043,-0.27792062532382056,-0.598837726342305,-0.3285728449693325,-0.34773673055486154,-0.5299198457531642,0.0,-0.19553212678741366,-0.2062243981425909,-0.39375101997010525,-0.09668549331409197,-0.7183596935781764,-0.10734327347854,-0.013114247143887722,-0.1699877327070573,-0.40066861848067137,-0.5756920754179645,0.0,-0.40121151379519
2024-12-23,-0.4329994600282998,-0.07251906251420567,-0.12271636421124378,0.0,-0.26144613925261745,-0.8070463729847144,-0.09522910263825096,-0.04693567999749006,-0.48727483370379415,-0.5131582581146453,-0.1398803939923501,-0.3503412888446378,-0.49932399322976356,-0.331329987094671,-0.14323166652327876,-0.19972423297196465,-0.1373448713215955,-0.7430147205907687,-0.0307585776178135,-0.2859724811363264,0.0,-0.10542990817904431,-0.01739884493583049,-0.12499999999999721,-0.3215374020372723,0.0,-0.09771581577470644,-0.11780417943717814,-0.049265786949741826,-0.12058809005924438,-0.06928792422285504,-0.3341122178997285,-0.11377760938578284,-0.25381089722867495,-0.12508135832380218,-0.09689725556559553,-0.037345962395180086,-0.06589181147927298,-0.5557809975898227,-0.17329980258922045,0.0,-0.13224867432227536,-0.06888488992236969,0.0,-0.09787025596229876,-0.5734007489902795,-0.16174458905441758,-0.06626479513605957,-0.1615023368709718,-0.0633725578455343,-0.08485478719715288,-0.04451591839984205,,-0.10182572189376428,-0.10563862412200833,-0.30241207365429945,-0.39410892866642194,-0.1478410896917259,-0.07159305410152765,-0.25134228993348484,-0.0965804758442147,-0.09414227424763777,-0.09195006545695393,-0.11561058606450872,-0.05648043347887236,-0.12395636795930605,-0.4112302590373525,-0.1049198343959556,-0.08319630655611385,-0.40615450143278053,-0.02138207402367014,-0.49954211546309,-0.07292098114910237,0.0,0.0,-0.05627294791513663,-0.09203199155529009,-0.05444416349473983,-0.16902375967874647,-0.6901599985871597,-0.08035080492711114,-0.06318914322854227,-0.19392747653812625,-0.24567901248716684,-0.08381431342189705,-0.26735010827202604,-0.17871170646296353,-0.7944869609009838,-0.3969311515102888,-0.5121187317867093,-0.5977188014910757,-0.0791863347263668,-0.06156348687348457,-0.040584566587845726,-0.04354970143699577,-0.09836706473455718,-0.009992962307202018,-0.071773339733916,-0.3999521332963609,-0.05680169957470264,-0.021062804901492954,-0.12613100368962618,-0.4333528471327338,-0.0802071531942752,-0.5579486853810781,-0.023961794600638263,-0.02178111154488726,-0.0893034411076504,-0.018348485847413575,-0.16966203712360683,-0.48988729455750124,-0.08529928496791928,-0.20077982321938545,-0.5897363474559711,-0.04574124808462507,0.0,-0.6922032677058275,-0.5210599862775286,-0.5506767374755831,-0.7416789158803009,-0.7869987267200517,-0.6258453009648106,-0.7827668041642138,-0.7857020510317005,-0.4096938166797164,-0.0634119584948457,-0.5322815338803158,-0.4902175487131411,0.0,-0.13122114187983008,-0.47689867927347174,-0.1036212917803192,-0.14434274676278627,-0.0358831769305474,-0.3406422317214892,-0.23901801281094273,-0.12655470724616533,-0.006664196333930134,-0.6700044694561686,-0.44001166642087514,-0.052982901196062505,-0.17030025091238093,-0.13972772755911525,-0.28571428571428664,-0.09235396092397515,-0.43303903870645505,-0.36194559151650696,-0.05439260730975025,-0.33157722537757833,-0.523554111790881,-0.057167757306516465,-0.049275817693768084,-0.4835201060490304,-0.005762811774287129,-0.3817831592121696,-0.12286683737858879,-0.1659733786655228,-0.1231775903025857,-0.4449376065720454,-0.42576501390784904,-0.07813122427814218,-0.15074604850831505,-0.20791867273742795,-0.09052066783968322,-0.44473630539326037,-0.1327313567982428,-0.4472434747017664,-0.7987707988302727,-0.6877581516991743,-0.1046052344140108,-0.16761958966288568,-0.11296219321714902,-0.0750229559880732,-0.1266600889900827,-0.7753873640916589,-0.28020983901441543,-0.07943882568394633,-0.06966649133769223,-0.07893147249398319,-0.4491597485540634,-0.7878302419107794,-0.67345381232412,-0.08233384367870518,-0.6159899746178534,0.0,-0.05460530352423933,-0.3042940511708106,-0.6569693883204674,-0.8105955358831543,-0.7079824110940984,-0.049469908712815806,-0.6898183669184769,0.0,-0.48916226155115666,-0.6327232755520008,-0.10217383174127205,-0.38945495206526737,-0.07630828626153262,0.0,-0.6268836277171754,-0.043947717560896334,-0.4417410626334009,-0.5936919805049379,-0.017358136294759362,-0.2668574708531201,-0.6920987735905667,-0.5497071770835634,-0.4789060226143948,-0.16521695464389244,-0.239130434782607,-0.47468245430711015,-0.1434846198491657,-0.040423560021726236,-0.8176950670139372,-0.5333648600773958,-0.5363938642162348,-0.7364324672454932,-0.4154523054531688,-0.06149286490047447,-0.0710012893731414,-0.47341043796082816,-0.649999433640049,-0.22919078778641017,-0.17615616079872615,-0.5967638046056024,-0.31067690393634734,-0.3283731044039883,-0.289243183795557,0.0,-0.7011117047727656,-0.6011277203640214,-0.6029475254445733,-0.13222037350856156,-0.0560442789174178,-0.08813312633247158,-0.08804358721702306,-0.3610683205034232,-0.29999999999999466,-0.06297553807546273,-0.34148732935527254,-0.568266924475691,-0.31074785646169906,-0.6811400919856395,-0.5536313136943423,-0.6360826270075438,-0.7465569450639937,-0.08117203390573056,-0.3333333333333284,-0.7747087855098864,-0.1771987674479476,0.0,-0.08161485857208521,-0.01322590432054314,-0.15063344504412426,-0.7494045118562151,0.0,-0.3865332287763598,-0.6024225918087291,-0.5495890935283734,-0.7186941248959562,-0.6674307296024504,-0.6106033739949253,-0.10268359016351036,-0.7377085204019929,-0.2990754688987689,-0.17740287695974416,-0.4321887194408691,-0.10041937472778148,-0.2017196803279297,-0.0695369295545264,-0.11560342032992799,-0.03570151592332456,-0.14046633067965478,-0.06438776452550118,-0.10579196423482357,-0.06660402457357817,-0.12199564879668326,-0.4797922620875354,-0.10173423330841312,0.0,-0.6750382492579835,-0.2611200269498888,-0.25162249122423236,-0.12164865966456515,-0.3376991693610935,-0.39562903715213854,-0.4550778874759582,-0.17242249906489698,-0.05258376070171806,-0.13767519590862748,-0.2788840723265749,-0.057911819897360946,-0.25976183834258976,-0.5246683369284286,-0.3919965334772456,-0.08249851552327502,-0.08287197738269941,-0.0323494828037179,-0.30045970475910383,-0.2607394543749895
2024-12-24,-0.8795314833337106,-0.9680741656836399,-0.6223826326944537,-0.6320722444825854,-0.7816687064135375,-0.8397332990987738,-0.7688016725198693,-0.9264204293409911,-0.8263651161759745,-0.36290424922845,-0.8587997021507324,-0.8056718473335018,-0.42110077576892607,-0.943536696452807,-0.7989818306949126,-0.8485672900416964,-0.8776739986052935,-0.5926699597791117,-0.8440031907817179,-0.8911255302792019,-0.8053090067696579,-0.9190377955851514,-0.8916223503924334,-0.8577534984228883,-0.7542076426955644,-0.9307434838149712,-0.8572965632111189,-0.9504970050614798,-0.7745243934807601,-0.7251720218991031,-0.7774583643981874,-0.8510612976208907,-0.8487284580545458,-0.6824729118550203,-0.780536212943168,-0.8947852210398665,-0.4511056632215147,-0.8018607590764577,-0.8244354190341899,-0.7895022250503444,-0.8244663392712136,-0.8581136843892517,-0.6520343263030312,-0.7419917521284763,-0.17113197540345698,-0.8309378704141277,-0.6250846175238131,-0.4330392094992135,-0.7081449427127348,-0.7853302416321896,-0.6316404260567976,-0.38303751325933416,,-0.7424034311128924,-0.5674024998585393,-0.8635879425055092,-0.6821271330518861,-0.7966887668892036,-0.6612685844340985,-0.439750650658537,-0.4797187498033692,-0.616439304606002,-0.4211407692600269,-0.8649771209572148,-0.8636804843584792,-0.9222780307911952,-0.8523597310902259,-0.7427102346106389,-0.49845964380843305,-0.816336449548717,-0.45428976877037697,-0.4843095663112626,-0.8514349810780207,-0.47597284767113346,-0.6314416211330496,-0.9097892998266476,-0.8792495497668491,-0.8690847709035344,-0.7545088241187351,-0.8167189592833103,-0.503937007874015,-0.5272327109327969,-0.875865822737501,-0.8662097531469378,-0.6564693533323266,-0.430941405098305,-0.6025223755865058,-0.7725145289757327,-0.6865505312682785,-0.6007235398386287,-0.6808782564814938,-0.46798673744560576,-0.721213671394621,-0.5999999999999982,-0.5799773969248662,-0.574117802391162,-0.5569251744759945,-0.34504143909725704,-0.44538353452355817,-0.5871758001319946,-0.8131044556072013,-0.9027850942849395,-0.4485147723463132,-0.5399663107296939,-0.5309629864136453,-0.4607224206262899,-0.9338630645955817,-0.907158648999594,-0.5932740662569379,-0.8083227411114712,-0.3710910605655021,-0.6295120743323012,-0.863283375566784,-0.7603042909861282,-0.8798591412597283,-0.9489904920505395,-0.8781028207054641,-0.7799257418152439,-0.7711569012214968,-0.8568556849898225,-0.6340845965429499,-0.7538080721664085,-0.8459848163914406,-0.6896373100042125,-0.7305562130195024,-0.8187852570090819,-0.6465999115692148,-0.8293916713911963,-0.8653746440026595,-0.6227082728534155,-0.9451689587058226,-0.8117279850083089,-0.37749341219691346,-0.8852554459086183,-0.6940974923381638,-0.6891557731206458,-0.812674707639964,-0.8049292876019,-0.716947202352455,-0.5771793622822615,-0.7877621632255934,-0.8756464316325019,-0.8339208640595049,-0.6784892989914202,-0.845075646187858,-0.5932875247179562,-0.6318609867532232,-0.785580241863479,-0.7160108463142739,-0.9009048215811158,-0.628622078505886,-0.8901834566063368,-0.8351823046852009,-0.8310812097398552,-0.4723251209276082,-0.9468304340505496,-0.8026744103156581,-0.9493777402670628,-0.7349427810310928,-0.6472561016129575,-0.7919124440499353,-0.9426795149342575,-0.7185400148590405,-0.8139412265333316,-0.7774123545288003,-0.7660445443130793,-0.7352780820772908,-0.6266777437689399,-0.8736115929923379,-0.4396024251182279,-0.7646028522365163,-0.8888290878651157,-0.9428869987016649,-0.7799773873539361,-0.8333512476575717,-0.9012116596234669,-0.6549743651754834,-0.8240864589071177,-0.7537866603217342,-0.8806876345748937,-0.6405812245575286,-0.8482522723223517,-0.8473942242089744,-0.8671759661058019,-0.764917800521105,-0.8455927164892159,-0.8449569623144921,-0.7687431485588002,-0.7015066971740952,-0.7048265033153895,-0.8332267461875621,-0.7671002166554681,-0.841008502992293,-0.827277157465152,-0.8817696144632068,-0.462432634716406,-0.6929970450352361,-0.898442997169765,-0.6922270801881941,-0.7039344056629077,-0.7620920114781983,-0.8232916766913753,-0.8022803531593502,-0.7756790428159519,-0.7310410034862894,-0.6989850087540281,-0.85151465789098,-0.870116833253075,-0.789428823923688,-0.2558746360256819,-0.7647244656552643,-0.869015270820047,-0.8124999999999932,-0.8500796045551827,-0.8801710741234605,-0.8087087286017095,-0.8820318593570674,-0.7340883538111216,-0.6115205762281553,-0.8467757662806304,-0.6060044651042464,-0.88161596908222,-0.8968668780380796,-0.8266425141021543,-0.7835945016686489,-0.5431777079999531,-0.7650200485894681,-0.6846695892460094,-0.7916538556057552,-0.8607390963581505,-0.5950331399253156,-0.7736294879452202,-0.8302718384864464,-0.7980567196951925,-0.6807639119873617,-0.9561768115495239,-0.9037123619832524,-0.8040238635831841,-0.8128466803218871,-0.5551309178263187,-0.697558064492911,-0.8435081493052977,-0.8610753352971651,-0.68653191666979,-0.8263505433110184,-0.7617716867667895,-0.3370082039043959,-0.9180786957697179,-0.7108432897513066,-0.8999176109038941,-0.847232157419924,-0.6836919839017268,-0.852124765918401,-0.8122961654843542,-0.8784951975205891,-0.8084560752050156,-0.7601410113427886,-0.6156674276960186,-0.9016119862374633,-0.8691258495474965,-0.8593196439465896,-0.979592523706453,-0.6746704151463944,-0.6958125878754751,-0.5855057649002495,-0.9131390411993314,-0.6931716244488353,-0.5197267796259453,-0.8022356275958262,-0.92441759112786,-0.8830059601441536,-0.7473927012154727,-0.528010224476782,-0.9673576058876875,-0.3917746642341864,-0.6120108754222937,-0.8617550180035403,-0.750963172648846,-0.8164134977633716,-0.8395461912479749,-0.9440703499788277,-0.6805100567412729,-0.5987085383144378,-0.8943194264771793,-0.8634134480349651,-0.35753539249387134,-0.8590284668183313,-0.40150370375885763,-0.8922618371838751,-0.8017219487455162,-0.4652904888004363,-0.3777284567190039,-0.9089681668779588,-0.7704349052884409,-0.47113536182368265,-0.7119736219290838,-0.832736628801852,-0.5496852458770315,-0.17865257081270816,-0.8504119277067189
2024-12-25,-0.4333708042666623,-0.30098153513261977,-0.49976077448110634,-0.31225013838307525,-0.5403024260886014,-0.4738303775053392,-0.7777777777777822,-0.21716820022291447,-0.3369637582186107,-0.6415690708257229,-0.5832624335521902,-0.6322421240972617,-0.819980493702988,-0.13437873981326318,-0.20906917677303516,-0.6328165038228409,-0.17250342372914895,-0.3050683209889384,-0.34324434437040097,-0.41535658477542725,-0.5845945755503359,-0.29624333027545946,-0.5997489310017562,-0.8210338699287488,-0.8487243906958881,-0.15070959641353582,-0.6303385860408421,-0.39002175722383536,-0.47671935492105816,-0.2615029125214345,-0.7696900597751879,-0.5300361585074723,-0.22751447268479658,-0.41844548264261244,-0.545125585255935,-0.5828262217921995,-0.32398609508570286,-0.36545942916874374,-0.515136771527632,-0.6640424734644309,-0.17761191331072887,-0.1932915504587501,-0.2155669873594529,-0.20691146720898315,-0.3184791863475246,-0.56575832944966,-0.3882138255638761,-0.8211428487500271,-0.28337114292183757,-0.13497899299137614,-0.20741576271046275,-0.26872400613058284,,-0.5727554545294198,-0.8243122490621931,-0.2564750888873855,-0.30927617360685844,-0.16422858008920038,-0.30781361254787976,-0.7516793605119008,-0.37049529854677815,-0.197168106995066,-0.18070762018542538,-0.147286718089092,-0.3686424670294033,-0.5189133854745859,-0.04081719235570183,-0.2603170186762378,-0.48838185294188485,-0.465884875940188,-0.12516630616711175,-0.23477221902564896,-0.4070525220511198,-0.1672643472598321,-0.17395465591157477,-0.3242507743002946,-0.15883599998819778,-0.4082807063445533,-0.35221146995059327,-0.697360281970691,-0.16165647596399108,-0.2408216927028678,-0.6565584540205472,-0.5125653419376833,-0.7351422144468742,-0.6095965904309865,-0.22346177680762136,-0.10927516771986368,-0.5138449785399144,-0.5147811424868126,-0.10336397979128886,-0.13699069362403996,-0.25639628106255735,-0.6054101466603441,-0.360460972667033,-0.12340379784790212,-0.29116995344949137,-0.2338666047034532,-0.6068595286275937,-0.8086865528349512,-0.13400864090244954,-0.37423727291373904,-0.4397070550800187,-0.13510208351491293,-0.32723388606169734,-0.17316539353282318,-0.12592060528593635,-0.26272808972991646,-0.4789002925670975,-0.4311041630938758,-0.6885312019588027,-0.1605933889489672,-0.48866693823373375,-0.7599671335870206,-0.8802933542300632,-0.2163849833167621,-0.41754121816642725,-0.7268205650772922,-0.3293076156989343,-0.5808734670438892,-0.9517333592664524,-0.6471858988875296,-0.7621681226788863,-0.8938688802462682,-0.6340279756330094,-0.40413313931485756,-0.5326477682946928,-0.7039137239493721,-0.18189368744013343,-0.6954514223557008,-0.39797213476066307,-0.519656855693853,-0.3286679170871908,-0.7058823529411722,-0.33809467878762123,-0.27818260014407664,-0.3590285030410566,-0.553917989638105,-0.2978362372890686,-0.2919252335465006,-0.5686565468256736,-0.7940015259363551,-0.47258074481347395,-0.759639976230715,-0.9194575134281938,-0.43005767975439735,-0.15438244412310692,-0.7809208105482345,-0.3719763002099583,-0.6801948059319095,-0.632703275894027,-0.19424638702016198,-0.09711975313904739,-0.2971459250344705,-0.35184735787856036,-0.14649916793034676,-0.6985962828366671,-0.13697789455750042,-0.3160200374130264,-0.17401740716636643,-0.24442752826402891,-0.3097185717753571,-0.8623499956165314,-0.10061491529276423,-0.13517942386908996,-0.48595360178550917,-0.6812346115335861,-0.780456881366648,-0.1581053831770553,-0.5376797456502501,-0.6722795360201582,-0.14166792081271995,-0.5629447103765579,-0.3355748428458718,-0.8571428571428608,-0.8052552099508485,-0.4838101830524666,-0.5450107659563274,-0.63134453422109,-0.7649550730256323,-0.733443771612857,-0.32331327335746196,-0.8010609493286743,-0.46386710696724714,-0.6447867457841647,-0.5491113372907884,-0.8810409955714388,-0.9403753411836889,-0.2624890894025132,-0.44215987039629345,-0.8995881178544798,-0.7572980091405567,-0.4876605777071416,-0.9435176664461477,-0.7807506982544901,-0.14366173273716126,-0.7830059868066367,-0.49708915155808114,-0.4855795408511726,-0.6718125039244087,-0.5071442613637437,-0.5630372006656482,-0.7539717800389771,-0.31943555032392,-0.6945612990557544,-0.6908074419250143,-0.832609668944358,-0.4921137228739068,-0.8764350141848152,-0.4852517794877764,-0.5867554889789792,-0.4550766056046267,-0.8936104787853829,-0.33663436184009815,-0.4422352477308893,-0.7188833216205234,-0.2941176470588226,-0.6904143819342887,-0.35532065890699455,-0.6141949553682092,-0.6250000000000042,-0.5678850881907275,-0.3471055948144074,-0.4127944788150369,-0.7457428848259872,-0.3339717414687104,-0.5,-0.4632243414234499,-0.1823211714110367,-0.3245925618489807,-0.5574236505869884,-0.13087793389576902,-0.4333243517999387,-0.1606422283214407,-0.19067952153068488,-0.722355608567477,-0.5433448109303403,-0.8383233390222359,-0.6691663184717461,-0.7056092240397263,-0.5404365984873704,-0.5291544746537984,-0.7608559737149702,-0.6494410699621527,-0.824194825623369,-0.7775536288543783,-0.3644951718833217,-0.2664418568812895,-0.17186647593239185,-0.7862368878633993,-0.45303504640205466,-0.7104226591065376,-0.6558086692781083,-0.7997874294515663,-0.5650603975791435,-0.4239454270174305,-0.6555186461442886,-0.3684944959772025,-0.41577696727352276,-0.13903211971397192,-0.49207889836556296,-0.2886781014695851,-0.40584717302309564,-0.7340882736188212,-0.34447570153292156,-0.5010320623980004,-0.06600725065988076,-0.6650734967111276,-0.3194502331825504,-0.048431663554196425,-0.7389077602953469,-0.12573477411595266,-0.2625361857651815,-0.13819554960271516,-0.20692267523354768,-0.049076977886283735,-0.19237104311626363,-0.24522503702655835,-0.3493024886042521,-0.2878376261913389,-0.30486878448351906,-0.6548424411541066,-0.7248712535135649,-0.2956523689341832,-0.07463752257418285,-0.718813131714675,-0.4916868505960994,-0.23564603493280875,-0.27687581103139425,-0.17978892075431802,-0.09760245025361955,-0.21555257835231367,-0.7919753372206318,-0.48692372700522735,-0.5982885768427982,-0.42889102386934375,-0.19089141021916964,-0.26836628239496896,-0.06825811424644157,-0.43558955334867405
2024-12-26,-0.5469612505118904,-0.3725099689716491,-0.5720294089664075,-0.1368290196271092,-0.7472882471419527,-0.7999999999999964,-0.17448270846203642,-0.1507237933422064,-0.7975889719522401,-0.5656124187282263,-0.4163493657356805,-0.7647058823529421,-0.14311217189804104,-0.2908332865021797,-0.1927247576612587,-0.12677302130829596,-0.5237151344941372,-0.6991815366235474,-0.3055743723296359,-0.04083351466461461,-0.593181889019202,-0.7080761500284521,-0.4294246185836784,-0.4272711521379147,-0.5100567793645714,-0.10590383255625413,-0.6691667767575871,-0.4741116128615921,-0.20776822550566143,-0.17879737897306439,-0.11347326513885928,-0.696537039052109,-0.559242744065231,-0.5635215360768352,-0.5963099742995471,-0.2070581157398303,-0.09866514457543173,-0.18542915502311383,-0.530538690511041,-0.15664929699178698,-0.4825436322040179,-0.8019097397503566,-0.6340076201664926,-0.255225086350649,-0.22476664456928672,-0.17871853518828978,-0.5904559340440214,-0.6072139083390141,-0.5468009111384196,-0.6219257765198571,-0.7478665744636588,-0.7650669553742491,,-0.19877282604380997,-0.6133713807445805,-0.4151809304170126,-0.04972045062828955,-0.513033199716993,-0.5730698978665448,-0.9555573541186767,-0.30098427957946106,-0.08522458627019969,-0.35088466777711647,-0.8202006339572491,-0.12847587245193556,-0.1759225433537188,-0.3129001317043186,-0.6724839670451067,-0.6913847204337789,-0.48522205200658547,-0.147508915999637,-0.1814621659982492,-0.6316284736175778,-0.19163128830387666,-0.6569835210504402,-0.7131419906152355,-0.5874642859148926,-0.7542106419461307,-0.8112286360248444,-0.14689346368889994,-0.24831472444684904,-0.4029666395545947,-0.1596985634798577,-0.442871345542853,-0.317668737069633,-0.8402515976062405,-0.16323193646666015,-0.6951576820310074,-0.6709511427007813,-0.7629967125435372,-0.4036917125599278,-0.3361456274320642,-0.7519130821427376,-0.12676045730819635,-0.6288844966567878,-0.15907854004920655,-0.5825337294447617,-0.8074446817122533,-0.11311546909684343,-0.761605696176121,-0.5851319716060055,-0.0451283123450956,-0.12791609017033148,-0.8447677424646682,-0.20342812404421307,-0.5774672685797823,-0.7734553519165553,-0.4530886867668465,-0.5040702540634237,-0.0513428062602121,-0.332431608047683,-0.16192778755988152,-0.7980181174163674,-0.7864003973457392,-0.041983283194480456,0.0,-0.2042737031649782,-0.8385744069470603,-0.17288489223019168,-0.19271178044337908,-0.22084713325484726,0.0,-0.0895342248148668,-0.3762809932603436,-0.20937339011386003,-0.521099618679154,-0.8534939780259237,-0.8778440654186233,-0.43407375608617627,-0.2626379285519882,-0.5333218684122774,-0.3725837709375262,-0.2764401574761701,-0.9541363418603499,-0.24395262726656144,-0.4417178404989021,0.0,-0.6858536088796315,-0.28892092345445225,-0.47675306258320416,-0.6825065149360328,-0.062024361902943755,-0.2477333277448906,-0.4051678900879609,-0.5311356403649201,-0.4680180416250367,-0.6194119162776088,-0.09916735822013802,-0.22429735648871849,-0.26631171651244384,-0.48597845889170077,-0.6761410442102855,-0.8049858586978705,-0.259451932464029,-0.03916592473103225,-0.7972780956858458,-0.798396496043344,0.0,-0.3097683177570014,-0.26609021494407437,-0.12172690753672133,-0.761841540513424,-0.3546790914694348,-0.545372832493482,-0.7977261627822879,-0.5113631720902242,-0.48654250984364633,-0.11891723067145837,-0.6646872997710676,-0.1000998814881326,-0.7441635462765203,-0.5410460192661005,-0.575326463557485,-0.3380701271325457,-0.09383299477792437,-0.8444450346328874,-0.545705897124342,-0.25895164929992776,-0.650732906408051,-0.5633588696471985,-0.2782225419148024,-0.7152080037270966,-0.2787888841708166,-0.060153400207122516,-0.13365729500313409,-0.4192550144806931,-0.9220669251766844,-0.6804308269712196,-0.6474543001362777,-0.5580325241977462,-0.6795171564435343,-0.8498309798083985,-0.43521582005802995,-0.14454029681058522,-0.3524855023440853,-0.2220162549966575,-0.42088673967810386,-0.6998946567853689,-0.3749999999999917,-0.03233335854990149,-0.8503777005447553,-0.16981123203526488,-0.15158671030592624,-0.8157903765992521,-0.28343133157406847,-0.8614273574134298,-0.8817435169013107,-0.21324053667006104,-0.31425617379705784,-0.04107196631298167,-0.8935157170364405,-0.9428071765804653,-0.12924686830765644,-0.7571022220160123,-0.16166532740523545,-0.7947848939285211,-0.7283092202165711,-0.8854608645890949,-0.4980353215341702,-0.496111993997704,-0.19488296572250077,-0.940086802494258,-0.704236543853883,-0.696952228397349,-0.08542430261576885,-0.8508538817455866,-0.15394338995006485,-0.6604082176666703,-0.48307804595533455,-0.5180486931023512,-0.3445556769605022,-0.19545715098052066,-0.1650019829307223,-0.6305839405106491,-0.9176779407775963,-0.3867482169622263,-0.8636363636363663,-0.30036397950363325,-0.4922482122434355,-0.6582123184158052,-0.2403938329767311,-0.6152626658833292,-0.28850077923414214,-0.6754616197701483,-0.6000000000000048,-0.7257763247568295,-0.22395659683009245,-0.34795101513868537,-0.38389782343427165,-0.5821669865798488,-0.6759547060104977,-0.8515700020192862,-0.5122562979998161,-0.0623254164658895,-0.5757160664459111,-0.6798632629581369,-0.3390021375125102,-0.9106120863706427,-0.6387640718849706,-0.29167785197322915,-0.7928831641515656,-0.15047044353875647,-0.6600772427580961,-0.4749934915907243,-0.6017291247369464,-0.36892306489946697,-0.4664204511200167,-0.6213688162292922,-0.09758919969212827,-0.8303509501112356,-0.7799013985689397,-0.28866220012750343,-0.6216064202431653,-0.6541362750223298,-0.0913691979774039,-0.5455053768370753,-0.21523926635862736,-0.4918145841442616,-0.34796923664555324,-0.6642024969414031,-0.6111286469891831,-0.5454864147812215,-0.3288470327322555,-0.5512956262167938,-0.4148113156458818,-0.6324419470281947,-0.6716329698122494,-0.03599973599797971,-0.48534219227812847,-0.1262919786789775,-0.5970920701570076,-0.05803459395141453,-0.5437572023594252,-0.11785499863800425,-0.48818638747481863,-0.06229952888823244,-0.5990565922105924,-0.5841681641214249,-0.762217528387139,-0.22677218579032146
2024-12-27,-0.720389793837724,-0.4173382028815888,-0.25011745904113125,-0.36165618067709354,-0.1442467933109683,-0.10577903964488805,-0.4606158162178462,-0.6572758120932181,-0.5146897059550013,-0.44044822085212026,-0.34925601122934163,-0.5403231898503718,-0.6597845195276679,-0.5032614827283659,-0.5122909696843975,-0.47939846198922265,-0.4775490440836596,-0.46465093624831777,-0.5944606413110302,-0.13162399144408046,0.0,-0.3387108054244644,-0.37590573433237245,-0.51055106289204,-0.53837528157296,0.0,-0.5480996266367794,-0.6903400633642418,-0.6967691440433471,-0.5381045816887745,-0.8124954949368629,-0.05456244824660322,-0.41243113561577444,-0.2847402320962433,-0.7588085019747591,-0.2719672054755007,-0.63524812175786,-0.7558701869637948,-0.7045371099235552,-0.2684524775250375,-0.09551213959141867,-0.11793850911880892,-0.3083920466811872,-0.4886471584798751,-0.4371903384427827,-0.44764435112851714,-0.07914768786922477,-0.08964689485945103,-0.6789335079903394,-0.11864680456860624,-0.1725956734903706,-0.08570517157990828,,-0.5982212198999375,-0.7114694936051299,-0.424370482807923,-0.7642664298431613,-0.47185457704231176,-0.1463414634146353,-0.10218789016493886,-0.03376890163053684,-0.2110542883934722,-0.4078936874684868,-0.12652393912011345,-0.7741122370440155,-0.4132938891836388,-0.7274499851085642,-0.8509328213036154,-0.7172514083875585,-0.389226014236474,-0.3386976971802306,-0.6488492550399987,-0.39605164080109756,-0.42265136330499453,-0.3860557939777722,-0.1503545603632874,-0.2742555594550042,-0.10021834561530892,-0.037083663041855126,-0.8066182517924282,-0.17680084777084548,-0.16769660970794406,-0.5463496116397363,-0.44229037571546753,-0.45219435717587336,-0.329567634140171,-0.3188856366533674,-0.01901207500842133,-0.1331834795897085,-0.22393110259482615,-0.42007745112054135,-0.28315280630678663,-0.10729986359387615,-0.7313009574616498,-0.04713475493821943,-0.20298002425129213,-0.1489318284613589,-0.17804206793274213,-0.6935171747163249,-0.10428771722112223,-0.1487876019559233,-0.8089125190318959,-0.3174986401930029,-0.232390014756979,-0.6889968566063562,-0.10018964522318563,-0.10957296783109222,-0.2883113832405792,-0.2122143049620205,-0.10192546207576436,-0.2761144015037939,-0.493339349191351,-0.2588997989090758,-0.8760931972452534,-0.7176120347044984,-0.4621392781846225,-0.864176948983173,-0.76787956361752,-0.8132054598130569,-0.879408821457186,-0.6292761440371567,-0.6996463424457682,-0.7452388323585748,-0.5757379679689947,-0.7193774495645998,-0.353611478931016,-0.26954880249024954,-0.6628320776007405,-0.27648897135249684,-0.645046894287615,-0.4953618131549482,-0.4276326190780379,-0.6420807988712272,-0.6438560612512075,-0.5919159011776477,-0.1569733783921359,-0.7573578805836787,-0.1962388483254017,-0.626739038442051,-0.7009675921545763,-0.22093056142554685,-0.20505025062562257,-0.5856071264450042,-0.3898739435748525,-0.7034917019133244,-0.4395187579734093,-0.748697498407398,-0.6873992149937771,-0.45157845780832595,-0.3215303654514098,-0.11935842852425298,-0.6805634036328083,-0.6091492738903084,-0.4192509800355957,-0.22295674986746178,-0.13273060094811648,-0.07949337996829521,-0.6437977718979967,-0.5738080241968417,-0.49462601725873034,-0.34646581777550495,-0.38013564052815946,-0.7403943421475024,-0.10798188746278117,-0.5791410003917548,-0.47807362532569203,-0.8714480907671479,-0.7601858718651435,-0.6984169704432323,-0.3117278237343166,-0.7895686457865999,-0.46365939115884175,-0.36371009160309786,-0.12245441070857706,-0.9271155049905638,-0.4944997220938158,-0.26713222745743725,-0.08296654986546435,-0.12630689399805367,-0.4876625455714092,-0.7449980183284635,-0.8425091426570513,-0.16996661272533314,-0.9074880390653892,-0.5000000000000111,-0.27953913820030996,-0.6048993912515297,-0.791092186816144,-0.5445999075673128,-0.7643040116903632,-0.39768513960083834,-0.4933080091961051,-0.3664517272609168,-0.6377693735849485,-0.5142847945506042,-0.37963496221013787,-0.37375305256361446,-0.31904213389277775,-0.21430755757689265,-0.5992892680258105,-0.20324043226158128,-0.472865440561786,-0.4267364124402258,-0.10409451769373362,-0.1904761904761941,-0.969374462652148,-0.5902549223935685,-0.7612299201494918,-0.16003407931172584,-0.5974654934672856,-0.7641554760522368,-0.5362231243919184,-0.2522943913631849,-0.8577077711002863,-0.5476205681723691,-0.7050214336265712,-0.7990784810430341,-0.6313634402739601,-0.14744813770792492,-0.4209874392367648,-0.9546903958154795,-0.8697874055108324,-0.05867588787739858,-0.6914086594439507,-0.8893687924754736,-0.24187352720148306,-0.727877669231676,-0.6016275615075098,-0.4229677072942496,-0.6108105325486648,-0.8430454203970055,-0.8439197130811419,-0.2930181551452471,-0.1113572302063261,-0.2242735713642782,-0.5122887391574308,-0.44055942863214353,-0.8119346385339362,-0.26456753795284244,-0.13844838497217843,-0.895409088619985,-0.8574772034252494,-0.6888359546865883,-0.7895834755419854,-0.7317073170731723,-0.43749868162736916,-0.2729372313104381,-0.6666666666666716,-0.8352766962461542,-0.894736842105265,-0.37208322632671464,-0.10845109040885045,-0.2806102874753745,-0.4290280747844532,-0.07972573905933149,-0.47188583532438433,-0.5,-0.8610140463695889,-0.764342845830604,-0.8174468084199938,-0.6727716320014202,-0.7531519160256717,-0.09336232508489856,-0.8000000000000035,-0.06834629926655754,-0.5203032392316604,-0.4282350300960603,-0.030172291789034064,-0.8203568283222954,-0.2258442997018301,-0.3221027665695032,-0.14965788884976877,-0.13708794158985002,-0.1270948966868353,-0.5140923599259405,-0.3766695454416134,-0.5390773686926508,-0.368553990356767,-0.6363252589211168,-0.08937361132075512,0.0,-0.47582878733751155,-0.5992585917540109,-0.0031026272458009856,-0.3337397056058722,-0.18922668088803188,-0.05042892041482305,-0.40857083426741286,-0.4120060737529918,-0.21720677300953795,-0.12322337803007985,-0.3361684956791481,-0.19933929919318516,-0.5144394888404322,-0.021017817893185672,-0.3057683722731337,-0.3540237377636004,-0.1381943993066287,-0.08163513408487301,-0.16707256967144388
2024-12-30,-0.832879640974671,-0.183132740672417,-0.36631539627299015,-0.4609022463769325,-0.5298711622974528,-0.8534245331599905,-0.6890709146238942,-0.4586661492017887,-0.310773662801321,-0.38862094656268725,-0.6034952401245075,-0.6088756810430234,-0.5310916588755469,-0.15760396029906915,-0.13371912767203137,-0.8103779053209929,-0.2552875419931222,-0.5356590671898954,-0.3890910002180868,-0.2310628574377784,-0.8276444946562931,-0.432906025787815,-0.5392111133938888,-0.9033751486227444,-0.17305941435133454,-0.8591585362875866,-0.6958481730479493,-0.09958176908578606,-0.04545215172529037,-0.4238380414761969,-0.4287699177874802,-0.3878218174446335,-0.07344294270716377,-0.05593565778469401,-0.7011615292322774,-0.26487902252911083,-0.21810253501295643,-0.31994943936457665,-0.5431993873528912,-0.1106028532028108,-0.7577756881183824,-0.18678316729268976,-0.316391426795936,-0.7147872197414009,-0.8329619702397376,-0.7781401363804571,-0.20253097258612887,-0.3811227985403995,-0.6679452071409019,-0.5721892243642104,-0.5176378364512586,-0.5662292572478124,,-0.2832219654022274,-0.15114400764035552,-0.4149516823424858,-0.27895506199941394,-0.21087716943477325,-0.8189048126167671,-0.38274881219779233,-0.7525693991589621,-0.7930697053155223,-0.8539768222254268,-0.5076319398332403,-0.5988429874890494,-0.4241959303504804,-0.27963852014653195,-0.5071294659424932,-0.269874152368983,-0.5825219057375495,-0.6640903128712442,-0.7375000000000004,-0.9180786957697177,-0.43859649122806993,-0.5116346045178921,-0.5216912128303677,-0.4158676202080192,-0.22484418547271445,-0.28622855737915825,-0.2891900877020873,-0.5108949226438996,-0.3239701145120234,-0.6920250675301381,-0.8677024152389953,-0.16326241679214476,-0.35588936269279503,-0.5455068237354516,-0.4514757768732752,-0.13423893127482275,-0.17241623876677326,-0.2658476662757754,-0.43486510292672215,-0.17240970948093454,-0.27456450208679956,-0.6573169547748535,-0.7793303786989316,-0.016237575430679926,-0.3862388382795336,-0.07558030441532615,-0.06826922517953499,-0.08011711161120028,-0.7794309127309141,-0.4042810497922165,-0.6518516967778701,-0.2912306501525396,-0.369019903377826,-0.14994727608268352,-0.02697035510241916,-0.6852379162735303,-0.22537538223637615,-0.5534900004779274,-0.13662395394567647,-0.04936016937638901,-0.8350582344831108,-0.11681045245816138,-0.35125044573742814,-0.28780895625428526,-0.80449786389168,-0.8074054530256756,-0.6979511064067505,-0.7068450258980555,-0.5458771244061059,-0.1593602796091959,-0.7731474643319612,-0.3333333333333333,-0.8826689632665168,-0.6679592371450223,-0.6492896147451152,-0.6821653667449447,-0.21021358540299923,-0.94576357701645,-0.8710138598165346,-0.48662598838004595,-0.6528267376193361,-0.6381451906040357,-0.6322898947666513,-0.48786465662750794,-0.3852237606161594,-0.27242166677622537,-0.36068787234583466,-0.27470997221534693,-0.4221546116784315,-0.37057373008088185,-0.8043796368000007,-0.15382740694775818,-0.12883448142453294,-0.15068582284621326,-0.38485480669331634,-0.7130237916535765,-0.7835351662590914,-0.42622957832875685,-0.2054444451731811,-0.44315001943580296,-0.1735610805303694,-0.7249952631561216,-0.017229020079323237,-0.2777777777777723,-0.2402311385781278,0.0,-0.3428733011237183,-0.5979640330968047,-0.6674646358052624,-0.396173511176205,-0.3026774503608111,0.0,-0.4105206508434313,-0.5853544129988782,-0.15407290485634684,-0.03416781751996457,-0.6652443029079965,-0.7386538310644202,-0.5372320927538372,-0.7426828703497405,-0.29163004639370416,-0.25544641851163535,-0.5941390421278201,-0.15009507319208198,-0.6847964098159736,-0.035101561935489994,-0.29213709112151337,-0.19442795742709704,-0.44404770291860735,-0.07863815949346056,-0.14778109302989317,-0.34480015583832063,-0.8447744808751354,-0.7319844057738726,-0.6379312384521301,-0.8383357523263961,-0.7673818593632713,-0.8126270011269267,-0.7913884124349735,-0.8298428859312458,-0.32846723685841767,-0.8750528114075384,-0.8611972753909551,-0.7186720212630094,-0.41798340536037787,-0.8164772032258565,-0.40833722378197285,-0.46559146803825036,-0.48576458039061154,-0.5995377942068562,-0.3408236708000701,-0.5461255050495176,-0.6959422600622341,-0.7867237895709623,-0.7612825605913168,-0.7702631710372299,-0.7446536604071351,-0.6977232500861426,-0.7119937316854437,-0.6175556302519654,-0.759026180541012,-0.9384918924541471,-0.7999337003410509,-0.7994299005910881,-0.8518130785619787,-0.24598921457777073,-0.7872405777831291,-0.5863227636174689,-0.585012038143492,-0.7632147185557262,-0.5955562116123438,-0.12589157840608206,-0.6906011871849562,-0.7389382470375515,-0.759093786570338,-0.5277777777777821,-0.8278867957706818,-0.7401505914207983,-0.24999999999999442,-0.7575666533200767,-0.128322889269181,-0.23119144712944487,-0.6220452266275316,-0.6889918757311034,-0.053581582907242964,-0.7672421130056288,-0.08011694221616515,-0.6747806475807819,-0.8597190628917041,-0.45061927667096163,-0.8091710610900011,-0.7605786012993202,-0.506296951862818,-0.5212789031777679,-0.5000000000000111,-0.7216800303489566,-0.5510908759265408,-0.8980244807834065,-0.8362926793292851,-0.5511098809244953,-0.7038091853926943,-0.5776745165706431,-0.8595117700416108,-0.7604039995119226,-0.7732625770927712,-0.6184893976608054,-0.08270714405154825,-0.8340364566713961,-0.29164176597648744,-0.6909950434743098,-0.7954739101211459,-0.11889633893832542,-0.3145675515404807,-0.7305647373973361,-0.2882282332939851,-0.2216592563448623,-0.10109266296099469,-0.1806135862157963,-0.22720201150833902,-0.1801028910921389,-0.5032446530137731,-0.39979163951871133,-0.5727619016423112,-0.33479283828619577,-0.21590033093687527,-0.1914087214593811,-0.6282296429220096,-0.40590831712619607,-0.6030782472077978,-0.7633205956468402,-0.09667680978149694,-0.356548292441816,-0.7086532020306581,-0.3513148367157074,-0.6073516315579761,-0.15807108832481737,-0.6124711721509515,-0.6399081433861729,-0.27976160911053044,-0.5948103947062346,-0.5666989593544433,-0.6667055698741579,-0.20048223260662676,-0.6588152476140278,-0.6450954377097544,-0.33688716458425016,-0.6330758904784962
2024-12-31,0.0,-0.05712748496182398,-0.2253820721000168,-0.1371507624734737,-0.06155215505808947,-0.3571946066698725,0.0,-0.052131030132352554,-0.38660725603339113,-0.05853580728090264,-0.2693845077615524,-0.5447955603174238,-0.22235143441001018,-0.014513268859482094,-0.2009932106866346,-0.03724021432722895,-0.03053396657940805,-0.3106311181171381,-0.013293747434625632,-0.5392935811418267,-0.11758440879849519,-0.10481989928501247,-0.5617162650492503,-0.015996601413737457,-0.415888865282942,-0.35001993631903117,-0.08625756416804845,-0.008714597465178246,0.0,-0.1274586010651002,-0.05606131711918387,0.0,-0.020672765668637162,-0.1275741801242322,-0.08589252069763698,-0.035108926645132515,-0.057076804028805724,-0.0802923606113159,-0.14527750273345683,-0.07068742787525745,-0.6722957954279115,-0.08047471923003945,-0.02488674162551003,-0.0834399190982017,0.0,-0.02157203100285916,-0.5078594265912265,-0.043407259445797305,0.0,-0.010465223664674702,-0.029592735459314654,-0.07323579207865448,,-0.045947788296777654,-0.10156813488905013,-0.35551315400319355,-0.14450301229747597,0.0,0.0,-0.5068001252007385,-0.03779730348395498,-0.08615367859180992,0.0,-0.22086014457870537,0.0,-0.042813612339784875,-0.15283891595691595,-0.7271291952925496,-0.024744194793284418,-0.19483191412841877,-0.03360102669206657,-0.012322551585290106,0.0,-0.028390382096955227,-0.09039402606064396,-0.00802296454884352,-0.1586031422394753,-0.1996463461212081,-0.016274901654231948,-0.24698798699678826,-0.07645676733365073,0.0,-0.14195505502936084,-0.018024238553031886,0.0,0.0,0.0,-0.021839539989555883,-0.09063625333122695,-0.0017869872754254978,-0.00821336708280944,-0.024173307218386772,-0.18798698187904847,-0.025262177721619636,0.0,-0.03683078249003991,0.0,-0.01584135990559291,-0.21177611895509538,0.0,-0.03348255186802364,-0.16534941766499883,0.0,0.0,0.0,0.0,-0.10459337506872687,0.0,-0.04762456764244529,-0.10240681810974928,-0.4913043607160138,-0.011776102901456358,-0.0992937003835636,-0.03821084457190711,-0.029042248395910592,0.0,0.0,-0.048066204865101346,-0.06717379334942303,-0.36891246705444003,-0.2554032584395554,-0.08707974312238255,-0.2719849099748768,-0.16917666162430328,-0.07196350869608156,-0.01768860268856746,0.0,0.0,-0.10561659817931725,-0.0768248663770883,0.0,0.0,-0.10037651019187042,-0.08100633281029031,-0.3250000000000017,0.0,0.0,-0.03614138865615868,-0.1426670365402094,-0.30131925917722013,-0.22149039089299544,-0.08695652173912842,-0.06396542987466346,-0.13488969101185846,-0.13940420422791333,-0.07120186236703861,-0.0067839940695918295,-0.07124441287215642,-0.21061974977910847,-0.22571891096729307,0.0,-0.5925506400139092,-0.22644833298665545,0.0,-0.02182724249281533,-0.008611204911865926,-0.0462152740798555,0.0,-0.08695768720331044,-0.02456907891464946,0.0,-0.005774779169599068,0.0,-0.018779877652788084,-0.4851263856479137,0.0,-0.4039121024563678,-0.4401748683001572,-0.573285971787931,0.0,-0.03100275802839282,-0.8122237336859378,-0.014614696709315176,-0.6037100644358374,0.0,-0.6659500498570577,-0.029206642523164253,-0.028559236442154693,0.0,0.0,-0.6013620281326368,-0.3084150449602057,-0.6997709181922518,-0.45177164586439267,0.0,0.0,0.0,-0.04252553456950661,-0.2710312721538747,-0.5657299786174446,0.0,-0.306287206514072,0.0,0.0,-0.09154096312289522,-0.016656973986650277,-0.1931426194471187,-0.013237399615182227,0.0,-0.5742878994815824,-0.21744578429776934,0.0,0.0,0.0,0.0,0.0,-0.07226587221697477,0.0,-0.04793332896385617,-0.02625926932817317,-0.09947495142063009,-0.04745767380183123,-0.03219871042097472,0.0,0.0,0.0,-0.14563638135693444,0.0,-0.020766980567214,0.0,0.0,-0.15608225228363706,0.0,0.0,-0.5641659716953022,-0.02817575734709629,0.0,0.0,-0.38472725926881934,0.0,0.0,0.0,0.0,0.0,-0.03020908620871515,-0.14092875617412112,0.0,-0.19880952719395775,0.0,-0.30119541844324593,-0.11706108412907798,-0.2287791468921976,0.0,-0.09570536341780604,-0.19767309108196351,-0.16085395259004276,-0.055058055348656765,0.0,-0.0725866196795017,0.0,0.0,0.0,-0.006725529642958529,-0.43719428286541656,0.0,0.0,-0.09228604952552281,-0.09995650156408589,-0.4022804957971549,-0.49413199374327715,-0.1121230453293373,-0.11700743392730908,0.0,-0.07971795691558682,-0.10414359450320013,-0.1952716245752061,-0.020719154507498536,-0.40302893805749246,-0.02572492944898067,-0.11405086218031962,-0.1679360129521876,-0.012021918597797738,0.0,-0.016852508399086447,-0.24928327172013207,-0.09728442631296294,0.0,-0.3160197656003731,-0.44833113446649003,0.0,0.0,-0.0687130435360631,-0.40598818179892043,-0.07741426679568336,-0.03390282291744396,-0.08877965303239833,-0.044834101579884815,-0.015700976258620814,-0.04184685853222636,0.0,-0.3668172456442847,0.0,0.0,-0.2781778589567598,-0.03393998234461845,-0.006257853119776942,-0.33154643237393483,0.0,0.0,-0.00753844834878629
