date,000001.SZ,000002.SZ,000063.SZ,000069.SZ,000100.SZ,000157.SZ,000166.SZ,000301.SZ,000333.SZ,000338.SZ,000408.SZ,000425.SZ,000538.SZ,000568.SZ,000596.SZ,000617.SZ,000625.SZ,000651.SZ,000661.SZ,000708.SZ,000725.SZ,000733.SZ,000768.SZ,000776.SZ,000786.SZ,000792.SZ,000800.SZ,000858.SZ,000876.SZ,000877.SZ,000895.SZ,000938.SZ,000963.SZ,000977.SZ,000983.SZ,000999.SZ,001289.SZ,001979.SZ,002001.SZ,002007.SZ,002027.SZ,002049.SZ,002050.SZ,002074.SZ,002129.SZ,002142.SZ,002179.SZ,002180.SZ,002202.SZ,002230.SZ,002236.SZ,002241.SZ,002252.SZ,002271.SZ,002304.SZ,002311.SZ,002352.SZ,002371.SZ,002410.SZ,002415.SZ,002459.SZ,002460.SZ,002466.SZ,002475.SZ,002493.SZ,002555.SZ,002594.SZ,002601.SZ,002603.SZ,002648.SZ,002709.SZ,002714.SZ,002736.SZ,002812.SZ,002821.SZ,002841.SZ,002916.SZ,002920.SZ,002938.SZ,003816.SZ,300014.SZ,300015.SZ,300033.SZ,300059.SZ,300122.SZ,300124.SZ,300142.SZ,300223.SZ,300274.SZ,300308.SZ,300316.SZ,300347.SZ,300408.SZ,300413.SZ,300433.SZ,300450.SZ,300454.SZ,300496.SZ,300498.SZ,300628.SZ,300661.SZ,300750.SZ,300751.SZ,300759.SZ,300760.SZ,300763.SZ,300782.SZ,300896.SZ,300919.SZ,300957.SZ,300979.SZ,300999.SZ,301269.SZ,600000.SH,600009.SH,600010.SH,600011.SH,600015.SH,600016.SH,600018.SH,600019.SH,600023.SH,600025.SH,600028.SH,600029.SH,600030.SH,600031.SH,600036.SH,600039.SH,600048.SH,600050.SH,600061.SH,600085.SH,600089.SH,600104.SH,600111.SH,600115.SH,600132.SH,600150.SH,600176.SH,600183.SH,600188.SH,600196.SH,600219.SH,600233.SH,600276.SH,600309.SH,600332.SH,600346.SH,600362.SH,600372.SH,600406.SH,600426.SH,600436.SH,600438.SH,600460.SH,600489.SH,600515.SH,600519.SH,600547.SH,600570.SH,600584.SH,600585.SH,600588.SH,600600.SH,600606.SH,600660.SH,600674.SH,600690.SH,600732.SH,600741.SH,600745.SH,600754.SH,600760.SH,600795.SH,600803.SH,600809.SH,600837.SH,600845.SH,600875.SH,600886.SH,600887.SH,600893.SH,600900.SH,600905.SH,600918.SH,600919.SH,600926.SH,600938.SH,600941.SH,600958.SH,600989.SH,600999.SH,601006.SH,601009.SH,601012.SH,601021.SH,601059.SH,601066.SH,601088.SH,601100.SH,601111.SH,601117.SH,601138.SH,601155.SH,601166.SH,601169.SH,601186.SH,601211.SH,601225.SH,601229.SH,601236.SH,601238.SH,601288.SH,601318.SH,601319.SH,601328.SH,601336.SH,601360.SH,601377.SH,601390.SH,601398.SH,601600.SH,601601.SH,601607.SH,601615.SH,601618.SH,601628.SH,601633.SH,601658.SH,601668.SH,601669.SH,601688.SH,601689.SH,601698.SH,601699.SH,601728.SH,601766.SH,601788.SH,601799.SH,601800.SH,601808.SH,601816.SH,601818.SH,601838.SH,601857.SH,601865.SH,601868.SH,601872.SH,601877.SH,601878.SH,601881.SH,601888.SH,601898.SH,601899.SH,601901.SH,601916.SH,601919.SH,601939.SH,601985.SH,601988.SH,601989.SH,601995.SH,601998.SH,603019.SH,603195.SH,603259.SH,603260.SH,603288.SH,603290.SH,603369.SH,603392.SH,603486.SH,603501.SH,603659.SH,603799.SH,603806.SH,603833.SH,603899.SH,603986.SH,603993.SH,605117.SH,605499.SH,688008.SH,688012.SH,688036.SH,688041.SH,688065.SH,688111.SH,688126.SH,688187.SH,688223.SH,688256.SH,688271.SH,688303.SH,688363.SH,688396.SH,688561.SH,688599.SH,688981.SH
2024-01-02,,,,,,,,,,,,,,,,,,,,,,,,,,,,,,,,,,,,,,,,,,,,,,,,,,,,,,,,,,,,,,,,,,,,,,,,,,,,,,,,,,,,,,,,,,,,,,,,,,,,,,,,,,,,,,,,,,,,,,,,,,,,,,,,,,,,,,,,,,,,,,,,,,,,,,,,,,,,,,,,,,,,,,,,,,,,,,,,,,,,,,,,,,,,,,,,,,,,,,,,,,,,,,,,,,,,,,,,,,,,,,,,,,,,,,,,,,,,,,,,,,,,,,,,,,,,,,,,,,,,,,,,,,,,,,,,,,,,,,,,,,,,,,,,,,,,,,,,,,,,
2024-01-03,,,,,,,,,,,,,,,,,,,,,,,,,,,,,,,,,,,,,,,,,,,,,,,,,,,,,,,,,,,,,,,,,,,,,,,,,,,,,,,,,,,,,,,,,,,,,,,,,,,,,,,,,,,,,,,,,,,,,,,,,,,,,,,,,,,,,,,,,,,,,,,,,,,,,,,,,,,,,,,,,,,,,,,,,,,,,,,,,,,,,,,,,,,,,,,,,,,,,,,,,,,,,,,,,,,,,,,,,,,,,,,,,,,,,,,,,,,,,,,,,,,,,,,,,,,,,,,,,,,,,,,,,,,,,,,,,,,,,,,,,,,,,,,,,,,,,,,,,,,,
2024-01-04,,,,,,,,,,,,,,,,,,,,,,,,,,,,,,,,,,,,,,,,,,,,,,,,,,,,,,,,,,,,,,,,,,,,,,,,,,,,,,,,,,,,,,,,,,,,,,,,,,,,,,,,,,,,,,,,,,,,,,,,,,,,,,,,,,,,,,,,,,,,,,,,,,,,,,,,,,,,,,,,,,,,,,,,,,,,,,,,,,,,,,,,,,,,,,,,,,,,,,,,,,,,,,,,,,,,,,,,,,,,,,,,,,,,,,,,,,,,,,,,,,,,,,,,,,,,,,,,,,,,,,,,,,,,,,,,,,,,,,,,,,,,,,,,,,,,,,,,,,,,
2024-01-05,,,,,,,,,,,,,,,,,,,,,,,,,,,,,,,,,,,,,,,,,,,,,,,,,,,,,,,,,,,,,,,,,,,,,,,,,,,,,,,,,,,,,,,,,,,,,,,,,,,,,,,,,,,,,,,,,,,,,,,,,,,,,,,,,,,,,,,,,,,,,,,,,,,,,,,,,,,,,,,,,,,,,,,,,,,,,,,,,,,,,,,,,,,,,,,,,,,,,,,,,,,,,,,,,,,,,,,,,,,,,,,,,,,,,,,,,,,,,,,,,,,,,,,,,,,,,,,,,,,,,,,,,,,,,,,,,,,,,,,,,,,,,,,,,,,,,,,,,,,,
2024-01-08,,,,,,,,,,,,,,,,,,,,,,,,,,,,,,,,,,,,,,,,,,,,,,,,,,,,,,,,,,,,,,,,,,,,,,,,,,,,,,,,,,,,,,,,,,,,,,,,,,,,,,,,,,,,,,,,,,,,,,,,,,,,,,,,,,,,,,,,,,,,,,,,,,,,,,,,,,,,,,,,,,,,,,,,,,,,,,,,,,,,,,,,,,,,,,,,,,,,,,,,,,,,,,,,,,,,,,,,,,,,,,,,,,,,,,,,,,,,,,,,,,,,,,,,,,,,,,,,,,,,,,,,,,,,,,,,,,,,,,,,,,,,,,,,,,,,,,,,,,,,
2024-01-09,,,,,,,,,,,,,,,,,,,,,,,,,,,,,,,,,,,,,,,,,,,,,,,,,,,,,,,,,,,,,,,,,,,,,,,,,,,,,,,,,,,,,,,,,,,,,,,,,,,,,,,,,,,,,,,,,,,,,,,,,,,,,,,,,,,,,,,,,,,,,,,,,,,,,,,,,,,,,,,,,,,,,,,,,,,,,,,,,,,,,,,,,,,,,,,,,,,,,,,,,,,,,,,,,,,,,,,,,,,,,,,,,,,,,,,,,,,,,,,,,,,,,,,,,,,,,,,,,,,,,,,,,,,,,,,,,,,,,,,,,,,,,,,,,,,,,,,,,,,,
2024-01-10,,,,,,,,,,,,,,,,,,,,,,,,,,,,,,,,,,,,,,,,,,,,,,,,,,,,,,,,,,,,,,,,,,,,,,,,,,,,,,,,,,,,,,,,,,,,,,,,,,,,,,,,,,,,,,,,,,,,,,,,,,,,,,,,,,,,,,,,,,,,,,,,,,,,,,,,,,,,,,,,,,,,,,,,,,,,,,,,,,,,,,,,,,,,,,,,,,,,,,,,,,,,,,,,,,,,,,,,,,,,,,,,,,,,,,,,,,,,,,,,,,,,,,,,,,,,,,,,,,,,,,,,,,,,,,,,,,,,,,,,,,,,,,,,,,,,,,,,,,,,
2024-01-11,,,,,,,,,,,,,,,,,,,,,,,,,,,,,,,,,,,,,,,,,,,,,,,,,,,,,,,,,,,,,,,,,,,,,,,,,,,,,,,,,,,,,,,,,,,,,,,,,,,,,,,,,,,,,,,,,,,,,,,,,,,,,,,,,,,,,,,,,,,,,,,,,,,,,,,,,,,,,,,,,,,,,,,,,,,,,,,,,,,,,,,,,,,,,,,,,,,,,,,,,,,,,,,,,,,,,,,,,,,,,,,,,,,,,,,,,,,,,,,,,,,,,,,,,,,,,,,,,,,,,,,,,,,,,,,,,,,,,,,,,,,,,,,,,,,,,,,,,,,,
2024-01-12,,,,,,,,,,,,,,,,,,,,,,,,,,,,,,,,,,,,,,,,,,,,,,,,,,,,,,,,,,,,,,,,,,,,,,,,,,,,,,,,,,,,,,,,,,,,,,,,,,,,,,,,,,,,,,,,,,,,,,,,,,,,,,,,,,,,,,,,,,,,,,,,,,,,,,,,,,,,,,,,,,,,,,,,,,,,,,,,,,,,,,,,,,,,,,,,,,,,,,,,,,,,,,,,,,,,,,,,,,,,,,,,,,,,,,,,,,,,,,,,,,,,,,,,,,,,,,,,,,,,,,,,,,,,,,,,,,,,,,,,,,,,,,,,,,,,,,,,,,,,
2024-01-15,,,,,,,,,,,,,,,,,,,,,,,,,,,,,,,,,,,,,,,,,,,,,,,,,,,,,,,,,,,,,,,,,,,,,,,,,,,,,,,,,,,,,,,,,,,,,,,,,,,,,,,,,,,,,,,,,,,,,,,,,,,,,,,,,,,,,,,,,,,,,,,,,,,,,,,,,,,,,,,,,,,,,,,,,,,,,,,,,,,,,,,,,,,,,,,,,,,,,,,,,,,,,,,,,,,,,,,,,,,,,,,,,,,,,,,,,,,,,,,,,,,,,,,,,,,,,,,,,,,,,,,,,,,,,,,,,,,,,,,,,,,,,,,,,,,,,,,,,,,,
2024-01-16,,,,,,,,,,,,,,,,,,,,,,,,,,,,,,,,,,,,,,,,,,,,,,,,,,,,,,,,,,,,,,,,,,,,,,,,,,,,,,,,,,,,,,,,,,,,,,,,,,,,,,,,,,,,,,,,,,,,,,,,,,,,,,,,,,,,,,,,,,,,,,,,,,,,,,,,,,,,,,,,,,,,,,,,,,,,,,,,,,,,,,,,,,,,,,,,,,,,,,,,,,,,,,,,,,,,,,,,,,,,,,,,,,,,,,,,,,,,,,,,,,,,,,,,,,,,,,,,,,,,,,,,,,,,,,,,,,,,,,,,,,,,,,,,,,,,,,,,,,,,
2024-01-17,,,,,,,,,,,,,,,,,,,,,,,,,,,,,,,,,,,,,,,,,,,,,,,,,,,,,,,,,,,,,,,,,,,,,,,,,,,,,,,,,,,,,,,,,,,,,,,,,,,,,,,,,,,,,,,,,,,,,,,,,,,,,,,,,,,,,,,,,,,,,,,,,,,,,,,,,,,,,,,,,,,,,,,,,,,,,,,,,,,,,,,,,,,,,,,,,,,,,,,,,,,,,,,,,,,,,,,,,,,,,,,,,,,,,,,,,,,,,,,,,,,,,,,,,,,,,,,,,,,,,,,,,,,,,,,,,,,,,,,,,,,,,,,,,,,,,,,,,,,,
2024-01-18,,,,,,,,,,,,,,,,,,,,,,,,,,,,,,,,,,,,,,,,,,,,,,,,,,,,,,,,,,,,,,,,,,,,,,,,,,,,,,,,,,,,,,,,,,,,,,,,,,,,,,,,,,,,,,,,,,,,,,,,,,,,,,,,,,,,,,,,,,,,,,,,,,,,,,,,,,,,,,,,,,,,,,,,,,,,,,,,,,,,,,,,,,,,,,,,,,,,,,,,,,,,,,,,,,,,,,,,,,,,,,,,,,,,,,,,,,,,,,,,,,,,,,,,,,,,,,,,,,,,,,,,,,,,,,,,,,,,,,,,,,,,,,,,,,,,,,,,,,,,
2024-01-19,,,,,,,,,,,,,,,,,,,,,,,,,,,,,,,,,,,,,,,,,,,,,,,,,,,,,,,,,,,,,,,,,,,,,,,,,,,,,,,,,,,,,,,,,,,,,,,,,,,,,,,,,,,,,,,,,,-4.0,,,,,,,,,,,,,,,,,,,,,,,,,,,,,,,,,,,,,,,,,,,,,,,,,,,,,,,,,,,,,,,,,,,,,,,,,,,,,,,,,,,,,,,,,,,,,,,,,,,,,,,,,,,,,,,,,,,,,,,,,,,,,,,,,,,,,,,,,,,,,,,,,,,,,,,,,,,,,,,,,,,,,,,,,,,,,,,,,,,,,,,,,,
2024-01-22,,,,,,,,,,,,,,,,,,,,,,,,,,,,,,,,,,,,,,,,,,,,,,,,,,,,,,,,,,,,,,,,,,,,,,,,,,,,,,,,,,,,,,,,,,,,,,,,,,,,,,,,,,,,,,,,,,-2.0,,,,,,,,,,,,,,,,,,,,,,,,,,,,,,,,,,,,,,,,,,,,,,,,,,,,,,,,,,,,,,,,,,,,,,,,,,,,,,,,,,,,,,,,,,,,,,,,,,,,,,,,,,,,,,,,,,,,,,,,,,,,,,,,,,,,,,,,,,,,,,,,,,,,,,,,,,,,,,,,,,,,,,,,,,,,,,,,,,,,,,,,,,
2024-01-23,,,,,,,,,,,,,,,,,,,,,,,,,,,,,,,,,,,,,,,,,,,,,,,,,,,,,,,,,,,,,,,,,,,,,,,,,,,,,,,,,,,,,,,,,,,,,,,,,,,,,,,,,,,,,,,,,,-8.0,,,,,,,,,,,,,,,,,,,,,,,,,,,,,,,,,,,,,,,,,,,,,,,,,,,,,,,,,,,,,,,,,,,,,,,,,,,,,,,,,,,,,,,,,,,,,,,,,,,,,,,,,,,,,,,,,,,,,,,,,,,,,,,,,,,,,,,,,,,,,,,,,,,,,,,,,,,,,,,,,,,,,,,,,,,,,,,,,,,,,,,,,,
2024-01-24,,,,,,,,,,,,,,,,,,,,,,,,,,,,,,,,,,,,,,,,,,,,,,,,,,,,,,,,,,,,,,,,,,,,,,,,,,,,,,,,,,,,,,,,,,,,,,,,,,,,,,,,,,,,,,,,,,-5.0,,,,,,,,,,,,,,,,,,,,,,,,,,,,,,,,,,,,,,,,,,,,,,,,,,,,,,,,,,,,,,,,,,,,,,,,,,,,,,,,,,,,,,,,,,,,,,,,,,,,,,,,,,,,,,,,,,,,,,,,,,,,,,,,,,,,,,,,,,,,,,,,,,,,,,,,,,,,,,,,,,,,,,,,,,,,,,,,,,,,,,,,,,
2024-01-25,,,,,,,,,,,,,,,,,,,,,,,,,,,,,,,,,,,,,,,,,,,,,,,,,,,,,,,,,,,,,,,,,,,,,,,,,,,,,,,,,,,,,,,,,,,,,,,,,,,,,,,,,,,,,,,,,,-3.0,,,,,,,,,,,,,,,,,,,,,,,,,,,,,,,,,,,,,,,,,,,,,,,,,,,,,,,,,,,,,,,,,,,,,,,,,,,,,,,,,,,,,,,,,,,,,,,,,,,,,,,,,,,,,,,,,,,,,,,,,,,,,,,,,,,,,,,,,,,,,,,,,,,,,,,,,,,,,,,,,,,,,,,,,,,,,,,,,,,,,,,,,,
2024-01-26,,,,,,,,,,,,,,,,,,,,,,,,,,,,,,,,,,,,,,,,,,,,,,,,,,,,,,,,,,,,,,,,,,,,,,,,,,,,,,,,,,,,,,,,,,,,,,,,,,,,,,,,,,,,,,,,,,-3.0,,,,,,,,,,,,,,,,,,,,,,,,,,,,,,,,,,,,,,,,,,,,,,,,,,,,,,,,,,,,,,,,,,,,,,,,,,,,,,,,,,,,,,,,,,,,,,,,,,,,,,,,,,,,,,,,,,,,,,,,,,,,,,,,,,,,,,,,,,,,,,,,,,,,,,,,,,,,,,,,,,,,,,,,,,,,,,,,,,,,,,,,,,
2024-01-29,,,,,,,,,,,,,,,,,,,,,,,,,,,,,,,,,,,,,,,,,,,,,,,,,,,,,,,,,,,,,,,,,,,,,,,,,,,,,,,,,,,,,,,,,,,,,,,,,,,,,,,,,,,,,,,,,,-3.0,,,,,,,,,,,,,,,,,,,,,,,,,,,,,,,,,,,,,,,,,,,,,,,,,,,,,,,,,,,,,,,,,,,,,,,,,,,,,,,,,,,,,,,,,,,,,,,,,,,,,,,,,,,,,,,,,,,,,,,,,,,,,,,,,,,,,,,,,,,,,,,,,,,,,,,,,,,,,,,,,,,,,,,,,,,,,,,,,,,,,,,,,,
2024-01-30,,,,,,,,,,,,,,,,,,,,,,,,,,,,,,,,,,,,,,,,,,,,,,,,,,,,,,,,,,,,,,,,,,,,,,,,,,,,,,,,,,,,,,,,,,,,,,,,,,,,,,,,,,,,,,,,,,-6.0,,,,,,,,,,,,,,,,,,,,,,,,,,,,,,,,,,,,,,,,,,,,,,,,,,,,,,,,,,,,,,,,,,,,,,,,,,,,,,,,,,,,,,,,,,,,,,,,,,,,,,,,,,,,,,,,,,,,,,,,,,,,,,,,,,,,,,,,,,,,,,,,,,,,,,,,,,,,,,,,,,,,,,,,,,,,,,,,,,,,,,,,,,
2024-01-31,,,,,,,,,,,,,,,,,,,,,,,,,,,,,,,,,,,,,,,,,,,,,,,,,,,,,,,,,,,,,,,,,,,,,,,,,,,,,,,,,,,,,,,,,,,,,,,,,,,,,,,,,,,,,,,,,,-2.0,,,,,,,,,,,,,,,,,,,,,,,,,,,,,,,,,,,,,,,,,,,,,,,,,,,,,,,,,,,,,,,,,,,,,,,,,,,,,,,,,,,,,,,,,,,,,,,,,,,,,,,,,,,,,,,,,,,,,,,,,,,,,,,,,,,,,,,,,,,,,,,,,,,,,,,,,,,,,,,,,,,,,,,,,,,,,,,,,,,,,,,,,,
2024-02-01,,,,,,,,,,,,,,,,,,,,,,,,,,,,,,,,,,,,,,,,,,,,,,,,,,,,,,,,,,,,,,,,,,,,,,,,,,,,,,,,,,,,,,,,,,,,,,,,,,,,,,,,,,,,,,,,,,,,,,,,,,,,,,,,,,,,,,,,,,,,,,,,,,,,,,,,,,,,,,,,,,,,,,,,,,,,,,,,,,,,,,,,,,,,,,,,,,,,,,,,,,,,,,,,,,,,,,,,,,,,,,,,,,,,,,,,,,,,,,,,,,,,,,,,,,,,,,,,,,,,,,,,,,,,,,,,,,,,,,,,,,,,,,,,,,,,,,,,,,,,
2024-02-02,,,,,,,,,,,,,,,,,,,,,,,,,,,,,,,,,,,,,,,,,,,,,,,,,,,,,,,,,,,,,,,,,,,,,,,,,,,,,,,,,,,,,,,,,,,,,,,,,,,,,,,,,,,,,,,,,,,,,,,,,,,,,,,,,,,,,,,,,,,,,,,,,,,,,,,,,,,,,,,,,,,,,,,,,,,,,,,,,,,,,,,,,,,,,,,,,,,,,,,,,,,,,,,,,,,,,,,,,,,,,,,,,,,,,,,,,,,,,,,,,,,,,,,,,,,,,,,,,,,,,,,,,,,,,,,,,,,,,,,,,,,,,,,,,,,,,,,,,,,,
2024-02-05,,,,,,,,,,,,,,,,,,,,,,,,,,,,,,,,,,,,,,,,,,,,,,,,,,,,,,,,,,,,,,,,,,,,,,,,,,,,,,,,,,,,,,,,,,,,,,,,,,,,,,,,,,,,,,,,,,,,,,,,,,,,,,,,,,,,,,,,,,,,,,,,,,,,,,,,,,,,,,,,,,,,,,,,,,,,,,,,,,,,,,,,,,,,,,,,,,,,,,,,,,,,,,,,,,,,,,,,,,,,,,,,,,,,,,,,,,,,,,,,,,,,,,,,,,,,,,,,,,,,,,,,,,,,,,,,,,,,,,,,,,,,,,,,,,,,,,,,,,,,
2024-02-06,,,,,,,,,,,,,,,,,,,,,,,,,,,,,,,,,,,,,,,,,,,,,,,,,,,,,,,,,,,,,,,,,,,,,,,,,,,,,,,,,,,,,,,,,,,,,,,,,,,,,,,,,,,,,,,,,,,,,,,,,,,,,,,,,,,,,,,,,,,,,,,,,,,,,,,,,,,,,,,,,,,,,,,,,,,,,,,,,,,,,,,,,,,,,,,,,,,,,,,,,,,,,,,,,,,,,,,,,,,,,,,,,,,,,,,,,,,,,,,,,,,,,,,,,,,,,,,,,,,,,,,,,,,,,,,,,,,,,,,,,,,,,,,,,,,,,,,,,,,,
2024-02-07,,,,,,,,,,,,,,,,,,,,,,,,,,,,,,,,,,,,,,,,,,,,,,,,,,,,,,,,,,,,,,,,,,,,,,,,,,,,,,,,,,,,,,,,,,,,,,,,,,,,,,,,,,,,,,,,,,,,,,,,,,,,,,,,,,,,,,,,,,,,,,,,,,,,,,,,,,,,,,,,,,,,,,,,,,,,,,,,,,,,,,,,,,,,,,,,,,,,,,,,,,,,,,,,,,,,,,,,,,,,,,,,,,,,,,,,,,,,,,,,,,,,,,,,,,,,,,,,,,,,,,,,,,,,,,,,,,,,,,,,,,,,,,,,,,,,,,,,,,,,
2024-02-08,,,,,,,,,,,,,,,,,,,,,,,,,,,,,,,,,,,,,,,,,,,,,,,,,,,,,,,,,,,,,,,,,,,,,,,,,,,,,,,,,,,,,,,,,,,,,,,,,,,,,,,,,,,,,,,,,,,,,,,,,,,,,,,,,,,,,,,,,,,,,,,,,,,,,,,,,,,,,,,,,,,,,,,,,,,,,,,,,,,,,,,,,,,,,,,,,,,,,,,,,,,,,,,,,,,,,,,,,,,,,,,,,,,,,,,,,,,,,,,,,,,,,,,,,,,,,,,,,,,,,,,,,,,,,,,,,,,,,,,,,,,,,,,,,,,,,,,,,,,,
2024-02-19,,,,,,,,,,,,,,,,,,,,,,,,,,,,,,,,,,,,,,,,,,,,,,,,,,,,,,,,,,,,,,,,,,,,,,,,,,,,,,,,,,,,,,,,,,,,,,,,,,,,,,,,,,,,,,,,,,,,,,,,,,,,,,,,,,,,,,,,,,,,,,,,,,,,,,,,,,,,,,,,,,,,,,,,,,,,,,,,,,,,,,,,,,,,,,,,,,,,,,,,,,,,,,,,,,,,,,,,,,,,,,,,,,,,,,,,,,,,,,,,,,,,,,,,,,,,,,,,,,,,,,,,,,,,,,,,,,,,,,,,,,,,,,,,,,,,,,,,,,,,
2024-02-20,,,,,,,,,,,,,,,,,,,,,,,,,,,,,,,,,,,,,,,,,,,,,,,,,,,,,,,,,,,,,,,,,,,,,,,,,,,,,,,,,,,,,,,,,,,,,,,,,,,,,,,,,,,,,,,,,,,,,,,,,,,,,,,,,,,,,,,,,,,,,,,,,,,,,,,,,,,,,,,,,,,,,,,,,,,,,,,,,,,,,,,,,,,,,,,,,,,,,,,,,,,,,,,,,,,,,,,,,,,,,,,,,,,,,,,,,,,,,,,,,,,,,,,,,,,,,,,,,,,,,,,,,,,,,,,,,,,,,,,,,,,,,,,,,,,,,,,,,,,,
2024-02-21,,,,,,,,,,,,,,,,,,,,,,,,,,,,,,,,,,,,,,,,,,,,,,,,,,,,,,,,,,,,,,,,,,,,,,,,,,,,,,,,,,,,,,,,,,,,,,,,,,,,,,,,,,,,,,,,,,,,,,,,,,,,,,,,,,,,,,,,,,,,,,,,,,,,,,,,,,,,,,,,,,,,,,,,,,,,,,,,,,,,,,,,,,,,,,,,,,,,,,,,,,,,,,,,,,,,,,,,,,,,,,,,,,,,,,,,,,,,,,,,,,,,,,,,,,,,,,,,,,,,,,,,,,,,,,,,,,,,,,,,,,,,,,,,,,,,,,,,,,,,
2024-02-22,,,,,,,,,,,,,,,,,,,,,,,,,,,,,,,,,,,,,,,,,,,,,,,,,,,,,,,,,,,,,,,,,,,,,,,,,,,,,,,,,,,,,,,,,,,,,,,,,,,,,,,,,,,,,,,,,,,,,,,,,,,,,,,,,,,,,,,,,,,,,,,,,,,,,,,,,,,,,,,,,,,,,,,,,,,,,,,,,,,,,,,,,,,,,,,,,,,,,,,,,,,,,,,,,,,,,,,,,,,,,,,,,,,,,,,,,,,,,,,,,,,,,,,,,,,,,,,,,,,,,,,,,,,,,,,,,,,,,,,,,,,,,,,,,,,,,,,,,,,,
2024-02-23,,,,,,,,,,,,,,,,,,,,,,,,,,,,,,,,,,,,,,,,,,,,,,,,,,,,,,,,,,,,,,,,,,,,,,,,,,,,,,,,,,,,,,,,,,,,,,,,,,,,,,,,,,,,,,,,,,,,,,,,,,,,,,,,,,,,,,,,,,,,,,,,,,,,,,,,,,,,,,,,,,,,,,,,,,,,,,,,,,,,,,,,,,,,,,,,,,,,,,,,,,,,,,,,,,,,,,,,,,,,,,,,,,,,,,,,,,,,,,,,,,,,,,,,,,,,,,,,,,,,,,,,,,,,,,,,,,,,,,,,,,,,,,,,,,,,,,,,,,,,
2024-02-26,,,,,,,,,,,,,,,,,,,,,,,,,,,,,,,,,,,,,,,,,,,,,,,,,,,,,,,,,,,,,,,,,,,,,,,,,,,,,,,,,,,,,,,,,,,,,,,,,,,,,,,,,,,,,,,,,,,,,,,,,,,,,,,,,,,,,,,,,,,,,,,,,,,,,,,,,,,,,,,,,,,,,,,,,,,,,,,,,,,,,,,,,,,,,,,,,,,,,,,,,,,,,,,,,,,,,,,,,,,,,,,,,,,,,,,,,,,,,,,,,,,,,,,,,,,,,,,,,,,,,,,,,,,,,,,,,,,,,,,,,,,,,,,,,,,,,,,,,,,,
2024-02-27,,,,,,,,,,,,,,,,,,,,,,,,,,,,,,,,,,,,,,,,,,,,,,,,,,,,,,,,,,,,,,,,,,,,,,,,,,,,,,,,,,,,,,,,,,,,,,,,,,,,,,,,,,,,,,,,,,,,,,,,,,,,,,,,,,,,,,,,,,,,,,,,,,,,,,,,,,,,,,,,,,,,,,,,,,,,,,,,,,,,,,,,,,,,,,,,,,,,,,,,,,,,,,,,,,,,,,,,,,,,,,,,,,,,,,,,,,,,,,,,,,,,,,,,,,,,,,,,,,,,,,,,,,,,,,,,,,,,,,,,,,,,,,,,,,,,,,,,,,,,
2024-02-28,,,,,,,,,,,,,,,,,,,,,,,,,,,,,,,,,,,,,,,,,,,,,,,,,,,,,,,,,,,,,,,,,,,,,,,,,,,,,,,,,,,,,,,,,,,,,,,,,,,,,,,,,,,,,,,,,,,,,,,,,,,,,,,,,,,,,,,,,,,,,,,,,,,,,,,,,,,,,,,,,,,,,,,,,,,,,,,,,,,,,,,,,,,,,,,,,,,,,,,,,,,,,,,,,,,,,,,,,,,,,,,,,,,,,,,,,,,,,,,,,,,,,,,,,,,,,,,,,,,,,,,,,,,,,,,,,,,,,,,,,,,,,,,,,,,,,,,,,,,,
2024-02-29,,,,,,,,,,,,,,,,,,,,,,,,,,,,,,,,,,,,,,,,,,,,,,,,,,,,,,,,,,,,,,,,,,,,,,,,,,,,,,,,,,,,,,,,,,,,,,,,,,,,,,,,,,,,,,,,,,,,,,,,,,,,,,,,,,,,,,,,,,,,,,,,,,,,,,,,,,,,,,,,,,,,,,,,,,,,,,,,,,,,,,,,,,,,,,,,,,,,,,,,,,,,,,,,,,,,,,,,,,,,,,,,,,,,,,,,,,,,,,,,,,,,,,,,,,,,,,,,,,,,,,,,,,,,,,,,,,,,,,,,,,,,,,,,,,,,,,,,,,,,
2024-03-01,,,,,,,,,,,,,,,,,,,,,,,,,,,,,,,,,,,,,,,,,,,,,,,,,,,,,,,,,,,,,,,,,,,,,,,,,,,,,,,,,,,,,,,,,,,,,,,,,,,,,,,,,,,,,,,,,,,,,,,,,,,,,,,,,,,,,,,,,,,,,,,,,,,,,,,,,,,,,,,,,,,,,,,,,,,,,,,,,,,,,,,,,,,,,,,,,,,,,,,,,,,,,,,,,,,,,,,,,,,,,,,,,,,,,,,,,,,,,,,,,,,,,,,,,,,,,,,,,,,,,,,,,,,,,,,,,,,,,,,,,,,,,,,,,,,,,,,,,,,,
2024-03-04,,,,,,,,,,,,,,,,,,,,,,,,,,,,,,,,,,,,,,,,,,,,,,,,,,,,,,,,,,,,,,,,,,,,,,,,,,,,,,,,,,,,,,,,,,,,,,,,,,,,,,,,,,,,,,,,,,,,,,,,,,,,,,,,,,,,,,,,,,,,,,,,,,,,,,,,,,,,,,,,,,,,,,,,,,,,,,,,,,,,,,,,,,,,,,,,,,,,,,,,,,,,,,,,,,,,,,,,,,,,,,,,,,,,,,,,,,,,,,,,,,,,,,,,,,,,,,,,,,,,,,,,,,,,,,,,,,,,,,,,,,,,,,,,,,,,,,,,,,,,
2024-03-05,,,,,,,,,,,,,,,,,,,,,,,,,,,,,,,,,,,,,,,,,,,,,,,,,,,,,,,,,,,,,,,,,,,,,,,,,,,,,,,,,,,,,,,,,,,,,,,,,,,,,,,,,,,,,,,,,,,,,,,,,,,,,,,,,,,,,,,,,,,,,,,,,,,,,,,,,,,,,,,,,,,,,,,,,,,,,,,,,,,,,,,,,,,,,,,,,,,,,,,,,,,,,,,,,,,,,,,,,,,,,,,,,,,,,,,,,,,,,,,,,,,,,,,,,,,,,,,,,,,,,,,,,,,,,,,,,,,,,,,,,,,,,,,,,,,,,,,,,,,,
2024-03-06,,,,,,,,,,,,,,,,,,,,,,,,,,,,,,,,,,,,,,,,,,,,,,,,,,,,,,,,,,,,,,,,,,,,,,,,,,,,,,,,,,,,,,,,,,,,,,,,,,,,,,,,,,,,,,,,,,,,,,,,,,,,,,,,,,,,,,,,,,,,,,,,,,,,,,,,,,,,,,,,,,,,,,,,,,,,,,,,,,,,,,,,,,,,,,,,,,,,,,,,,,,,,,,,,,,,,,,,,,,,,,,,,,,,,,,,,,,,,,,,,,,,,,,,,,,,,,,,,,,,,,,,,,,,,,,,,,,,,,,,,,,,,,,,,,,,,,,,,,,,
2024-03-07,,,,,,,,,,,,,,,,,,,,,,,,,,,,,,,,,,,,,,,,,,,,,,,,,,,,,,,,,,,,,,,,,,,,,,,,,,,,,,,,,,,,,,,,,,,,,,,,,,,,,,,,,,,,,,,,,,,,,,,,,,,,,,,,,,,,,,,,,,,,,,,,,,,,,,,,,,,,,,,,,,,,,,,,,,,,,,,,,,,,,,,,,,,,,,,,,,,,,,,,,,,,,,,,,,,,,,,,,,,,,,,,,,,,,,,,,,,,,,,,,,,,,,,,,,,,,,,,,,,,,,,,,,,,,,,,,,,,,,,,,,,,,,,,,,,,,,,,,,,,
2024-03-08,,,,,,,,,,,,,,,,,,,,,,,,,,,,,,,,,,,,,,,,,,,,,,,,,,,,,,,,,,,,,,,,,,,,,,,,,,,,,,,,,,,,,,,,,,,,,,,,,,,,,,,,,,,,,,,,,,,,,,,,,,,,,,,,,,,,,,,,,,,,,,,,,,,,,,,,,,,,,,,,,,,,,,,,,,,,,,,,,,,,,,,,,,,,,,,,,,,,,,,,,,,,,,,,,,,,,,,,,,,,,,,,,,,,,,,,,,,,,,,,,,,,,,,,,,,,,,,,,,,,,,,,,,,,,,,,,,,,,,,,,,,,,,,,,,,,,,,,,,,,
2024-03-11,,,,,,,,,,,,,,,,,,,,,,,,,,,,,,,,,,,,,,,,,,,,,,,,,,,,,,,,,,,,,,,,,,,,,,,,,,,,,,,,,,,,,,,,,,,,,,,,,,,,,,,,,,,,,,,,,,,,,,,,,,,,,,,,,,,,,,,,,,,,,,,,,,,,,,,,,,,,,,,,,,,,,,,,,,,,,,,,,,,,,,,,,,,,,,,,,,,,,,,,,,,,,,,,,,,,,,,,,,,,,,,,,,,,,,,,,,,,,,,,,,,,,,,,,,,,,,,,,,,,,,,,,,,,,,,,,,,,,,,,,,,,,,,,,,,,,,,,,,,,
2024-03-12,,,,,,,,,,,,,,,,,,,,,,,,,,,,,,,,,,,,,,,,,,,,,,,,,,,,,,,,,,,,,,,,,,,,,,,,,,,,,,,,,,,,,,,,,,,,,,,,,,,,,,,,,,,,,,,,,,,,,,,,,,,,,,,,,,,,,,,,,,,,,,,,,,,,,,,,,,,,,,,,,,,,,,,,,,,,,,,,,,,,,,,,,,,,,,,,,,,,,,,,,,,,,,,,,,,,,,,,,,,,,,,,,,,,,,,,,,,,,,,,,,,,,,,,,,,,,,,,,,,,,,,,,,,,,,,,,,,,,,,,,,,,,,,,,,,,,,,,,,,,
2024-03-13,,,,,,,,,,,,,,,,,,,,,,,,,,,,,,,,,,,,,,,,,,,,,,,,,,,,,,,,,,,,,,,,,,,,,,,,,,,,,,,,,,,,,,,,,,,,,,,,,,,,,,,,,,,,,,,,,,,,,,,,,,,,,,,,,,,,,,,,,,,,,,,,,,,,,,,,,,,,,,,,,,,,,,,,,,,,,,,,,,,,,,,,,,,,,,,,,,,,,,,,,,,,,,,,,,,,,,,,,,,,,,,,,,,,,,,,,,,,,,,,,,,,,,,,,,,,,,,,,,,,,,,,,,,,,,,,,,,,,,,,,,,,,,,,,,,,,,,,,,,,
2024-03-14,,,,,,,,,,,,,,,,,,,,,,,,,,,,,,,,,,,,,,,,,,,,,,,,,,,,,,,,,,,,,,,,,,,,,,,,,,,,,,,,,,,,,,,,,,,,,,,,,,,,,,,,,,,,,,,,,,,,,,,,,,,,,,,,,,,,,,,,,,,,,,,,,,,,,,,,,,,,,,,,,,,,,,,,,,,,,,,,,,,,,,,,,,,,,,,,,,,,,,,,,,,,,,,,,,,,,,,,,,,,,,,,,,,,,,,,,,,,,,,,,,,,,,,,,,,,,,,,,,,,,,,,,,,,,,,,,,,,,,,,,,,,,,,,,,,,,,,,,,,,
2024-03-15,,,,,,,,,,,,,,,,,,,,,,,,,,,,,,,,,,,,,,,,,,,,,,,,,,,,,,,,,,,,,,,,,,,,,,,,,,,,,,,,,,,,,,,,,,,,,,,,,,,,,,,,,,,,,,,,,,,,,,,,,,,,,,,,,,,,,,,,,,,,,,,,,,,,,,,,,,,,,,,,,,,,,,,,,,,,,,,,,,,,,,,,,,,,,,,,,,,,,,,,,,,,,,,,,,,,,,,,,,,,,,,,,,,,,,,,,,,,,,,,,,,,,,,,,,,,,,,,,,,,,,,,,,,,,,,,,,,,,,,,,,,,,,,,,,,,,,,,,,,,
2024-03-18,,,,,,,,,,,,,,,,,,,,,,,,,,,,,,,,,,,,,,,,,,,,,,,,,,,,,,,,,,,,,,,,,,,,,,,,,,,,,,,,,,,,,,,,,,,,,,,,,,,,,,,,,,,,,,,,,,,,,,,,,,,,,,,,,,,,,,,,,,,,,,,,,,,,,,,,,,,,,,,,,,,,,,,,,,,,,,,,,,,,,,,,,,,,,,,,,,,,,,,,,,,,,,,,,,,,,,,,,,,,,,,,,,,,,,,,,,,,,,,,,,,,,,,,,,,,,,,,,,,,,,,,,,,,,,,,,,,,,,,,,,,,,,,,,,,,,,,,,,,,
2024-03-19,,,,,,,,,,,,,,,,,,,,,,,,,,,,,,,,,,,,,,,,,,,,,,,,,,,,,,,,,,,,,,,,,,,,,,,,,,,,,,,,,,,,,,,,,,,,,,,,,,,,,,,,,,,,,,,,,,,,,,,,,,,,,,,,,,,,,,,,,,,,,,,,,,,,,,,,,,,,,,,,,,,,,,,,,,,,,,,,,,,,,,,,,,,,,,,,,,,,,,,,,,,,,,,,,,,,,,,,,,,,,,,,,,,,,,,,,,,,,,,,,,,,,,,,,,,,,,,,,,,,,,,,,,,,,,,,,,,,,,,,,,,,,,,,,,,,,,,,,,,,
2024-03-20,,,,,,,,,,,,,,,,,,,,,,,,,,,,,,,,,,,,,,,,,,,,,,,,,,,,,,,,,,,,,,,,,,,,,,,,,,,,,,,,,,,,,,,,,,,,,,,,,,,,,,,,,,,,,,,,,,,,,,,,,,,,,,,,,,,,,,,,,,,,,,,,,,,,,,,,,,,,,,,,,,,,,,,,,,,,,,,,,,,,,,,,,,,,,,,,,,,,,,,,,,,,,,,,,,,,,,,,,,,,,,,,,,,,,,,,,,,,,,,,,,,,,,,,,,,,,,,,,,,,,,,,,,,,,,,,,,,,,,,,,,,,,,,,,,,,,,,,,,,,
2024-03-21,,,,,,,,,,,,,,,,,,,,,,,,,,,,,,,,,,,,,,,,,,,,,,,,,,,,,,,,,,,,,,,,,,,,,,,,,,,,,,,,,,,,,,,,,,,,,,,,,,,,,,,,,,,,,,,,,,,,,,,,,,,,,,,,,,,,,,,,,,,,,,,,,,,,,,,,,,,,,,,,,,,,,,,,,,,,,,,,,,,,,,,,,,,,,,,,,,,,,,,,,,,,,,,,,,,,,,,,,,,,,,,,,,,,,,,,,,,,,,,,,,,,,,,,,,,,,,,,,,,,,,,,,,,,,,,,,,,,,,,,,,,,,,,,,,,,,,,,,,,,
2024-03-22,,,,,,,,,,,,,,,,,,,,,,,,,,,,,,,,,,,,,,,,,,,,,,,,,,,,,,,,,,,,,,,,,,,,,,,,,,,,,,,,,,,,,,,,,,,,,,,,,,,,,,,,,,,,,,,,,,,,,,,,,,,,,,,,,,,,,,,,,,,,,,,,,,,,,,,,,,,,,,,,,,,,,,,,,,,,,,,,,,,,,,,,,,,,,,,,,,,,,,,,,,,,,,,,,,,,,,,,,,,,,,,,,,,,,,,,,,,,,,,,,,,,,,,,,,,,,,,,,,,,,,,,,,,,,,,,,,,,,,,,,,,,,,,,,,,,,,,,,,,,
2024-03-25,,,,,,,,,,,,,,,,,,,,,,,,,,,,,,,,,,,,,,,,,,,,,,,,,,,,,,,,,,,,,,,,,,,,,,,,,,,,,,,,,,,,,,,,,,,,,,,,,,,,,,,,,,,,,,,,,,,,,,,,,,,,,,,,,,,,,,,,,,,,,,,,,,,,,,,,,,,,,,,,,,,,,,,,,,,,,,,,,,,,,,,,,,,,,,,,,,,,,,,,,,,,,,,,,,,,,,,,,,,,,,,,,,,,,,,,,,,,,,,,,,,,,,,,,,,,,,,,,,,,,,,,,,,,,,,,,,,,,,,,,,,,,,,,,,,,,,,,,,,,
2024-03-26,,,,,,,,,,,,,,,,,,,,,,,,,,,,,,,,,,,,,,,,,,,,,,,,,,,,,,,,,,,,,,,,,,,,,,,,,,,,,,,,,,,,,,,,,,,,,,,,,,,,,,,,,,,,,,,,,,,,,,,,,,,,,,,,,,,,,,,,,,,,,,,,,,,,,,,,,,,,,,,,,,,,,,,,,,,,,,,,,,,,,,,,,,,,,,,,,,,,,,,,,,,,,,,,,,,,,,,,,,,,,,,,,,,,,,,,,,,,,,,,,,,,,,,,,,,,,,,,,,,,,,,,,,,,,,,,,,,,,,,,,,,,,,,,,,,,,,,,,,,,
2024-03-27,,,,,,,,,,,,,,,,,,,,,,,,,,,,,,,,,,,,,,,,,,,,,,,,,,,,,,,,,,,,,,,,,,,,,,,,,,,,,,,,,,,,,,,,,,,,,,,,,,,,,,,,,,,,,,,,,,,,,,,,,,,,,,,,,,,,,,,,,,,,,,,,,,,,,,,,,,,,,,,,,,,,,,,,,,,,,,,,,,,,,,,,,,,,,,,,,,,,,,,,,,,,,,,,,,,,,,,,,,,,,,,,,,,,,,,,,,,,,,,,,,,,,,,,,,,,,,,,,,,,,,,,,,,,,,,,,,,,,,,,,,,,,,,,,,,,,,,,,,,,
2024-03-28,,,,,,,,,,,,,,,,,,,,,,,,,,,,,,,,,,,,,,,,,,,,,,,,,,,,,,,,,,,,,,,,,,,,,,,,,,,,,,,,,,,,,,,,,,,,,,,,,,,,,,,,,,,,,,,,,,,,,,,,,,,,,,,,,,,,,,,,,,,,,,,,,,,,,,,,,,,,,,,,,,,,,,,,,,,,,,,,,,,,,,,,,,,,,,,,,,,,,,,,,,,,,,,,,,,,,,,,,,,,,,,,,,,,,,,,,,,,,,,,,,,,,,,,,,,,,,,,,,,,,,,,,,,,,,,,,,,,,,,,,,,,,,,,,,,,,,,,,,,,
2024-03-29,,,,,,,,,,,,,,,,,,,,,,,,,,,,,,,,,,,,,,,,,,,,,,,,,,,,,,,,,,,,,,,,,,,,,,,,,,,,,,,,,,,,,,,,,,,,,,,,,,,,,,,,,,,,,,,,,,-6.0,,,,,,,,,,,,,,,,,,,,,,,,,,,,,,,,,,,,,,,,,,,,,,,,,,,,,,,,,,,,,,,,,,,,,,,,,,,,,,,,,,,,,,,,,,,,,,,,,,,,,,,,,,,,,,,,,,,,,,,,,,,,,,,,,,,,,,,,,,,,,,,,,,,,,,,,,,,,,,,,,,,,,,,,,,,,,,,,,,,,,,,,,,
2024-04-01,,,,,,,,,,,,,,,,,,,,,,,,,,,,,,,,,,,,,,,,,,,,,,,,,,,,,,,,,,,,,,,,,,,,,,,,,,,,,,,,,,,,,,,,,,,,,,,,,,,,,,,,,,,,,,,,,,-5.0,,,,,,,,,,,,,,,,,,,,,,,,,,,,,,,,,,,,,,,,,,,,,,,,,,,,,,,,,,,,,,,,,,,,,,,,,,,,,,,,,,,,,,,,,,,,,,,,,,,,,,,,,,,,,,,,,,,,,,,,,,,,,,,,,,,,,,,,,,,,,,,,,,,,,,,,,,,,,,,,,,,,,,,,,,,,,,,,,,,,,,,,,,
2024-04-02,,,,,,,,,,,,,,,,,,,,,,,,,,,,,,,,,,,,,,,,,,,,,,,,,,,,,,,,,,,,,,,,,,,,,,,,,,,,,,,,,,,,,,,,,,,,,,,,,,,,,,,,,,,,,,,,,,-2.0,,,,,,,,,,,,,,,,,,,,,,,,,,,,,,,,,,,,,,,,,,,,,,,,,,,,,,,,,,,,,,,,,,,,,,,,,,,,,,,,,,,,,,,,,,,,,,,,,,,,,,,,,,,,,,,,,,,,,,,,,,,,,,,,,,,,,,,,,,,,,,,,,,,,,,,,,,,,,,,,,,,,,,,,,,,,,,,,,,,,,,,,,,
2024-04-03,,,,,,,,,,,,,,,,,,,,,,,,,,,,,,,,,,,,,,,,,,,,,,,,,,,,,,,,,,,,,,,,,,,,,,,,,,,,,,,,,,,,,,,,,,,,,,,,,,,,,,,,,,,,,,,,,,-2.0,,,,,,,,,,,,,,,,,,,,,,,,,,,,,,,,,,,,,,,,,,,,,,,,,,,,,,,,,,,,,,,,,,,,,,,,,,,,,,,,,,,,,,,,,,,,,,,,,,,,,,,,,,,,,,,,,,,,,,,,,,,,,,,,,,,,,,,,,,,,,,,,,,,,,,,,,,,,,,,,,,,,,,,,,,,,,,,,,,,,,,,,,,
2024-04-08,,,,,,,,,,,,,,,,,,,,,,,,,,,,,,,,,,,,,,,,,,,,,,,,,,,,,,,,,,,,,,,,,,,,,,,,,,,,,,,,,,,,,,,,,,,,,,,,,,,,,,,,,,,,,,,,,,-2.0,,,,,,,,,,,,,,,,,,,,,,,,,,,,,,,,,,,,,,,,,,,,,,,,,,,,,,,,,,,,,,,,,,,,,,,,,,,,,,,,,,,,,,,,,,,,,,,,,,,,,,,,,,,,,,,,,,,,,,,,,,,,,,,,,,,,,,,,,,,,,,,,,,,,,,,,,,,,,,,,,,,,,,,,,,,,,,,,,,,,,,,,,,
2024-04-09,,,,,,,,,,,,,,,,,,,,,,,,,,,,,,,,,,,,,,,,,,,,,,,,,,,,,,,,,,,,,,,,,,,,,,,,,,,,,,,,,,,,,,,,,,,,,,,,,,,,,,,,,,,,,,,,,,-7.0,,,,,,,,,,,,,,,,,,,,,,,,,,,,,,,,,,,,,,,,,,,,,,,,,,,,,,,,,,,,,,,,,,,,,,,,,,,,,,,,,,,,,,,,,,,,,,,,,,,,,,,,,,,,,,,,,,,,,,,,,,,,,,,,,,,,,,,,,,,,,,,,,,,,,,,,,,,,,,,,,,,,,,,,,,,,,,,,,,,,,,,,,,
2024-04-10,,,,,,,,,,,,,,,,,,,,,,,,,,,,,,,,,,,,,,,,,,,,,,,,,,,,,,,,,,,,,,,,,,,,,,,,,,,,,,,,,,,,,,,,,,,,,,,,,,,,,,,,,,,,,,,,,,-5.0,,,,,,,,,,,,,,,,,,,,,,,,,,,,,,,,,,,,,,,,,,,,,,,,,,,,,,,,,,,,,,,,,,,,,,,,,,,,,,,,,,,,,,,,,,,,,,,,,,,,,,,,,,,,,,,,,,,,,,,,,,,,,,,,,,,,,,,,,,,,,,,,,,,,,,,,,,,,,,,,,,,,,,,,,,,,,,,,,,,,,,,,,,
2024-04-11,,,,,,,,,,,,,,,,,,,,,,,,,,,,,,,,,,,,,,,,,,,,,,,,,,,,,,,,,,,,,,,,,,,,,,,,,,,,,,,,,,,,,,,,,,,,,,,,,,,,,,,,,,,,,,,,,,-3.0,,,,,,,,,,,,,,,,,,,,,,,,,,,,,,,,,,,,,,,,,,,,,,,,,,,,,,,,,,,,,,,,,,,,,,,,,,,,,,,,,,,,,,,,,,,,,,,,,,,,,,,,,,,,,,,,,,,,,,,,,,,,,,,,,,,,,,,,,,,,,,,,,,,,,,,,,,,,,,,,,,,,,,,,,,,,,,,,,,,,,,,,,,
2024-04-12,,,,,,,,,,,,,,,,,,,,,,,,,,,,,,,,,,,,,,,,,,,,,,,,,,,,,,,,,,,,,,,,,,,,,,,,,,,,,,,,,,,,,,,,,,,,,,,,,,,,,,,,,,,,,,,,,,-5.0,,,,,,,,,,,,,,,,,,,,,,,,,,,,,,,,,,,,,,,,,,,,,,,,,,,,,,,,,,,,,,,,,,,,,,,,,,,,,,,,,,,,,,,,,,,,,,,,,,,,,,,,,,,,,,,,,,,,,,,,,,,,,,,,,,,,,,,,,,,,,,,,,,,,,,,,,,,,,,,,,,,,,,,,,,,,,,,,,,,,,,,,,,
2024-04-15,,,,,,,,,,,,,,,,,,,,,,,,,,,,,,,,,,,,,,,,,,,,,,,,,,,,,,,,,,,,,,,,,,,,,,,,,,,,,,,,,,,,,,,,,,,,,,,,,,,,,,,,,,,,,,,,,,-6.0,,,,,,,,,,,,,,,,,,,,,,,,,,,,,,,,,,,,,,,,,,,,,,,,,,,,,,,,,,,,,,,,,,,,,,,,,,,,,,,,,,,,,,,,,,,,,,,,,,,,,,,,,,,,,,,,,,,,,,,,,,,,,,,,,,,,,,,,,,,,,,,,,,,,,,,,,,,,,,,,,,,,,,,,,,,,,,,,,,,,,,,,,,
2024-04-16,,,,,,,,,,,,,,,,,,,,,,,,,,,,,,,,,,,,,,,,,,,,,,,,,,,,,,,,,,,,,,,,,,,,,,,,,,,,,,,,,,,,,,,,,,,,,,,,,,,,,,,,,,,,,,,,,,-4.0,,,,,,,,,,,,,,,,,,,,,,,,,,,,,,,,,,,,,,,,,,,,,,,,,,,,,,,,,,,,,,,,,,,,,,,,,,,,,,,,,,,,,,,,,,,,,,,,,,,,,,,,,,,,,,,,,,,,,,,,,,,,,,,,,,,,,,,,,,,,,,,,,,,,,,,,,,,,,,,,,,,,,,,,,,,,,,,,,,,,,,,,,,
2024-04-17,,,,,,,,,,,,,,,,,,,,,,,,,,,,,,,,,,,,,,,,,,,,,,,,,,,,,,,,,,,,,,,,,,,,,,,,,,,,,,,,,,,,,,,,,,,,,,,,,,,,,,,,,,,,,,,,,,-2.0,,,,,,,,,,,,,,,,,,,,,,,,,,,,,,,,,,,,,,,,,,,,,,,,,,,,,,,,,,,,,,,,,,,,,,,,,,,,,,,,,,,,,,,,,,,,,,,,,,,,,,,,,,,,,,,,,,,,,,,,,,,,,,,,,,,,,,,,,,,,,,,,,,,,,,,,,,,,,,,,,,,,,,,,,,,,,,,,,,,,,,,,,,
2024-04-18,,,,,,,,,,,,,,,,,,,,,,,,,,,,,,,,,,,,,,,,,,,,,,,,,,,,,,,,,,,,,,,,,,,,,,,,,,,,,,,,,,,,,,,,,,,,,,,,,,,,,,,,,,,,,,,,,,-3.0,,,,,,,,,,,,,,,,,,,,,,,,,,,,,,,,,,,,,,,,,,,,,,,,,,,,,,,,,,,,,,,,,,,,,,,,,,,,,,,,,,,,,,,,,,,,,,,,,,,,,,,,,,,,,,,,,,,,,,,,,,,,,,,,,,,,,,,,,,,,,,,,,,,,,,,,,,,,,,,,,,,,,,,,,,,,,,,,,,,,,,,,,,
2024-04-19,,,,,,,,,,,,,,,,,,,,,,,,,,,,,,,,,,,,,,,,,,,,,,,,,,,,,,,,,,,,,,,,,,,,,,,,,,,,,,,,,,,,,,,,,,,,,,,,,,,,,,,,,,,,,,,,,,-2.0,,,,,,,,,,,,,,,,,,,,,,,,,,,,,,,,,,,,,,,,,,,,,,,,,,,,,,,,,,,,,,,,,,,,,,,,,,,,,,,,,,,,,,,,,,,,,,,,,,,,,,,,,,,,,,,,,,,,,,,,,,,,,,,,,,,,,,,,,,,,,,,,,,,,,,,,,,,,,,,,,,,,,,,,,,,,,,,,,,,,,,,,,,
2024-04-22,,,,,,,,,,,,,,,,,,,,,,,,,,,,,,,,,,,,,,,,,,,,,,,,,,,,,,,,,,,,,,,,,,,,,,,,,,,,,,,,,,,,,,,,,,,,,,,,,,,,,,,,,,,,,,,,,,-8.0,,,,,,,,,,,,,,,,,,,,,,,,,,,,,,,,,,,,,,,,,,,,,,,,,,,,,,,,,,,,,,,,,,,,,,,,,,,,,,,,,,,,,,,,,,,,,,,,,,,,,,,,,,,,,,,,,,,,,,,,,,,,,,,,,,,,,,,,,,,,,,,,,,,,,,,,,,,,,,,,,,,,,,,,,,,,,,,,,,,,,,,,,,
2024-04-23,,,,,,,,,,,,,,,,,,,,,,,,,,,,,,,,,,,,,,,,,,,,,,,,,,,,,,,,,,,,,,,,,,,,,,,,,,,,,,,,,,,,,,,,,,,,,,,,,,,,,,,,,,,,,,,,,,-5.0,,,,,,,,,,,,,,,,,,,,,,,,,,,,,,,,,,,,,,,,,,,,,,,,,,,,,,,,,,,,,,,,,,,,,,,,,,,,,,,,,,,,,,,,,,,,,,,,,,,,,,,,,,,,,,,,,,,,,,,,,,,,,,,,,,,,,,,,,,,,,,,,,,,,,,,,,,,,,,,,,,,,,,,,,,,,,,,,,,,,,,,,,,
2024-04-24,,,,,,,,,,,,,,,,,,,,,,,,,,,,,,,,,,,,,,,,,,,,,,,,,,,,,,,,,,,,,,,,,,,,,,,,,,,,,,,,,,,,,,,,,,,,,,,,,,,,,,,,,,,,,,,,,,-6.0,,,,,,,,,,,,,,,,,,,,,,,,,,,,,,,,,,,,,,,,,,,,,,,,,,,,,,,,,,,,,,,,,,,,,,,,,,,,,,,,,,,,,,,,,,,,,,,,,,,,,,,,,,,,,,,,,,,,,,,,,,,,,,,,,,,,,,,,,,,,,,,,,,,,,,,,,,,,,,,,,,,,,,,,,,,,,,,,,,,,,,,,,,
2024-04-25,,,,,,,,,,,,,,,,,,,,,,,,,,,,,,,,,,,,,,,,,,,,,,,,,,,,,,,,,,,,,,,,,,,,,,,,,,,,,,,,,,,,,,,,,,,,,,,,,,,,,,,,,,,,,,,,,,-7.0,,,,,,,,,,,,,,,,,,,,,,,,,,,,,,,,,,,,,,,,,,,,,,,,,,,,,,,,,,,,,,,,,,,,,,,,,,,,,,,,,,,,,,,,,,,,,,,,,,,,,,,,,,,,,,,,,,,,,,,,,,,,,,,,,,,,,,,,,,,,,,,,,,,,,,,,,,,,,,,,,,,,,,,,,,,,,,,,,,,,,,,,,,
2024-04-26,,,,,,,,,,,,,,,,,,,,,,,,,,,,,,,,,,,,,,,,,,,,,,,,,,,,,,,,,,,,,,,,,,,,,,,,,,,,,,,,,,,,,,,,,,,,,,,,,,,,,,,,,,,,,,,,,,-2.0,,,,,,,,,,,,,,,,,,,,,,,,,,,,,,,,,,,,,,,,,,,,,,,,,,,,,,,,,,,,,,,,,,,,,,,,,,,,,,,,,,,,,,,,,,,,,,,,,,,,,,,,,,,,,,,,,,,,,,,,,,,,,,,,,,,,,,,,,,,,,,,,,,,,,,,,,,,,,,,,,,,,,,,,,,,,,,,,,,,,,,,,,,
2024-04-29,,,,,,,,,,,,,,,,,,,,,,,,,,,,,,,,,,,,,,,,,,,,,,,,,,,,,,,,,,,,,,,,,,,,,,,,,,,,,,,,,,,,,,,,,,,,,,,,,,,,,,,,,,,,,,,,,,-2.0,,,,,,,,,,,,,,,,,,,,,,,,,,,,,,,,,,,,,,,,,,,,,,,,,,,,,,,,,,,,,,,,,,,,,,,,,,,,,,,,,,,,,,,,,,,,,,,,,,,,,,,,,,,,,,,,,,,,,,,,,,,,,,,,,,,,,,,,,,,,,,,,,,,,,,,,,,,,,,,,,,,,,,,,,,,,,,,,,,,,,,,,,,
2024-04-30,,,,,,,,,,,,,,,,,,,,,,,,,,,,,,,,,,,,,,,,,,,,,,,,,,,,,,,,,,,,,,,,,,,,,,,,,,,,,,,,,,,,,,,,,,,,,,,,,,,,,,,,,,,,,,,,,,-4.0,,,,,,,,,,,,,,,,,,,,,,,,,,,,,,,,,,,,,,,,,,,,,,,,,,,,,,,,,,,,,,,,,,,,,,,,,,,,,,,,,,,,,,,,,,,,,,,,,,,,,,,,,,,,,,,,,,,,,,,,,,,,,,,,,,,,,,,,,,,,,,,,,,,,,,,,,,,,,,,,,,,,,,,,,,,,,,,,,,,,,,,,,,
2024-05-06,,,,,,,,,,,,,,,,,,,,,,,,,,,,,,,,,,,,,,,,,,,,,,,,,,,,,,,,,,,,,,,,,,,,,,,,,,,,,,,,,,,,,,,,,,,,,,,,,,,,,,,,,,,,,,,,,,,,,,,,,,,,,,,,,,,,,,,,,,,,,,,,,,,,,,,,,,,,,,,,,,,,,,,,,,,,,,,,,,,,,,,,,,,,,,,,,,,,,,,,,,,,,,,,,,,,,,,,,,,,,,,,,,,,,,,,,,,,,,,,,,,,,,,,,,,,,,,,,,,,,,,,,,,,,,,,,,,,,,,,,,,,,,,,,,,,,,,,,,,,
2024-05-07,,,,,,,,,,,,,,,,,,,,,,,,,,,,,,,,,,,,,,,,,,,,,,,,,,,,,,,,,,,,,,,,,,,,,,,,,,,,,,,,,,,,,,,,,,,,,,,,,,,,,,,,,,,,,,,,,,,,,,,,,,,,,,,,,,,,,,,,,,,,,,,,,,,,,,,,,,,,,,,,,,,,,,,,,,,,,,,,,,,,,,,,,,,,,,,,,,,,,,,,,,,,,,,,,,,,,,,,,,,,,,,,,,,,,,,,,,,,,,,,,,,,,,,,,,,,,,,,,,,,,,,,,,,,,,,,,,,,,,,,,,,,,,,,,,,,,,,,,,,,
2024-05-08,,,,,,,,,,,,,,,,,,,,,,,,,,,,,,,,,,,,,,,,,,,,,,,,,,,,,,,,,,,,,,,,,,,,,,,,,,,,,,,,,,,,,,,,,,,,,,,,,,,,,,,,,,,,,,,,,,,,,,,,,,,,,,,,,,,,,,,,,,,,,,,,,,,,,,,,,,,,,,,,,,,,,,,,,,,,,,,,,,,,,,,,,,,,,,,,,,,,,,,,,,,,,,,,,,,,,,,,,,,,,,,,,,,,,,,,,,,,,,,,,,,,,,,,,,,,,,,,,,,,,,,,,,,,,,,,,,,,,,,,,,,,,,,,,,,,,,,,,,,,
2024-05-09,,,,,,,,,,,,,,,,,,,,,,,,,,,,,,,,,,,,,,,,,,,,,,,,,,,,,,,,,,,,,,,,,,,,,,,,,,,,,,,,,,,,,,,,,,,,,,,,,,,,,,,,,,,,,,,,,,,,,,,,,,,,,,,,,,,,,,,,,,,,,,,,,,,,,,,,,,,,,,,,,,,,,,,,,,,,,,,,,,,,,,,,,,,,,,,,,,,,,,,,,,,,,,,,,,,,,,,,,,,,,,,,,,,,,,,,,,,,,,,,,,,,,,,,,,,,,,,,,,,,,,,,,,,,,,,,,,,,,,,,,,,,,,,,,,,,,,,,,,,,
2024-05-10,,,,,,,,,,,,,,,,,,,,,,,,,,,,,,,,,,,,,,,,,,,,,,,,,,,,,,,,,,,,,,,,,,,,,,,,,,,,,,,,,,,,,,,,,,,,,,,,,,,,,,,,,,,,,,,,,,,,,,,,,,,,,,,,,,,,,,,,,,,,,,,,,,,,,,,,,,,,,,,,,,,,,,,,,,,,,,,,,,,,,,,,,,,,,,,,,,,,,,,,,,,,,,,,,,,,,,,,,,,,,,,,,,,,,,,,,,,,,,,,,,,,,,,,,,,,,,,,,,,,,,,,,,,,,,,,,,,,,,,,,,,,,,,,,,,,,,,,,,,,
2024-05-13,,,,,,,,,,,,,,,,,,,,,,,,,,,,,,,,,,,,,,,,,,,,,,,,,,,,,,,,,,,,,,,,,,,,,,,,,,,,,,,,,,,,,,,,,,,,,,,,,,,,,,,,,,,,,,,,,,,,,,,,,,,,,,,,,,,,,,,,,,,,,,,,,,,,,,,,,,,,,,,,,,,,,,,,,,,,,,,,,,,,,,,,,,,,,,,,,,,,,,,,,,,,,,,,,,,,,,,,,,,,,,,,,,,,,,,,,,,,,,,,,,,,,,,,,,,,,,,,,,,,,,,,,,,,,,,,,,,,,,,,,,,,,,,,,,,,,,,,,,,,
2024-05-14,,,,,,,,,,,,,,,,,,,,,,,,,,,,,,,,,,,,,,,,,,,,,,,,,,,,,,,,,,,,,,,,,,,,,,,,,,,,,,,,,,,,,,,,,,,,,,,,,,,,,,,,,,,,,,,,,,,,,,,,,,,,,,,,,,,,,,,,,,,,,,,,,,,,,,,,,,,,,,,,,,,,,,,,,,,,,,,,,,,,,,,,,,,,,,,,,,,,,,,,,,,,,,,,,,,,,,,,,,,,,,,,,,,,,,,,,,,,,,,,,,,,,,,,,,,,,,,,,,,,,,,,,,,,,,,,,,,,,,,,,,,,,,,,,,,,,,,,,,,,
2024-05-15,,,,,,,,,,,,,,,,,,,,,,,,,,,,,,,,,,,,,,,,,,,,,,,,,,,,,,,,,,,,,,,,,,,,,,,,,,,,,,,,,,,,,,,,,,,,,,,,,,,,,,,,,,,,,,,,,,,,,,,,,,,,,,,,,,,,,,,,,,,,,,,,,,,,,,,,,,,,,,,,,,,,,,,,,,,,,,,,,,,,,,,,,,,,,,,,,,,,,,,,,,,,,,,,,,,,,,,,,,,,,,,,,,,,,,,,,,,,,,,,,,,,,,,,,,,,,,,,,,,,,,,,,,,,,,,,,,,,,,,,,,,,,,,,,,,,,,,,,,,,
2024-05-16,,,,,,,,,,,,,,,,,,,,,,,,,,,,,,,,,,,,,,,,,,,,,,,,,,,,,,,,,,,,,,,,,,,,,,,,,,,,,,,,,,,,,,,,,,,,,,,,,,,,,,,,,,,,,,,,,,,,,,,,,,,,,,,,,,,,,,,,,,,,,,,,,,,,,,,,,,,,,,,,,,,,,,,,,,,,,,,,,,,,,,,,,,,,,,,,,,,,,,,,,,,,,,,,,,,,,,,,,,,,,,,,,,,,,,,,,,,,,,,,,,,,,,,,,,,,,,,,,,,,,,,,,,,,,,,,,,,,,,,,,,,,,,,,,,,,,,,,,,,,
2024-05-17,,,,,,,,,,,,,,,,,,,,,,,,,,,,,,,,,,,,,,,,,,,,,,,,,,,,,,,,,,,,,,,,,,,,,,,,,,,,,,,,,,,,,,,,,,,,,,,,,,,,,,,,,,,,,,,,,,,,,,,,,,,,,,,,,,,,,,,,,,,,,,,,,,,,,,,,,,,,,,,,,,,,,,,,,,,,,,,,,,,,,,,,,,,,,,,,,,,,,,,,,,,,,,,,,,,,,,,,,,,,,,,,,,,,,,,,,,,,,,,,,,,,,,,,,,,,,,,,,,,,,,,,,,,,,,,,,,,,,,,,,,,,,,,,,,,,,,,,,,,,
2024-05-20,,,,,,,,,,,,,,,,,,,,,,,,,,,,,,,,,,,,,,,,,,,,,,,,,,,,,,,,,,,,,,,,,,,,,,,,,,,,,,,,,,,,,,,,,,,,,,,,,,,,,,,,,,,,,,,,,,,,,,,,,,,,,,,,,,,,,,,,,,,,,,,,,,,,,,,,,,,,,,,,,,,,,,,,,,,,,,,,,,,,,,,,,,,,,,,,,,,,,,,,,,,,,,,,,,,,,,,,,,,,,,,,,,,,,,,,,,,,,,,,,,,,,,,,,,,,,,,,,,,,,,,,,,,,,,,,,,,,,,,,,,,,,,,,,,,,,,,,,,,,
2024-05-21,,,,,,,,,,,,,,,,,,,,,,,,,,,,,,,,,,,,,,,,,,,,,,,,,,,,,,,,,,,,,,,,,,,,,,,,,,,,,,,,,,,,,,,,,,,,,,,,,,,,,,,,,,,,,,,,,,,,,,,,,,,,,,,,,,,,,,,,,,,,,,,,,,,,,,,,,,,,,,,,,,,,,,,,,,,,,,,,,,,,,,,,,,,,,,,,,,,,,,,,,,,,,,,,,,,,,,,,,,,,,,,,,,,,,,,,,,,,,,,,,,,,,,,,,,,,,,,,,,,,,,,,,,,,,,,,,,,,,,,,,,,,,,,,,,,,,,,,,,,,
2024-05-22,,,,,,,,,,,,,,,,,,,,,,,,,,,,,,,,,,,,,,,,,,,,,,,,,,,,,,,,,,,,,,,,,,,,,,,,,,,,,,,,,,,,,,,,,,,,,,,,,,,,,,,,,,,,,,,,,,,,,,,,,,,,,,,,,,,,,,,,,,,,,,,,,,,,,,,,,,,,,,,,,,,,,,,,,,,,,,,,,,,,,,,,,,,,,,,,,,,,,,,,,,,,,,,,,,,,,,,,,,,,,,,,,,,,,,,,,,,,,,,,,,,,,,,,,,,,,,,,,,,,,,,,,,,,,,,,,,,,,,,,,,,,,,,,,,,,,,,,,,,,
2024-05-23,,,,,,,,,,,,,,,,,,,,,,,,,,,,,,,,,,,,,,,,,,,,,,,,,,,,,,,,,,,,,,,,,,,,,,,,,,,,,,,,,,,,,,,,,,,,,,,,,,,,,,,,,,,,,,,,,,,,,,,,,,,,,,,,,,,,,,,,,,,,,,,,,,,,,,,,,,,,,,,,,,,,,,,,,,,,,,,,,,,,,,,,,,,,,,,,,,,,,,,,,,,,,,,,,,,,,,,,,,,,,,,,,,,,,,,,,,,,,,,,,,,,,,,,,,,,,,,,,,,,,,,,,,,,,,,,,,,,,,,,,,,,,,,,,,,,,,,,,,,,
2024-05-24,,,,,,,,,,,,,,,,,,,,,,,,,,,,,,,,,,,,,,,,,,,,,,,,,,,,,,,,,,,,,,,,,,,,,,,,,,,,,,,,,,,,,,,,,,,,,,,,,,,,,,,,,,,,,,,,,,,,,,,,,,,,,,,,,,,,,,,,,,,,,,,,,,,,,,,,,,,,,,,,,,,,,,,,,,,,,,,,,,,,,,,,,,,,,,,,,,,,,,,,,,,,,,,,,,,,,,,,,,,,,,,,,,,,,,,,,,,,,,,,,,,,,,,,,,,,,,,,,,,,,,,,,,,,,,,,,,,,,,,,,,,,,,,,,,,,,,,,,,,,
2024-05-27,,,,,,,,,,,,,,,,,,,,,,,,,,,,,,,,,,,,,,,,,,,,,,,,,,,,,,,,,,,,,,,,,,,,,,,,,,,,,,,,,,,,,,,,,,,,,,,,,,,,,,,,,,,,,,,,,,,,,,,,,,,,,,,,,,,,,,,,,,,,,,,,,,,,,,,,,,,,,,,,,,,,,,,,,,,,,,,,,,,,,,,,,,,,,,,,,,,,,,,,,,,,,,,,,,,,,,,,,,,,,,,,,,,,,,,,,,,,,,,,,,,,,,,,,,,,,,,,,,,,,,,,,,,,,,,,,,,,,,,,,,,,,,,,,,,,,,,,,,,,
2024-05-28,-4.803333333333334,-7.843333333333334,-1.2733333333333334,,-5.6,,-2.6666666666666665,,-3.3433333333333333,-2.34,-2.1466666666666665,-1.79,-1.2633333333333332,-3.033333333333333,-2.013333333333333,-1.5666666666666667,,-1.3900000000000001,-5.0633333333333335,-1.3933333333333333,,-5.293333333333333,-2.3566666666666665,,-7.136666666666667,-1.3866666666666667,,-2.066666666666667,-7.836666666666667,,-1.5699999999999998,-3.9566666666666666,-7.1433333333333335,-3.1733333333333333,-4.846666666666667,-1.4066666666666667,-2.8833333333333333,,,-6.25,,-5.11,-1.4233333333333333,-7.916666666666667,-7.93,-6.5633333333333335,-7.21,-5.64,,-7.19,-7.303333333333334,-7.416666666666667,-7.516666666666667,-7.26,-1.16,-5.51,-6.816666666666666,-2.0,-3.29,-1.3,-7.953333333333333,,-1.18,-4.72,,-7.176666666666667,-7.023333333333333,-6.586666666666667,-5.27,-1.4833333333333334,,-7.66,,,-4.056666666666667,-3.32,-1.9866666666666668,-1.04,-7.933333333333334,,-1.3366666666666667,-3.4033333333333333,-1.06,,-7.22,-1.2233333333333334,-1.3133333333333335,-2.0933333333333333,-1.2066666666666666,-6.053333333333334,-1.6099999999999999,-5.1033333333333335,-5.946666666666666,-5.156666666666666,-3.8533333333333335,-1.3833333333333333,-2.5566666666666666,-3.993333333333333,-4.8933333333333335,-6.346666666666667,-7.203333333333333,-3.17,-7.996666666666667,,-7.043333333333333,-4.276666666666666,-6.24,-7.016666666666667,-4.576666666666666,-7.073333333333333,-1.1533333333333333,-4.266666666666667,-1.4866666666666668,,-7.326666666666666,,-1.78,-7.8133333333333335,,,,,-3.8633333333333333,,,-2.4566666666666666,-1.6433333333333333,-4.243333333333333,-7.696666666666666,-7.5600000000000005,,-7.596666666666667,-4.246666666666667,,-2.5433333333333334,-2.296666666666667,,-2.08,-5.363333333333333,-7.466666666666667,-2.3766666666666665,-1.96,-7.413333333333333,,-2.65,-1.1866666666666668,-7.83,-5.373333333333333,-4.323333333333333,-1.23,,-3.55,,-5.036666666666667,-7.886666666666667,-1.5133333333333332,-2.5,,-7.006666666666667,-3.1966666666666668,-3.283333333333333,-3.2866666666666666,-6.38,-1.41,,-7.676666666666667,-4.193333333333333,-4.923333333333334,-4.316666666666666,-1.6333333333333333,-7.47,-1.2566666666666666,,-7.28,,,-7.026666666666666,-3.6033333333333335,-5.49,-7.91,-7.966666666666667,-6.92,-6.213333333333333,-4.943333333333333,,,-7.743333333333333,,,-1.95,-2.5366666666666666,-4.6466666666666665,,,-1.9,-6.796666666666667,-2.913333333333333,-2.3666666666666667,-1.3066666666666666,-4.98,-6.096666666666667,,-2.87,-7.333333333333333,-7.426666666666667,-5.906666666666666,,,-7.683333333333334,-3.9733333333333336,-4.86,,,,-7.54,-7.723333333333334,-7.793333333333333,-5.673333333333334,,-7.58,-7.693333333333333,-1.7533333333333334,,-2.9033333333333333,-7.62,-5.68,,-4.37,-4.233333333333333,,-7.703333333333333,,-1.5466666666666666,,-7.44,-4.963333333333333,-2.8,-3.5933333333333333,-7.48,-1.03,-2.5300000000000002,-1.5833333333333335,-3.67,,-3.663333333333333,,-6.63,-6.706666666666667,-5.733333333333333,-1.9366666666666665,-6.443333333333333,-7.433333333333334,-1.1,-4.873333333333333,-7.33,-7.473333333333334,,-5.926666666666667,,-6.88,-7.736666666666666,-5.626666666666667,-6.2,-7.85,-5.116666666666666,-6.31,-2.1233333333333335,-7.976666666666667,-6.14,-7.003333333333333,-7.09,,-7.1066666666666665,-7.046666666666667,-6.226666666666667,-2.36,-7.3966666666666665,-1.1833333333333333,-3.13,-4.133333333333334,-1.4766666666666666,-6.99,-7.166666666666667,-4.983333333333333,-2.35,-1.05,-3.1133333333333333,-7.12,-1.01,-2.6366666666666667,-1.4533333333333334,-2.8666666666666667,-3.02,-7.07,-1.97,-7.076666666666666,-5.493333333333333,-7.15,-1.94,-3.783333333333333
2024-05-29,-6.713333333333333,-5.566666666666666,-3.336666666666667,,-3.586666666666667,,-1.6600000000000001,,-6.616666666666667,-4.406666666666666,-2.22,-1.7233333333333334,-2.3033333333333332,-7.03,-1.02,-4.573333333333333,,-5.506666666666667,-5.076666666666666,-1.5166666666666666,,-2.1933333333333334,-1.37,,-3.16,-1.43,,-6.0633333333333335,-4.716666666666667,,-1.6333333333333333,-5.736666666666666,-5.1866666666666665,-4.14,-3.82,-1.9333333333333333,-1.9300000000000002,,,-7.28,,-6.13,-1.3433333333333333,-7.6433333333333335,-7.916666666666667,-7.423333333333334,-6.19,-6.376666666666667,,-4.176666666666667,-7.283333333333333,-5.41,-6.58,-3.223333333333333,-7.1433333333333335,-4.673333333333334,-4.51,-2.0,-1.24,-1.35,-7.96,,-1.2,-5.4,,-7.196666666666666,-6.04,-7.513333333333334,-5.286666666666667,-1.52,,-6.5600000000000005,,,-2.066666666666667,-2.21,-1.9100000000000001,-2.0433333333333334,-6.906666666666666,,-1.3666666666666667,-2.4033333333333333,-1.0866666666666667,,-7.203333333333333,-1.2066666666666666,-2.3166666666666664,-7.1033333333333335,-1.2333333333333334,-7.026666666666666,-1.5233333333333334,-7.12,-5.9366666666666665,-4.1466666666666665,-1.8233333333333333,-3.3866666666666667,-1.3733333333333333,-3.9966666666666666,-1.8766666666666667,-7.593333333333334,-6.33,-4.096666666666667,-1.99,,-6.036666666666667,-3.236666666666667,-4.183333333333334,-1.0133333333333334,-3.0533333333333332,-2.08,-1.17,-7.23,-1.87,-7.8533333333333335,,,-2.8433333333333333,-7.8100000000000005,,,,,-4.8966666666666665,,,-2.4333333333333336,-1.5466666666666666,-1.2266666666666666,-7.756666666666667,-5.44,,-6.6066666666666665,-5.323333333333333,,-1.5699999999999998,-4.34,,-3.1,-7.476666666666667,-5.426666666666667,-2.3466666666666667,-1.9733333333333334,-3.4433333333333334,,-5.54,-3.2666666666666666,-6.923333333333334,-4.466666666666667,-7.333333333333333,-1.3533333333333333,,-2.84,,-3.046666666666667,-6.9,-1.6833333333333333,-1.6,,-6.006666666666667,-1.2633333333333332,-2.2466666666666666,-1.3133333333333335,-2.36,-1.3566666666666667,,-5.626666666666667,-4.363333333333333,-6.946666666666666,-1.5,-1.5566666666666666,-6.47,-1.29,,-7.27,,,-7.023333333333333,-2.663333333333333,-2.3,-4.956666666666667,-7.983333333333333,-3.8666666666666667,-1.26,-7.943333333333333,,,-7.74,,,-2.98,-2.5433333333333334,-4.666666666666667,,,-7.903333333333333,-6.796666666666667,-3.5766666666666667,-1.38,-1.2933333333333334,-4.986666666666666,-7.123333333333333,-1.8166666666666667,-4.89,-7.276666666666666,-6.383333333333334,-5.88,,,-6.793333333333333,-1.9633333333333334,-7.8566666666666665,,,,-5.32,-7.676666666666667,-6.79,-4.31,,-6.59,,-5.75,,-7.67,-7.73,-2.7266666666666666,,-4.273333333333333,-1.2533333333333334,,-6.65,,-2.533333333333333,,-7.463333333333333,-3.95,-2.783333333333333,-5.64,-7.3933333333333335,-1.0333333333333334,-1.5366666666666666,-1.8266666666666667,-5.656666666666666,,-1.6866666666666665,,-6.61,,-4.806666666666667,-1.9133333333333333,-4.446666666666666,-7.416666666666667,-2.0833333333333335,-5.8933333333333335,-7.456666666666667,-5.483333333333333,,-4.97,,-7.886666666666667,-7.71,-7.63,-5.213333333333333,-4.85,-6.116666666666666,-7.473333333333334,-1.1533333333333333,-7.9399999999999995,-1.1566666666666667,-7.003333333333333,-7.1066666666666665,,-7.18,-6.06,-7.243333333333333,-2.453333333333333,-6.326666666666666,-2.1133333333333333,-2.15,-7.166666666666667,-1.7066666666666666,-5.05,-6.09,-6.993333333333333,-1.1333333333333333,-1.0566666666666666,-2.1266666666666665,-5.163333333333333,-2.01,-1.8133333333333335,-1.6033333333333335,-2.8633333333333333,-1.0166666666666666,-5.11,-1.9766666666666666,-5.07,-1.5033333333333334,-4.173333333333334,-1.9533333333333334,-2.9266666666666667
2024-05-30,-7.62,-7.3933333333333335,-1.3966666666666667,-7.543333333333333,-5.5633333333333335,-1.5233333333333334,-2.66,,-7.573333333333333,-1.46,-4.253333333333333,-1.6,-1.2766666666666666,-6.036666666666667,-2.0233333333333334,-5.576666666666666,,-3.57,-7.056666666666667,-3.6133333333333333,,-1.17,-1.4566666666666666,,-1.1466666666666667,-1.4933333333333334,,-6.053333333333334,-7.553333333333334,-6.473333333333334,-2.6566666666666667,-2.3466666666666667,-3.236666666666667,-6.1,-4.773333333333333,-2.95,-2.92,,,-7.316666666666666,,-7.153333333333333,-1.4033333333333333,-7.446666666666666,-5.88,-4.33,-5.193333333333333,-7.283333333333333,,-4.166666666666667,-7.25,-4.513333333333334,-4.64,-4.183333333333334,-7.123333333333333,-7.623333333333333,-6.29,-2.0,-2.2266666666666666,-1.42,-7.9366666666666665,,-3.22,-2.4166666666666665,,-7.196666666666666,-3.86,-7.333333333333333,-7.26,-1.54,,-6.386666666666667,,,-3.08,-7.176666666666667,-1.3233333333333333,-3.046666666666667,-7.9399999999999995,,-1.5366666666666666,-1.4,-3.0966666666666667,,-4.2,-1.1866666666666668,-3.3,-6.133333333333334,-4.306666666666667,-7.03,-1.2866666666666666,-7.11,-7.926666666666667,-3.13,-1.8399999999999999,-7.406666666666666,-1.3733333333333333,-1.98,-2.7766666666666664,-7.8100000000000005,-5.8,-4.076666666666666,-4.8133333333333335,,-7.04,-3.203333333333333,-5.213333333333333,-2.013333333333333,-1.0333333333333334,-1.0866666666666667,-1.1400000000000001,-6.223333333333334,-1.9833333333333334,-7.806666666666667,,,-3.8433333333333333,-7.756666666666667,,-5.793333333333333,,,-6.8933333333333335,,,-7.43,-5.4366666666666665,-1.2166666666666668,-7.78,-7.366666666666666,-3.703333333333333,,-6.293333333333333,,-1.6166666666666667,-5.376666666666667,,-4.093333333333334,-6.863333333333333,-6.34,-1.38,-3.9433333333333334,-5.466666666666667,,-5.423333333333334,-4.343333333333334,-6.946666666666666,-6.486666666666666,-7.32,-1.4333333333333333,,-1.9133333333333333,,-2.0433333333333334,-5.916666666666667,-1.8666666666666667,-2.6033333333333335,,-4.003333333333333,-2.2800000000000002,-1.2333333333333334,-1.47,-2.36,-2.3133333333333335,,-7.586666666666667,-1.79,-5.93,-1.7133333333333334,-1.4766666666666666,-7.51,-2.3833333333333333,,-7.363333333333333,,,-1.0266666666666666,-1.73,-3.263333333333333,-7.96,-6.973333333333334,-2.6866666666666665,-1.4633333333333334,-6.923333333333334,,,-7.683333333333334,,,-2.986666666666667,-4.55,-2.7466666666666666,,,-6.89,-7.763333333333334,-1.31,-1.4133333333333333,-1.27,-3.99,-7.116666666666666,-2.716666666666667,,-7.24,-7.3533333333333335,-1.83,,,-5.833333333333333,-2.9333333333333336,-3.8166666666666664,,,,-7.21,-4.653333333333333,-5.743333333333333,-3.19,,-1.5899999999999999,,-7.71,,-6.45,-5.723333333333334,-5.736666666666666,,-2.23,-1.3033333333333332,-4.74,-7.63,,-3.5166666666666666,,-7.546666666666667,-3.87,-1.76,-1.7066666666666666,-7.37,-1.05,-2.5266666666666664,-1.8833333333333333,-7.65,,-3.6933333333333334,,-7.5600000000000005,,-6.786666666666667,-1.85,-7.443333333333333,-7.41,-3.07,-6.903333333333333,-7.48,-7.496666666666667,,-3.9699999999999998,,-7.873333333333333,-7.673333333333334,-6.6433333333333335,-7.206666666666667,-3.8266666666666667,-6.1033333333333335,-7.483333333333333,-5.15,-7.963333333333333,-1.1633333333333333,-7.006666666666667,-7.12,,-6.18,-5.083333333333333,-7.266666666666667,-7.5,-4.273333333333333,-4.09,-2.16,-6.35,-3.8233333333333333,-7.016666666666667,-5.06,-3.9966666666666666,-2.1133333333333333,-1.0666666666666667,-1.1433333333333333,-3.1566666666666667,-3.01,-1.9066666666666667,-1.6066666666666667,-3.836666666666667,-2.02,-4.126666666666667,-1.9666666666666668,-7.073333333333333,-2.783333333333333,-1.1733333333333333,-1.9566666666666666,-1.9933333333333332
2024-05-31,-1.5033333333333334,-7.33,-1.46,-7.5,-1.54,-1.47,-1.6600000000000001,,-7.28,-6.4366666666666665,-5.286666666666667,-2.45,-2.23,-4.036666666666667,-2.03,-5.546666666666667,,-3.453333333333333,-6.043333333333333,-4.63,,-1.2133333333333334,-7.7,,-2.13,-2.51,,-3.0566666666666666,-7.463333333333333,-7.456666666666667,-4.576666666666666,-1.2466666666666666,-7.31,-7.086666666666667,-3.6666666666666665,-4.9,-3.8966666666666665,,,-7.383333333333334,,-7.316666666666666,-1.81,-7.323333333333333,-6.86,-3.29,-4.24,-7.26,,-2.2066666666666666,-7.27,-3.79,-7.696666666666666,-1.15,-5.096666666666667,-7.34,-7.196666666666666,-1.9966666666666666,-1.2233333333333334,-2.5433333333333334,-7.9366666666666665,,-4.263333333333334,-1.44,,-7.21,-2.0,-6.276666666666666,-7.283333333333333,-1.5066666666666668,,-6.273333333333333,,,-1.0933333333333333,-6.176666666666667,-3.163333333333333,-3.0733333333333333,-7.946666666666666,,-1.92,-1.4066666666666667,-1.1366666666666667,,-4.22,-1.1333333333333333,-4.35,-5.25,-6.256666666666667,-6.026666666666666,-1.2933333333333334,-6.1066666666666665,-6.93,-1.1133333333333333,-2.8433333333333333,-1.43,-1.6133333333333333,-3.993333333333333,-3.48,-7.84,-4.976666666666667,-6.083333333333333,-3.1866666666666665,,-6.04,-7.203333333333333,-2.623333333333333,-3.02,-1.0166666666666666,-2.08,-2.12,-5.19,-1.9833333333333334,-6.73,,,-2.8033333333333332,-7.6899999999999995,,-6.786666666666667,,,-3.876666666666667,,,-6.443333333333333,-1.3599999999999999,-3.2,-7.8133333333333335,-6.3533333333333335,-2.6566666666666667,,-1.2533333333333334,-7.88,-2.5666666666666664,-6.3933333333333335,,-3.09,-6.933333333333334,-6.326666666666666,-1.4,-7.883333333333333,-4.516666666666667,,-6.3133333333333335,-5.496666666666667,-4.663333333333333,-7.42,-6.333333333333333,-3.4033333333333333,,-3.89,,-1.05,-4.916666666666667,-2.913333333333333,-1.56,,-3.0033333333333334,-2.296666666666667,-1.2666666666666666,-1.8533333333333335,-3.3566666666666665,-3.3733333333333335,,-1.5566666666666666,-3.82,-5.926666666666667,-2.57,-2.493333333333333,-1.5333333333333332,-1.76,,-7.616666666666667,-5.826666666666666,,-2.0233333333333334,-1.7666666666666666,-3.3033333333333332,-7.943333333333333,-5.96,-5.466666666666667,-1.9066666666666667,-1.9033333333333333,,,-4.65,,,-4.973333333333334,-7.536666666666667,-5.753333333333333,,,-5.8566666666666665,-7.78,-6.193333333333333,-1.4233333333333333,-1.3066666666666666,-7.97,-3.1166666666666667,-7.61,,-6.16,-7.336666666666667,-3.7466666666666666,,,-5.823333333333333,-7.886666666666667,-7.776666666666666,,,,-6.166666666666667,-6.6066666666666665,-4.733333333333333,-2.1233333333333335,,-1.5833333333333335,,-7.703333333333333,,-2.3766666666666665,-4.693333333333333,-7.726666666666667,,-1.2366666666666666,-1.3900000000000001,-1.7166666666666668,,,-3.4833333333333334,,-7.783333333333333,-1.6,-1.71,-1.7433333333333332,-7.363333333333333,-1.0633333333333332,-2.486666666666667,-1.8633333333333333,,,-1.67,,-7.713333333333333,,-4.596666666666667,-2.6833333333333336,-7.413333333333333,-7.3966666666666665,-4.06,-7.91,-7.41,-1.49,,-2.95,,-7.846666666666667,-7.6466666666666665,-7.68,-6.226666666666667,-2.8,-7.1033333333333335,-7.17,-5.173333333333334,-7.9399999999999995,-2.183333333333333,-7.01,-4.11,,-5.126666666666667,-6.1,-4.343333333333334,-1.58,-3.3666666666666667,-7.066666666666666,-2.14,-5.953333333333333,-1.8166666666666667,-7.006666666666667,-4.046666666666667,-1.99,-3.243333333333333,-2.0766666666666667,-1.2166666666666668,-2.1433333333333335,-2.013333333333333,-5.923333333333334,-1.7933333333333334,-2.836666666666667,-3.033333333333333,-5.156666666666666,-3.966666666666667,-3.07,-3.873333333333333,-1.18,-1.9566666666666666,-7.986666666666666
2024-06-03,-2.4433333333333334,-7.28,-1.5733333333333333,-7.486666666666666,-1.5766666666666667,-1.49,-1.7033333333333334,,-6.166666666666667,-7.373333333333333,-7.276666666666666,-1.37,-3.1766666666666667,-5.03,-2.0533333333333332,-7.516666666666667,,-1.4566666666666666,-7.033333333333333,-7.513333333333334,,-4.233333333333333,-6.79,,-2.1333333333333333,-3.5366666666666666,,-4.04,-7.476666666666667,-5.44,-3.506666666666667,-1.27,-1.4533333333333334,-7.083333333333333,-7.616666666666667,-4.8533333333333335,-6.816666666666666,,,-6.386666666666667,,-7.473333333333334,-1.9333333333333333,-7.286666666666667,-7.826666666666666,-2.256666666666667,-6.333333333333333,-7.216666666666667,,-7.36,-6.3133333333333335,-1.9,-7.736666666666666,-2.14,-4.086666666666667,-5.213333333333333,-7.17,-1.9966666666666666,-1.24,-4.66,-6.913333333333333,,-1.2966666666666666,-1.81,,-7.21,-2.0,-5.243333333333333,-7.293333333333333,-3.3966666666666665,,-5.316666666666666,,,-2.09,-3.22,-2.6533333333333333,-7.15,-6.956666666666667,,-1.9733333333333334,-2.43,-2.1266666666666665,,-7.1866666666666665,-2.1,-5.336666666666667,-4.8566666666666665,-1.13,-5.026666666666666,-1.2466666666666666,-4.096666666666667,-2.9266666666666667,-1.1366666666666667,-1.8766666666666667,-7.426666666666667,-3.4833333333333334,-4.993333333333333,-4.446666666666666,-7.566666666666666,-2.99,-7.116666666666666,-3.0766666666666667,,-5.036666666666667,-6.1433333333333335,-1.8966666666666665,-4.016666666666667,-3.01,-3.0733333333333333,-3.2,-4.18,-1.98,-5.6,,,-5.763333333333334,-6.626666666666667,,-5.783333333333333,,,-2.8933333333333335,,,-7.45,-2.3033333333333332,-4.193333333333333,-7.866666666666667,-5.343333333333334,-4.663333333333333,,-2.203333333333333,-7.846666666666667,-1.6766666666666667,-7.3533333333333335,,-3.0933333333333333,-4.96,-7.283333333333333,-2.5266666666666664,-7.753333333333333,-7.636666666666667,,-3.2733333333333334,-4.46,-3.1966666666666668,-1.34,-6.32,-3.33,,-4.87,,-1.05,-3.93,-1.8733333333333333,-1.47,,-2.0033333333333334,-4.25,-1.29,-1.9233333333333333,-3.3566666666666665,-4.376666666666667,,-2.52,-7.496666666666667,-5.92,-2.6866666666666665,-3.48,-1.6466666666666665,-4.8,,-7.86,-6.8133333333333335,,-3.0233333333333334,-1.7566666666666668,-1.3900000000000001,-7.906666666666666,-4.9399999999999995,-1.4033333333333333,-1.9433333333333334,-2.9033333333333333,,,-3.546666666666667,,,-5.966666666666667,-7.5633333333333335,-7.596666666666667,,,-4.806666666666667,-7.746666666666667,-1.16,-2.533333333333333,-4.306666666666667,-7.946666666666666,-4.11,-7.5600000000000005,,-5.153333333333333,-6.3,-5.54,,,-4.793333333333333,-6.843333333333334,-6.65,,,,-2.1566666666666667,-1.5899999999999999,-3.743333333333333,-1.1133333333333333,,-2.6133333333333333,,,,-1.3266666666666667,-3.75,-6.623333333333333,,-1.2533333333333334,-1.4633333333333334,-2.68,,,-5.41,,-7.85,-2.3933333333333335,-1.7066666666666666,-1.77,-6.346666666666667,-2.08,-4.51,-7.82,,,-2.57,,-6.716666666666667,,-1.5033333333333334,-3.413333333333333,-2.38,,-5.0633333333333335,-7.91,-7.35,-1.5533333333333332,,-1.9366666666666665,,-7.863333333333333,-7.666666666666667,-6.766666666666667,-7.26,-4.74,-7.1033333333333335,-6.1066666666666665,-6.206666666666667,-7.733333333333333,-3.23,-7.02,-3.1466666666666665,,-4.183333333333334,-5.266666666666667,-6.406666666666666,-2.42,-5.363333333333333,-6.056666666666667,-1.1233333333333333,-4.976666666666667,-2.7733333333333334,-2.006666666666667,-3.066666666666667,-1.9833333333333334,-4.88,-3.06,-1.2633333333333332,-2.1733333333333333,-3.013333333333333,-5.916666666666667,-3.7866666666666666,-1.8900000000000001,-4.046666666666667,-6.12,-3.9633333333333334,-3.07,-3.8866666666666667,-2.163333333333333,-3.95,-6.986666666666666
2024-06-04,-1.4,-6.24,-1.7233333333333334,-7.47,-1.6066666666666667,-1.5233333333333334,-2.6833333333333336,,-6.1033333333333335,-6.34,-2.223333333333333,-2.3566666666666665,-4.183333333333334,-1.0233333333333334,-1.8900000000000001,-6.49,,-6.496666666666667,-7.03,-6.423333333333334,,-3.336666666666667,-5.83,,-1.15,-3.5833333333333335,,-3.033333333333333,-6.446666666666666,-4.406666666666666,-2.4566666666666666,-2.2466666666666666,-1.8233333333333333,-7.09,-7.486666666666666,-4.8566666666666665,-6.65,,,-5.426666666666667,,-7.82,-1.9466666666666668,-5.293333333333333,-7.48,-2.1966666666666668,-4.716666666666667,-7.206666666666667,,-6.633333333333333,-5.373333333333333,-4.9,-4.713333333333333,-3.1433333333333335,-2.0833333333333335,-5.113333333333333,-6.176666666666667,-1.9966666666666666,-3.21,-5.803333333333334,-7.796666666666667,,-2.27,-1.8733333333333333,,-7.1866666666666665,-2.0,-4.193333333333333,-7.296666666666667,-4.316666666666666,,-7.42,,,-2.1,-3.263333333333333,-1.9266666666666667,-5.933333333333334,-7.95,,-1.9833333333333334,-1.44,-7.086666666666667,,-6.16,-4.06,-7.306666666666667,-5.943333333333333,-2.11,-4.053333333333334,-1.1366666666666667,-4.1466666666666665,-7.903333333333333,-2.1733333333333333,-7.836666666666667,-7.383333333333334,-3.453333333333333,-7.993333333333333,-5.43,-7.29,-1.99,-7.913333333333333,-2.05,,-1.0366666666666666,-7.08,-3.93,-3.013333333333333,-4.01,-2.0766666666666667,-4.593333333333334,-3.163333333333333,-1.9733333333333334,-2.506666666666667,,,-4.73,-5.556666666666667,,-2.7466666666666666,,,-1.8466666666666667,,,-6.46,-1.2666666666666666,-4.216666666666667,-4.84,-4.3966666666666665,-6.636666666666667,,-3.17,-5.756666666666667,-3.743333333333333,-6.273333333333333,,-2.1533333333333333,-3.9633333333333334,-7.243333333333333,-2.7066666666666666,-7.226666666666667,-6.806666666666667,,-2.23,-3.71,-2.0933333333333333,-1.3266666666666667,-4.286666666666667,-3.22,,-2.85,,-1.0633333333333332,-2.8666666666666667,-2.5733333333333333,-3.3933333333333335,,-1.0033333333333334,-7.19,-1.2833333333333332,-2.9366666666666665,-3.4033333333333333,-1.3900000000000001,,-3.5033333333333334,-6.376666666666667,-1.8866666666666667,-6.57,-4.323333333333333,-3.75,-5.76,,-7.916666666666667,-7.78,,-4.02,-1.63,-1.8166666666666667,-7.863333333333333,-6.91,-1.3599999999999999,-2.9566666666666666,-1.8966666666666665,,,-5.45,,,-3.966666666666667,-5.55,-7.483333333333333,,,,-4.476666666666667,-2.2133333333333334,-3.7533333333333334,-4.363333333333333,-7.876666666666667,-5.096666666666667,-5.52,,-4.133333333333334,-3.26,-2.4433333333333334,,,-2.6666666666666665,-5.626666666666667,-5.533333333333333,,,,-1.1566666666666667,-1.5533333333333332,-2.74,-2.1166666666666667,,-1.6133333333333333,,,,-1.3333333333333333,-4.776666666666666,-4.51,,-3.276666666666667,-2.35,,,,-6.33,,-7.8133333333333335,-2.2333333333333334,-2.6966666666666668,-1.7666666666666666,-7.386666666666667,-7.1066666666666665,-5.576666666666666,-7.536666666666667,,,-1.4733333333333334,-5.6466666666666665,-7.5,,-1.4366666666666665,-3.31,-4.41,,-6.056666666666667,-7.86,-7.256666666666667,-2.6433333333333335,,-1.9233333333333333,,-7.833333333333333,-7.66,-6.773333333333333,-6.28,-1.5866666666666667,-7.12,-7.07,-7.3133333333333335,-6.25,-3.3033333333333332,-7.026666666666666,-2.2,,-3.236666666666667,-1.92,-5.463333333333333,-3.2533333333333334,-6.3,-6.043333333333333,-1.1233333333333333,-3.98,-3.62,-1.0066666666666666,-2.8833333333333333,-3.9699999999999998,-5.986666666666666,-3.046666666666667,-1.77,-1.2033333333333334,-5.016666666666667,-1.88,-1.87,-1.8533333333333335,-3.18,-1.0666666666666667,-2.94,-1.0733333333333333,-5.843333333333334,-1.13,-5.8933333333333335,-5.976666666666667
2024-06-05,-2.33,-6.246666666666667,-1.7566666666666668,-6.406666666666666,-1.6633333333333333,-2.5766666666666667,-1.6366666666666667,,-7.07,-7.28,-4.136666666666667,-4.306666666666667,-5.296666666666667,-2.0166666666666666,-3.9766666666666666,-5.48,,-5.456666666666667,-7.023333333333333,-5.363333333333333,,-3.8266666666666667,-4.86,,-1.1933333333333334,-5.51,,-3.03,-4.3966666666666665,-1.3433333333333333,-3.36,-1.31,-5.843333333333334,-7.1066666666666665,-7.383333333333334,-4.903333333333333,-7.446666666666666,,,-4.4,-1.6333333333333333,-7.9,-2.9366666666666665,-7.263333333333334,-7.26,-4.156666666666666,-1.8766666666666667,-7.27,,-5.8133333333333335,-4.543333333333333,-2.8666666666666667,-3.67,-4.213333333333333,-3.0833333333333335,-7.066666666666666,-5.29,-1.9966666666666666,-1.2266666666666666,-5.82,-6.5633333333333335,,-3.223333333333333,-1.8733333333333333,,-7.163333333333333,-2.0,-3.1966666666666668,-7.333333333333333,-5.286666666666667,,-7.716666666666667,,,-4.17,-2.45,-1.9466666666666668,-4.97,-6.906666666666666,,-7.983333333333333,-1.5,-7.06,,-3.14,-3.04,-7.256666666666667,-2.94,-1.2333333333333334,-5.923333333333334,-2.1166666666666667,-1.7033333333333334,-6.87,-3.25,-7.833333333333333,-5.403333333333333,-3.7333333333333334,-1.99,-6.416666666666667,-7.19,-1.9866666666666668,-7.963333333333333,-1.08,,-1.0766666666666667,-7.056666666666667,-3.9433333333333334,-1.02,-5.01,-2.0933333333333333,-5.8566666666666665,-1.1433333333333333,-2.95,-2.4433333333333334,,,-7.6899999999999995,-4.496666666666667,,-4.7,-6.676666666666667,,-1.8366666666666667,,,-4.486666666666666,-2.2066666666666666,-6.203333333333333,-1.8233333333333333,-4.466666666666667,-7.61,,-4.176666666666667,-5.54,-6.693333333333333,-7.183333333333334,,-7.786666666666667,-1.9266666666666667,-1.2366666666666666,-4.766666666666667,-6.09,-4.83,,-2.21,-2.8166666666666664,-1.0533333333333332,-3.3766666666666665,-7.24,-4.12,,-1.85,,-7.743333333333333,-7.763333333333334,-1.35,-2.3166666666666664,,-2.0033333333333334,-5.15,-1.3133333333333335,-2.9166666666666665,-1.4233333333333333,-3.4699999999999998,,-4.46,-5.3,-1.8466666666666667,-7.463333333333333,-5.243333333333333,-4.73,-4.696666666666666,,-7.913333333333333,-7.74,,-5.013333333333334,-1.5133333333333332,-2.8866666666666667,-7.8,-4.863333333333333,-2.1866666666666665,-4.93,-2.88,,,-5.32,,,-7.933333333333334,-6.556666666666667,-4.346666666666667,,,,-4.303333333333334,-3.546666666666667,-4.776666666666666,-1.3900000000000001,-7.796666666666667,-7.11,-5.55,,-3.1333333333333333,-5.2,-5.326666666666666,,,-1.5233333333333334,-4.493333333333333,-5.426666666666667,,,,-2.1733333333333333,-3.52,-1.71,-1.13,,-2.6133333333333333,,,-1.5733333333333333,-1.43,-1.7733333333333334,-1.4766666666666666,,-3.3566666666666665,-1.23,,,,-7.273333333333333,,-6.75,-7.153333333333333,-4.6466666666666665,-2.7066666666666666,-7.386666666666667,-6.77,-7.673333333333334,-7.283333333333333,,,-2.3666666666666667,-3.413333333333333,-6.41,,-1.3533333333333333,-5.216666666666667,-5.3933333333333335,,-7.096666666666667,-7.78,-7.166666666666667,-4.68,,-1.8966666666666665,-1.6533333333333333,-7.806666666666667,-7.64,-2.7233333333333336,,-2.473333333333333,-7.16,-6.0633333333333335,-3.7133333333333334,-6.05,-1.3733333333333333,-6.046666666666667,-7.253333333333333,,-2.3233333333333333,-1.96,-5.793333333333333,-4.123333333333333,-7.276666666666666,-7.033333333333333,-3.1266666666666665,-2.9733333333333336,-4.433333333333334,-3.006666666666667,-1.98,-4.91,-6.993333333333333,-5.026666666666666,-1.8900000000000001,-1.18,-6.073333333333333,-1.8399999999999999,-3.8833333333333333,-3.8533333333333335,-5.966666666666667,-7.043333333333333,-1.8933333333333333,-1.0866666666666667,-4.79,-1.1033333333333333,-1.7466666666666666,-3.9566666666666666
2024-06-06,-1.3066666666666666,-7.24,-1.7466666666666666,-5.383333333333334,-1.6866666666666665,-1.5666666666666667,-4.573333333333333,,-6.08,-6.3,-3.1133333333333333,-4.366666666666666,-7.623333333333333,-3.02,-4.956666666666667,-7.46,,-2.6433333333333335,-7.04,-4.3533333333333335,,-7.806666666666667,-3.8466666666666667,,-1.2833333333333332,-6.493333333333333,,-3.0366666666666666,-3.32,-2.2933333333333334,-7.296666666666667,-1.6099999999999999,-7.826666666666666,-7.23,-6.336666666666667,-3.9266666666666667,-7.363333333333333,,,-7.413333333333333,-1.6833333333333333,-7.903333333333333,-3.93,-7.216666666666667,-6.196666666666666,-1.12,-7.89,-7.29,,-4.8,-4.6466666666666665,-7.85,-2.68,-5.266666666666667,-1.07,-3.06,-6.533333333333333,-1.9966666666666666,-1.21,-7.803333333333334,-5.276666666666666,,-4.25,-1.8866666666666667,,-7.14,-5.0,-2.2733333333333334,-7.35,-6.34,,-6.753333333333333,,,-6.1,-1.38,-1.9633333333333334,-1.9666666666666668,-5.906666666666666,,-6.98,-1.4166666666666667,-7.05,,-4.09,-1.0466666666666666,-7.176666666666667,-1.94,-2.69,-3.0166666666666666,-3.1066666666666665,-1.8633333333333333,-5.866666666666667,-5.226666666666667,-5.82,-7.3566666666666665,-2.2866666666666666,-2.986666666666667,-7.476666666666667,-7.15,-1.9766666666666666,-7.973333333333334,-1.8766666666666667,,-1.9233333333333333,-5.056666666666667,-6.946666666666666,-3.0533333333333332,-7.013333333333334,-3.1366666666666667,-6.843333333333334,-1.1166666666666667,-3.9333333333333336,-3.44,,,-6.706666666666667,-6.453333333333333,,-2.6766666666666667,-3.6733333333333333,,-1.8233333333333333,,,-7.47,-2.223333333333333,-7.203333333333333,-2.7733333333333334,-6.523333333333333,-4.57,,-5.233333333333333,-7.3966666666666665,-7.67,-7.1466666666666665,,-1.88,-1.9100000000000001,-1.26,-3.7666666666666666,-6.0633333333333335,-5.816666666666666,,-4.236666666666666,-2.7933333333333334,-1.0666666666666667,-2.42,-6.243333333333333,-2.1033333333333335,,-1.8566666666666667,,-6.943333333333333,-6.513333333333334,-3.1933333333333334,-1.3433333333333333,,-1.0033333333333334,-5.183333333333334,-1.2566666666666666,-1.92,-2.5033333333333334,-4.4,,-5.443333333333333,-4.633333333333333,-7.796666666666667,-6.72,-6.16,-7.723333333333334,-1.3466666666666667,,-7.916666666666667,-7.743333333333333,,-6.026666666666666,-1.4466666666666668,-3.8933333333333335,-7.756666666666667,-2.7866666666666666,-1.13,-5.9,-2.8833333333333333,,,-2.2466666666666666,,,-6.913333333333333,-6.496666666666667,-3.3333333333333335,,,,-5.173333333333334,-4.783333333333333,-5.76,-3.39,-7.78,-6.37,-6.54,,-2.6933333333333334,-6.17,-2.263333333333333,,,-2.43,-3.663333333333333,-3.3733333333333335,,,,-5.1433333333333335,-4.51,-1.7166666666666668,-2.1233333333333335,,-3.5566666666666666,,,-1.41,-2.36,-1.75,-1.4733333333333334,,-4.326666666666666,-1.1533333333333333,,,,-7.22,,-6.58,-6.126666666666667,-2.5933333333333333,-2.7,-7.403333333333333,-5.873333333333333,-6.703333333333333,-6.1866666666666665,,,-1.28,-1.33,-2.3233333333333333,,-1.4333333333333333,-7.163333333333333,-6.376666666666667,,-7.656666666666666,-7.666666666666667,-6.19,-5.66,,-1.8966666666666665,-1.6366666666666667,-6.79,-6.62,-1.6966666666666668,,-2.3866666666666667,-7.166666666666667,-7.006666666666667,-4.763333333333334,-3.0433333333333334,-2.466666666666667,-5.8133333333333335,-7.18,,-1.6166666666666667,-3.9699999999999998,-7.83,-5.076666666666666,-6.206666666666667,-7.033333333333333,-3.1566666666666667,-1.96,-5.3933333333333335,-4.01,-1.99,-5.776666666666666,-7.993333333333333,-6.023333333333333,-2.87,-3.11,-7.95,-1.81,-6.86,-4.84,-7.983333333333333,-7.03,-3.8333333333333335,-2.0966666666666667,-3.7266666666666666,-3.0733333333333333,-2.3033333333333332,-3.953333333333333
2024-06-07,-1.3333333333333333,-3.32,-2.703333333333333,-3.3766666666666665,-1.6966666666666668,-1.6099999999999999,-5.546666666666667,,-5.08,-7.443333333333333,-4.1433333333333335,-5.533333333333333,-6.783333333333333,-4.02,-7.486666666666666,-7.473333333333334,,-4.54,-7.053333333333334,-4.433333333333334,,-3.8266666666666667,-2.87,,-3.43,-6.493333333333333,,-2.046666666666667,-7.283333333333333,-1.3133333333333335,-7.243333333333333,-1.7566666666666668,-6.803333333333334,-7.223333333333334,-3.35,-7.953333333333333,-6.503333333333333,,,-7.38,-2.6833333333333336,-7.913333333333333,-5.923333333333334,-5.193333333333333,-7.18,-1.1166666666666667,-3.9166666666666665,-7.306666666666667,,-3.7466666666666666,-2.5966666666666667,-6.806666666666667,-1.7133333333333334,-6.41,-1.0666666666666667,-7.056666666666667,-7.753333333333333,-2.0,-1.2533333333333334,-6.833333333333333,-4.17,-2.1733333333333333,-5.123333333333333,-2.8566666666666665,,-7.19,-6.996666666666667,-1.4366666666666665,-4.4,-7.453333333333333,,-7.72,,,-1.1266666666666667,-2.22,-4.966666666666667,-2.96,-5.91,,-5.98,-1.37,-7.043333333333333,,-7.073333333333333,-2.05,,-7.883333333333333,-5.676666666666667,-6.01,-4.113333333333333,-1.95,-7.843333333333334,-6.206666666666667,-7.8133333333333335,-7.296666666666667,-7.216666666666667,-3.9633333333333334,-6.49,-7.13,-1.9833333333333334,-7.926666666666667,-7.973333333333334,,-1.9766666666666666,-4.036666666666667,-1.8866666666666667,-3.1333333333333333,-7.023333333333333,-4.233333333333333,-7.763333333333334,-3.1533333333333333,-1.8900000000000001,-4.47,,,-5.733333333333333,-3.4566666666666666,,-1.6633333333333333,-4.666666666666667,,-1.83,,,-7.496666666666667,-1.33,-7.246666666666667,-3.7766666666666664,-4.653333333333333,-1.56,,-6.3533333333333335,-6.3,-7.586666666666667,-7.183333333333334,,-2.8933333333333335,-1.9033333333333333,-2.3466666666666667,-4.743333333333333,-1.06,-3.836666666666667,,-5.276666666666666,-5.786666666666667,-1.1566666666666667,-4.623333333333333,-2.2866666666666666,-3.1033333333333335,,-3.8666666666666667,,-5.9399999999999995,-5.226666666666667,-7.2,-4.483333333333333,,-1.0066666666666666,-6.36,-3.2666666666666666,-7.93,-2.5566666666666666,-5.39,,-6.446666666666666,-3.7800000000000002,-7.796666666666667,-6.693333333333333,-7.12,-7.71,-5.213333333333333,,-4.933333333333334,-7.77,,-7.026666666666666,-2.4266666666666667,-7.92,-7.75,-4.79,-1.0833333333333333,-6.906666666666666,-2.88,,,-1.27,,,-5.876666666666667,-7.48,-2.3866666666666667,,,,-5.086666666666667,-5.86,-6.706666666666667,-5.403333333333333,-7.82,-5.85,-2.5833333333333335,,-1.8233333333333333,-7.203333333333333,-5.26,,,-3.413333333333333,-1.7266666666666666,-2.3933333333333335,,,,-5.15,-5.516666666666667,-1.7166666666666668,-3.16,,-4.523333333333333,,,-2.336666666666667,-6.31,-1.76,-2.5,-7.566666666666666,-6.28,-2.11,,,,-7.25,,-7.323333333333333,-6.1466666666666665,-1.5899999999999999,-1.6866666666666665,-7.373333333333333,-4.946666666666666,-7.73,-4.21,,,-1.29,-3.3033333333333332,-1.23,,-1.5133333333333332,-7.196666666666666,-7.3566666666666665,,-7.863333333333333,-5.52,-5.256666666666667,-6.6,,-1.9,-1.6566666666666667,-5.793333333333333,-5.64,-1.6733333333333333,,-7.366666666666666,-7.1,-1.0033333333333334,-7.816666666666666,-5.04,-3.55,-4.8966666666666665,-7.14,,-1.1633333333333333,-1.9866666666666668,-7.84,-6.0633333333333335,-5.176666666666667,-7.033333333333333,-7.236666666666666,-1.9433333333333334,,-3.0166666666666666,-1.99,-6.096666666666667,-7.993333333333333,-7.013333333333334,-4.68,-3.0933333333333333,-7.9366666666666665,-2.8,-7.846666666666667,-1.81,-7.97,-7.03,-5.636666666666667,-3.0766666666666667,-7.416666666666667,-1.07,-3.1366666666666667,-2.9566666666666666
2024-06-11,-3.4033333333333333,-7.3966666666666665,-3.68,-3.4233333333333333,-6.736666666666666,-3.5966666666666667,-4.583333333333333,,-4.25,-6.5600000000000005,-6.173333333333334,-7.636666666666667,-7.826666666666666,-5.016666666666667,-7.02,-6.566666666666666,,-4.3566666666666665,-7.06,-4.4366666666666665,,-2.8466666666666667,-1.8933333333333333,,-2.32,-7.463333333333333,,-1.0266666666666666,-1.3333333333333333,-2.3733333333333335,-7.253333333333333,-1.8633333333333333,-5.743333333333333,-6.206666666666667,-4.413333333333333,-4.96,-1.6533333333333333,,,-5.36,-3.703333333333333,-6.946666666666666,-5.9,-6.16,-7.176666666666667,-1.15,-1.94,-5.35,-4.45,-3.7133333333333334,-1.5533333333333332,-5.756666666666667,-1.7733333333333334,-6.37,-1.0766666666666667,-7.066666666666666,-7.78,-2.0,-7.3133333333333335,-5.83,-3.13,-4.123333333333333,-6.08,-4.793333333333333,,-6.276666666666666,-6.996666666666667,-1.5033333333333334,-4.47,-7.656666666666666,,-6.41,,,-2.0966666666666667,-7.163333333333333,-2.9699999999999998,-1.8599999999999999,-6.913333333333333,,-4.956666666666667,-1.3900000000000001,-6.05,,-2.09,-3.0633333333333335,,-6.876666666666667,-5.136666666666667,-1.0066666666666666,-1.1566666666666667,-4.943333333333333,-4.85,-7.1866666666666665,-7.8133333333333335,-5.273333333333333,-6.1433333333333335,-7.8966666666666665,-7.416666666666667,-7.196666666666666,-1.9733333333333334,-7.033333333333333,-5.99,-7.246666666666667,-1.9766666666666666,-4.036666666666667,-2.92,-4.053333333333334,-6.056666666666667,-7.18,-7.516666666666667,-1.1933333333333334,-2.953333333333333,-3.5233333333333334,,,-6.77,-1.4933333333333334,,-2.6766666666666667,-5.663333333333333,,-3.836666666666667,,,-5.513333333333334,-3.46,-7.23,-4.783333333333333,-1.6866666666666665,-4.6033333333333335,,-6.34,-7.266666666666667,-7.533333333333333,-7.226666666666667,-6.67,-4.866666666666667,-1.8866666666666667,-1.4733333333333334,-7.76,-2.1066666666666665,-2.8233333333333333,,-7.31,-2.5733333333333333,-1.2366666666666666,-5.673333333333334,-1.4266666666666667,-7.14,,-3.87,,-4.923333333333334,-1.1666666666666667,-5.306666666666667,-7.49,,-1.0033333333333334,-5.326666666666666,-3.3033333333333332,-6.9366666666666665,-4.433333333333334,-5.496666666666667,,-7.51,-2.88,-7.816666666666666,-4.766666666666667,-7.133333333333334,-7.65,-3.223333333333333,,-4.933333333333334,-7.806666666666667,,-7.023333333333333,-2.4766666666666666,-7.926666666666667,-7.696666666666666,-7.8100000000000005,-3.086666666666667,-7.906666666666666,-7.903333333333333,,,-2.3433333333333333,,,-5.796666666666667,-6.53,-1.5066666666666668,,,,-6.083333333333333,-6.883333333333333,-7.576666666666666,-4.366666666666666,-7.8566666666666665,-5.91,-1.6166666666666667,,-1.8733333333333333,-7.213333333333333,-7.286666666666667,,,-7.456666666666667,-2.8033333333333332,-2.453333333333333,,-4.72,,-7.126666666666667,-6.54,-1.7533333333333334,-4.153333333333333,-3.4066666666666667,-2.546666666666667,,,-1.3233333333333333,-7.26,-2.79,-3.5266666666666664,-7.586666666666667,-3.263333333333333,-7.183333333333334,,,,-5.28,,-5.296666666666667,-4.203333333333333,-2.63,-2.7066666666666666,-6.38,-3.9633333333333334,-6.74,-5.24,,,-2.3166666666666664,-4.376666666666667,-1.2166666666666668,,-1.52,-7.19,-5.48,,-7.8533333333333335,-6.443333333333333,-4.283333333333333,-7.536666666666667,,-1.8900000000000001,-1.7166666666666668,-4.82,-4.6899999999999995,-1.6600000000000001,,-7.386666666666667,-7.1466666666666665,-1.01,-7.776666666666666,-1.0466666666666666,-4.4,-3.95,-7.1,,-1.0933333333333333,-1.9866666666666668,-7.843333333333334,-7.073333333333333,-4.2,-6.043333333333333,-6.17,-1.9300000000000002,,-1.03,-1.98,-6.07,-7.993333333333333,-7.013333333333334,-5.256666666666667,-5.116666666666666,-5.84,-3.8333333333333335,-6.763333333333334,-2.8,-7.983333333333333,-7.04,-1.21,-1.11,-7.43,-2.1133333333333333,-7.1033333333333335,-1.9666666666666668
2024-06-12,-7.466666666666667,-7.433333333333334,-4.726666666666667,-4.446666666666666,-7.78,-2.6666666666666665,-5.616666666666667,,-1.6733333333333333,-5.6433333333333335,-4.233333333333333,-7.773333333333333,-7.823333333333333,-2.0166666666666666,-5.02,-7.62,,-7.316666666666666,-6.066666666666666,-2.3766666666666665,,-1.8566666666666667,-2.9,,-7.256666666666667,-6.57,,-1.0333333333333334,-2.4,-3.37,-7.31,-1.9133333333333333,-1.44,-4.236666666666666,-3.6466666666666665,-7.96,-5.746666666666667,,,-1.2966666666666666,-2.716666666666667,-4.946666666666666,-6.873333333333333,-6.1466666666666665,-7.183333333333334,-1.13,-1.95,-3.2666666666666666,-3.43,-1.7666666666666666,-1.4633333333333334,-5.723333333333334,-2.82,-6.32,-1.06,-6.08,-5.79,-4.0,-7.34,-6.833333333333333,-3.1233333333333335,-5.116666666666666,-7.07,-1.83,,-7.426666666666667,-4.993333333333333,-1.47,-6.416666666666667,-7.73,,,,,-3.22,-6.11,-4.976666666666667,-1.3466666666666667,-3.9433333333333334,,-4.8933333333333335,-1.3933333333333333,-4.056666666666667,,-3.1066666666666665,-4.0633333333333335,,-5.8533333333333335,-7.053333333333334,-1.0066666666666666,-2.24,-5.963333333333333,-7.86,-7.19,-7.836666666666667,-1.2433333333333334,-7.113333333333333,-1.35,-7.42,-6.273333333333333,-1.9533333333333334,-7.023333333333333,-6.99,-7.613333333333333,-1.9333333333333333,-2.0366666666666666,-1.92,-6.03,-5.153333333333333,-1.1333333333333333,-7.3966666666666665,-1.2166666666666668,-6.973333333333334,-3.533333333333333,,,-2.8,-1.5,,-1.6633333333333333,-1.6400000000000001,,-1.8633333333333333,-1.46,,-1.48,-1.6766666666666667,-7.196666666666666,-5.803333333333334,-7.67,-5.593333333333334,,-5.383333333333334,-7.276666666666666,-4.543333333333333,-6.27,-6.706666666666667,-4.703333333333333,-1.8766666666666667,-1.5733333333333333,-7.75,-3.2066666666666666,-4.806666666666667,,-5.363333333333333,-6.25,-1.2,-6.51,-1.5266666666666666,-6.203333333333333,,-6.87,-6.306666666666667,-3.736666666666667,-1.1400000000000001,-7.41,-6.7,,-1.0033333333333334,-4.406666666666666,-2.2866666666666666,-5.956666666666667,-7.3566666666666665,-5.52,,-7.556666666666667,-1.8966666666666665,-6.843333333333334,-7.826666666666666,-7.15,-5.546666666666667,-2.26,,-7.926666666666667,-7.846666666666667,,-7.026666666666666,-1.54,-7.173333333333334,-7.53,-7.85,-2.1033333333333335,-7.89,-6.916666666666667,,,-3.413333333333333,,,-6.303333333333334,-7.5633333333333335,-2.58,,,,-7.083333333333333,-7.88,-7.6066666666666665,-2.36,-6.91,-3.93,-1.6800000000000002,,-1.9233333333333333,-7.223333333333334,-7.323333333333333,,,-7.453333333333333,-2.9066666666666667,-3.49,,-5.66,,-6.12,-7.516666666666667,-1.7533333333333334,-1.1266666666666667,-2.4433333333333334,-7.553333333333334,,,-1.3900000000000001,-7.21,-4.816666666666666,-5.503333333333333,-7.576666666666666,-5.226666666666667,-6.18,,,-7.6033333333333335,-7.333333333333333,,-1.3133333333333335,-3.3,-6.653333333333333,-1.74,-1.3866666666666667,-2.8833333333333333,-7.733333333333333,-7.246666666666667,,,-3.3266666666666667,-1.4766666666666666,-2.16,,-1.55,-4.176666666666667,-5.5600000000000005,,-7.45,-4.536666666666667,-2.4233333333333333,-4.493333333333333,,-2.81,-1.7566666666666668,-3.84,-3.7199999999999998,-1.6099999999999999,,-7.373333333333333,-7.193333333333333,-1.01,-6.886666666666667,-2.05,-5.343333333333334,-4.966666666666667,-6.086666666666667,,-1.0933333333333333,-1.9833333333333334,-7.743333333333333,-4.076666666666666,-3.1866666666666665,-6.046666666666667,-5.136666666666667,-1.9366666666666665,,-2.0433333333333334,-1.98,-4.073333333333333,-7.996666666666667,-7.013333333333334,-3.2133333333333334,-7.17,-4.29,-4.903333333333333,-5.65,-1.7966666666666666,-7.986666666666666,-5.04,-1.1,-1.1566666666666667,-7.696666666666666,-3.1666666666666665,-7.096666666666667,-1.97
2024-06-13,-7.53,-6.4366666666666665,-5.796666666666667,-2.486666666666667,-7.773333333333333,-6.693333333333333,-4.6466666666666665,,-1.44,-4.516666666666667,-6.243333333333333,-7.786666666666667,-7.483333333333333,-5.023333333333333,-5.016666666666667,-6.7,,-6.253333333333333,-5.08,-3.34,,-1.9,-2.8966666666666665,,-7.196666666666666,-6.726666666666667,,-1.0366666666666666,-3.41,-4.373333333333333,-4.47,-2.9066666666666667,-4.326666666666666,-2.223333333333333,-6.77,-7.89,-3.82,,-5.46,-5.276666666666666,-5.5633333333333335,-3.9466666666666668,-7.846666666666667,-7.17,-1.1933333333333334,-1.13,-1.9566666666666666,-1.28,-2.4266666666666667,,-3.4566666666666666,-4.74,-5.836666666666667,-7.27,-2.06,-1.1133333333333333,-4.51,-2.0,-7.36,-7.733333333333333,-1.1533333333333333,-6.1033333333333335,-7.056666666666667,-2.8333333333333335,-3.4433333333333334,-1.6966666666666668,-3.993333333333333,-1.3233333333333333,-6.363333333333333,-7.656666666666666,-1.2066666666666666,,-1.8433333333333333,-7.083333333333333,-4.823333333333333,-5.1,-5.983333333333333,-3.24,-1.94,,-2.32,-2.4466666666666668,-6.09,,-6.173333333333334,-7.07,,-4.886666666666667,-1.0266666666666666,-1.01,-3.7766666666666664,-1.96,-6.85,-1.2566666666666666,-6.84,-1.26,-7.166666666666667,-2.1433333333333335,-7.296666666666667,-7.763333333333334,-2.91,-5.02,-4.99,-7.87,-1.1400000000000001,-1.0433333333333334,-4.95,-7.033333333333333,-4.753333333333333,-3.16,-7.3566666666666665,-1.2266666666666666,-7.976666666666667,-1.5566666666666666,,,-1.8266666666666667,-1.5266666666666666,,-2.64,-2.506666666666667,,-1.8666666666666667,-2.5,,-4.466666666666667,-4.553333333333334,-7.176666666666667,-6.83,-6.546666666666667,-2.6133333333333333,,-6.216666666666667,-6.293333333333333,-3.4966666666666666,-6.3133333333333335,-7.723333333333334,-6.18,-1.8766666666666667,-2.5233333333333334,-6.683333333333334,-4.386666666666667,-6.76,,-7.31,-7.183333333333334,-1.1066666666666667,-6.376666666666667,-1.56,-5.246666666666667,,-7.86,-7.273333333333333,-2.0533333333333332,-1.1566666666666667,-6.766666666666667,-7.6899999999999995,,-3.0033333333333334,-6.283333333333333,-5.306666666666667,-4.953333333333333,-6.29,-7.67,,-7.6033333333333335,-1.8833333333333333,-3.873333333333333,-7.713333333333333,-7.1866666666666665,-6.42,-2.3833333333333333,,-6.933333333333334,-6.863333333333333,,-7.03,-1.6366666666666667,-7.046666666666667,-6.433333333333334,-7.88,-4.15,-6.8933333333333335,-5.916666666666667,,,-4.463333333333333,,,-3.2666666666666666,-6.633333333333333,-1.6099999999999999,,,,-7.093333333333334,-7.803333333333334,-7.75,-3.4233333333333333,-4.903333333333333,-3.9366666666666665,-1.6800000000000002,,-1.92,-6.236666666666666,-7.33,,,-5.55,-4.926666666666667,-7.58,,-6.586666666666667,,-5.116666666666666,-7.513333333333334,-1.7433333333333332,-7.1466666666666665,-4.566666666666666,-7.59,,,-3.413333333333333,-7.233333333333333,-5.806666666666667,-6.62,-7.593333333333334,-7.213333333333333,-5.19,,,-7.57,-7.366666666666666,,-1.35,-2.453333333333333,-7.63,-7.72,-1.43,-1.22,-7.676666666666667,-1.25,,,-5.346666666666667,-3.5766666666666667,-1.1633333333333333,,-3.493333333333333,-3.2,-3.73,,-7.203333333333333,-1.7066666666666666,-1.3533333333333333,-4.533333333333333,,-3.2866666666666666,-1.78,-2.8533333333333335,-1.7466666666666666,-1.5733333333333333,,-7.333333333333333,-6.303333333333334,-2.013333333333333,-7.93,-3.05,-6.316666666666666,-2.9733333333333336,-7.066666666666666,-2.663333333333333,-1.0866666666666667,-2.98,-7.336666666666667,-5.076666666666666,-2.21,-4.0633333333333335,-5.12,-1.97,,-1.0733333333333333,-1.9666666666666668,-2.11,-7.986666666666666,-7.006666666666667,-2.5033333333333334,-7.263333333333334,-3.1366666666666667,-7.913333333333333,-4.473333333333334,-2.8133333333333335,-7.996666666666667,-3.04,-2.0966666666666667,-4.3,-6.8566666666666665,-4.37,-5.126666666666667,-1.9633333333333334
2024-06-14,-7.37,-5.406666666666666,-6.863333333333333,-4.456666666666667,-5.703333333333333,-4.626666666666667,-7.65,,-1.6966666666666668,-3.546666666666667,-3.2933333333333334,-7.723333333333334,-5.216666666666667,-7.026666666666666,-7.02,-4.75,,-5.263333333333334,-4.076666666666666,-5.32,,-7.933333333333334,-2.7199999999999998,,-6.183333333333334,-4.64,,-3.0366666666666666,-2.39,-7.343333333333334,-2.743333333333333,-3.9166666666666665,-4.273333333333333,-1.3766666666666667,-7.753333333333333,-3.0433333333333334,-5.783333333333333,,-4.473333333333334,-7.243333333333333,-7.426666666666667,-4.953333333333333,-7.62,-6.18,-1.25,-1.13,-1.9633333333333334,-1.3133333333333335,-1.4433333333333334,,-3.5633333333333335,,-4.82,-6.24,-1.07,-2.1566666666666667,-2.296666666666667,-7.996666666666667,-7.36,-5.486666666666666,-1.2033333333333334,-7.113333333333333,-7.0633333333333335,-3.89,-2.43,-1.7966666666666666,-7.993333333333333,-1.15,-7.316666666666666,-6.583333333333333,-1.2366666666666666,,-7.84,-7.096666666666667,-5.87,-4.1,-6.986666666666666,-5.233333333333333,-1.96,-1.7733333333333334,-1.1400000000000001,-4.433333333333334,-5.453333333333333,,-6.19,-6.12,,-3.91,-2.0166666666666666,-2.01,-4.9,-3.466666666666667,-1.8666666666666667,-1.33,-5.85,-3.3033333333333332,-7.173333333333334,-3.1066666666666665,-7.223333333333334,-4.903333333333333,-3.3566666666666665,-7.023333333333333,-5.99,-7.876666666666667,-1.0566666666666666,-1.0533333333333332,-5.966666666666667,-7.03,-7.8533333333333335,-5.1433333333333335,-7.3966666666666665,-5.2,-7.98,-3.4966666666666666,,,-1.8066666666666666,-1.5233333333333334,,-2.5566666666666666,-2.4466666666666668,,-3.8266666666666667,-3.48,,-3.5366666666666666,-1.4033333333333333,-7.196666666666666,-7.8,-4.416666666666667,-3.586666666666667,,-7.126666666666667,-4.336666666666667,-1.54,-7.3533333333333335,-4.683333333333334,-6.09,-2.7800000000000002,-2.4366666666666665,-7.846666666666667,-5.6466666666666665,-7.3933333333333335,,-7.3,-6.166666666666667,-1.0866666666666667,-3.3066666666666666,-1.5133333333333332,-4.283333333333333,,-5.8133333333333335,-7.256666666666667,-1.05,-1.1466666666666667,-7.8566666666666665,-1.6,,-6.003333333333333,-7.213333333333333,-4.34,-6.956666666666667,-5.286666666666667,-7.71,-7.17,-7.573333333333333,-1.7466666666666666,-3.8333333333333335,-3.6933333333333334,-7.27,-5.38,-5.676666666666667,-7.133333333333334,-6.8933333333333335,-7.83,,-7.033333333333333,-3.79,-7.046666666666667,-3.3333333333333335,-7.823333333333333,-2.1766666666666667,-7.766666666666667,-7.883333333333333,,,-3.3833333333333333,,,-1.2533333333333334,-3.68,-1.6566666666666667,,,,,-7.42,-7.86,-4.57,-1.9066666666666667,-7.913333333333333,-3.6333333333333333,,-1.9366666666666665,-5.276666666666666,-4.363333333333333,,,-4.763333333333334,-5.926666666666667,-6.51,,-7.533333333333333,,-4.136666666666667,-4.52,-2.5266666666666664,-7.163333333333333,-6.653333333333333,-6.616666666666667,,,-2.413333333333333,-6.31,-4.67,-7.76,-3.5533333333333332,-6.29,-5.206666666666667,,,-5.506666666666667,-6.45,,-1.4233333333333333,-1.6433333333333333,-7.55,-7.6066666666666665,-2.5966666666666667,-1.08,-6.543333333333333,-1.23,,,-6.373333333333333,-7.576666666666666,-1.2266666666666666,,-5.35,-2.2466666666666666,-3.81,,-6.083333333333333,-3.7333333333333334,-1.3266666666666667,-5.7,,-1.1533333333333333,-2.736666666666667,-1.8033333333333332,-1.7133333333333334,-1.46,,-6.323333333333333,-7.873333333333333,-2.013333333333333,-6.946666666666666,-5.06,-7.366666666666666,-1.9766666666666666,-7.066666666666666,-1.7866666666666666,-1.16,-4.973333333333334,-5.26,-6.093333333333334,-3.2666666666666666,-3.1033333333333335,-2.11,-1.97,,-4.193333333333333,-3.88,-7.28,-7.983333333333333,-7.006666666666667,-2.9233333333333333,-7.21,-1.95,-7.92,-3.3866666666666667,-5.77,-8.0,-2.04,-2.1166666666666667,-2.8433333333333333,-7.8966666666666665,-5.836666666666667,-4.1866666666666665,-1.9433333333333334
2024-06-17,-7.29,-3.37,-7.8566666666666665,-7.433333333333334,-4.6033333333333335,-7.5600000000000005,-5.65,,-1.6266666666666667,-2.6066666666666665,-6.293333333333333,-1.6733333333333333,-3.1566666666666667,-3.0233333333333334,-5.016666666666667,-7.763333333333334,,-6.28,-3.08,-5.26,,-6.9366666666666665,-2.3866666666666667,-2.6666666666666665,-7.21,-3.5833333333333335,,-6.04,-5.3566666666666665,-5.31,-4.803333333333334,-1.8633333333333333,-1.2133333333333334,-6.736666666666666,-7.743333333333333,-2.033333333333333,-7.62,,-1.5533333333333332,-2.2066666666666666,-6.373333333333333,-3.93,-3.3766666666666665,-1.34,-2.2666666666666666,-4.133333333333334,-7.953333333333333,-1.6966666666666668,-1.4166666666666667,,-1.71,,-4.793333333333333,-7.183333333333334,-2.086666666666667,-1.1433333333333333,-1.2166666666666668,-6.993333333333333,-1.3366666666666667,-7.323333333333333,-1.23,-5.123333333333333,-7.07,-4.96,-1.4233333333333333,-2.7733333333333334,-6.996666666666667,-1.0966666666666667,-7.236666666666666,-7.49,-3.5966666666666667,,-6.786666666666667,-6.13,-3.87,-3.1,-6.99,-3.43,-1.9733333333333334,-1.7466666666666666,-1.16,-6.41,-1.8933333333333333,,-7.203333333333333,-7.3,,-2.92,-3.006666666666667,-1.03,-4.9399999999999995,-4.136666666666667,-1.8666666666666667,-3.3833333333333333,-4.873333333333333,-4.4,-7.14,-4.18,-6.163333333333333,,-4.78,-7.02,-3.966666666666667,-7.88,-1.0533333333333332,-1.0566666666666666,-6.97,-4.026666666666666,-6.886666666666667,-7.12,-7.47,-7.19,-6.976666666666667,-4.48,,,-2.75,-1.4766666666666666,,-6.5,-2.39,,-1.76,-3.4466666666666668,,-2.623333333333333,-1.38,-7.246666666666667,-7.753333333333333,-4.33,-4.566666666666666,,-7.1033333333333335,-3.453333333333333,-1.7066666666666666,-6.403333333333333,-3.66,-1.0833333333333333,-1.81,-5.346666666666667,-7.876666666666667,-6.716666666666667,-1.2866666666666666,,-5.283333333333333,-5.17,-2.0766666666666667,-6.226666666666667,-1.4266666666666667,-3.263333333333333,,-5.82,-7.223333333333334,-1.05,-3.1266666666666665,-6.86,-2.6766666666666667,,-7.003333333333333,-6.233333333333333,-1.3633333333333333,-3.9566666666666666,-4.256666666666667,-7.703333333333333,-7.116666666666666,-7.523333333333333,-1.3066666666666666,-6.766666666666667,-1.58,-7.303333333333334,-2.4433333333333334,-6.843333333333334,-7.15,-4.823333333333333,-7.776666666666666,-1.9133333333333333,-7.036666666666667,-4.816666666666666,-5.046666666666667,-1.3599999999999999,-7.713333333333333,-7.243333333333333,-7.613333333333333,-6.8133333333333335,,,-4.326666666666666,,,-1.1733333333333333,-2.6866666666666665,-1.6566666666666667,-1.6433333333333333,,,,-7.32,-4.836666666666667,-3.7199999999999998,-2.8833333333333333,-7.826666666666666,-1.5766666666666667,,-1.95,-4.276666666666666,-7.3966666666666665,,,-7.806666666666667,-2.9066666666666667,-6.456666666666667,,-7.496666666666667,,-1.1533333333333333,-7.516666666666667,-3.413333333333333,-7.193333333333333,-5.663333333333333,,,,-7.4366666666666665,-7.3933333333333335,-4.57,-7.783333333333333,-1.53,-7.35,-4.273333333333333,,,-4.51,-3.5433333333333334,,-2.506666666666667,-1.5733333333333333,-5.486666666666666,-7.513333333333334,-3.7266666666666666,-1.09,-2.473333333333333,-1.24,,,-7.366666666666666,-7.526666666666666,-1.1966666666666668,,-6.3133333333333335,-1.3166666666666667,-1.7966666666666666,,-5.0633333333333335,-6.73,-4.343333333333334,-3.74,,-2.11,-3.6833333333333336,-1.7,-1.67,-1.42,,-7.296666666666667,-7.923333333333334,-4.013333333333334,-4.943333333333333,-7.066666666666666,,-1.9866666666666668,-7.06,-1.6,-2.27,-1.98,-3.25,-7.093333333333334,-2.22,-2.1066666666666665,-1.1133333333333333,-2.9833333333333334,,-1.85,-2.1466666666666665,-7.89,-4.946666666666666,-7.01,-4.963333333333333,-5.176666666666667,-2.9266666666666667,-7.8966666666666665,-2.8333333333333335,-1.6333333333333333,-7.0,-2.0433333333333334,-3.2,-1.9100000000000001,-4.916666666666667,-6.846666666666667,-4.253333333333333,-1.8533333333333335
2024-06-18,-7.22,-2.34,-7.873333333333333,-1.4166666666666667,-4.576666666666666,-1.5133333333333332,-2.6966666666666668,,-1.3833333333333333,-1.52,-1.3066666666666666,-6.55,-1.1266666666666667,-7.023333333333333,-6.016666666666667,-6.77,,,-3.0733333333333333,-1.2333333333333334,,-1.9233333333333333,-1.25,-1.7533333333333334,-6.253333333333333,-2.466666666666667,,-3.0433333333333334,-6.3533333333333335,-1.2833333333333332,-4.78,-2.87,-2.163333333333333,-5.84,-7.593333333333334,-1.0133333333333334,-7.39,-1.4566666666666666,-1.76,-5.176666666666667,-6.333333333333333,-2.9066666666666667,-3.3033333333333332,-1.7766666666666666,-2.31,-7.136666666666667,-6.926666666666667,-3.8233333333333333,-1.4133333333333333,,-2.75,,-1.7933333333333334,-5.15,-4.1066666666666665,-2.1666666666666665,-2.1566666666666667,-5.99,-1.32,-3.23,-1.2766666666666666,-1.16,-7.086666666666667,-5.96,-1.46,-2.73,-7.996666666666667,-1.09,-3.19,-5.446666666666666,-4.8,,-5.763333333333334,-5.183333333333334,-5.1466666666666665,-2.1166666666666667,-1.9933333333333332,-3.2066666666666666,-1.98,-5.716666666666667,-1.4266666666666667,-5.366666666666666,-1.9366666666666665,,-7.173333333333334,-5.82,,-1.9133333333333333,-4.006666666666667,-5.973333333333334,-4.946666666666666,-7.06,-4.83,-1.35,-3.89,-1.6266666666666667,-6.133333333333334,-5.553333333333334,-5.123333333333333,,-5.91,-6.03,-1.3166666666666667,-7.8100000000000005,-2.046666666666667,-1.07,-1.9633333333333334,-2.02,-7.833333333333333,-2.11,-7.386666666666667,-7.1866666666666665,-7.953333333333333,-7.506666666666667,,,-2.6933333333333334,-1.49,,-3.5266666666666664,-1.3466666666666667,-5.683333333333334,-5.676666666666667,-5.4366666666666665,,-2.756666666666667,-2.3633333333333333,-6.43,-7.703333333333333,-7.273333333333333,-4.64,,-7.096666666666667,-2.6166666666666667,-7.746666666666667,-5.433333333333334,-1.65,-2.08,-1.8366666666666667,-5.293333333333333,-7.8933333333333335,-7.463333333333333,-2.216666666666667,,-1.2966666666666666,-7.196666666666666,-3.0766666666666667,-7.1433333333333335,-1.37,-2.2466666666666666,,-7.85,-6.2,-1.0333333333333334,-1.12,-6.876666666666667,-3.67,,-7.003333333333333,-5.223333333333334,-2.42,-7.95,-3.26,-6.6866666666666665,-7.093333333333334,-7.496666666666667,-4.193333333333333,-7.5,-2.41,-6.33,-1.5666666666666667,-7.8966666666666665,-6.18,-6.666666666666667,-7.706666666666667,-2.8866666666666667,-7.036666666666667,-5.8533333333333335,-7.05,-1.4433333333333334,-6.403333333333333,-7.256666666666667,-6.493333333333333,-7.6433333333333335,,,-7.29,,,-1.1533333333333333,-1.7366666666666668,-1.7,-1.7333333333333334,,,,-7.213333333333333,,-4.79,-4.786666666666667,-7.44,-1.5366666666666666,,-2.9566666666666666,-4.286666666666667,-2.4699999999999998,,,-4.826666666666666,-5.86,-4.453333333333333,,-7.503333333333333,,-2.21,-6.5633333333333335,-3.38,-7.27,-7.713333333333333,,,,,-6.726666666666667,-3.7233333333333336,,-1.5466666666666666,,-2.57,,,-1.6233333333333333,-2.71,-4.92,-3.6066666666666665,-1.4066666666666667,-6.48,-6.53,-4.783333333333333,-1.74,-1.51,-3.263333333333333,,,-7.3933333333333335,-7.476666666666667,-1.2033333333333334,,-2.2666666666666666,-7.4,-2.8166666666666664,,-4.066666666666666,-1.6099999999999999,-2.3233333333333333,-1.7666666666666666,,-1.1400000000000001,-4.66,-5.54,-1.6566666666666667,-1.4233333333333333,,-1.3133333333333335,-6.943333333333333,-6.026666666666666,-3.8833333333333333,-6.083333333333333,,-1.9866666666666668,-7.056666666666667,-1.3766666666666667,-3.3,-1.9766666666666666,-3.24,-7.1033333333333335,-1.17,-1.1,-2.1133333333333333,-4.983333333333333,,-1.97,-6.053333333333334,-4.933333333333334,-3.5166666666666666,-7.01,-5.966666666666667,-3.236666666666667,-4.13,-7.846666666666667,-1.9166666666666665,-2.4833333333333334,-4.0,-7.04,-7.3566666666666665,-1.9300000000000002,-4.903333333333333,-7.863333333333333,-2.3266666666666667,-1.8066666666666666
2024-06-19,-6.206666666666667,-2.33,-7.886666666666667,,-1.5699999999999998,-3.5,-1.7033333333333334,,-2.3166666666666664,-2.5666666666666664,-1.4033333333333333,-7.523333333333333,-2.1866666666666665,-1.0233333333333334,-7.026666666666666,-6.753333333333333,-4.843333333333334,,-1.08,-1.2766666666666666,,-2.9066666666666667,-2.2333333333333334,-6.746666666666667,-6.243333333333333,-1.3533333333333333,,-7.04,-7.383333333333334,-2.3,-5.696666666666666,-3.873333333333333,-3.1366666666666667,-5.923333333333334,-6.51,-2.01,-7.25,-2.4,-1.78,-7.166666666666667,-7.346666666666667,-6.87,-6.196666666666666,-1.8566666666666667,-4.336666666666667,-6.21,-5.9,-4.86,-1.42,,-3.76,,-3.8,-7.176666666666667,-5.113333333333333,-5.16,-1.1733333333333333,-4.983333333333333,-2.2866666666666666,-5.253333333333333,-1.31,-2.1933333333333334,-7.116666666666666,-5.97,-4.496666666666667,-4.5633333333333335,-7.993333333333333,-2.1033333333333335,-3.18,-3.5166666666666666,-5.836666666666667,,-4.513333333333334,-4.216666666666667,-4.076666666666666,-1.1400000000000001,-2.99,-6.096666666666667,-2.9733333333333336,-7.636666666666667,-5.85,-6.323333333333333,-1.94,,-7.1433333333333335,-7.8533333333333335,,-1.8900000000000001,-5.006666666666667,-6.996666666666667,-5.933333333333334,-1.06,-1.7666666666666666,-2.2800000000000002,-7.913333333333333,-3.7066666666666666,-7.156666666666666,-6.806666666666667,-5.153333333333333,,-7.943333333333333,-7.046666666666667,-4.0633333333333335,-7.556666666666667,-6.033333333333333,-1.09,-2.9466666666666668,-3.0166666666666666,-7.44,-3.11,-5.736666666666666,-7.223333333333334,-7.883333333333333,-6.55,,,-4.54,-1.52,,-7.543333333333333,-2.3766666666666665,-4.61,-5.526666666666666,-3.466666666666667,,-4.77,-3.453333333333333,-5.786666666666667,-7.58,-7.273333333333333,-5.693333333333333,,-7.12,-1.6833333333333333,-6.763333333333334,-6.476666666666667,-4.666666666666667,-3.066666666666667,-3.7766666666666664,-7.306666666666667,-7.8933333333333335,-7.32,-3.2,,-3.41,-7.226666666666667,-4.086666666666667,-7.1466666666666665,-5.35,-1.3033333333333332,,-7.846666666666667,-7.203333333333333,-1.02,-2.1266666666666665,-5.866666666666667,-4.756666666666667,-2.6733333333333333,-7.003333333333333,-3.37,-3.4699999999999998,-2.95,-2.38,-7.623333333333333,-6.1,-7.49,-4.15,-7.3133333333333335,-3.34,-7.296666666666667,-4.726666666666667,-7.92,-5.163333333333333,-5.293333333333333,-5.5600000000000005,-4.88,-7.036666666666667,-7.863333333333333,-6.056666666666667,-2.48,-5.27,-7.266666666666667,-7.416666666666667,-6.3566666666666665,,,-6.29,-1.53,,-1.2366666666666666,-2.73,-1.72,-1.7433333333333332,,,,-7.213333333333333,,-6.823333333333333,-3.4566666666666666,-6.183333333333334,-2.5366666666666666,,-4.96,-1.3433333333333333,-1.6600000000000001,,,-3.84,-1.8033333333333332,-3.4466666666666668,,-7.503333333333333,,-3.3933333333333335,-5.63,-5.423333333333334,-7.43,-7.716666666666667,,,,,-6.783333333333333,-7.79,,-1.5866666666666667,,-1.8133333333333335,,,-4.723333333333334,-4.733333333333333,-7.916666666666667,-4.7,-1.19,-5.506666666666667,-1.5733333333333333,-6.793333333333333,-1.6333333333333333,-1.5333333333333332,-3.3633333333333333,,,-6.4366666666666665,-4.493333333333333,-2.263333333333333,,-1.2566666666666666,-5.486666666666666,-3.82,,-4.07,-2.4433333333333334,-1.4833333333333334,-3.75,,-1.23,-5.656666666666666,-4.463333333333333,-1.6633333333333333,-4.426666666666667,,-1.4066666666666667,-1.9533333333333334,-7.043333333333333,-5.39,-5.123333333333333,,-1.98,-7.073333333333333,-1.17,-5.386666666666667,-3.9633333333333334,-2.2466666666666666,-7.1066666666666665,-1.13,-1.0933333333333333,-3.1333333333333333,-3.986666666666667,,-1.9766666666666666,-6.03,-1.9566666666666666,-1.22,-7.013333333333334,-6.966666666666667,-6.3966666666666665,-5.05,-6.796666666666667,-1.9266666666666667,-7.36,-4.0,-6.053333333333334,-6.413333333333333,-2.9366666666666665,-5.876666666666667,-7.833333333333333,-2.283333333333333,-1.5966666666666667
2024-06-20,-5.27,-1.3133333333333335,-7.863333333333333,,-2.533333333333333,-1.4666666666666668,-2.7233333333333336,,-1.2766666666666666,-1.4166666666666667,-1.4333333333333333,-4.53,-3.2066666666666666,-6.036666666666667,-1.0266666666666666,-5.716666666666667,-6.876666666666667,,-1.0766666666666667,-3.3566666666666665,,-3.81,-3.2466666666666666,-7.736666666666666,-6.213333333333333,-2.3466666666666667,-6.576666666666666,-7.043333333333333,-4.406666666666666,-1.35,-6.37,-7.83,-4.123333333333333,-7.943333333333333,-6.47,-3.01,-3.24,-4.32,-1.8166666666666667,-5.1866666666666665,-7.386666666666667,-4.8966666666666665,-7.173333333333334,-1.9033333333333333,-5.326666666666666,-5.256666666666667,-4.77,-5.873333333333333,-1.3733333333333333,,-4.706666666666667,,-1.7966666666666666,-6.193333333333333,-4.093333333333334,-6.15,-1.23,-3.98,-3.296666666666667,-5.22,-1.2533333333333334,-3.203333333333333,-7.1466666666666665,-7.97,-2.56,-6.376666666666667,-7.99,-3.1133333333333333,-3.17,-4.666666666666667,-6.866666666666667,,-3.3533333333333335,-3.263333333333333,-4.073333333333333,-1.1633333333333333,-3.993333333333333,-7.066666666666666,-1.9733333333333334,-6.593333333333334,-1.9366666666666665,-6.303333333333334,-1.7866666666666666,,-7.126666666666667,-7.43,,-1.8199999999999998,-6.006666666666667,-6.996666666666667,-7.883333333333333,-7.056666666666667,-2.45,-5.21,-2.92,-6.703333333333333,-3.2,-7.566666666666666,-7.18,,-6.966666666666667,-7.166666666666667,-6.04,-6.39,-3.046666666666667,-1.0866666666666667,-3.93,-6.03,-7.19,-1.09,-3.9,-5.283333333333333,-7.836666666666667,-2.6166666666666667,,,-5.4366666666666665,-3.54,,-4.586666666666667,-7.403333333333333,-5.573333333333333,-6.506666666666667,-3.5,,-6.763333333333334,-4.513333333333334,-4.846666666666667,-7.556666666666667,-6.293333333333333,-6.713333333333333,,-7.13,-1.6533333333333333,-5.75,-4.3966666666666665,-7.66,-4.053333333333334,-4.783333333333333,-7.316666666666666,-6.843333333333334,-7.306666666666667,-1.2333333333333334,,-1.6366666666666667,-7.25,-5.1,-6.14,-4.366666666666666,-3.3833333333333333,,-7.886666666666667,-7.226666666666667,-1.0166666666666666,-3.1533333333333333,-3.89,-2.8133333333333335,-5.61,-7.003333333333333,-5.623333333333333,-4.336666666666667,-1.9533333333333334,-1.4833333333333334,-7.473333333333334,-6.1033333333333335,-7.463333333333333,-1.1433333333333333,-6.31,-1.2866666666666666,-7.28,-6.756666666666667,-7.923333333333334,-4.12,-1.26,-4.51,-5.87,-7.033333333333333,-7.86,-5.06,-3.58,-4.3,-7.243333333333333,-7.41,-4.3933333333333335,-7.456666666666667,,-6.36,-2.5433333333333334,,-3.413333333333333,-2.7266666666666666,-1.7733333333333334,,,,,-6.196666666666666,,-7.826666666666666,-3.3633333333333333,-4.116666666666666,-3.5266666666666664,,-4.956666666666667,-2.3333333333333335,-1.7,,,-7.823333333333333,-1.7533333333333334,-1.4766666666666666,,-7.426666666666667,,-4.583333333333333,-7.6433333333333335,-2.5533333333333332,-7.46,-7.71,,,,,-3.7933333333333334,-7.84,,-2.5966666666666667,,-2.88,,,-2.7666666666666666,-4.743333333333333,-7.91,-5.6466666666666665,-1.1333333333333333,-5.516666666666667,-1.67,-7.78,-3.29,-2.57,-5.486666666666666,,,-7.423333333333334,-3.546666666666667,-3.216666666666667,,-1.3433333333333333,-5.4,-4.806666666666667,,-4.07,-3.42,-1.7333333333333334,-1.72,,-1.4433333333333334,-6.663333333333333,-3.52,,-3.493333333333333,,-3.48,-4.946666666666666,-5.05,-5.156666666666666,-4.176666666666667,,-1.9766666666666666,-7.08,-1.16,-7.223333333333334,-1.95,-2.2733333333333334,-7.096666666666667,-1.11,-1.0633333333333332,-4.136666666666667,-1.9833333333333334,,-1.9866666666666668,-7.02,-2.96,-1.9333333333333333,-7.023333333333333,-7.963333333333333,-7.8,-2.013333333333333,-6.776666666666666,-1.94,-7.34,-2.0,-5.083333333333333,-7.323333333333333,-1.9266666666666667,-1.9066666666666667,-7.79,-2.183333333333333,-1.8533333333333335
2024-06-21,-3.3533333333333335,-1.3466666666666667,-7.8533333333333335,,-3.5233333333333334,-1.5,-3.73,-2.41,-2.2800000000000002,-1.3933333333333333,-3.43,-3.6066666666666665,-1.2133333333333334,-6.033333333333333,-2.0233333333333334,-3.63,-5.886666666666667,,-2.07,-7.453333333333333,,-4.33,-2.283333333333333,-1.7066666666666666,-1.1933333333333334,-1.4466666666666668,-6.57,-6.053333333333334,-4.496666666666667,-1.4633333333333334,-7.303333333333334,-7.846666666666667,-5.123333333333333,-4.946666666666666,-5.45,-4.013333333333334,-3.2333333333333334,-7.333333333333333,-1.85,-4.243333333333333,-4.4366666666666665,-7.796666666666667,-7.17,-5.883333333333333,-1.3633333333333333,-7.34,-3.3566666666666665,-7.486666666666666,-1.4,,-4.47,,-1.8166666666666667,-5.25,-3.0766666666666667,-6.166666666666667,-3.2733333333333334,-2.9633333333333334,-5.3,-1.23,-1.2666666666666666,-4.16,-7.15,-7.973333333333334,-1.67,-5.343333333333334,-7.976666666666667,-1.1866666666666668,-1.2,-4.756666666666667,-7.716666666666667,,-2.3766666666666665,-6.176666666666667,-2.066666666666667,-1.1833333333333333,-4.99,-7.046666666666667,-2.98,-7.6033333333333335,-1.94,-7.293333333333333,-1.2166666666666668,,-4.13,-7.1466666666666665,,-1.29,-6.01,-6.996666666666667,-7.38,-6.06,-3.2466666666666666,-2.19,-1.9366666666666665,-7.406666666666666,-1.3166666666666667,-7.113333333333333,-3.2533333333333334,,-7.983333333333333,-7.54,-7.036666666666667,-5.35,-6.05,-4.08,-4.206666666666667,-7.03,-7.1066666666666665,-2.086666666666667,-3.9066666666666667,-7.31,-1.2966666666666666,-5.7,,,,-5.466666666666667,,-1.6833333333333333,-7.476666666666667,-2.66,-7.553333333333334,-6.573333333333333,-2.6733333333333333,-1.76,-5.676666666666667,-3.8633333333333333,-7.543333333333333,,-7.743333333333333,,-7.136666666666667,-2.48,-4.663333333333333,-4.366666666666666,-7.6466666666666665,-5.04,-7.773333333333333,-7.383333333333334,-7.656666666666666,-7.326666666666666,-1.2766666666666666,,-7.583333333333333,-7.18,-6.093333333333334,-2.1566666666666667,-4.416666666666667,-4.513333333333334,-7.49,-6.866666666666667,-7.263333333333334,-1.0166666666666666,-1.26,-3.8433333333333333,-6.87,-2.56,-7.003333333333333,-6.803333333333334,-5.306666666666667,-1.95,-2.7933333333333334,-7.403333333333333,-7.083333333333333,-4.46,-2.1433333333333335,-6.36,-2.24,-7.286666666666667,-1.79,-7.9,-3.11,-1.2033333333333334,-1.5466666666666666,-4.88,-7.02,,-7.09,-3.58,-3.3733333333333335,-2.22,-7.386666666666667,-7.516666666666667,-7.423333333333334,,-4.433333333333334,-6.576666666666666,,-1.9100000000000001,,-4.806666666666667,,,,,-4.21,,-7.823333333333333,-7.443333333333333,-3.1166666666666667,-3.52,,-6.953333333333333,-3.37,-5.71,,,-7.826666666666666,-1.7666666666666666,-2.5366666666666666,,-7.42,,-4.736666666666666,-6.653333333333333,-1.7466666666666666,-7.51,-1.62,,,,,-1.83,-7.873333333333333,,-1.6166666666666667,,-2.92,,,-1.8199999999999998,-2.75,-3.9033333333333333,-6.493333333333333,-2.1266666666666665,-3.586666666666667,-1.78,,-7.163333333333333,-1.6433333333333333,-6.5633333333333335,,,-4.456666666666667,-1.7333333333333334,-1.2566666666666666,,-7.483333333333333,-4.39,-3.836666666666667,,-7.0633333333333335,-4.506666666666667,-1.8133333333333335,-1.65,,-3.8333333333333335,-7.726666666666667,,,-1.55,,-3.6666666666666665,-1.9333333333333333,-7.073333333333333,-5.096666666666667,-6.32,,-2.9566666666666666,-7.1033333333333335,-1.1966666666666668,-6.173333333333334,-1.9433333333333334,-6.223333333333334,-7.1,-1.12,-1.0566666666666666,-5.133333333333334,-2.986666666666667,,-3.993333333333333,-7.026666666666666,-1.96,-1.9666666666666668,-7.043333333333333,-6.97,-2.9166666666666665,-1.0066666666666666,-1.7133333333333334,-1.9300000000000002,-7.3966666666666665,-3.0,-2.84,-7.226666666666667,-1.8933333333333333,-1.9233333333333333,-7.783333333333333,-1.1533333333333333,-4.89
2024-06-24,-1.4166666666666667,-1.3733333333333333,-7.766666666666667,,-4.54,-6.59,-4.6866666666666665,-2.4433333333333334,-2.39,-3.4333333333333336,-3.4366666666666665,,-1.22,-4.043333333333333,-2.0233333333333334,-7.573333333333333,-7.88,,-1.0533333333333332,-7.52,,-5.1866666666666665,-5.33,-7.576666666666666,-1.1966666666666668,-1.5433333333333334,-7.5,-4.06,-5.533333333333333,-1.71,-7.273333333333333,-7.57,-7.15,-7.946666666666666,-2.4766666666666666,-5.013333333333334,-4.25,-7.35,-1.8766666666666667,-5.3133333333333335,-7.513333333333334,-7.216666666666667,-7.163333333333333,-1.8399999999999999,-5.36,-7.41,-5.256666666666667,-7.286666666666667,-1.42,,-7.406666666666666,,-2.8133333333333335,-7.31,-3.0766666666666667,-1.1933333333333334,-4.32,-1.8900000000000001,-6.296666666666667,-2.2466666666666666,-2.2266666666666666,-5.136666666666667,-6.156666666666666,-7.97,-1.6166666666666667,-7.316666666666666,-4.933333333333334,-1.2533333333333334,-3.23,-2.8166666666666664,-7.37,,,-2.1333333333333333,-7.086666666666667,-1.1766666666666667,-5.98,-7.03,-3.9733333333333336,-6.68,-3.93,-7.293333333333333,-5.1066666666666665,,-4.1466666666666665,-7.11,,-1.18,-7.026666666666666,-7.996666666666667,-7.173333333333334,-5.096666666666667,-3.2800000000000002,-6.19,-1.9366666666666665,-7.283333333333333,-2.2333333333333334,-7.0633333333333335,-6.34,,-6.99,-6.793333333333333,-7.033333333333333,-5.3566666666666665,-3.12,-5.066666666666666,-5.09,-7.02,-6.1,-3.0933333333333333,-1.8566666666666667,-6.323333333333333,-1.2433333333333334,-3.7466666666666666,,,,-4.483333333333333,,-5.726666666666667,-7.583333333333333,-1.8033333333333332,-6.6899999999999995,-7.713333333333333,-1.6433333333333333,-1.6733333333333333,-6.806666666666667,-2.8966666666666665,-7.556666666666667,,-7.776666666666666,,-6.126666666666667,-6.446666666666666,-3.56,-1.3266666666666667,-7.653333333333333,-6.04,-7.49,-7.413333333333333,-7.456666666666667,-7.333333333333333,-2.29,,-5.506666666666667,-1.1833333333333333,-7.123333333333333,-1.2133333333333334,-4.48,-1.5166666666666666,-7.46,-5.886666666666667,-6.3,-1.0166666666666666,-6.3533333333333335,-1.7433333333333332,-7.916666666666667,-3.586666666666667,-7.003333333333333,-4.866666666666667,-6.24,-1.9533333333333334,-1.7566666666666668,-7.383333333333334,-4.08,-3.486666666666667,-1.21,-4.466666666666667,-2.336666666666667,-7.303333333333334,-1.7966666666666666,-6.45,-2.1133333333333333,-2.2,-1.65,-7.91,-5.01,,-4.17,-4.553333333333334,-2.5266666666666664,-1.27,-7.363333333333333,-6.8533333333333335,-6.463333333333333,,-4.51,-6.566666666666666,,-1.96,,-5.873333333333333,,,,,-2.276666666666667,,-7.536666666666667,-7.8100000000000005,-5.14,-7.55,,-3.9566666666666666,-4.3933333333333335,-7.716666666666667,,,-5.76,-1.7,-5.656666666666666,,-7.44,-6.72,-6.773333333333333,-3.6766666666666667,-2.85,-7.453333333333333,-3.4966666666666666,,,,,-2.82,-5.8933333333333335,,-3.6333333333333333,,-4.926666666666667,,,,-5.66,-1.4,-7.426666666666667,-4.13,-1.7233333333333334,-4.83,,-6.07,-2.6966666666666668,-7.6033333333333335,,,-4.503333333333333,-1.8333333333333335,-2.236666666666667,,-7.663333333333333,-3.38,-5.87,,-5.056666666666667,-5.5633333333333335,-1.9,-3.546666666666667,,-4.913333333333333,-7.8,,,-4.61,,-5.78,-3.623333333333333,-5.083333333333333,-1.1033333333333333,-7.366666666666666,,-1.95,-5.166666666666667,-1.26,-5.223333333333334,-3.9033333333333333,-5.206666666666667,-6.116666666666666,-1.0733333333333333,-2.046666666666667,-6.153333333333333,-1.9833333333333334,,-1.9933333333333332,-6.036666666666667,-4.976666666666667,-4.986666666666666,-7.05,-6.966666666666667,-6.906666666666666,-2.006666666666667,-2.75,-1.8466666666666667,-7.423333333333334,-4.0,-2.9633333333333334,-4.16,-2.493333333333333,-1.94,-7.47,-1.1433333333333333,-5.92
2024-06-25,-1.52,-1.4366666666666665,-7.443333333333333,,-5.6,-5.68,-5.676666666666667,-2.51,-1.8666666666666667,-1.54,-5.426666666666667,,-1.24,-2.046666666666667,-6.023333333333333,-7.5600000000000005,-3.7199999999999998,,-1.04,-1.5466666666666666,,-6.133333333333334,-6.333333333333333,-7.543333333333333,-1.2633333333333332,-1.6600000000000001,-5.536666666666667,-1.0833333333333333,-7.62,-1.8833333333333333,-3.2666666666666666,-7.33,-7.176666666666667,-7.533333333333333,-5.496666666666667,-6.026666666666666,-1.2966666666666666,-5.403333333333333,-1.9233333333333333,-7.376666666666667,-6.63,-7.116666666666666,-7.16,-1.5166666666666666,-7.326666666666666,-6.513333333333334,-3.256666666666667,-7.206666666666667,-1.48,,-7.3533333333333335,,-3.7666666666666666,-6.38,-7.09,-4.216666666666667,-3.3733333333333335,-1.08,-7.29,-4.253333333333333,-3.2133333333333334,-7.136666666666667,-6.153333333333333,-7.97,-1.7066666666666666,-7.306666666666667,-3.45,-1.3966666666666667,-6.25,-3.873333333333333,-7.26,,,-1.1266666666666667,-7.096666666666667,-1.17,-7.966666666666667,-5.03,-4.98,-4.786666666666667,-5.773333333333333,-7.32,-6.076666666666666,,-7.163333333333333,-5.1,,-1.1033333333333333,-7.0633333333333335,-5.99,-7.13,-7.113333333333333,-5.28,-7.1866666666666665,-2.953333333333333,-7.226666666666667,-4.22,-7.033333333333333,-1.44,,-7.0,-4.556666666666667,-5.02,-6.3566666666666665,-5.183333333333334,-6.06,-6.036666666666667,-6.01,-6.1066666666666665,-4.093333333333334,-4.343333333333334,-2.3466666666666667,-3.1666666666666665,-7.806666666666667,-6.27,,,-4.523333333333333,,-4.783333333333333,-6.67,-5.86,-7.79,-7.8100000000000005,-2.6866666666666665,-3.5833333333333335,-7.91,-1.9266666666666667,-7.58,,-7.78,,-5.12,-5.47,-4.566666666666666,-3.3133333333333335,-7.71,-6.043333333333333,-7.46,-6.503333333333333,-7.43,-7.286666666666667,-3.35,,-4.6033333333333335,-2.18,-7.243333333333333,-2.276666666666667,-3.6466666666666665,-1.5533333333333332,-7.466666666666667,-4.89,-3.4,-2.0166666666666666,-7.413333333333333,-1.4766666666666666,-7.92,-1.6366666666666667,-6.003333333333333,-7.776666666666666,-7.233333333333333,-1.95,-1.7266666666666666,-7.386666666666667,-1.0866666666666667,-2.5633333333333335,-1.3633333333333333,-6.656666666666666,-2.4566666666666666,-7.34,-1.8166666666666667,-5.2,-1.15,-3.19,-3.7466666666666666,-7.913333333333333,-1.0133333333333334,,-2.236666666666667,-4.596666666666667,-1.8266666666666667,-1.3233333333333333,-5.303333333333334,-7.933333333333334,-7.526666666666666,,-6.64,-4.573333333333333,,-2.9733333333333336,,-2.9166666666666665,,,,,,,-7.406666666666666,-7.8966666666666665,-1.1933333333333334,-7.613333333333333,-7.77,-7.9399999999999995,-3.453333333333333,-7.696666666666666,,,-4.6066666666666665,-3.623333333333333,-7.76,,-7.493333333333333,,-7.753333333333333,-1.7333333333333334,-2.9,-4.446666666666666,-5.506666666666667,,,,,-4.82,-7.903333333333333,,-3.7,,-1.9433333333333334,,,,-7.57,-2.223333333333333,-7.39,-5.156666666666666,-1.8233333333333333,-3.87,,-5.066666666666666,-1.7433333333333332,-7.683333333333334,,,-2.5766666666666667,-1.8866666666666667,-3.203333333333333,,-5.84,-3.3933333333333335,-7.83,,-6.07,-6.616666666666667,-4.93,-5.55,,-2.9366666666666665,-7.8533333333333335,,,-6.666666666666667,,-4.85,-5.196666666666666,-4.11,-1.1233333333333333,-6.383333333333334,,-1.2466666666666666,-2.283333333333333,-1.3666666666666667,-4.31,-4.336666666666667,-6.21,-7.1433333333333335,-1.0533333333333332,-3.0566666666666666,-4.173333333333334,-4.96,,-4.996666666666667,-7.073333333333333,-5.983333333333333,-5.986666666666666,-6.05,-7.946666666666666,-7.906666666666666,-3.006666666666667,-3.61,-1.41,-7.463333333333333,-4.993333333333333,-4.976666666666667,-2.14,-3.2933333333333334,-2.9566666666666666,-7.36,-1.1466666666666667,-5.836666666666667
2024-06-26,-1.6400000000000001,-1.4866666666666668,-6.39,,-6.683333333333334,-7.743333333333333,-6.6866666666666665,-2.5766666666666667,-5.93,-1.7866666666666666,-7.376666666666667,,-7.3133333333333335,-1.0633333333333332,-5.053333333333334,-5.613333333333333,-1.5666666666666667,,-1.04,-1.5566666666666666,,-6.113333333333333,-3.3566666666666665,-5.5600000000000005,-1.3933333333333333,-1.8666666666666667,-4.586666666666667,-1.1066666666666667,-7.6466666666666665,-7.96,-1.3166666666666667,-7.276666666666666,-7.223333333333334,-6.32,-2.48,-7.046666666666667,-1.3433333333333333,-2.473333333333333,-2.9566666666666666,-6.43,-1.7033333333333334,-6.066666666666666,-7.176666666666667,-6.45,-5.35,-5.626666666666667,-2.26,-7.193333333333333,-1.5,,-7.346666666666667,,-2.7199999999999998,-7.446666666666666,-6.08,-6.226666666666667,-1.37,-1.02,-5.336666666666667,-7.286666666666667,-4.216666666666667,-5.153333333333333,-4.173333333333334,-7.983333333333333,-1.8333333333333335,-7.3533333333333335,-7.263333333333334,-1.5366666666666666,-1.3,-7.876666666666667,-7.25,,,-1.1233333333333333,-6.1033333333333335,-1.1866666666666668,-7.53,-2.03,-6.99,-7.863333333333333,-3.413333333333333,-5.38,-7.076666666666666,,-3.2066666666666666,-7.133333333333334,,-2.07,-7.1,-6.246666666666667,-4.126666666666667,-7.1433333333333335,-2.3033333333333332,-7.243333333333333,-2.966666666666667,-7.21,-3.2666666666666666,-7.026666666666666,-1.4933333333333334,,-5.0,-7.27,-7.016666666666667,-3.36,-2.29,-7.06,-7.023333333333333,-5.01,-4.136666666666667,-5.116666666666666,-1.1633333333333333,-1.3733333333333333,-3.0933333333333333,-7.84,-2.256666666666667,,,-7.553333333333334,,-6.823333333333333,,-7.886666666666667,-7.843333333333334,,-7.723333333333334,-4.61,-7.963333333333333,-2.95,-7.6033333333333335,,-7.8100000000000005,,-4.12,-7.466666666666667,-3.6,-1.34,-5.736666666666666,-7.073333333333333,-2.3333333333333335,-5.656666666666666,-4.423333333333334,-7.28,-3.4066666666666667,,-5.616666666666667,-1.2,-7.463333333333333,-3.3666666666666667,-1.8833333333333333,-2.533333333333333,-6.46,-4.816666666666666,-3.4766666666666666,-1.0333333333333334,-7.433333333333334,-5.326666666666666,-7.826666666666666,-2.663333333333333,-5.003333333333333,-7.5633333333333335,-7.253333333333333,-1.9233333333333333,-3.6966666666666668,-5.403333333333333,-1.11,-4.636666666666667,-1.6666666666666665,-7.793333333333333,-5.52,-3.3966666666666665,-1.9133333333333333,-7.15,-7.18,-4.196666666666666,-4.8133333333333335,-6.806666666666667,-1.0133333333333334,,-1.31,-5.58,-1.9166666666666665,-1.4166666666666667,-4.293333333333333,-7.97,,,-2.7066666666666666,-5.6066666666666665,,-2.9966666666666666,,-1.94,,-5.7,,,,,-6.306666666666667,-7.82,-1.2366666666666666,-6.673333333333334,-7.79,-7.516666666666667,-6.503333333333333,-1.7166666666666668,,,-3.623333333333333,-7.55,-6.836666666666667,,-7.51,,-6.6899999999999995,-1.7633333333333332,-2.9466666666666668,-2.41,-6.546666666666667,,,,,-4.59,-6.926666666666667,,-1.7466666666666666,,-4.953333333333333,,,,-1.5733333333333333,-3.1566666666666667,-7.4,-7.17,,-3.92,,-4.056666666666667,-2.783333333333333,-7.74,-7.86,,-1.6333333333333333,-2.89,-2.2133333333333334,,-5.8,-1.42,-7.66,,-4.083333333333333,-7.57,-5.933333333333334,-4.583333333333333,,-7.9366666666666665,-7.8966666666666665,,,-7.693333333333333,,-6.91,-6.19,-7.1466666666666665,-1.1400000000000001,-5.47,,-7.09,-1.49,-1.4366666666666665,-4.33,-5.16,-1.23,-6.183333333333334,-2.0366666666666666,-6.05,-3.203333333333333,-5.506666666666667,,-7.986666666666666,-6.096666666666667,-6.993333333333333,-7.973333333333334,-7.043333333333333,-5.323333333333333,-5.63,-4.006666666666667,-4.513333333333334,-1.2333333333333334,-7.443333333333333,-5.086666666666667,-1.9766666666666666,-7.13,-4.24,-3.87,-7.296666666666667,-1.1666666666666667,-2.3633333333333333
2024-06-27,-1.75,-2.5366666666666666,-7.3533333333333335,,-7.746666666666667,-7.693333333333333,,-2.6333333333333333,-7.9399999999999995,-1.96,-7.366666666666666,,-7.333333333333333,-3.0766666666666667,-5.08,,-3.4966666666666666,,-1.0433333333333334,-2.5566666666666666,,-7.096666666666667,-7.363333333333333,-2.57,-2.4699999999999998,-3.876666666666667,-6.576666666666666,-2.1366666666666667,-1.5966666666666667,-7.966666666666667,-1.37,-7.26,-7.303333333333334,,-2.48,-7.09,-3.38,-3.52,-5.933333333333334,-7.443333333333333,-1.7666666666666666,-7.053333333333334,-7.17,-5.41,-2.36,-6.716666666666667,-1.2966666666666666,-7.29,-2.5300000000000002,,-7.346666666666667,,-2.6866666666666665,-6.456666666666667,-2.07,-5.266666666666667,-2.4066666666666667,-1.0066666666666666,-7.3933333333333335,-7.293333333333333,-5.22,-6.193333333333333,-6.216666666666667,-7.986666666666666,-3.87,-7.423333333333334,-7.23,-2.6466666666666665,-2.3233333333333333,-7.83,-7.256666666666667,,,-1.12,-6.1033333333333335,-1.2066666666666666,-7.236666666666666,-3.033333333333333,-7.996666666666667,-5.8933333333333335,-1.3366666666666667,-5.433333333333334,-7.086666666666667,,-3.2533333333333334,-7.1433333333333335,,-3.0833333333333335,-7.1,-7.066666666666666,-5.123333333333333,-7.15,-2.3766666666666665,-1.33,-2.9699999999999998,-7.1866666666666665,-1.3833333333333333,-7.036666666666667,-1.5633333333333335,,-7.993333333333333,-7.233333333333333,-7.01,-2.35,-1.9266666666666667,-7.0633333333333335,-7.016666666666667,-4.013333333333334,-4.156666666666666,-6.183333333333334,-2.11,-1.42,-5.073333333333333,-1.85,-3.276666666666667,,,-6.616666666666667,,,,-6.866666666666667,-6.8566666666666665,,-6.793333333333333,-7.623333333333333,-7.973333333333334,-1.9633333333333334,-6.613333333333333,,-6.833333333333333,,-4.116666666666666,-6.45,-2.59,-1.3966666666666667,-3.8166666666666664,-7.13,-1.3266666666666667,-1.8599999999999999,-3.49,-6.306666666666667,-5.493333333333333,-3.8133333333333335,-6.64,-2.203333333333333,-7.566666666666666,-4.426666666666667,-2.9433333333333334,-4.473333333333334,-7.453333333333333,-2.6766666666666667,-1.5,-1.0566666666666666,-7.343333333333334,-3.3166666666666664,-7.593333333333334,,-5.003333333333333,-7.43,-7.31,-1.9466666666666668,-1.5866666666666667,-3.4633333333333334,-2.14,-5.67,-7.98,-5.923333333333334,-6.506666666666667,-4.4366666666666665,-4.92,-6.126666666666667,-6.223333333333334,-5.18,-4.836666666666667,-7.6,-3.026666666666667,,-1.34,-7.543333333333333,-1.9300000000000002,-3.5233333333333334,-3.263333333333333,-6.976666666666667,,,-1.78,-3.6533333333333333,,-3.0,,-7.95,,-3.77,,,,,-4.283333333333333,-1.6733333333333333,-1.27,-4.726666666666667,-7.756666666666667,-5.32,-7.546666666666667,-1.8,,,-3.62,-7.51,-4.73,,-7.526666666666666,,-7.666666666666667,-2.7866666666666666,-3.9566666666666666,-2.3566666666666665,-7.6033333333333335,,,,,-4.513333333333334,-5.916666666666667,,-7.763333333333334,,-7.74,,,,-3.55,-4.113333333333333,-7.403333333333333,-7.173333333333334,,-1.9033333333333333,,-3.04,-1.7733333333333334,-7.72,-6.883333333333333,,-1.6966666666666668,-7.776666666666666,-5.19,,-5.683333333333334,-2.3733333333333335,-7.553333333333334,,-5.093333333333334,-7.533333333333333,-6.823333333333333,-7.58,,-7.71,-7.913333333333333,,,-5.703333333333333,,-6.8966666666666665,-7.243333333333333,-7.16,-2.1533333333333333,-3.486666666666667,,-6.06,-1.6600000000000001,-2.56,-1.4133333333333333,-6.133333333333334,-2.2733333333333334,-5.24,-3.03,-7.046666666666667,-5.226666666666667,-6.483333333333333,,-7.286666666666667,-7.166666666666667,-7.99,-6.21,-6.05,-7.1466666666666665,-6.4,-5.023333333333333,-5.44,-2.163333333333333,-7.39,-6.02,-2.4166666666666665,-5.1066666666666665,-5.2,-4.386666666666667,-7.3133333333333335,-2.1766666666666667,-5.246666666666667
2024-06-28,-1.8399999999999999,-1.5833333333333335,-5.416666666666667,,-7.77,-6.68,,-1.7133333333333334,-6.883333333333333,-1.9833333333333334,-7.34,,-3.3633333333333333,-5.093333333333334,-6.04,,-4.446666666666666,,-1.0533333333333332,-3.5266666666666664,,-7.1066666666666665,-5.4,-7.58,-1.5,-4.926666666666667,-7.61,-1.15,-6.593333333333334,-5.95,-2.4033333333333333,-7.266666666666667,-7.31,,-1.4866666666666668,-6.136666666666667,-4.463333333333333,-2.55,-5.906666666666666,-7.46,-1.7466666666666666,-6.06,-5.156666666666666,-3.3866666666666667,-1.3833333333333333,-3.7666666666666666,-1.3933333333333333,-5.453333333333333,-3.5433333333333334,,-6.37,,-4.736666666666666,-4.423333333333334,-3.0833333333333335,-2.283333333333333,-3.473333333333333,-1.0066666666666666,-7.42,-4.286666666666667,-6.226666666666667,-7.25,-6.26,-6.99,-6.886666666666667,-7.53,-5.236666666666666,-1.7766666666666666,-1.33,-7.716666666666667,-7.253333333333333,,,-1.1233333333333333,-4.1,-1.32,-6.16,-1.0366666666666666,-7.996666666666667,-3.8966666666666665,-3.243333333333333,-1.45,-7.09,,-7.303333333333334,-5.213333333333333,,-4.096666666666667,-7.086666666666667,-6.05,-2.1266666666666665,-5.153333333333333,-3.413333333333333,-2.513333333333333,-2.9699999999999998,-5.183333333333334,-2.51,-6.043333333333333,-3.62,,-6.346666666666667,-7.133333333333334,-6.013333333333334,-1.3233333333333333,-1.49,-7.07,-1.02,-5.023333333333333,-6.196666666666666,-7.406666666666666,-2.0766666666666667,-4.4366666666666665,-5.0633333333333335,-1.8566666666666667,-2.2800000000000002,,,-3.6833333333333336,,,,-6.826666666666666,-5.8533333333333335,,-5.8100000000000005,-2.623333333333333,-7.976666666666667,-1.9566666666666666,-5.613333333333333,,-5.823333333333333,,-1.13,-5.48,-1.6,-1.4666666666666668,-2.8066666666666666,-7.1866666666666665,-2.626666666666667,-1.9333333333333333,-2.586666666666667,-5.366666666666666,-4.576666666666666,-4.796666666666667,-2.6566666666666667,-3.1933333333333334,-7.39,-5.533333333333333,-1.94,-5.47,-7.503333333333333,-1.6600000000000001,-1.5066666666666668,-3.0733333333333333,-7.29,-1.2766666666666666,-7.5633333333333335,,-7.003333333333333,-5.38,-7.3566666666666665,-1.88,-2.6333333333333333,-2.52,-1.1633333333333333,-1.7066666666666666,-1.9933333333333332,-1.9466666666666668,-5.373333333333333,-1.44,-1.9300000000000002,-1.1466666666666667,-4.27,-6.203333333333333,-4.833333333333333,-6.54,-4.026666666666666,,-1.2966666666666666,-7.573333333333333,-1.92,-3.6033333333333335,-1.2566666666666666,-7.98,,,-1.8199999999999998,-2.76,,-3.0,,-6.963333333333333,,-2.8033333333333332,-1.96,,,,-5.246666666666667,-2.6533333333333333,-2.23,-3.7533333333333334,-7.79,-4.263333333333334,-7.556666666666667,-1.8433333333333333,,,-2.57,-5.333333333333333,-3.67,,-6.523333333333333,,-7.6433333333333335,-2.7733333333333334,-5.953333333333333,-1.3366666666666667,-5.64,,,,,-3.4566666666666666,-5.87,,-7.756666666666667,,-6.616666666666667,,,,-7.496666666666667,-4.1033333333333335,-7.426666666666667,-7.176666666666667,,-2.9233333333333333,,-2.033333333333333,-2.783333333333333,-7.83,-4.866666666666667,,-1.8466666666666667,-6.74,-7.18,,-2.6733333333333333,-7.3533333333333335,-7.443333333333333,,-2.1166666666666667,-7.536666666666667,-5.72,-7.5600000000000005,-1.7233333333333334,-6.596666666666667,-7.91,,,-6.733333333333333,,-1.8900000000000001,-6.36,-7.173333333333334,-1.17,-1.4766666666666666,,-5.03,-1.4833333333333334,-6.6466666666666665,-2.3266666666666667,-7.11,-7.293333333333333,-1.3,-4.046666666666667,-7.056666666666667,-7.273333333333333,-7.41,,-6.14,-7.22,-7.966666666666667,-3.08,-1.0666666666666667,-6.113333333333333,-1.3166666666666667,-6.016666666666667,-6.35,-3.2,-4.343333333333334,-7.01,-7.1433333333333335,-1.12,-6.19,-3.21,-7.306666666666667,-7.206666666666667,-3.1666666666666665
2024-07-01,-1.8233333333333333,-1.5933333333333333,-2.6933333333333334,,-1.7433333333333332,-2.63,,-2.6566666666666667,-5.5600000000000005,-2.966666666666667,-7.503333333333333,,-4.463333333333333,-7.046666666666667,-7.01,,-7.426666666666667,,-1.0666666666666667,-5.456666666666667,,-7.11,-3.5166666666666666,-7.506666666666667,-2.513333333333333,-5.93,-4.57,-2.12,-5.556666666666667,-4.863333333333333,-3.44,-4.36,-5.296666666666667,,-1.49,-7.226666666666667,-5.59,-2.6066666666666665,-6.783333333333333,-7.41,-2.7199999999999998,-7.096666666666667,-5.15,-1.3166666666666667,-1.4066666666666667,-2.77,-1.5833333333333335,-3.8966666666666665,,,-7.3966666666666665,,-7.82,-2.42,-7.056666666666667,-1.3733333333333333,-4.386666666666667,-1.03,-7.433333333333334,-5.29,-7.25,-2.3266666666666667,-3.31,-7.99,-5.843333333333334,-7.566666666666666,-4.1033333333333335,-1.71,-1.3566666666666667,-7.673333333333334,-7.26,,,-1.1433333333333333,-5.076666666666666,-3.6433333333333335,-7.196666666666666,-2.033333333333333,-7.993333333333333,-1.88,-4.166666666666667,-1.4366666666666665,-7.0633333333333335,,,-6.22,,-6.116666666666666,-6.093333333333334,-5.123333333333333,-4.14,-6.16,-4.466666666666667,-3.6866666666666665,-7.97,-7.2,-3.5300000000000002,-5.086666666666667,-2.76,,-5.133333333333334,-6.04,-5.013333333333334,-3.2933333333333334,-2.1533333333333333,-4.156666666666666,-2.0233333333333334,-2.0433333333333334,-1.2433333333333334,-7.916666666666667,-2.0733333333333333,-5.39,-7.05,-1.7933333333333334,-1.35,,,-1.6833333333333333,,,,-4.826666666666666,-4.86,,-4.766666666666667,-6.6033333333333335,-7.953333333333333,-4.886666666666667,-4.616666666666667,,,,-1.17,-4.486666666666666,-7.52,-4.74,-1.78,-7.24,-1.9866666666666668,-1.9433333333333334,-1.62,-4.533333333333333,-7.54,-3.7266666666666666,-2.5633333333333335,-4.193333333333333,-7.23,-6.573333333333333,-1.8833333333333333,-6.43,-1.5466666666666666,-1.7,-1.4833333333333334,-7.07,-7.253333333333333,-1.2633333333333332,-7.553333333333334,,-6.003333333333333,-7.346666666666667,-7.38,-5.9366666666666665,-5.636666666666667,-3.48,-2.1466666666666665,-1.6633333333333333,-2.9966666666666666,-1.96,-7.27,-2.413333333333333,-2.84,-1.19,-1.3033333333333332,-7.276666666666666,-3.8166666666666664,-4.5,-5.02,,-1.2833333333333332,-7.526666666666666,-1.9466666666666668,-5.626666666666667,-1.2866666666666666,-6.973333333333334,,,-1.81,-1.8666666666666667,,-3.0,,-5.956666666666667,,-1.7733333333333334,-1.95,,,,-7.246666666666667,-3.9066666666666667,-1.1833333333333333,-4.75,-7.8,-3.34,-6.576666666666666,-1.87,,,-1.4933333333333334,-4.32,-2.6,,-4.453333333333333,,-7.473333333333334,-1.7033333333333334,-7.926666666666667,-2.3233333333333333,-6.676666666666667,,,,,-1.3766666666666667,-4.8533333333333335,,-7.713333333333333,,-7.416666666666667,,,,-7.423333333333334,-6.09,-7.45,-7.223333333333334,,-3.91,,-1.0366666666666666,-3.79,-5.8566666666666665,-2.83,,-1.92,-5.763333333333334,-2.2066666666666666,,-1.67,-6.336666666666667,-6.3933333333333335,,-3.13,-7.543333333333333,-2.8066666666666666,-7.476666666666667,-1.6666666666666665,-4.55,-7.8933333333333335,,,-6.753333333333333,-7.21,-3.85,-5.903333333333333,-1.1633333333333333,-3.18,-1.3433333333333333,,-4.026666666666666,-1.2666666666666666,-7.68,-3.2133333333333334,-7.113333333333333,-6.33,-1.3633333333333333,-5.06,-7.083333333333333,-5.3,-7.933333333333334,,-5.173333333333334,-6.126666666666667,-7.963333333333333,-4.053333333333334,-2.1,-7.1066666666666665,-1.2333333333333334,-7.006666666666667,-7.306666666666667,-3.5233333333333334,-3.3133333333333335,-7.016666666666667,-6.08,-1.1366666666666667,-7.216666666666667,-1.1766666666666667,-7.273333333333333,-6.256666666666667,-3.1866666666666665
2024-07-02,-1.8133333333333335,-5.586666666666667,-2.91,,-2.6666666666666665,-3.52,,-1.5899999999999999,-5.34,-2.7,-7.806666666666667,,-7.68,-6.04,-6.01,,-6.486666666666666,,-1.0933333333333333,-6.43,-2.7199999999999998,-7.1066666666666665,-7.746666666666667,-6.493333333333333,-4.376666666666667,-6.863333333333333,-7.523333333333333,-3.14,-5.5633333333333335,-5.75,,-5.406666666666666,-7.276666666666666,,-3.5433333333333334,-7.38,-6.86,-1.69,-1.74,-7.33,-2.7133333333333334,-7.12,-7.173333333333334,-1.2833333333333332,-1.42,-1.8866666666666667,-2.9366666666666665,-1.9733333333333334,,,-7.4,,-3.81,-4.473333333333334,-6.076666666666666,-2.3966666666666665,-5.326666666666666,-2.0633333333333335,-6.46,-5.286666666666667,-7.243333333333333,-7.35,-6.3,-7.986666666666666,-5.676666666666667,-5.6,-3.066666666666667,-2.5733333333333333,-1.3666666666666667,-7.656666666666666,-4.256666666666667,,,-1.16,-7.053333333333334,-5.933333333333334,-7.19,-1.0433333333333334,-7.98,-1.8433333333333333,-7.133333333333334,-1.4033333333333333,-7.036666666666667,,,-2.2266666666666666,,-7.166666666666667,-6.08,-4.513333333333334,-5.15,-6.153333333333333,-5.446666666666666,-4.67,-7.956666666666667,-6.206666666666667,-4.433333333333334,-5.123333333333333,-5.816666666666666,,-4.073333333333333,-3.0233333333333334,-2.013333333333333,-6.293333333333333,-1.0833333333333333,-4.913333333333333,-3.026666666666667,-1.05,-1.2633333333333332,-7.9399999999999995,-5.056666666666667,-5.386666666666667,-7.07,-2.7666666666666666,-1.48,,,-1.71,,,,-2.85,-3.8833333333333333,,-3.736666666666667,-5.536666666666667,-7.796666666666667,-2.9266666666666667,-3.58,,,,-1.2166666666666668,-3.5166666666666666,-6.49,-4.903333333333333,-7.733333333333333,-1.21,-7.996666666666667,-3.8533333333333335,-7.623333333333333,-4.873333333333333,-7.483333333333333,,-3.4233333333333333,-5.17,-7.13,-7.65,-2.7266666666666666,-7.4366666666666665,-2.62,-1.6966666666666668,-1.4533333333333334,-6.06,-6.22,-5.273333333333333,,,-5.006666666666667,-1.3633333333333333,-7.373333333333333,-7.9,-7.6066666666666665,-1.5533333333333332,-3.1466666666666665,-1.6033333333333335,-4.993333333333333,-1.97,-7.213333333333333,-3.37,-5.613333333333333,-1.26,-1.3233333333333333,-7.413333333333333,-1.78,-6.54,-4.016666666666667,,-1.28,-7.45,-1.95,-1.5833333333333335,-3.31,-6.96,,,-1.7866666666666666,-1.92,,-2.0,,-4.946666666666666,,-1.7433333333333332,-1.9166666666666665,,,,-1.2333333333333334,-1.9666666666666668,-1.1366666666666667,-1.7033333333333334,-7.6466666666666665,-5.3933333333333335,-7.633333333333333,-1.8966666666666665,,,-1.41,-5.316666666666666,-1.5266666666666666,,-3.44,,-7.593333333333334,-1.6833333333333333,-7.876666666666667,-3.466666666666667,-5.616666666666667,,,,,-1.5066666666666668,-2.83,,-2.663333333333333,,-7.333333333333333,,,,-6.383333333333334,-1.0966666666666667,-7.456666666666667,-7.24,,-4.906666666666666,,-1.0866666666666667,-4.763333333333334,-5.823333333333333,-2.8033333333333332,,-1.9433333333333334,-4.87,-3.1933333333333334,,-2.6933333333333334,-5.303333333333334,-7.346666666666667,,-1.1433333333333333,-7.626666666666667,-3.8466666666666667,-6.443333333333333,-2.63,-2.6366666666666667,-7.8566666666666665,,,-6.753333333333333,-4.183333333333334,-7.826666666666666,-4.953333333333333,-2.1266666666666665,-7.1866666666666665,-1.25,,-3.02,-1.2466666666666666,-5.566666666666666,-4.156666666666666,-7.113333333333333,-7.32,-3.3566666666666665,-3.09,-7.1,-6.29,-7.89,,-5.18,-5.1033333333333335,-7.923333333333334,-6.046666666666667,-3.11,-6.116666666666666,-2.203333333333333,-7.003333333333333,-7.306666666666667,-5.983333333333333,-1.3133333333333335,-7.03,-4.033333333333333,-6.163333333333333,-7.223333333333334,-1.1766666666666667,-4.27,-6.266666666666667,-7.196666666666666
2024-07-03,-5.823333333333333,-2.6066666666666665,-7.9366666666666665,,-3.6333333333333333,-4.476666666666667,,-1.5633333333333335,-3.296666666666667,-4.33,-7.876666666666667,,-7.783333333333333,-7.056666666666667,-6.006666666666667,,-7.613333333333333,,-1.11,-7.426666666666667,-1.69,-7.086666666666667,-7.84,-4.4366666666666665,-6.286666666666667,-7.6466666666666665,,-4.236666666666666,-2.6033333333333335,-2.6733333333333333,,-5.456666666666667,-6.226666666666667,,-2.5566666666666666,-7.653333333333333,-4.95,-1.83,-3.79,-7.31,-1.71,-7.133333333333334,-6.2,-1.27,-4.486666666666666,-1.8900000000000001,-1.92,-1.97,,,-7.423333333333334,,-7.786666666666667,-3.546666666666667,-5.08,-1.5133333333333332,-7.3,-4.09,-7.453333333333333,-7.276666666666666,-7.243333333333333,-6.41,-1.2733333333333334,-3.9733333333333336,-7.5600000000000005,-7.62,-2.05,-1.5366666666666666,-2.413333333333333,-7.703333333333333,-3.256666666666667,,,-1.1633333333333333,-3.0633333333333335,-6.943333333333333,-7.1466666666666665,-1.07,-3.82,,-5.123333333333333,-1.42,-6.02,,,-1.2333333333333334,-6.623333333333333,-6.17,-7.083333333333333,-4.99,-5.15,-2.1366666666666667,-7.3566666666666665,-5.52,-5.913333333333333,-5.21,-5.253333333333333,-5.156666666666666,-6.75,,-3.04,-2.0233333333333334,-1.01,-2.3133333333333335,-4.033333333333333,-5.986666666666666,-4.026666666666666,-1.0533333333333332,-7.25,-7.43,-6.066666666666666,-5.483333333333333,-7.076666666666666,-1.7966666666666666,-1.88,,,,,,,-1.8933333333333333,-2.8966666666666665,,-2.6966666666666668,-4.533333333333333,-4.493333333333333,-2.91,-2.57,,,,-2.26,-2.5433333333333334,-5.5,-3.9033333333333333,,-2.1533333333333333,-7.993333333333333,-1.6633333333333333,-6.576666666666666,-7.953333333333333,-6.443333333333333,,-7.386666666666667,-5.173333333333334,-6.1066666666666665,-7.72,-2.586666666666667,-7.55,-3.6866666666666665,-4.656666666666666,-3.4066666666666667,-5.06,-5.196666666666666,-3.29,,,-4.046666666666667,-2.4466666666666668,-7.346666666666667,-6.87,-7.676666666666667,-2.473333333333333,-4.126666666666667,-1.6,-5.963333333333333,-2.966666666666667,-7.176666666666667,-4.373333333333333,-7.46,-2.3666666666666667,-1.38,-7.866666666666667,-7.756666666666667,-1.6933333333333334,-6.013333333333334,,-1.2066666666666666,-7.403333333333333,-7.96,-1.5899999999999999,-6.376666666666667,-5.9399999999999995,,,-3.7800000000000002,-2.93,-1.9833333333333334,-2.0,,-4.933333333333334,,-6.7,-2.873333333333333,,,,-7.23,-2.9766666666666666,-2.1133333333333333,-1.6433333333333333,-6.566666666666666,-1.5733333333333333,-4.713333333333333,-4.886666666666667,,,-1.3900000000000001,-7.333333333333333,-2.58,,-1.47,,-7.826666666666666,-1.6833333333333333,-7.8533333333333335,-1.8633333333333333,-7.553333333333334,,-3.65,,,-1.7666666666666666,-1.7066666666666666,,-1.6400000000000001,,-7.323333333333333,,,,-5.4,-2.14,-7.466666666666667,-6.28,,-6.9,,-1.1433333333333333,-5.776666666666666,-7.743333333333333,-5.793333333333333,,-1.9466666666666668,-4.923333333333334,-6.18,,-7.73,-4.303333333333334,-6.37,,-2.32,-7.753333333333333,-1.9066666666666667,-7.433333333333334,-4.63,-3.76,-7.8566666666666665,,,-6.733333333333333,-7.16,-7.803333333333334,-3.8166666666666664,-3.0966666666666667,-6.183333333333334,-1.2033333333333334,,-3.0166666666666666,-1.3066666666666666,-7.506666666666667,-6.12,-6.093333333333334,-4.336666666666667,-4.383333333333334,-3.1033333333333335,-1.1166666666666667,-7.283333333333333,-7.326666666666666,-7.8133333333333335,-3.24,-4.043333333333333,-6.746666666666667,-5.073333333333333,-7.1,-5.13,-1.1933333333333334,-7.003333333333333,-6.343333333333334,-5.996666666666667,-1.35,-7.036666666666667,-6.03,-5.1866666666666665,-7.293333333333333,-2.19,-6.223333333333334,-7.266666666666667,-6.22
2024-07-04,-2.8,-5.626666666666667,-7.9,,-1.6099999999999999,-7.453333333333333,,-2.5733333333333333,-2.3133333333333335,-1.2266666666666666,-6.95,,-7.62,-7.056666666666667,-1.0066666666666666,,-6.756666666666667,,-1.1166666666666667,-7.47,-4.676666666666667,-7.0633333333333335,-7.696666666666666,-3.3966666666666665,-7.22,-7.463333333333333,,-4.596666666666667,-3.65,-3.66,,-5.416666666666667,-2.1933333333333334,,-3.58,,-7.963333333333333,-3.8566666666666665,-7.766666666666667,-7.28,-1.7466666666666666,-6.126666666666667,-5.286666666666667,-2.27,-6.5,-1.8900000000000001,-1.77,-1.9666666666666668,,,-7.423333333333334,,-7.6899999999999995,-1.6833333333333333,-7.08,-5.46,-5.253333333333333,-3.1333333333333333,-6.446666666666666,-7.263333333333334,-7.243333333333333,-6.576666666666666,-2.2666666666666666,-1.9566666666666666,-6.536666666666667,-6.59,-1.05,-1.5066666666666668,-4.39,-6.8133333333333335,-2.2733333333333334,,,-2.18,-5.06,-7.836666666666667,-6.156666666666666,-7.073333333333333,-4.38,,-6.1,-4.42,-5.016666666666667,,,-2.2466666666666666,-5.546666666666667,-7.183333333333334,-7.076666666666666,-4.996666666666667,-2.163333333333333,-1.13,-6.293333333333333,-6.366666666666666,-4.866666666666667,-4.21,-6.196666666666666,-5.223333333333334,-7.72,,-2.03,-1.0433333333333334,-1.0133333333333334,-2.3166666666666664,-1.0233333333333334,-4.99,-5.04,-1.0366666666666666,-6.23,-7.216666666666667,-1.0666666666666667,-3.57,-6.07,-2.82,-3.94,,,,,,,-2.9066666666666667,-1.9133333333333333,,-1.67,-4.516666666666667,-2.35,-2.91,-1.5833333333333335,,,,-3.3766666666666665,-1.5333333333333332,-5.49,-2.88,,-3.1133333333333333,-5.986666666666666,-1.53,-5.476666666666667,-6.96,-6.413333333333333,,-6.326666666666666,-4.206666666666667,-7.1033333333333335,-7.636666666666667,-1.5633333333333335,-7.673333333333334,-4.656666666666666,-3.663333333333333,-7.333333333333333,-4.046666666666667,-4.16,-4.33,,,-4.543333333333333,-2.7266666666666666,-7.303333333333334,-1.8866666666666667,-7.786666666666667,-3.3933333333333335,-5.09,-2.63,-3.87,-1.9766666666666666,-7.15,-6.346666666666667,-7.3533333333333335,-4.433333333333334,-1.3599999999999999,-7.916666666666667,-7.753333333333333,-1.8266666666666667,-7.01,,-4.173333333333334,-4.32,-6.97,-3.5666666666666664,-5.37,-3.9333333333333336,,,-1.7633333333333332,-1.92,-1.9833333333333334,-6.0,,-2.8966666666666665,,-6.71,-5.75,,,,-7.236666666666666,-3.98,-1.11,-2.5933333333333333,,-2.7233333333333336,-4.78,-7.863333333333333,,,-1.43,-1.48,-7.6433333333333335,,-2.4966666666666666,,-1.8766666666666667,-3.6933333333333334,-7.84,-5.9366666666666665,-7.523333333333333,,-7.653333333333333,,,-1.8833333333333333,-1.5866666666666667,,-1.6666666666666665,,-7.26,,,,-4.41,-3.3433333333333333,-7.443333333333333,-5.306666666666667,,,,-1.6233333333333333,-7.743333333333333,-7.5600000000000005,,,-3.93,-2.9266666666666667,-7.17,,-3.7733333333333334,-3.296666666666667,-6.373333333333333,,-3.9233333333333333,-5.843333333333334,-1.9533333333333334,-6.45,-1.6466666666666665,-1.8066666666666666,-7.85,,,-5.706666666666667,-7.153333333333333,-6.796666666666667,-2.4033333333333333,-3.0833333333333335,-6.166666666666667,-2.14,,-1.0266666666666666,-1.4933333333333334,-7.4366666666666665,-1.0866666666666667,-6.1066666666666665,-3.336666666666667,-5.426666666666667,-3.12,-2.1233333333333335,-6.25,-7.233333333333333,-6.86,-2.1866666666666665,-3.02,-1.51,-6.093333333333334,-6.096666666666667,-4.136666666666667,-2.1466666666666665,-7.003333333333333,-7.386666666666667,-5.993333333333333,-2.4,-7.053333333333334,-7.033333333333333,-3.1766666666666667,-7.703333333333333,-3.2,-7.203333333333333,-7.283333333333333,-5.3
2024-07-05,-6.746666666666667,-7.596666666666667,-7.823333333333333,,-2.62,,,-1.6066666666666667,-3.3233333333333333,-2.1733333333333333,-2.9233333333333333,,-5.3933333333333335,-7.053333333333334,-2.006666666666667,,-5.82,,-1.1233333333333333,-7.463333333333333,-5.7,-5.056666666666667,-6.546666666666667,-2.36,-7.153333333333333,-7.386666666666667,,-6.956666666666667,-2.623333333333333,-1.65,,-4.383333333333334,-1.1966666666666668,,-3.5633333333333335,,-7.96,-7.8133333333333335,-7.633333333333333,-5.3,,-7.12,-4.453333333333333,-4.293333333333333,-6.543333333333333,-1.7866666666666666,-1.3666666666666667,-1.9433333333333334,,,-6.37,,-6.636666666666667,-1.7033333333333334,-5.083333333333333,-4.54,-7.256666666666667,-4.08,-7.426666666666667,-7.243333333333333,-7.246666666666667,-4.73,-1.25,-2.8866666666666667,-5.53,-1.6133333333333333,-1.05,-2.486666666666667,-5.416666666666667,-7.706666666666667,-5.28,,,-1.2133333333333334,-2.06,-7.503333333333333,-7.17,-1.0933333333333333,-5.26,,-7.126666666666667,-5.45,-3.0233333333333334,,,-3.3566666666666665,-4.536666666666667,-7.193333333333333,-6.076666666666666,-3.993333333333333,-3.2733333333333334,-1.2266666666666666,-7.27,-7.316666666666666,-4.796666666666667,-1.2333333333333334,-7.166666666666667,-7.1866666666666665,-7.5600000000000005,,-1.03,-2.066666666666667,-1.0133333333333334,-1.3966666666666667,-1.0333333333333334,-1.9866666666666668,-6.043333333333333,-6.016666666666667,-2.21,-7.136666666666667,-7.0633333333333335,-1.6866666666666665,-7.07,-3.84,-1.94,,,,,,,-3.9,-2.9066666666666667,,-1.6600000000000001,-6.5,-1.33,-2.87,-1.5766666666666667,,,,-4.376666666666667,-1.46,-5.526666666666666,-2.68,,-1.1033333333333333,-5.976666666666667,-2.4366666666666665,-5.48,-5.9366666666666665,-5.476666666666667,,-5.303333333333334,-4.34,-7.1066666666666665,-7.6033333333333335,-5.57,-6.75,-5.58,-2.61,-1.2666666666666666,-3.04,-1.16,-5.466666666666667,,,-5.0,-2.9266666666666667,-5.306666666666667,-2.8666666666666667,-7.89,-1.3633333333333333,-6.09,,-6.656666666666666,-2.966666666666667,-7.133333333333334,-4.346666666666667,-7.333333333333333,-5.4,-2.336666666666667,-7.916666666666667,-7.72,-1.8433333333333333,-7.01,,-3.18,-4.276666666666666,-5.95,-4.516666666666667,-4.343333333333334,-2.88,,,-3.7800000000000002,-2.8966666666666665,-1.9833333333333334,-7.996666666666667,,-2.8533333333333335,,-7.743333333333333,-6.653333333333333,,,,-7.253333333333333,-5.97,-2.1,-4.59,,-3.6166666666666667,-4.683333333333334,-6.736666666666666,,,-2.44,-2.4466666666666668,-6.663333333333333,,-5.51,,-2.8933333333333335,-4.733333333333333,-7.836666666666667,-6.93,-7.533333333333333,,-7.626666666666667,,,-3.9033333333333333,-1.5666666666666667,,-3.6966666666666668,,-6.22,,-7.666666666666667,,-2.4433333333333334,-4.913333333333333,-3.4033333333333333,-7.3133333333333335,,,,-1.9633333333333334,-7.676666666666667,-7.35,,,-5.753333333333333,-1.9100000000000001,-7.163333333333333,,-1.8033333333333332,-4.29,-5.433333333333334,-7.38,-4.98,-5.816666666666666,-1.9466666666666668,-5.47,-5.6899999999999995,-3.6733333333333333,-7.846666666666667,,,-6.716666666666667,-7.156666666666666,-7.766666666666667,-1.2866666666666666,-5.073333333333333,-4.183333333333334,-1.13,,-1.0266666666666666,-2.86,-5.483333333333333,-2.086666666666667,-7.113333333333333,-4.3533333333333335,-6.413333333333333,-1.15,-3.11,-5.216666666666667,-7.1466666666666665,-6.883333333333333,-1.2233333333333334,-2.02,-1.5866666666666667,-7.116666666666666,-1.0966666666666667,-3.19,-1.1400000000000001,-7.003333333333333,-7.513333333333334,-7.99,-2.49,-7.036666666666667,-3.046666666666667,-1.2,-7.973333333333334,-5.236666666666666,-1.23,-5.296666666666667,-5.506666666666667
2024-07-08,-7.666666666666667,-7.54,-7.693333333333333,,-3.6533333333333333,,,-2.6133333333333333,-1.5733333333333333,-3.1733333333333333,-1.9433333333333334,,-7.326666666666666,-7.043333333333333,-3.01,,-4.8566666666666665,,-1.1066666666666667,-7.433333333333334,-7.723333333333334,-5.053333333333334,-5.503333333333333,-1.3333333333333333,-7.15,-7.363333333333333,,-7.413333333333333,-2.6966666666666668,-2.68,,-6.35,-1.1966666666666668,,-2.4966666666666666,,-7.93,-7.676666666666667,-7.59,-5.296666666666667,,-7.113333333333333,-3.4266666666666667,-4.3133333333333335,-7.48,-1.4633333333333334,-1.23,-2.9,,-5.12,-5.346666666666667,,-7.636666666666667,-1.5933333333333333,-3.0766666666666667,-5.773333333333333,-3.256666666666667,-3.11,-6.373333333333333,-6.233333333333333,-7.243333333333333,-3.5300000000000002,-2.2,-1.8233333333333333,-4.5,-2.506666666666667,-1.06,-1.5699999999999998,-6.423333333333334,,-4.253333333333333,,,-2.1933333333333334,-4.066666666666666,-7.29,-3.36,-6.09,-4.26,,-6.136666666666667,-6.456666666666667,-2.0233333333333334,,,-4.37,-3.4699999999999998,-7.213333333333333,-7.093333333333334,-3.993333333333333,-6.6,-2.5766666666666667,,-7.27,-2.7933333333333334,-2.25,-7.126666666666667,-6.14,-6.596666666666667,,-1.04,-1.1333333333333333,-1.02,-3.5366666666666666,-2.033333333333333,-4.976666666666667,-6.05,-5.013333333333334,-1.17,-6.1033333333333335,-6.08,-2.66,-6.0633333333333335,-3.8433333333333333,-5.9399999999999995,,,,,,,-4.926666666666667,-1.9333333333333333,,-1.69,-7.446666666666666,-2.3533333333333335,-1.6733333333333333,-1.5633333333333335,,,,-5.383333333333334,-1.43,-3.52,-1.5566666666666666,,-2.1,-1.9666666666666668,-4.42,-1.5233333333333334,-4.18,-5.566666666666666,,-4.276666666666666,-1.8733333333333333,-7.123333333333333,-7.61,-6.6033333333333335,-1.8866666666666667,-6.516666666666667,-1.8066666666666666,-2.2466666666666666,-2.0366666666666666,-1.1566666666666667,-7.71,,,-4.03,-1.98,-5.263333333333334,-1.9066666666666667,-7.946666666666666,-2.32,-7.07,,-7.583333333333333,-2.96,-7.153333333333333,-6.343333333333334,-7.34,-4.323333333333333,-1.2733333333333334,-7.923333333333334,-5.753333333333333,-2.8666666666666667,-7.006666666666667,,-3.1766666666666667,-1.2866666666666666,-4.95,-5.4366666666666665,-1.4,-1.9100000000000001,,,-2.8033333333333332,-1.85,-1.9866666666666668,-6.996666666666667,,-1.83,,-5.783333333333333,-2.6433333333333335,,,,-7.24,-5.82,-3.0833333333333335,-7.626666666666667,,-3.65,-3.546666666666667,-5.616666666666667,-1.7566666666666668,,-3.466666666666667,-1.49,-5.7,,-6.483333333333333,,-3.67,-3.74,-7.8533333333333335,-1.8,-7.473333333333334,,-7.64,,,-2.89,-1.5866666666666667,,-5.73,,-4.216666666666667,,-7.713333333333333,,-1.45,-5.9366666666666665,-3.4066666666666667,-6.28,,,,,-7.62,-6.31,,,-5.44,-1.9166666666666665,-7.166666666666667,,-1.78,-2.3,-5.476666666666667,-5.366666666666666,-5.99,-6.796666666666667,-4.956666666666667,-4.486666666666666,-7.726666666666667,-5.41,-7.86,,,-4.746666666666667,-7.1466666666666665,-6.733333333333333,-1.19,-5.096666666666667,-4.183333333333334,-5.1433333333333335,,-1.0266666666666666,-3.6066666666666665,-5.553333333333334,-3.086666666666667,-7.3566666666666665,-1.4033333333333333,-7.38,-1.21,-4.073333333333333,-4.1866666666666665,-7.223333333333334,-6.913333333333333,-1.88,-1.0166666666666666,-3.9699999999999998,-7.16,-2.1166666666666667,-2.336666666666667,-3.163333333333333,-7.003333333333333,-7.75,-8.0,-4.55,-6.046666666666667,-1.0566666666666666,-1.2033333333333334,-7.983333333333333,-6.303333333333334,-2.22,-5.283333333333333,-3.9033333333333333
2024-07-09,-7.61,-1.5033333333333334,-6.803333333333334,,-5.6433333333333335,,,-5.556666666666667,-1.8566666666666667,-2.1933333333333334,-2.9333333333333336,,-2.31,-3.0233333333333334,-1.0133333333333334,,-2.796666666666667,,-1.0866666666666667,-7.43,-6.713333333333333,-3.0533333333333332,-4.5600000000000005,-1.3366666666666667,-7.136666666666667,-7.33,,-7.166666666666667,-4.67,-1.63,,-6.403333333333333,-1.2033333333333334,,-1.5166666666666666,,-7.793333333333333,-1.54,-5.546666666666667,-7.34,,-5.13,-2.42,-4.32,-7.41,-1.37,-1.21,-3.76,,-6.09,-4.346666666666667,-5.92,-6.613333333333333,-1.4466666666666668,-1.0833333333333333,-5.423333333333334,-5.303333333333334,-3.22,-5.296666666666667,-7.233333333333333,-7.246666666666667,-1.3066666666666666,-3.15,-1.9266666666666667,-3.493333333333333,-1.45,-1.2133333333333334,-7.64,-7.416666666666667,,-6.216666666666667,,,-3.1566666666666667,-5.066666666666666,-4.223333333333334,-1.97,-6.183333333333334,-5.656666666666666,,-5.096666666666667,-7.46,-1.0333333333333334,,,-3.3,-4.433333333333334,-6.25,-7.093333333333334,-3.0,-1.8666666666666667,-4.863333333333333,,-7.266666666666667,-1.8900000000000001,-1.26,-7.116666666666666,-5.1033333333333335,-7.533333333333333,,-1.0433333333333334,-7.1066666666666665,-1.02,-5.586666666666667,-6.04,-2.9166666666666665,-7.06,-2.0166666666666666,-1.1333333333333333,-7.073333333333333,-7.12,-3.506666666666667,-3.05,-4.82,-4.903333333333333,,,,,,,-5.883333333333333,-1.9366666666666665,,-1.6800000000000002,-6.413333333333333,-3.3766666666666665,-1.5933333333333333,-1.5699999999999998,,,,-7.29,-1.4266666666666667,-3.51,-1.49,,-3.1233333333333335,-2.9433333333333334,-5.383333333333334,-1.6533333333333333,-3.07,-7.583333333333333,,-3.283333333333333,-2.8966666666666665,-7.113333333333333,,-6.616666666666667,-2.8933333333333335,-6.486666666666666,-1.8599999999999999,-3.2533333333333334,-1.0366666666666666,-1.1466666666666667,-6.783333333333333,,,-3.0033333333333334,-1.98,-2.263333333333333,-2.9066666666666667,-5.946666666666666,-3.2733333333333334,-7.056666666666667,,-6.876666666666667,-7.95,-7.17,-7.366666666666666,-5.406666666666666,-2.4,-1.23,-7.873333333333333,-7.733333333333333,-7.786666666666667,-7.01,,-6.196666666666666,-2.3566666666666665,-4.91,-6.39,-6.3933333333333335,-1.9233333333333333,,,-1.7766666666666666,-1.73,-2.966666666666667,-7.983333333333333,,-1.79,,-5.753333333333333,-1.6333333333333333,-5.286666666666667,,,-1.2433333333333334,-7.36,-4.076666666666666,-7.6066666666666665,,-5.84,-5.443333333333333,-4.386666666666667,-4.696666666666666,,-4.496666666666667,-2.6033333333333335,-7.683333333333334,,-4.473333333333334,,-4.453333333333333,-4.71,-7.83,-2.5,-7.483333333333333,,-7.58,,,-1.8433333333333333,-6.636666666666667,,-3.716666666666667,,-5.226666666666667,,-6.676666666666667,,-1.48,-6.9399999999999995,-1.4666666666666668,-7.28,,,,,-4.513333333333334,-4.276666666666666,,,-5.333333333333333,-2.88,-7.16,,-4.736666666666666,-4.35,-2.5366666666666666,-3.3233333333333333,-6.956666666666667,-7.726666666666667,-4.963333333333333,-3.5300000000000002,-6.72,-1.2933333333333334,,,,-1.74,-3.1266666666666665,-7.6866666666666665,-1.2066666666666666,-5.14,-2.1766666666666667,-2.163333333333333,,-1.03,-1.3166666666666667,-1.5899999999999999,-4.08,-5.976666666666667,-2.38,-7.326666666666666,-2.24,-5.046666666666667,-3.1533333333333333,-6.8133333333333335,-5.913333333333333,-2.93,-1.0266666666666666,-3.99,-6.18,-3.1433333333333335,-1.78,-3.1733333333333333,-6.006666666666667,-4.87,-5.996666666666667,-5.596666666666667,-5.11,-1.0633333333333332,-3.1866666666666665,-6.986666666666666,-7.47,-7.2,-5.27,-2.96
2024-07-10,-5.553333333333334,-1.43,-4.8566666666666665,,-6.58,,,-6.513333333333334,-6.816666666666666,-7.1866666666666665,-3.85,,-1.4033333333333333,-1.0233333333333334,-1.0133333333333334,,-1.83,,-1.1166666666666667,-7.373333333333333,-5.726666666666667,-1.0733333333333333,-3.6033333333333335,-1.3466666666666667,-7.12,-7.293333333333333,,-7.096666666666667,-3.66,-1.5699999999999998,,-2.49,-1.22,,-1.4433333333333334,,-7.493333333333333,-1.41,-7.596666666666667,-6.426666666666667,,-1.1466666666666667,-1.3900000000000001,-3.3533333333333335,-7.366666666666666,-1.2266666666666666,-1.1633333333333333,-4.84,,-6.06,-1.3433333333333333,-4.923333333333334,-6.623333333333333,-1.33,-1.0866666666666667,-2.2666666666666666,-5.413333333333333,-4.55,-4.276666666666666,-4.213333333333333,-5.25,-1.2166666666666668,-3.1366666666666667,-6.9366666666666665,-2.4633333333333334,-1.4066666666666667,-1.9633333333333334,-5.7,-7.44,,-4.18,,,-4.13,-1.0766666666666667,-2.2,-1.9966666666666666,-6.986666666666666,-5.933333333333334,,-4.093333333333334,-7.45,-1.0433333333333334,,,-4.296666666666667,-2.453333333333333,-4.433333333333334,-3.09,-2.0,-7.913333333333333,-1.8833333333333333,,-7.286666666666667,-1.9066666666666667,-1.3066666666666666,-7.133333333333334,-4.14,-4.473333333333334,-1.9433333333333334,-1.0666666666666667,-6.08,-1.02,-1.7633333333333332,-7.036666666666667,-1.9266666666666667,-7.083333333333333,-1.0166666666666666,-1.1133333333333333,-6.07,-5.15,-3.263333333333333,-2.046666666666667,-3.8066666666666666,-3.8966666666666665,,,,,,,-6.833333333333333,-2.88,,-1.67,-5.4366666666666665,-2.3766666666666665,-1.5566666666666666,-1.5033333333333334,,,,-7.196666666666666,-1.3566666666666667,-1.5166666666666666,-1.4666666666666668,,-4.233333333333333,-2.87,-5.316666666666666,-1.8733333333333333,-2.026666666666667,-6.703333333333333,,-2.283333333333333,-2.91,-7.1033333333333335,,-1.6133333333333333,-3.8533333333333335,-6.46,-1.8366666666666667,-3.23,-1.04,-1.1433333333333333,-7.843333333333334,,,-1.0033333333333334,-1.97,-2.2533333333333334,-2.8933333333333335,-7.916666666666667,-3.27,-7.05,,-4.93,-6.886666666666667,-4.173333333333334,-7.34,-3.4833333333333334,-2.533333333333333,-1.2066666666666666,-4.796666666666667,-6.6466666666666665,-6.566666666666666,-5.01,,-1.17,-3.3,-2.8033333333333332,-7.31,-2.3333333333333335,-1.9033333333333333,,,,-6.6433333333333335,-3.86,-7.876666666666667,,-2.73,,-5.706666666666667,-2.586666666666667,-5.323333333333333,,,-2.2733333333333334,-7.123333333333333,-1.0566666666666666,-7.5600000000000005,,-6.89,-1.3633333333333333,-4.256666666666667,-4.6,,-2.5,-1.4766666666666666,-7.656666666666666,,-5.456666666666667,,-5.38,-5.696666666666666,-6.723333333333334,-3.3966666666666665,-7.446666666666666,,-7.506666666666667,,,-1.8133333333333335,-6.653333333333333,,-7.6866666666666665,,-3.32,,-7.62,,-1.4966666666666666,-7.953333333333333,-1.6666666666666665,-5.223333333333334,,,,,-7.383333333333334,-3.2800000000000002,,,-7.246666666666667,-1.8199999999999998,-5.153333333333333,,-4.633333333333333,-2.36,-1.5266666666666666,-1.29,-7.756666666666667,-6.5633333333333335,-5.92,-2.5433333333333334,-3.7199999999999998,-6.21,,,,-1.75,-2.11,-7.573333333333333,-1.2433333333333334,-6.193333333333333,-1.1766666666666667,-2.24,-2.35,-1.03,-1.2033333333333334,-1.71,-1.0633333333333332,-3.98,-1.37,-7.53,-2.3133333333333335,-6.033333333333333,-3.1266666666666665,-5.956666666666667,-5.866666666666667,-3.96,-1.0533333333333332,-3.9833333333333334,-5.236666666666666,-4.846666666666667,-1.94,-6.156666666666666,-6.006666666666667,,-1.99,-6.65,-4.976666666666667,-1.1066666666666667,-1.1666666666666667,-5.973333333333334,-1.7733333333333334,-6.183333333333334,-2.26,-1.95
2024-07-11,-5.513333333333334,-1.3266666666666667,-1.8900000000000001,,-7.54,,,-7.46,-7.78,-7.1866666666666665,-4.783333333333333,,-1.6099999999999999,-1.0233333333333334,-1.0133333333333334,,-1.8599999999999999,-7.47,-1.3366666666666667,-6.266666666666667,-4.73,-1.1166666666666667,-1.7966666666666666,-1.34,-7.086666666666667,-5.19,,-7.07,-3.68,-2.48,,-4.64,-1.25,,-1.3233333333333333,,-7.256666666666667,-7.29,-6.803333333333334,-5.67,,-2.39,-1.4033333333333333,-1.4733333333333334,-5.306666666666667,-3.14,-3.1466666666666665,-6.83,,-7.04,-1.3599999999999999,-2.92,-7.633333333333333,-1.2533333333333334,-1.0966666666666667,-3.1033333333333335,-7.6866666666666665,-4.433333333333334,-3.243333333333333,-1.2333333333333334,-4.2,-1.2066666666666666,-3.1433333333333335,-6.943333333333333,-1.4233333333333333,-1.3466666666666667,-2.9833333333333334,-5.773333333333333,-7.43,,-3.16,,,-5.1,-1.1366666666666667,-1.2133333333333334,-2.0,-7.993333333333333,-7.946666666666666,,-3.066666666666667,-7.5600000000000005,-1.08,,,-6.4,-1.4366666666666665,-7.8533333333333335,-2.0633333333333335,-1.9966666666666666,-7.873333333333333,-1.81,,-5.3133333333333335,-4.906666666666666,-1.3733333333333333,-7.176666666666667,-5.45,-7.3933333333333335,-3.93,-1.28,-5.056666666666667,-1.0166666666666666,-1.8333333333333335,-7.033333333333333,-1.9266666666666667,-3.2733333333333334,-1.03,-1.0933333333333333,-5.073333333333333,-1.33,-3.13,-1.0366666666666666,-7.786666666666667,-1.8933333333333333,,,,,,,-7.676666666666667,-1.8433333333333333,,-1.6666666666666665,-2.51,-1.4066666666666667,-2.26,-1.3866666666666667,,,,-7.133333333333334,-1.2766666666666666,-1.6,-1.4666666666666668,,-5.8966666666666665,-3.88,-7.263333333333334,-1.9166666666666665,-1.02,-5.79,,,-4.9,-6.076666666666666,,-4.623333333333333,-4.836666666666667,-7.463333333333333,-2.8066666666666666,-5.236666666666666,-1.2933333333333334,-1.1066666666666667,-6.846666666666667,,,-1.0033333333333334,-1.9333333333333333,-2.23,-4.91,-5.863333333333333,-2.223333333333333,-7.043333333333333,,-4.913333333333333,-7.826666666666666,-1.1933333333333334,-7.31,-2.6066666666666665,-1.85,-1.21,-6.8,-5.613333333333333,-5.303333333333334,-2.006666666666667,,-2.17,-2.22,-1.5966666666666667,-7.286666666666667,-2.57,-1.8766666666666667,,,,-6.3966666666666665,-4.5633333333333335,-7.453333333333333,,-1.7666666666666666,,-1.52,-3.546666666666667,-3.4566666666666666,,-1.3833333333333333,-3.27,-7.046666666666667,-1.06,-6.543333333333333,,-7.903333333333333,-1.2833333333333332,-4.153333333333333,-6.44,,-1.5,-1.2966666666666666,-6.616666666666667,,-5.496666666666667,,-6.416666666666667,-7.66,-6.583333333333333,-5.366666666666666,-5.3566666666666665,,-5.376666666666667,,-1.7466666666666666,-2.7933333333333334,-6.58,-1.32,-5.6466666666666665,-7.59,-5.823333333333333,-7.6033333333333335,-4.536666666666667,,-1.5233333333333334,-7.96,-5.82,-3.1233333333333335,,,,,-1.24,-2.203333333333333,,,-7.196666666666666,-1.7066666666666666,-4.173333333333334,,-7.413333333333333,-1.42,-2.493333333333333,-7.183333333333334,-7.476666666666667,-4.343333333333334,-5.866666666666667,-1.5166666666666666,-5.663333333333333,-7.113333333333333,,,,-1.76,-5.09,-7.426666666666667,-1.35,-4.6899999999999995,-1.2266666666666666,-2.7533333333333334,-1.53,-2.0533333333333332,-2.1666666666666665,-2.8133333333333335,-2.05,-7.98,-1.3633333333333333,-7.8566666666666665,-2.62,-7.026666666666666,-2.12,-5.966666666666667,-3.8166666666666664,-3.953333333333333,-1.97,-7.976666666666667,-4.576666666666666,-5.963333333333333,-1.95,-1.11,-7.01,,-5.973333333333334,-6.683333333333334,-3.99,-2.18,-1.1566666666666667,-4.956666666666667,-4.87,-3.163333333333333,-1.2466666666666666,-1.9366666666666665
2024-07-12,-3.4833333333333334,-2.31,-2.8666666666666667,,-7.463333333333333,,,-7.47,-5.733333333333333,-1.2666666666666666,-5.336666666666667,,-3.6933333333333334,-3.026666666666667,-1.0233333333333334,,-5.833333333333333,-7.71,-5.876666666666667,-6.1866666666666665,-7.633333333333333,-1.79,-1.7733333333333334,-2.4033333333333333,-4.053333333333334,-4.123333333333333,,-1.05,-7.59,-2.3966666666666665,,-7.6899999999999995,-2.38,,-1.1366666666666667,,-5.13,-6.276666666666666,-5.78,-1.7833333333333332,,-1.8066666666666666,-2.48,-1.6800000000000002,-4.306666666666667,-4.1033333333333335,-5.1066666666666665,-6.8100000000000005,,-7.036666666666667,-2.513333333333333,-1.9233333333333333,-7.49,-1.2466666666666666,-1.3433333333333333,-7.046666666666667,-7.74,-4.886666666666667,-2.3,-2.3133333333333335,-2.223333333333333,-1.3166666666666667,-1.24,-5.9399999999999995,-1.4566666666666666,-2.3533333333333335,-1.99,-4.726666666666667,-7.543333333333333,,-7.1466666666666665,,,-6.113333333333333,-7.846666666666667,-2.506666666666667,-2.0,-6.996666666666667,-7.933333333333334,,-2.0733333333333333,-7.673333333333334,-3.623333333333333,,,-7.273333333333333,-1.4766666666666666,-2.873333333333333,-1.17,-1.9866666666666668,-4.823333333333333,-2.77,,-7.43,-2.9066666666666667,-1.6566666666666667,-7.616666666666667,-2.9166666666666665,-7.193333333333333,-2.9366666666666665,-1.8133333333333335,-4.116666666666666,-1.0166666666666666,-1.8199999999999998,-7.03,-1.9733333333333334,-1.8599999999999999,-1.8366666666666667,-2.0633333333333335,-4.253333333333333,-1.7933333333333334,-1.0666666666666667,-2.04,-7.703333333333333,-1.8833333333333333,,,,,,,-7.326666666666666,-3.743333333333333,,-2.546666666666667,-7.636666666666667,-7.596666666666667,-1.1633333333333333,-1.2633333333333332,,,,-7.076666666666666,-2.21,-1.6633333333333333,-1.3633333333333333,,-6.946666666666666,-5.8566666666666665,-1.1966666666666668,-1.9300000000000002,-1.0133333333333334,-1.7533333333333334,,,-2.8933333333333335,-5.213333333333333,,-5.63,-5.706666666666667,-6.52,-1.5533333333333332,-6.45,-1.95,-1.12,-3.8166666666666664,,,-1.0033333333333334,-2.8633333333333333,-4.22,-6.91,-1.8,-6.206666666666667,-6.09,,-3.9033333333333333,-6.716666666666667,-1.3833333333333333,-6.35,-1.44,-1.8966666666666665,-1.3233333333333333,-6.72,-5.4,-4.126666666666667,-1.01,,-3.183333333333333,-5.133333333333334,-1.2366666666666666,-7.27,-1.7633333333333332,-2.8033333333333332,,,,-6.23,-1.1400000000000001,-5.1,,-1.6433333333333333,,,-3.4466666666666668,-1.7,,-1.3566666666666667,-7.33,-7.033333333333333,-7.056666666666667,-5.42,,-7.84,-1.3733333333333333,-3.0933333333333333,-6.26,,-2.4366666666666665,-2.11,-4.46,,-2.5666666666666664,,-7.73,-6.576666666666666,-5.34,-5.586666666666667,-4.29,,-1.2866666666666666,,-6.67,-2.4066666666666667,-3.413333333333333,-1.3333333333333333,-4.51,-6.746666666666667,-7.87,-6.37,-2.4166666666666665,,-2.5833333333333335,-7.956666666666667,-6.796666666666667,-2.06,,,,,-1.16,-2.1666666666666665,,,-5.19,-7.41,-2.283333333333333,,-6.216666666666667,-1.6066666666666667,-5.386666666666667,-6.15,-7.8533333333333335,-4.156666666666666,-5.776666666666666,-1.4233333333333333,-4.55,-7.07,,,,-1.6833333333333333,-5.083333333333333,-5.243333333333333,-1.7666666666666666,-7.83,-1.65,-4.843333333333334,-1.76,-5.676666666666667,-4.293333333333333,-1.75,-1.0433333333333334,-6.976666666666667,-2.39,-7.9,-1.7866666666666666,-7.02,-2.1433333333333335,-1.97,-4.6466666666666665,-1.9633333333333334,-2.993333333333333,-6.966666666666667,-3.7233333333333336,-6.96,-1.9133333333333333,-2.08,-6.006666666666667,,-1.9533333333333334,-1.6666666666666665,-2.9833333333333334,-4.713333333333333,-1.18,-2.9433333333333334,-1.85,-4.176666666666667,-1.3033333333333332,-1.9266666666666667
2024-07-15,-7.483333333333333,,-3.763333333333333,,-7.35,,,-7.51,-7.65,-1.54,-3.18,,-1.7266666666666666,-3.03,-1.1133333333333333,,-1.8433333333333333,-7.6866666666666665,-7.906666666666666,-4.16,-6.5,-1.8599999999999999,-1.76,-1.5366666666666666,-1.06,-2.12,,-2.0533333333333332,-6.543333333333333,-5.416666666666667,,-4.623333333333333,-2.6766666666666667,,-1.08,,-7.096666666666667,-5.373333333333333,-4.776666666666666,-1.7833333333333332,,-1.8233333333333333,-3.4366666666666665,-3.68,-7.45,-5.116666666666666,-1.09,-7.733333333333333,,-7.026666666666666,-3.5733333333333333,-3.9,-6.42,-3.466666666666667,-1.8199999999999998,-7.033333333333333,-7.716666666666667,-2.9566666666666666,-1.5066666666666668,-6.566666666666666,-4.33,-1.6066666666666667,-2.6166666666666667,-7.886666666666667,-2.513333333333333,-4.296666666666667,-1.99,-6.66,-7.63,,-6.173333333333334,,,-7.166666666666667,-7.933333333333334,-1.7066666666666666,-2.0,-5.993333333333333,-7.836666666666667,,-1.3,-7.673333333333334,-5.8100000000000005,,,-6.136666666666667,-4.52,-1.87,-1.88,-1.9666666666666668,-7.75,-7.62,,-7.533333333333333,-7.8533333333333335,-1.6966666666666668,-6.59,-5.9366666666666665,-4.246666666666667,-5.923333333333334,-1.8666666666666667,-1.6433333333333333,-1.0133333333333334,-4.796666666666667,-7.016666666666667,-1.98,-2.9166666666666665,-2.96,-1.1266666666666667,-3.7866666666666666,-3.83,-2.04,-1.0766666666666667,-6.61,-1.85,,,,,,,-7.176666666666667,-4.5600000000000005,,-3.3633333333333333,-6.666666666666667,-6.6899999999999995,-4.1066666666666665,-1.2166666666666668,,,,-6.066666666666666,-2.1566666666666667,-1.6833333333333333,-7.273333333333333,,-7.943333333333333,-1.8266666666666667,-2.256666666666667,-2.93,-1.0066666666666666,-1.6933333333333334,,,-6.883333333333333,-4.79,,-7.626666666666667,-2.5233333333333334,-5.5633333333333335,-1.19,-7.703333333333333,-1.97,-1.2633333333333332,-3.743333333333333,,,-1.9633333333333334,-5.736666666666666,-5.25,-7.89,-1.7,-7.203333333333333,-7.756666666666667,,-1.8633333333333333,-6.423333333333334,-2.58,,-1.2933333333333334,-2.876666666666667,-1.7133333333333334,-7.656666666666666,-1.26,-3.07,-7.023333333333333,,-4.21,-7.1,-2.1233333333333335,-7.3933333333333335,-1.78,-1.7233333333333334,,,,-1.1633333333333333,-1.0633333333333332,-3.0733333333333333,,-1.5266666666666666,,,-2.336666666666667,-2.7199999999999998,,-1.2766666666666666,-4.473333333333334,-7.02,-7.1466666666666665,-2.3066666666666666,,-7.67,-2.586666666666667,-3.11,-5.196666666666666,,-1.41,-3.0566666666666666,-2.38,-4.633333333333333,-2.6033333333333335,,-7.766666666666667,-4.486666666666666,-3.2066666666666666,-7.64,-4.23,,-7.233333333333333,-2.5300000000000002,-6.553333333333334,-3.1933333333333334,-1.3033333333333332,-2.36,,-3.7533333333333334,-3.8933333333333335,-5.253333333333333,-1.3433333333333333,,-1.5566666666666666,-7.946666666666666,-5.773333333333333,-1.0433333333333334,,,,,-1.1333333333333333,-3.1533333333333333,,,-4.223333333333334,-6.24,-2.5766666666666667,,-7.13,-1.5966666666666667,-7.27,-5.1433333333333335,-7.903333333333333,-2.0933333333333333,-4.636666666666667,-1.31,,-5.05,,,,-1.6133333333333333,-7.1033333333333335,-4.17,-1.74,-6.833333333333333,-3.7466666666666666,-1.8566666666666667,-1.73,-6.92,-1.71,-1.8166666666666667,-2.0366666666666666,-5.973333333333334,-2.3133333333333335,-7.913333333333333,-1.8066666666666666,-7.01,-1.48,-1.95,-1.5166666666666666,-2.9766666666666666,-1.9966666666666666,-5.953333333333333,-2.8033333333333332,-7.9399999999999995,-1.8399999999999999,-3.046666666666667,-5.003333333333333,,-1.9266666666666667,-2.6,-1.9866666666666668,-5.8133333333333335,-2.2266666666666666,-2.91,-2.8,-5.22,-2.4766666666666666,-1.8966666666666665
2024-07-16,-7.46,,-2.6133333333333333,,-7.283333333333333,,,-4.5,-6.593333333333334,-2.5366666666666666,-7.1,,-2.7333333333333334,-5.213333333333333,-6.826666666666666,,-1.8399999999999999,-7.6899999999999995,-6.9,-4.133333333333334,-5.35,-1.8633333333333333,-1.7566666666666668,-1.5566666666666666,-1.0733333333333333,-1.12,,-2.07,-5.55,-1.42,,-5.723333333333334,-4.736666666666666,,-2.0433333333333334,,-5.083333333333333,-4.5633333333333335,-1.7666666666666666,-1.7966666666666666,,-1.8433333333333333,-1.2233333333333334,-3.716666666666667,-5.486666666666666,-7.196666666666666,-2.06,-3.34,,-6.03,-3.5666666666666664,-3.913333333333333,-5.4,-1.5899999999999999,-3.88,-5.023333333333333,-6.616666666666667,-1.98,-1.6333333333333333,-3.6366666666666667,-1.4366666666666665,-2.6533333333333333,-3.7066666666666666,-6.87,-4.52,-1.2633333333333332,-2.9833333333333334,-7.573333333333333,-7.673333333333334,,-5.226666666666667,-4.743333333333333,,-7.25,-5.943333333333333,-1.7866666666666666,-1.9966666666666666,-4.99,-7.623333333333333,,-1.78,-6.693333333333333,-4.836666666666667,-5.54,,-7.0633333333333335,-1.4833333333333334,-1.8466666666666667,-1.9533333333333334,-2.8966666666666665,-4.703333333333333,-4.386666666666667,,-5.533333333333333,-6.8100000000000005,-2.7133333333333334,-4.316666666666666,-2.9366666666666665,-1.4766666666666666,-2.9033333333333333,-1.9233333333333333,-1.8133333333333335,-1.53,-2.763333333333333,-6.003333333333333,-1.9733333333333334,-3.93,-1.96,-1.51,-2.8566666666666665,-4.833333333333333,-2.04,-1.63,-3.56,-1.8166666666666667,,-1.0466666666666666,,,,,-7.123333333333333,-7.48,,-4.293333333333333,-5.666666666666667,-7.73,-6.066666666666666,-2.11,,,-2.4466666666666668,-5.093333333333334,-2.15,-1.71,-6.216666666666667,,-7.946666666666666,-2.8033333333333332,-6.3,-3.92,-1.0066666666666666,-1.6600000000000001,,,-3.86,-3.9066666666666667,,-6.64,-1.3966666666666667,-4.583333333333333,-5.086666666666667,-7.746666666666667,-1.97,-1.6099999999999999,-2.6466666666666665,,,-3.993333333333333,-7.67,-6.31,-7.916666666666667,-2.62,-7.166666666666667,-7.793333333333333,,-2.79,-5.22,-4.596666666666667,,-1.19,-2.8666666666666667,-3.76,-2.65,-1.2666666666666666,-1.0533333333333332,-7.656666666666666,,-5.32,-6.113333333333333,-2.09,-6.503333333333333,-1.8199999999999998,-1.6833333333333333,,,,-5.1066666666666665,-7.056666666666667,-2.43,,-7.473333333333334,,,-7.3133333333333335,-1.7,,-1.2066666666666666,,-7.016666666666667,-7.236666666666666,-1.2966666666666666,,-1.1400000000000001,-1.6766666666666667,-7.1433333333333335,-7.18,,-2.4266666666666667,-1.05,-3.41,-5.586666666666667,-5.6033333333333335,,-7.663333333333333,-7.44,-6.173333333333334,-6.516666666666667,-1.21,,-4.193333333333333,-6.423333333333334,-7.49,-5.08,-1.3599999999999999,-2.3933333333333335,,-4.726666666666667,-1.8900000000000001,-7.176666666666667,-2.37,,-1.5466666666666666,-7.926666666666667,-3.74,-1.0366666666666666,,,-1.4566666666666666,,-2.1266666666666665,-1.13,,,-7.286666666666667,-2.183333333333333,-1.58,,-6.096666666666667,,-1.2,-4.116666666666666,-7.933333333333334,-1.0766666666666667,-1.6066666666666667,-6.246666666666667,,-2.033333333333333,,-4.493333333333333,,-7.576666666666666,-6.23,-4.156666666666666,-1.7733333333333334,-7.823333333333333,-1.75,-1.8733333333333333,-1.72,-7.9399999999999995,-1.77,-1.8866666666666667,-3.02,-4.966666666666667,-1.2033333333333334,-6.883333333333333,-1.8066666666666666,-7.013333333333334,-5.696666666666666,-1.95,-1.45,-1.9766666666666666,-7.0,-4.956666666666667,-1.8533333333333335,-7.91,-1.8766666666666667,-4.026666666666666,-4.01,,-4.776666666666666,-2.506666666666667,-1.9866666666666668,-4.783333333333333,-3.163333333333333,-4.83,-3.7533333333333334,-2.17,-1.4966666666666666,-3.85
2024-07-17,-5.48,,-5.246666666666667,,-7.25,,,-1.52,-5.243333333333333,-4.41,-7.0633333333333335,,-4.666666666666667,-5.836666666666667,-7.93,,-1.8266666666666667,-7.576666666666666,-5.88,-1.1533333333333333,-5.266666666666667,-3.873333333333333,-1.77,-1.56,-1.16,-2.12,,-3.1066666666666665,-4.533333333333333,-1.4266666666666667,,-2.8133333333333335,-5.746666666666667,,-1.0333333333333334,,-6.1033333333333335,-3.6866666666666665,-2.763333333333333,-1.7933333333333334,,-1.8566666666666667,-2.15,-7.693333333333333,-7.573333333333333,-7.6,-3.07,-2.203333333333333,,-4.05,-4.523333333333333,-1.8866666666666667,-1.4166666666666667,-1.65,-2.91,-3.04,-5.58,-1.99,-1.73,-7.653333333333333,-3.473333333333333,-7.6066666666666665,-2.6566666666666667,-7.833333333333333,-1.5133333333333332,-3.2866666666666666,-1.97,-7.276666666666666,-7.71,,-7.22,-3.7800000000000002,-1.19,-7.413333333333333,-4.9399999999999995,-4.843333333333334,-2.986666666666667,-6.983333333333333,-7.093333333333334,,-6.846666666666667,-5.6433333333333335,-2.7766666666666664,-4.493333333333333,,-7.023333333333333,-1.4666666666666668,-1.8399999999999999,-3.966666666666667,-3.01,-1.6733333333333333,-5.586666666666667,,-4.5633333333333335,-6.766666666666667,-3.6966666666666668,-4.206666666666667,-2.9,-1.6133333333333333,-1.8833333333333333,-1.92,-1.8966666666666665,-3.9233333333333333,-2.75,-5.003333333333333,-2.9733333333333336,-4.926666666666667,-1.9566666666666666,-1.69,-1.8766666666666667,-5.756666666666667,-4.08,-1.8033333333333332,-4.57,-3.8,,-1.0566666666666666,,,,,-7.116666666666666,-7.433333333333334,,-4.273333333333333,-4.7,-7.67,-5.1433333333333335,-2.09,,,-3.45,-4.26,-5.173333333333334,-1.72,-4.163333333333333,,-7.933333333333334,-3.743333333333333,-7.36,-5.866666666666667,-1.0066666666666666,-1.6600000000000001,,,-3.86,-2.9033333333333333,,-7.64,-2.11,-3.5833333333333335,-2.0733333333333333,-6.753333333333333,-1.9766666666666666,-1.7166666666666668,-1.6266666666666667,,,-4.0,-7.726666666666667,-7.43,-7.906666666666666,-4.623333333333333,-2.18,-5.8100000000000005,,-3.663333333333333,-4.14,-5.49,,-7.17,-1.8533333333333335,-2.796666666666667,-1.6766666666666667,-1.2266666666666666,-7.066666666666666,-5.8933333333333335,,-6.363333333333333,-6.156666666666666,-1.0966666666666667,-5.543333333333333,-3.8233333333333333,-1.7066666666666666,,,,-2.1466666666666665,-7.046666666666667,-2.7333333333333334,,-7.256666666666667,,,-4.336666666666667,-4.6466666666666665,,-2.1966666666666668,,-6.026666666666666,-1.0833333333333333,-1.3266666666666667,,-2.0433333333333334,-1.7366666666666668,-4.42,-7.263333333333334,,-3.4366666666666665,-3.06,-1.44,-6.526666666666666,-7.596666666666667,,-7.62,-6.423333333333334,,-5.486666666666666,-1.24,,-1.2533333333333334,-2.3566666666666665,-6.4,-6.136666666666667,-2.51,-4.38,,-1.74,-3.8633333333333333,-5.233333333333333,-1.3833333333333333,,-2.54,-7.85,-1.7033333333333334,-1.0366666666666666,,,-1.46,,-1.1833333333333333,-1.1333333333333333,,,-5.443333333333333,-3.1766666666666667,-1.5566666666666666,,-5.086666666666667,,-1.2833333333333332,-3.13,-7.9366666666666665,-1.0766666666666667,-5.503333333333333,-7.223333333333334,,-4.03,,-7.453333333333333,-3.3666666666666667,-7.516666666666667,-5.546666666666667,-1.2,-1.8199999999999998,-5.786666666666667,-1.76,-4.87,-1.6800000000000002,-7.946666666666666,-2.83,-2.9433333333333334,-4.02,-7.963333333333333,-4.113333333333333,-6.816666666666666,-3.79,-7.016666666666667,-3.7233333333333336,-2.913333333333333,-1.3,-7.98,-7.993333333333333,-3.953333333333333,-1.95,-7.773333333333333,-1.9166666666666665,-6.013333333333334,-3.5533333333333332,,-5.053333333333334,-4.536666666666667,-1.9966666666666666,-3.6166666666666667,-4.1,-2.7133333333333334,-4.636666666666667,-1.1666666666666667,-1.55,-3.8066666666666666
2024-07-18,-5.496666666666667,,-5.073333333333333,,-7.196666666666666,,,-2.533333333333333,-4.083333333333333,-3.2466666666666666,-5.04,,-3.6566666666666667,-5.933333333333334,-7.953333333333333,,-1.83,-7.573333333333333,-4.9,-1.1633333333333333,-4.193333333333333,-2.87,-1.7733333333333334,-4.58,-1.4433333333333334,-4.13,,-5.833333333333333,-6.54,-1.3900000000000001,,-5.863333333333333,-6.793333333333333,,-4.033333333333333,,-3.1333333333333333,-2.6866666666666665,-1.7133333333333334,-1.7966666666666666,,-4.8133333333333335,-1.1400000000000001,-1.67,-7.553333333333334,-5.7,-4.383333333333334,-7.1066666666666665,,-4.053333333333334,-6.43,-2.8833333333333333,-2.4333333333333336,-3.6366666666666667,-2.913333333333333,-1.1033333333333333,-4.65,-1.9933333333333332,-1.77,-6.623333333333333,,-7.536666666666667,-2.5633333333333335,-7.776666666666666,-1.48,-7.25,-2.966666666666667,-7.1,-7.6899999999999995,,-6.19,-1.8433333333333333,-7.256666666666667,-7.26,-1.92,-5.8533333333333335,-5.973333333333334,-7.976666666666667,-6.026666666666666,,-4.88,-3.6166666666666667,-6.64,-1.5033333333333334,,-7.046666666666667,-1.5066666666666668,-4.826666666666666,-1.97,-3.0033333333333334,-1.6333333333333333,-4.653333333333333,,-3.5300000000000002,-7.596666666666667,-4.66,-6.086666666666667,-5.753333333333333,-1.7166666666666668,-3.836666666666667,-1.8599999999999999,-1.9366666666666665,-7.906666666666666,-1.71,-4.023333333333333,-1.98,-6.91,-1.9566666666666666,-1.8,-1.8733333333333333,-5.336666666666667,-2.3533333333333335,-1.8866666666666667,-6.52,-5.783333333333333,,-1.06,,,,,-4.123333333333333,-6.42,,-3.2733333333333334,-5.703333333333333,-6.626666666666667,-7.21,-4.076666666666666,,,-6.46,-1.6766666666666667,-5.243333333333333,-4.726666666666667,-5.18,,-7.903333333333333,-4.663333333333333,-7.3966666666666665,-6.8100000000000005,-2.03,-1.6733333333333333,,,-3.85,-1.8466666666666667,,-6.61,,-2.59,-1.0966666666666667,-1.7233333333333334,-3.986666666666667,-4.733333333333333,-3.5666666666666664,,,-4.0,-7.82,-7.446666666666666,-7.8966666666666665,-7.6066666666666665,-5.153333333333333,-4.79,,-1.6,-2.0933333333333333,-4.283333333333333,,-6.286666666666667,-2.8066666666666666,-5.823333333333333,-1.73,-1.2033333333333334,-3.09,-4.9399999999999995,,-7.423333333333334,-4.2,-1.1133333333333333,-4.63,-3.8566666666666665,-2.75,,,,-3.1733333333333333,-5.043333333333333,-1.8666666666666667,,-7.183333333333334,,,-7.35,-1.5766666666666667,-3.7800000000000002,-3.1666666666666665,,-5.066666666666666,-2.1433333333333335,-1.38,,-2.013333333333333,-5.74,-6.556666666666667,-7.316666666666666,,-1.51,-6.07,-1.45,-7.47,-7.593333333333334,,-7.5600000000000005,-2.413333333333333,,-4.4366666666666665,-1.2333333333333334,,-1.2766666666666666,-7.293333333333333,-7.1466666666666665,-5.6033333333333335,-1.6133333333333333,-1.3233333333333333,,-1.7666666666666666,-7.84,-7.27,-3.3866666666666667,,-1.55,-7.763333333333334,-7.6466666666666665,-1.05,,,-2.4766666666666666,,,-1.1166666666666667,,,-6.466666666666667,-7.15,-2.3333333333333335,,-4.12,,-1.3766666666666667,-4.16,-7.93,-1.1266666666666667,-7.346666666666667,-7.213333333333333,,-1.0366666666666666,,-7.456666666666667,-4.303333333333334,-6.483333333333333,-5.666666666666667,-3.23,-3.8166666666666664,-3.7466666666666666,-1.7433333333333332,-1.8766666666666667,-1.7066666666666666,-7.943333333333333,-3.89,-1.9466666666666668,-5.02,-6.95,-7.08,-3.736666666666667,-5.683333333333334,-7.016666666666667,-1.7866666666666666,-4.62,-1.2066666666666666,-5.983333333333333,-1.99,-2.9266666666666667,-1.9633333333333334,-7.72,-2.9233333333333333,-6.006666666666667,-2.9166666666666665,,-2.01,-6.516666666666667,-4.996666666666667,-3.8033333333333332,-1.0633333333333332,-1.5266666666666666,-5.37,-2.11,-2.49,-3.756666666666667
2024-07-19,-5.466666666666667,,-5.07,,-7.153333333333333,,,-1.5266666666666666,-7.05,-2.1066666666666665,-6.033333333333333,,-3.71,-5.946666666666666,-7.966666666666667,,-3.783333333333333,-7.586666666666667,-1.8866666666666667,-1.12,-2.183333333333333,-3.86,-1.7733333333333334,-4.59,-2.58,-3.1466666666666665,,-6.9,-2.4966666666666666,-7.336666666666667,,-4.88,-7.806666666666667,,-1.0433333333333334,,-1.2333333333333334,-2.6566666666666667,-1.6933333333333334,-1.77,,-5.826666666666666,-1.1733333333333333,-7.64,-5.54,-6.683333333333334,-5.776666666666666,-7.443333333333333,,-2.1666666666666665,-4.406666666666666,-3.8433333333333333,-3.4766666666666666,-4.62,-1.9133333333333333,-1.55,-2.7,-1.9933333333333332,-1.7966666666666666,-5.613333333333333,,-7.47,-1.5166666666666666,-6.583333333333333,-1.4733333333333334,-6.386666666666667,-3.9566666666666666,-7.06,-7.636666666666667,,-4.243333333333333,-1.8333333333333335,-1.35,-7.4,-1.9100000000000001,-4.846666666666667,-7.933333333333334,-3.9366666666666665,-3.02,,-3.873333333333333,-7.6066666666666665,-4.65,-2.5233333333333334,,-6.213333333333333,-1.5433333333333334,-4.866666666666667,-1.98,-7.003333333333333,-2.7066666666666666,-3.83,,-2.506666666666667,-7.203333333333333,-5.6433333333333335,-2.19,-1.2666666666666666,-1.7233333333333334,-2.7266666666666666,-1.87,-1.96,-6.92,-1.7033333333333334,-5.756666666666667,-1.9766666666666666,-7.916666666666667,-1.95,-1.8233333333333333,-1.85,-7.026666666666666,-2.6666666666666665,-1.9033333333333333,-7.41,-6.76,,-2.0766666666666667,,,,-6.333333333333333,-3.1033333333333335,-4.46,,-3.32,-3.7133333333333334,-2.5633333333333335,-7.276666666666666,-5.066666666666666,,,-7.48,-1.79,-5.433333333333334,-2.7199999999999998,-4.26,,-7.82,-5.633333333333333,-6.366666666666666,-5.68,-5.093333333333334,-1.69,,,-1.8366666666666667,-1.8,,-7.593333333333334,,-1.6033333333333335,-2.1433333333333335,-5.653333333333333,-3.986666666666667,-3.743333333333333,-1.6766666666666667,,,-3.9966666666666666,-1.8166666666666667,-6.616666666666667,-7.84,-7.553333333333334,-5.206666666666667,-3.74,,-4.273333333333333,-1.1,-1.23,,-5.36,-3.7866666666666666,-1.7633333333333332,-1.8133333333333335,-1.18,-3.14,-3.9433333333333334,,-7.663333333333333,-1.2566666666666666,-1.1366666666666667,-3.66,-4.876666666666667,,-1.3733333333333333,,,-7.15,-5.03,-1.8900000000000001,,-7.163333333333333,,,-7.3133333333333335,-1.5666666666666667,-1.81,-2.2,,-4.113333333333333,-3.6733333333333333,-1.42,,-4.01,-7.6866666666666665,-7.546666666666667,-7.303333333333334,-2.4266666666666667,-3.57,-7.08,-3.4366666666666665,-7.43,,,-7.493333333333333,-5.39,,-3.37,-1.2966666666666666,-1.4566666666666666,-1.33,-7.176666666666667,-7.073333333333333,-7.716666666666667,-1.67,-1.34,,-2.73,-6.753333333333333,-7.253333333333333,-5.363333333333333,,-1.5733333333333333,-6.006666666666667,-6.623333333333333,-2.0566666666666666,-1.3433333333333333,,-2.5366666666666666,,,-1.0833333333333333,,,-7.44,-6.11,-3.1866666666666665,,-6.13,,-5.486666666666666,-2.17,-7.923333333333334,-2.1333333333333333,-6.09,-4.24,,-4.046666666666667,,-5.503333333333333,-5.216666666666667,-4.453333333333333,-4.736666666666666,-4.21,-4.8533333333333335,-3.52,-2.7666666666666666,-2.8633333333333333,-1.78,-7.963333333333333,-4.883333333333333,-1.9533333333333334,-6.023333333333333,-5.93,-6.086666666666667,-2.5566666666666666,-3.533333333333333,-7.04,-1.7933333333333334,-5.053333333333334,-4.096666666666667,-5.983333333333333,-2.99,-1.8566666666666667,-4.973333333333334,-7.8933333333333335,-3.9266666666666667,-5.013333333333334,-1.97,,-3.0166666666666666,-7.5,-4.0,-1.9066666666666667,-1.0633333333333332,-5.326666666666666,-6.383333333333334,-1.1233333333333333,-2.6,-3.75
2024-07-22,-3.4033333333333333,,-5.086666666666667,,-7.156666666666666,,-2.336666666666667,-4.533333333333333,-6.046666666666667,-6.1,-7.033333333333333,,-1.78,-7.956666666666667,-7.96,,-4.71,-7.6033333333333335,-7.883333333333333,-1.13,-1.1933333333333334,-4.866666666666667,-3.7766666666666664,-6.566666666666666,-2.663333333333333,-6.18,,-7.93,-3.4566666666666666,-6.29,,-1.87,-7.83,-5.203333333333333,-3.0566666666666666,,-7.38,-4.633333333333333,-4.666666666666667,-1.7266666666666666,,-4.8533333333333335,-1.1833333333333333,,-2.5366666666666666,-7.66,-6.8566666666666665,-7.73,,-1.55,-7.343333333333334,-4.753333333333333,-2.493333333333333,-6.573333333333333,-2.913333333333333,-3.6766666666666667,-6.763333333333334,-2.993333333333333,-1.8,,,-6.39,-1.4,-6.05,-2.413333333333333,-5.51,-4.953333333333333,-6.06,-6.616666666666667,,-2.2266666666666666,-2.79,-2.41,-7.433333333333334,-2.9233333333333333,-4.816666666666666,-7.043333333333333,-1.07,-1.01,,-2.8633333333333333,-7.5633333333333335,-6.723333333333334,-3.54,,-7.6,-2.59,-1.8933333333333333,-1.9733333333333334,-6.003333333333333,-7.733333333333333,-2.91,,-2.4466666666666668,-7.066666666666666,-6.6433333333333335,-1.6566666666666667,-3.09,-5.696666666666666,-7.423333333333334,-1.9,-6.966666666666667,-7.86,-2.75,-7.9366666666666665,-1.9633333333333334,-7.92,-5.9399999999999995,-4.826666666666666,-1.8233333333333333,-3.02,-6.74,-1.9266666666666667,-7.26,-7.77,,-2.1133333333333333,,,,-7.3533333333333335,-2.1166666666666667,-5.3966666666666665,,-7.346666666666667,-3.736666666666667,-3.5033333333333334,-6.22,-6.1066666666666665,,,-7.473333333333334,-1.8333333333333335,-2.5533333333333332,-1.7,-2.4766666666666666,,-7.6466666666666665,-6.703333333333333,-7.386666666666667,-6.246666666666667,-5.223333333333334,-4.716666666666667,,,-1.8399999999999999,-1.69,,-7.546666666666667,,-1.6066666666666667,-7.3933333333333335,-7.61,-5.99,-2.7199999999999998,-1.8199999999999998,,,-5.996666666666667,-1.7666666666666666,-5.673333333333334,-7.806666666666667,-7.46,-2.4699999999999998,-3.796666666666667,,-1.2566666666666666,-1.1266666666666667,-7.1866666666666665,,-4.363333333333333,-2.743333333333333,-1.7133333333333334,-1.85,-2.1666666666666665,-7.216666666666667,-2.9466666666666668,,-7.756666666666667,-2.31,-2.1366666666666667,-2.6833333333333336,-3.8966666666666665,,-1.45,,,-7.16,-4.023333333333333,-2.876666666666667,-1.5433333333333334,-7.153333333333333,,,-7.263333333333334,-1.5766666666666667,-3.81,-3.33,,-3.11,-4.846666666666667,-1.48,,-4.013333333333334,-7.64,-7.506666666666667,-5.24,-5.463333333333333,-6.623333333333333,-7.073333333333333,-3.3733333333333335,-7.42,,,-7.67,-3.4066666666666667,,-3.5233333333333334,-1.43,-1.4866666666666668,-1.3833333333333333,-7.176666666666667,-6.083333333333333,-7.783333333333333,-3.6866666666666665,-1.4533333333333334,,-3.7066666666666666,-7.636666666666667,-7.243333333333333,-1.3566666666666667,,-6.596666666666667,-5.006666666666667,-5.63,-2.0766666666666667,-2.32,,-4.593333333333334,,,-3.0933333333333333,,,-6.306666666666667,-5.096666666666667,-4.2,,-3.19,,-6.556666666666667,-2.283333333333333,-6.903333333333333,-2.17,-5.053333333333334,-3.2800000000000002,,-6.0633333333333335,,-7.496666666666667,-6.173333333333334,-1.4666666666666668,-2.76,-5.196666666666666,-2.873333333333333,-5.12,-3.7933333333333334,-3.836666666666667,-1.8033333333333332,-7.97,-5.88,-5.95,-7.04,-4.906666666666666,-7.133333333333334,-4.15,-7.213333333333333,-7.1033333333333335,-2.7466666666666666,-7.026666666666666,-5.08,-4.98,-3.986666666666667,-1.6933333333333334,-6.976666666666667,-7.886666666666667,-4.933333333333334,-6.016666666666667,-1.9833333333333334,,-1.0366666666666666,-7.49,-8.0,-1.9433333333333334,-1.1233333333333333,-4.52,-7.626666666666667,-4.516666666666667,-1.6533333333333333,-1.8133333333333335
2024-07-23,-7.366666666666666,,-4.09,,-7.18,,,-6.556666666666667,-5.1,-7.116666666666666,-7.046666666666667,,-2.836666666666667,-7.953333333333333,-7.85,,-5.64,-7.63,-6.83,-1.1433333333333333,-1.2233333333333334,-7.873333333333333,-6.79,-7.6033333333333335,-3.6766666666666667,-7.206666666666667,,-7.923333333333334,-4.416666666666667,-5.283333333333333,,-2.8533333333333335,-7.866666666666667,-7.203333333333333,-6.1033333333333335,,-6.523333333333333,-7.456666666666667,-5.666666666666667,-4.713333333333333,,-7.876666666666667,-2.256666666666667,,-4.413333333333333,-6.53,-7.906666666666666,-7.833333333333333,,-2.61,-7.253333333333333,-5.67,-5.506666666666667,-7.463333333333333,-2.8966666666666665,-4.703333333333333,-6.8133333333333335,-3.993333333333333,-5.8,,,-7.22,-3.17,-6.033333333333333,-3.263333333333333,-4.51,-5.946666666666666,-5.076666666666666,-6.553333333333334,,-2.183333333333333,-4.723333333333334,-3.4766666666666666,-7.156666666666666,-1.9300000000000002,-5.726666666666667,-7.01,-3.013333333333333,-2.02,,-3.8866666666666667,-6.516666666666667,-6.673333333333334,-4.5633333333333335,,-7.6899999999999995,-3.5766666666666667,-2.913333333333333,-6.97,-5.006666666666667,-7.72,-6.943333333333333,,-2.1966666666666668,-6.056666666666667,-7.57,-1.6800000000000002,-3.06,-7.7,-7.07,-1.9333333333333333,-7.976666666666667,-6.0633333333333335,-1.8266666666666667,-6.956666666666667,-1.9633333333333334,-7.916666666666667,-6.8566666666666665,-5.843333333333334,-1.74,-1.03,-7.773333333333333,-2.9366666666666665,-5.2,-7.78,,-4.15,,,,-7.406666666666666,-1.1466666666666667,-2.5033333333333334,,-7.43,-3.7933333333333334,-5.486666666666666,-5.19,-7.133333333333334,,,-7.49,-2.87,-2.6566666666666667,-2.73,-1.5933333333333333,,-6.073333333333333,-7.756666666666667,-7.336666666666667,-7.096666666666667,-7.3,-6.76,,,-5.846666666666667,-1.34,,-7.403333333333333,,-1.6333333333333333,-6.543333333333333,-7.176666666666667,-6.99,-7.746666666666667,-4.883333333333333,,,-6.996666666666667,-3.6066666666666665,-4.763333333333334,-7.696666666666666,-7.193333333333333,-6.62,-3.7333333333333334,,-2.2866666666666666,-1.2266666666666666,-7.173333333333334,,-3.4366666666666665,-5.736666666666666,-3.65,-2.88,-1.21,-5.316666666666666,-1.8900000000000001,,-7.816666666666666,-3.2733333333333334,-1.2133333333333334,-1.6933333333333334,-7.926666666666667,,-4.546666666666667,,,-6.236666666666666,,-1.9100000000000001,,-5.16,,,-6.33,-4.586666666666667,-6.783333333333333,-5.45,,-2.13,-5.92,-2.533333333333333,,-6.023333333333333,-7.483333333333333,-6.46,-3.26,-7.38,-7.663333333333333,-7.083333333333333,-1.3833333333333333,-7.426666666666667,,,-5.766666666666667,-2.48,,-1.5899999999999999,-1.5366666666666666,-2.5266666666666664,-1.4533333333333334,-7.25,-5.11,-7.803333333333334,-6.706666666666667,-1.6,,-4.636666666666667,-6.276666666666666,-6.306666666666667,-1.4233333333333333,,-7.6433333333333335,-4.003333333333333,-5.6466666666666665,-3.1266666666666665,-1.41,,-6.653333333333333,,,-4.12,,,-4.326666666666666,-7.1066666666666665,-5.153333333333333,,-1.3933333333333333,,-7.596666666666667,-1.3566666666666667,-5.863333333333333,-2.243333333333333,-4.05,-2.3433333333333333,,-1.1233333333333333,,-7.58,-6.246666666666667,-2.493333333333333,-1.7866666666666666,-2.24,-7.9,-6.036666666666667,-4.796666666666667,-4.82,-1.81,-7.98,-6.84,-6.95,-7.053333333333334,-3.7766666666666664,-7.166666666666667,-4.093333333333334,-7.136666666666667,-5.086666666666667,-3.716666666666667,-7.016666666666667,-6.08,-2.9833333333333334,-4.973333333333334,-1.0666666666666667,-5.966666666666667,-7.806666666666667,-5.9399999999999995,-7.043333333333333,-1.9866666666666668,,-4.626666666666667,-7.376666666666667,-8.0,-3.96,-4.216666666666667,-6.583333333333333,-7.75,-1.71,-3.66,-3.86
2024-07-24,,,-7.166666666666667,,-7.293333333333333,,,-7.553333333333334,-3.09,-7.136666666666667,-6.083333333333333,,-3.8666666666666667,-1.8833333333333333,-2.0166666666666666,,-6.316666666666666,-7.286666666666667,-2.15,-1.1833333333333333,-1.3333333333333333,-1.9,-7.84,-7.693333333333333,-5.45,-1.29,,-1.8033333333333332,-7.3933333333333335,-4.363333333333333,,-7.826666666666666,-7.8933333333333335,-6.65,-7.196666666666666,,-4.7,-7.276666666666666,-7.71,-5.6899999999999995,,-6.913333333333333,-3.243333333333333,,-4.3966666666666665,-1.2833333333333332,-7.9366666666666665,-5.886666666666667,-2.7466666666666666,-1.7866666666666666,-7.296666666666667,-6.476666666666667,-2.59,-1.3433333333333333,-1.8333333333333335,-5.38,-7.85,-7.98,-6.836666666666667,,,-7.1466666666666665,-4.14,-7.046666666666667,-5.256666666666667,-3.5433333333333334,-6.216666666666667,-3.1,-6.346666666666667,,-2.2,-5.263333333333334,-3.626666666666667,-5.123333333333333,-2.9166666666666665,-7.3133333333333335,-7.013333333333334,-1.01,-1.04,,-4.88,-7.39,-7.32,-5.58,-2.466666666666667,-7.213333333333333,-4.523333333333333,-2.9333333333333336,-1.9733333333333334,-4.006666666666667,-1.6466666666666665,-1.96,,-4.203333333333333,-5.096666666666667,-7.383333333333334,-1.7966666666666666,-7.093333333333334,-7.61,-7.07,-1.9533333333333334,-5.983333333333333,-5.026666666666666,-2.89,-4.6066666666666665,-2.9699999999999998,-7.91,-7.036666666666667,-6.79,-1.2066666666666666,-5.033333333333333,-7.75,-5.926666666666667,,-7.816666666666666,,-1.26,,,,-6.536666666666667,-1.2233333333333334,-1.72,,-7.57,-7.846666666666667,-1.4633333333333334,-5.233333333333333,-7.193333333333333,,,,-2.873333333333333,-2.7266666666666666,-3.76,-4.716666666666667,,-7.053333333333334,-7.8566666666666665,-3.3566666666666665,-6.133333333333334,-7.336666666666667,-4.793333333333333,,,-4.86,-1.13,,-7.25,,-1.7333333333333334,-4.486666666666666,-7.113333333333333,-4.996666666666667,-7.77,-2.94,,,-7.0633333333333335,-4.24,-3.8233333333333333,-6.67,-7.18,-6.783333333333333,-4.16,,-1.2666666666666666,-1.6800000000000002,-7.17,,-2.4566666666666666,-6.763333333333334,-4.35,-1.9066666666666667,-3.4,-2.3233333333333333,-1.02,,-7.876666666666667,-4.326666666666666,-1.5333333333333332,-1.6,-7.943333333333333,,-4.703333333333333,,,-4.46,,-1.9300000000000002,,-4.153333333333333,,,-1.49,-6.62,-7.6433333333333335,-7.55,,-1.19,-6.946666666666666,-4.63,,-5.056666666666667,-7.3,-7.426666666666667,-1.3733333333333333,-6.423333333333334,-7.743333333333333,-3.1166666666666667,-1.5466666666666666,-7.5600000000000005,,,-5.82,-4.633333333333333,,-4.66,-2.6866666666666665,-2.64,-2.663333333333333,-5.47,-4.176666666666667,-7.8100000000000005,-7.74,-1.78,,-6.28,-5.126666666666667,-2.493333333333333,-1.5966666666666667,,-5.736666666666666,-3.0033333333333334,-3.7533333333333334,-4.22,-1.5833333333333335,,,,,-1.1866666666666668,,,-3.52,-3.1433333333333335,-6.173333333333334,,-2.6366666666666667,,-7.673333333333334,-3.5,-5.23,-1.37,-3.08,-1.42,,-1.2266666666666666,,-7.776666666666666,-4.4366666666666665,-3.6566666666666667,-5.806666666666667,-1.3666666666666667,-6.95,-1.03,,-5.73,-4.773333333333333,-7.986666666666666,-7.21,-7.8966666666666665,-7.076666666666666,-5.12,-4.236666666666666,-5.1066666666666665,-7.156666666666666,-4.086666666666667,-3.2466666666666666,-7.023333333333333,-7.11,-1.99,-5.963333333333333,-2.05,-7.966666666666667,-6.27,-6.956666666666667,-6.073333333333333,-1.9933333333333332,,-2.87,-7.376666666666667,-7.0,-7.976666666666667,-5.403333333333333,-7.33,-7.8133333333333335,-1.8633333333333333,-6.713333333333333,-7.903333333333333
2024-07-25,,,-7.213333333333333,,-5.42,,,-7.55,-7.083333333333333,-7.203333333333333,-2.1266666666666665,,-4.793333333333333,-2.0533333333333332,-1.01,,-7.306666666666667,-3.2266666666666666,-2.11,-7.256666666666667,-1.4433333333333334,-1.9,-7.8533333333333335,-6.706666666666667,-2.3833333333333333,-2.3466666666666667,,-2.1233333333333335,-5.4366666666666665,-3.4699999999999998,-4.333333333333333,-6.406666666666666,-6.916666666666667,-6.426666666666667,-1.3166666666666667,,,-5.28,-6.513333333333334,-6.543333333333333,,-5.923333333333334,-7.21,,-3.466666666666667,-2.3033333333333332,-7.953333333333333,-7.8966666666666665,-1.8866666666666667,-1.75,-6.343333333333334,-7.24,-2.623333333333333,-2.4233333333333333,-1.3566666666666667,-1.2233333333333334,-4.843333333333334,-7.033333333333333,-5.86,,,-6.2,-5.216666666666667,-7.0633333333333335,-5.27,-2.4633333333333334,-7.036666666666667,-7.16,-5.39,,-1.2366666666666666,-6.18,-4.72,-4.173333333333334,-3.9466666666666668,-3.1933333333333334,-3.0233333333333334,-1.02,-2.08,,-1.8199999999999998,-5.416666666666667,-6.31,-5.546666666666667,-1.2766666666666666,-7.116666666666666,-4.496666666666667,-4.866666666666667,-1.9766666666666666,-3.013333333333333,-2.3966666666666665,-1.9733333333333334,,-2.2466666666666666,-7.1433333333333335,-7.336666666666667,-1.8266666666666667,-1.09,-7.4,-7.076666666666666,-4.926666666666667,-4.99,-4.03,-5.9399999999999995,-2.0433333333333334,-3.98,-6.3533333333333335,-7.046666666666667,-6.35,-2.1866666666666665,-1.0733333333333333,-7.533333333333333,-5.8566666666666665,,-7.863333333333333,,-4.366666666666666,,,,-7.573333333333333,-1.3266666666666667,-2.8133333333333335,,-6.63,-4.883333333333333,-2.4333333333333336,-4.253333333333333,-7.266666666666667,,,,-4.556666666666667,-1.7466666666666666,-2.7333333333333334,-1.76,,-4.066666666666666,-7.593333333333334,-3.48,-7.17,-7.36,-6.83,-7.363333333333333,,-1.8399999999999999,-1.12,,-5.243333333333333,,-1.7866666666666666,-4.446666666666666,-7.136666666666667,-5.97,-6.723333333333334,-1.9633333333333334,-7.1466666666666665,,-7.003333333333333,-5.19,-2.8933333333333335,-6.23,-6.22,-6.85,-1.0933333333333333,,-5.286666666666667,-2.8066666666666666,-7.196666666666666,,-1.5366666666666666,-7.283333333333333,-5.32,-4.93,-5.54,-1.4033333333333333,-1.0166666666666666,,-7.903333333333333,-5.38,-2.51,-1.3733333333333333,-7.956666666666667,,-5.8100000000000005,-6.763333333333334,,-1.6766666666666667,,-2.9433333333333334,,-3.163333333333333,,,-2.5633333333333335,-5.613333333333333,-6.296666666666667,-2.49,,-1.25,-7.96,-3.663333333333333,,-7.113333333333333,-5.37,-7.46,-1.4566666666666666,-7.516666666666667,-6.803333333333334,-3.1666666666666665,-1.6066666666666667,-7.65,,,-3.89,-3.74,,-5.5600000000000005,-1.7033333333333334,-5.696666666666666,-4.756666666666667,-7.68,-3.263333333333333,-7.773333333333333,-7.62,-3.873333333333333,,-4.26,-4.14,-4.64,-7.716666666666667,,-5.796666666666667,-7.006666666666667,-2.79,-7.3133333333333335,-3.6733333333333333,,,,,-2.2733333333333334,,,-4.596666666666667,-2.2333333333333334,-7.33,,-1.6666666666666665,,-5.583333333333333,-1.58,-2.15,-3.45,-2.1066666666666665,-1.5033333333333334,,-3.3933333333333335,,-7.87,-4.616666666666667,-4.693333333333333,-1.8466666666666667,-2.493333333333333,-3.966666666666667,-2.04,,-6.376666666666667,-3.3866666666666667,-5.993333333333333,-7.096666666666667,-1.1533333333333333,-7.1,-6.06,-2.3233333333333333,-5.183333333333334,-6.3,-2.1033333333333335,-1.1566666666666667,-7.026666666666666,-7.176666666666667,-1.9966666666666666,-5.876666666666667,-1.0566666666666666,-1.7266666666666666,-5.133333333333334,-7.95,-2.13,-1.9866666666666668,,-2.9333333333333336,-6.476666666666667,-8.0,-6.983333333333333,-6.66,-6.29,-7.776666666666666,-2.9366666666666665,-7.823333333333333,-6.906666666666666
2024-07-26,,,-6.253333333333333,,-5.536666666666667,,,-1.6099999999999999,-5.11,-7.37,-2.183333333333333,,-5.406666666666666,-5.04,-7.006666666666667,,-7.33,-2.3933333333333335,-2.0933333333333333,-6.3533333333333335,-1.5466666666666666,-2.623333333333333,-7.923333333333334,-4.8,-2.39,-1.4133333333333333,-5.63,-3.07,-2.493333333333333,-2.6,-5.34,-1.2266666666666666,-7.916666666666667,-4.31,-2.4333333333333336,,,-1.3166666666666667,-7.443333333333333,-5.456666666666667,,-6.636666666666667,-7.243333333333333,,-1.5066666666666668,-3.3233333333333333,-7.966666666666667,-2.57,-1.9433333333333334,-1.4866666666666668,-5.383333333333334,-5.246666666666667,-6.6033333333333335,-3.4833333333333334,-1.2066666666666666,-2.1933333333333334,-6.55,-6.016666666666667,-1.8533333333333335,,,-3.236666666666667,-6.333333333333333,-4.08,-2.32,-1.5133333333333332,-7.036666666666667,-6.213333333333333,-2.43,,-1.2866666666666666,-7.156666666666666,-3.86,-3.223333333333333,-4.933333333333334,-2.2,-7.023333333333333,-2.026666666666667,-3.1233333333333335,,-1.7033333333333334,-2.453333333333333,-5.45,-7.596666666666667,-2.2333333333333334,-6.096666666666667,-1.5033333333333334,-4.196666666666666,-7.96,-2.02,-2.35,-2.9733333333333336,,-1.3,-3.19,-7.373333333333333,-1.4,-1.1033333333333333,-7.346666666666667,-7.09,-1.2666666666666666,-3.993333333333333,-1.0466666666666666,-7.956666666666667,-2.03,-2.986666666666667,-5.1066666666666665,-5.053333333333334,-5.263333333333334,-3.18,-2.1433333333333335,-7.403333333333333,-4.23,,-7.796666666666667,,,-7.556666666666667,,,-7.633333333333333,-2.4466666666666668,-3.8933333333333335,,-4.706666666666667,-1.8733333333333333,-3.5166666666666666,-2.276666666666667,-7.36,-6.5,,,-7.22,-1.7633333333333332,-3.6566666666666667,-1.7133333333333334,-2.7266666666666666,-3.0833333333333335,-7.27,-1.6866666666666665,-2.1866666666666665,-2.41,-3.783333333333333,-6.47,,-4.44,-1.1166666666666667,,-3.283333333333333,,-1.8833333333333333,-2.48,-7.1466666666666665,-1.0433333333333334,-1.5733333333333333,-1.9766666666666666,-6.166666666666667,,-7.003333333333333,-5.17,-1.9266666666666667,-7.15,-7.256666666666667,-1.8966666666666665,-1.0766666666666667,,-7.25,-3.9066666666666667,-6.336666666666667,,-1.6066666666666667,-3.203333333333333,-6.306666666666667,-3.94,-6.65,-1.4733333333333334,-6.013333333333334,,-6.92,-6.38,-4.523333333333333,-2.3133333333333335,-7.983333333333333,,-7.91,-7.843333333333334,,-2.88,,-4.3966666666666665,,-7.173333333333334,,,-3.6433333333333335,-5.62,-5.293333333333333,-1.52,,-1.3666666666666667,-7.963333333333333,-3.7,,-6.16,-4.4366666666666665,-7.496666666666667,-3.5300000000000002,-4.54,-7.85,-5.216666666666667,-1.6800000000000002,-6.75,,,-2.6166666666666667,-6.83,,-3.5633333333333335,-1.6833333333333333,-7.793333333333333,-5.78,-6.826666666666666,-1.3633333333333333,-7.423333333333334,-4.583333333333333,-4.9366666666666665,,-7.26,-3.14,-4.746666666666667,-7.833333333333333,,-5.866666666666667,-6.01,-1.87,-6.416666666666667,-5.673333333333334,,,,,-1.3766666666666667,,,-4.716666666666667,-4.303333333333334,-7.476666666666667,,,,-4.6899999999999995,-1.6666666666666665,-1.1333333333333333,-2.5666666666666664,-1.1266666666666667,-1.5899999999999999,,-1.5266666666666666,,-7.93,-3.76,-5.773333333333333,-1.8233333333333333,-3.58,-7.97,-1.05,,-6.3566666666666665,-1.29,-1.98,-7.086666666666667,-4.066666666666666,-7.136666666666667,-1.0566666666666666,-1.3866666666666667,-5.273333333333333,-5.6466666666666665,-1.1133333333333333,-1.1533333333333333,-7.033333333333333,-6.21,-4.996666666666667,-5.163333333333333,-1.06,-1.0733333333333333,-7.12,-7.343333333333334,-7.176666666666667,-1.3266666666666667,,-1.9533333333333334,-4.576666666666666,-8.0,-5.99,-6.9,-1.28,-7.426666666666667,-3.9466666666666668,-7.913333333333333,-5.736666666666666
2024-07-29,,,-5.283333333333333,,-7.626666666666667,,,-2.6366666666666667,-2.1566666666666667,-7.546666666666667,-2.2533333333333334,,-6.31,-6.03,-7.006666666666667,,-6.403333333333333,-3.8233333333333333,-4.093333333333334,-6.44,-5.613333333333333,-7.5,-7.953333333333333,-3.8466666666666667,-2.3133333333333335,-4.45,-3.8066666666666666,-4.073333333333333,-3.51,-1.6866666666666665,-7.35,-1.22,-7.53,-5.276666666666666,-3.493333333333333,-6.226666666666667,,-2.32,-7.446666666666666,-7.433333333333334,,-7.3966666666666665,-7.24,,-2.5166666666666666,-4.383333333333334,-7.973333333333334,-5.316666666666666,-1.9766666666666666,-2.473333333333333,-7.4366666666666665,-7.26,-7.566666666666666,-4.506666666666667,-2.1966666666666668,-3.16,-5.3533333333333335,-5.013333333333334,-2.76,,,-2.2466666666666666,-7.46,-1.11,-7.386666666666667,-1.58,-7.036666666666667,-7.28,-4.443333333333333,,-1.3066666666666666,-7.133333333333334,-3.9166666666666665,-5.33,-7.633333333333333,-6.233333333333333,-4.033333333333333,-1.04,-4.216666666666667,,-2.38,-1.4766666666666666,-5.503333333333333,-7.64,-1.2433333333333334,-6.08,-2.5266666666666664,-6.1,-7.25,-1.0266666666666666,-4.323333333333333,-1.8599999999999999,,-2.3733333333333335,-1.2566666666666666,-7.413333333333333,-2.3666666666666667,-1.12,-7.3,-7.096666666666667,-4.15,-3.986666666666667,-2.046666666666667,-6.96,-1.0166666666666666,-5.97,-6.09,-7.0633333333333335,-7.223333333333334,-4.206666666666667,-1.2366666666666666,-7.39,-5.213333333333333,,-7.463333333333333,,,-4.6,,,-7.676666666666667,-1.5766666666666667,-1.8566666666666667,,-5.71,-7.67,-4.52,-1.2733333333333334,,-7.49,,,-7.18,-1.7333333333333334,-4.623333333333333,-2.68,-3.7199999999999998,-2.13,-7.286666666666667,-4.803333333333334,-4.203333333333333,-2.42,-7.66,-5.556666666666667,,-7.363333333333333,-3.1166666666666667,,-7.36,,-2.9333333333333336,-7.6433333333333335,-7.153333333333333,-2.02,-2.486666666666667,-1.9833333333333334,-5.21,,-7.003333333333333,,-1.8966666666666665,-6.1433333333333335,-6.34,-5.82,-2.086666666666667,,-7.1466666666666665,-1.8733333333333333,-5.6033333333333335,,-1.5733333333333333,-5.163333333333333,-7.296666666666667,-7.98,-7.746666666666667,-5.483333333333333,-1.01,,-4.906666666666666,-7.453333333333333,-1.4966666666666666,-2.2933333333333334,-7.993333333333333,,-5.926666666666667,-7.883333333333333,,-3.9366666666666665,,-1.1266666666666667,,-6.19,,,-4.666666666666667,-5.59,-5.29,-6.523333333333333,,-1.4066666666666667,-7.89,-6.6899999999999995,,-5.2,-4.466666666666667,-4.513333333333334,-1.5699999999999998,-5.653333333333333,-4.836666666666667,-6.266666666666667,-1.7,-5.8100000000000005,,,-2.3933333333333335,-6.87,,-2.5366666666666666,-1.6633333333333333,-7.843333333333334,-7.753333333333333,-7.863333333333333,-7.423333333333334,-6.37,-7.596666666666667,-6.963333333333333,,-6.326666666666666,-2.1366666666666667,-2.77,-5.903333333333333,,-6.876666666666667,-5.023333333333333,-1.9300000000000002,-5.43,-7.65,-5.826666666666666,,,,-7.47,-7.88,,-1.73,-1.3766666666666667,-7.533333333333333,,,,-2.736666666666667,-1.7633333333333332,-1.1066666666666667,-1.6566666666666667,-1.1733333333333333,-1.63,,-7.553333333333334,,-7.956666666666667,-1.7933333333333334,-6.8933333333333335,-1.7233333333333334,-3.6166666666666667,-7.923333333333334,-2.05,,-7.4,-6.263333333333334,-2.1666666666666665,-7.083333333333333,-3.0566666666666666,-7.176666666666667,-2.0533333333333332,-2.4266666666666667,-5.41,-5.946666666666666,-2.1133333333333333,-3.14,-7.043333333333333,-1.27,-2.0,-5.1033333333333335,-1.0766666666666667,-1.07,-2.23,-7.17,-6.193333333333333,-1.06,,-2.99,-7.6066666666666665,-7.966666666666667,-1.9966666666666666,-7.943333333333333,-2.3433333333333333,-7.346666666666667,-1.94,-7.886666666666667,-4.336666666666667
2024-07-30,,,-4.31,,-7.683333333333334,-7.47,,-4.6466666666666665,-1.2366666666666666,-7.79,-7.373333333333333,,-7.21,-7.023333333333333,-6.01,,-7.426666666666667,-3.966666666666667,-2.1133333333333333,-7.516666666666667,-1.65,-6.49,-7.97,-2.88,-3.2666666666666666,-5.463333333333333,-2.92,-5.0633333333333335,-2.5666666666666664,-1.7566666666666668,-7.3533333333333335,-2.2,-7.386666666666667,-3.2266666666666666,-4.526666666666666,-7.126666666666667,,-2.35,-6.45,-7.403333333333333,-5.57,-1.27,-7.283333333333333,,-1.55,-5.3966666666666665,-7.953333333333333,-6.223333333333334,-1.9866666666666668,-5.466666666666667,-7.486666666666666,-5.273333333333333,-7.533333333333333,-4.536666666666667,-3.183333333333333,-4.166666666666667,-4.243333333333333,-4.02,-1.74,,,-3.276666666666667,-7.593333333333334,-2.17,-7.41,,-7.026666666666666,-6.366666666666666,-1.4933333333333334,,-2.3633333333333333,-7.156666666666666,-1.9266666666666667,-6.5,-6.956666666666667,-1.32,-7.04,-5.043333333333333,-5.296666666666667,,-7.293333333333333,-1.51,-1.9033333333333333,-3.6966666666666668,-1.2633333333333332,-2.0766666666666667,-1.5466666666666666,-1.1,-4.14,-3.03,-1.3266666666666667,-3.4166666666666665,,-7.4366666666666665,-5.34,-3.4566666666666666,-1.3033333333333332,-1.1633333333333333,-4.36,-7.116666666666666,-7.12,-2.3766666666666665,-3.06,-6.943333333333333,-1.0066666666666666,-6.916666666666667,-1.08,-3.09,-7.206666666666667,-5.25,-2.3933333333333335,-7.39,-4.3133333333333335,,-5.3566666666666665,,,-7.616666666666667,,,-7.7,-1.6366666666666667,-5.703333333333333,,-6.716666666666667,-1.5966666666666667,-5.503333333333333,-5.286666666666667,,-3.453333333333333,,,-7.136666666666667,,-6.586666666666667,-7.6899999999999995,-4.723333333333334,-2.2533333333333334,-7.256666666666667,-1.8666666666666667,-5.176666666666667,-1.4233333333333333,-7.59,-4.62,,-7.26,-4.1066666666666665,,-6.413333333333333,,-3.94,-6.6433333333333335,-7.18,-1.0133333333333334,-1.4966666666666666,-1.9733333333333334,,,-6.003333333333333,,-1.8566666666666667,-1.1533333333333333,-2.4333333333333336,-1.73,-4.11,,-7.133333333333334,-4.556666666666667,-4.843333333333334,,-1.5433333333333334,-7.15,-7.346666666666667,-7.983333333333333,-7.746666666666667,-4.44,-1.0166666666666666,,-7.77,-7.473333333333334,-2.4,-1.3,-7.99,,-7.93,-6.91,,-4.946666666666666,,-2.0966666666666667,,-5.1866666666666665,,,-7.676666666666667,-2.626666666666667,-5.316666666666666,-1.56,,-1.33,-7.306666666666667,-7.6866666666666665,,-7.193333333333333,-1.54,-7.53,-5.58,-7.706666666666667,-4.82,-6.28,-2.68,-4.863333333333333,,,-7.29,-4.906666666666666,,-3.5533333333333332,-1.6666666666666665,-7.883333333333333,-7.673333333333334,-1.8466666666666667,-6.46,-6.343333333333334,-1.5833333333333335,-2.9633333333333334,,-5.406666666666666,-1.16,,-7.913333333333333,,-7.87,-4.036666666666667,-1.9766666666666666,-3.42,-6.6,-6.726666666666667,,,,-6.483333333333333,-7.886666666666667,,-1.6533333333333333,-1.38,-7.61,,,,-1.85,-7.823333333333333,-1.13,-2.66,-2.203333333333333,-1.6566666666666667,,-7.573333333333333,,-6.9366666666666665,,-7.923333333333334,-3.7733333333333334,-7.623333333333333,-7.336666666666667,-3.0566666666666666,,-6.476666666666667,-7.24,-3.086666666666667,-7.073333333333333,-2.066666666666667,-6.213333333333333,-3.0533333333333332,-4.443333333333333,-7.523333333333333,-7.98,-1.1433333333333333,-4.173333333333334,-7.033333333333333,-2.3333333333333335,-5.996666666666667,-6.1033333333333335,-1.0933333333333333,-1.07,-5.23,-1.1233333333333333,-5.196666666666666,-2.05,,-6.993333333333333,-7.633333333333333,-1.0466666666666666,-3.0,-7.96,-3.43,-6.383333333333334,-2.8166666666666664,-1.8733333333333333,-3.216666666666667
2024-07-31,,,-3.3433333333333333,,-7.713333333333333,-6.403333333333333,,-4.58,-1.8733333333333333,-5.92,-4.573333333333333,-3.55,-7.136666666666667,-6.016666666666667,-4.013333333333334,,-5.363333333333333,-2.986666666666667,-3.1566666666666667,-3.5666666666666664,-1.6633333333333333,-5.71,-7.97,-1.8900000000000001,-1.1633333333333333,-5.413333333333333,-1.9166666666666665,-6.066666666666666,-2.586666666666667,-1.77,-6.31,-3.2,-5.303333333333334,-2.21,-4.493333333333333,-3.1,,-1.3166666666666667,-2.466666666666667,-7.33,-4.526666666666666,-2.3133333333333335,-7.36,,-1.4966666666666666,-6.3533333333333335,-6.9399999999999995,-5.176666666666667,-1.9733333333333334,-5.633333333333333,-4.513333333333334,-7.273333333333333,-7.46,-5.476666666666667,-3.183333333333333,-5.1466666666666665,-2.1966666666666668,-3.033333333333333,-2.81,,,-1.29,-7.82,-1.2533333333333334,-7.3933333333333335,,-7.02,-5.38,-1.5033333333333334,-1.4266666666666667,-1.35,-7.153333333333333,-2.913333333333333,-5.87,-5.993333333333333,-1.48,-7.036666666666667,-6.056666666666667,-6.556666666666667,,-4.23,-1.5899999999999999,-2.9966666666666666,-6.846666666666667,-1.2933333333333334,-1.08,-2.5166666666666666,-2.0933333333333333,-1.0866666666666667,-1.04,-2.3,-4.37,-1.62,-6.616666666666667,-2.4233333333333333,-3.5233333333333334,-3.2800000000000002,-1.24,-2.3333333333333335,-4.1066666666666665,-6.116666666666666,-2.1266666666666665,-3.05,-7.943333333333333,-1.0066666666666666,-7.263333333333334,-2.09,-3.296666666666667,-6.203333333333333,-5.41,-2.796666666666667,-6.3966666666666665,-2.95,,-4.246666666666667,,,,,,-7.61,-2.5766666666666667,-3.4566666666666666,,-5.683333333333334,-1.6733333333333333,-6.47,-2.276666666666667,,-2.3766666666666665,,,-6.12,,-6.543333333333333,-6.74,-5.693333333333333,-1.8966666666666665,-7.243333333333333,-2.8333333333333335,,-1.4066666666666667,-6.6066666666666665,-3.6433333333333335,,-7.22,-5.083333333333333,,-4.443333333333333,,-1.9333333333333333,-6.613333333333333,-6.19,-1.01,-2.453333333333333,-1.9633333333333334,,,-3.0033333333333334,,-1.8933333333333333,-2.1733333333333333,-2.43,-1.7,-5.1433333333333335,,-6.096666666666667,-7.346666666666667,-3.9566666666666666,,-1.4833333333333334,-7.18,-7.383333333333334,-7.98,-7.656666666666666,-1.3366666666666667,-2.0233333333333334,,-6.886666666666667,-7.433333333333334,-3.2666666666666666,-1.2566666666666666,-7.953333333333333,,-7.866666666666667,-5.883333333333333,,-7.9366666666666665,,-3.046666666666667,,-5.16,-4.8566666666666665,,-7.666666666666667,-1.6466666666666665,-4.34,-1.8233333333333333,,-1.2333333333333334,-7.216666666666667,-6.65,,-7.206666666666667,-1.6366666666666667,-6.49,-6.51,-6.696666666666666,-5.8533333333333335,-5.27,-4.6033333333333335,-4.863333333333333,,,-7.223333333333334,-7.84,,-5.806666666666667,-2.69,-7.836666666666667,-7.536666666666667,-2.7233333333333336,-5.44,-3.3666666666666667,-2.5300000000000002,-1.9266666666666667,,-4.506666666666667,-1.15,,-6.816666666666666,,-6.86,-3.0433333333333334,-1.99,-1.3900000000000001,-7.473333333333334,-6.583333333333333,,-1.1133333333333333,,-5.45,-7.753333333333333,,-1.52,-1.3233333333333333,-7.446666666666666,,,,-2.93,-6.906666666666666,-1.1400000000000001,-2.703333333333333,-1.26,-1.76,,-5.6,,-5.5633333333333335,,-7.903333333333333,-2.9466666666666668,-1.5699999999999998,-6.226666666666667,-4.06,,-7.68,-6.25,-4.073333333333333,-7.0633333333333335,-4.07,-5.386666666666667,-2.0533333333333332,-3.42,-6.8133333333333335,-6.976666666666667,-1.1333333333333333,-4.213333333333333,-6.03,-2.3566666666666665,-7.4366666666666665,-4.11,-1.1033333333333333,-3.32,-4.373333333333333,-2.17,-4.193333333333333,-3.0766666666666667,,-7.96,-1.5333333333333332,-1.0266666666666666,-2.0,-6.966666666666667,-4.91,-5.54,-5.66,-2.75,-2.1666666666666665
2024-08-01,,,-2.3666666666666667,,-7.63,-1.3466666666666667,,-6.45,-1.9466666666666668,-1.7966666666666666,-4.8,-2.44,-7.1066666666666665,-7.02,-3.013333333333333,,-7.243333333333333,-1.9766666666666666,-7.38,-2.57,-5.6,-4.906666666666666,-5.933333333333334,,-2.1,-7.3,-1.8566666666666667,-7.053333333333334,-2.6466666666666665,-1.69,-7.226666666666667,-4.216666666666667,-7.28,-2.18,-6.43,-1.0833333333333333,,-4.256666666666667,-1.8399999999999999,-7.27,-4.456666666666667,-1.4433333333333334,-7.343333333333334,,-3.55,-6.35,-5.876666666666667,-7.1466666666666665,-2.913333333333333,-7.82,-1.65,-7.23,-6.413333333333333,-7.4366666666666665,-5.173333333333334,-6.13,-7.156666666666666,-1.9633333333333334,-3.7800000000000002,,,-1.2233333333333334,-7.71,-2.3633333333333333,,,-7.01,-3.3533333333333335,-1.6666666666666665,-2.513333333333333,-2.3066666666666666,-7.193333333333333,-2.88,-7.8966666666666665,-4.993333333333333,-1.8833333333333333,-6.066666666666666,-7.093333333333334,-7.87,,-5.123333333333333,-1.75,-1.9966666666666666,-1.8433333333333333,-1.4533333333333334,-5.06,-5.5600000000000005,-3.09,-1.0566666666666666,-1.1966666666666668,-2.31,-7.663333333333333,-6.64,-6.86,-2.5433333333333334,-4.7,-7.273333333333333,-3.4966666666666666,-1.3333333333333333,-4.08,-7.086666666666667,-5.03,-5.046666666666667,-1.9366666666666665,-1.0066666666666666,-7.1866666666666665,-3.1133333333333333,-7.99,-7.19,-5.9,-5.83,-6.47,-1.9833333333333334,,-6.166666666666667,,,,,,-3.49,-1.51,-2.34,-5.61,-1.5833333333333335,-1.67,-7.39,-3.24,,-5.276666666666666,,,-7.12,,-4.556666666666667,-7.706666666666667,-6.566666666666666,-1.9666666666666668,-6.286666666666667,-3.7333333333333334,,-1.37,-5.703333333333333,-5.573333333333333,,-7.253333333333333,-6.036666666666667,-1.1366666666666667,-5.48,,-2.9166666666666665,-4.446666666666666,-7.17,-3.0166666666666666,-3.4233333333333333,-2.9733333333333336,,,-1.0033333333333334,,-1.8733333333333333,-1.2833333333333332,-3.4033333333333333,-5.6033333333333335,-6.383333333333334,-7.636666666666667,-5.05,-7.236666666666666,-1.9300000000000002,,-1.4,-6.303333333333334,-7.54,-5.95,-7.523333333333333,-1.2033333333333334,-3.0233333333333334,,-5.753333333333333,-7.426666666666667,-4.2,-2.2066666666666666,-5.73,,-6.726666666666667,,,-6.8933333333333335,,-3.026666666666667,,-7.153333333333333,-4.8100000000000005,,-5.6866666666666665,-7.66,-5.316666666666666,-7.866666666666667,,-2.1433333333333335,-7.183333333333334,-7.553333333333334,,-7.233333333333333,-2.6066666666666665,-6.466666666666667,-2.4633333333333334,-5.683333333333334,-6.826666666666666,-7.22,-3.5266666666666664,-6.793333333333333,,,-5.266666666666667,-7.763333333333334,,-7.903333333333333,-3.6733333333333333,-6.77,-6.493333333333333,-3.533333333333333,-5.406666666666666,-7.756666666666667,-3.4766666666666666,-5.783333333333333,,-3.8866666666666667,-1.1266666666666667,,-5.723333333333334,,-7.8133333333333335,-2.0766666666666667,-1.9866666666666668,-2.3233333333333333,-4.3966666666666665,-1.5633333333333335,,-2.1166666666666667,,-5.3933333333333335,-7.616666666666667,,-1.4166666666666667,-4.263333333333334,-7.296666666666667,,,,-1.9100000000000001,-5.926666666666667,-1.1766666666666667,-1.6433333333333333,-2.3566666666666665,-1.72,,-4.676666666666667,-7.58,-4.29,,-7.863333333333333,-2.96,-1.5466666666666666,-7.213333333333333,-5.0633333333333335,,-7.74,-7.246666666666667,-5.11,-7.04,-6.073333333333333,-4.823333333333333,-1.0433333333333334,-4.373333333333333,-7.743333333333333,-7.943333333333333,-3.1333333333333333,-6.25,-5.033333333333333,-4.376666666666667,-5.3133333333333335,-1.0966666666666667,-3.16,-6.0,-7.776666666666666,-5.923333333333334,-3.163333333333333,-4.293333333333333,,-7.953333333333333,-2.4333333333333336,-2.07,-3.9699999999999998,-7.9399999999999995,-5.956666666666667,-4.92,-7.846666666666667,-3.62,-1.15
2024-08-02,,,-2.3766666666666665,,-7.576666666666666,-2.3166666666666664,,-5.39,-1.9366666666666665,-2.5233333333333334,-1.7966666666666666,-1.4033333333333333,-7.08,-5.013333333333334,-2.0166666666666666,,-7.133333333333334,-1.9566666666666666,-6.943333333333333,-1.5466666666666666,-4.543333333333333,-3.89,-4.84,,-5.0633333333333335,-1.2466666666666666,-2.763333333333333,-7.05,-1.7433333333333332,-1.6033333333333335,-6.23,-5.196666666666666,-6.46,-2.1233333333333335,-3.37,-1.1033333333333333,,-1.2833333333333332,-1.9133333333333333,-7.303333333333334,-2.43,-2.6333333333333333,-7.38,,-1.6266666666666667,-4.3133333333333335,-4.706666666666667,-7.113333333333333,-3.7800000000000002,-6.8,-1.71,-5.216666666666667,-5.456666666666667,-1.4666666666666668,-4.21,-5.1,-1.1433333333333333,-7.986666666666666,-4.723333333333334,,,-1.2533333333333334,-7.726666666666667,-1.2666666666666666,,,-7.01,-7.326666666666666,-1.8333333333333335,-7.5,-1.4066666666666667,-7.65,-1.8466666666666667,-1.9033333333333333,-3.993333333333333,-1.9266666666666667,-3.09,-7.166666666666667,-7.783333333333333,,-7.096666666666667,-1.8533333333333335,-1.99,-6.82,-1.9,-2.086666666666667,-6.683333333333334,-5.126666666666667,-2.046666666666667,-3.0566666666666666,-4.51,-7.95,-5.416666666666667,-4.886666666666667,-1.5566666666666666,-3.7933333333333334,-7.4,-4.826666666666666,-1.6566666666666667,-1.0733333333333333,-6.06,-7.023333333333333,-4.066666666666666,-2.9333333333333336,-1.0066666666666666,-2.2266666666666666,-4.243333333333333,-6.996666666666667,-4.29,-4.946666666666666,-4.77,-4.753333333333333,-1.9833333333333334,,-2.16,,,,,,-5.373333333333333,-2.3833333333333333,-1.28,-1.4633333333333334,-1.56,-2.6966666666666668,-6.34,-7.233333333333333,,-7.223333333333334,,,-5.12,,-7.486666666666666,-5.713333333333333,-7.55,-1.9633333333333334,-4.256666666666667,-1.6800000000000002,,-7.343333333333334,-4.806666666666667,-7.503333333333333,,-6.6899999999999995,-7.03,-2.15,-7.516666666666667,,-3.86,-1.26,-7.153333333333333,-2.02,-3.49,-1.9666666666666668,,,-1.0033333333333334,,-1.8666666666666667,-2.2933333333333334,-4.25,-7.58,-4.91,-3.5733333333333333,-4.04,-7.193333333333333,-1.8433333333333333,,-1.3533333333333333,-7.823333333333333,-7.836666666666667,-3.873333333333333,-4.386666666666667,-1.1066666666666667,-4.026666666666666,,-4.346666666666667,-7.336666666666667,-5.136666666666667,-1.17,-4.27,,,,-5.433333333333334,-5.79,,-4.036666666666667,,-5.116666666666666,-7.75,,-4.663333333333333,-3.716666666666667,-2.61,-6.87,,-3.0766666666666667,-7.19,-5.53,,-7.163333333333333,-1.6400000000000001,-7.413333333333333,-7.42,-1.6366666666666667,-7.786666666666667,-6.1866666666666665,-7.446666666666666,-7.76,,,-7.366666666666666,-6.703333333333333,,-7.8933333333333335,-4.733333333333333,-7.72,,-4.423333333333334,-3.33,-7.8100000000000005,-4.476666666666667,-2.6433333333333335,,-3.8966666666666665,-1.0933333333333333,,-4.6,,-7.766666666666667,-1.3,-1.9733333333333334,-5.31,-3.35,-1.5533333333333332,,,,-3.2733333333333334,-7.52,,-1.32,-4.236666666666666,-7.263333333333334,,,,-1.8833333333333333,-4.923333333333334,-1.5366666666666666,-7.5633333333333335,-1.41,-2.7,,-7.673333333333334,-7.483333333333333,-6.173333333333334,,-7.773333333333333,-6.953333333333333,-6.533333333333333,-4.296666666666667,-5.083333333333333,,-6.776666666666666,-5.493333333333333,-6.8566666666666665,-4.043333333333333,-6.203333333333333,-3.93,-1.0333333333333334,-1.4366666666666665,-2.74,-7.88,-1.2066666666666666,-6.63,-4.053333333333334,-5.363333333333333,-7.213333333333333,-2.18,-4.13,-8.0,-7.22,-4.97,-2.183333333333333,-5.976666666666667,-1.8633333333333333,-7.92,-7.3566666666666665,-1.1766666666666667,-3.513333333333333,-7.916666666666667,-6.96,-2.94,-1.9066666666666667,-1.62,-1.1566666666666667
2024-08-05,,,-1.3433333333333333,,-7.503333333333333,-1.2833333333333332,,-6.363333333333333,-1.9366666666666665,-2.3066666666666666,-3.73,-1.3900000000000001,-7.13,-4.023333333333333,-1.0366666666666666,,-7.096666666666667,-1.95,-5.966666666666667,-1.5,-5.486666666666666,-7.816666666666666,-2.69,,-1.06,-2.1766666666666667,-3.63,-7.18,-1.7533333333333334,-1.5333333333333332,-7.24,-7.163333333333333,-4.806666666666667,-1.0933333333333333,-2.336666666666667,-7.593333333333334,,-1.44,-1.8633333333333333,-5.496666666666667,-1.49,-3.466666666666667,-7.346666666666667,,-2.66,-7.376666666666667,-7.32,-1.1133333333333333,-3.5566666666666666,-3.7266666666666666,-2.6866666666666665,-3.1433333333333335,-7.566666666666666,-1.4533333333333334,-5.766666666666667,-3.11,-1.23,-6.97,-5.666666666666667,,,-1.6133333333333333,-7.793333333333333,-1.1066666666666667,,,-6.006666666666667,-6.42,-1.8533333333333335,-7.43,-1.5966666666666667,-7.9,-2.796666666666667,-1.8833333333333333,-2.99,-3.8933333333333335,-1.07,-7.62,-7.29,-6.2,-4.09,-1.85,-2.993333333333333,-5.8,-1.92,-7.19,-7.746666666666667,-7.213333333333333,-3.046666666666667,-5.013333333333334,-5.6,-7.976666666666667,-5.206666666666667,-3.8866666666666667,-1.3033333333333332,-3.8033333333333332,-7.476666666666667,-6.736666666666666,-1.79,-1.0766666666666667,-5.043333333333333,-6.01,-2.243333333333333,-3.913333333333333,-1.0166666666666666,-4.636666666666667,-5.76,-5.996666666666667,-3.74,-3.9433333333333334,-7.523333333333333,-7.82,-1.9833333333333334,,-1.26,,,,,,-2.25,-3.2866666666666666,-2.223333333333333,-2.3733333333333335,-1.5766666666666667,-1.7166666666666668,-7.323333333333333,-6.226666666666667,,-6.22,,,-3.41,,-6.516666666666667,-3.7133333333333334,-7.55,-1.9466666666666668,-7.173333333333334,-2.64,,-6.33,-3.84,-7.463333333333333,-1.6566666666666667,-5.916666666666667,-1.02,-3.36,-2.5266666666666664,,-3.756666666666667,-1.21,-5.16,-1.08,-5.723333333333334,-1.9566666666666666,,,-1.0033333333333334,,-1.8333333333333335,-5.1466666666666665,-1.15,-6.51,-3.9333333333333336,-1.5066666666666668,-3.03,-7.156666666666666,-1.7833333333333332,,-1.3933333333333333,-7.87,-7.903333333333333,-1.6933333333333334,-5.27,-2.0733333333333333,-5.133333333333334,,-3.17,-7.246666666666667,-6.126666666666667,-1.1666666666666667,-6.14,,,,-5.34,-5.616666666666667,,-7.04,,-7.123333333333333,-7.703333333333333,,-5.6033333333333335,-1.75,-2.91,-7.83,,-4.0633333333333335,-7.296666666666667,-3.5733333333333333,,-7.083333333333333,-1.6099999999999999,-7.316666666666666,-7.3566666666666665,-4.5600000000000005,-3.743333333333333,-7.203333333333333,-1.4,-6.68,,,-6.706666666666667,-6.623333333333333,,-6.866666666666667,-5.683333333333334,-7.65,,-5.333333333333333,-5.266666666666667,-5.843333333333334,-5.383333333333334,-2.493333333333333,,-1.9066666666666667,-1.1,,,,-5.72,-1.3533333333333333,-4.963333333333333,-7.293333333333333,-3.276666666666667,-1.5466666666666666,,,,-3.1866666666666665,-7.45,,-3.263333333333333,-4.183333333333334,-6.256666666666667,,,,-7.836666666666667,-3.88,-1.8966666666666665,-7.543333333333333,-1.47,-2.67,,-6.626666666666667,-6.3966666666666665,-2.1033333333333335,,-7.676666666666667,-3.94,-6.483333333333333,-7.426666666666667,-6.253333333333333,,-5.763333333333334,-3.8466666666666667,-2.953333333333333,-3.0533333333333332,-5.78,-1.9233333333333333,-2.026666666666667,-1.58,-1.7766666666666666,-6.786666666666667,-2.7333333333333334,-4.86,-3.05,-1.3866666666666667,-1.12,-2.9266666666666667,-5.066666666666666,-8.0,-6.193333333333333,-5.96,-1.2333333333333334,-6.986666666666666,-3.81,-7.8566666666666665,-5.3133333333333335,-1.0333333333333334,-3.35,-6.876666666666667,-7.973333333333334,-6.93,-7.873333333333333,-2.6733333333333333,-2.216666666666667
2024-08-06,,,-1.24,,-4.496666666666667,,,-6.406666666666666,-1.7766666666666666,-4.226666666666667,-5.576666666666666,-1.4866666666666668,-7.293333333333333,-7.043333333333333,-1.0466666666666666,,-6.09,-3.9633333333333334,-1.97,-3.4433333333333334,-6.493333333333333,-5.72,-1.6066666666666667,,-7.06,-3.183333333333333,-4.476666666666667,-6.706666666666667,-7.803333333333334,-2.5266666666666664,-6.306666666666667,-7.126666666666667,-1.8733333333333333,-1.08,-1.37,-7.87,,-1.6466666666666665,-1.8599999999999999,-7.663333333333333,-1.54,-6.1466666666666665,-7.233333333333333,,-3.7133333333333334,-7.363333333333333,-6.263333333333334,-2.1133333333333333,-7.383333333333334,-3.163333333333333,-4.546666666666667,-4.13,-6.666666666666667,-1.3733333333333333,-1.7466666666666666,-7.11,-2.3233333333333333,-5.036666666666667,-4.63,,,-1.7533333333333334,-6.756666666666667,-6.073333333333333,,,-7.003333333333333,-5.3566666666666665,-1.88,-5.273333333333333,,-7.9399999999999995,-3.77,-7.8566666666666665,-1.9933333333333332,-6.8933333333333335,-1.05,-7.093333333333334,-7.15,-2.26,-1.1066666666666667,-4.85,-3.986666666666667,-6.76,-1.9066666666666667,-4.316666666666666,-7.8,-7.1433333333333335,-4.12,-4.013333333333334,-6.51,-7.98,-4.153333333333333,-2.8866666666666667,-3.2133333333333334,-5.806666666666667,-6.246666666666667,-7.196666666666666,-2.8266666666666667,-2.1,-4.026666666666666,-6.016666666666667,-1.9300000000000002,-3.92,-1.2066666666666666,-6.926666666666667,-6.266666666666667,-4.996666666666667,-7.8133333333333335,-2.9366666666666665,-7.626666666666667,-7.8100000000000005,-1.99,,-1.5666666666666667,,,,,-7.446666666666666,-7.27,-5.326666666666666,,-3.4033333333333333,-3.6366666666666667,-2.6166666666666667,-7.283333333333333,-5.2,,-5.286666666666667,,,-1.7666666666666666,,-7.463333333333333,-2.703333333333333,,-1.9433333333333334,-7.173333333333334,-6.586666666666667,,-7.303333333333334,-2.836666666666667,-7.483333333333333,-3.7,-4.946666666666666,-2.0233333333333334,-1.7166666666666668,-1.4733333333333334,,-5.733333333333333,-2.216666666666667,-7.156666666666666,-6.833333333333333,-6.83,-6.956666666666667,,,-1.0066666666666666,,-3.783333333333333,-6.086666666666667,-1.1666666666666667,-1.4666666666666668,-7.923333333333334,-1.53,-2.03,-7.243333333333333,-3.31,,-1.3333333333333333,-7.823333333333333,-6.933333333333334,-1.4566666666666666,-3.33,-1.0766666666666667,-6.66,,-2.14,-7.25,-7.18,-2.203333333333333,-3.1366666666666667,,,,-6.346666666666667,-5.426666666666667,,-7.053333333333334,,-6.1866666666666665,-7.67,,-5.573333333333333,-1.78,-1.95,-6.743333333333333,,-5.056666666666667,-6.193333333333333,-2.6766666666666667,,-7.0633333333333335,-1.6333333333333333,-6.29,-7.39,-5.543333333333333,-6.71,-6.21,-2.44,-6.6,,,-7.583333333333333,-6.623333333333333,,-5.796666666666667,-6.693333333333333,-7.65,,-6.376666666666667,-5.28,-4.696666666666666,-6.32,-3.5033333333333334,,-1.8466666666666667,-1.1166666666666667,,,,-4.673333333333334,-2.22,-7.953333333333333,-7.3,-4.34,-2.6433333333333335,,,,-1.19,-7.506666666666667,,-5.276666666666666,-1.2233333333333334,-5.416666666666667,,,,-7.786666666666667,-2.876666666666667,-1.9033333333333333,,-4.296666666666667,-4.61,,-5.556666666666667,-6.453333333333333,-1.1333333333333333,,-7.68,-4.916666666666667,-6.5,-7.17,-5.423333333333334,,-7.596666666666667,-1.8833333333333333,-3.96,-1.1033333333333333,-4.863333333333333,-2.8666666666666667,-3.02,-1.5933333333333333,-1.7366666666666668,-3.7933333333333334,-3.82,-2.91,-2.033333333333333,-6.3533333333333335,-2.6833333333333336,-4.966666666666667,-6.04,-8.0,-7.066666666666666,-6.9,-1.23,-7.983333333333333,-5.773333333333333,-7.8533333333333335,-1.3599999999999999,-2.01,-1.8166666666666667,-5.8966666666666665,-7.976666666666667,-7.913333333333333,-6.84,-3.74,-3.1766666666666667
2024-08-07,,-6.59,-1.1866666666666668,,-7.493333333333333,,,-7.456666666666667,-1.16,-3.216666666666667,-5.28,-1.6233333333333333,-6.68,-6.096666666666667,-2.1233333333333335,,-5.113333333333333,-4.9399999999999995,-6.963333333333333,-2.5033333333333334,-7.483333333333333,-4.743333333333333,-1.4533333333333334,,-7.1033333333333335,-4.193333333333333,-3.35,-7.913333333333333,-7.796666666666667,-3.5666666666666664,-5.546666666666667,-7.093333333333334,-1.88,-1.0566666666666666,-1.4266666666666667,-6.86,,-1.76,-1.81,-6.676666666666667,-1.6533333333333333,-6.08,-1.2233333333333334,,-4.73,-7.306666666666667,-2.2866666666666666,-2.12,-6.37,-1.09,-5.333333333333333,-2.1333333333333333,,-2.3466666666666667,-7.766666666666667,-7.136666666666667,-1.5066666666666668,-4.013333333333334,-7.616666666666667,,,-4.77,-7.67,-1.0533333333333332,,,-7.006666666666667,-3.34,-5.89,-4.253333333333333,,-7.9366666666666665,-4.773333333333333,-7.786666666666667,-1.9933333333333332,-6.863333333333333,-3.0233333333333334,-1.0433333333333334,-7.083333333333333,-1.3733333333333333,-2.183333333333333,-5.836666666666667,-4.966666666666667,-1.72,-2.8533333333333335,-2.5966666666666667,-7.8133333333333335,-7.0633333333333335,-6.823333333333333,-1.01,-7.3,-7.99,-3.1566666666666667,-1.87,-6.17,-7.783333333333333,-7.173333333333334,-3.11,-3.8266666666666667,-1.1166666666666667,-3.026666666666667,,-1.96,-5.876666666666667,-6.98,-6.946666666666666,-6.086666666666667,-5.0,-7.803333333333334,-1.9,-6.85,-6.79,-4.986666666666666,,-1.7533333333333334,,,,,-5.5,-7.273333333333333,-4.376666666666667,,-3.4966666666666666,-5.673333333333334,-6.433333333333334,-6.283333333333333,-7.2,,-5.363333333333333,,,-2.8333333333333335,,-7.383333333333334,-1.69,,-2.91,-1.1400000000000001,-7.526666666666666,,-4.31,-7.843333333333334,-7.47,-3.8,-4.943333333333333,-3.0366666666666666,-2.8066666666666666,-3.3666666666666667,,-6.716666666666667,-2.25,-6.163333333333333,-7.923333333333334,-7.883333333333333,-1.9066666666666667,,,-1.9266666666666667,,-4.6866666666666665,-7.05,-7.203333333333333,-1.4233333333333333,-6.873333333333333,-2.61,-1.06,-5.32,-1.1766666666666667,-6.666666666666667,,-3.3933333333333335,-6.933333333333334,-1.3166666666666667,-2.4033333333333333,-1.1266666666666667,-7.973333333333334,,-1.1533333333333333,-6.24,-7.27,-4.236666666666666,-5.1433333333333335,,,,-5.39,-7.343333333333334,,-5.066666666666666,,-4.29,-1.6266666666666667,,-5.576666666666666,-4.776666666666666,-7.95,-5.586666666666667,,-6.076666666666666,-5.246666666666667,-7.726666666666667,,-7.046666666666667,-3.6933333333333334,-5.303333333333334,-5.52,-2.5533333333333332,-7.656666666666666,-5.256666666666667,-1.4733333333333334,-7.53,,,-7.263333333333334,,,-4.3133333333333335,-7.7,-7.64,,-7.463333333333333,-1.2666666666666666,-5.206666666666667,-6.33,-7.543333333333333,-2.6033333333333335,-1.38,-1.1466666666666667,,,,,-7.166666666666667,-6.93,-1.2966666666666666,-1.4166666666666667,-1.6,,,,-1.2266666666666666,-4.5600000000000005,,-5.293333333333333,-1.2433333333333334,-7.663333333333333,,,,-5.723333333333334,-1.83,-2.8566666666666665,,-4.21,-1.55,,-4.43,-5.556666666666667,-1.18,,-7.6466666666666665,-7.816666666666666,-4.513333333333334,-6.07,-3.57,,-6.26,-5.8933333333333335,-6.233333333333333,-1.23,-1.8866666666666667,-6.3966666666666665,-4.02,-3.5833333333333335,-3.66,-1.8466666666666667,-5.8966666666666665,-5.92,-2.03,-4.336666666666667,-2.9033333333333333,-2.9833333333333334,-1.0333333333333334,-6.996666666666667,-7.04,-7.1066666666666665,-1.22,-6.956666666666667,-2.736666666666667,-6.763333333333334,-4.41,-3.0033333333333334,-1.9533333333333334,-7.916666666666667,-7.976666666666667,-1.8199999999999998,-7.74,-4.793333333333333,-5.15
2024-08-08,,-5.67,-2.1666666666666665,,-5.483333333333333,,,-1.54,-1.1,-6.216666666666667,-3.23,-1.7266666666666666,-5.89,-5.9,-3.9766666666666666,,-4.123333333333333,-1.8866666666666667,-7.946666666666666,-3.5533333333333332,,-4.723333333333334,-2.3066666666666666,,-6.1866666666666665,-5.223333333333334,-5.286666666666667,-7.96,-5.793333333333333,-3.6033333333333335,-4.76,-7.09,-1.87,-1.06,-6.543333333333333,-5.85,,-7.8100000000000005,-1.8399999999999999,-5.693333333333333,-1.73,-7.08,-1.2133333333333334,,-5.733333333333333,-7.296666666666667,-4.276666666666666,-4.113333333333333,-7.383333333333334,-4.076666666666666,-6.243333333333333,-1.12,,-3.3666666666666667,-6.806666666666667,-7.17,-1.7666666666666666,-3.006666666666667,-7.573333333333333,,,-7.746666666666667,-7.3966666666666665,-1.0633333333333332,,,-7.01,-2.3633333333333333,-4.866666666666667,-3.27,,-4.8933333333333335,-5.753333333333333,-3.59,-1.9666666666666668,-5.836666666666667,-1.02,-1.0366666666666666,-7.086666666666667,-6.533333333333333,-3.2666666666666666,-1.8033333333333332,-5.906666666666666,-1.6766666666666667,-7.64,-1.74,-6.8133333333333335,-5.046666666666667,-4.943333333333333,-1.0133333333333334,-7.246666666666667,-7.98,-2.2,-1.8599999999999999,-3.1566666666666667,-7.696666666666666,-6.16,-3.0733333333333333,-2.796666666666667,-1.1266666666666667,-2.03,,-7.956666666666667,-7.786666666666667,-1.9933333333333332,-7.9366666666666665,-6.07,-2.99,-1.7566666666666668,-1.8199999999999998,-6.933333333333334,-5.8,-6.973333333333334,,-2.783333333333333,,,,,-1.5466666666666666,-7.263333333333334,-5.413333333333333,,-7.583333333333333,-1.7033333333333334,-4.38,-1.2733333333333334,-6.203333333333333,,-3.586666666666667,,,-1.88,,-1.3333333333333333,-1.5066666666666668,,-2.8433333333333333,-4.096666666666667,-7.423333333333334,,-4.303333333333334,-5.816666666666666,-6.526666666666666,-3.8533333333333335,-2.9266666666666667,-4.083333333333333,-3.8333333333333335,-2.39,,-7.62,-5.31,-4.22,-6.93,-2.913333333333333,-2.3733333333333335,,,-2.0,,-5.376666666666667,-7.05,-6.326666666666666,-2.3866666666666667,-5.903333333333333,-2.68,-1.2066666666666666,-5.336666666666667,-6.1466666666666665,-2.736666666666667,,-2.1933333333333334,-3.9166666666666665,-2.163333333333333,-7.466666666666667,-3.1733333333333333,-7.996666666666667,,-2.183333333333333,-6.253333333333333,-7.37,-1.26,-4.11,,,,-7.3933333333333335,-7.28,,-1.0933333333333333,,-2.43,-2.6466666666666665,,-6.4,-1.7433333333333332,-6.953333333333333,-7.406666666666666,-5.683333333333334,-5.13,-2.6333333333333333,-6.763333333333334,,-6.053333333333334,-3.77,-3.33,-6.613333333333333,-1.5166666666666666,-7.6066666666666665,-5.29,-7.513333333333334,-6.44,,,-6.196666666666666,,,-2.1766666666666667,-7.52,-6.636666666666667,,-7.57,-1.3,-2.1333333333333333,-5.36,-7.51,-3.6566666666666667,-1.15,-2.1533333333333333,,,,,-6.1433333333333335,-7.823333333333333,-2.32,-1.4466666666666668,-2.473333333333333,,,,-2.256666666666667,-5.576666666666666,-2.623333333333333,-7.293333333333333,-3.283333333333333,-6.83,,,-6.5600000000000005,-4.666666666666667,-1.79,-4.78,,-7.19,-1.48,,-3.3166666666666664,-3.6166666666666667,-1.2366666666666666,,-7.596666666666667,-5.663333333333333,-7.463333333333333,-1.0566666666666666,-3.7133333333333334,,-5.226666666666667,-2.91,-6.066666666666666,-1.8733333333333333,-7.8566666666666665,-7.14,-1.0233333333333334,-7.453333333333333,-1.4333333333333333,-4.883333333333333,-7.963333333333333,-7.8966666666666665,-1.0266666666666666,-6.323333333333333,-4.923333333333334,-6.986666666666666,-1.0333333333333334,-7.95,-7.043333333333333,-7.04,-1.24,-5.536666666666667,-1.5933333333333333,-5.21,-1.4766666666666666,-4.003333333333333,-6.97,-3.92,-7.983333333333333,-2.486666666666667,-7.346666666666667,-5.846666666666667,-4.136666666666667
2024-08-09,,-4.76,-2.1733333333333333,,-6.516666666666667,,,-5.583333333333333,-1.0866666666666667,-1.2066666666666666,-7.21,-1.7833333333333332,-5.943333333333333,-7.956666666666667,-4.993333333333333,,-1.1433333333333333,-7.806666666666667,-7.926666666666667,-7.676666666666667,,-3.6333333333333333,-7.23,,-4.683333333333334,-6.223333333333334,-1.28,-7.973333333333334,-7.776666666666666,,-3.84,-7.09,-2.8433333333333333,-3.06,-6.656666666666666,-3.7866666666666666,,-6.85,-1.8866666666666667,-5.64,-1.7566666666666668,-7.083333333333333,-1.1933333333333334,,-6.72,-7.256666666666667,-5.29,-5.123333333333333,-1.45,-7.0633333333333335,-7.203333333333333,-1.1533333333333333,,-4.54,-7.796666666666667,-7.17,-6.833333333333333,-2.0033333333333334,-7.6899999999999995,,,-7.6466666666666665,-7.243333333333333,-1.1033333333333333,,,-5.01,-1.3366666666666667,-1.8599999999999999,-2.3333333333333335,,-7.78,-7.766666666666667,-4.283333333333333,-1.8166666666666667,-5.826666666666666,-1.02,-3.0366666666666666,-5.113333333333333,-6.68,-4.52,-2.75,-7.383333333333334,-4.486666666666666,-7.22,-2.763333333333333,-7.8,-3.0433333333333334,-3.9699999999999998,-1.0133333333333334,-7.236666666666666,-7.953333333333333,-2.3433333333333333,-2.87,-1.1833333333333333,-7.53,-4.18,-5.07,-7.726666666666667,-1.1400000000000001,-1.03,,-7.98,-6.363333333333333,-2.99,-7.9,-7.066666666666666,-6.976666666666667,-2.51,-2.473333333333333,-7.963333333333333,-4.82,-7.906666666666666,,-3.7133333333333334,,,,,-2.5533333333333332,-1.2933333333333334,-7.48,,-6.693333333333333,-2.6733333333333333,-6.3566666666666665,-2.35,-5.24,,-2.7466666666666666,,,-2.89,,-3.27,-4.3966666666666665,,-5.823333333333333,-6.093333333333334,-7.426666666666667,,-1.3033333333333332,-6.803333333333334,-1.62,-7.8933333333333335,-1.9133333333333333,-1.2633333333333332,-4.836666666666667,-3.453333333333333,,-7.493333333333333,-5.3533333333333335,-3.2733333333333334,-7.866666666666667,-7.916666666666667,-3.1333333333333333,,,-3.0,,-6.266666666666667,-5.076666666666666,-7.6033333333333335,-3.4166666666666665,-5.92,-4.736666666666666,-1.88,-7.326666666666666,-6.13,-6.743333333333333,,-5.15,-6.8966666666666665,-1.1166666666666667,-7.573333333333333,-4.25,-7.996666666666667,,-4.216666666666667,-4.323333333333333,-7.346666666666667,-6.3133333333333335,-4.12,,,,-1.44,-5.276666666666666,,-2.0733333333333333,,-1.79,-3.5933333333333333,,-6.413333333333333,-2.5966666666666667,-5.9366666666666665,-6.36,-6.58,-3.2,-1.8633333333333333,-5.773333333333333,,-5.08,-4.846666666666667,,-3.7,-1.5366666666666666,-7.5600000000000005,-3.2333333333333334,-6.546666666666667,-6.43,,-2.626666666666667,-6.136666666666667,,-1.5233333333333334,-2.11,-7.483333333333333,-7.61,,-7.653333333333333,-1.3666666666666667,-5.1066666666666665,-6.406666666666666,-7.533333333333333,-4.706666666666667,-4.096666666666667,-1.1666666666666667,,,,,-5.1466666666666665,-7.31,-1.4033333333333333,-2.4633333333333334,-7.4366666666666665,,,,-1.4233333333333333,-6.59,-1.67,-5.3,-2.39,-5.91,,,-7.63,-5.586666666666667,-3.7533333333333334,-6.226666666666667,,-6.176666666666667,-4.466666666666667,,-2.2466666666666666,-2.663333333333333,-3.2866666666666666,,-7.57,-6.41,-6.476666666666667,-2.0533333333333332,-1.81,,-4.19,-6.923333333333334,-7.046666666666667,-7.946666666666666,-7.8133333333333335,-7.1,-2.0233333333333334,-7.376666666666667,-5.4,-6.933333333333334,-7.983333333333333,-7.8566666666666665,-7.026666666666666,-3.37,-6.95,-7.986666666666666,-3.033333333333333,-7.873333333333333,-7.05,-7.04,-1.2133333333333334,-5.056666666666667,-2.4466666666666668,-4.16,-2.5433333333333334,-5.006666666666667,-7.966666666666667,-3.93,-6.96,-3.296666666666667,-7.26,-7.876666666666667,-7.253333333333333
2024-08-12,,-3.8233333333333333,-3.183333333333333,,-7.583333333333333,,,-7.516666666666667,-2.1266666666666665,-1.27,-7.316666666666666,-1.8366666666666667,-3.9699999999999998,-6.973333333333334,-1.9933333333333332,,-2.1933333333333334,-6.733333333333333,-6.8100000000000005,-6.753333333333333,,-2.2866666666666666,-6.213333333333333,,-5.9,-6.273333333333333,-2.3,-5.98,-6.803333333333334,,-1.92,-7.086666666666667,-1.7666666666666666,-6.066666666666666,,-2.8866666666666667,,-5.866666666666667,-4.883333333333333,-3.56,-1.8166666666666667,-7.083333333333333,-2.1966666666666668,,,-7.243333333333333,-7.23,-4.1433333333333335,-2.5533333333333332,-7.07,-7.203333333333333,-1.2666666666666666,,-7.63,-7.666666666666667,-6.25,-7.863333333333333,-1.0033333333333334,-7.66,,,-7.293333333333333,-7.156666666666666,-1.1733333333333333,,,-7.016666666666667,-1.37,-2.9066666666666667,-7.43,,-6.576666666666666,-6.8,-5.166666666666667,-1.08,-7.693333333333333,-1.02,-7.04,-4.163333333333333,-7.756666666666667,-5.706666666666667,,-7.136666666666667,-3.45,-5.17,-5.38,-7.83,-4.036666666666667,-7.963333333333333,-1.01,-7.216666666666667,-7.613333333333333,-1.6566666666666667,-1.8566666666666667,-1.3066666666666666,-7.35,-2.24,-5.0633333333333335,-6.556666666666667,-1.2766666666666666,-1.0466666666666666,,-7.96,-5.2,-2.986666666666667,-7.21,-7.06,-1.8966666666666665,-3.283333333333333,-1.2066666666666666,-6.976666666666667,-5.8533333333333335,-7.113333333333333,,-7.4,,,,,-5.633333333333333,-2.3333333333333335,-3.6733333333333333,,-5.796666666666667,-3.55,,-3.4166666666666665,-4.3533333333333335,,-2.79,,,-1.87,,-5.26,-6.33,,-7.8133333333333335,-7.076666666666666,-7.433333333333334,,-1.3833333333333333,-5.846666666666667,-2.69,-7.903333333333333,-1.9300000000000002,-2.9366666666666665,-5.876666666666667,-2.5300000000000002,-1.2566666666666666,-7.41,-7.49,-1.3900000000000001,-1.2466666666666666,-7.923333333333334,-4.12,,,-2.0,,-7.22,-3.11,-7.72,-4.376666666666667,-5.916666666666667,-6.78,-1.9566666666666666,-7.373333333333333,-5.1866666666666665,-7.523333333333333,,-5.133333333333334,-7.843333333333334,-2.1033333333333335,-6.68,-4.696666666666666,-7.996666666666667,,-3.3133333333333335,-3.506666666666667,-6.366666666666666,-4.423333333333334,-1.1233333333333333,,,,-2.513333333333333,-6.31,,-3.0566666666666666,,-1.88,-3.6166666666666667,,,-7.403333333333333,-4.536666666666667,-5.32,-4.48,-4.703333333333333,-1.9433333333333334,-4.793333333333333,,-3.0966666666666667,-6.89,,-4.783333333333333,-3.5933333333333333,-7.486666666666666,-2.3466666666666667,-7.626666666666667,-7.446666666666666,,-3.7,-7.14,,-1.6366666666666667,-3.0933333333333333,-7.44,-7.57,,-7.763333333333334,-1.5,-1.1166666666666667,-7.6466666666666665,-7.483333333333333,-5.75,-5.073333333333333,-2.2266666666666666,,,,,-4.1466666666666665,-7.153333333333333,-1.6033333333333335,-3.46,-2.4366666666666665,,,-1.7266666666666666,-7.74,-7.61,-5.713333333333333,-7.3566666666666665,-1.5633333333333335,-4.933333333333334,,,-7.586666666666667,-7.473333333333334,-7.62,-7.1066666666666665,,-1.2366666666666666,-6.456666666666667,,-1.2533333333333334,-1.76,-2.4266666666666667,,-7.533333333333333,-3.223333333333333,-7.52,-1.0533333333333332,-4.8933333333333335,,-3.18,-2.9266666666666667,-7.033333333333333,-6.966666666666667,-5.59,-5.1,-4.023333333333333,-2.3233333333333333,-3.296666666666667,-6.9399999999999995,-7.99,-1.67,-6.03,-2.466666666666667,-6.826666666666666,-7.983333333333333,-2.05,-7.13,-6.09,-7.043333333333333,-1.28,-4.026666666666666,-6.363333333333333,-3.1766666666666667,,-6.006666666666667,-1.9533333333333334,-1.9133333333333333,-5.95,-4.16,-7.19,-7.873333333333333,-4.82
2024-08-13,,-4.846666666666667,-1.24,,-3.6033333333333335,,,,-1.2333333333333334,-2.3566666666666665,-5.716666666666667,-4.84,-7.986666666666666,-5.98,-2.993333333333333,,-3.2466666666666666,-5.443333333333333,-7.173333333333334,-5.653333333333333,,-1.2,-5.23,,-4.9366666666666665,-5.346666666666667,-2.3533333333333335,-6.976666666666667,-3.8266666666666667,,-2.9433333333333334,-7.12,-2.39,-7.073333333333333,,-2.9466666666666668,,-4.8933333333333335,-5.796666666666667,-2.46,-1.8533333333333335,-6.096666666666667,-3.22,,,-5.25,-6.21,-6.166666666666667,-3.6466666666666665,-7.066666666666666,-7.243333333333333,-1.4833333333333334,,-7.5633333333333335,-6.29,-7.3,-7.843333333333334,-1.0033333333333334,-7.57,,,-4.263333333333334,-5.183333333333334,-2.8066666666666666,,,-6.013333333333334,-1.3766666666666667,-3.9633333333333334,-6.426666666666667,,-4.793333333333333,-6.816666666666666,-5.15,-1.03,-2.3166666666666664,-2.0433333333333334,-4.04,-3.4366666666666665,-5.753333333333333,-5.473333333333334,,-6.123333333333333,-1.4866666666666668,-5.153333333333333,-6.16,-7.79,-1.0266666666666666,-7.96,-1.0166666666666666,-7.1866666666666665,-7.136666666666667,-1.7,-2.8633333333333333,-1.5866666666666667,-7.273333333333333,-1.3066666666666666,-1.0533333333333332,-5.576666666666666,-7.45,-1.0766666666666667,,-7.886666666666667,-1.19,-4.34,-5.08,-7.056666666666667,-2.14,-2.2266666666666666,-3.1566666666666667,-7.983333333333333,-3.88,-7.046666666666667,,-7.276666666666666,,,,,-4.67,-3.3933333333333335,-4.723333333333334,,-4.833333333333333,-4.506666666666667,,-4.44,-3.5533333333333332,,-4.726666666666667,-2.5366666666666666,,-2.77,,-6.253333333333333,-1.3366666666666667,,-6.51,-6.11,-7.403333333333333,,-3.4333333333333336,-4.8100000000000005,-3.763333333333333,-7.9,-2.9333333333333336,-3.953333333333333,-6.906666666666666,-7.66,-1.3433333333333333,-7.37,-6.65,-2.4,-2.1133333333333333,-7.903333333333333,-5.126666666666667,,,-3.0,,-1.2233333333333334,-3.256666666666667,-7.633333333333333,-1.3633333333333333,-2.7066666666666666,-7.8,-2.9699999999999998,-7.3133333333333335,-7.26,-7.406666666666666,,-7.1466666666666665,-7.53,-2.086666666666667,-6.71,-5.89,-7.996666666666667,,-1.3966666666666667,-1.74,-1.3033333333333332,-5.5,-1.1433333333333333,,,,-2.623333333333333,-3.3833333333333333,,-3.0366666666666666,,-2.913333333333333,-5.63,,,-6.38,-3.09,-1.3599999999999999,-1.5333333333333332,-7.883333333333333,-1.9666666666666668,-4.683333333333334,,-5.163333333333333,-7.91,,-1.8199999999999998,-2.626666666666667,-7.516666666666667,-1.4133333333333333,-5.72,-4.54,-6.373333333333333,-4.773333333333333,-6.196666666666666,,-1.75,-1.0933333333333333,-5.42,-7.583333333333333,,-7.836666666666667,-4.703333333333333,-1.1766666666666667,-7.786666666666667,-5.47,,-7.1,-3.2666666666666666,,,,,-3.17,-7.133333333333334,-2.6766666666666667,-2.4633333333333334,-1.4666666666666668,,,-5.713333333333333,-7.85,-6.636666666666667,-3.7333333333333334,-6.43,-3.7666666666666666,-3.9233333333333333,,,-6.476666666666667,-6.523333333333333,-5.543333333333333,-7.07,,-6.323333333333333,-4.493333333333333,-1.73,-1.27,-1.83,-1.5133333333333332,,-6.556666666666667,-1.2166666666666668,-6.6433333333333335,-1.0633333333333332,-1.9300000000000002,,-2.236666666666667,-5.92,-7.023333333333333,-5.973333333333334,-6.916666666666667,-5.1033333333333335,-5.02,,-1.2966666666666666,-7.926666666666667,-7.99,-4.286666666666667,-6.05,-7.596666666666667,-1.1066666666666667,-7.956666666666667,-2.0833333333333335,-6.116666666666666,-5.326666666666666,-4.06,-2.283333333333333,-3.006666666666667,-5.366666666666666,-2.1933333333333334,,-7.033333333333333,-3.4233333333333333,-2.8133333333333335,-4.876666666666667,-5.13,-7.203333333333333,-7.873333333333333,-3.94
2024-08-14,,-7.816666666666666,-3.31,,-7.653333333333333,,,,-4.326666666666666,-7.496666666666667,-5.913333333333333,-5.786666666666667,-6.983333333333333,-4.93,-6.986666666666666,,-1.3166666666666667,-4.3533333333333335,-7.08,-4.52,,-2.1566666666666667,-4.28,,-1.9466666666666668,-6.346666666666667,-3.4266666666666667,-6.906666666666666,-5.79,,-2.9166666666666665,-7.17,-5.29,-6.1033333333333335,,-3.9633333333333334,,-4.87,-6.236666666666666,-1.4033333333333333,-2.8466666666666667,-6.13,-4.203333333333333,-7.296666666666667,,-5.256666666666667,-7.226666666666667,-6.1866666666666665,-4.683333333333334,-6.076666666666666,-5.293333333333333,-2.8633333333333333,,-7.453333333333333,-5.18,-7.223333333333334,-7.376666666666667,-1.0033333333333334,-2.6,-5.273333333333333,,-3.263333333333333,-7.193333333333333,-6.96,,,-6.043333333333333,-1.3366666666666667,-4.97,-4.386666666666667,,-6.703333333333333,-1.8266666666666667,-5.116666666666666,-1.01,-1.2466666666666666,-5.956666666666667,-5.04,-5.6033333333333335,-3.7133333333333334,-1.5699999999999998,,-7.113333333333333,-1.54,-5.133333333333334,-7.083333333333333,-7.516666666666667,-7.026666666666666,-7.8100000000000005,-4.283333333333333,-7.16,-5.086666666666667,-2.513333333333333,-2.86,-2.84,-7.286666666666667,-1.3666666666666667,-2.0533333333333332,-6.543333333333333,-7.523333333333333,-1.15,,-5.093333333333334,-2.1666666666666665,-5.016666666666667,-6.06,-7.07,-3.033333333333333,-5.2,-5.1066666666666665,-1.98,-1.42,-7.023333333333333,,-7.253333333333333,,,,,-3.71,-4.433333333333334,-1.8033333333333332,,,-5.463333333333333,,-5.47,-1.7333333333333334,,-7.566666666666666,-1.5733333333333333,,-4.343333333333334,,-7.25,-2.37,,-5.27,-7.173333333333334,-7.41,,-4.553333333333334,-3.55,-4.776666666666666,-7.836666666666667,-4.926666666666667,-4.243333333333333,-7.91,-7.546666666666667,-3.4766666666666666,-7.38,-7.666666666666667,-2.2666666666666666,-3.0566666666666666,-7.9,-6.1433333333333335,,,-7.0,,-2.22,-5.8933333333333335,-7.373333333333333,-3.36,-1.1766666666666667,-7.78,-1.9766666666666666,-5.363333333333333,-7.303333333333334,-5.383333333333334,,-7.163333333333333,-7.3,-7.12,-5.763333333333334,-5.9399999999999995,-7.99,,-1.48,-2.4566666666666666,-2.33,-6.486666666666666,-2.19,,,,-2.73,-2.493333333333333,,-5.036666666666667,,-1.9366666666666665,-7.633333333333333,,,-5.39,-3.03,-1.4066666666666667,-1.56,-7.923333333333334,-2.9433333333333334,,,-2.4,-1.92,,-1.85,-1.7,-5.53,-4.61,-1.7733333333333334,-2.6133333333333333,-6.423333333333334,-5.823333333333333,-5.23,,-1.83,-2.11,-4.46,-5.62,,-7.876666666666667,-5.806666666666667,-5.26,-7.8533333333333335,-6.446666666666666,,-7.136666666666667,-4.34,,,,,-2.183333333333333,-7.123333333333333,-4.6899999999999995,-2.5,-4.483333333333333,,,-7.77,-5.886666666666667,,-4.723333333333334,-5.586666666666667,-2.8566666666666665,-2.89,,,-6.416666666666667,-7.58,-1.5033333333333334,-7.05,,-7.49,-5.536666666666667,-1.7466666666666666,-1.32,-1.8833333333333333,-1.67,,-5.626666666666667,-1.21,-5.756666666666667,-3.0966666666666667,-2.953333333333333,,-1.24,-6.766666666666667,-6.02,-6.933333333333334,-6.76,-6.126666666666667,-7.046666666666667,,-3.3133333333333335,-6.88,-6.996666666666667,-4.196666666666666,-6.14,-7.783333333333333,-2.066666666666667,-7.3966666666666665,-6.233333333333333,-5.0633333333333335,-4.8966666666666665,-7.153333333333333,-3.2066666666666666,-2.006666666666667,-2.44,-1.2766666666666666,,-7.993333333333333,-3.1466666666666665,-1.3566666666666667,-3.2133333333333334,-6.09,-7.216666666666667,-7.623333333333333,-5.973333333333334
2024-08-15,,-4.633333333333333,-1.3866666666666667,,-6.7,,,,-2.5566666666666666,-6.663333333333333,,-5.693333333333333,-3.986666666666667,-3.1933333333333334,-5.1066666666666665,,-1.4,-3.3933333333333335,-5.053333333333334,-3.4066666666666667,,-1.1400000000000001,-1.35,,-1.9166666666666665,-7.36,-4.52,-5.156666666666666,-3.76,,-1.6366666666666667,-5.243333333333333,-1.2633333333333332,-5.15,,-1.96,,-2.68,-3.203333333333333,-1.3900000000000001,-1.8366666666666667,-5.183333333333334,-5.22,-3.276666666666667,,-3.256666666666667,-6.316666666666666,-7.166666666666667,-5.653333333333333,-5.096666666666667,-4.3533333333333335,-1.8966666666666665,,-7.333333333333333,-4.12,-1.2066666666666666,-4.286666666666667,-1.01,-1.45,-5.37,,-1.2533333333333334,-6.19,-6.963333333333333,,,-3.09,,-5.976666666666667,-1.3633333333333333,,-7.866666666666667,-2.85,-4.11,-3.013333333333333,-2.2333333333333334,-7.99,-5.073333333333333,-2.33,-2.7466666666666666,-2.8066666666666666,,-6.21,-2.623333333333333,-2.13,-6.0633333333333335,-7.416666666666667,-6.043333333333333,-7.24,-7.98,-6.136666666666667,-4.07,-3.3433333333333333,-4.87,-1.8466666666666667,-6.28,-1.34,-3.0766666666666667,-3.586666666666667,-6.566666666666666,-2.1133333333333333,,-3.04,-3.1766666666666667,-6.006666666666667,-6.046666666666667,-6.066666666666666,-2.03,-5.17,-1.0933333333333333,-1.9833333333333334,-1.3066666666666666,-7.016666666666667,,-4.273333333333333,,,,,-3.7800000000000002,-7.433333333333334,-1.8633333333333333,,,-6.49,,-6.4366666666666665,-1.8766666666666667,,-5.43,,,-2.27,,-6.26,-1.41,,-4.1433333333333335,-4.336666666666667,-6.42,,-4.763333333333334,-1.4866666666666668,-5.77,-4.593333333333334,-3.9233333333333333,-5.08,-7.9,-4.53,-3.55,-7.38,-5.6433333333333335,-1.2266666666666666,-4.05,-6.92,-7.153333333333333,,,-5.996666666666667,,-1.2366666666666666,-2.9333333333333336,-4.29,-4.373333333333333,-7.1,-6.73,-1.97,-3.4633333333333334,-5.32,-4.366666666666666,,-6.196666666666666,-4.25,-6.2,-7.796666666666667,,-6.246666666666667,,-1.4766666666666666,-3.3,-3.493333333333333,-3.4699999999999998,-2.216666666666667,,,,-1.79,-1.5533333333333332,-2.953333333333333,-6.1033333333333335,,-1.9366666666666665,-7.71,,,-4.423333333333334,-1.0266666666666666,-1.51,-1.7033333333333334,-6.946666666666666,-1.8833333333333333,,,-3.58,-1.6966666666666668,,-1.8533333333333335,-2.75,-4.583333333333333,-3.9266666666666667,-1.7833333333333332,-1.6866666666666665,-2.48,-6.833333333333333,-4.3566666666666665,,-2.8866666666666667,-1.16,-2.513333333333333,-4.616666666666667,,-6.89,-6.816666666666666,-4.466666666666667,-6.91,-1.4266666666666667,,-5.23,-5.403333333333333,,,,,-1.2133333333333334,-5.133333333333334,-4.776666666666666,-3.5633333333333335,-4.523333333333333,,,-1.8033333333333332,-4.843333333333334,,-5.743333333333333,-4.626666666666667,-2.88,-1.6066666666666667,,,-3.3766666666666665,-6.656666666666666,-2.5166666666666666,-6.056666666666667,,-6.63,-6.546666666666667,-2.7733333333333334,-1.3833333333333333,-1.8933333333333333,-1.8266666666666667,,-5.706666666666667,-1.2233333333333334,-3.8566666666666665,-4.163333333333333,-1.94,,-1.2833333333333332,-4.453333333333333,-5.02,-3.3133333333333335,-5.913333333333333,-1.1866666666666668,-5.116666666666666,,-3.3233333333333333,-2.54,-7.993333333333333,-5.123333333333333,-3.3966666666666665,-6.84,-3.0366666666666666,-7.173333333333334,-5.82,-4.023333333333333,-3.9566666666666666,-6.943333333333333,-3.18,-1.0033333333333334,-1.5766666666666667,-1.2966666666666666,,-8.0,-1.1466666666666667,-2.2933333333333334,-2.1266666666666665,-7.083333333333333,-5.266666666666667,-6.526666666666666,-3.9733333333333336
2024-08-16,-1.6733333333333333,-6.52,-1.56,,-5.696666666666666,,,,-3.8266666666666667,-6.773333333333333,,-7.623333333333333,-5.983333333333333,-3.0766666666666667,-6.016666666666667,,-1.4833333333333334,-2.5166666666666666,-6.033333333333333,-2.3133333333333335,,-2.1533333333333333,-2.2933333333333334,,-2.7800000000000002,-7.316666666666666,,-7.083333333333333,-6.566666666666666,,-2.3433333333333333,-7.333333333333333,-1.3900000000000001,-5.243333333333333,,-1.9266666666666667,,,-3.17,-7.336666666666667,-2.7066666666666666,-5.233333333333333,-6.246666666666667,-1.2566666666666666,,-2.236666666666667,-6.346666666666667,-7.156666666666666,-6.54,-5.13,-3.46,-4.85,,-7.25,-4.12,-5.14,-3.2666666666666666,-1.01,-2.36,-3.5300000000000002,,-1.2533333333333334,-6.183333333333334,-5.973333333333334,,,-1.9166666666666665,,-1.9633333333333334,-1.32,,-6.3933333333333335,-4.863333333333333,-5.123333333333333,-3.013333333333333,-3.26,-6.996666666666667,-4.386666666666667,-1.2066666666666666,-2.6766666666666667,-3.873333333333333,,-5.466666666666667,-7.616666666666667,-2.1266666666666665,-7.056666666666667,-7.31,-6.0633333333333335,-7.15,-6.993333333333333,-7.1433333333333335,-3.09,-4.216666666666667,-5.866666666666667,-1.7833333333333332,-6.276666666666666,-1.3566666666666667,-4.1466666666666665,-4.473333333333334,-4.503333333333333,-1.0933333333333333,,-4.02,-3.1766666666666667,-1.0033333333333334,-7.05,-1.1133333333333333,-5.043333333333333,-6.163333333333333,-1.1066666666666667,-2.98,-1.21,-6.023333333333333,-3.9,-5.29,,,,,-3.82,-7.416666666666667,-2.84,,,-7.47,,-7.43,-1.9233333333333333,,-6.38,,-3.6866666666666665,-1.1966666666666668,,-7.23,,,-3.086666666666667,-3.8566666666666665,-6.42,,,-7.35,-6.68,-1.4866666666666668,-1.7366666666666668,-6.053333333333334,-6.766666666666667,-1.5066666666666668,-5.72,-7.363333333333333,-7.596666666666667,-7.166666666666667,-5.06,-7.92,-7.1866666666666665,,,-7.1,,-2.24,-1.9333333333333333,-5.226666666666667,-5.366666666666666,-6.07,-4.633333333333333,-1.9666666666666668,-1.4333333333333333,-7.2,-5.306666666666667,,-7.22,-7.19,-5.203333333333333,-6.733333333333333,,-5.036666666666667,,-2.4466666666666668,-4.18,-4.61,-1.4,-3.1933333333333334,,,,-1.8,-1.67,-1.96,-7.723333333333334,-1.77,-1.9133333333333333,-7.786666666666667,,,-5.41,-4.03,-3.58,-7.8133333333333335,-5.953333333333333,-6.51,,,-1.9033333333333333,-3.453333333333333,,-1.8366666666666667,-7.726666666666667,-2.6566666666666667,-1.95,-1.8233333333333333,-2.7,-7.49,-7.793333333333333,-3.7766666666666664,,-3.8966666666666665,-1.2866666666666666,-5.526666666666666,-4.593333333333334,,-6.86,-5.806666666666667,-2.87,-5.906666666666666,-2.37,,-3.5433333333333334,-6.476666666666667,,,,,-1.28,-4.16,-1.74,-3.65,-6.536666666666667,-7.713333333333333,,-2.81,-3.663333333333333,,-6.683333333333334,-3.7533333333333334,-2.8866666666666667,-1.3833333333333333,,,-4.303333333333334,-5.756666666666667,-3.5233333333333334,-7.08,,-4.883333333333333,-7.57,-1.71,-1.4933333333333334,-3.89,-2.8533333333333335,,-2.7466666666666666,-3.2733333333333334,-1.8933333333333333,-3.3233333333333333,-4.613333333333333,-7.096666666666667,-1.3733333333333333,-1.33,-5.046666666666667,-3.1366666666666667,-2.9566666666666666,-2.1733333333333333,-7.213333333333333,,-6.34,-1.3266666666666667,-7.99,-6.116666666666666,-2.9466666666666668,-5.876666666666667,-7.04,-7.376666666666667,-7.9366666666666665,-3.026666666666667,-2.9433333333333334,-5.986666666666666,-5.133333333333334,-1.0066666666666666,-5.843333333333334,-2.223333333333333,,-8.0,-3.0733333333333333,-2.283333333333333,-1.11,-7.1033333333333335,-4.3966666666666665,-7.413333333333333,-7.976666666666667
2024-08-19,-1.7233333333333334,-3.4633333333333334,-1.7933333333333334,,-4.683333333333334,,,,-5.903333333333333,-4.71,,-6.6033333333333335,-1.9300000000000002,-1.07,-4.01,,-2.586666666666667,-1.7866666666666666,-7.02,-1.29,,-1.1366666666666667,-1.2333333333333334,,-2.67,-7.283333333333333,,-6.076666666666666,,,-1.2433333333333334,-6.4366666666666665,-1.8866666666666667,-3.41,,-1.8666666666666667,-3.506666666666667,,-4.193333333333333,-4.3533333333333335,-3.5366666666666666,-5.22,-6.326666666666666,-1.24,,-1.2366666666666666,-3.3066666666666666,-6.183333333333334,-7.426666666666667,-3.1566666666666667,-5.546666666666667,-5.696666666666666,,-7.196666666666666,-2.1266666666666665,-7.116666666666666,-1.3599999999999999,-1.0466666666666666,-1.3433333333333333,-1.46,,-1.2666666666666666,-4.176666666666667,-7.946666666666666,,,-1.99,,-2.8166666666666664,-1.34,,-5.1866666666666665,-4.8133333333333335,-1.1133333333333333,-7.023333333333333,-4.32,-7.993333333333333,-7.973333333333334,-1.1533333333333333,-2.6866666666666665,-4.476666666666667,,-4.9,-6.5600000000000005,-1.13,-7.066666666666666,-5.276666666666666,-3.1,-7.11,-4.996666666666667,-7.1433333333333335,-2.1233333333333335,-1.16,-7.806666666666667,-1.6666666666666665,-3.2933333333333334,-1.3966666666666667,-5.33,-7.333333333333333,-3.5766666666666667,-1.0833333333333333,,-2.0033333333333334,-5.206666666666667,-2.006666666666667,-7.043333333333333,-2.1333333333333333,-5.036666666666667,-4.166666666666667,-2.086666666666667,-3.9766666666666666,-1.1733333333333333,-5.026666666666666,-3.86,-4.303333333333334,,,,,-2.796666666666667,-5.4,-1.7766666666666666,,,-7.47,,-6.51,-1.9333333333333333,,-3.3866666666666667,,-3.623333333333333,-2.216666666666667,,-6.226666666666667,,,-1.0566666666666666,-2.8833333333333333,-4.44,,,-6.35,-7.6066666666666665,-1.4433333333333334,-2.4466666666666668,-7.05,-7.7,-1.5166666666666666,-5.826666666666666,-6.373333333333333,-6.483333333333333,-6.163333333333333,-6.08,-5.89,-7.213333333333333,,,-6.926666666666667,,-1.2466666666666666,-2.873333333333333,-1.2033333333333334,-6.3933333333333335,-7.06,-5.533333333333333,-2.94,-1.4566666666666666,-7.15,-6.286666666666667,,-6.253333333333333,-6.23,-4.2,-5.6466666666666665,,-4.016666666666667,,-1.38,-4.1466666666666665,-5.743333333333333,-1.4166666666666667,-1.18,,,,-2.79,-1.81,-1.9366666666666665,-7.98,-1.65,-1.8466666666666667,,,,-5.366666666666666,-5.04,-2.55,-1.7566666666666668,-4.96,-6.273333333333333,,,-7.87,-2.3833333333333333,,-1.76,-7.703333333333333,-1.7133333333333334,-1.9533333333333334,-1.78,-1.6099999999999999,-5.466666666666667,-7.74,-2.9166666666666665,,-6.863333333333333,-1.62,-3.54,-2.5433333333333334,,-6.8,-5.773333333333333,-2.91,-2.876666666666667,-3.3566666666666665,,-1.9233333333333333,-7.733333333333333,,,,,-1.3466666666666667,-3.19,-1.72,-1.7166666666666668,-5.636666666666667,-6.673333333333334,,-3.77,-2.5,,-5.653333333333333,-4.8533333333333335,-2.836666666666667,-1.31,,,-6.26,-7.6899999999999995,-3.473333333333333,-6.1066666666666665,,-2.8966666666666665,-7.49,-1.5966666666666667,-1.6,-6.84,-1.83,,-7.64,-1.3,-1.8566666666666667,-5.763333333333334,-4.263333333333334,-7.096666666666667,-1.3166666666666667,-1.3133333333333335,-3.0533333333333332,-1.09,-7.92,-2.21,-7.17,,-7.37,-3.223333333333333,-7.97,-4.093333333333334,-1.9633333333333334,-3.85,-5.03,-5.913333333333333,-6.943333333333333,-2.013333333333333,-1.9566666666666666,-4.986666666666666,-7.1033333333333335,-1.0633333333333332,,-1.3233333333333333,,-8.0,-6.033333333333333,-6.296666666666667,-1.0733333333333333,-3.12,-7.633333333333333,-6.363333333333333,-1.9666666666666668
2024-08-20,-1.8133333333333335,-1.4633333333333334,-2.74,,-3.7133333333333334,,,,-7.9366666666666665,-4.6899999999999995,,-7.6866666666666665,-1.8733333333333333,-2.07,-7.006666666666667,,-3.45,-2.8966666666666665,-7.013333333333334,-1.3,,-2.13,-2.1766666666666667,,-3.4433333333333334,-7.293333333333333,,-5.076666666666666,,,-2.283333333333333,-6.446666666666666,-4.9399999999999995,-2.5,,-1.8566666666666667,-4.453333333333333,,-3.2133333333333334,-2.35,-4.486666666666666,-3.1433333333333335,-6.43,-1.2666666666666666,,-1.3633333333333333,-3.203333333333333,-7.206666666666667,-7.406666666666666,-2.19,-4.55,-7.503333333333333,,-7.166666666666667,-1.1166666666666667,-7.096666666666667,-3.466666666666667,-2.033333333333333,-5.296666666666667,-2.3533333333333335,,-1.37,-2.1933333333333334,-1.9133333333333333,,,-3.9966666666666666,,-7.3566666666666665,-1.3733333333333333,,-4.1066666666666665,-7.803333333333334,-2.11,-6.026666666666666,-5.333333333333333,-7.976666666666667,-7.983333333333333,-7.153333333333333,-3.7233333333333336,-5.226666666666667,,-4.83,-7.553333333333334,-1.1233333333333333,-7.086666666666667,-5.276666666666666,-4.12,-5.1033333333333335,-5.993333333333333,-5.136666666666667,-1.1133333333333333,-1.15,-7.62,-1.5933333333333333,-2.3166666666666664,-1.3233333333333333,-6.556666666666667,-6.233333333333333,-7.576666666666666,-2.0733333333333333,,-1.0033333333333334,-6.256666666666667,-3.0233333333333334,-7.04,-3.1266666666666665,-7.036666666666667,-5.173333333333334,-3.0833333333333335,-5.97,-1.1866666666666668,-4.03,-7.863333333333333,,,-3.5300000000000002,,,-2.81,-4.423333333333334,-2.7266666666666666,,,,,-7.73,-2.96,,-5.413333333333333,,-5.63,-3.25,,-6.236666666666666,,,-2.0433333333333334,-1.8433333333333333,-2.4766666666666666,,,-5.34,-7.633333333333333,-2.5366666666666666,-7.3966666666666665,-7.056666666666667,-7.696666666666666,-3.6666666666666665,-7.85,-7.383333333333334,-5.483333333333333,-6.2,-7.0633333333333335,-2.84,-7.22,,,-5.943333333333333,,-2.27,-3.57,-2.223333333333333,-7.42,-4.053333333333334,-5.533333333333333,-1.9266666666666667,-2.4166666666666665,-7.14,-1.28,,-6.253333333333333,-6.343333333333334,-3.163333333333333,-4.6,,-3.0166666666666666,,-1.3133333333333335,-5.1466666666666665,-6.673333333333334,-2.3933333333333335,-6.17,,,,-2.836666666666667,-1.88,-1.92,-5.98,-3.623333333333333,-1.7566666666666668,,,,-6.326666666666666,-1.06,-2.51,-4.71,-3.95,-6.216666666666667,,,-6.693333333333333,-7.426666666666667,,-2.7733333333333334,-7.703333333333333,-3.7533333333333334,-1.9466666666666668,-1.8166666666666667,-2.5633333333333335,-3.49,-7.77,-1.9333333333333333,,-7.883333333333333,-5.903333333333333,-6.54,-1.5433333333333334,,-7.82,-7.79,-5.923333333333334,-1.9,-4.336666666666667,,-2.966666666666667,-7.766666666666667,,,,,-1.3666666666666667,-5.21,-2.6166666666666667,-1.7833333333333332,-7.793333333333333,-6.613333333333333,,-6.743333333333333,-1.44,,-7.683333333333334,-7.906666666666666,-4.823333333333333,-6.246666666666667,,-5.876666666666667,-5.23,-6.6466666666666665,-5.47,-5.133333333333334,,-5.91,-7.46,-4.586666666666667,-2.716666666666667,-7.87,-3.8466666666666667,,-7.6066666666666665,-2.3033333333333332,-2.8666666666666667,-7.796666666666667,-6.18,-6.1,-1.2433333333333334,-6.32,-3.066666666666667,-2.08,-7.963333333333333,-3.26,-7.16,,-6.733333333333333,-4.196666666666666,-7.36,-5.093333333333334,-2.953333333333333,-3.8533333333333335,-4.046666666666667,-6.8933333333333335,-1.9566666666666666,-1.01,-1.9733333333333334,-4.99,-7.09,-1.2733333333333334,,-1.3866666666666667,,-8.0,-7.02,-7.346666666666667,-1.05,-4.156666666666666,-5.66,-7.31,-3.93
2024-08-21,-6.8566666666666665,-1.46,-4.65,,-2.736666666666667,,,,-6.963333333333333,-2.71,,-7.726666666666667,-7.633333333333333,-5.06,-7.013333333333334,,-4.36,-1.9133333333333333,-7.01,-2.3166666666666664,,-3.15,-3.163333333333333,,-5.346666666666667,-5.35,,-6.0633333333333335,,,-1.3366666666666667,-3.4433333333333334,-2.966666666666667,-1.5,,-1.7533333333333334,-5.426666666666667,,-1.2533333333333334,-6.3533333333333335,-5.466666666666667,-1.0966666666666667,-5.546666666666667,-1.3233333333333333,,-1.5733333333333333,-1.16,-7.266666666666667,-7.386666666666667,-1.2266666666666666,-6.48,-6.5633333333333335,,-7.153333333333333,-1.13,-7.1,-2.6366666666666667,-2.046666666666667,-3.296666666666667,-3.31,,-3.7233333333333336,-1.2366666666666666,-2.9166666666666665,,,-2.9966666666666666,,-7.22,-1.4066666666666667,,-3.07,-7.793333333333333,-2.1366666666666667,-5.03,-5.403333333333333,-5.973333333333334,-6.99,-6.21,-4.76,-6.1466666666666665,,-1.2466666666666666,-6.52,-3.1166666666666667,-5.1066666666666665,-5.28,-4.11,-5.12,-5.993333333333333,-3.1233333333333335,-1.09,-1.17,-5.446666666666666,-2.77,-1.3566666666666667,-2.276666666666667,-7.693333333333333,-5.18,-6.696666666666666,-1.0766666666666667,,-2.0033333333333334,-7.273333333333333,-7.023333333333333,-7.036666666666667,-4.093333333333334,-5.043333333333333,-5.213333333333333,-4.073333333333333,-6.97,-1.1933333333333334,-3.0533333333333332,-4.886666666666667,,,-2.4966666666666666,,,-5.8133333333333335,-3.4633333333333334,-3.663333333333333,,,,,-6.83,-2.95,-6.44,-5.423333333333334,,-7.61,-4.27,,-7.243333333333333,,,-5.04,-1.67,-1.5166666666666666,,,-4.333333333333333,,-3.743333333333333,-6.33,-6.08,-7.58,-7.733333333333333,-4.876666666666667,-1.3933333333333333,-7.483333333333333,-4.233333333333333,-5.05,-1.6133333333333333,-7.203333333333333,,,-4.786666666666667,-2.9333333333333336,-1.26,-4.476666666666667,-2.1966666666666668,-7.4366666666666665,-3.033333333333333,-1.5766666666666667,-1.9266666666666667,-7.37,-7.14,-7.303333333333334,,-3.24,-2.5833333333333335,-2.1566666666666667,-7.586666666666667,,-2.02,,-1.3133333333333335,-7.166666666666667,-7.53,-4.373333333333333,-3.1733333333333333,,,,-5.88,-2.8833333333333333,-2.836666666666667,-4.976666666666667,-3.5933333333333333,-1.5699999999999998,,,,-4.306666666666667,-3.1033333333333335,-3.43,-1.5966666666666667,-4.9399999999999995,-7.206666666666667,,-4.503333333333333,-3.7133333333333334,-7.473333333333334,,-3.7766666666666664,-7.683333333333334,-4.72,-2.9433333333333334,-2.8333333333333335,-1.5533333333333332,-1.51,-7.8,-1.9466666666666668,,-7.903333333333333,-7.923333333333334,-2.56,-6.523333333333333,,-7.846666666666667,-6.8100000000000005,-5.92,-3.8633333333333333,-5.343333333333334,,-4.96,-7.79,,,,,-1.2833333333333332,-2.263333333333333,-4.41,-2.8266666666666667,,-4.54,,-7.73,-3.42,,-7.716666666666667,-6.93,-1.8033333333333332,-5.2,,-5.906666666666666,-5.223333333333334,-5.533333333333333,-1.4533333333333334,-6.126666666666667,,-1.9366666666666665,-4.45,-7.6,-1.7566666666666668,-7.9,-5.85,,,-1.29,-2.89,-7.766666666666667,-6.176666666666667,-5.133333333333334,-1.2166666666666668,-3.32,-4.083333333333333,-1.0666666666666667,-5.956666666666667,-2.256666666666667,-5.1866666666666665,,-5.8933333333333335,-4.19,-7.1433333333333335,-6.113333333333333,-1.3833333333333333,-7.87,-7.056666666666667,-3.91,-2.953333333333333,-1.0166666666666666,-1.9866666666666668,-3.98,-7.086666666666667,-5.3,,-1.8733333333333333,,-7.0,-6.006666666666667,-6.363333333333333,-1.0266666666666666,-6.183333333333334,-2.4699999999999998,-7.286666666666667,-4.75
2024-08-22,-5.8762541806020065,-3.5050167224080266,-4.374581939799331,,-1.7491638795986622,,,,-6.969899665551839,-2.74247491638796,,-6.722408026755852,,-5.0602006688963215,-7.013377926421405,,-7.274247491638796,-1.9230769230769231,-7.016722408026756,-2.3946488294314383,,-4.1638795986622075,-3.1939799331103678,,-6.31438127090301,-7.438127090301004,,-3.0668896321070234,,,-1.4816053511705687,-4.414715719063545,-5.959866220735786,-1.3846153846153846,,-1.7290969899665551,-7.474916387959866,,-2.2642140468227425,-6.3879598662207355,-6.51505016722408,-2.080267558528428,-6.632107023411371,-1.551839464882943,,-1.8929765886287626,-2.1471571906354514,-6.434782608695652,-7.45819397993311,-1.2474916387959867,-6.4280936454849495,-7.6521739130434785,,-4.157190635451505,-1.140468227424749,-7.11371237458194,-4.642140468227424,-4.030100334448161,-7.34448160535117,-4.254180602006689,,-5.839464882943144,-1.2608695652173914,-3.9096989966555182,,-4.411371237458194,-1.9966555183946488,,-7.190635451505017,-1.4414715719063544,,-2.05685618729097,,-4.167224080267559,-4.043478260869565,-7.3712374581939795,-5.94314381270903,-7.986622073578595,-7.301003344481606,-1.7826086956521738,-7.117056856187291,,-1.1304347826086956,-6.561872909698996,-5.133779264214047,-5.1237458193979935,-5.287625418060201,-1.100334448160535,-7.137123745819398,-7.993311036789297,-2.1070234113712374,-1.0702341137123745,-3.20066889632107,-5.294314381270903,-3.7725752508361206,-1.4180602006688963,-3.197324414715719,-7.381270903010034,-5.153846153846154,-6.6755852842809364,-2.0836120401337794,,-1.0033444816053512,-7.237458193979933,-7.040133779264214,-7.046822742474917,-5.076923076923077,-5.006688963210703,-7.327759197324415,-7.063545150501672,-6.976588628762542,-1.214046822742475,-2.096989966555184,-1.879598662207358,,,-1.5384615384615383,,,-1.8127090301003346,-3.5418060200668897,-2.6989966555183944,,,,,-6.872909698996655,-1.9531772575250836,-7.478260869565218,-1.4983277591973243,,-7.615384615384615,-5.2842809364548495,-3.4214046822742477,-6.297658862876254,,,-3.0501672240802677,-2.5953177257525084,-7.608695652173913,,,-3.321070234113712,,-7.785953177257525,-5.5719063545150505,-7.127090301003345,-7.491638795986622,-7.762541806020067,-5.792642140468227,-2.4548494983277593,-5.635451505016722,-5.311036789297659,-6.053511705685619,-1.451505016722408,-7.210702341137123,-1.8260869565217392,,-3.036789297658863,-1.9565217391304348,-2.25752508361204,-6.40133779264214,-5.217391304347826,-7.471571906354515,-2.0334448160535117,-4.6287625418060205,-1.9264214046822743,-6.488294314381271,-4.177257525083612,-6.354515050167224,,-4.230769230769231,-4.7959866220735785,-1.1739130434782608,-7.618729096989966,,-1.0267558528428093,,-7.34113712374582,-7.2207357859531776,-7.581939799331104,-5.3478260869565215,-1.2240802675585285,-4.822742474916388,,,-6.906354515050167,-1.8628762541806019,-5.508361204013378,-3.9732441471571907,-5.59866220735786,-2.5351170568561874,,,,-6.290969899665551,-2.17056856187291,-1.3612040133779264,-2.5016722408026757,-1.8829431438127089,-6.2675585284280935,,,-4.511705685618729,-7.588628762541806,,-2.779264214046823,-6.705685618729097,-4.6923076923076925,-4.889632107023411,-2.849498327759197,-2.5551839464882944,-1.568561872909699,-7.809364548494983,-7.949832775919733,,-6.913043478260869,-7.929765886287625,-4.558528428093646,-7.578595317725752,,-7.8595317725752505,-7.806020066889632,-7.919732441471572,-4.775919732441472,-6.377926421404682,,-3.9632107023411374,-7.765886287625418,,,,,-1.2274247491638797,-3.367892976588629,-7.334448160535117,-3.8561872909698995,,-4.525083612040134,,-7.7324414715719065,-3.4448160535117056,,-6.739130434782608,-5.9397993311036785,-7.769230769230769,-4.187290969899665,,-1.903010033444816,-7.250836120401337,-3.528428093645485,-4.494983277591973,-3.120401337792642,,-2.9331103678929766,-5.48494983277592,-3.6588628762541804,-2.719063545150502,-7.916387959866221,-3.8662207357859533,-7.832775919732441,,-2.3043478260869565,-1.8862876254180603,-7.331103678929766,-7.234113712374582,-4.1438127090301,-1.2040133779264215,-4.337792642140468,-1.0869565217391304,-1.0735785953177257,-4.936454849498328,-2.3076923076923075,-7.207357859531773,,-4.869565217391305,-3.180602006688963,-1.0936454849498327,-6.150501672240803,-1.1103678929765886,-7.8361204013377925,-7.090301003344481,-1.3244147157190636,-3.9464882943143813,-1.020066889632107,-1.9899665551839465,-1.979933110367893,-7.103678929765886,-3.802675585284281,,-1.9665551839464883,,-3.0,-6.010033444816053,-6.357859531772576,-1.0234113712374582,-7.160535117056856,-3.351170568561873,-6.277591973244147,-4.2441471571906355
2024-08-23,-4.896321070234114,-6.498327759197324,-3.2240802675585285,,-1.779264214046823,,,,-7.979933110367893,-1.8093645484949832,,-5.74247491638796,,-1.0468227424749164,-6.0200668896321075,,-7.240802675585284,-1.9431438127090301,-5.023411371237458,-1.4448160535117056,,-4.173913043478261,-5.2274247491638794,,-6.40133779264214,-7.471571906354515,,-2.080267558528428,,,-1.6020066889632107,-1.3411371237458194,-1.9531772575250836,-1.2508361204013378,,-3.6588628762541804,-7.418060200668896,,-4.3244147157190636,-1.3645484949832776,-7.531772575250836,-1.0769230769230769,-4.632107023411371,-1.6153846153846154,,-1.939799331103679,-1.1304347826086956,-5.441471571906354,-7.501672240802676,-1.2575250836120402,-1.3779264214046822,-4.672240802675585,,-2.1839464882943145,-1.1438127090301002,-2.120401337792642,-2.6521739130434785,-5.016722408026756,-6.414715719063545,-5.304347826086957,,-6.722408026755852,-2.254180602006689,-2.9331103678929766,,-7.334448160535117,-7.996655518394649,,-7.187290969899665,-1.434782608695652,,-1.0702341137123745,,-1.1705685618729098,-3.0434782608695654,-7.3478260869565215,-3.8929765886287626,-1.9866220735785953,-1.4782608695652173,-7.806020066889632,-7.103678929765886,,-1.0836120401337792,-5.535117056856187,-7.1237458193979935,-1.137123745819398,-1.2909698996655519,-4.1003344481605355,-4.197324414715719,-7.983277591973244,-7.107023411371237,-2.0535117056856187,-4.234113712374582,-5.2207357859531776,-4.812709030100335,-1.3812709030100334,-4.167224080267559,-7.237458193979933,-7.150501672240803,-4.705685618729097,-2.0936454849498327,,-7.006688963210703,-7.210702341137123,-7.036789297658863,-4.05685618729097,-6.0602006688963215,-7.003344481605351,-6.438127090301004,-7.073578595317726,-7.976588628762542,-1.2307692307692308,-1.140468227424749,-6.862876254180602,,,-1.548494983277592,-6.8361204013377925,,,-1.5752508361204014,-6.695652173913043,,,,,-5.909698996655519,-2.9464882943143813,-7.48494983277592,-1.5250836120401337,,-5.591973244147157,-6.297658862876254,-6.404682274247492,-5.374581939799331,,,-1.0501672240802675,-5.491638795986622,-6.7157190635451505,-5.4280936454849495,,-2.3076923076923075,,-6.869565217391305,-4.8762541806020065,-7.207357859531773,-7.394648829431438,-6.648829431438127,-2.59866220735786,-2.4581939799331103,-2.719063545150502,-3.508361204013378,-5.086956521739131,-1.391304347826087,-7.193979933110368,-1.7859531772575252,-2.6421404682274248,-2.0100334448160537,-1.9632107023411371,-3.280936454849498,-7.3712374581939795,-1.214046822742475,-6.464882943143813,-3.040133779264214,,-1.9498327759197325,-5.505016722408027,-3.294314381270903,-5.354515050167224,,,-3.849498327759197,-1.2173913043478262,-6.608695652173913,,-1.0334448160535117,,-7.34448160535117,-1.2441471571906355,-7.538461538461538,-4.317725752508361,-1.2474916387959867,-6.866220735785953,,,-7.919732441471572,-4.829431438127091,-7.367892976588629,-2.9732441471571907,-6.585284280936455,-3.5217391304347827,,,,-2.3143812709030103,-1.2675585284280937,-2.270903010033445,-3.451505016722408,-1.7826086956521738,-5.518394648829432,,,-1.431438127090301,-4.6120401337792645,,-5.789297658862877,-7.709030100334449,-2.682274247491639,-2.7257525083612038,-6.8595317725752505,-1.5451505016722407,-1.57190635451505,-7.822742474916388,-6.956521739130435,,-7.913043478260869,-6.929765886287625,-3.528428093645485,-5.568561872909699,,-7.889632107023411,-6.802675585284281,-6.8996655518394645,-6.6287625418060205,-7.351170568561873,,-1.9665551839464883,-7.698996655518394,,,,,-1.1906354515050168,-1.3979933110367893,-6.321070234113712,-1.8862876254180603,,-3.4816053511705687,,-2.7525083612040135,-2.4247491638795986,,-7.7725752508361206,-5.936454849498328,-6.749163879598662,-1.1772575250836121,,-2.882943143812709,-6.274247491638796,-1.5585284280936453,-4.494983277591973,-2.1103678929765888,,-1.9063545150501673,-5.474916387959866,,-1.6387959866220736,-7.926421404682275,-7.872909698996655,-7.8561872909699,,-1.3010033444816054,-1.879598662207358,-7.157190635451505,-6.792642140468227,-2.1337792642140467,-2.2842809364548495,-3.387959866220736,-1.0635451505016722,-1.0903010033444815,-3.9230769230769234,-1.4548494983277591,-7.277591973244147,,-3.769230769230769,-1.2006688963210703,-2.096989966555184,-1.180602006688963,-5.066889632107023,-5.79933110367893,-6.11371237458194,-1.1638795986622075,-5.846153846153846,-1.0133779264214047,-1.9933110367892977,-6.959866220735786,-3.1270903010033444,-3.160535117056856,,-3.9698996655518393,,-3.0,-6.026755852842809,-6.337792642140468,,-7.147157190635451,-1.2608695652173914,-2.327759197324415,-2.1538461538461537
2024-08-26,-6.88628762541806,-4.468227424749164,-1.1906354515050168,,-1.7692307692307692,,,,-7.986622073578595,-2.842809364548495,,-1.7391304347826086,,-1.0468227424749164,-7.0200668896321075,,-7.2274247491638794,-1.9565217391304348,-1.0301003344481605,-1.4581939799331103,,-6.237458193979933,-6.260869565217392,-4.508361204013378,-7.498327759197324,-6.471571906354515,,-1.0702341137123745,,,-2.79933110367893,-6.334448160535117,-2.9130434782608696,-1.2207357859531773,,-3.8896321070234112,-7.367892976588629,,-7.304347826086957,-2.331103678929766,-7.511705685618729,-1.0969899665551839,-7.68561872909699,-1.8160535117056855,,-3.9498327759197327,-3.1337792642140467,-4.521739130434782,-7.6923076923076925,-1.3210702341137124,-1.3846153846153846,-4.695652173913043,,-1.2240802675585285,-1.1638795986622075,-3.130434782608696,-7.719063545150502,-5.016722408026756,-7.418060200668896,-6.337792642140468,,-7.565217391304348,-1.234113712374582,-4.933110367892977,-4.51505016722408,-1.2976588628762542,-6.996655518394649,,-7.177257525083612,-2.4214046822742477,,-1.0769230769230769,,-2.20066889632107,-2.0501672240802677,-5.377926421404682,-2.5384615384615383,-1.9832775919732442,-2.745819397993311,-7.789297658862877,-7.1003344481605355,,-1.0568561872909699,-2.4849498327759196,-1.140468227424749,-1.1538461538461537,-1.2876254180602007,,-1.7658862876254182,-7.909698996655519,-4.107023411371237,-1.0668896321070234,-5.254180602006689,-5.173913043478261,-5.826086956521739,-1.4448160535117056,-5.183946488294314,-7.2040133779264215,-6.150501672240803,-3.5618729096989967,-1.120401337792642,,-6.010033444816053,-7.187290969899665,-6.023411371237458,-2.060200668896321,-7.063545150501672,-6.003344481605351,-5.802675585284281,-5.080267558528428,-6.979933110367893,-2.2642140468227425,-1.1571906354515051,-7.8361204013377925,,,-1.5016722408026757,-6.812709030100335,,,-4.591973244147157,-7.6521739130434785,,,,,-4.923076923076923,-6.946488294314381,-7.481605351170568,-1.5451505016722407,,-1.57190635451505,-7.247491638795987,-1.391304347826087,-4.408026755852843,,,-2.0735785953177257,-5.424749163879599,-5.698996655518394,-7.411371237458194,,-1.2675585284280937,,-6.869565217391305,-3.94314381270903,-7.280936454849498,-6.290969899665551,-5.551839464882943,-7.575250836120401,-3.4147157190635453,-3.759197324414716,-2.585284280936455,-7.11371237458194,-1.3578595317725752,-5.170568561872909,-2.729096989966555,-3.648829431438127,-2.0133779264214047,-3.9632107023411374,,-7.605351170568562,-7.210702341137123,-7.441471571906354,-1.0434782608695652,,-3.959866220735786,-5.478260869565218,-3.5351170568561874,-4.34113712374582,,,-1.8929765886287626,-1.2307692307692308,-1.6220735785953178,,-2.0334448160535117,,-5.277591973244147,-2.294314381270903,-7.431438127090301,-5.274247491638796,-2.2441471571906355,-7.862876254180602,,,-1.9063545150501673,-5.725752508361204,-6.381270903010034,-1.9732441471571907,-7.581939799331104,-4.578595317725752,,,,-1.3177257525083612,-1.2508361204013378,-1.2173913043478262,-2.3979933110367893,-3.782608695652174,-7.936454849498328,,,-2.37123745819398,-3.59866220735786,,-7.762541806020067,-1.6755852842809364,-7.642140468227424,-5.528428093645485,-7.849498327759197,-1.5050167224080266,-1.5953177257525084,-7.8193979933110365,-5.966555183946488,,-7.8762541806020065,,-1.4949832775919734,-3.568561872909699,,-7.872909698996655,-7.822742474916388,-1.903010033444816,-7.40133779264214,-7.354515050167224,,-1.9698996655518395,-7.709030100334449,,,,,-1.180602006688963,-1.3879598662207357,-5.311036789297659,-6.879598662207358,,-7.448160535117057,,-1.7424749163879598,-1.434782608695652,,-7.749163879598662,-3.9163879598662206,-7.7324414715719065,-1.1672240802675584,,-1.8662207357859533,-5.3076923076923075,-1.548494983277592,-1.4615384615384617,-7.127090301003345,,-2.882943143812709,-4.438127090301004,,-4.6120401337792645,-7.8996655518394645,-6.839464882943144,-7.8595317725752505,,-1.2709030100334449,-4.8561872909699,-7.1237458193979935,-7.953177257525084,-1.137123745819398,-3.4749163879598663,-5.404682274247492,-1.0535117056856187,-2.0869565217391304,-2.976588628762542,-1.7759197324414715,-6.197324414715719,,-2.531772575250836,-1.214046822742475,-3.0903010033444818,-1.2073578595317727,-3.040133779264214,-2.809364548494983,-7.093645484949833,-2.1103678929765888,-5.361204013377926,-1.0066889632107023,-1.9933110367892977,-7.929765886287625,-1.160535117056856,-1.117056856187291,,-4.9397993311036785,,-4.0,,-5.31438127090301,,-6.1438127090301,-1.2575250836120402,-1.3478260869565217,-1.1471571906354514
2024-08-27,-6.882943143812709,-2.4782608695652173,-4.173913043478261,,-1.7424749163879598,,,,-7.989966555183947,-1.7926421404682276,,-2.769230769230769,,-7.036789297658863,-7.023411371237458,,-7.254180602006689,-4.959866220735786,-1.0434782608695652,-2.5217391304347827,,-7.374581939799331,-7.321070234113712,-3.491638795986622,-7.7324414715719065,-5.505016722408027,,-1.060200668896321,,,-1.899665551839465,-7.304347826086957,-3.6187290969899664,-1.193979933110368,,-6.94314381270903,-6.34113712374582,,-1.3076923076923077,-1.334448160535117,-7.54180602006689,-3.1237458193979935,-6.518394648829432,-2.802675585284281,,-2.9531772575250836,-1.137123745819398,-3.57190635451505,-6.896321070234114,-1.294314381270903,-2.391304347826087,-4.454849498327759,,-2.3010033444816056,-5.197324414715719,-1.1471571906354514,-6.625418060200669,-7.013377926421405,-7.441471571906354,-7.327759197324415,-7.250836120401337,-7.377926421404682,-3.234113712374582,-6.889632107023411,,-1.394648829431438,-5.993311036789297,,-7.2040133779264215,-6.468227424749164,,-1.0936454849498327,,-3.2240802675585285,-1.0535117056856187,-5.812709030100335,-7.2274247491638794,-2.6555183946488294,-2.745819397993311,,-7.103678929765886,,-2.0501672240802677,-6.471571906354515,-1.160535117056856,-1.214046822742475,-1.31438127090301,,-1.9732441471571907,-1.117056856187291,-3.120401337792642,-1.0903010033444815,-6.290969899665551,-5.1638795986622075,-6.555183946488294,-1.5150501672240804,-7.230769230769231,-7.11371237458194,-5.157190635451505,-2.511705685618729,-5.1438127090301,,-5.0200668896321075,-7.190635451505017,-5.016722408026756,-4.070234113712375,-7.063545150501672,-5.003344481605351,-4.842809364548495,-7.107023411371237,-5.986622073578595,-3.317725752508361,-1.1872909698996654,-1.7859531772575252,,,-1.488294314381271,,,,-2.6220735785953178,-7.678929765886288,,,,,-2.9230769230769234,-7.946488294314381,-7.528428093645485,-2.585284280936455,,-2.568561872909699,-7.2207357859531776,-1.3578595317725752,-4.481605351170568,,,-7.083612040133779,-4.421404682274248,-4.6120401337792645,-7.367892976588629,,-1.2775919732441472,,-6.832775919732441,-2.9565217391304346,-7.337792642140468,-5.2675585284280935,-4.551839464882943,-6.508361204013378,-4.431438127090301,-5.749163879598662,-4.591973244147157,-7.127090301003345,-1.3110367892976589,-5.170568561872909,-3.5451505016722407,-4.648829431438127,-1.0066889632107023,-6.926421404682275,,-7.561872909698996,-7.237458193979933,-7.451505016722408,-1.0468227424749164,,-1.9632107023411371,-3.4849498327759196,-3.879598662207358,-4.3244147157190636,,,-2.869565217391304,-1.3444816053511706,-3.6354515050167224,,-1.0301003344481605,,-4.247491638795987,-3.3478260869565215,-7.4280936454849495,-7.264214046822742,-7.25752508361204,-7.8595317725752505,,,-1.9063545150501673,-1.8093645484949832,-5.662207357859532,-1.979933110367893,-7.575250836120401,-5.709030100334449,,,,-1.354515050167224,-1.2608695652173914,-7.207357859531773,-5.351170568561873,-3.936454849498328,-6.983277591973244,,,-3.297658862876254,-3.5652173913043477,,-7.775919732441472,-2.672240802675585,-6.602006688963211,-1.6387959866220736,-7.846153846153846,-5.494983277591973,-2.5953177257525084,-7.822742474916388,-7.966555183946488,,-6.852842809364549,,-2.4648829431438126,-4.59866220735786,,-6.88628762541806,-4.829431438127091,-6.933110367892977,-5.404682274247492,-7.3712374581939795,,-1.9698996655518395,-6.712374581939799,,,,,-2.1672240802675584,-2.3645484949832776,-4.40133779264214,-7.892976588628763,,-6.45819397993311,-6.080267558528428,-3.7558528428093645,-1.5016722408026757,,,-2.903010033444816,-6.8193979933110365,-1.1772575250836121,,-1.8662207357859533,-4.331103678929766,-1.5785953177257523,-5.474916387959866,-6.133779264214047,,-4.8361204013377925,-4.448160535117057,,-7.605351170568562,-6.909698996655519,-5.826086956521739,-6.862876254180602,,-2.2441471571906355,-1.839464882943144,-7.1003344481605355,-6.949832775919733,-1.1538461538461537,-4.872909698996655,-7.411371237458194,-1.040133779264214,-3.096989966555184,-1.9765886287625418,-7.916387959866221,-7.130434782608695,,-2.387959866220736,-1.2842809364548495,-4.086956521739131,-2.240802675585284,-7.033444816053512,-3.8060200668896322,-7.076923076923077,-3.0668896321070234,-7.1806020066889635,-1.0100334448160535,-2.9966555183946486,-6.444816053511706,-2.210702341137124,-1.0735785953177257,,-4.20066889632107,,-4.8762541806020065,,-5.217391304347826,,-7.150501672240803,-2.274247491638796,-3.3812709030100336,-2.140468227424749
2024-08-28,-7.862876254180602,-3.451505016722408,-3.197324414715719,,-1.7157190635451505,,,,-6.986622073578595,,,,,-6.036789297658863,-7.016722408026756,,-7.260869565217392,-5.802675585284281,-2.0836120401337794,-1.588628762541806,,-6.745819397993311,-7.404682274247492,-4.491638795986622,-7.866220735785953,-7.638795986622074,,-1.0535117056856187,,,-4.8996655518394645,-7.304347826086957,-4.394648829431438,-1.1906354515050168,,-7.956521739130435,-5.301003344481606,,-1.354515050167224,-2.3143812709030103,,-1.140468227424749,-5.45819397993311,-4.545150501672241,,-3.9096989966555182,-4.2040133779264215,-2.625418060200669,-5.929765886287625,-1.2909698996655519,-1.411371237458194,-2.317725752508361,,-3.367892976588629,-5.2207357859531776,-1.1471571906354514,-5.424749163879599,-6.0200668896321075,-6.444816053511706,-7.351170568561873,-7.264214046822742,-7.270903010033445,-6.214046822742475,-6.688963210702341,,-3.6588628762541804,-4.973244147157191,,-5.224080267558528,-3.5418060200668897,,-1.117056856187291,,-7.2274247491638794,-1.0769230769230769,-7.949832775919733,-6.157190635451505,-3.130434782608696,-3.779264214046823,,-7.107023411371237,,-6.0602006688963215,-1.4782608695652173,-1.1705685618729098,-1.6354515050167224,-2.387959866220736,,-1.9933110367892977,-1.0501672240802675,-6.127090301003345,-1.1237458193979932,-6.321070234113712,-4.153846153846154,-7.438127090301004,-4.581939799331104,-6.418060200668896,-7.063545150501672,-7.160535117056856,-2.4648829431438126,-7.1806020066889635,,-6.030100334448161,-7.247491638795987,-4.010033444816053,-3.096989966555184,,-7.003344481605351,-3.8528428093645486,-7.1438127090301,-2.983277591973244,-6.384615384615385,-1.2173913043478262,-2.729096989966555,,,-1.4983277591973243,,,,-2.668896321070234,-6.662207357859532,,,,,-1.919732441471572,-7.923076923076923,-7.551839464882943,-4.555183946488294,,,-7.187290969899665,-1.3478260869565217,-2.5217391304347827,,,-7.110367892976589,-3.4816053511705687,-4.531772575250836,-7.377926421404682,,-1.2876254180602007,,-5.8595317725752505,-1.9464882943143813,-6.334448160535117,-4.2675585284280935,-3.5785953177257523,-7.51505016722408,-5.327759197324415,-5.595317725752508,-2.632107023411371,-7.137123745819398,-1.2976588628762542,-7.183946488294314,-5.391304347826087,-5.615384615384615,-1.0066889632107023,-7.434782608695652,,-3.6220735785953178,-7.2441471571906355,-6.454849498327759,-1.0735785953177257,,-1.9632107023411371,-2.448160535117057,-7.913043478260869,-3.311036789297659,,,-3.7759197324414715,-1.6789297658862876,-1.6822742474916388,,-2.0234113712374584,,-3.237458193979933,-4.361204013377926,-7.374581939799331,-7.250836120401337,-5.240802675585284,-6.842809364548495,,,-4.892976588628763,-7.806020066889632,-4.916387959866221,-1.979933110367893,-7.605351170568562,-2.7926421404682276,,,,-1.4080267558528428,-1.234113712374582,-6.230769230769231,-3.3444816053511706,-1.959866220735786,-4.989966555183947,,,-2.274247491638796,-4.525083612040134,,-7.785953177257525,-3.585284280936455,-5.618729096989966,-1.7725752508361206,-7.839464882943144,-6.528428093645485,-3.608695652173913,-7.829431438127091,-7.966555183946488,,-6.846153846153846,,-3.468227424749164,-1.6555183946488294,,-7.88628762541806,-1.8561872909698995,-6.936454849498328,-7.3712374581939795,-7.441471571906354,,-1.9698996655518395,-5.558528428093646,,-7.698996655518394,,,-2.177257525083612,-3.3377926421404682,-4.474916387959866,-7.872909698996655,,-7.461538461538462,-4.066889632107023,-4.74247491638796,-2.6956521739130435,,,-1.8160535117056855,-6.882943143812709,-1.2107023411371238,,-1.8762541806020065,-1.3244147157190636,-1.648829431438127,-7.48494983277592,-5.150501672240803,,-6.739130434782608,-1.431438127090301,,-5.6120401337792645,-7.896321070234114,-4.832775919732441,-7.879598662207358,,-6.25752508361204,-2.809364548494983,-6.103678929765886,-3.7525083612040135,-1.2006688963210703,-5.953177257525084,-7.357859531772576,-2.0434782608695654,-6.1003344481605355,-1.9765886287625418,-7.94314381270903,-4.11371237458194,,-1.3311036789297659,-1.4949832775919734,-5.070234113712375,-1.2775919732441472,-7.046822742474917,-4.826086956521739,-6.093645484949833,-1.0568561872909699,-7.133779264214047,-2.0133779264214047,-3.9966555183946486,-7.207357859531773,-1.294314381270903,-1.040133779264214,,-4.080267558528428,,-5.026755852842809,,-3.1739130434782608,,-7.193979933110368,-3.280936454849498,-4.414715719063545,-3.1672240802675584
2024-08-29,-7.809364548494983,-1.4214046822742474,-2.197324414715719,,-1.7558528428093645,-1.5551839464882944,,,-5.986622073578595,,,,,-5.040133779264214,-5.0200668896321075,,-4.2675585284280935,-5.234113712374582,-2.120401337792642,-1.608695652173913,,-7.933110367892977,-7.581939799331104,-3.488294314381271,-1.7157190635451505,-5.802675585284281,,-1.060200668896321,,,-3.8762541806020065,-6.321070234113712,-5.334448160535117,-1.180602006688963,,-7.976588628762542,-4.2274247491638794,,-1.4280936454849498,-1.3311036789297659,,-1.1839464882943145,-4.585284280936455,-3.712374581939799,,-5.7725752508361206,-7.448160535117057,-1.8060200668896322,-4.94314381270903,-1.3076923076923077,-1.5250836120401337,-1.2508361204013378,,-1.4782608695652173,-5.264214046822742,-1.1538461538461537,-4.591973244147157,-6.033444816053512,-5.418060200668896,-5.357859531772576,-6.294314381270903,-7.287625418060201,-2.230769230769231,-5.404682274247492,,-1.9163879598662206,-3.1739130434782608,,-4.237458193979933,-2.6755852842809364,-2.3946488294314383,-1.117056856187291,,-7.304347826086957,-1.1137123745819397,-7.969899665551839,-5.070234113712375,-4.096989966555184,-5.498327759197324,,-7.107023411371237,,-5.076923076923077,-2.531772575250836,-2.2073578595317724,-1.9632107023411371,-1.5351170568561874,,-1.9966555183946488,-2.0267558528428093,-1.1337792642140467,-1.1906354515050168,-7.367892976588629,-4.1638795986622075,-7.317725752508361,-3.3979933110367893,-5.8996655518394645,-6.063545150501672,-1.160535117056856,-1.414715719063545,-6.25752508361204,,-5.053511705685619,-6.384615384615385,-2.0033444816053514,-3.130434782608696,,-4.006688963210703,-2.903010033444816,-7.240802675585284,-1.9899665551839465,-4.45819397993311,-1.4247491638795986,-5.561872909698996,,,-1.4816053511705687,,,,-3.672240802675585,-7.6521739130434785,-6.3478260869565215,,,,-2.9063545150501673,-7.882943143812709,-7.551839464882943,-1.5217391304347827,,,-7.1438127090301,-1.354515050167224,,,-4.789297658862877,-5.1237458193979935,-6.545150501672241,-2.4013377926421406,-7.301003344481606,,-1.3244147157190636,,-2.8862876254180603,-1.939799331103679,-5.408026755852843,-3.254180602006689,-2.729096989966555,-4.528428093645485,-5.274247491638796,-1.5016722408026757,-1.468227424749164,-5.147157190635451,-1.351170568561873,-6.193979933110368,-1.2842809364548495,-6.578595317725752,-1.0100334448160535,-7.177257525083612,,-4.792642140468227,-7.2040133779264215,-4.505016722408027,-1.0903010033444815,,-2.959866220735786,-1.3645484949832776,-6.8361204013377925,-1.37123745819398,,,-3.6053511705685617,-1.9264214046822743,-1.7224080267558528,,-3.0133779264214047,,-2.2240802675585285,-4.381270903010034,-7.290969899665551,-6.217391304347826,-5.187290969899665,-5.65886287625418,,,-4.862876254180602,-7.705685618729097,-3.936454849498328,-1.9832775919732442,-6.622073578595318,-1.8160535117056855,,,,-2.6354515050167224,-5.167224080267559,-5.260869565217392,-3.3444816053511706,-2.9531772575250836,-1.9933110367892977,,,-5.20066889632107,-4.595317725752508,,-5.752508361204013,-4.471571906354515,-4.662207357859532,-2.8260869565217392,-7.775919732441472,-6.575250836120401,-1.62876254180602,-7.8193979933110365,-5.956521739130435,,-6.769230769230769,,-4.491638795986622,-1.7591973244147159,,-7.852842809364549,-2.849498327759197,-4.913043478260869,-7.31438127090301,-7.645484949832776,,-2.9665551839464883,-4.494983277591973,,-7.558528428093646,,,-4.210702341137123,-4.337792642140468,-3.4648829431438126,-1.859531772575251,,-4.474916387959866,-5.073578595317726,-5.6120401337792645,-3.8662207357859533,,,-1.4615384615384617,-5.869565217391305,-1.2474916387959867,,-2.765886287625418,-1.374581939799331,-1.625418060200669,-7.51505016722408,-4.137123745819398,-7.923076923076923,-4.638795986622074,-1.431438127090301,,-6.548494983277592,-7.846153846153846,-3.779264214046823,-6.8561872909699,,-6.270903010033445,-5.735785953177258,-4.093645484949833,-2.17056856187291,-1.2775919732441472,-6.973244147157191,-5.297658862876254,-1.0468227424749164,-6.086956521739131,-1.979933110367893,-6.946488294314381,-4.080267558528428,,-1.4548494983277591,-1.8896321070234112,-5.066889632107023,-1.3110367892976589,-6.05685618729097,-3.8327759197324416,-4.1003344481605355,-1.0434782608695652,-6.103678929765886,-3.0234113712374584,-1.919732441471572,-3.140468227424749,-1.4381270903010033,-1.0301003344481605,,-3.0501672240802677,,-6.016722408026756,,-2.150501672240803,,-7.2441471571906355,-1.3411371237458194,-2.6555183946488294,-2.2140468227424748
2024-08-30,-5.531772575250836,-1.431438127090301,-3.20066889632107,,-1.6588628762541806,-2.3946488294314383,,,-4.923076923076923,,,,,-4.040133779264214,-4.023411371237458,,-3.254180602006689,-7.117056856187291,-2.234113712374582,-1.585284280936455,,-7.913043478260869,-7.822742474916388,-3.4347826086956523,-2.782608695652174,-3.842809364548495,,-1.0668896321070234,,,-3.7959866220735785,-5.414715719063545,-6.290969899665551,-1.180602006688963,,-7.976588628762542,-5.1404682274247495,,-4.505016722408027,-1.3645484949832776,,-2.2876254180602005,-3.809364548494983,-3.6153846153846154,,-5.334448160535117,-7.929765886287625,-1.8461538461538463,-4.916387959866221,-1.3277591973244147,-1.6521739130434783,-1.2709030100334449,,-1.7090301003344481,-4.919732441471572,-1.214046822742475,-3.8762541806020065,-7.210702341137123,-4.51505016722408,-6.39799331103679,-4.317725752508361,-7.3244147157190636,-2.220735785953177,-5.826086956521739,,-1.939799331103679,-2.8862876254180603,,-3.250836120401338,-2.7859531772575252,-3.4046822742474916,-1.1070234113712374,,-7.481605351170568,-1.1772575250836121,-6.986622073578595,-4.043478260869565,-3.096989966555184,-6.862876254180602,,-6.086956521739131,,-6.1438127090301,-3.672240802675585,-3.2441471571906355,-5.983277591973244,-1.7157190635451505,,-2.0,-3.0100334448160537,-1.137123745819398,-1.8528428093645486,-7.812709030100335,-3.1739130434782608,-7.34448160535117,-3.190635451505017,-2.9063545150501673,-4.046822742474917,-1.1505016722408028,-1.7391304347826086,-6.973244147157191,-5.993311036789297,-1.0535117056856187,-4.792642140468227,-1.0066889632107023,-3.8060200668896322,,-2.0033444816053514,-1.879598662207358,-7.872909698996655,-7.979933110367893,-2.6989966555183944,-1.9264214046822743,-6.31438127090301,,,-2.4013377926421406,,,,-2.59866220735786,-6.478260869565218,-7.217391304347826,,,,-1.8327759197324416,-7.377926421404682,-7.464882943143813,-2.511705685618729,,,-7.127090301003345,-1.3043478260869565,,,-2.705685618729097,-3.130434782608696,-7.635451505016722,-1.294314381270903,-7.2274247491638794,,-1.3612040133779264,,-7.8595317725752505,-2.936454849498328,-4.903010033444816,-2.2240802675585285,-1.7558528428093645,-3.4180602006688963,-6.187290969899665,-1.7625418060200668,-1.6822742474916388,-4.896321070234114,-1.57190635451505,-5.207357859531773,-2.1538461538461537,-7.461538461538462,-1.0367892976588629,-7.090301003344481,,-6.849498327759197,-6.160535117056856,-3.5953177257525084,-1.100334448160535,,-4.963210702341137,-1.2307692307692308,-5.6755852842809364,-1.4749163879598663,-4.8996655518394645,,-1.5819397993311037,-1.959866220735786,-2.625418060200669,,-4.013377926421405,,-1.2408026755852843,-7.2842809364548495,-7.193979933110368,-4.157190635451505,-4.147157190635451,-6.354515050167224,,,-6.645484949832776,-7.4280936454849495,-2.9464882943143813,-1.9531772575250836,-6.588628762541806,-7.729096989966555,,,,-3.802675585284281,-2.17056856187291,-4.321070234113712,-5.351170568561873,-7.933110367892977,-1.9966555183946488,,,-4.1638795986622075,-4.789297658862877,,-7.518394648829432,-4.280936454849498,-3.765886287625418,-3.869565217391304,-6.424749163879599,-7.602006688963211,-1.5451505016722407,-7.54180602006689,-3.9498327759197327,,-5.331103678929766,,-5.488294314381271,-1.7023411371237458,,-7.6120401337792645,-3.749163879598662,-2.8896321070234112,-5.2675585284280935,-7.769230769230769,,-3.9665551839464883,-3.6956521739130435,,-6.3712374581939795,,-3.722408026755853,-5.498327759197324,-5.311036789297659,-1.5752508361204014,-3.7257525083612038,,-3.528428093645485,-6.076923076923077,-6.367892976588629,-4.839464882943144,,,-1.2374581939799332,-3.7725752508361206,-1.3010033444816054,,-2.3411371237458196,-1.3377926421404682,-1.648829431438127,-7.74247491638796,-3.1237458193979935,-7.882943143812709,-1.4381270903010033,-1.4448160535117056,,-5.551839464882943,-7.501672240802676,-2.5217391304347827,-7.688963210702341,,-7.441471571906354,-6.448160535117057,-3.0936454849498327,-1.1036789297658862,-1.7591973244147159,-7.989966555183947,-4.829431438127091,-1.0568561872909699,-6.083612040133779,-1.8662207357859533,-4.969899665551839,-2.0702341137123748,,-1.7190635451505016,-1.9096989966555182,-7.0602006688963215,-1.3578595317725752,-5.063545150501672,-1.6923076923076923,-2.1337792642140467,-4.033444816053512,-4.073578595317726,-4.030100334448161,-1.1137123745819397,-2.25752508361204,-1.8561872909698995,-1.020066889632107,,-7.026755852842809,,-7.016722408026756,,-5.120401337792642,,-7.374581939799331,-1.568561872909699,-1.8160535117056855,-3.277591973244147
2024-09-02,-2.3645484949832776,-1.4816053511705687,-5.374581939799331,,-3.5652173913043477,-3.3444816053511706,,,-3.745819397993311,,,,,-3.0234113712374584,-5.030100334448161,,-3.297658862876254,-5.076923076923077,-4.68561872909699,-3.531772575250836,-7.568561872909699,-7.8193979933110365,-7.79933110367893,-1.62876254180602,-3.668896321070234,-1.8294314381270902,,-1.0903010033444815,,,-1.6789297658862876,-4.581939799331104,-7.240802675585284,-3.334448160535117,,-7.973244147157191,-1.0936454849498327,,-6.521739130434782,-2.4414715719063547,,-4.806020066889632,-2.8327759197324416,-1.6755852842809364,,-2.1939799331103678,-7.966555183946488,-3.8561872909698995,-4.852842809364549,-2.528428093645485,-5.722408026755852,-1.488294314381271,,-2.709030100334448,-3.9531772575250836,-4.6521739130434785,-2.9331103678929766,-7.996655518394649,-3.6588628762541804,-7.535117056856187,-1.6421404682274248,-7.618729096989966,-5.25752508361204,-7.88628762541806,,-6.913043478260869,-1.9464882943143813,,-3.294314381270903,-7.765886287625418,-6.59866220735786,-1.140468227424749,,-7.749163879598662,-1.7892976588628762,-7.976588628762542,-3.020066889632107,-1.1270903010033444,-7.882943143812709,,-7.096989966555184,,-7.926421404682275,-4.6923076923076925,-5.491638795986622,-6.979933110367893,-3.688963210702341,,-2.0,-5.003344481605351,-1.160535117056856,-2.9230769230769234,-7.842809364548495,-2.274247491638796,-7.608695652173913,-5.11371237458194,-2.809364548494983,-5.036789297658863,-7.177257525083612,-1.4581939799331103,-7.983277591973244,-5.986622073578595,-2.0535117056856187,-4.8361204013377925,-3.0267558528428093,-6.969899665551839,,-1.0167224080267558,-4.8595317725752505,-7.919732441471572,-5.916387959866221,-1.7391304347826086,-2.9565217391304346,-4.234113712374582,,,-2.4180602006688963,,,,-6.48494983277592,-3.351170568561873,-4.1806020066889635,,,,-1.7625418060200668,-5.150501672240803,-7.3244147157190636,-3.4949832775919734,,,-7.173913043478261,-3.4448160535117056,,,-2.5953177257525084,-3.3545150501672243,-6.147157190635451,-1.3177257525083612,-7.217391304347826,,-1.451505016722408,,-6.846153846153846,-3.8729096989966556,-5.929765886287625,-1.137123745819398,-2.638795986622074,-2.3010033444816056,-7.157190635451505,-1.8160535117056855,-1.7290969899665551,-3.9498327759197327,-4.698996655518394,-4.39799331103679,-3.0869565217391304,-7.3879598662207355,-1.0668896321070234,-7.0602006688963215,,-7.849498327759197,-5.1638795986622075,-4.65551839464883,-1.1438127090301002,,-6.936454849498328,-1.2240802675585285,-7.615384615384615,-2.57190635451505,-2.9096989966555182,,-1.6321070234113713,-3.94314381270903,-1.5384615384615383,,-5.010033444816053,,-1.2775919732441472,-7.311036789297659,-6.183946488294314,-6.1237458193979935,-7.110367892976589,-3.280936454849498,,,-6.391304347826087,-6.264214046822742,-1.879598662207358,-2.190635451505017,-7.501672240802676,-6.545150501672241,,,,-5.7558528428093645,-1.214046822742475,-3.6120401337792645,-7.498327759197324,-7.862876254180602,-6.993311036789297,,,-5.170568561872909,-1.7959866220735785,,-3.3812709030100336,-5.210702341137123,-2.74247491638796,-4.866220735785953,-3.254180602006689,-7.622073578595318,-1.4615384615384617,-6.377926421404682,-4.892976588628763,,,,-6.511705685618729,-2.6053511705685617,,-2.3076923076923075,-4.578595317725752,-2.8762541806020065,-1.2073578595317727,-1.7190635451505016,,-4.9397993311036785,-2.6454849498327757,,-7.287625418060201,,-5.665551839464883,-7.812709030100335,-6.40133779264214,-1.585284280936455,-4.51505016722408,,-2.588628762541806,-7.130434782608695,-7.2207357859531776,-5.785953177257525,,,-1.1538461538461537,-2.5551839464882944,-1.8227424749163879,,-5.2040133779264215,-1.7591973244147159,-1.6020066889632107,-7.735785953177258,-2.120401337792642,-7.826086956521739,-3.2675585284280935,-2.4782608695652173,,-7.508361204013378,-4.230769230769231,-1.3678929765886287,-3.448160535117057,,-7.705685618729097,-1.2608695652173914,-5.117056856187291,-2.0735785953177257,-2.779264214046823,-7.989966555183947,-5.903010033444816,-1.0635451505016722,-7.107023411371237,-2.5418060200668897,-3.9632107023411374,-1.0836120401337792,,-3.782608695652174,-1.9063545150501673,-7.050167224080267,-4.431438127090301,-4.05685618729097,-2.4749163879598663,-1.839464882943144,-2.080267558528428,-6.070234113712375,-5.033444816053512,-4.040133779264214,-1.8963210702341136,-3.869565217391304,-1.0066889632107023,,-6.013377926421405,,-7.043478260869565,,-3.1337792642140467,,-7.792642140468227,-2.6622073578595318,-1.8026755852842808,-6.672240802675585
2024-09-03,-2.265993265993266,-1.5218855218855218,-4.558922558922559,,-4.518518518518518,-4.28956228956229,,,-2.643097643097643,,,,,,-2.164983164983165,,-1.404040404040404,-4.087542087542087,-2.7542087542087543,-7.424242424242424,-7.501683501683502,-7.595959595959596,-7.771043771043771,-1.6531986531986531,-4.585858585858586,-1.7946127946127945,,-1.9023569023569022,,-7.188552188552189,-2.67003367003367,-3.606060606060606,-7.235690235690235,-2.5925925925925926,,-7.956228956228956,-1.063973063973064,,-5.542087542087542,-1.5454545454545454,,-4.8686868686868685,-1.8383838383838382,-2.6902356902356903,,-2.1077441077441077,-7.942760942760943,-1.8518518518518519,-4.764309764309765,-2.6734006734006734,-4.713804713804714,-1.6195286195286194,,-1.676767676767677,-1.936026936026936,-4.767676767676767,-1.9393939393939394,-7.0,-2.6363636363636362,-7.538720538720539,-1.7272727272727273,-6.71043771043771,-5.5353535353535355,-5.895622895622895,,-1.8417508417508417,-1.9831649831649831,,-1.430976430976431,-5.7407407407407405,-7.683501683501683,-1.4444444444444444,,-7.7912457912457915,-1.8922558922558923,-6.94949494949495,-2.01010101010101,-2.9225589225589226,-7.878787878787879,,-6.32996632996633,,-3.973063973063973,-5.62962962962963,-5.622895622895623,-1.9326599326599325,-6.565656565656566,,-1.9966329966329965,-4.0033670033670035,-1.2255892255892256,-1.9191919191919191,-7.848484848484849,-1.4915824915824916,-7.626262626262626,-5.084175084175084,-1.4747474747474747,-2.037037037037037,-6.242424242424242,-1.4208754208754208,-6.986531986531986,-3.9663299663299663,-1.0606060606060606,-2.7845117845117846,-1.9764309764309764,-1.9696969696969697,,-1.0303030303030303,-3.8350168350168348,-6.861952861952862,-3.855218855218855,-1.7441077441077442,-3.9595959595959593,-7.154882154882155,,,-3.3602693602693603,,,,-6.380471380471381,-4.255892255892256,-5.114478114478114,,,,-1.6801346801346801,-6.074074074074074,-7.252525252525253,-3.461279461279461,,,-6.441077441077441,-1.457912457912458,,,-1.4814814814814814,-2.7777777777777777,,-1.3097643097643097,-6.178451178451178,,-1.5757575757575757,,-5.828282828282829,-1.8249158249158248,-1.9057239057239057,-2.0673400673400675,-1.4882154882154883,-1.2693602693602695,-7.141414141414141,-1.872053872053872,-1.696969696969697,-2.9461279461279464,-5.7340067340067336,-3.5824915824915826,-4.057239057239057,-7.326599326599327,-1.9932659932659933,-7.026936026936027,,-1.8181818181818183,-4.198653198653199,-1.5993265993265995,-1.4377104377104377,,-5.865319865319865,-1.1952861952861953,-3.6397306397306397,-1.6161616161616161,-1.898989898989899,,-2.7037037037037037,-3.909090909090909,-1.393939393939394,,-6.016835016835016,,-1.468013468013468,-6.306397306397306,-3.144781144781145,-2.1043771043771042,-6.090909090909091,-2.185185185185185,,,-7.249158249158249,-6.161616161616162,-1.6868686868686869,-3.04040404040404,-6.4646464646464645,-5.511784511784512,,,,-5.730639730639731,-1.6026936026936027,-2.579124579124579,-7.515151515151516,-7.6127946127946124,-4.98989898989899,,,-1.1481481481481481,-1.797979797979798,,-2.2727272727272725,-7.127946127946128,-1.7171717171717171,-5.808080808080808,-2.1683501683501682,-7.562289562289562,-1.4276094276094276,-6.239057239057239,-2.781144781144781,,,,-6.5286195286195285,-1.5084175084175084,,-1.1818181818181819,-5.454545454545454,,-1.202020202020202,-1.5723905723905722,,-7.915824915824916,-1.6464646464646466,,-6.228956228956229,,-3.569023569023569,-7.882154882154882,-7.377104377104377,-1.4175084175084174,-2.3905723905723906,,-3.5555555555555554,-5.8047138047138045,-7.121212121212121,-5.693602693602694,,,-1.0942760942760943,-1.3434343434343434,-1.8754208754208754,,-4.111111111111111,-2.8013468013468015,-1.4848484848484849,-7.750841750841751,-1.0774410774410774,-7.760942760942761,-1.2222222222222223,-1.4478114478114479,,-7.397306397306397,-4.124579124579125,-1.2053872053872055,-1.303030303030303,,-6.700336700336701,-3.1717171717171717,-1.2861952861952861,-1.0336700336700337,-2.7474747474747474,-7.97979797979798,-5.912457912457913,-1.101010101010101,-6.589225589225589,-2.3737373737373737,-2.962962962962963,-1.0808080808080809,,-1.7878787878787878,-1.8585858585858586,-7.053872053872054,-5.548821548821548,-3.0505050505050506,-1.3703703703703702,-2.845117845117845,-7.929292929292929,-6.070707070707071,-5.047138047138047,-6.02020202020202,-1.925925925925926,-3.8114478114478114,-1.0067340067340067,,-2.0134680134680134,,-7.212121212121212,,-1.1515151515151516,,-7.831649831649831,-7.505050505050505,-1.7744107744107744,-7.407407407407407
2024-09-04,-1.2727272727272727,-1.5723905723905722,-1.5791245791245792,,-3.4983164983164983,-5.276094276094276,,,-1.723905723905724,,,,,,-1.9057239057239057,,-1.4848484848484849,-1.2053872053872055,-2.65993265993266,-7.377104377104377,-7.457912457912458,-6.1952861952861955,-5.737373737373737,-1.7171717171717171,-1.5387205387205387,-1.8114478114478114,,-1.925925925925926,,-1.1818181818181819,-6.656565656565657,-2.5656565656565657,-5.198653198653199,-1.6195286195286194,,-4.9326599326599325,-1.0505050505050506,,-7.461279461279461,-1.5353535353535355,,-4.878787878787879,-1.8417508417508417,-2.68013468013468,-4.720538720538721,-1.0976430976430978,-7.936026936026936,-3.814814814814815,-5.646464646464646,-1.6531986531986531,-1.696969696969697,-2.5824915824915826,,-1.6296296296296298,-2.9225589225589226,-1.7811447811447811,-4.946127946127946,-1.9932659932659933,,-6.575757575757576,-1.7643097643097643,-2.7407407407407405,-1.6835016835016834,-7.875420875420875,,-1.7710437710437712,-1.9966329966329965,,-1.4814814814814814,-6.64983164983165,-7.713804713804714,-3.6632996632996635,,-5.851851851851852,-2.898989898989899,-5.929292929292929,-1.0101010101010102,-3.973063973063973,-7.861952861952862,,-3.744107744107744,-4.373737373737374,-2.9764309764309766,-6.602693602693603,-7.511784511784512,-1.8484848484848486,-1.430976430976431,,-2.9865319865319866,-5.0033670033670035,-1.3063973063973064,-1.8922558922558923,-7.835016835016835,-2.5555555555555554,-7.542087542087542,-3.0841750841750843,-1.1077441077441077,-1.0572390572390573,-5.32996632996633,-1.569023569023569,-2.983164983164983,-2.962962962962963,-1.1178451178451179,-1.7474747474747474,-2.0,-1.9494949494949494,,-1.2996632996632997,-3.8316498316498318,-3.797979797979798,-5.821548821548822,-1.7272727272727273,-2.942760942760943,-2.1717171717171717,,,-5.35016835016835,,,,-7.390572390572391,-3.2356902356902357,-1.1144781144781144,,,-1.6936026936026936,-2.6329966329966332,-2.047138047138047,-6.269360269360269,-1.4747474747474747,,,-1.606060606060606,-1.5050505050505052,,,-1.4444444444444444,-1.8181818181818183,,-1.303030303030303,-1.228956228956229,,-1.5622895622895623,,-4.828282828282829,-1.8013468013468015,-2.8821548821548824,-1.037037037037037,-1.4377104377104377,-1.1919191919191918,-7.168350168350169,-3.909090909090909,-2.622895622895623,-1.9124579124579124,-6.757575757575758,-2.5993265993265995,-7.040404040404041,,-1.98989898989899,-7.02020202020202,,-1.7542087542087543,-4.262626262626263,-1.595959595959596,-1.5589225589225588,,-5.794612794612795,-2.242424242424242,-1.7777777777777777,-1.6161616161616161,-1.8855218855218854,,-3.7306397306397305,-1.872053872053872,-2.393939393939394,,-7.033670033670034,,-1.6397306397306397,-7.292929292929293,-2.212121212121212,-7.111111111111111,-7.077441077441078,-1.1851851851851851,,,-6.239057239057239,-7.1447811447811445,-1.1616161616161615,-2.0235690235690234,-3.5016835016835017,-5.451178451178452,,,,-6.686868686868687,-1.8686868686868687,-1.589225589225589,-5.515151515151516,-7.249158249158249,-6.97979797979798,,,-1.1885521885521886,-1.8451178451178452,,-2.259259259259259,-7.101010101010101,-1.6902356902356903,-6.8047138047138045,-1.1750841750841752,-2.5521885521885523,-1.4478114478114479,-4.225589225589226,-1.676767676767677,,,,-5.5286195286195285,-5.468013468013468,,-1.138047138047138,-6.4006734006734005,,-1.3097643097643097,-1.4646464646464645,,-6.915824915824916,-1.6734006734006734,,-7.222222222222222,,-2.525252525252525,-7.902356902356902,-7.363636363636363,-1.34006734006734,-3.4141414141414144,,-2.5454545454545454,-7.966329966329966,-1.0808080808080809,-6.488215488215488,,,-1.0707070707070707,-1.2087542087542087,-1.8888888888888888,,-6.090909090909091,-1.855218855218855,-1.4410774410774412,-7.774410774410774,-1.0673400673400673,-7.636363636363637,-3.1245791245791246,-1.4713804713804715,,-6.424242424242424,-1.0875420875420876,-1.1313131313131313,-1.2794612794612794,,-5.700336700336701,-7.154882154882155,-1.5084175084175084,-1.026936026936027,-4.767676767676767,-7.96969696969697,-5.91919191919192,-1.67003367003367,-4.808080808080808,-6.094276094276094,-1.9595959595959596,-1.063973063973064,,-1.7845117845117846,-1.8249158249158248,-3.218855218855219,-2.4915824915824913,-2.053872053872054,-3.28956228956229,-3.3367003367003365,-7.956228956228956,-1.1414141414141414,-2.0437710437710437,-4.016835016835016,-1.9393939393939394,-1.791245791245791,-1.0067340067340067,,-6.013468013468014,,-5.707070707070707,,-1.2525252525252526,,-5.858585858585858,-6.313131313131313,-1.7508417508417509,-5.178451178451178
2024-09-05,-1.2828282828282829,-1.6195286195286194,-1.542087542087542,,-6.531986531986532,-6.2659932659932664,,-1.6430976430976432,-1.595959595959596,,,,,,-1.8047138047138047,,-1.5521885521885523,-2.5454545454545454,-1.2760942760942762,-6.343434343434343,-7.498316498316498,-4.090909090909091,-4.767676767676767,-2.814814814814815,-2.3164983164983166,-1.8484848484848486,,-1.9124579124579124,,-1.1885521885521886,-5.744107744107744,-1.5925925925925926,-6.1952861952861955,-1.6094276094276094,,-3.9461279461279464,-1.0774410774410774,,-5.5353535353535355,-1.6161616161616161,,-3.9023569023569022,-1.878787878787879,-1.7474747474747474,-4.7340067340067336,-7.111111111111111,-7.94949494949495,-4.801346801346801,-1.65993265993266,-1.6666666666666665,-1.7306397306397305,-7.292929292929293,,-1.632996632996633,-3.589225589225589,-1.791245791245791,-3.9595959595959593,-4.9393939393939394,,-7.622895622895623,-1.8383838383838382,-1.7205387205387206,-1.8249158249158248,-7.771043771043771,,-1.7104377104377104,-1.9966329966329965,,-1.5185185185185186,-4.511784511784512,-7.764309764309765,-4.69023569023569,,-4.892255892255893,-3.8754208754208754,-4.942760942760943,-1.0134680134680134,-4.98989898989899,-5.757575757575758,,-2.845117845117845,-6.447811447811448,-1.9764309764309764,-7.63973063973064,-6.37037037037037,-1.67003367003367,-3.387205387205387,,-3.9865319865319866,-1.0067340067340067,-1.3198653198653199,-1.861952861952862,-6.794612794612795,-5.602693602693603,-7.279461279461279,-1.1481481481481481,-1.0707070707070707,-1.1750841750841752,-4.346801346801347,-1.6868686868686869,-1.9797979797979797,-1.9696969696969697,-1.6734006734006734,-1.7171717171717171,-2.0,-2.952861952861953,,-1.4208754208754208,-2.8821548821548824,-1.7744107744107744,-1.8686868686868687,-1.7138047138047137,-7.925925925925926,-3.1986531986531985,,,-6.3367003367003365,,,,-7.397306397306397,-7.252525252525253,-7.158249158249158,,,-1.7003367003367003,-7.723905723905724,-2.0505050505050506,-2.2727272727272725,-1.430976430976431,,,-2.6498316498316496,-1.5151515151515151,,,-5.478114478114478,-1.8282828282828283,,-1.2491582491582491,-2.323232323232323,,-1.6531986531986531,,-3.872053872053872,-1.8518518518518519,-3.6936026936026938,-1.0471380471380471,-1.3569023569023568,-3.1313131313131315,-1.2053872053872055,-4.929292929292929,-2.579124579124579,-1.4713804713804715,-1.8181818181818183,-1.5488215488215489,-7.053872053872054,,-1.0168350168350169,-6.040404040404041,,-2.4006734006734005,-2.313131313131313,-1.6363636363636362,-1.4343434343434343,,-6.797979797979798,-3.3737373737373737,-2.8417508417508417,-1.6801346801346801,-1.9090909090909092,,-2.7542087542087543,-1.855218855218855,-3.4175084175084174,,-7.043771043771044,,-1.7508417508417509,-7.2592592592592595,-2.34006734006734,-6.202020202020202,-1.1346801346801347,-2.212121212121212,,,-5.262626262626263,-6.151515151515151,-1.0673400673400673,-2.0235690235690234,-2.5993265993265995,-6.380471380471381,,-3.2154882154882154,,-7.7272727272727275,-1.9225589225589226,-1.5757575757575757,-5.521885521885522,-7.104377104377105,-7.966329966329966,,,-1.138047138047138,-3.865319865319865,,-4.286195286195286,-7.117845117845118,-1.7070707070707072,-7.784511784511785,-1.2087542087542087,-2.612794612794613,-1.5016835016835017,-7.255892255892256,-1.5286195286195285,,,,-5.585858585858586,-4.491582491582491,,-2.154882154882155,-7.353535353535354,,-1.569023569023569,-1.4410774410774412,,-5.91919191919192,-1.7407407407407407,,-1.2323232323232323,,-2.538720538720539,-7.936026936026936,-7.306397306397306,-1.228956228956229,-6.474747474747475,,-1.5622895622895623,-5.993265993265993,-3.0976430976430978,-6.299663299663299,,,-2.0841750841750843,-1.164983164983165,-2.9326599326599325,,-6.114478114478114,-1.9158249158249159,-1.410774410774411,-1.808080808080808,-1.063973063973064,-7.646464646464646,,-1.494949494949495,,-7.333333333333333,-2.1245791245791246,-1.1414141414141414,-2.28956228956229,,-4.656565656565657,-7.178451178451178,-1.4612794612794613,-2.0303030303030303,-6.835016835016835,-7.962962962962963,-1.9057239057239057,-1.3838383838383839,-1.8585858585858586,-6.074074074074074,-1.9730639730639732,-2.0606060606060606,-4.781144781144781,-3.8114478114478114,-1.8215488215488216,-5.505050505050505,-3.4276094276094278,-1.0572390572390573,-5.235690235690235,-3.080808080808081,-7.983164983164983,-2.191919191919192,-1.0336700336700337,-4.037037037037037,-3.8956228956228958,-1.6835016835016834,-1.0033670033670035,,-7.02020202020202,,-6.01010101010101,,-1.3905723905723906,,-4.898989898989899,-5.171717171717171,-1.7373737373737375,-4.087542087542087
2024-09-06,-2.3627118644067795,-5.63728813559322,-3.4949152542372883,-3.5864406779661016,-7.562711864406779,-7.31864406779661,,-3.616949152542373,-1.193220338983051,,,,,,-3.1898305084745764,,-1.68135593220339,-7.745762711864407,-7.186440677966102,-4.366101694915255,-7.545762711864406,-6.084745762711864,-6.779661016949152,-4.810169491525424,-3.2508474576271187,-1.8338983050847457,,-2.8440677966101697,,-3.223728813559322,-7.796610169491525,-1.5084745762711864,-7.257627118644068,-3.528813559322034,,-4.942372881355932,-2.0983050847457627,,-6.576271186440678,-3.6474576271186443,,-6.901694915254238,-7.91864406779661,-2.769491525423729,-5.708474576271186,-4.125423728813559,-7.945762711864407,-7.654237288135593,-3.6440677966101696,-7.786440677966102,-5.742372881355932,-7.172881355932203,,-2.5694915254237287,-4.091525423728814,-7.738983050847458,-1.959322033898305,-7.023728813559322,,-7.623728813559322,-2.857627118644068,-5.698305084745763,-7.8915254237288135,-7.230508474576271,,-1.7016949152542373,-2.0,,-3.552542372881356,-3.2610169491525425,-7.762711864406779,-2.7220338983050847,,-5.915254237288136,-4.803389830508475,-5.9491525423728815,-1.0101694915254238,-5.989830508474577,-6.522033898305085,,-2.8847457627118644,-7.51864406779661,-2.9796610169491524,-7.684745762711865,-5.2,-4.48135593220339,-7.352542372881356,,-4.976271186440678,-7.0067796610169495,-2.3559322033898304,-2.8203389830508474,-7.661016949152542,-6.627118644067797,-7.159322033898305,-7.247457627118644,-2.088135593220339,-2.610169491525424,-3.386440677966102,-3.830508474576271,-3.9728813559322034,-1.9864406779661017,-2.8067796610169493,-2.6745762711864405,-2.9966101694915253,-4.911864406779661,,-1.1423728813559322,-1.9254237288135592,-2.7728813559322036,-2.8508474576271188,-5.728813559322034,-7.871186440677966,-3.288135593220339,,,-2.369491525423729,,,,-5.4271186440677965,-7.294915254237289,-2.2067796610169492,-4.277966101694915,,-2.776271186440678,-6.7322033898305085,-1.0677966101694916,-1.3932203389830509,-3.423728813559322,,,-3.593220338983051,-2.535593220338983,,,-7.511864406779661,-2.766101694915254,,-1.2372881355932204,-3.3966101694915256,,-2.705084745762712,,-1.8644067796610169,-5.908474576271186,-4.589830508474576,-1.0508474576271187,-1.3152542372881357,-1.1152542372881356,-2.2813559322033896,-7.938983050847457,-4.332203389830508,-3.1322033898305084,-2.8372881355932202,-1.6,-6.077966101694916,,-2.016949152542373,-4.04406779661017,,-4.15593220338983,-2.4,-4.650847457627119,-3.298305084745763,,-5.847457627118644,-4.47457627118644,-1.8983050847457628,-2.7254237288135594,-1.9322033898305084,,-5.7593220338983055,-2.823728813559322,,,-7.040677966101695,,-1.8,-7.264406779661017,-1.4779661016949153,-7.4711864406779664,-2.2101694915254235,-2.227118644067797,,,-5.349152542372881,-5.1661016949152545,-1.0542372881355933,-1.0203389830508474,-4.691525423728813,-6.284745762711864,,-2.3254237288135595,,-7.752542372881356,-3.952542372881356,-1.6033898305084746,-1.7152542372881356,-7.064406779661017,-6.969491525423729,,,-2.1084745762711865,-7.861016949152543,,-1.3457627118644067,-6.145762711864407,,-7.376271186440678,-1.2745762711864406,-3.640677966101695,-1.5966101694915253,-6.322033898305085,-1.4508474576271186,,,,-7.606779661016949,-7.555932203389831,,-3.1796610169491526,-7.342372881355932,,-5.749152542372881,-1.383050847457627,,-4.922033898305084,-1.840677966101695,,-6.271186440677966,,-1.6711864406779662,-7.966101694915254,-7.328813559322034,-1.1694915254237288,-7.532203389830508,,-1.6305084745762712,-4.9932203389830505,-1.111864406779661,-7.196610169491525,-7.4847457627118645,,-1.1050847457627118,-1.1389830508474577,-5.894915254237288,,-7.11864406779661,-2.928813559322034,-1.5016949152542374,-1.854237288135593,-1.0576271186440678,-5.454237288135594,,-2.613559322033898,,-7.305084745762712,-1.1491525423728814,-1.1355932203389831,-1.335593220338983,,-1.8271186440677964,-5.203389830508475,-3.2440677966101696,-7.03728813559322,-7.877966101694915,-7.96271186440678,-7.867796610169491,-2.3728813559322033,-2.8881355932203387,-7.081355932203389,-1.9830508474576272,-2.0610169491525423,-7.793220338983051,-7.783050847457627,-2.694915254237288,-7.664406779661017,-7.579661016949153,-1.071186440677966,-7.233898305084746,-5.047457627118644,-7.88135593220339,-2.688135593220339,-7.030508474576271,-7.094915254237288,-4.71864406779661,-2.4983050847457626,-2.013559322033898,,-1.0271186440677966,,-5.003389830508475,,-2.566101694915254,,-5.905084745762712,-5.1525423728813555,-2.6338983050847458,-6.074576271186441
2024-09-09,-3.4677966101694917,-6.661016949152542,-6.389830508474576,-1.6542372881355933,-7.606779661016949,-7.366101694915255,,-7.5864406779661016,-1.0813559322033899,,-1.2372881355932204,,,,-4.030508474576271,,-3.759322033898305,-7.613559322033899,-7.203389830508475,-3.369491525423729,-6.596610169491526,-7.084745762711864,-7.705084745762711,-4.847457627118644,-4.206779661016949,-1.8779661016949154,,-3.159322033898305,,-7.352542372881356,-7.810169491525424,-3.4372881355932203,-1.2677966101694915,-3.406779661016949,,-7.871186440677966,-3.176271186440678,,-7.545762711864406,-1.647457627118644,,-4.861016949152543,-6.938983050847457,-2.776271186440678,-7.6881355932203395,-6.186440677966102,-6.952542372881356,-7.335593220338983,-1.6203389830508474,-7.813559322033898,-7.725423728813559,-5.149152542372882,,,-5.057627118644068,-1.6338983050847458,-2.9457627118644067,-6.010169491525423,,-7.4847457627118645,-1.8847457627118644,-7.508474576271187,-1.8813559322033897,-5.105084745762712,,-1.694915254237288,-2.0,-4.850847457627118,-1.5559322033898306,-7.196610169491525,-6.7322033898305085,-1.5796610169491525,,-2.9016949152542373,-5.6305084745762715,-4.959322033898305,-1.0169491525423728,-6.989830508474577,-4.216949152542373,,-1.854237288135593,-7.667796610169492,-1.9762711864406781,-7.752542372881356,-4.15593220338983,-5.379661016949153,-6.393220338983051,,-5.969491525423729,-7.013559322033898,-1.4271186440677965,-2.8067796610169493,-4.31864406779661,-2.664406779661017,-5.135593220338983,-2.464406779661017,-2.1186440677966103,-1.769491525423729,-2.383050847457627,-3.922033898305085,-1.9728813559322034,-1.9864406779661017,-1.8305084745762712,-3.7288135593220337,-1.993220338983051,-5.864406779661017,,-1.064406779661017,-1.9322033898305084,-1.7491525423728813,-2.7186440677966104,-2.698305084745763,-7.359322033898305,-5.4711864406779664,,,-2.423728813559322,,,,-5.488135593220339,-7.342372881355932,-4.36271186440678,-6.311864406779661,,-2.8033898305084746,-5.538983050847458,-1.1016949152542372,-2.5016949152542374,-6.447457627118644,-5.5423728813559325,,-4.3559322033898304,-3.5322033898305083,,,-7.589830508474576,-1.3322033898305086,,-3.2576271186440677,-1.4338983050847458,,-4.742372881355932,,-1.8677966101694916,-7.898305084745763,-5.291525423728814,-1.0915254237288137,-2.2440677966101696,-2.1254237288135593,-1.3864406779661018,-7.942372881355932,-5.2101694915254235,-3.111864406779661,-2.8745762711864407,-1.7389830508474575,-7.1084745762711865,,-1.006779661016949,-4.077966101694916,,-2.1220338983050846,-1.494915254237288,-7.684745762711865,-7.169491525423728,,-1.905084745762712,-5.650847457627119,-1.888135593220339,-1.7796610169491527,-1.928813559322034,,-6.772881355932204,-3.7220338983050847,,-7.745762711864407,-7.023728813559322,,-5.786440677966102,-7.254237288135593,-4.5728813559322035,-7.671186440677966,-3.298305084745763,-1.376271186440678,,,-7.477966101694915,-4.220338983050848,-1.0440677966101695,-2.0338983050847457,-1.7627118644067796,-6.227118644067796,,-3.4915254237288136,,-7.783050847457627,-1.9661016949152543,-1.6576271186440676,-2.8372881355932202,-6.054237288135593,-5.915254237288136,,,-2.128813559322034,-7.857627118644068,,-1.4440677966101694,-5.213559322033898,,-7.132203389830509,-2.4305084745762713,-3.711864406779661,-1.6779661016949152,-7.461016949152542,-1.4169491525423727,,,,-7.640677966101695,-5.6440677966101696,,-4.261016949152542,-7.315254237288135,,-7.84406779661017,-1.4135593220338982,,-3.8949152542372882,-2.911864406779661,,-3.3254237288135595,,-2.7966101694915255,-7.979661016949152,-7.349152542372881,-2.1796610169491526,-7.593220338983051,,-1.68135593220339,-7.996610169491525,-2.1898305084745764,-7.183050847457627,-7.603389830508474,,-2.166101694915254,-1.1389830508474577,-7.823728813559322,,-7.145762711864407,-5.91864406779661,-1.6372881355932203,-2.9084745762711863,-1.0610169491525423,-4.284745762711864,,-2.7152542372881356,,-7.274576271186441,-3.230508474576271,-1.2,-2.450847457627119,,-2.925423728813559,-6.288135593220339,-1.1728813559322033,-7.040677966101695,-7.9491525423728815,-5.935593220338983,-7.8,-1.1423728813559322,-5.840677966101695,-7.094915254237288,-1.9830508474576272,-2.088135593220339,-7.827118644067797,-7.735593220338983,-7.372881355932203,-7.16271186440678,-6.610169491525424,-1.0745762711864406,-6.233898305084746,-1.047457627118644,-7.067796610169491,-2.623728813559322,-2.0372881355932204,-1.240677966101695,-5.420338983050847,-2.2779661016949153,-2.0203389830508476,,-2.0508474576271185,,-6.003389830508475,,-4.691525423728813,,-1.8915254237288135,-6.193220338983051,-5.498305084745763,-5.098305084745762
2024-09-10,-4.5288135593220336,-7.6440677966101696,-2.3220338983050848,-3.7457627118644066,,-7.444067796610169,,-6.52542372881356,-1.047457627118644,,-2.233898305084746,,,,-4.013559322033898,-5.613559322033899,-5.827118644067797,-5.349152542372881,-7.135593220338983,-2.369491525423729,-4.677966101694915,-7.074576271186441,-7.4847457627118645,-7.884745762711864,-5.169491525423728,-2.9084745762711863,-7.7762711864406775,-3.08135593220339,,-7.48135593220339,-6.867796610169491,-5.366101694915255,-2.2610169491525425,-2.447457627118644,,-7.128813559322034,-5.254237288135593,-3.4915254237288136,-6.508474576271187,-2.6,,-7.715254237288136,-5.95593220338983,-4.583050847457627,-7.596610169491526,-7.216949152542373,-3.952542372881356,-7.257627118644068,-2.616949152542373,-6.850847457627118,-6.684745762711865,-4.186440677966102,,,-3.0406779661016947,-2.3728813559322033,-3.8915254237288135,-5.010169491525423,,-5.31864406779661,-2.898305084745763,-7.284745762711864,-2.7491525423728813,-4.111864406779661,,-7.772881355932204,-2.0,-7.854237288135593,-2.511864406779661,-1.1796610169491526,-7.494915254237288,-1.6508474576271186,,-1.752542372881356,-6.271186440677966,-4.976271186440678,-1.0203389830508474,-7.9932203389830505,-7.176271186440678,,-2.5796610169491525,-7.7898305084745765,-6.972881355932204,-7.816949152542373,-6.159322033898305,-5.593220338983051,-7.423728813559322,,-5.942372881355932,-7.030508474576271,-2.3525423728813557,-4.305084745762712,-3.2745762711864406,-7.7593220338983055,-1.1559322033898305,-4.505084745762712,-4.227118644067796,-1.8305084745762712,-1.4067796610169492,-2.9661016949152543,-2.922033898305085,-3.959322033898305,-2.2135593220338983,-6.783050847457627,-1.9830508474576272,-6.979661016949152,,-1.0372881355932204,-2.928813559322034,-1.7016949152542373,-1.647457627118644,-5.627118644067797,-5.145762711864407,-4.657627118644068,,,-3.4372881355932203,,,,-7.535593220338983,-7.420338983050847,-1.5322033898305085,-6.4,,-4.806779661016949,-4.335593220338983,-3.1084745762711865,-4.566101694915254,-7.4271186440677965,-3.6305084745762715,,-5.223728813559322,-4.454237288135594,,-4.6881355932203395,-7.664406779661017,-1.1661016949152543,,-4.308474576271187,-2.552542372881356,,-5.68135593220339,,-1.8610169491525423,-7.911864406779661,-6.2101694915254235,-1.1050847457627118,-4.244067796610169,-2.152542372881356,-2.440677966101695,-7.935593220338983,-3.1491525423728812,-4.084745762711864,-1.8745762711864407,-2.823728813559322,-7.172881355932203,,-1.006779661016949,-4.11864406779661,,-5.132203389830509,-1.3966101694915254,-6.786440677966102,-6.138983050847457,,-2.925423728813559,-6.857627118644068,-1.847457627118644,-2.766101694915254,-1.9491525423728815,,-7.569491525423729,-1.4033898305084747,,-5.8,-7.016949152542373,,-4.555932203389831,-6.277966101694915,-7.589830508474576,-7.796610169491525,-4.315254237288135,-2.51864406779661,,,-6.5864406779661016,-1.2915254237288136,-1.0677966101694916,-1.0576271186440678,-5.84406779661017,-1.2474576271186442,,-2.6203389830508472,,-7.6745762711864405,,-1.711864406779661,-3.91864406779661,-5.061016949152543,-4.840677966101695,,,-1.2033898305084745,-7.769491525423729,,-1.5220338983050847,-4.2983050847457624,,-7.122033898305085,-1.5627118644067797,-4.793220338983051,-5.779661016949152,-5.623728813559322,-3.386440677966102,,,,-6.705084745762711,-6.742372881355932,,-5.379661016949153,-7.3559322033898304,,-7.894915254237288,-2.389830508474576,,-3.905084745762712,-3.9457627118644067,,-7.410169491525424,,-3.8813559322033897,-6.989830508474577,-5.416949152542373,-7.196610169491525,-6.698305084745763,,-1.7186440677966102,-7.996610169491525,-4.2677966101694915,-7.206779661016949,-7.728813559322034,,-7.250847457627119,-1.2,-7.3830508474576275,,,-7.915254237288136,-3.7389830508474575,-4.938983050847457,-1.0440677966101695,-6.288135593220339,,-6.813559322033898,,-5.294915254237289,-2.3457627118644067,,-1.576271186440678,,-3.9627118644067796,-1.3932203389830509,-2.23728813559322,-7.054237288135593,-7.877966101694915,-4.83728813559322,-5.610169491525424,-1.1016949152542372,-3.6033898305084744,-7.091525423728814,-1.9864406779661017,-7.094915254237288,-6.735593220338983,-7.498305084745763,-7.240677966101695,-3.1152542372881356,-6.549152542372881,-2.077966101694915,-7.311864406779661,-1.0983050847457627,-6.0508474576271185,-5.545762711864406,-2.071186440677966,-2.301694915254237,-6.762711864406779,-5.183050847457627,-3.0271186440677966,,-3.064406779661017,,-1.0033898305084745,,-5.606779661016949,,-3.864406779661017,-1.2203389830508475,-3.359322033898305,-7.088135593220339
2024-09-11,-5.5728813559322035,-6.6305084745762715,-1.3016949152542372,-4.796610169491525,,-7.566101694915254,,-5.420338983050847,-1.047457627118644,,-3.2508474576271187,,,,-5.013559322033898,-3.6847457627118643,-2.8610169491525426,-3.2610169491525425,-5.115254237288136,-1.376271186440678,-4.715254237288136,-6.077966101694916,-7.305084745762712,-6.908474576271186,-6.1661016949152545,-1.9254237288135592,-6.888135593220339,-2.0542372881355933,-5.508474576271187,-3.6033898305084744,-4.793220338983051,,-1.223728813559322,-1.505084745762712,,-7.033898305084746,-6.28135593220339,-4.51864406779661,-7.4135593220338984,-7.494915254237288,,-7.315254237288135,-4.95593220338983,-5.616949152542373,-5.549152542372881,-7.213559322033898,-2.9491525423728815,-6.2677966101694915,-4.650847457627119,-5.8915254237288135,-1.6677966101694914,-4.193220338983051,,,-6.030508474576271,-7.240677966101695,-3.7728813559322036,-7.010169491525423,,-1.2847457627118644,-2.8813559322033897,-5.352542372881356,-2.6271186440677967,-5.098305084745762,,-6.847457627118644,-3.0,-6.7898305084745765,-1.4677966101694915,-2.2033898305084745,-7.613559322033899,-2.8067796610169493,,-1.3796610169491526,-7.237288135593221,-7.979661016949152,-1.023728813559322,-7.928813559322034,-7.149152542372882,,-2.4169491525423727,-4.8338983050847455,-3.898305084745763,-6.827118644067797,-3.176271186440678,-7.901694915254238,-7.52542372881356,,-7.969491525423729,-7.233898305084746,-3.359322033898305,-4.227118644067796,-3.2067796610169492,-7.725423728813559,-2.169491525423729,-1.6,-2.454237288135593,-7.647457627118644,-1.3966101694915254,-1.9864406779661017,-3.4271186440677965,-3.840677966101695,-2.08135593220339,-5.915254237288136,-1.0372881355932204,-7.9932203389830505,,-1.0440677966101695,-3.922033898305085,-1.752542372881356,-2.8847457627118644,-7.562711864406779,-7.159322033898305,-6.8,,,-4.4576271186440675,,,,-7.579661016949153,-5.437288135593221,-2.5864406779661016,-5.464406779661017,,-3.769491525423729,-3.2644067796610168,-6.122033898305085,-1.664406779661017,-7.444067796610169,-7.68135593220339,,-6.135593220338983,-3.406779661016949,,-6.596610169491526,-5.7016949152542376,-2.145762711864407,,-1.3559322033898304,-3.4745762711864407,,-5.633898305084745,,-3.7220338983050847,-7.935593220338983,-7.230508474576271,-5.111864406779661,,-1.1830508474576271,-2.477966101694915,-6.942372881355932,-7.132203389830509,-4.101694915254237,-4.867796610169491,-4.813559322033898,-5.271186440677966,,-7.0067796610169495,-3.152542372881356,,-7.125423728813559,-1.3220338983050848,-5.854237288135593,-5.138983050847457,,-3.9728813559322034,-7.911864406779661,-1.7796610169491527,-2.6576271186440676,-2.952542372881356,,-1.3457627118644067,-1.3423728813559321,,-4.559322033898305,-7.016949152542373,,-4.623728813559322,-2.2779661016949153,-6.522033898305085,-5.7593220338983055,-5.335593220338983,-3.393220338983051,,,-7.654237288135593,-2.31864406779661,-2.0610169491525423,-1.064406779661017,-1.8711864406779661,-1.2440677966101694,-2.91864406779661,-2.6610169491525424,,-6.535593220338983,,-1.7457627118644068,-1.9457627118644067,-5.057627118644068,-3.8949152542372882,,,-1.2745762711864406,-4.4711864406779664,,-1.5898305084745763,-3.3728813559322033,,-7.088135593220339,-3.6745762711864405,-1.8237288135593221,-4.816949152542373,-4.728813559322034,-1.3661016949152542,,,,-4.735593220338983,,,-6.5288135593220336,-7.389830508474576,,-7.84406779661017,-1.4033898305084747,,-4.874576271186441,-3.9627118644067796,,-6.488135593220339,,-3.9322033898305087,-4.989830508474577,-7.511864406779661,-6.2,-2.711864406779661,,-3.6915254237288133,-6.996610169491525,-6.328813559322034,-7.196610169491525,-6.7322033898305085,,-6.308474576271187,-2.247457627118644,-7.216949152542373,,,-5.877966101694915,-1.8101694915254236,-3.959322033898305,-1.040677966101695,-5.254237288135593,,-3.864406779661017,,-7.294915254237289,-6.491525423728813,,-2.694915254237288,,-1.9830508474576272,-2.4847457627118645,-1.288135593220339,-6.067796610169491,-7.440677966101695,-3.48135593220339,-4.620338983050847,-2.094915254237288,-2.3322033898305086,-6.128813559322034,-1.9389830508474577,-6.105084745762712,-5.6440677966101696,-6.410169491525424,-6.186440677966102,-4.091525423728814,-5.708474576271186,-6.074576271186441,-4.36271186440678,-3.830508474576271,-4.0508474576271185,-6.640677966101695,-1.1796610169491526,-3.423728813559322,-6.976271186440678,-6.16271186440678,-2.4,-2.383050847457627,-4.071186440677966,,-1.0033898305084745,,-4.555932203389831,,-7.5423728813559325,-1.2576271186440677,-1.3491525423728814,-7.084745762711864
2024-09-12,-6.498305084745763,-4.593220338983051,-1.3084745762711865,-2.8271186440677964,,-7.6305084745762715,,-4.389830508474576,-2.0508474576271185,,-4.3694915254237285,,,,-7.010169491525423,-1.7389830508474575,-1.7966101694915255,-5.15593220338983,-4.291525423728814,-1.311864406779661,-5.742372881355932,-7.077966101694916,-1.223728813559322,-3.8610169491525426,-7.16271186440678,-5.908474576271186,-5.8915254237288135,-4.033898305084746,-7.47457627118644,-2.6610169491525424,-5.450847457627119,,-4.2,-7.722033898305085,,-7.027118644067796,-6.274576271186441,-2.5084745762711864,-7.338983050847458,-7.396610169491526,,-7.250847457627119,-3.942372881355932,-4.735593220338983,-4.5864406779661016,-4.196610169491525,-3.9491525423728815,-5.328813559322034,-5.68135593220339,-7.871186440677966,-3.694915254237288,-4.213559322033898,,,-7.03728813559322,-7.138983050847457,-5.545762711864406,-7.016949152542373,,-2.230508474576271,-3.8779661016949154,-7.752542372881356,-1.9220338983050849,-2.1186440677966103,,-7.857627118644068,-8.0,-7.691525423728813,-1.457627118644068,-3.2677966101694915,,-5.576271186440678,,-1.305084745762712,-6.864406779661017,-7.966101694915254,-2.0406779661016947,-7.054237288135593,-6.111864406779661,,-2.766101694915254,-3.8745762711864407,-6.345762711864407,-7.772881355932204,-1.2203389830508475,-6.95593220338983,-6.650847457627119,,-7.979661016949152,-7.989830508474577,-4.447457627118644,-1.2813559322033898,-5.183050847457627,-7.677966101694915,-3.1898305084745764,-7.627118644067797,-6.894915254237288,-7.610169491525424,-1.335593220338983,-1.9728813559322034,-7.257627118644068,-2.959322033898305,-1.0677966101694916,-5.96271186440678,-2.0203389830508476,-4.996610169491525,,-1.064406779661017,-4.88135593220339,-1.9016949152542373,-5.905084745762712,-6.52542372881356,-6.172881355932203,-5.850847457627118,-7.1525423728813555,,-1.4542372881355932,,,,-1.5491525423728814,-2.4440677966101694,-2.528813559322034,-1.4677966101694915,,-6.620338983050847,-2.216949152542373,-3.1220338983050846,-1.7084745762711866,-7.4711864406779664,-7.6881355932203395,,-7.094915254237288,-5.393220338983051,,-7.501694915254237,-5.725423728813559,-1.159322033898305,,-1.4169491525423727,-4.464406779661017,,-5.606779661016949,,-1.4406779661016949,-3.928813559322034,-7.288135593220339,-4.115254237288136,,-2.2033898305084745,-4.511864406779661,-3.9389830508474577,-7.128813559322034,-7.145762711864407,-5.854237288135593,-6.654237288135593,-7.332203389830508,,-6.003389830508475,-4.169491525423728,,-7.132203389830509,-1.2779661016949153,-3.8847457627118644,-4.135593220338983,,-5.932203389830509,-7.820338983050847,-3.6,-1.6677966101694914,-4.935593220338983,,-1.2610169491525425,-1.31864406779661,,-3.4135593220338984,-6.013559322033898,,-1.8305084745762712,-1.2983050847457627,-5.406779661016949,-5.63728813559322,-6.352542372881356,-4.254237288135593,,,-5.5728813559322035,-1.3220338983050848,-2.071186440677966,-1.0576271186440678,-1.8338983050847457,-1.264406779661017,-4.867796610169491,-1.6406779661016948,,-4.566101694915254,,-1.759322033898305,-7.925423728813559,-3.0610169491525423,-2.911864406779661,,,-3.48135593220339,-2.3559322033898304,,,-2.423728813559322,,-7.088135593220339,-1.664406779661017,-1.8169491525423729,-1.7898305084745763,-7.786440677966102,-2.247457627118644,-4.749152542372881,,,-3.8,,,-7.583050847457627,-7.437288135593221,,-7.430508474576271,-1.488135593220339,,-7.623728813559322,-1.9457627118644067,,-5.51864406779661,,-7.915254237288136,-7.983050847457627,,-5.227118644067796,-4.684745762711865,,-5.559322033898305,-7.976271186440678,-6.386440677966101,-5.206779661016949,-3.711864406779661,,-5.342372881355932,-2.2711864406779663,-7.2101694915254235,,,-4.779661016949152,-1.7559322033898304,-7.91864406779661,-1.047457627118644,-1.2372881355932204,,-2.840677966101695,,-6.349152542372881,-7.569491525423729,,,,-3.952542372881356,-2.542372881355932,-1.7457627118644068,-3.1016949152542375,-7.633898305084745,-2.5322033898305083,-7.769491525423729,-4.105084745762712,-4.1661016949152545,-7.176271186440678,-1.4,-5.142372881355932,-7.6440677966101696,-1.4033898305084747,-5.244067796610169,-7.091525423728814,-7.715254237288136,-6.084745762711864,-7.359322033898305,-4.986440677966102,-7.04406779661017,-7.420338983050847,-7.898305084745763,-4.186440677966102,-7.969491525423729,-1.1796610169491526,-1.993220338983051,-1.383050847457627,-5.125423728813559,,-2.006779661016949,,-3.8881355932203387,,-5.36271186440678,-1.3728813559322033,-1.494915254237288,-5.074576271186441
2024-09-13,-7.494915254237288,-3.610169491525424,-1.3728813559322033,-2.8203389830508474,,-7.661016949152542,-1.7559322033898304,-3.3389830508474576,-3.074576271186441,,-5.562711864406779,,,,-7.0067796610169495,,-7.722033898305085,-4.159322033898305,-4.783050847457627,-1.2949152542372881,-5.711864406779661,-7.077966101694916,-2.1966101694915254,-1.854237288135593,-7.15593220338983,-7.847457627118644,-7.898305084745763,-7.033898305084746,-6.464406779661017,-1.7491525423728813,-4.335593220338983,,-5.145762711864407,-7.874576271186441,,-7.023728813559322,-7.254237288135593,-3.542372881355932,-5.301694915254237,-5.277966101694915,,-7.16271186440678,-2.911864406779661,-7.752542372881356,-3.5966101694915253,-6.186440677966102,-4.871186440677966,-3.3796610169491528,-7.715254237288136,-6.901694915254238,-2.7728813559322036,-2.230508474576271,,,-7.040677966101695,-5.088135593220339,-6.477966101694915,-7.027118644067796,,-3.2033898305084745,-5.861016949152543,-7.840677966101695,-2.942372881355932,-1.240677966101695,,-7.83728813559322,-7.989830508474577,-7.68135593220339,-3.4033898305084747,-4.31864406779661,,-2.389830508474576,,-3.1932203389830507,-4.96271186440678,-7.95593220338983,-2.1186440677966103,-7.047457627118644,-5.149152542372882,,-6.867796610169491,-7.857627118644068,-7.3694915254237285,-3.7389830508474575,-1.2338983050847459,-7.969491525423729,-7.708474576271186,,-7.983050847457627,-7.0,-5.454237288135594,-7.237288135593221,-4.216949152542373,-7.603389830508474,-3.2,-6.4576271186440675,-7.877966101694915,-7.52542372881356,-1.271186440677966,-2.9796610169491524,-7.132203389830509,-6.91864406779661,-4.04406779661017,-4.966101694915254,-3.016949152542373,-7.9932203389830505,,-2.0983050847457627,-5.7016949152542376,-2.8813559322033897,-7.905084745762712,-7.532203389830508,-4.1661016949152545,-7.84406779661017,-7.128813559322034,,-1.4847457627118645,,,,-1.576271186440678,,-4.437288135593221,-1.4813559322033898,,-5.616949152542373,-1.2271186440677966,-1.1694915254237288,-1.7864406779661017,-2.51864406779661,-6.6881355932203395,,-7.064406779661017,-7.386440677966101,,-7.410169491525424,-6.691525423728813,-1.1762711864406779,,-3.4677966101694917,-5.549152542372881,,-7.5728813559322035,,-1.3084745762711865,-5.922033898305084,-7.7593220338983055,-7.122033898305085,,-6.264406779661017,-6.511864406779661,-2.9457627118644067,-7.125423728813559,-7.115254237288136,-7.654237288135593,-7.3830508474576275,-1.528813559322034,,-5.003389830508475,-1.3593220338983052,,-6.1525423728813555,-1.2677966101694915,-5.908474576271186,-3.1050847457627118,,-4.952542372881356,-7.593220338983051,-3.864406779661017,-4.5864406779661016,-5.925423728813559,,-2.1728813559322036,-2.3661016949152542,,-3.440677966101695,-5.013559322033898,,-2.8915254237288135,-1.2983050847457627,-7.4,-4.447457627118644,-7.444067796610169,-5.179661016949153,,,,-1.3457627118644067,-3.1016949152542375,-1.0677966101694916,-1.7966101694915255,-2.3322033898305086,-2.8271186440677964,-1.6135593220338982,,-6.569491525423729,,-1.7457627118644068,-6.932203389830509,-1.0847457627118644,-1.959322033898305,,,-3.8881355932203387,-3.311864406779661,,,-1.5016949152542374,,-6.111864406779661,-1.6271186440677967,-3.8169491525423727,-5.71864406779661,-7.779661016949152,-3.3220338983050848,-2.664406779661017,,,-5.806779661016949,,,-7.647457627118644,-6.522033898305085,,-5.261016949152542,-3.566101694915254,,-6.671186440677966,-2.935593220338983,,,,,-2.976271186440678,,-4.284745762711864,-4.6305084745762715,,-3.5084745762711864,-7.138983050847457,-7.4711864406779664,-5.220338983050848,-1.6779661016949152,,-7.416949152542373,-1.3627118644067797,-7.189830508474576,,,-1.7627118644067796,-2.7423728813559323,-6.894915254237288,-1.0508474576271187,-1.288135593220339,,-1.8237288135593221,,-2.488135593220339,-6.667796610169492,,,,-5.928813559322034,-5.606779661016949,-2.9389830508474577,-2.2067796610169492,-4.725423728813559,-1.4915254237288136,-6.884745762711864,-5.1084745762711865,-6.091525423728814,-7.250847457627119,-7.213559322033898,-6.135593220338983,-4.538983050847458,-2.3423728813559324,-6.291525423728814,-7.094915254237288,-7.623728813559322,-7.071186440677966,-7.406779661016949,-5.986440677966102,-7.03728813559322,-6.376271186440678,-7.830508474576272,-6.352542372881356,-7.972881355932204,-1.1830508474576271,-2.9966101694915253,-2.328813559322034,-6.305084745762712,-5.498305084745763,-2.010169491525424,,-1.9491525423728815,,-1.2440677966101694,-3.6,-3.5898305084745763,-6.054237288135593
2024-09-18,-7.4711864406779664,-1.6915254237288135,-3.4101694915254237,-1.8271186440677964,,-6.708474576271186,-4.698305084745763,-2.2847457627118644,-4.610169491525424,,-6.894915254237288,,-1.0542372881355933,,-7.0067796610169495,,-7.6,-4.338983050847458,-5.911864406779661,-1.264406779661017,-6.603389830508474,-7.088135593220339,-3.1389830508474574,-4.816949152542373,-7.233898305084746,-7.7762711864406775,-7.884745762711864,-1.023728813559322,-5.3830508474576275,-3.7728813559322036,-6.230508474576271,,-6.1525423728813555,-7.840677966101695,,-6.020338983050848,-7.227118644067796,-4.7593220338983055,-1.3423728813559321,,,-7.122033898305085,-1.8033898305084746,-7.6745762711864405,-2.552542372881356,-1.2067796610169492,-4.562711864406779,-1.2949152542372881,-7.705084745762711,-5.854237288135593,-5.786440677966102,-5.2101694915254235,-6.389830508474576,,-7.04406779661017,-5.081355932203389,-6.549152542372881,-7.033898305084746,,-4.2,-6.8338983050847455,-7.861016949152543,-6.928813559322034,-2.2745762711864406,,-7.711864406779661,-6.989830508474577,-6.7016949152542376,-4.328813559322034,-5.36271186440678,,-6.159322033898305,,-4.11864406779661,-5.972881355932204,-7.898305084745763,-1.8067796610169493,-7.061016949152543,-4.128813559322034,,-7.871186440677966,-7.823728813559322,-6.2677966101694915,-7.694915254237288,-5.220338983050848,-4.95593220338983,-7.6881355932203395,,-7.983050847457627,-5.0,-7.3559322033898304,-6.593220338983051,-7.244067796610169,-6.440677966101695,-5.216949152542373,-7.2983050847457624,-7.261016949152542,-5.247457627118644,-1.1898305084745764,-3.9796610169491524,-7.098305084745762,-6.969491525423729,-6.040677966101695,-7.959322033898305,-5.013559322033898,-6.9932203389830505,,-4.101694915254237,-7.433898305084746,-6.559322033898305,-6.932203389830509,-7.4271186440677965,-1.1728813559322033,-1.8,-6.105084745762712,,-2.4745762711864407,,,,-3.5728813559322035,,-4.352542372881356,-2.454237288135593,,-2.616949152542373,-1.3457627118644067,-1.3322033898305086,-1.8508474576271188,-2.6305084745762715,-1.6508474576271186,,-7.064406779661017,-1.3932203389830509,,-7.322033898305085,-7.63728813559322,-2.145762711864407,,-1.4610169491525424,-6.423728813559322,,-7.535593220338983,-1.7152542372881356,-1.271186440677966,-4.925423728813559,-7.9491525423728815,-7.1084745762711865,,-6.4,-7.508474576271187,-1.9457627118644067,-7.125423728813559,-7.047457627118644,-7.467796610169492,-7.240677966101695,-1.7898305084745763,,-4.003389830508475,-5.857627118644068,,-7.132203389830509,-1.3491525423728814,-7.877966101694915,-2.0915254237288137,,-4.976271186440678,-7.4135593220338984,-2.9389830508474577,-6.437288135593221,-6.908474576271186,,-4.142372881355932,-5.359322033898305,,-1.5254237288135593,-5.010169491525423,,-3.8745762711864407,-1.311864406779661,-6.3694915254237285,-6.291525423728814,-7.494915254237288,-6.169491525423728,,,,-1.3728813559322033,-5.196610169491525,-1.0949152542372882,-1.752542372881356,-1.4847457627118645,-1.7389830508474575,-1.5796610169491525,,-6.5288135593220336,,-2.6779661016949152,-6.888135593220339,-1.1762711864406779,-1.9661016949152543,,-1.6847457627118643,-6.901694915254238,-2.31864406779661,,,-1.5322033898305085,,-5.1661016949152545,-2.5559322033898306,-4.810169491525424,-7.596610169491526,-2.7220338983050847,-4.661016949152542,-1.6135593220338982,,,-6.783050847457627,,,-7.664406779661017,-5.654237288135593,,-3.223728813559322,-4.576271186440678,,-4.905084745762712,-2.922033898305085,,,,,-1.9525423728813558,,-3.3661016949152542,-4.566101694915254,,-1.457627118644068,-6.301694915254237,-4.505084745762712,-7.254237288135593,-1.647457627118644,,-3.51864406779661,-3.488135593220339,-7.15593220338983,,,-6.847457627118644,-3.671186440677966,-4.84406779661017,-3.057627118644068,-1.376271186440678,,-6.793220338983051,,-1.8203389830508474,-4.68135593220339,,,,-7.8915254237288135,-1.6203389830508474,-7.935593220338983,-1.8644067796610169,-7.942372881355932,-1.8305084745762712,-7.915254237288136,-6.084745762711864,-5.077966101694916,-7.627118644067797,-6.193220338983051,-5.115254237288136,-2.4033898305084747,-7.28135593220339,-6.277966101694915,-6.135593220338983,-7.538983050847458,-7.067796610169491,-1.464406779661017,-6.986440677966102,-2.0372881355932204,-7.16271186440678,-7.111864406779661,-5.91864406779661,-7.766101694915254,-3.1864406779661016,-2.9966101694915253,-3.2508474576271187,-7.867796610169491,-4.406779661016949,-4.027118644067796,,,,-2.1830508474576273,-4.606779661016949,-4.498305084745763,-4.071186440677966
2024-09-19,-7.467796610169492,-2.8135593220338984,-2.457627118644068,-2.7627118644067794,,-5.68135593220339,-1.6067796610169491,-1.2915254237288136,-6.96271186440678,,-7.928813559322034,,-1.0542372881355933,,-6.0067796610169495,,-6.562711864406779,-2.8372881355932202,-1.9322033898305084,-1.2677966101694915,-3.545762711864407,-7.084745762711864,-4.115254237288136,-2.766101694915254,-7.4271186440677965,-7.491525423728813,-5.871186440677966,-3.0203389830508476,-4.352542372881356,-2.7898305084745765,-5.264406779661017,,-7.1525423728813555,-5.749152542372881,,-5.023728813559322,-7.233898305084746,-5.864406779661017,-1.4033898305084747,,,-3.142372881355932,-1.4983050847457626,-7.389830508474576,-1.4779661016949153,-4.223728813559322,-5.220338983050848,-1.1966101694915254,-7.661016949152542,-4.796610169491525,-4.803389830508475,-7.189830508474576,-7.3254237288135595,,-7.064406779661017,-4.074576271186441,-5.745762711864407,-6.030508474576271,,-5.183050847457627,-6.7762711864406775,-1.3288135593220338,-7.650847457627119,-5.349152542372881,,-6.522033898305085,-6.986440677966102,-5.793220338983051,-5.261016949152542,-6.4711864406779664,,-5.1084745762711865,,-1.1050847457627118,-2.9728813559322034,-6.501694915254237,-2.857627118644068,-7.081355932203389,-3.1254237288135593,,-7.640677966101695,-6.823728813559322,-5.884745762711864,-6.725423728813559,-3.227118644067797,-1.935593220338983,-6.610169491525424,,-7.979661016949152,-6.0,-6.271186440677966,-5.911864406779661,-7.284745762711864,-5.416949152542373,-7.2101694915254235,-4.216949152542373,-7.122033898305085,-3.176271186440678,-1.1627118644067798,-3.969491525423729,-7.071186440677966,-7.95593220338983,-7.03728813559322,-4.938983050847457,-7.010169491525423,-7.989830508474577,,-4.15593220338983,-4.277966101694915,,-7.738983050847458,-5.4847457627118645,-1.288135593220339,-2.759322033898305,-5.128813559322034,,-2.488135593220339,,,-2.3457627118644067,,,-6.2983050847457624,-3.450847457627119,,-2.688135593220339,-1.5254237288135593,-2.7423728813559323,-1.847457627118644,-3.7728813559322036,-2.5830508474576273,,-7.077966101694916,-1.4067796610169492,,-7.294915254237289,-7.51864406779661,-3.1728813559322036,,-2.5694915254237287,-7.274576271186441,,-6.535593220338983,-6.691525423728813,-1.2576271186440677,-5.867796610169491,-7.983050847457627,-7.138983050847457,,-5.783050847457627,-7.423728813559322,-1.9254237288135592,-7.169491525423728,-6.033898305084746,-7.342372881355932,-6.213559322033898,-1.8101694915254236,,-3.0033898305084747,-5.877966101694915,,-7.11864406779661,-3.3796610169491528,-6.830508474576272,-1.1016949152542372,-1.752542372881356,-5.976271186440678,-7.308474576271187,-2.942372881355932,-5.3559322033898304,-5.874576271186441,-1.2542372881355932,-5.1661016949152545,-6.203389830508475,,-1.6847457627118643,-3.013559322033898,,-4.613559322033899,-1.3627118644067797,-5.386440677966101,-1.2440677966101694,-7.338983050847458,-7.179661016949153,,,,-2.4203389830508475,-1.8203389830508474,-2.111864406779661,-1.7084745762711866,-2.7864406779661017,-1.7152542372881356,-7.589830508474576,,-1.464406779661017,,-3.6542372881355933,-4.854237288135593,-2.538983050847458,-1.9525423728813558,,-1.711864406779661,-7.888135593220339,-2.48135593220339,,,-1.5118644067796612,,-5.396610169491526,-4.444067796610169,-5.806779661016949,-6.532203389830508,-4.6440677966101696,-5.8915254237288135,-2.5728813559322035,,,-6.755932203389831,,,-7.664406779661017,-4.84406779661017,,-1.240677966101695,-3.576271186440678,,-3.922033898305085,-1.8983050847457628,,,,,-1.9152542372881356,,-2.6305084745762715,-5.454237288135594,,-1.5152542372881355,-5.9491525423728815,-4.505084745762712,-6.311864406779661,-2.6,,-3.593220338983051,-6.620338983050847,-6.145762711864407,,,-7.8338983050847455,-4.63728813559322,-6.671186440677966,-4.091525423728814,-1.5084745762711864,,-1.7220338983050847,,-1.8949152542372882,-6.647457627118644,,,,-7.840677966101695,-2.6576271186440676,-6.91864406779661,-1.9457627118644067,-6.959322033898305,-5.901694915254238,-6.908474576271186,-6.0508474576271185,-4.088135593220339,-6.88135593220339,-6.206779661016949,-2.1864406779661016,-1.2474576271186442,-7.237288135593221,-1.2813559322033898,-7.596610169491526,-5.359322033898305,-3.057627118644068,-1.6677966101694914,-7.9932203389830505,-1.0440677966101695,-7.098305084745762,-4.047457627118644,-5.861016949152543,-7.135593220338983,-4.2,-1.9966101694915255,-1.230508474576271,-7.816949152542373,-3.3322033898305086,-6.040677966101695,,,-7.067796610169491,-2.159322033898305,-5.7016949152542376,-2.4135593220338984,-3.094915254237288
2024-09-20,-7.532203389830508,-1.8203389830508474,-4.6,-3.7220338983050847,,-5.620338983050847,-2.538983050847458,-1.335593220338983,-7.979661016949152,,-7.911864406779661,,-2.0610169491525423,,-7.0067796610169495,,-6.559322033898305,-1.9322033898305084,-2.8271186440677964,-1.3491525423728814,-1.5220338983050847,-6.077966101694916,-5.105084745762712,-7.705084745762711,-7.7593220338983055,-7.322033898305085,-4.847457627118644,-7.020338983050848,-3.3457627118644067,-5.725423728813559,-1.5728813559322035,,-6.149152542372882,-4.786440677966102,,-4.040677966101695,-7.294915254237289,-7.871186440677966,-1.528813559322034,,,-3.159322033898305,-1.4474576271186441,-7.264406779661017,-1.3627118644067797,-3.3389830508474576,-6.1525423728813555,-1.2,-7.596610169491526,-7.762711864406779,-4.793220338983051,-6.244067796610169,-6.3559322033898304,,-5.098305084745762,-4.071186440677966,-3.864406779661017,-5.016949152542373,,-6.227118644067796,-7.454237288135594,-2.1627118644067798,-7.145762711864407,-4.593220338983051,,-7.386440677966101,-3.9728813559322034,-2.823728813559322,-6.288135593220339,-7.477966101694915,,-7.084745762711864,,-2.088135593220339,-5.952542372881356,-6.254237288135593,-7.257627118644068,-4.332203389830508,-2.1728813559322036,,-6.169491525423728,-3.7559322033898304,-1.9423728813559322,-4.7322033898305085,-2.230508474576271,-2.915254237288136,-7.440677966101695,-5.11864406779661,-7.9491525423728815,-6.0,-5.2101694915254235,-5.8915254237288135,-7.498305084745763,-7.4847457627118645,-6.274576271186441,-3.1864406779661016,-6.091525423728814,-3.1322033898305084,-1.1796610169491526,-1.959322033898305,-7.0508474576271185,-7.389830508474576,-7.033898305084746,-2.922033898305085,-7.010169491525423,-7.976271186440678,,-7.135593220338983,-5.193220338983051,,-7.31864406779661,-3.4915254237288136,-1.8677966101694916,-1.7084745762711866,-3.166101694915254,,-3.505084745762712,,,-7.3694915254237285,,,-1.3288135593220338,-4.494915254237288,,-7.779661016949152,-1.7288135593220337,-1.8508474576271188,-4.813559322033898,-4.806779661016949,-3.545762711864407,,-7.094915254237288,-6.403389830508474,,-7.366101694915255,-3.457627118644068,-5.233898305084746,,-3.566101694915254,-7.28135593220339,,-7.437288135593221,-7.71864406779661,-2.406779661016949,-6.284745762711864,-7.989830508474577,-6.196610169491525,,-4.877966101694915,-7.393220338983051,-1.8745762711864407,-7.250847457627119,-6.027118644067796,-7.206779661016949,-6.247457627118644,-1.8372881355932202,,-2.0033898305084747,-2.905084745762712,,-7.101694915254237,-4.372881355932203,-7.752542372881356,-1.1762711864406779,-1.7016949152542373,-3.983050847457627,-7.342372881355932,-1.9661016949152543,-7.291525423728814,-7.840677966101695,-1.2779661016949153,-6.220338983050848,-7.122033898305085,,-1.776271186440678,-1.0135593220338983,,-6.305084745762712,-2.359322033898305,-4.4135593220338984,-3.311864406779661,,-7.261016949152542,,,,-2.535593220338983,-7.908474576271186,-1.3084745762711865,-4.647457627118644,-3.8101694915254236,-1.694915254237288,-4.583050847457627,-1.735593220338983,-1.3254237288135593,,-3.606779661016949,-3.830508474576271,-1.8847457627118644,-1.935593220338983,-6.352542372881356,-1.6338983050847458,-7.803389830508475,-1.7661016949152541,,,-1.5254237288135593,,-2.8610169491525426,-7.450847457627119,-4.769491525423729,-7.511864406779661,-1.6033898305084746,-5.925423728813559,,,-1.6508474576271186,-6.745762711864407,,,-7.667796610169492,-3.857627118644068,,-2.423728813559322,-5.48135593220339,,-7.91864406779661,-1.8813559322033897,-1.6983050847457628,,,,-1.888135593220339,,-1.8,-6.467796610169492,,-1.6542372881355933,-1.993220338983051,-7.501694915254237,-4.430508474576271,-2.5796610169491525,,-1.6711864406779662,-1.688135593220339,-6.111864406779661,,,-7.749152542372881,-5.627118644067797,-7.51864406779661,-5.1084745762711865,-1.6101694915254239,,-1.6372881355932203,,-1.9016949152542373,-2.6610169491525424,,,,-1.7423728813559323,-1.664406779661017,-4.894915254237288,-2.9627118644067796,-6.95593220338983,-4.854237288135593,-3.8440677966101697,-7.04406779661017,-1.1152542372881356,-1.8983050847457628,-7.216949152542373,-1.1389830508474577,-1.223728813559322,-7.237288135593221,-2.240677966101695,-6.938983050847457,-6.2983050847457624,-3.0542372881355933,-1.8338983050847457,-7.986440677966102,-1.0576271186440678,-7.074576271186441,-4.030508474576271,-4.969491525423729,-7.081355932203389,-5.189830508474576,-3.9966101694915253,-1.271186440677966,-7.203389830508475,-2.3152542372881357,-4.047457627118644,-7.03728813559322,,-7.064406779661017,-5.15593220338983,-1.783050847457627,-6.301694915254237,-7.128813559322034
2024-09-23,-7.58445945945946,-1.820945945945946,-5.841216216216216,-1.6486486486486487,,-3.6621621621621623,-7.4358108108108105,-1.3074324324324325,-7.983108108108108,,-7.891891891891892,,-3.0777027027027026,,-6.010135135135135,,-3.618243243243243,-1.9560810810810811,-7.736486486486487,-1.3547297297297298,-6.469594594594595,-5.08445945945946,-6.125,-6.625,-7.868243243243243,-4.263513513513513,-7.824324324324325,-7.033783783783784,-2.2905405405405403,-7.574324324324325,-1.7466216216216215,,-6.199324324324325,-3.8277027027027026,-6.75,-3.050675675675676,-5.3108108108108105,-7.875,-1.5574324324324325,,,-1.2297297297297298,-1.364864864864865,-7.206081081081081,-1.2804054054054055,-2.72972972972973,-3.1655405405405403,-1.3006756756756757,-6.483108108108108,-6.79054054054054,-4.773648648648649,-2.260135135135135,-5.327702702702703,,-5.202702702702703,-3.081081081081081,-2.902027027027027,-4.013513513513513,,-7.253378378378378,-7.331081081081081,-1.1587837837837838,-5.111486486486487,-4.385135135135135,-3.564189189189189,-7.324324324324325,-3.4121621621621623,-1.8614864864864864,-7.266891891891892,-7.513513513513513,,-4.070945945945946,,-1.087837837837838,-7.949324324324325,-4.135135135135135,-7.054054054054054,-3.9594594594594597,-1.1283783783783783,-6.398648648648648,-5.118243243243243,-7.702702702702703,-1.9695945945945947,-7.706081081081081,-1.2195945945945945,-3.8783783783783785,-7.361486486486487,-7.114864864864865,-7.847972972972973,-4.986486486486487,-7.172297297297297,-5.9425675675675675,-6.608108108108108,-2.6655405405405403,-1.239864864864865,-2.175675675675676,-5.101351351351352,-1.2939189189189189,-1.179054054054054,-2.945945945945946,-6.047297297297297,-6.881756756756757,-6.02027027027027,-5.91554054054054,-7.006756756756757,-7.277027027027027,,-6.516891891891892,-7.155405405405405,,-6.304054054054054,-2.3378378378378377,-1.9527027027027026,-1.679054054054054,-1.1925675675675675,,-3.5304054054054053,-2.3783783783783785,,-6.33445945945946,,,-2.2972972972972974,-5.547297297297297,,,-1.8175675675675675,-1.864864864864865,-4.760135135135135,-5.8108108108108105,-4.456081081081081,,-7.121621621621622,-1.402027027027027,,-6.405405405405405,-3.3716216216216215,-7.41554054054054,,-4.655405405405405,-7.222972972972973,,-7.388513513513513,-7.6891891891891895,-3.5912162162162162,-4.14527027027027,-6.989864864864865,-1.2432432432432432,,-3.89527027027027,-6.381756756756757,-2.7837837837837838,-6.347972972972973,-7.027027027027027,-7.148648648648648,-1.25,-1.8513513513513513,,-1.0033783783783783,-1.9189189189189189,,-6.094594594594595,-3.3175675675675675,-6.658783783783784,-1.804054054054054,-1.6317567567567568,-7.97972972972973,-6.358108108108108,-2.9662162162162162,-7.236486486486487,-7.793918918918919,-1.2736486486486487,-7.3141891891891895,-7.091216216216216,,-1.7567567567567568,-1.0236486486486487,,-7.195945945945946,-2.375,-3.4864864864864864,-1.3445945945945945,,-6.27027027027027,,,,-3.6756756756756754,-6.922297297297297,-1.7162162162162162,-6.587837837837838,-6.77027027027027,-2.6114864864864864,-3.5675675675675675,-7.719594594594595,-1.2331081081081081,,-5.60472972972973,-6.766891891891892,-1.9054054054054053,-1.9087837837837838,-7.283783783783784,-1.6216216216216215,-6.489864864864865,-1.7871621621621623,,,-1.5033783783783785,,-1.9121621621621623,-7.425675675675675,-7.6824324324324325,-3.506756756756757,-1.5777027027027026,-7.929054054054054,,,-2.8006756756756754,-1.6925675675675675,,,-7.635135135135135,-2.858108108108108,,-3.4763513513513513,-7.368243243243243,,-6.9324324324324325,-1.8716216216216215,-1.6689189189189189,,,,-1.885135135135135,,-1.8445945945945947,-5.408783783783784,,-1.722972972972973,-2.0,-6.47972972972973,-2.472972972972973,-1.5439189189189189,,-1.739864864864865,-1.652027027027027,-7.097972972972973,,,-7.570945945945946,-6.601351351351351,-6.391891891891892,-7.138513513513513,-1.7263513513513513,,-1.5945945945945947,,-1.9256756756756757,-1.6452702702702702,,,,-2.6283783783783785,-1.6385135135135136,-5.888513513513513,-1.972972972972973,-4.962837837837838,-3.7635135135135136,-2.831081081081081,-3.0405405405405403,-2.320945945945946,-1.935810810810811,-7.452702702702703,-2.1317567567567566,-1.1858108108108107,-1.2128378378378377,-3.189189189189189,-7.976351351351351,-3.3412162162162162,-1.0641891891891893,-1.8547297297297298,-7.780405405405405,-2.0675675675675675,-7.0608108108108105,-4.016891891891892,-3.993243243243243,-6.0574324324324325,-6.168918918918919,-5.996621621621622,-1.2871621621621623,-7.141891891891892,-1.2567567567567568,-4.043918918918919,-7.030405405405405,,-7.074324324324325,-7.162162162162162,-2.8344594594594597,-7.226351351351352,-7.216216216216216
2024-09-24,-7.58445945945946,-3.756756756756757,-2.8445945945945947,-7.462837837837838,,-2.5675675675675675,-6.327702702702703,-1.2972972972972974,-7.97972972972973,-1.7905405405405406,-7.83445945945946,-2.7263513513513513,-4.077702702702703,,-5.023648648648648,,,-2.9425675675675675,-6.858108108108108,-4.516891891891892,-2.3885135135135136,-4.10472972972973,-7.14527027027027,-5.597972972972973,-6.902027027027027,-3.2128378378378377,-2.6993243243243246,-7.179054054054054,-1.222972972972973,-6.39527027027027,-2.7533783783783785,,,-2.85472972972973,-5.695945945945946,-2.097972972972973,-3.3986486486486487,-7.8141891891891895,-1.4662162162162162,,-7.472972972972973,-1.6824324324324325,-1.4391891891891893,-6.195945945945946,-1.2466216216216217,-2.8412162162162162,-2.1655405405405403,-1.7432432432432432,-5.344594594594595,-2.8175675675675675,-2.733108108108108,-1.304054054054054,-4.263513513513513,,-5.847972972972973,-3.152027027027027,-5.908783783783784,-1.0067567567567568,,-7.347972972972973,-6.277027027027027,-1.1925675675675675,-4.138513513513513,-2.766891891891892,-2.618243243243243,-1.2297297297297298,-3.0472972972972974,-1.8783783783783785,-7.239864864864865,-7.621621621621622,,-5.0675675675675675,,-1.114864864864865,-1.9256756756756757,-2.0574324324324325,-6.02027027027027,-2.9662162162162162,-1.1486486486486487,-5.3108108108108105,-4.094594594594595,-6.658783783783784,-2.989864864864865,-6.722972972972973,-1.2736486486486487,-4.888513513513513,-6.293918918918919,-6.128378378378378,-7.108108108108108,-3.9628378378378377,-6.168918918918919,-2.9054054054054053,-5.675675675675675,-1.7060810810810811,-2.27027027027027,-1.1722972972972974,-5.131756756756757,-1.8006756756756757,-1.1858108108108107,-3.820945945945946,-4.037162162162162,-5.976351351351351,-4.016891891891892,-7.837837837837838,-7.013513513513513,-7.033783783783784,-6.358108108108108,-5.972972972972973,-7.158783783783784,,-7.141891891891892,-1.4087837837837838,-1.9560810810810811,-3.631756756756757,-2.5506756756756754,,-1.5,-1.375,,-5.253378378378378,,,,-6.493243243243243,,,-1.777027027027027,-1.8682432432432432,-2.668918918918919,-6.736486486486487,-5.3074324324324325,,-6.162162162162162,-4.4358108108108105,,-5.574324324324325,-1.2567567567567568,-7.875,,-5.66554054054054,-7.219594594594595,,-6.483108108108108,-7.587837837837838,-4.628378378378378,-6.0608108108108105,-5.986486486486487,-1.402027027027027,,-2.89527027027027,-7.341216216216216,-3.35472972972973,-5.635135135135135,-6.043918918918919,-7.101351351351352,-2.2871621621621623,-3.7871621621621623,,-1.0033783783783783,-7.885135135135135,,-5.08445945945946,-3.2905405405405403,-1.5135135135135136,-1.945945945945946,-6.4425675675675675,-7.95945945945946,-5.378378378378378,-4.949324324324325,-6.20945945945946,-7.625,-1.4054054054054055,-7.712837837837838,-7.054054054054054,,-2.739864864864865,-1.7804054054054053,,-7.118243243243243,-1.4222972972972974,-1.5810810810810811,-1.685810810810811,,-4.216216216216216,,,,-4.64527027027027,-5.91554054054054,-1.8716216216216215,-7.533783783783784,-4.716216216216216,-3.5945945945945947,-3.4695945945945947,-7.608108108108108,-1.2027027027027026,,-6.679054054054054,-6.760135135135135,-1.9324324324324325,-1.8310810810810811,-3.206081081081081,-1.570945945945946,-5.641891891891892,-2.7635135135135136,,,-1.489864864864865,,-1.929054054054054,-7.41554054054054,-7.554054054054054,-3.47972972972973,-1.445945945945946,-6.9391891891891895,,,-3.8986486486486487,-1.614864864864865,,,-6.510135135135135,-2.793918918918919,,-4.54054054054054,-6.25,,-5.918918918918919,-3.810810810810811,-1.527027027027027,,,,-2.881756756756757,,-1.8243243243243243,-4.300675675675675,,-1.7195945945945947,-8.0,-7.456081081081081,-2.5472972972972974,-3.3716216216216215,,-1.7027027027027026,-2.5236486486486487,-5.074324324324325,,,-5.391891891891892,-7.638513513513513,-3.4324324324324325,-6.337837837837838,-1.689189189189189,,-2.5304054054054053,,-1.9121621621621623,-1.5439189189189189,,,,-3.7466216216216215,-3.564189189189189,-5.891891891891892,-5.969594594594595,-3.9527027027027026,-2.7736486486486487,-1.8277027027027026,-3.0405405405405403,-1.8614864864864864,-1.935810810810811,-7.72972972972973,-1.0810810810810811,-1.1824324324324325,-2.2804054054054053,-1.1756756756756757,-7.983108108108108,-5.655405405405405,-1.1114864864864864,-1.7972972972972974,-5.027027027027027,-2.070945945945946,-1.0506756756756757,-5.010135135135135,-7.996621621621622,-4.0641891891891895,-7.266891891891892,-6.993243243243243,-1.364864864864865,-7.121621621621622,-1.1993243243243243,-2.0878378378378377,-7.030405405405405,,-6.135135135135135,-6.1891891891891895,-3.864864864864865,-6.226351351351352,-6.5574324324324325
2024-09-25,-2.4966216216216215,-2.6283783783783785,-1.804054054054054,-7.246621621621622,,-1.4054054054054055,-5.25,-1.304054054054054,-7.962837837837838,-1.7094594594594594,-4.72972972972973,-1.5777027027027026,-5.155405405405405,,-4.89527027027027,,,-2.891891891891892,-5.898648648648649,-5.513513513513513,-1.1993243243243243,-3.1317567567567566,-7.108108108108108,-4.554054054054054,-5.861486486486487,-1.2128378378378377,-1.4797297297297298,-2.956081081081081,-1.1182432432432432,-5.222972972972973,-3.635135135135135,,,-1.820945945945946,-5.587837837837838,-1.7195945945945947,-2.445945945945946,-7.672297297297297,-1.4087837837837838,,-7.361486486486487,-1.7972972972972974,-1.5405405405405406,-5.1858108108108105,-1.2297297297297298,-1.8412162162162162,-1.1283783783783783,-1.8074324324324325,-4.226351351351352,-1.810810810810811,-2.641891891891892,-2.581081081081081,-3.1587837837837838,,-5.925675675675675,-3.510135135135135,-7.837837837837838,-2.0067567567567566,,-7.655405405405405,-5.148648648648648,-1.5371621621621623,-3.3783783783783785,-5.8175675675675675,-1.4864864864864864,-1.239864864864865,-3.6756756756756754,-1.8006756756756757,-7.27027027027027,-7.60472972972973,,-7.074324324324325,,-1.1824324324324325,-2.8783783783783785,-1.027027027027027,-1.0202702702702702,-1.9527027027027026,-1.0810810810810811,-2.2162162162162162,-5.070945945945946,-5.543918918918919,-4.0,-5.739864864864865,-1.560810810810811,-5.908783783783784,-5.202702702702703,-5.256756756756757,-5.033783783783784,-5.976351351351351,-5.125,-1.8513513513513513,-2.685810810810811,-1.7162162162162162,-3.4425675675675675,-1.1047297297297298,-3.489864864864865,-1.875,-1.2331081081081081,-5.574324324324325,-2.0371621621621623,-6.986486486486487,-3.0135135135135136,-5.6891891891891895,-1.0236486486486487,-7.016891891891892,-7.777027027027027,-4.983108108108108,-7.08445945945946,,-7.0574324324324325,-1.3986486486486487,-1.935810810810811,-4.5675675675675675,-1.7263513513513513,,-1.3344594594594594,-1.3716216216216215,,-4.152027027027027,,,,-7.351351351351352,,,-1.7128378378378377,-1.8716216216216215,-2.429054054054054,-7.597972972972973,-6.1925675675675675,-4.503378378378378,-5.452702702702703,-5.4358108108108105,-2.4628378378378377,-4.547297297297297,-1.1114864864864864,-7.905405405405405,,-1.5168918918918919,-7.293918918918919,,-3.4256756756756754,-6.35472972972973,-5.533783783783784,-4.030405405405405,-6.972972972972973,-1.6013513513513513,,-1.8344594594594594,-6.3141891891891895,-4.287162162162162,-1.6452702702702702,-4.9425675675675675,-5.050675675675675,-3.364864864864865,-2.77027027027027,,-1.9662162162162162,-6.847972972972973,,-3.0912162162162162,-2.5945945945945947,-1.347972972972973,-1.939189189189189,-7.20945945945946,-7.902027027027027,,-4.912162162162162,-5.114864864864865,-6.273648648648648,-1.6689189189189189,-7.766891891891892,-7.04054054054054,,-3.652027027027027,-2.97972972972973,,-4.054054054054054,-4.476351351351352,-2.5304054054054053,-1.7466216216216215,,-5.3074324324324325,,,,-7.58445945945946,-4.868243243243243,-1.9324324324324325,-7.388513513513513,-2.679054054054054,-4.550675675675675,-3.3006756756756754,-6.418918918918919,-1.1216216216216217,,-7.648648648648649,-7.756756756756757,-1.9189189189189189,-3.6925675675675675,-1.1013513513513513,-1.4560810810810811,-4.760135135135135,-1.6621621621621623,,,-2.4222972972972974,,-7.885135135135135,-7.337837837837838,-7.358108108108108,-2.331081081081081,-6.283783783783784,-5.91554054054054,,,-1.929054054054054,-2.391891891891892,,,-5.324324324324325,-3.6824324324324325,,-5.469594594594595,-7.14527027027027,,-4.888513513513513,-4.743243243243243,-1.3175675675675675,,,,-3.8277027027027026,,-1.7871621621621623,-3.195945945945946,,-1.6993243243243243,-7.996621621621622,-7.4391891891891895,-1.5202702702702702,-2.189189189189189,,-1.695945945945946,-1.402027027027027,-2.0472972972972974,,,-3.320945945945946,-7.591216216216216,-3.5,-5.79054054054054,-1.6587837837837838,,-3.385135135135135,,-3.8243243243243246,-1.4155405405405406,,,,-4.793918918918919,-3.4121621621621623,-5.864864864864865,-5.945945945945946,-2.9222972972972974,-1.7736486486486487,-1.814189189189189,-3.064189189189189,-2.858108108108108,-1.8817567567567568,-7.706081081081081,-1.0608108108108107,-1.1621621621621623,-3.4932432432432434,-1.087837837837838,-6.969594594594595,-1.7027027027027026,-1.7533783783783785,-1.7331081081081081,-3.010135135135135,-3.0675675675675675,-2.043918918918919,-4.003378378378378,-6.989864864864865,-7.297297297297297,-7.621621621621622,-7.993243243243243,-4.466216216216216,-7.611486486486487,-1.0945945945945945,-1.9594594594594594,-7.344594594594595,,-5.631756756756757,-5.5641891891891895,-4.831081081081081,-7.253378378378378,-4.736486486486487
2024-09-26,-1.4628378378378377,-3.554054054054054,-2.75,-7.158783783783784,,-1.3175675675675675,-4.179054054054054,-1.3310810810810811,-7.949324324324325,-1.5878378378378377,-4.591216216216216,-1.3986486486486487,-6.648648648648649,,-3.9662162162162162,,,-5.844594594594595,-3.929054054054054,-6.503378378378378,-1.097972972972973,-2.6385135135135136,-7.358108108108108,-3.5472972972972974,-6.871621621621622,-1.385135135135135,-1.2364864864864864,-4.97972972972973,-1.1317567567567568,-5.168918918918919,-4.537162162162162,,,-1.7736486486486487,-3.4527027027027026,-1.7939189189189189,-1.4256756756756757,-7.506756756756757,-2.3885135135135136,,-6.277027027027027,-1.885135135135135,-2.564189189189189,-4.341216216216216,-1.2837837837837838,-1.8344594594594594,-1.3716216216216215,-1.8074324324324325,-3.1655405405405403,-1.804054054054054,-1.5506756756756757,-3.489864864864865,-2.152027027027027,,-6.9391891891891895,-3.7972972972972974,-6.8141891891891895,-1.0135135135135136,,-7.675675675675675,-4.20945945945946,-1.6452702702702702,-2.689189189189189,-6.753378378378378,-1.3817567567567568,-1.3513513513513513,-2.918918918918919,-1.6993243243243243,-7.320945945945946,-7.608108108108108,,-6.60472972972973,,-1.625,-3.864864864864865,-1.027027027027027,-1.0202702702702702,-1.9425675675675675,-1.0304054054054055,-5.128378378378378,-2.402027027027027,-4.5574324324324325,-4.996621621621622,-4.722972972972973,-1.6587837837837838,-6.912162162162162,-4.239864864864865,-4.706081081081081,-7.016891891891892,-5.969594594594595,-4.510135135135135,-1.8513513513513513,-1.6216216216216215,-1.6655405405405406,-4.472972972972973,-1.260135135135135,-2.7466216216216215,-1.8885135135135136,-1.445945945945946,-7.0608108108108105,-1.2668918918918919,-7.989864864864865,-2.0236486486486487,-4.4358108108108105,-2.054054054054054,-6.010135135135135,-7.868243243243243,-2.9864864864864864,-6.287162162162162,,-5.081081081081081,-1.527027027027027,-1.8986486486486487,-6.533783783783784,-2.72972972972973,,-1.222972972972973,-1.364864864864865,,-4.10472972972973,,,,-7.195945945945946,,,-2.6114864864864864,-1.875,-4.27027027027027,-7.483108108108108,-7.141891891891892,-7.418918918918919,-4.6824324324324325,-6.412162162162162,-2.4662162162162162,-4.47972972972973,-1.0641891891891893,-7.922297297297297,,-4.4391891891891895,-7.3141891891891895,,-1.4864864864864864,-5.1824324324324325,-6.422297297297297,-4.037162162162162,-5.945945945945946,-1.6283783783783785,,-1.7804054054054053,-5.29054054054054,-5.162162162162162,-2.631756756756757,-3.972972972972973,-6.043918918918919,-4.449324324324325,-1.635135135135135,,-2.0,-5.783783783783784,,-2.4425675675675675,-5.655405405405405,-2.25,-1.9324324324324325,-7.108108108108108,-7.695945945945946,,-6.837837837837838,-4.172297297297297,-5.094594594594595,-1.679054054054054,-7.79054054054054,-7.04054054054054,,-5.4324324324324325,-1.9932432432432432,,-5.033783783783784,-5.496621621621622,-1.3074324324324325,-1.7567567567567568,,-6.344594594594595,,,,-7.54054054054054,-6.763513513513513,-1.9087837837837838,-7.297297297297297,-1.5844594594594594,-5.530405405405405,-2.185810810810811,-4.22972972972973,-1.2635135135135136,,-7.594594594594595,-7.668918918918919,-1.8952702702702702,-1.4695945945945945,-1.0777027027027026,-1.4054054054054055,-3.733108108108108,-3.5743243243243246,-2.652027027027027,,-3.39527027027027,,-6.847972972972973,-7.206081081081081,-7.246621621621622,-1.2533783783783785,-3.175675675675676,-4.91554054054054,,,-2.9256756756756754,-3.233108108108108,,,-4.216216216216216,-4.516891891891892,,-6.41554054054054,-4.138513513513513,,-3.881756756756757,-6.641891891891892,-1.1925675675675675,,,,-4.8108108108108105,,-1.739864864864865,-3.125,,-2.618243243243243,-7.95945945945946,-7.456081081081081,-1.4594594594594594,-1.0844594594594594,,-1.614864864864865,-2.2432432432432434,-1.0472972972972974,,,-2.3378378378378377,-7.513513513513513,-2.543918918918919,-4.902027027027027,-1.570945945945946,,-4.3108108108108105,,-2.743243243243243,-2.3006756756756754,,,,-5.8175675675675675,-5.327702702702703,-6.824324324324325,-4.9358108108108105,-1.8581081081081081,-1.7364864864864864,-1.8547297297297298,-5.800675675675675,-3.8783783783783785,-1.8277027027027026,-6.662162162162162,-1.597972972972973,-1.429054054054054,-4.601351351351351,-1.0743243243243243,-7.952702702702703,-1.760135135135135,-1.9054054054054053,-1.5675675675675675,-2.0033783783783785,-4.716216216216216,-3.050675675675676,-4.006756756756757,-6.962837837837838,-6.766891891891892,-7.787162162162162,-7.983108108108108,-6.5,-7.719594594594595,-1.0574324324324325,-4.956081081081081,-3.891891891891892,,-4.861486486486487,-4.712837837837838,-5.820945945945946,-6.361486486486487,-3.7094594594594597
2024-09-27,-1.347972972972973,-2.4493243243243246,-4.641891891891892,,,-1.2635135135135136,-3.179054054054054,-2.304054054054054,-7.898648648648649,-1.510135135135135,-5.58445945945946,-1.2567567567567568,-7.746621621621622,,-2.972972972972973,,,-7.719594594594595,-1.9493243243243243,-5.4324324324324325,-1.0506756756756757,-1.7567567567567568,-7.483108108108108,-2.52027027027027,-6.831081081081081,-1.4932432432432432,-1.1452702702702702,-4.983108108108108,-1.2094594594594594,-2.175675675675676,-5.496621621621622,,,-1.6993243243243243,-2.3074324324324325,-1.760135135135135,-1.3783783783783785,-7.35472972972973,-4.388513513513513,,-5.246621621621622,-1.8817567567567568,-3.597972972972973,-3.489864864864865,-2.3378378378378377,-1.7635135135135136,-3.4121621621621623,-1.7027027027027026,-2.1655405405405403,-1.7736486486486487,-4.429054054054054,-3.435810810810811,-1.152027027027027,,-6.945945945945946,-1.8547297297297298,-5.780405405405405,-1.9527027027027026,,-7.6858108108108105,-3.3344594594594597,-2.7094594594594597,-1.8006756756756757,-5.658783783783784,-2.293918918918919,-1.4628378378378377,-1.9594594594594594,-1.6081081081081081,-7.371621621621622,-7.5675675675675675,,-5.793918918918919,,-1.7297297297297298,-4.868243243243243,-1.010135135135135,-2.560810810810811,-2.935810810810811,-1.0067567567567568,-7.047297297297297,-1.75,-3.554054054054054,-5.996621621621622,-3.722972972972973,-1.739864864864865,-7.891891891891892,-3.3243243243243246,-3.8344594594594597,-7.02027027027027,-1.9662162162162162,-3.635135135135135,-1.8445945945945947,-1.6013513513513513,-1.6486486486486487,-5.486486486486487,-1.4560810810810811,-1.8783783783783785,-1.8614864864864864,-1.5236486486486487,-7.030405405405405,-1.8243243243243243,-6.986486486486487,-1.8277027027027026,-5.452702702702703,-3.9628378378378377,-5.013513513513513,-7.905405405405405,-3.993243243243243,-5.631756756756757,,-3.239864864864865,-1.6182432432432432,-3.864864864864865,-7.391891891891892,-5.695945945945946,,-1.1621621621621623,-1.260135135135135,,-2.0675675675675675,,,,-7.094594594594595,,,-3.5033783783783785,-3.810810810810811,-1.1993243243243243,-7.405405405405405,-7.097972972972973,-7.3141891891891895,-5.787162162162162,-6.368243243243243,-1.3986486486486487,-1.445945945945946,-1.0337837837837838,-7.908783783783784,,-4.331081081081081,-6.39527027027027,,-1.5168918918918919,,-7.3108108108108105,-5.425675675675675,-5.918918918918919,-1.614864864864865,,-7.638513513513513,-2.2905405405405403,-6.128378378378378,-3.625,-1.9763513513513513,-3.277027027027027,-5.506756756756757,-5.472972972972973,,-3.0,-4.577702702702703,,-1.5945945945945947,-7.66554054054054,-3.2736486486486487,-3.929054054054054,,-6.543918918918919,,-7.6891891891891895,-3.2837837837837838,-3.1013513513513513,-1.679054054054054,-7.77027027027027,-7.358108108108108,,-6.27027027027027,-1.989864864864865,,-4.016891891891892,-6.4391891891891895,-1.1182432432432432,-1.7668918918918919,,-7.206081081081081,,,,-7.375,-3.5304054054054053,-2.804054054054054,-7.287162162162162,-2.4763513513513513,-6.5,-2.125,-4.138513513513513,-2.4695945945945947,,-7.570945945945946,-7.64527027027027,-2.814189189189189,-1.5810810810810811,-1.1587837837837838,-1.2972972972972974,-2.6621621621621623,-1.5371621621621623,-2.5878378378378377,,-4.300675675675675,,-5.706081081081081,-7.135135135135135,-6.22972972972973,-1.2162162162162162,-2.0777027027027026,-3.875,,,-1.8885135135135136,-4.202702702702703,,,-4.121621621621622,-5.327702702702703,,-7.344594594594595,-7.222972972972973,,-1.8175675675675675,-7.611486486486487,-2.1114864864864864,,,,-5.777027027027027,,-1.6216216216216215,-7.054054054054054,,-1.564189189189189,-6.902027027027027,-7.385135135135135,-1.3412162162162162,-2.0371621621621623,,-2.47972972972973,-3.141891891891892,-1.3513513513513513,,,-1.4155405405405406,-7.422297297297297,-1.5135135135135136,-3.9222972972972974,-2.3614864864864864,,-5.280405405405405,,-6.591216216216216,-3.195945945945946,,,,-6.797297297297297,-6.25,-7.79054054054054,-4.912162162162162,-1.7533783783783785,-1.7331081081081081,-1.8378378378378377,-6.89527027027027,-4.858108108108108,-1.7837837837837838,-5.672297297297297,-1.8412162162162162,-1.527027027027027,-5.655405405405405,-1.2668918918918919,-6.9391891891891895,-1.7432432432432432,-1.9155405405405406,-7.381756756756757,-1.0033783783783783,-5.9324324324324325,-4.628378378378378,-4.668918918918919,-4.925675675675675,-5.847972972972973,-7.820945945945946,-7.969594594594595,-3.4594594594594597,-5.6824324324324325,-1.1081081081081081,-6.956081081081081,-2.9425675675675675,,-2.885135135135135,-3.7263513513513513,-6.736486486486487,-5.466216216216216,-2.7128378378378377
2024-09-30,-1.304054054054054,-7.412162162162162,-6.614864864864865,,,-7.236486486486487,-2.179054054054054,-3.277027027027027,-6.824324324324325,-1.429054054054054,-5.550675675675675,-1.195945945945946,-7.766891891891892,-2.9662162162162162,-1.9763513513513513,,,-7.662162162162162,-1.9425675675675675,-5.368243243243243,-1.0472972972972974,-1.7905405405405406,-7.523648648648649,-5.5,-7.780405405405405,-1.4662162162162162,-2.1283783783783785,-4.969594594594595,-1.2432432432432432,-1.1756756756756757,-6.4358108108108105,,,-1.7060810810810811,-1.260135135135135,-1.7533783783783785,-2.35472972972973,-7.33445945945946,-5.39527027027027,,-4.226351351351352,-1.864864864864865,-4.594594594594595,-2.5135135135135136,-3.3378378378378377,-2.6486486486486487,-4.537162162162162,-1.6554054054054053,-1.1993243243243243,-1.75,-5.398648648648648,-3.4493243243243246,-1.1621621621621623,,-7.9391891891891895,-1.8344594594594594,-4.712837837837838,-1.972972972972973,,-7.66554054054054,-6.385135135135135,-1.7195945945945947,-3.7837837837837838,-3.625,-2.2533783783783785,-1.4932432432432432,-1.9594594594594594,-1.489864864864865,-7.391891891891892,-6.476351351351352,,-4.773648648648649,,-1.739864864864865,-5.875,-1.445945945945946,-1.8310810810810811,-2.929054054054054,-1.0405405405405406,-6.013513513513513,-1.820945945945946,-2.5844594594594597,-6.996621621621622,-2.7364864864864864,-1.8006756756756757,-7.871621621621622,-2.4527027027027026,-2.8614864864864864,-4.793918918918919,-1.9527027027027026,-2.6925675675675675,-1.847972972972973,-1.6114864864864864,-1.6317567567567568,-6.472972972972973,-1.564189189189189,-1.9087837837837838,-1.8547297297297298,-1.4864864864864864,-7.402027027027027,-1.8986486486486487,-5.983108108108108,-1.9256756756756757,-5.608108108108108,-4.962837837837838,-4.804054054054054,-7.9324324324324325,-4.993243243243243,-4.726351351351351,,-1.560810810810811,-1.6824324324324325,-4.858108108108108,-7.27027027027027,-6.672297297297297,,-2.135135135135135,-1.1858108108108107,,-1.0574324324324325,,,,-7.037162162162162,,,-4.381756756756757,-4.6891891891891895,-2.1587837837837838,-7.388513513513513,-7.08445945945946,-7.3074324324324325,-3.7871621621621623,-6.351351351351352,-1.3716216216216215,-1.4628378378378377,-1.0337837837837838,-7.878378378378378,,-4.3108108108108105,-5.422297297297297,,-1.5405405405405406,,-6.280405405405405,-5.64527027027027,-3.868243243243243,-1.5878378378378377,,-6.574324324324325,-1.2939189189189189,-7.1891891891891895,-4.597972972972973,-1.9797297297297298,-2.4695945945945947,-6.510135135135135,-4.3141891891891895,,-2.0,-3.4155405405405403,,-1.6216216216216215,-7.635135135135135,-3.3277027027027026,-4.918918918918919,,-5.5675675675675675,,-6.591216216216216,-5.324324324324325,-2.1925675675675675,-3.685810810810811,-7.716216216216216,-7.601351351351351,,-7.233108108108108,-2.989864864864865,,-2.2905405405405403,-7.405405405405405,-1.087837837837838,-4.699324324324325,,-7.168918918918919,,-7.22972972972973,,-7.273648648648648,-1.364864864864865,-3.641891891891892,-7.297297297297297,-3.3614864864864864,-7.47972972972973,-2.1013513513513513,-3.0912162162162162,-1.5033783783783785,,-7.543918918918919,-7.638513513513513,-3.6283783783783785,-1.679054054054054,-1.2027027027027026,-1.2567567567567568,-1.6182432432432432,-6.516891891891892,-1.4560810810810811,,-4.263513513513513,,-5.577702702702703,-7.10472972972973,-7.246621621621622,-2.2195945945945947,-1.010135135135135,-2.8378378378378377,,,-2.8513513513513513,-6.216216216216216,,,-2.054054054054054,-6.266891891891892,,-7.300675675675675,-7.283783783783784,,-1.7466216216216215,-7.60472972972973,-1.0641891891891893,,,,-6.756756756756757,,-2.554054054054054,-6.030405405405405,,-2.5472972972972974,-4.844594594594595,-7.331081081081081,-1.3175675675675675,-4.027027027027027,,-1.320945945945946,-4.108108108108108,-1.5304054054054053,,,-1.4594594594594594,-7.408783783783784,-3.483108108108108,-2.9222972972972974,-4.239864864864865,,-7.287162162162162,,-5.425675675675675,-4.097972972972973,,,,-7.760135135135135,-7.16554054054054,-7.797297297297297,-3.885135135135135,-1.777027027027027,-1.7331081081081081,-1.814189189189189,-7.912162162162162,-5.841216216216216,-1.7635135135135136,-1.695945945945946,-1.8918918918918919,-3.4966216216216215,-6.675675675675675,-1.375,-7.902027027027027,-1.7432432432432432,-5.91554054054054,-6.25,-1.1317567567567568,-6.949324324324325,-5.8074324324324325,-3.935810810810811,-3.881756756756757,-3.89527027027027,-7.8175675675675675,-7.986486486486487,-5.506756756756757,-5.70945945945946,-1.222972972972973,-7.956081081081081,-1.945945945945946,,-1.9054054054054053,-2.77027027027027,-7.72972972972973,-4.533783783783784,-1.810810810810811
2024-10-08,-1.2905405405405406,-7.388513513513513,-7.614864864864865,,,-6.199324324324325,,-4.27027027027027,-7.793918918918919,-3.402027027027027,-5.486486486486487,-3.1621621621621623,-7.753378378378378,-1.9560810810810811,-1.9662162162162162,,,-7.66554054054054,-1.9324324324324325,-7.35472972972973,-1.070945945945946,-1.7804054054054053,-7.547297297297297,-6.496621621621622,-7.6925675675675675,-1.4527027027027026,-3.1385135135135136,-5.95945945945946,-1.2567567567567568,-3.189189189189189,-7.41554054054054,,,-2.7162162162162162,-2.239864864864865,-1.7297297297297298,-4.361486486486487,-7.3141891891891895,-7.412162162162162,,-4.20945945945946,-2.847972972972973,-5.574324324324325,-1.5236486486486487,-4.337837837837838,-3.608108108108108,-5.587837837837838,-3.6216216216216215,-1.2364864864864864,-1.760135135135135,-6.408783783783784,-4.456081081081081,-1.1722972972972974,,-7.91554054054054,-2.804054054054054,-3.6621621621621623,-1.9864864864864864,-2.489864864864865,-6.628378378378378,-4.4324324324324325,-2.695945945945946,-4.736486486486487,-5.597972972972973,-5.243243243243243,-2.483108108108108,-1.9628378378378377,-1.4594594594594594,-7.405405405405405,-5.4358108108108105,,-4.712837837837838,-7.381756756756757,-2.7195945945945947,-6.871621621621622,-1.570945945945946,-4.861486486486487,-5.922297297297297,-2.2804054054054053,-5.016891891891892,-1.8445945945945947,-1.6013513513513513,-7.993243243243243,-1.7466216216216215,-2.8074324324324325,-7.868243243243243,-3.527027027027027,-1.8918918918918919,-5.881756756756757,-3.945945945945946,-1.7736486486486487,-1.8581081081081081,-1.6554054054054053,-1.6689189189189189,-7.533783783783784,-1.5912162162162162,-1.9189189189189189,-2.864864864864865,-2.4932432432432434,-7.611486486486487,-1.929054054054054,-5.976351351351351,-1.939189189189189,-5.706081081081081,-5.97972972972973,-3.875,-7.9358108108108105,-5.996621621621622,-3.7972972972972974,,-1.685810810810811,-1.7668918918918919,-6.898648648648649,-7.219594594594595,-7.638513513513513,,-3.1317567567567566,-1.1587837837837838,,-1.0844594594594594,,,,-7.030405405405405,,,-6.375,-7.625,-6.16554054054054,-7.385135135135135,-7.10472972972973,-7.283783783783784,-2.75,-7.331081081081081,-1.3513513513513513,-2.47972972972973,-1.0439189189189189,-7.831081081081081,,-7.287162162162162,-6.449324324324325,,-2.543918918918919,,-6.260135135135135,-7.70945945945946,-7.827702702702703,-1.560810810810811,,-5.503378378378378,-1.3243243243243243,-7.212837837837838,-5.5574324324324325,-2.9695945945945947,-2.52027027027027,,-3.2533783783783785,-7.074324324324325,-3.0,-2.3277027027027026,,-2.6587837837837838,-7.577702702702703,-5.371621621621622,-5.878378378378378,,-4.5641891891891895,,-7.537162162162162,-3.3412162162162162,-1.25,-4.679054054054054,-7.652027027027027,-7.675675675675675,,-7.273648648648648,-1.972972972972973,,-3.445945945945946,-7.391891891891892,-1.0810810810810811,-4.641891891891892,,-7.152027027027027,,-7.226351351351352,,-7.246621621621622,-1.347972972972973,-4.60472972972973,-7.33445945945946,-4.3074324324324325,,-4.097972972972973,-3.1013513513513513,-5.510135135135135,,-7.506756756756757,-4.64527027027027,-5.466216216216216,-1.7567567567567568,-1.195945945945946,-4.233108108108108,-1.5844594594594594,-7.462837837837838,-2.39527027027027,,-6.263513513513513,,-3.4222972972972974,-7.118243243243243,-7.266891891891892,-3.206081081081081,-1.0033783783783783,-1.810810810810811,,-1.0945945945945945,-3.8175675675675675,-7.222972972972973,,,-2.027027027027027,-7.22972972972973,,-7.297297297297297,-7.320945945945946,,-1.722972972972973,-7.594594594594595,-1.0472972972972974,,,,-7.733108108108108,,-3.4425675675675675,-5.037162162162162,,-7.516891891891892,-3.8344594594594597,-7.300675675675675,-2.358108108108108,-6.04054054054054,,-4.277027027027027,-5.121621621621622,-2.5405405405405403,,,-1.4695945945945945,-7.418918918918919,-5.472972972972973,-1.8952702702702702,-7.179054054054054,,-7.304054054054054,,-7.378378378378378,-5.054054054054054,,,,-7.739864864864865,-7.135135135135135,-7.783783783783784,-2.8412162162162162,-1.7905405405405406,-1.7263513513513513,-1.8006756756756757,,-6.820945945945946,-1.777027027027027,-2.6993243243243246,-2.902027027027027,-3.4763513513513513,-7.672297297297297,-2.429054054054054,-7.837837837837838,-1.7027027027027026,-7.905405405405405,-5.1858108108108105,-2.7635135135135136,-7.949324324324325,-6.85472972972973,-2.9527027027027026,-2.8885135135135136,-4.925675675675675,-7.824324324324325,-7.989864864864865,-6.5675675675675675,-5.743243243243243,-2.310810810810811,-7.983108108108108,-1.9425675675675675,,-1.9121621621621623,-3.814189189189189,-7.77027027027027,-3.581081081081081,-4.851351351351351
2024-10-09,-1.2972972972972974,-7.381756756756757,-7.652027027027027,,,-5.1858108108108105,,-5.253378378378378,-7.726351351351351,-4.385135135135135,-6.4391891891891895,-7.172297297297297,-7.719594594594595,-1.9527027027027026,-1.9662162162162162,,,-7.635135135135135,-1.929054054054054,-7.341216216216216,-3.10472972972973,-7.787162162162162,-7.550675675675675,-7.506756756756757,-7.601351351351351,-2.4527027027027026,-5.158783783783784,-6.949324324324325,-3.260135135135135,-6.202702702702703,-7.391891891891892,,,-1.739864864864865,-3.2195945945945947,-1.7533783783783785,-5.361486486486487,-7.277027027027027,-7.429054054054054,,-5.216216216216216,-6.851351351351351,-7.591216216216216,-1.5371621621621623,-6.368243243243243,-5.5641891891891895,-6.625,-5.628378378378378,-1.2804054054054055,-1.7668918918918919,-7.418918918918919,-5.472972972972973,-1.1824324324324325,,-7.864864864864865,-4.763513513513513,-2.5878378378378377,-1.9864864864864864,-1.5033783783783785,-5.611486486486487,-4.4324324324324325,-3.695945945945946,-5.743243243243243,-5.60472972972973,-6.236486486486487,-4.469594594594595,-3.9594594594594597,-2.4425675675675675,-7.412162162162162,-4.41554054054054,,-5.658783783783784,-7.422297297297297,-3.7364864864864864,-7.858108108108108,-1.6418918918918919,-6.888513513513513,-5.925675675675675,-3.4628378378378377,-5.016891891891892,-1.847972972972973,-1.6182432432432432,-7.996621621621622,-1.7804054054054053,-3.8277027027027026,-7.861486486486487,-1.5777027027027026,-1.9155405405405406,-2.902027027027027,-7.956081081081081,-1.8074324324324325,-1.8547297297297298,-2.6554054054054053,-1.6486486486486487,-7.5574324324324325,-3.631756756756757,-1.9189189189189189,-1.885135135135135,-4.476351351351352,-7.6824324324324325,-1.9324324324324325,-3.9763513513513513,-1.939189189189189,-7.756756756756757,-6.97972972972973,-1.8783783783783785,-7.945945945945946,-5.989864864864865,-2.814189189189189,,-1.6722972972972974,-1.7702702702702702,-1.9087837837837838,-7.20945945945946,-7.594594594594595,,-6.155405405405405,-3.1486486486486487,,-1.1013513513513513,,,,-7.023648648648648,,,-7.351351351351352,-7.581081081081081,-7.179054054054054,-7.35472972972973,-7.114864864864865,-7.3141891891891895,-2.7128378378378377,-7.3175675675675675,-1.3277027027027026,-3.489864864864865,-3.043918918918919,-7.800675675675675,,-7.283783783783784,-7.466216216216216,-4.3108108108108105,-1.5337837837837838,,-7.246621621621622,-7.722972972972973,-7.8108108108108105,-1.527027027027027,,-5.45945945945946,-1.347972972972973,-7.263513513513513,-6.513513513513513,-4.962837837837838,-3.5236486486486487,,-7.206081081081081,-7.074324324324325,-4.0,-1.239864864864865,,-7.702702702702703,-7.530405405405405,-6.408783783783784,-7.837837837837838,,-3.560810810810811,,-7.496621621621622,-3.3716216216216215,-1.2736486486486487,-5.6925675675675675,-7.5675675675675675,-7.706081081081081,,-7.320945945945946,-1.9695945945945947,,-3.4932432432432434,-7.388513513513513,-1.1114864864864864,-4.574324324324325,,-7.135135135135135,,-7.256756756756757,,-7.222972972972973,-1.3378378378378377,-7.554054054054054,-7.398648648648648,-5.29054054054054,,-6.08445945945946,-4.070945945945946,-6.510135135135135,,-7.5,-6.66554054054054,-6.324324324324325,-1.7736486486486487,-1.1891891891891893,-6.22972972972973,-1.597972972972973,-7.456081081081081,-3.375,,-6.266891891891892,,-2.2871621621621623,-7.131756756756757,-7.293918918918919,-4.199324324324325,-1.0033783783783783,-1.7905405405405406,,-3.0472972972972974,-4.820945945945946,-7.27027027027027,,,-1.010135135135135,-7.212837837837838,,-7.3074324324324325,-7.358108108108108,,-1.6993243243243243,-7.58445945945946,-4.050675675675675,,,,-7.746621621621622,,-4.39527027027027,-4.04054054054054,-4.175675675675675,-7.516891891891892,-4.844594594594595,-7.300675675675675,-1.364864864864865,-7.054054054054054,,-5.233108108108108,-6.118243243243243,-3.543918918918919,,,-1.4831081081081081,-7.425675675675675,-1.4864864864864864,-1.8716216216216215,-7.121621621621622,-7.25,-7.344594594594595,,-7.33445945945946,,,,,-6.72972972972973,-7.128378378378378,-6.8175675675675675,-1.8243243243243243,-1.804054054054054,-1.7162162162162162,-1.777027027027027,,-7.793918918918919,-3.75,-3.689189189189189,-1.9121621621621623,-5.47972972972973,-7.6858108108108105,-3.4493243243243246,-7.797297297297297,-1.6756756756756757,-7.898648648648649,-4.152027027027027,-3.831081081081081,-7.905405405405405,-7.881756756756757,-2.972972972972973,-1.875,-2.9425675675675675,-7.83445945945946,-7.983108108108108,-7.679054054054054,-5.760135135135135,-1.402027027027027,-6.993243243243243,-1.935810810810811,,-1.8918918918918919,-3.8412162162162162,-7.783783783783784,-2.614864864864865,-4.89527027027027
2024-10-10,-1.2919463087248322,-6.365771812080537,-7.657718120805369,,,-4.171140939597316,,-5.24496644295302,-6.721476510067114,-6.37248322147651,-1.389261744966443,-7.181208053691275,-7.708053691275168,-1.9463087248322148,-1.9664429530201342,,,-7.654362416107382,-2.929530201342282,-7.345637583892618,-1.1140939597315436,-6.805369127516778,-5.573825503355705,-4.516778523489933,-6.546979865771812,-1.4395973154362416,-1.1644295302013423,-7.939597315436242,-2.2651006711409396,-4.228187919463087,-7.3355704697986575,,,-7.75503355704698,-1.2114093959731544,-1.7751677852348995,-5.3624161073825505,-7.241610738255034,-7.473154362416107,,-1.2348993288590604,-7.865771812080537,-7.597315436241611,-1.5570469798657718,-7.359060402684563,-5.563758389261745,-7.64765100671141,-1.6174496644295302,-1.342281879194631,-1.7684563758389262,-7.416107382550336,-3.48993288590604,-1.1845637583892619,,-7.842281879194631,-7.718120805369128,-1.5335570469798658,-1.9932885906040267,-3.5033557046979866,-4.570469798657718,-7.436241610738255,-4.6879194630872485,-3.751677852348993,-1.6073825503355703,-6.231543624161074,-7.459731543624161,-3.969798657718121,-4.426174496644295,-6.412751677852349,-3.4093959731543624,,-1.6208053691275168,-7.456375838926174,-4.748322147651007,-7.848993288590604,-1.6677852348993287,-7.902684563758389,-7.922818791946309,-4.5369127516778525,-3.0134228187919465,-1.8523489932885906,-1.6140939597315436,-7.989932885906041,-1.7919463087248322,-5.828859060402684,-7.8624161073825505,-3.6241610738255035,-1.912751677852349,-2.9093959731543624,-7.956375838926174,-1.825503355704698,-1.8557046979865772,-4.6610738255033555,-1.62751677852349,-7.587248322147651,-1.6442953020134228,-1.8993288590604027,-2.8926174496644297,-5.469798657718121,-6.724832214765101,-1.936241610738255,-2.976510067114094,-7.942953020134228,-7.795302013422819,-7.97986577181208,-5.885906040268456,-7.949664429530201,-1.9865771812080537,-2.8187919463087248,,-1.6845637583892619,-4.778523489932886,-6.906040268456376,-7.214765100671141,-7.560402684563758,,-7.167785234899329,-3.1442953020134228,-7.060402684563758,-1.110738255033557,,,,-6.030201342281879,,,-7.369127516778524,-7.567114093959732,-7.201342281879195,-6.332214765100671,-7.134228187919463,-7.3120805369127515,-1.674496644295302,-7.298657718120805,-1.3187919463087248,-1.4966442953020134,-1.0369127516778525,-6.758389261744966,,-7.278523489932886,-7.4630872483221475,-5.322147651006711,-1.5503355704697985,,-6.258389261744966,-7.731543624161074,-7.7885906040268456,-1.5201342281879193,,-6.449664429530201,-1.3791946308724832,-7.281879194630872,-7.483221476510067,-4.9630872483221475,-1.5268456375838926,,-5.151006711409396,-7.067114093959732,-5.0,-1.1879194630872483,,-6.73489932885906,-6.5,-6.419463087248322,-7.832214765100671,,-2.5906040268456376,,-6.493288590604027,-7.355704697986577,-1.285234899328859,-6.697986577181208,-5.523489932885906,-6.728187919463087,-3.040268456375839,-7.348993288590604,-1.959731543624161,,-1.5100671140939599,-7.382550335570469,-2.1543624161073827,-4.543624161073826,,-7.157718120805369,,-7.268456375838926,,-7.248322147651007,-1.4026845637583891,-7.610738255033557,-7.399328859060403,-5.295302013422819,,-4.080536912751678,-1.0436241610738255,-6.506711409395973,,-6.47986577181208,-7.671140939597316,-7.275167785234899,-1.7718120805369129,-1.1778523489932886,-7.25503355704698,-1.6006711409395973,-2.453020134228188,-4.375838926174497,,-5.2885906040268456,,-1.197986577181208,-6.1375838926174495,-7.302013422818792,-2.1946308724832213,-2.0033557046979866,-1.802013422818792,,-4.033557046979865,-6.822147651006711,-7.271812080536913,,,-2.01006711409396,-7.224832214765101,,-7.328859060402684,-5.39261744966443,-4.104026845637584,-4.691275167785235,-7.580536912751678,-5.063758389261745,,,,-7.7617449664429525,,-5.3389261744966445,-3.057046979865772,-3.204697986577181,-7.5134228187919465,-1.8758389261744965,-7.325503355704698,-1.3859060402684564,-6.070469798657718,,-6.238255033557047,-7.12751677852349,-7.553691275167785,,,-1.4865771812080537,-7.432885906040268,-3.476510067114094,-1.8691275167785235,-7.097315436241611,-7.208053691275167,-7.35234899328859,-7.023489932885906,-6.308724832214765,,,,,-7.7114093959731544,-7.117449664429531,-6.8355704697986575,-1.8120805369127517,-2.815436241610738,-1.6946308724832215,-1.7651006711409396,,-7.781879194630872,-5.7382550335570475,-1.6409395973154361,-3.9194630872483223,-2.466442953020134,-7.677852348993289,-4.442953020134228,-6.74496644295302,-1.6375838926174495,-7.889261744966443,-3.1073825503355703,-2.8389261744966445,-7.798657718120805,-7.895973154362416,-4.973154362416107,-1.8791946308724832,-3.953020134228188,-7.845637583892618,-7.983221476510067,-7.741610738255034,-5.785234899328859,-1.4228187919463087,-7.996644295302014,-3.9328859060402683,,-4.882550335570469,-3.87248322147651,-7.808724832214765,-1.6308724832214765,-5.916107382550336
2024-10-11,-2.3322147651006713,-4.35234899328859,-7.667785234899329,,,-3.1476510067114094,,-7.2114093959731544,-7.751677852348993,-7.328859060402684,-2.2416107382550337,-7.201342281879195,-7.701342281879195,-4.936241610738255,-1.9563758389261745,,,-7.718120805369128,-2.9161073825503356,-7.342281879194631,-2.1241610738255035,-5.8120805369127515,-7.600671140939597,-5.5369127516778525,-5.510067114093959,-2.402684563758389,-2.1711409395973154,-5.909395973154362,-5.281879194630872,-7.231543624161074,-7.24496644295302,,,-7.758389261744966,-5.184563758389261,-3.7885906040268456,-7.348993288590604,-6.1610738255033555,-7.557046979865772,,-5.251677852348993,-7.87248322147651,-7.587248322147651,-1.5604026845637584,-6.345637583892618,-7.563758389261745,-7.691275167785235,-2.6140939597315436,-1.3791946308724832,-1.7751677852348995,-7.429530201342282,-5.540268456375839,-1.157718120805369,-7.439597315436242,-7.785234899328859,-7.6644295302013425,-2.476510067114094,-3.9932885906040267,-7.533557046979865,-4.567114093959732,-6.446308724832215,-5.674496644295302,-4.741610738255034,-3.6073825503355703,-7.214765100671141,-6.442953020134228,-5.966442953020135,-6.395973154362416,-7.39261744966443,-2.422818791946309,,-2.573825503355705,-7.4865771812080535,-7.75503355704698,-7.832214765100671,-2.7114093959731544,-7.902684563758389,-7.919463087248322,-6.570469798657718,-2.0201342281879193,-2.8624161073825505,-1.6208053691275168,-7.989932885906041,-1.802013422818792,-6.828859060402684,-7.865771812080537,-6.684563758389261,-2.929530201342282,-6.912751677852349,-5.9630872483221475,-1.8422818791946307,-3.8557046979865772,-5.671140939597316,-2.61744966442953,-7.640939597315437,-2.6610738255033555,-1.8926174496644297,-1.9060402684563758,-7.483221476510067,-7.76510067114094,-3.9395973154362416,-1.9731543624161074,-6.946308724832215,-7.805369127516778,-7.97986577181208,-5.875838926174497,-7.959731543624161,-2.9865771812080535,-1.825503355704698,,-2.704697986577181,-5.798657718120805,-7.895973154362416,-7.238255033557047,-7.530201342281879,,-7.191275167785235,-7.181208053691275,-7.083892617449664,-2.1375838926174495,,,,-7.043624161073826,-2.0604026845637584,,-7.3624161073825505,-7.624161073825503,-7.221476510067114,-5.315436241610739,-7.167785234899329,-3.3221476510067114,-1.610738255033557,-7.2885906040268456,-2.3120805369127515,-5.523489932885906,-2.01006711409396,-7.681208053691275,,-7.291946308724833,-7.466442953020135,-6.318791946308725,-2.5503355704697985,,-7.26510067114094,-7.7382550335570475,-7.697986577181208,-5.503355704697986,,-7.432885906040268,-1.3859060402684564,-7.308724832214765,-7.4630872483221475,-6.953020134228188,-3.5067114093959733,,-2.1140939597315436,-7.057046979865772,-8.0,-2.087248322147651,,-5.781879194630872,-2.48993288590604,-7.449664429530201,-7.808724832214765,,-1.6442953020134228,,-7.543624161073826,-6.3355704697986575,-2.3053691275167787,-7.708053691275168,-4.459731543624161,-7.748322147651007,-6.030201342281879,-7.355704697986577,-2.9496644295302015,,-2.4932885906040267,-7.365771812080537,-6.197986577181208,-7.516778523489933,,-5.177852348993288,,-7.285234899328859,,-7.278523489932886,-2.4563758389261743,-5.654362416107382,-7.419463087248322,-7.325503355704698,,-7.097315436241611,-1.016778523489933,-7.5134228187919465,,-5.473154362416107,-7.714765100671141,-7.295302013422819,-1.7718120805369129,-2.1543624161073827,-7.275167785234899,-1.6308724832214765,-1.4530201342281879,-7.382550335570469,,-7.37248322147651,,-3.0268456375838926,-7.174496644295302,-7.369127516778524,-5.1879194630872485,-1.0067114093959733,-1.8154362416107381,,-1.0536912751677852,-7.8389261744966445,-7.298657718120805,,,-1.0671140939597314,-7.218120805369128,,-7.3389261744966445,-7.426174496644295,-6.144295302013423,-3.6946308724832218,-7.580536912751678,-4.12751677852349,,,,-7.768456375838926,,-6.268456375838926,-2.077181208053691,-2.2348993288590604,-7.52013422818792,-3.8859060402684564,-5.406040268456376,-7.412751677852349,-7.093959731543624,,-1.2483221476510067,-7.151006711409396,-7.546979865771812,,,-2.4966442953020134,-6.436241610738255,-3.5,-1.8523489932885906,-7.080536912751678,-7.194630872483222,-7.359060402684563,-7.046979865771812,-7.302013422818792,,,,,-7.731543624161074,-7.110738255033557,-5.845637583892618,-1.778523489932886,-2.8221476510067114,-1.6342281879194631,-1.761744966442953,,-7.73489932885906,-6.677852348993289,-1.62751677852349,-5.932885906040268,-4.469798657718121,-7.6879194630872485,-5.416107382550336,-7.593959731543624,-2.5838926174496644,-7.882550335570469,-2.0503355704697985,-5.8355704697986575,-7.003355704697986,-7.899328859060403,-7.976510067114094,-1.8791946308724832,-1.9697986577181208,-7.859060402684563,-7.983221476510067,-7.791946308724832,-6.795302013422819,-3.4798657718120807,-6.996644295302014,-3.922818791946309,,-5.869127516778524,-3.889261744966443,-7.818791946308725,-1.651006711409396,-1.9429530201342282
2024-10-14,-1.412751677852349,-7.422818791946309,-2.6778523489932886,,-7.124161073825503,-2.1073825503355703,,-7.060402684563758,-5.778523489932886,-4.204697986577181,-3.0201342281879193,-6.295302013422819,-7.634228187919463,-4.906040268456376,-1.9530201342281879,,,-6.76510067114094,-4.902684563758389,-6.359060402684563,-1.1711409395973154,-4.822147651006711,-7.6879194630872485,-4.553691275167785,-3.577181208053691,-1.4161073825503356,-2.174496644295302,-7.869127516778524,-7.261744966442953,-3.3288590604026846,-6.023489932885906,,,-4.758389261744966,-1.110738255033557,-7.808724832214765,-4.291946308724833,-5.046979865771812,-6.6644295302013425,,-7.3389261744966445,-6.895973154362416,-7.60738255033557,-1.5838926174496644,-5.322147651006711,-7.617449664429531,-6.714765100671141,-2.651006711409396,-1.4865771812080537,-7.768456375838926,-6.432885906040268,-4.600671140939597,-7.063758389261745,-7.510067114093959,-7.016778523489933,-7.610738255033557,-1.4194630872483223,-1.9932885906040267,-5.604026845637584,-2.563758389261745,-5.516778523489933,-6.62751677852349,-7.73489932885906,-1.6577181208053693,-7.093959731543624,-5.342281879194631,-5.959731543624161,-7.302013422818792,-1.3758389261744965,-1.5033557046979866,,-3.5436241610738257,-7.570469798657718,-7.771812080536913,-7.75503355704698,-1.7483221476510067,-7.916107382550336,-7.929530201342282,-1.6543624161073827,-1.0805369127516777,-5.8624161073825505,-1.6208053691275168,-7.989932885906041,-2.8187919463087248,-7.842281879194631,-6.85234899328859,-7.731543624161074,-4.942953020134228,-1.9194630872483223,-7.9630872483221475,-2.8657718120805367,-7.825503355704698,-1.6442953020134228,-3.5671140939597317,-7.697986577181208,-1.6711409395973154,-1.87248322147651,-1.9395973154362416,-1.4563758389261745,-7.74496644295302,-1.936241610738255,-7.969798657718121,-6.926174496644295,-7.7885906040268456,-7.973154362416107,-7.8389261744966445,-7.966442953020135,-7.976510067114094,-1.8288590604026846,,-3.5906040268456376,-7.785234899328859,-7.882550335570469,-4.379194630872483,-7.285234899328859,,-7.197986577181208,-6.214765100671141,-6.157718120805369,-1.1946308724832215,,,,-7.083892617449664,-7.040268456375839,,-7.409395973154362,-6.694630872483222,-6.365771812080537,-4.399328859060403,-7.221476510067114,-4.332214765100671,-3.4731543624161074,-6.1879194630872485,-7.231543624161074,-7.560402684563758,-3.0436241610738257,-7.37248322147651,,-7.248322147651007,-5.446308724832215,-5.369127516778524,-3.5067114093959733,,-7.345637583892618,-6.728187919463087,-7.006711409395973,-7.459731543624161,,-5.426174496644295,-1.476510067114094,-7.3120805369127515,-7.281879194630872,-7.912751677852349,-1.4496644295302015,,-1.0335570469798658,-1.0671140939597314,-7.996644295302014,-1.0100671140939597,,-7.832214765100671,-1.5469798657718121,-7.5134228187919465,-6.701342281879195,,-1.7248322147651005,,-5.597315436241611,-2.2449664429530203,-1.238255033557047,-2.684563758389262,-2.348993288590604,-6.781879194630872,-1.1006711409395973,-7.355704697986577,-7.899328859060403,,-3.2114093959731544,-4.382550335570469,-7.23489932885906,-7.483221476510067,,-3.1476510067114094,,-7.241610738255034,,-6.439597315436242,-1.5369127516778525,-5.7382550335570475,-7.4630872483221475,-1.3859060402684564,,-6.1375838926174495,-1.0369127516778525,-6.526845637583893,-3.402684563758389,-6.429530201342282,-7.741610738255034,-6.315436241610739,-1.6476510067114094,-5.087248322147651,-6.3624161073825505,-1.6610738255033557,-1.540268456375839,-6.496644295302014,,-6.530201342281879,,-1.0134228187919463,-6.218120805369128,-7.453020134228188,-7.090604026845638,-2.1140939597315436,-1.8456375838926173,,-2.1812080536912752,-7.875838926174497,-7.308724832214765,,,-3.208053691275168,-7.389261744966443,,-7.26510067114094,-7.5,-6.228187919463087,-1.6677852348993287,-7.624161073825503,-7.258389261744966,,,,-7.751677852348993,,-6.134228187919463,-1.1442953020134228,-1.3355704697986577,-7.489932885906041,-7.922818791946309,-4.580536912751678,-6.466442953020135,-5.1644295302013425,,-2.3926174496644297,-6.167785234899329,-7.557046979865772,,-6.104026845637584,-1.5201342281879193,-7.395973154362416,-5.533557046979865,-1.8355704697986577,-6.057046979865772,-6.070469798657718,-7.35234899328859,-6.130872483221476,-2.1912751677852347,,-6.097315436241611,,,-7.7114093959731544,-6.177852348993288,-7.889261744966443,-1.674496644295302,-2.848993288590604,-1.2986577181208054,-1.721476510067114,,-7.640939597315437,-7.026845637583893,-2.5503355704697985,-6.946308724832215,-1.4697986577181208,-7.704697986577181,-6.271812080536913,-6.493288590604027,-3.523489932885906,-7.879194630872483,-1.0536912751677852,-7.8120805369127515,-1.0033557046979866,-7.909395973154362,-6.9865771812080535,-1.8590604026845639,-2.9832214765100673,-7.885906040268456,-5.97986577181208,-7.855704697986577,-4.791946308724832,-4.573825503355705,-8.0,-2.8926174496644297,,-6.805369127516778,-3.9328859060402683,-7.815436241610739,-3.6812080536912752,-1.9563758389261745
2024-10-15,-2.546979865771812,-6.516778523489933,-2.697986577181208,,-7.291946308724833,-1.2718120805369129,,-6.110738255033557,-6.882550335570469,-6.12751677852349,-4.171140939597316,-7.5134228187919465,-6.439597315436242,-6.869127516778524,-2.929530201342282,,,-7.889261744966443,-5.600671140939597,-7.429530201342282,-2.325503355704698,-6.85234899328859,-1.8154362416107381,-7.409395973154362,-5.778523489932886,-1.3557046979865772,-4.285234899328859,-7.751677852348993,-7.328859060402684,-7.523489932885906,-7.067114093959732,,,-5.825503355704698,-2.2684563758389262,-7.842281879194631,-7.221476510067114,-4.214765100671141,-7.855704697986577,,-6.52013422818792,-3.9328859060402683,-7.197986577181208,-1.4161073825503356,-4.218120805369128,-7.728187919463087,-6.818791946308725,-5.671140939597316,-2.587248322147651,-6.73489932885906,-1.3322147651006713,-7.704697986577181,-7.151006711409396,-5.640939597315437,-7.010067114093959,-7.144295302013423,-1.4597315436241611,-1.9966442953020134,-1.6946308724832215,-4.281879194630872,-4.681208053691275,-7.104026845637584,-7.6610738255033555,-1.8322147651006713,-7.154362416107382,-4.130872483221476,-7.97986577181208,-7.120805369127517,-3.2013422818791946,-3.6442953020134228,,-4.4865771812080535,-7.583892617449664,-7.75503355704698,-7.0369127516778525,-2.8355704697986575,-6.926174496644295,-7.879194630872483,-2.771812080536913,-2.3221476510067114,-7.8624161073825505,-1.5033557046979866,-5.956375838926174,-1.8221476510067114,-7.748322147651007,-5.597315436241611,-7.7885906040268456,-1.9496644295302015,-2.9161073825503356,-3.9832214765100673,-1.912751677852349,-7.1879194630872485,-2.5906040268456376,-5.1610738255033555,-7.808724832214765,-2.610738255033557,-5.8389261744966445,-1.9664429530201342,-4.3120805369127515,-7.731543624161074,-1.9060402684563758,-7.9630872483221475,-7.768456375838926,-7.7114093959731544,-7.942953020134228,-7.057046979865772,-6.976510067114094,-7.899328859060403,-1.738255033557047,,-5.100671140939597,-7.7617449664429525,-6.634228187919463,-4.577181208053691,-7.063758389261745,,-7.302013422818792,-1.4664429530201342,-7.395973154362416,-3.3993288590604025,,,,-7.318791946308725,-1.167785234899329,,-7.533557046979865,-2.8657718120805367,-7.6375838926174495,-3.6476510067114094,-4.453020134228188,-5.2885906040268456,-4.050335570469799,-7.1375838926174495,-7.204697986577181,-7.567114093959732,-3.2114093959731544,-7.030201342281879,,-7.278523489932886,-7.181208053691275,,-7.174496644295302,,-5.506711409395973,-2.791946308724832,-7.0134228187919465,-7.258389261744966,-2.3859060402684564,-7.379194630872483,-1.6073825503355703,-7.134228187919463,-7.073825503355705,-7.02013422818792,-1.1241610738255035,,-2.140939597315436,-3.2416107382550337,-5.006711409395973,-1.070469798657718,,-6.902684563758389,-1.7181208053691275,-7.580536912751678,-7.35234899328859,,-2.87248322147651,,-7.741610738255034,-1.1845637583892619,-3.228187919463087,-1.540268456375839,-5.23489932885906,-7.845637583892618,-3.348993288590604,-7.3389261744966445,-7.046979865771812,,-4.043624161073826,-5.315436241610739,-7.442953020134228,-7.382550335570469,,-5.436241610738255,,-7.208053691275167,,-7.6644295302013425,-2.6879194630872485,-7.885906040268456,-7.39261744966443,-2.4563758389261743,,,-1.2315436241610738,-4.483221476510067,-4.026845637583893,-7.093959731543624,-2.7818791946308723,-7.624161073825503,-1.0402684563758389,-7.194630872483222,-7.530201342281879,-7.724832214765101,-2.708053691275168,-1.674496644295302,,-5.721476510067114,,-1.0805369127516777,-1.4932885906040267,-1.5503355704697985,-7.191275167785235,-5.469798657718121,-1.9194630872483223,,-5.489932885906041,-7.936241610738255,-7.308724832214765,-6.251677852348993,,-6.526845637583893,-7.630872483221476,,-7.26510067114094,-7.593959731543624,-7.496644295302014,-1.7013422818791946,-7.654362416107382,-7.560402684563758,,,,-7.4630872483221475,,-7.25503355704698,-1.4194630872483223,-4.543624161073826,-7.10738255033557,-6.953020134228188,-7.785234899328859,-6.557046979865772,-7.389261744966443,,-1.651006711409396,-7.3355704697986575,-7.426174496644295,,-7.24496644295302,-2.422818791946309,-7.117449664429531,-1.476510067114094,-1.1778523489932886,-7.342281879194631,-6.238255033557047,-7.224832214765101,-5.402684563758389,-7.157718120805369,,-7.298657718120805,,,-7.604026845637584,-7.375838926174497,-6.939597315436242,-2.412751677852349,-1.848993288590604,-2.023489932885906,-3.6912751677852347,,-7.114093959731544,-7.016778523489933,-4.1644295302013425,-5.969798657718121,-5.275167785234899,-7.714765100671141,-5.087248322147651,-7.570469798657718,-4.077181208053691,-6.828859060402684,-1.2483221476510067,-6.62751677852349,-3.0033557046979866,-7.909395973154362,-1.9899328859060401,-7.677852348993289,-3.9932885906040267,-7.922818791946309,-5.973154362416107,-7.89261744966443,-6.802013422818792,-5.667785234899329,-8.0,-2.0604026845637584,,-7.033557046979865,-4.946308724832215,-6.8120805369127515,-2.795302013422819,-2.9865771812080535
2024-10-16,-3.771812080536913,-3.8120805369127515,-3.3456375838926173,,-7.577181208053691,-1.5335570469798658,,-5.3624161073825505,-7.848993288590604,-7.305369127516778,-5.64765100671141,-6.7617449664429525,-5.194630872483222,-3.053691275167785,-1.0771812080536913,,,-7.939597315436242,-1.0302013422818792,-2.5436241610738257,-2.600671140939597,-4.583892617449664,-2.899328859060403,-4.359060402684563,-1.936241610738255,-1.4731543624161074,-3.530201342281879,-1.0570469798657718,-6.510067114093959,-6.778523489932886,-6.285234899328859,,,-6.822147651006711,-7.52013422818792,-5.3355704697986575,-5.399328859060403,-3.674496644295302,-4.953020134228188,,-5.758389261744966,-2.9832214765100673,-7.184563758389261,-1.25503355704698,-4.382550335570469,-6.875838926174497,-7.791946308724832,-6.281879194630872,-3.6241610738255035,-5.302013422818792,-1.395973154362416,-7.6644295302013425,-6.469798657718121,-4.865771812080537,-5.0369127516778525,-7.171140939597316,-1.5369127516778525,-1.8859060402684564,-1.9026845637583891,-7.204697986577181,-3.879194630872483,-7.157718120805369,-5.201342281879195,-2.8691275167785237,-7.39261744966443,-3.3322147651006713,-7.1375838926174495,-5.291946308724833,-2.3389261744966445,-1.7885906040268456,-3.214765100671141,-4.228187919463087,-5.540268456375839,-7.248322147651007,-6.070469798657718,-1.7684563758389262,-7.120805369127517,-5.063758389261745,-3.422818791946309,-1.6409395973154361,-7.1610738255033555,-1.2651006711409396,-4.023489932885906,-1.604026845637584,-5.167785234899329,-4.110738255033557,-1.4630872483221475,-1.3557046979865772,-7.117449664429531,-7.9865771812080535,-1.8557046979865772,-6.093959731543624,-7.238255033557047,-5.2114093959731544,-6.87248322147651,-4.241610738255034,-4.154362416107382,-1.9899328859060401,-2.2986577181208054,-5.221476510067114,-1.1140939597315436,-7.043624161073826,-7.033557046979865,-5.1644295302013425,-7.016778523489933,-1.0604026845637584,-5.9630872483221475,-5.010067114093959,-1.174496644295302,,-3.1812080536912752,-5.24496644295302,-5.090604026845638,-1.8322147651006713,-1.197986577181208,,-6.526845637583893,-1.7449664429530203,-6.714765100671141,-2.684563758389262,,,,-4.634228187919463,-1.516778523489933,,-6.6610738255033555,-1.9697986577181208,-6.916107382550336,-1.912751677852349,-3.6812080536912752,-4.503355704697986,-1.1442953020134228,-1.348993288590604,-1.3859060402684564,-7.406040268456376,-2.570469798657718,-6.10738255033557,,-5.439597315436242,-7.278523489932886,,-7.231543624161074,,-1.6140939597315436,-7.342281879194631,-5.040268456375839,-1.2751677852348993,-7.449664429530201,-1.4194630872483223,-2.6711409395973154,-5.3120805369127515,-6.218120805369128,-6.0134228187919465,-1.261744966442953,,-1.5503355704697985,-2.5805369127516777,-4.003355704697986,-1.4261744966442953,,-5.966442953020135,-2.922818791946309,-7.563758389261745,-2.1241610738255035,,-4.926174496644295,,-7.808724832214765,-7.375838926174497,-1.4161073825503356,-1.2248322147651007,-3.3691275167785237,-6.691275167785235,-1.6577181208053693,-5.493288590604027,-5.02013422818792,,-7.140939597315437,-5.483221476510067,-7.553691275167785,-4.315436241610739,,-3.6308724832214763,,-6.456375838926174,,-6.889261744966443,-2.7818791946308723,-2.959731543624161,-5.459731543624161,-3.446308724832215,,,-2.651006711409396,-7.37248322147651,-4.100671140939597,-6.271812080536913,-2.751677852348993,-1.6778523489932886,-7.097315436241611,-6.489932885906041,-6.724832214765101,-2.436241610738255,-1.9194630872483223,-2.895973154362416,,-4.909395973154362,,-1.3523489932885906,-2.795302013422819,-2.728187919463087,-7.47986577181208,-5.818791946308725,-2.9731543624161074,,-4.815436241610739,-7.97986577181208,-4.506711409395973,-4.4865771812080535,,-7.828859060402684,-6.859060402684563,,-6.432885906040268,-5.587248322147651,-6.748322147651007,-1.523489932885906,-7.295302013422819,-5.85234899328859,,,,-5.14765100671141,-7.617449664429531,-7.442953020134228,-1.7080536912751678,-1.7416107382550337,-6.251677852348993,-5.546979865771812,-6.929530201342282,-1.5906040268456376,-5.694630872483222,,-2.9060402684563758,-3.5939597315436242,-1.3187919463087248,,-6.5134228187919465,-7.322147651006711,-6.325503355704698,-2.466442953020134,-5.087248322147651,,-5.573825503355705,-6.429530201342282,-4.7382550335570475,-5.379194630872483,,-5.560402684563758,-3.7986577181208054,,-6.258389261744966,-6.701342281879195,-4.976510067114094,-3.1308724832214767,-1.1879194630872483,-4.104026845637584,-3.208053691275168,,-7.151006711409396,-6.050335570469799,-4.191275167785235,-5.942953020134228,-1.3288590604026846,-7.365771812080537,-3.2348993288590604,-6.89261744966443,-7.177852348993288,-2.134228187919463,-1.5671140939597317,-6.083892617449664,-7.006711409395973,-5.12751677852349,-1.6375838926174495,-6.073825503355705,-1.9966442953020134,-7.597315436241611,-4.067114093959732,-4.8389261744966445,-6.409395973154362,-6.654362416107382,-7.0,-1.0268456375838926,,-1.0469798657718121,-1.9463087248322148,-5.2885906040268456,-3.802013422818792,-4.993288590604027
2024-10-17,-1.825503355704698,-4.865771812080537,-1.348993288590604,,-7.6879194630872485,-1.6577181208053693,,-5.503355704697986,-6.342281879194631,-7.409395973154362,-6.899328859060403,-1.8523489932885906,-4.221476510067114,-5.0369127516778525,-3.040268456375839,,,-7.681208053691275,-1.0469798657718121,-4.590604026845638,-1.714765100671141,-1.6174496644295302,-3.9161073825503356,-1.4161073825503356,-5.9630872483221475,-4.540268456375839,-6.644295302013423,-2.0436241610738257,-6.560402684563758,-7.842281879194631,-7.453020134228188,,,-6.848993288590604,-6.64765100671141,-6.241610738255034,-7.4865771812080535,-3.8322147651006713,-3.9563758389261743,,-1.8288590604026846,-3.98993288590604,-6.24496644295302,-4.308724832214765,-2.476510067114094,-1.9194630872483223,-7.553691275167785,-7.291946308724833,-4.630872483221476,-4.37248322147651,-1.5,-6.557046979865772,-5.610738255033557,-3.912751677852349,-6.083892617449664,-6.208053691275167,-1.6375838926174495,-1.0604026845637584,-3.959731543624161,-7.248322147651007,-2.9093959731543624,-7.204697986577181,-6.228187919463087,-1.7885906040268456,-7.489932885906041,-4.459731543624161,-4.050335570469799,-6.39261744966443,-4.446308724832215,-2.761744966442953,-7.278523489932886,-6.295302013422819,-7.52013422818792,-7.238255033557047,-7.10738255033557,-2.466442953020134,-7.104026845637584,-7.063758389261745,-3.3187919463087248,-1.7550335570469797,-7.144295302013423,-1.3154362416107381,-4.023489932885906,-6.395973154362416,-4.1879194630872485,-2.11744966442953,-1.3389261744966443,-2.1610738255033555,-7.067114093959732,-1.1241610738255035,-2.325503355704698,-1.110738255033557,-7.275167785234899,-4.268456375838926,-5.8624161073825505,-6.271812080536913,-4.224832214765101,-1.9932885906040267,-6.355704697986577,-7.218120805369128,-2.097315436241611,-1.0268456375838926,-7.033557046979865,-5.167785234899329,-7.006711409395973,-2.0906040268456376,-6.157718120805369,-3.01006711409396,-1.1711409395973154,,-6.25503355704698,-1.2348993288590604,-7.120805369127517,-1.8691275167785235,-2.251677852348993,,-7.620805369127517,-7.8355704697986575,-7.795302013422819,-3.7449664429530203,,-1.7046979865771812,,-7.718120805369128,-6.6610738255033555,,-7.674496644295302,-3.9832214765100673,-5.9865771812080535,-2.953020134228188,-4.748322147651007,-7.577181208053691,-4.194630872483222,-2.426174496644295,-2.4563758389261743,-7.402684563758389,-5.701342281879195,-7.134228187919463,,-6.493288590604027,-7.382550335570469,,-7.285234899328859,,-2.640939597315436,-6.298657718120805,-6.080536912751678,-2.3322147651006713,-7.4630872483221475,-5.469798657718121,-4.671140939597316,-6.399328859060403,-6.2885906040268456,-7.016778523489933,-3.3456375838926173,,-3.6912751677852347,-4.7114093959731544,-3.0033557046979866,-2.6241610738255035,,-4.946308724832215,-3.942953020134228,-7.583892617449664,-5.154362416107382,,-2.697986577181208,,-7.60738255033557,-7.506711409395973,-3.4832214765100673,-1.2818791946308725,-7.436241610738255,-5.510067114093959,-1.7416107382550337,-6.530201342281879,-5.02013422818792,,-6.197986577181208,-6.550335570469799,-6.580536912751678,-4.322147651006711,,-7.614093959731544,,-6.546979865771812,-1.9496644295302015,-7.936241610738255,-1.6006711409395973,-4.724832214765101,-5.496644295302014,-4.432885906040268,,,-1.7818791946308725,-7.422818791946309,-7.130872483221476,-6.35234899328859,-7.429530201342282,-1.5671140939597317,-1.1275167785234899,-7.604026845637584,-7.751677852348993,-2.379194630872483,-4.939597315436242,-3.929530201342282,,-3.889261744966443,,-1.516778523489933,-1.87248322147651,-3.62751677852349,-7.563758389261745,-7.882550335570469,-3.922818791946309,,-7.875838926174497,-7.76510067114094,-3.651006711409396,-3.5939597315436242,,-7.879194630872483,-7.895973154362416,,-5.573825503355705,-7.587248322147651,-7.805369127516778,-2.5268456375838926,-7.261744966442953,-4.902684563758389,-5.885906040268456,-4.778523489932886,,-4.1644295302013425,-6.721476510067114,-7.523489932885906,-1.802013422818792,-7.771812080536913,-7.3120805369127515,-5.140939597315437,-6.926174496644295,-2.5436241610738257,-7.758389261744966,,-3.966442953020134,-3.6677852348993287,-2.3758389261744965,,-7.634228187919463,-7.3355704697986575,-7.412751677852349,-1.4395973154362416,-1.087248322147651,,-6.677852348993289,-6.5134228187919465,-6.8389261744966445,-6.473154362416107,,-7.654362416107382,-7.859060402684563,,-5.2114093959731544,-7.798657718120805,-5.932885906040268,-4.14765100671141,-2.1778523489932886,-5.1375838926174495,-6.201342281879195,,-6.191275167785235,-5.100671140939597,-6.258389261744966,-7.181208053691275,-2.4060402684563758,-7.385906040268456,-1.3624161073825503,-6.973154362416107,-7.214765100671141,-1.151006711409396,-1.6946308724832215,-6.057046979865772,-1.0134228187919463,-4.114093959731544,-3.073825503355705,-5.053691275167785,-2.9798657718120807,-7.184563758389261,-2.077181208053691,-5.328859060402684,-7.26510067114094,-7.5369127516778525,-6.0,-2.030201342281879,,-3.0704697986577183,-2.2315436241610738,-6.305369127516778,-3.533557046979866,-5.996644295302014
2024-10-18,-1.8154362416107381,-2.8557046979865772,-4.382550335570469,,-6.708053691275168,-1.6946308724832215,,-3.5671140939597317,-5.238255033557047,-6.389261744966443,-6.956375838926174,-2.87248322147651,-3.2315436241610738,-2.040268456375839,-2.0369127516778525,,,-6.35234899328859,-2.057046979865772,-7.583892617449664,-2.7248322147651005,-1.7751677852348995,-4.929530201342282,-1.4664429530201342,-3.9194630872483223,-5.577181208053691,-7.654362416107382,-3.0436241610738257,-3.5906040268456376,-3.8288590604026846,-6.530201342281879,,,-6.97986577181208,-5.671140939597316,-6.204697986577181,-5.510067114093959,-1.7718120805369129,-1.9463087248322148,-6.422818791946309,-1.8590604026845639,-3.98993288590604,-5.271812080536913,-5.328859060402684,-1.5033557046979866,-1.9429530201342282,-6.60738255033557,-6.261744966442953,-4.610738255033557,-3.4966442953020134,-3.5604026845637584,-4.557046979865772,-4.684563758389261,-7.906040268456376,-4.083892617449664,-5.214765100671141,-1.6006711409395973,-2.1140939597315436,-2.976510067114094,-6.24496644295302,-1.9228187919463087,-7.208053691275167,-3.2348993288590604,-2.7818791946308723,-6.526845637583893,-2.563758389261745,-2.0268456375838926,-3.402684563758389,-6.47986577181208,-2.6812080536912752,-7.295302013422819,-7.275167785234899,-6.5369127516778525,-6.228187919463087,-5.110738255033557,-3.348993288590604,-5.10738255033557,-6.067114093959732,-5.291946308724833,-4.778523489932886,-5.1375838926174495,-1.3758389261744965,-2.030201342281879,-6.436241610738255,-3.1879194630872485,-2.1006711409395975,-2.3187919463087248,-2.1711409395973154,-6.060402684563758,-2.11744966442953,-1.278523489932886,-2.1241610738255035,-6.308724832214765,-5.298657718120805,-4.926174496644295,-7.285234899328859,-4.25503355704698,-2.9932885906040267,-5.359060402684563,-6.221476510067114,-3.0906040268456376,-1.023489932885906,-6.053691275167785,-4.1644295302013425,-6.006711409395973,-3.087248322147651,-5.12751677852349,-3.0134228187919465,-1.1778523489932886,,-7.2885906040268456,-1.2416107382550337,-7.167785234899329,-7.8624161073825505,-3.2651006711409396,,-6.634228187919463,-7.848993288590604,-7.822147651006711,-1.7416107382550337,,-1.714765100671141,,-1.7114093959731544,-5.728187919463087,,-6.630872483221476,-3.959731543624161,-4.9865771812080535,-2.9496644295302015,-3.751677852348993,-6.6375838926174495,-4.218120805369128,-3.4395973154362416,-2.4496644295302015,-5.385906040268456,-6.73489932885906,-6.144295302013423,-7.258389261744966,-3.5067114093959733,-6.426174496644295,,-6.302013422818792,,-3.640939597315436,-5.268456375838926,-3.073825503355705,-3.3691275167785237,-6.456375838926174,-2.446308724832215,-4.651006711409396,-4.395973154362416,-4.315436241610739,-6.010067114093959,-4.365771812080537,,-3.8120805369127515,-2.721476510067114,-2.0033557046979866,-1.7919463087248322,,-3.9731543624161074,-6.885906040268456,-6.604026845637584,-4.151006711409396,,-2.5805369127516777,,-6.4865771812080535,-6.550335570469799,-4.459731543624161,-3.3389261744966445,-6.442953020134228,-4.409395973154362,-1.7483221476510067,-3.5201342281879193,-3.0167785234899327,,-4.201342281879195,-5.593959731543624,-4.587248322147651,-2.325503355704698,,-1.5536912751677852,,-5.617449664429531,-2.969798657718121,-7.953020134228188,-2.4194630872483223,-3.3053691275167787,-1.540268456375839,-5.406040268456376,,,-6.832214765100671,-6.416107382550336,-6.154362416107382,-5.399328859060403,-6.39261744966443,-3.546979865771812,-2.120805369127517,-6.674496644295302,-6.74496644295302,-3.4328859060402683,-5.909395973154362,-5.939597315436242,,-2.7885906040268456,,-1.5335570469798658,-7.916107382550336,-4.614093959731544,-6.624161073825503,-7.912751677852349,-4.493288590604027,,-7.899328859060403,-7.342281879194631,-1.7013422818791946,-2.6610738255033555,,-7.889261744966443,-6.865771812080537,,-4.697986577181208,-6.597315436241611,-5.805369127516778,-1.476510067114094,-4.248322147651007,-3.936241610738255,-2.902684563758389,-3.7550335570469797,,-4.194630872483222,-3.7684563758389262,-6.5,-1.8456375838926173,-6.758389261744966,-6.345637583892618,-4.093959731543624,-4.818791946308725,-3.5436241610738257,-2.761744966442953,,-4.966442953020135,-2.6879194630872485,-2.3557046979865772,,-6.620805369127517,-6.332214765100671,-6.483221476510067,-2.4731543624161074,-1.0771812080536913,,-5.731543624161074,-4.573825503355705,-1.8691275167785235,-2.4630872483221475,,-6.667785234899329,-7.879194630872483,-6.691275167785235,-5.2114093959731544,-6.825503355704698,-5.9630872483221475,-5.134228187919463,-1.1610738255033557,-5.130872483221476,-2.1812080536912752,,-5.184563758389261,-4.104026845637584,-7.523489932885906,-7.140939597315437,-2.453020134228188,-7.37248322147651,-2.4295302013422817,-7.895973154362416,-5.224832214765101,-1.174496644295302,-1.7046979865771812,-7.050335570469799,-3.0201342281879193,-5.097315436241611,-4.063758389261745,-4.046979865771812,-3.3120805369127515,-5.14765100671141,-4.197986577181208,-5.281879194630872,-7.251677852348993,-6.5134228187919465,-5.0,-3.033557046979866,-7.322147651006711,-2.0704697986577183,-2.1912751677852347,-4.3624161073825505,-1.4697986577181208,-6.996644295302014
2024-10-21,-3.738255033557047,-7.832214765100671,-6.422818791946309,,-5.694630872483222,-1.6610738255033557,,-2.5436241610738257,-5.157718120805369,-7.325503355704698,-6.916107382550336,-3.8288590604026846,-2.2114093959731544,-7.033557046979865,-1.0268456375838926,,,-6.228187919463087,-1.0503355704697988,-7.473154362416107,-3.721476510067114,-1.9899328859060401,-5.953020134228188,-3.4865771812080535,-1.8758389261744965,-6.516778523489933,-7.580536912751678,-6.040268456375839,-5.526845637583893,,-5.489932885906041,,,-5.9630872483221475,-6.624161073825503,-5.174496644295302,-7.436241610738255,-4.798657718120805,-2.9060402684563758,-7.419463087248322,-2.8087248322147653,-3.9932885906040267,-4.295302013422819,-6.3355704697986575,-1.523489932885906,-7.929530201342282,-4.845637583892618,-7.241610738255034,-3.563758389261745,-2.8859060402684564,-4.617449664429531,-3.6778523489932886,-3.6677852348993287,-7.7885906040268456,-7.073825503355705,-4.238255033557047,-3.533557046979866,-3.942953020134228,-1.9496644295302015,-7.24496644295302,-1.9395973154362416,-7.208053691275167,-2.2248322147651005,-1.9228187919463087,-7.453020134228188,-1.6442953020134228,-1.0302013422818792,-6.369127516778524,-2.4798657718120807,-4.583892617449664,-5.3120805369127515,-7.298657718120805,-1.4597315436241611,-5.197986577181208,-3.1040268456375837,-4.315436241610739,-7.12751677852349,-6.067114093959732,-6.35234899328859,-6.75503355704698,-1.1241610738255035,-5.399328859060403,-1.0838926174496644,-5.570469798657718,-6.184563758389261,-3.087248322147651,-1.2684563758389262,-1.261744966442953,-6.053691275167785,-3.0805369127516777,-1.3859060402684564,-2.1375838926174495,-4.3389261744966445,-6.379194630872483,-3.9563758389261743,-7.308724832214765,-4.332214765100671,-2.9832214765100673,-6.37248322147651,-3.1778523489932886,-4.14765100671141,-4.046979865771812,-5.100671140939597,-1.1543624161073827,-5.006711409395973,-4.134228187919463,-4.214765100671141,-7.016778523489933,-1.1711409395973154,,-6.322147651006711,-5.218120805369128,-7.469798657718121,-6.758389261744966,-2.2651006711409396,,-7.577181208053691,-7.778523489932886,-7.791946308724832,-2.7013422818791946,,-2.6644295302013425,,-3.674496644295302,-3.7651006711409396,,-7.476510067114094,-5.859060402684563,-4.969798657718121,-1.9026845637583891,-5.714765100671141,-5.604026845637584,-2.251677852348993,-4.409395973154362,-4.395973154362416,-4.355704697986577,-4.724832214765101,-7.117449664429531,-7.231543624161074,-2.4395973154362416,-7.426174496644295,,-4.285234899328859,,-4.610738255033557,-5.23489932885906,-5.057046979865772,-4.348993288590604,-7.406040268456376,-2.446308724832215,-3.620805369127517,-4.359060402684563,-5.2885906040268456,-5.0134228187919465,-5.412751677852349,,,-5.697986577181208,-1.0033557046979866,-1.9463087248322148,,-2.959731543624161,-7.681208053691275,-5.587248322147651,-7.110738255033557,,-7.567114093959732,,-3.3624161073825505,-5.553691275167785,-5.345637583892618,-5.614093959731544,-5.684563758389261,-3.6543624161073827,-2.7114093959731544,-6.416107382550336,-2.01006711409396,,-2.204697986577181,-7.590604026845638,-5.483221476510067,-4.275167785234899,,-2.3926174496644297,-7.704697986577181,-2.62751677852349,-7.932885906040268,-6.909395973154362,-1.302013422818792,-6.194630872483222,-7.510067114093959,-6.318791946308725,,,-7.785234899328859,-5.466442953020135,-5.151006711409396,-7.389261744966443,-7.305369127516778,-4.402684563758389,-6.097315436241611,-3.651006711409396,-4.768456375838926,-5.5134228187919465,-4.802013422818792,-5.855704697986577,,-1.691275167785235,,-3.4630872483221475,-7.889261744966443,-5.546979865771812,-7.593959731543624,-7.87248322147651,-5.281879194630872,,-7.869127516778524,-1.2583892617449663,-1.7516778523489933,-2.6577181208053693,,-6.848993288590604,-4.8355704697986575,-2.6073825503355703,-4.708053691275168,-5.573825503355705,-7.775167785234899,-1.4932885906040267,-5.1879194630872485,-2.895973154362416,-1.8825503355704698,,,-5.221476510067114,-2.8926174496644297,-5.432885906040268,-1.825503355704698,-1.7416107382550337,-7.328859060402684,-1.1140939597315436,-3.7181208053691277,-4.449664429530201,-6.731543624161074,,-5.912751677852349,,-2.365771812080537,,-6.600671140939597,-4.291946308724833,-3.4966442953020134,-2.442953020134228,-3.0604026845637584,,-3.899328859060403,-5.530201342281879,-2.8624161073825505,-3.4295302013422817,,-6.597315436241611,-7.842281879194631,-1.6342281879194631,-7.201342281879195,-5.8120805369127515,-4.97986577181208,-6.070469798657718,-2.140939597315436,-4.10738255033557,-7.130872483221476,,-4.1644295302013425,-3.0906040268456376,-7.973154362416107,-7.120805369127517,-2.5201342281879193,-7.5,-3.5604026845637584,-3.936241610738255,-7.181208053691275,-2.248322147651007,-1.7348993288590604,-7.02013422818792,-1.023489932885906,-5.144295302013423,-3.1610738255033555,-1.0369127516778525,-2.966442953020134,-7.093959731543624,-6.9865771812080535,-5.382550335570469,-1.25503355704698,-5.456375838926174,-4.0,-1.0436241610738255,-7.271812080536913,-7.063758389261745,-2.1912751677852347,-2.5503355704697985,-1.5033557046979866,-7.996644295302014
2024-10-22,-4.503355704697986,-4.533557046979865,-7.436241610738255,,-4.604026845637584,-1.5,,-1.4328859060402683,-3.1073825503355703,-4.2114093959731544,-6.822147651006711,-1.7114093959731544,-1.174496644295302,-1.0201342281879195,-1.023489932885906,,,-4.140939597315437,-2.057046979865772,-5.305369127516778,-1.6308724832214765,-1.9731543624161074,-6.899328859060403,-1.5302013422818792,-1.8120805369127517,-6.345637583892618,-7.416107382550336,-5.030201342281879,-1.3590604026845639,,-4.37248322147651,,,-4.946308724832215,-5.496644295302014,-3.164429530201342,-6.3624161073825505,-2.6812080536912752,-1.8355704697986577,-3.3557046979865772,-3.751677852348993,-6.976510067114094,-3.4731543624161074,-6.439597315436242,-1.5906040268456376,-6.832214765100671,-7.875838926174497,-7.151006711409396,-3.6711409395973154,-1.9228187919463087,-6.76510067114094,-2.879194630872483,-2.5503355704697985,-4.459731543624161,-5.090604026845638,-1.395973154362416,-3.577181208053691,-4.993288590604027,-1.8590604026845639,-7.285234899328859,-1.9194630872483223,-7.181208053691275,-1.2013422818791946,-1.9328859060402683,-5.328859060402684,-1.7919463087248322,-1.0604026845637584,-1.2684563758389262,-3.5604026845637584,-4.651006711409396,-4.298657718120805,-7.412751677852349,-1.3691275167785235,-3.1476510067114094,-1.1275167785234899,-5.5369127516778525,-6.87248322147651,-4.204697986577181,-7.869127516778524,-3.6442953020134228,-1.110738255033557,-5.617449664429531,-1.9865771812080537,-3.8657718120805367,-7.224832214765101,-4.070469798657718,-5.23489932885906,-6.949664429530201,-7.040268456375839,-4.939597315436242,-1.8624161073825505,-1.3926174496644295,-5.691275167785235,-7.805369127516778,-1.9429530201342282,-4.419463087248322,-5.912751677852349,-4.9630872483221475,-6.348993288590604,-3.1375838926174495,-7.795302013422819,-4.124161073825503,-4.902684563758389,-1.1442953020134228,-4.006711409395973,-5.228187919463087,-1.9563758389261745,-5.097315436241611,-3.1577181208053693,,-7.35234899328859,-3.1677852348993287,-4.969798657718121,-7.493288590604027,-5.25503355704698,,-6.429530201342282,-4.567114093959732,-5.6610738255033555,-1.516778523489933,,-1.4798657718120805,,-1.4899328859060403,-1.7013422818791946,,-2.2818791946308723,-4.667785234899329,-2.8926174496644297,-1.7248322147651005,-6.540268456375839,-7.469798657718121,-1.7550335570469797,-1.302013422818792,-4.275167785234899,-3.325503355704698,-1.587248322147651,-3.087248322147651,-7.130872483221476,-1.3154362416107381,-6.526845637583893,,-3.2583892617449663,,-5.563758389261745,-3.1879194630872485,-1.0369127516778525,-5.332214765100671,-3.2885906040268456,-1.4093959731543624,-7.52013422818792,-3.295302013422819,-1.2516778523489933,-5.026845637583893,-2.5838926174496644,,,-3.523489932885906,-1.0033557046979866,-1.895973154362416,,-3.929530201342282,-7.365771812080537,-4.510067114093959,-6.083892617449664,,-7.916107382550336,,-2.389261744966443,-4.600671140939597,-5.197986577181208,-6.909395973154362,-7.8389261744966445,-2.889261744966443,-4.597315436241611,-5.261744966442953,-1.0134228187919463,,-7.154362416107382,-6.553691275167785,-4.3120805369127515,-2.214765100671141,-4.855704697986577,-2.1912751677852347,-6.557046979865772,-1.5805369127516777,-1.802013422818792,-5.781879194630872,-3.1610738255033555,-7.067114093959732,-6.449664429530201,-6.218120805369128,,,,-4.7885906040268456,-1.1140939597315436,-6.291946308724833,-7.194630872483222,-1.24496644295302,-5.080536912751678,,-1.7315436241610738,-6.845637583892618,-1.4463087248322148,-4.466442953020135,,-3.4832214765100673,,-3.335570469798658,-5.771812080536913,-1.3758389261744965,-4.4630872483221475,-4.697986577181208,-6.177852348993288,-6.714765100671141,-4.677852348993289,-2.248322147651007,-7.785234899328859,-1.610738255033557,-7.614093959731544,-7.620805369127517,-1.7348993288590604,-3.7986577181208054,-2.778523489932886,-4.721476510067114,-7.62751677852349,-1.7449664429530203,-1.1174496644295302,-1.7583892617449663,,,,-5.342281879194631,-5.842281879194631,-4.308724832214765,-1.7416107382550337,-1.6241610738255035,-1.2651006711409396,-1.2718120805369129,-2.5939597315436242,-4.318791946308725,-4.543624161073826,,-5.748322147651007,,-2.4060402684563758,,-5.453020134228188,-3.221476510067114,-1.4865771812080537,-1.4228187919463087,-3.0503355704697985,,-7.815436241610739,-2.3993288590604025,-1.7181208053691275,-2.3389261744966445,,-4.442953020134228,-4.64765100671141,-2.426174496644295,-6.171140939597316,-4.674496644295302,-1.959731543624161,-7.046979865771812,-1.104026845637584,-7.077181208053691,-1.063758389261745,,-3.134228187919463,-2.0939597315436242,-1.9664429530201342,-1.1845637583892619,-2.7751677852348995,-7.828859060402684,-4.825503355704698,-2.926174496644295,-6.120805369127517,-1.9060402684563758,-5.708053691275168,-1.0100671140939597,-6.043624161073826,-3.704697986577181,-7.97986577181208,-2.0167785234899327,-1.983221476510067,-7.053691275167785,-7.989932885906041,-2.848993288590604,-5.231543624161074,-1.4026845637583891,-8.0,-2.033557046979866,-7.208053691275167,-7.073825503355705,-3.238255033557047,-2.88255033557047,-1.808724832214765,-4.996644295302014
2024-10-23,,-2.2583892617449663,-7.630872483221476,,-3.476510067114094,-1.325503355704698,,-1.395973154362416,-2.077181208053691,-7.104026845637584,-7.718120805369128,-2.37248322147651,-1.429530201342282,-1.023489932885906,-3.097315436241611,,,-1.063758389261745,-3.2818791946308723,-4.167785234899329,-2.4832214765100673,-1.959731543624161,-7.808724832214765,-1.604026845637584,-3.7348993288590604,-6.493288590604027,-6.218120805369128,-4.0369127516778525,-3.2348993288590604,,-3.261744966442953,,,-4.879194630872483,-5.348993288590604,-6.657718120805369,,-1.4429530201342282,-4.75503355704698,-1.4597315436241611,-3.563758389261745,-3.946308724832215,-3.7315436241610738,-3.7013422818791946,-1.7080536912751678,-5.748322147651007,-6.802013422818792,-5.10738255033557,-2.6912751677852347,-1.8523489932885906,-7.651006711409396,-4.825503355704698,-1.4630872483221475,-7.174496644295302,-1.2751677852348993,-1.8154362416107381,-3.6375838926174495,-1.9966442953020134,-7.724832214765101,-1.7114093959731544,-1.8758389261744965,-6.614093959731544,-1.7416107382550337,-7.885906040268456,-1.2315436241610738,-2.684563758389262,-1.936241610738255,-7.228187919463087,-7.640939597315437,-6.593959731543624,-3.6073825503355703,-7.704697986577181,-1.3657718120805369,-2.2550335570469797,-1.697986577181208,-6.768456375838926,-5.926174496644295,-2.942953020134228,-7.865771812080537,,-1.5536912751677852,-6.6644295302013425,-1.9899328859060401,-1.8456375838926173,-1.674496644295302,-1.0503355704697988,-5.268456375838926,-1.9496644295302015,-6.681208053691275,-5.956375838926174,-1.8993288590604027,-5.902684563758389,-2.7751677852348995,-7.795302013422819,-3.88255033557047,-4.7382550335570475,-6.822147651006711,-7.922818791946309,-7.654362416107382,-4.083892617449664,-6.929530201342282,-3.9630872483221475,-3.9731543624161074,-1.6208053691275168,-1.0067114093959733,-6.909395973154362,-1.9697986577181208,-3.966442953020134,-1.6778523489932886,,-4.52013422818792,-3.221476510067114,-2.976510067114094,-4.194630872483222,-6.510067114093959,-1.4060402684563758,-7.3389261744966445,-4.238255033557047,-7.375838926174497,-1.342281879194631,,-4.285234899328859,,-3.278523489932886,-1.5268456375838926,,-6.114093959731544,-4.540268456375839,-2.6241610738255035,-1.5,-2.3221476510067114,-7.355704697986577,-5.842281879194631,-2.4496644295302015,-2.164429530201342,-2.597315436241611,-2.3859060402684564,-1.0536912751677852,-6.067114093959732,-1.2248322147651007,-3.6677852348993287,,-4.332214765100671,,-6.617449664429531,-6.154362416107382,-1.0268456375838926,-6.567114093959732,-5.184563758389261,-7.4865771812080535,-6.557046979865772,-1.3590604026845639,-1.2516778523489933,-1.8322147651006713,-6.7885906040268456,,,-2.315436241610738,-1.0033557046979866,-2.778523489932886,,-2.848993288590604,-6.1610738255033555,-3.546979865771812,-5.060402684563758,,-5.89261744966443,,-4.573825503355705,-3.6711409395973154,-4.087248322147651,-1.8624161073825505,-6.791946308724832,-1.8557046979865772,-5.399328859060403,-1.1476510067114094,-1.0201342281879195,,-7.157718120805369,-7.590604026845638,-1.151006711409396,-1.1879194630872483,-2.8389261744966445,-1.0738255033557047,-5.439597315436242,-2.5167785234899327,-1.5503355704697985,-3.469798657718121,-5.046979865771812,-1.016778523489933,-5.496644295302014,-7.130872483221476,,,,-3.8053691275167782,-1.1174496644295302,-1.2651006711409396,-6.124161073825503,-2.0906040268456376,-6.080536912751678,,-2.570469798657718,-6.785234899328859,-2.1812080536912752,-7.1375838926174495,,-2.4194630872483223,,-5.134228187919463,-4.473154362416107,-2.2013422818791946,-2.4328859060402683,,-7.093959731543624,-4.506711409395973,-7.2885906040268456,-3.587248322147651,-6.600671140939597,-1.4899328859060403,-6.422818791946309,-7.241610738255034,-2.453020134228188,-6.76510067114094,-1.6442953020134228,-3.728187919463087,-6.402684563758389,-1.721476510067114,-1.0570469798657718,-1.4261744966442953,,,-7.6610738255033555,-5.781879194630872,-1.761744966442953,-5.171140939597316,-2.530201342281879,-1.4664429530201342,-1.2046979865771812,-3.9060402684563758,-1.5604026845637584,-1.2483221476510067,-1.3187919463087248,,-5.291946308724833,,-2.7583892617449663,,-7.305369127516778,-2.197986577181208,-2.577181208053691,-5.47986577181208,-1.0436241610738255,,-7.694630872483222,-1.2986577181208054,-4.446308724832215,-7.3624161073825505,,-4.24496644295302,-4.302013422818792,-2.2114093959731544,-6.416107382550336,-3.3691275167785237,-7.932885906040268,-7.030201342281879,-1.110738255033557,-6.580536912751678,-1.0402684563758389,,-2.3087248322147653,-1.1442953020134228,-2.953020134228188,-2.87248322147651,-7.751677852348993,-7.828859060402684,-6.8355704697986575,-1.912751677852349,-2.0704697986577183,-1.9161073825503356,-6.5134228187919465,-2.01006711409396,-7.714765100671141,-6.919463087248322,-7.983221476510067,-1.0134228187919463,-1.9798657718120807,-1.0335570469798658,-7.9865771812080535,-1.8691275167785235,-2.6342281879194633,-2.610738255033557,-7.0,-3.120805369127517,-7.798657718120805,-6.140939597315437,-1.8187919463087248,-1.8120805369127517,-1.889261744966443,-1.9932885906040267
2024-10-24,,-7.173333333333334,-7.6466666666666665,,-3.39,-1.2533333333333334,,-2.38,-2.236666666666667,-6.08,-7.63,-1.1966666666666668,-1.6099999999999999,-2.4833333333333334,-4.85,,-7.553333333333334,-6.05,-4.82,-4.163333333333333,-3.3733333333333335,-1.9466666666666668,-7.723333333333334,-7.52,-5.656666666666666,-7.47,-7.176666666666667,-4.763333333333334,-1.3266666666666667,,-4.246666666666667,-3.71,-1.55,-7.796666666666667,-4.306666666666667,-1.78,,-2.4033333333333333,-4.6066666666666665,-1.5133333333333332,-3.49,-1.9166666666666665,-3.7333333333333334,-4.666666666666667,-1.72,-5.6433333333333335,-7.6866666666666665,-4.043333333333333,-2.66,-1.7733333333333334,-7.546666666666667,-6.783333333333333,-1.4166666666666667,-6.116666666666666,-2.68,-1.8533333333333335,-1.5733333333333333,-2.9966666666666666,-7.593333333333334,-2.7533333333333334,-1.8633333333333333,-6.6899999999999995,-2.7766666666666664,-7.806666666666667,-7.333333333333333,-3.57,-3.9733333333333336,-1.4466666666666668,-4.596666666666667,-6.58,-4.623333333333333,-3.7133333333333334,-3.35,-2.6133333333333333,-1.8033333333333332,-7.746666666666667,-1.9066666666666667,-1.9633333333333334,-5.86,,-3.6833333333333336,-7.566666666666666,-1.99,-1.7933333333333334,-1.7433333333333332,-2.066666666666667,-6.59,-1.95,-5.843333333333334,-5.926666666666667,-2.8866666666666667,-5.93,-7.726666666666667,-7.79,-2.8266666666666667,-6.703333333333333,-5.673333333333334,-1.8566666666666667,-7.626666666666667,-7.083333333333333,-5.92,-6.966666666666667,-2.9833333333333334,-1.77,-2.5833333333333335,-7.913333333333333,-1.97,-1.9533333333333334,-2.716666666666667,,-7.473333333333334,-4.443333333333333,-1.9766666666666666,-3.1233333333333335,-7.576666666666666,-1.2933333333333334,-6.3966666666666665,-7.13,-4.263333333333334,-7.303333333333334,,,-2.1433333333333335,-6.183333333333334,-4.42,,-7.056666666666667,-7.463333333333333,-3.1266666666666665,-7.423333333333334,-5.216666666666667,-7.266666666666667,-1.8466666666666667,-4.53,-5.21,-7.616666666666667,-1.3133333333333335,-1.09,-6.033333333333333,-3.34,-2.62,,-7.51,,-7.6033333333333335,-5.0633333333333335,-2.0166666666666666,-7.5600000000000005,-7.2,-7.44,-7.496666666666667,-2.4366666666666665,-2.466666666666667,-2.96,-7.87,,,-7.27,-5.003333333333333,-3.64,,-1.73,-7.1033333333333335,-2.5166666666666666,-5.1,,-7.876666666666667,,-4.503333333333333,-1.6533333333333333,-7.053333333333334,-2.8666666666666667,-1.7666666666666666,-1.8133333333333335,,-2.1366666666666667,-3.76,,-6.476666666666667,-7.523333333333333,-7.113333333333333,-2.4333333333333336,-5.8100000000000005,-5.03,-6.363333333333333,-1.4266666666666667,-1.3599999999999999,-2.26,-1.0233333333333334,-2.006666666666667,-6.43,-7.1466666666666665,,,,-4.833333333333333,-1.6366666666666667,-1.31,-5.086666666666667,-2.04,-5.37,,-6.453333333333333,-5.7,-1.1566666666666667,-6.07,,-2.3933333333333335,,-2.0933333333333333,-1.29,-3.14,-2.413333333333333,,-7.283333333333333,-1.3766666666666667,-5.15,-4.633333333333333,-6.486666666666666,-3.3533333333333335,-6.316666666666666,-6.12,-1.3466666666666667,-7.696666666666666,-3.5266666666666664,-2.6933333333333334,-6.3,-4.67,-1.0733333333333333,-1.2233333333333334,,,-6.5633333333333335,-6.84,,-4.1866666666666665,-3.3566666666666665,-1.3666666666666667,-2.2133333333333334,-1.9233333333333333,-3.506666666666667,-2.2800000000000002,-5.233333333333333,,-3.11,,-2.836666666666667,,-7.24,-3.4566666666666666,-1.41,-6.386666666666667,-2.1533333333333333,,-7.543333333333333,-7.23,,-3.46,,-5.19,-3.17,-4.166666666666667,-4.533333333333333,-2.243333333333333,-6.903333333333333,-7.02,-1.54,-5.9,,,-6.706666666666667,-1.8,-3.94,-3.8933333333333335,-6.676666666666667,-7.816666666666666,-3.8233333333333333,-1.9366666666666665,-2.0766666666666667,-1.9100000000000001,-7.383333333333334,-3.01,-7.786666666666667,-7.933333333333334,-6.986666666666666,-2.013333333333333,-2.9566666666666666,-4.036666666666667,-6.98,-1.8733333333333333,-5.286666666666667,-3.6,-6.0,-4.88,-7.8966666666666665,-7.663333333333333,-1.83,-2.736666666666667,-2.89,-2.993333333333333
2024-10-25,,-6.11,-7.6,,-1.3866666666666667,-4.233333333333333,,-1.44,-7.583333333333333,-5.066666666666666,-7.633333333333333,-2.1466666666666665,-1.6400000000000001,-1.8199999999999998,-5.923333333333334,,-4.57,-7.073333333333333,-5.843333333333334,-2.2866666666666666,-5.363333333333333,-1.92,-7.62,-6.486666666666666,-4.506666666666667,-7.543333333333333,-7.253333333333333,-4.9,-1.4,,-1.2633333333333332,-7.67,-1.6666666666666665,-7.683333333333334,-7.276666666666666,-2.8033333333333332,,-2.31,-5.46,-1.5333333333333332,,-1.8166666666666667,-3.7533333333333334,-5.6866666666666665,-1.7666666666666666,-1.6033333333333335,-7.456666666666667,-3.0166666666666666,-1.6933333333333334,-1.6766666666666667,-5.433333333333334,-7.733333333333333,-1.4033333333333333,-5.136666666666667,-3.7766666666666664,-1.8566666666666667,-1.6566666666666667,-1.9933333333333332,-7.48,-1.7366666666666668,-1.88,-6.786666666666667,-1.8333333333333335,-7.61,-6.426666666666667,-3.49,-3.9766666666666666,-1.58,-1.6066666666666667,-5.616666666666667,-4.716666666666667,-4.71,-4.3966666666666665,-1.7633333333333332,-2.8833333333333333,-7.7,-7.8533333333333335,-2.9733333333333336,-7.83,,-4.8100000000000005,-6.55,-1.9866666666666668,-1.7566666666666668,-2.7266666666666666,-3.18,-4.6466666666666665,-1.9333333333333333,-4.873333333333333,-7.78,-2.87,-6.946666666666666,-6.72,-7.806666666666667,-5.746666666666667,-7.713333333333333,-3.3433333333333333,-1.53,-6.613333333333333,-4.0633333333333335,-5.85,-4.97,-1.9833333333333334,-1.8133333333333335,-3.96,-7.93,-2.9266666666666667,-1.9366666666666665,-1.77,,-2.5233333333333334,-4.513333333333334,-2.966666666666667,-7.1033333333333335,-7.593333333333334,-1.2566666666666666,-5.43,-6.09,-7.216666666666667,-7.293333333333333,,,-3.1166666666666667,-7.133333333333334,-7.3566666666666665,,-2.04,-1.4733333333333334,-1.0466666666666666,-5.37,-2.16,-6.24,-3.8266666666666667,-4.63,-1.3666666666666667,-5.68,-1.32,-1.27,-4.026666666666666,-3.466666666666667,-1.5966666666666667,,-6.566666666666666,,-7.623333333333333,-5.01,-1.03,-7.54,-6.156666666666666,-6.383333333333334,-6.45,-3.4699999999999998,-1.4933333333333334,-2.95,-7.913333333333333,,,-6.283333333333333,-3.9966666666666666,-4.373333333333333,,-7.526666666666666,-5.203333333333333,-1.5,-3.5166666666666666,,-7.89,-4.036666666666667,-6.453333333333333,-1.7033333333333334,-7.056666666666667,-3.8666666666666667,-1.69,-1.6733333333333333,,-3.2133333333333334,-2.8966666666666665,,-5.476666666666667,-6.553333333333334,-6.1,-1.5033333333333334,-1.76,-6.023333333333333,-3.38,-1.35,-3.296666666666667,-1.1133333333333333,-2.02,-7.003333333333333,-3.3933333333333335,-6.413333333333333,,,,-2.86,-4.74,-1.3900000000000001,-4.053333333333334,-4.033333333333333,-4.586666666666667,,-3.42,-4.626666666666667,-2.0833333333333335,-5.05,,-1.3533333333333333,,-5.076666666666666,-4.2,-4.1433333333333335,-2.4433333333333334,,-1.5466666666666666,-6.333333333333333,-6.1066666666666665,-5.6433333333333335,-5.41,-3.33,,-6.093333333333334,-3.243333333333333,-7.696666666666666,-6.51,-1.7433333333333332,-4.25,-7.65,-1.4066666666666667,-2.1533333333333333,,,-5.52,-7.863333333333333,,-2.183333333333333,-5.306666666666667,-3.3233333333333333,-3.2733333333333334,-2.9066666666666667,-2.4833333333333334,-1.34,-7.206666666666667,,-7.07,,-1.9033333333333333,,-7.173333333333334,-3.5733333333333333,-1.3266666666666667,-1.3599999999999999,-3.6366666666666667,,-7.26,-6.29,,-1.4633333333333334,,-3.15,-3.12,-2.13,-3.59,-2.19,-6.79,-7.08,-1.73,-4.963333333333333,,,-4.783333333333333,-1.8766666666666667,-4.91,-3.8233333333333333,-5.723333333333334,-7.8,-4.846666666666667,-1.9566666666666666,-2.22,-1.8366666666666667,-7.223333333333334,-4.66,-7.773333333333333,-7.8933333333333335,-5.98,-3.006666666666667,-3.7933333333333334,-1.4233333333333333,-6.5600000000000005,-1.8399999999999999,-7.013333333333334,-4.653333333333333,-5.0,-5.943333333333333,-6.953333333333333,-4.706666666666667,-1.75,-2.5766666666666667,-1.9166666666666665,-1.99
2024-10-28,,-5.233333333333333,-7.676666666666667,,-3.44,-5.3,,-4.53,-6.496666666666667,-4.203333333333333,-7.6466666666666665,-2.1866666666666665,-1.6966666666666668,-1.9066666666666667,-6.956666666666667,,-7.5600000000000005,-7.083333333333333,-6.8966666666666665,-1.4466666666666668,-7.403333333333333,-1.8666666666666667,-7.61,-6.473333333333334,-7.126666666666667,-4.626666666666667,-3.37,-3.95,-1.5066666666666668,,-2.22,-7.67,-2.736666666666667,-6.623333333333333,-6.31,-3.7533333333333334,,-2.3433333333333333,-7.1,-1.6,,-2.58,-1.76,-6.73,-1.8333333333333335,-2.5566666666666666,-6.346666666666667,-6.03,-4.72,,-5.41,-7.663333333333333,-1.45,-4.366666666666666,-4.79,-2.8433333333333333,-5.673333333333334,-2.9433333333333334,-5.386666666666667,-3.7233333333333336,-1.8833333333333333,-7.83,-4.873333333333333,-7.086666666666667,-6.533333333333333,-1.43,-5.963333333333333,-3.69,-2.6533333333333333,-7.633333333333333,-7.77,-4.703333333333333,-1.4166666666666667,-1.8366666666666667,-3.9233333333333333,-7.59,-6.036666666666667,-3.9466666666666668,-7.776666666666666,,-5.876666666666667,-1.5533333333333332,-1.97,-1.7433333333333332,-4.503333333333333,-4.423333333333334,-2.7066666666666666,-5.87,-3.89,-7.006666666666667,-5.826666666666666,-4.953333333333333,-5.733333333333333,-7.793333333333333,-6.656666666666666,-7.746666666666667,-1.0933333333333333,-7.02,-4.616666666666667,-7.363333333333333,-6.68,-7.973333333333334,-1.9933333333333332,-1.8599999999999999,-4.986666666666666,-7.913333333333333,-3.8133333333333335,-1.92,-3.8233333333333333,,-1.47,-1.5933333333333333,-4.96,-6.16,-6.666666666666667,-2.3133333333333335,-4.46,-5.123333333333333,-6.26,-7.316666666666666,,,-4.13,-7.156666666666666,-6.406666666666666,,-2.066666666666667,-2.34,-1.0433333333333334,-4.376666666666667,-3.243333333333333,-4.303333333333334,-7.796666666666667,-7.713333333333333,-1.4633333333333334,-4.75,-3.3933333333333335,-1.4133333333333333,-1.05,-3.6066666666666665,-2.5733333333333333,,-5.64,,-7.596666666666667,-1.0133333333333334,-1.15,-6.443333333333333,-6.17,-4.453333333333333,-3.54,-4.523333333333333,-1.5766666666666667,-3.9333333333333336,-7.9366666666666665,,,-5.36,-2.9966666666666666,-5.056666666666667,,-6.14,-4.543333333333333,-1.5666666666666667,-2.6933333333333334,,-7.82,-5.046666666666667,-7.096666666666667,-1.7833333333333332,-7.113333333333333,-4.9,-1.65,-1.5833333333333335,,-4.24,-1.94,,-5.536666666666667,-7.57,-6.1066666666666665,-1.5866666666666667,-1.7866666666666666,-7.04,-7.4366666666666665,-1.3733333333333333,-5.27,-1.12,-3.033333333333333,-7.003333333333333,-7.38,-4.526666666666666,,,,-5.88,-4.8,-7.476666666666667,-4.07,-4.053333333333334,-4.466666666666667,,-1.4333333333333333,-7.456666666666667,-3.18,-4.06,,-2.35,,-1.11,-4.213333333333333,-1.2833333333333332,-7.51,,-2.6133333333333333,-6.32,-6.1466666666666665,-7.55,-4.426666666666667,-1.3566666666666667,,-4.1433333333333335,-1.2466666666666666,-7.7,-7.49,-1.7666666666666666,-2.296666666666667,-7.5633333333333335,-1.4833333333333334,-4.176666666666667,,,-4.486666666666666,-7.8566666666666665,,-2.29,-2.276666666666667,-7.326666666666666,-4.336666666666667,-3.63,-1.5166666666666666,-1.4,-5.256666666666667,,-7.08,,-7.93,,-7.19,-6.66,-6.253333333333333,-2.39,-4.756666666666667,,-7.09,-5.383333333333334,,-7.48,,-1.1366666666666667,-4.173333333333334,-2.236666666666667,-2.6433333333333335,-3.2066666666666666,-7.6866666666666665,-7.6033333333333335,-7.806666666666667,-5.983333333333333,,,-3.8033333333333332,-1.8866666666666667,-4.903333333333333,-5.726666666666667,-4.78,-5.8100000000000005,-7.863333333333333,-1.9766666666666666,-1.5,-2.8466666666666667,-7.153333333333333,-5.91,-5.773333333333333,-7.85,-4.926666666666667,-4.01,-4.026666666666666,-1.7633333333333332,-4.023333333333333,-2.8166666666666664,-3.0166666666666666,-5.71,-4.0,-6.966666666666667,-5.98,-7.74,-2.716666666666667,-1.3966666666666667,-1.9166666666666665,-7.99
2024-10-29,,-2.3066666666666666,-6.723333333333334,,-6.526666666666666,-5.3533333333333335,,-5.596666666666667,-1.1533333333333333,-3.3466666666666667,-7.733333333333333,-4.273333333333333,-1.6933333333333334,-1.9333333333333333,-7.9366666666666665,,-7.536666666666667,-3.09,-7.943333333333333,-2.5233333333333334,-7.45,-1.79,-7.52,-1.47,-7.056666666666667,-5.66,-5.49,-7.97,-3.6033333333333335,,-3.1366666666666667,-6.72,-4.746666666666667,-5.65,-5.366666666666666,-4.6,,-2.44,-7.053333333333334,-2.67,,-2.0933333333333333,-7.75,-7.74,-1.8733333333333333,-2.5033333333333334,-6.123333333333333,-7.036666666666667,-5.716666666666667,,-5.3966666666666665,-6.59,-1.5466666666666666,-4.573333333333333,-5.8,-3.8166666666666664,-7.653333333333333,-3.2866666666666666,-4.38,-5.713333333333333,-2.8866666666666667,-7.86,-5.883333333333333,-4.04,-5.6066666666666665,-5.513333333333334,-7.93,-4.7,-6.673333333333334,-7.666666666666667,-7.82,-5.636666666666667,-1.4566666666666666,-1.8766666666666667,-4.956666666666667,-7.246666666666667,-5.02,-4.92,-7.773333333333333,,-7.9,-2.5566666666666666,-5.91,-4.696666666666666,-5.066666666666666,-5.55,-3.73,-3.8666666666666667,-2.7533333333333334,-7.003333333333333,-6.743333333333333,-4.953333333333333,-4.783333333333333,-7.8133333333333335,-5.543333333333333,-7.736666666666666,-1.2066666666666666,-5.016666666666667,-5.566666666666666,-7.58,-4.0633333333333335,-7.96,-1.9933333333333332,-4.89,-5.983333333333333,-7.83,-5.28,-3.9066666666666667,-7.836666666666667,,-1.06,-3.6466666666666665,-1.94,-5.236666666666666,-7.68,-4.413333333333333,-3.533333333333333,-4.203333333333333,-7.336666666666667,-7.383333333333334,,,-7.163333333333333,-7.19,-7.46,,-3.1466666666666665,-2.1666666666666665,-2.0733333333333333,-4.406666666666666,-5.31,-6.423333333333334,-7.78,-7.763333333333334,-2.5533333333333332,-3.7933333333333334,-6.493333333333333,-2.2666666666666666,-7.086666666666667,-4.703333333333333,-3.62,,-4.706666666666667,-5.343333333333334,-7.48,-7.033333333333333,-3.1,-7.33,-6.173333333333334,-4.496666666666667,-6.57,-5.63,-3.61,-5.926666666666667,-7.963333333333333,,,-7.426666666666667,-3.9966666666666666,-6.046666666666667,,-5.14,-7.676666666666667,-1.6433333333333333,-2.69,,-1.6833333333333333,-6.083333333333333,-5.076666666666666,-2.85,-6.196666666666666,-5.946666666666666,-2.623333333333333,-1.1333333333333333,,-6.243333333333333,-1.9733333333333334,,-6.53,-7.613333333333333,-4.1433333333333335,-2.626666666666667,-7.756666666666667,-6.07,-7.506666666666667,-2.4166666666666665,-6.376666666666667,-1.1566666666666667,-1.05,-6.006666666666667,-6.386666666666667,-5.593333333333334,,,,-7.88,-1.8533333333333335,-6.54,-3.1066666666666665,-7.116666666666666,-3.0433333333333334,,-2.4766666666666666,-6.32,-4.3133333333333335,-3.12,,-3.2933333333333334,,-2.263333333333333,-4.276666666666666,-2.39,-6.586666666666667,,-3.6566666666666667,-7.36,-1.2333333333333334,-7.373333333333333,-7.483333333333333,-3.4433333333333334,,-1.2233333333333334,-6.23,-6.633333333333333,-7.43,-2.77,-1.3633333333333333,-5.3,-3.4366666666666665,-1.2266666666666666,,,-7.473333333333334,-7.87,,-1.34,-6.303333333333334,-6.41,-5.4,-4.01,-1.4666666666666668,-2.4466666666666668,,,-6.126666666666667,,-7.966666666666667,-2.35,-7.2,-7.6866666666666665,-7.1866666666666665,-5.433333333333334,-5.786666666666667,,-4.096666666666667,-5.516666666666667,,-7.5,,-1.18,-1.27,-7.333333333333333,-2.64,-7.256666666666667,-6.776666666666666,-7.76,-6.8933333333333335,-1.9866666666666668,,,-3.7666666666666666,-1.8966666666666665,-5.913333333333333,-6.5633333333333335,-3.8433333333333333,-7.826666666666666,-7.863333333333333,-2.99,-1.6166666666666667,-3.8466666666666667,-6.16,-6.923333333333334,-4.823333333333333,-6.8100000000000005,-3.9033333333333333,-5.026666666666666,-5.03,-2.8066666666666666,-4.013333333333334,-7.803333333333334,-6.023333333333333,-6.726666666666667,-3.0,-7.976666666666667,-4.98,-6.71,-1.56,-4.113333333333333,-4.916666666666667,-6.95
2024-10-30,,-1.46,-7.556666666666667,-3.586666666666667,-5.65,-5.426666666666667,,-2.6566666666666667,-2.06,-2.49,-7.8100000000000005,-3.3633333333333333,-1.75,-1.94,-7.91,,-6.5,-5.086666666666667,-7.943333333333333,-3.513333333333333,-7.583333333333333,-1.4966666666666666,-7.42,-1.48,-7.066666666666666,-7.726666666666667,-6.61,-4.963333333333333,-1.6933333333333334,,-4.336666666666667,-4.763333333333334,-6.76,-4.783333333333333,-4.3566666666666665,-7.1,,-2.5300000000000002,-1.0733333333333333,-1.7033333333333334,,-1.05,-6.716666666666667,-5.773333333333333,-1.8933333333333333,-4.303333333333334,-4.493333333333333,-1.0833333333333333,-1.71,,-5.373333333333333,-4.596666666666667,-1.6133333333333333,-2.7233333333333336,-7.753333333333333,-6.766666666666667,-1.77,-4.026666666666666,-2.5033333333333334,-6.64,-3.9,-7.87,-7.883333333333333,-2.0566666666666666,-3.6666666666666665,-1.5699999999999998,-6.906666666666666,-1.73,-7.68,-1.6866666666666665,-5.8533333333333335,-4.663333333333333,-7.52,-1.9133333333333333,-5.993333333333333,-7.253333333333333,-4.013333333333334,-5.916666666666667,-7.746666666666667,,-6.923333333333334,-3.56,-6.743333333333333,-6.63,-6.043333333333333,-4.376666666666667,-5.676666666666667,-6.806666666666667,-1.2366666666666666,-7.003333333333333,-6.51,-6.933333333333334,-3.8133333333333335,-2.8033333333333332,-3.3833333333333333,-7.72,-1.4466666666666668,-4.02,-7.5633333333333335,-7.683333333333334,-7.033333333333333,-7.946666666666666,-1.99,-4.903333333333333,-6.956666666666667,-7.13,-6.016666666666667,-2.953333333333333,-7.833333333333333,,-1.0533333333333332,-1.69,-7.9366666666666665,-3.31,-7.696666666666666,-4.533333333333333,-2.546666666666667,-3.296666666666667,-7.3966666666666665,-7.413333333333333,,,-7.193333333333333,-7.246666666666667,-5.566666666666666,,-3.37,-4.116666666666666,-3.14,-3.4766666666666666,-7.39,-5.543333333333333,-6.776666666666666,-7.82,-1.6233333333333333,-2.84,-7.59,-5.136666666666667,-5.163333333333333,-4.786666666666667,-4.7,,-3.7933333333333334,-7.416666666666667,-7.19,-6.046666666666667,-1.1033333333333333,-7.21,-6.183333333333334,-4.34,-1.5933333333333333,-6.733333333333333,-1.62,-2.89,-6.98,,,-4.523333333333333,-1.96,-7.07,,-4.156666666666666,-6.823333333333333,-2.736666666666667,-1.4866666666666668,-3.473333333333333,-4.11,-7.153333333333333,-6.076666666666666,-1.8966666666666665,-5.256666666666667,-6.97,-3.6333333333333333,-1.1466666666666667,,-7.203333333333333,-4.986666666666666,,-3.18,-7.66,-3.1966666666666668,-1.6533333333333333,-2.7800000000000002,-7.126666666666667,-7.553333333333334,-1.47,-7.443333333333333,-2.1866666666666665,-2.0633333333333335,-5.023333333333333,-5.403333333333333,-7.6433333333333335,,,,-2.88,-1.8766666666666667,-4.54,,-7.15,-1.04,,-2.5366666666666666,-2.243333333333333,-7.576666666666666,,,-4.29,,-3.2933333333333334,-7.326666666666666,-3.506666666666667,-4.6466666666666665,,-4.406666666666666,-6.386666666666667,-3.3133333333333335,-7.133333333333334,-6.6033333333333335,-1.55,,-2.32,-7.17,-7.35,-4.223333333333334,-1.8,-1.4633333333333334,-6.113333333333333,-4.266666666666667,-2.2866666666666666,,,-6.516666666666667,-7.83,,-1.33,-1.4,-5.526666666666666,-6.43,-5.006666666666667,-1.4833333333333334,-3.4366666666666665,,,-7.226666666666667,,-7.983333333333333,-1.45,-7.26,-3.74,-7.213333333333333,-7.44,-5.79,,-5.123333333333333,-3.6166666666666667,,-7.433333333333334,,-2.23,-3.36,-6.453333333333333,-3.6066666666666665,-7.306666666666667,-5.873333333333333,-7.836666666666667,-6.92,-2.9766666666666666,,,-2.1766666666666667,-1.8166666666666667,-1.9266666666666667,-7.093333333333334,-2.8866666666666667,-1.85,-6.866666666666667,-5.996666666666667,-3.5733333333333333,-5.843333333333334,-3.2066666666666666,-6.95,-3.3666666666666667,-6.713333333333333,-2.8566666666666665,-6.09,-6.036666666666667,-1.8599999999999999,-7.01,-6.67,-6.03,-7.756666666666667,-2.0,-7.966666666666667,-3.9733333333333336,-5.636666666666667,-2.1066666666666665,-6.08,,-5.796666666666667
2024-10-31,,-1.6366666666666667,-5.303333333333334,-4.723333333333334,-1.8066666666666666,-4.566666666666666,,-7.616666666666667,-3.066666666666667,-1.5766666666666667,-7.846666666666667,-4.546666666666667,-2.7766666666666664,-7.943333333333333,-7.68,,-4.43,-5.086666666666667,-6.96,-7.463333333333333,-7.706666666666667,-3.1233333333333335,-7.36,-2.5933333333333333,-6.1433333333333335,-6.763333333333334,-7.666666666666667,-1.97,-2.7666666666666666,,-5.57,-3.836666666666667,-7.573333333333333,-3.9166666666666665,-7.38,-7.1,,-4.6899999999999995,-2.1366666666666667,-1.7533333333333334,,-7.053333333333334,-5.366666666666666,-6.803333333333334,-1.9233333333333333,-5.256666666666667,-5.713333333333333,-1.2533333333333334,-2.743333333333333,,-4.45,-5.586666666666667,-2.6766666666666667,-1.8199999999999998,-6.093333333333334,-7.3,-5.83,-5.03,-1.53,-7.3566666666666665,-4.93,-6.88,-6.866666666666667,-3.1033333333333335,-7.74,-2.44,-6.04,-4.6,-7.656666666666666,-1.7366666666666668,-4.876666666666667,-6.716666666666667,-7.55,-1.92,-6.993333333333333,-7.203333333333333,-3.0166666666666666,-6.946666666666666,-6.816666666666666,,-5.9366666666666665,-4.47,-5.903333333333333,-7.703333333333333,-5.043333333333333,-7.15,-2.5266666666666664,-6.403333333333333,-1.0733333333333333,-6.003333333333333,-4.19,-7.66,-1.8266666666666667,-1.71,-7.31,-6.51,-1.6133333333333333,-6.026666666666666,-7.5,-7.59,-4.023333333333333,-1.2266666666666666,-1.9766666666666666,-7.9,-7.61,-7.05,-6.013333333333334,-7.95,-6.72,,-2.06,-2.4366666666666665,-6.873333333333333,-3.3866666666666667,-7.6466666666666665,-4.63,-1.5966666666666667,-2.41,-7.483333333333333,-7.456666666666667,,,-7.26,-7.326666666666666,-3.6833333333333336,-6.693333333333333,-2.7333333333333334,-5.13,-3.3066666666666666,-3.6066666666666665,-7.506666666666667,-3.6966666666666668,-6.8,-7.833333333333333,-4.556666666666667,-1.87,-7.7,-2.1333333333333333,-6.153333333333333,-7.823333333333333,-5.793333333333333,,-5.8533333333333335,-2.5166666666666666,-7.176666666666667,-7.076666666666666,-2.1066666666666665,-7.24,-7.246666666666667,-6.243333333333333,-1.6033333333333335,-7.756666666666667,-4.48,-7.4,-5.98,-2.9066666666666667,,-3.6333333333333333,-5.01,-7.12,,-3.3333333333333335,-5.883333333333333,-3.7733333333333334,-1.1733333333333333,-3.626666666666667,-4.08,-7.276666666666666,-5.11,-1.94,-4.25,-7.99,-5.216666666666667,-1.1566666666666667,,-7.223333333333334,-3.986666666666667,,-2.14,-6.746666666666667,-4.286666666666667,-2.81,,-7.273333333333333,-6.64,-2.56,-7.523333333333333,-1.2666666666666666,-3.1133333333333333,-4.083333333333333,-4.486666666666666,-7.663333333333333,-5.22,,,-7.89,-1.9133333333333333,-4.536666666666667,,-7.1866666666666665,-2.0366666666666666,,-4.54,-4.166666666666667,-7.79,,,-4.316666666666666,,-3.3533333333333335,-7.416666666666667,-4.65,-4.6433333333333335,,-4.18,-5.433333333333334,-3.4066666666666667,-6.16,-5.77,-5.673333333333334,,-1.4533333333333334,-1.2066666666666666,-4.163333333333333,-7.193333333333333,-1.8133333333333335,-1.58,-7.116666666666666,-7.183333333333334,-3.37,,,-5.67,-7.346666666666667,,-1.2366666666666666,-2.49,-5.62,-7.493333333333333,-6.006666666666667,-1.4733333333333334,-7.423333333333334,,,-7.363333333333333,,-7.983333333333333,-1.5533333333333332,-7.323333333333333,-2.8433333333333333,-6.33,-7.533333333333333,-5.6866666666666665,,-5.21,-2.7266666666666666,,-3.42,,-3.34,-7.466666666666667,-7.543333333333333,-1.3933333333333333,-6.3966666666666665,-4.953333333333333,-6.786666666666667,-4.933333333333334,-3.9566666666666666,,-7.07,-1.09,-2.1466666666666665,-7.8966666666666665,-7.0633333333333335,-1.9266666666666667,-1.8399999999999999,-3.85,-4.996666666666667,-1.28,-3.8633333333333333,-3.29,-6.973333333333334,-2.046666666666667,-7.196666666666666,-1.9100000000000001,-7.75,-7.17,-4.886666666666667,-6.02,-5.2,-5.056666666666667,-7.78,-2.0,-7.966666666666667,-1.9633333333333334,-4.496666666666667,-3.0966666666666667,-4.126666666666667,,-4.033333333333333
2024-11-01,,-1.6666666666666665,-7.266666666666667,-7.746666666666667,-1.8666666666666667,-3.6966666666666668,,-3.5033333333333334,-2.08,-1.6133333333333333,-6.903333333333333,-7.736666666666666,-3.7,-6.8,-7.076666666666666,,-3.5,-1.09,-7.9399999999999995,-5.376666666666667,-7.76,-4.113333333333333,-7.236666666666666,-1.67,-7.21,-5.786666666666667,-7.623333333333333,-2.95,-3.7733333333333334,,-6.763333333333334,-2.8633333333333333,-1.2766666666666666,-1.96,-7.386666666666667,-6.116666666666666,,-4.78,-3.25,-2.6866666666666665,,-6.066666666666666,-4.243333333333333,-7.706666666666667,-2.9266666666666667,-5.31,-6.616666666666667,-7.6066666666666665,-3.66,,-5.406666666666666,-1.5566666666666666,-2.68,-1.8533333333333335,-5.06,-5.24,-6.916666666666667,-5.093333333333334,-1.35,-4.333333333333333,-5.946666666666666,-5.8966666666666665,-3.8433333333333333,-2.1466666666666665,-6.716666666666667,-3.3566666666666665,-7.02,-3.4233333333333333,-7.416666666666667,-3.7933333333333334,-6.886666666666667,-7.8100000000000005,-7.63,-2.9066666666666667,-1.9833333333333334,-7.183333333333334,-3.03,-7.8933333333333335,-5.88,,-1.92,-5.37,-4.963333333333333,-5.796666666666667,-1.0733333333333333,-7.163333333333333,-5.32,-6.203333333333333,-1.04,-5.006666666666667,-6.153333333333333,-6.07,-2.8066666666666666,-4.296666666666667,-7.3,-7.28,-2.2333333333333334,-6.056666666666667,-5.453333333333333,-1.3066666666666666,-6.036666666666667,-1.05,-1.9666666666666668,-6.79,-7.043333333333333,-7.033333333333333,-7.013333333333334,-6.253333333333333,-4.49,,-1.0866666666666667,-3.2733333333333334,-5.11,-1.4666666666666668,-7.44,-6.703333333333333,-1.6033333333333335,-1.5533333333333332,-2.56,-2.4766666666666666,,,-6.346666666666667,-6.403333333333333,-2.7333333333333334,-7.803333333333334,-1.8333333333333335,-6.193333333333333,-6.46,-2.6933333333333334,-6.576666666666666,-3.77,-4.84,-7.82,-1.4566666666666666,-1.9366666666666665,-7.72,-3.15,-3.19,-4.823333333333333,-6.87,,-2.876666666666667,-5.59,-6.223333333333334,-2.1266666666666665,-3.1066666666666665,-6.33,-5.3133333333333335,-4.29,-2.473333333333333,-7.723333333333334,-6.373333333333333,-7.13,-7.98,-4.93,,-1.69,-3.0033333333333334,-7.18,,-2.8133333333333335,-3.9233333333333333,-5.656666666666666,-1.1333333333333333,-3.71,-6.096666666666667,-6.45,-1.1366666666666667,-1.9533333333333334,-3.263333333333333,-7.996666666666667,-7.176666666666667,-1.16,,-6.286666666666667,-2.993333333333333,,-1.1433333333333333,-5.753333333333333,-1.4133333333333333,-2.873333333333333,,-6.513333333333334,-1.6766666666666667,-6.62,-6.633333333333333,-1.3666666666666667,-4.1866666666666665,-3.23,-3.58,-5.636666666666667,-5.283333333333333,,,-7.836666666666667,-1.8900000000000001,-4.47,,-7.256666666666667,-2.0633333333333335,,-5.57,-2.1966666666666668,-7.83,,,-5.426666666666667,,-3.48,-6.55,-5.75,-5.52,,-5.206666666666667,-4.506666666666667,-2.51,-7.22,-6.86,-5.726666666666667,,-1.5833333333333335,-2.2466666666666666,-2.1733333333333333,-2.2,-2.756666666666667,-1.6633333333333333,-3.1566666666666667,-3.2133333333333334,-4.4366666666666665,,,-4.776666666666666,-3.1666666666666665,,-1.2266666666666666,-1.5666666666666667,-3.73,-7.526666666666666,-7.01,-2.6833333333333336,-7.486666666666666,,,-6.543333333333333,,-7.976666666666667,-2.6433333333333335,-6.4,-6.9,-5.39,-6.596666666666667,-7.3533333333333335,,-2.336666666666667,-7.74,,-3.6733333333333333,,-2.43,-6.573333333333333,-5.593333333333334,-1.26,-4.493333333333333,-3.986666666666667,-5.34,-1.9100000000000001,-4.826666666666666,,-6.046666666666667,-1.0833333333333333,-2.1233333333333335,-7.36,-7.053333333333334,-1.9333333333333333,-1.8466666666666667,-6.65,-2.99,-1.2166666666666668,-7.516666666666667,-1.42,-7.97,-1.0266666666666666,-7.12,-1.9733333333333334,-7.943333333333333,-7.883333333333333,-7.8566666666666665,-5.016666666666667,-4.17,-1.1,-7.713333333333333,-2.0,-7.956666666666667,-7.913333333333333,-1.38,-4.1033333333333335,-6.14,,-3.0233333333333334
2024-11-04,,-2.63,-6.246666666666667,-7.77,-1.9166666666666665,-2.7733333333333334,,-1.4333333333333333,-1.0866666666666667,-1.62,-7.92,,-4.613333333333333,-6.12,-7.073333333333333,,-2.7,-2.08,-7.296666666666667,-6.363333333333333,-6.79,-4.11,-5.256666666666667,-1.7533333333333334,-4.276666666666666,-7.803333333333334,-5.6066666666666665,-5.3,-3.7800000000000002,,-7.83,-1.8766666666666667,-1.2666666666666666,-1.9533333333333334,-6.406666666666666,-7.153333333333333,,-7.816666666666666,-2.39,-3.6533333333333333,,-5.07,-3.2733333333333334,-6.783333333333333,-2.86,-7.303333333333334,-1.6733333333333333,-3.8133333333333335,-1.6866666666666665,,-3.413333333333333,-1.4733333333333334,-2.67,-1.8566666666666667,-4.05,-4.36,-3.95,-7.946666666666666,-1.25,-3.3833333333333333,-6.9366666666666665,-7.91,-7.713333333333333,-1.1966666666666668,-5.726666666666667,-4.316666666666666,-6.023333333333333,-7.416666666666667,-5.376666666666667,-4.836666666666667,-4.88,-7.873333333333333,-4.703333333333333,-2.84,-4.97,-5.176666666666667,-1.0366666666666666,-7.846666666666667,-4.89,,-2.87,-6.3533333333333335,-3.99,-5.883333333333333,-2.0833333333333335,-7.323333333333333,-1.28,-3.1133333333333333,-1.0533333333333332,-4.006666666666667,-1.16,-5.04,-1.4933333333333334,-3.31,-6.286666666666667,-7.263333333333334,-1.1633333333333333,-4.066666666666666,-5.45,-1.2933333333333334,-3.0433333333333334,-1.06,-2.986666666666667,-5.37,-7.033333333333333,-5.03,-7.013333333333334,-5.076666666666666,-3.43,,-1.1333333333333333,-4.243333333333333,-6.0633333333333335,-1.5066666666666668,-1.3733333333333333,-7.75,-1.5666666666666667,-2.6166666666666667,-4.57,-7.486666666666666,,,-6.3566666666666665,-5.463333333333333,-1.7633333333333332,-7.886666666666667,-6.906666666666666,-7.226666666666667,-7.52,-6.71,-6.6,-1.81,-6.8933333333333335,-7.706666666666667,-2.4233333333333333,-1.9566666666666666,-6.743333333333333,-4.203333333333333,-2.183333333333333,-7.826666666666666,-7.923333333333334,,-1.9033333333333333,-6.64,-6.236666666666666,-4.19,-3.1366666666666667,-3.3666666666666667,-6.346666666666667,-5.33,-3.4566666666666666,-7.543333333333333,-6.44,-7.116666666666666,-6.973333333333334,-3.8966666666666665,,-2.73,-4.003333333333333,-7.206666666666667,,-1.8333333333333335,-4.93,-7.403333333333333,-1.1233333333333333,-7.756666666666667,-4.1,-6.5600000000000005,-6.173333333333334,-2.9433333333333334,-2.29,-6.983333333333333,-7.14,-2.26,,-7.32,-7.993333333333333,,-1.1466666666666667,-4.793333333333333,-2.4766666666666666,-1.9333333333333333,,-7.656666666666666,-2.716666666666667,-6.6899999999999995,-5.68,-3.4266666666666667,-5.223333333333334,-2.6433333333333335,-2.6833333333333336,-4.553333333333334,-7.343333333333334,,,-5.66,-3.8666666666666667,-2.5633333333333335,,-7.3133333333333335,-1.0933333333333333,,-6.573333333333333,-2.2133333333333334,-7.863333333333333,,,-1.49,,-6.533333333333333,-5.666666666666667,-6.823333333333333,-2.466666666666667,,-7.193333333333333,,-4.53,-1.22,-3.9,-5.746666666666667,,-1.65,-5.283333333333333,-2.1433333333333335,-7.216666666666667,-3.7666666666666666,-3.7233333333333336,-5.18,-1.24,-6.47,,,-3.8533333333333335,-2.1666666666666665,,-2.23,-3.586666666666667,-1.76,-7.556666666666667,-6.016666666666667,,-7.513333333333334,,,-6.636666666666667,,-4.96,-1.6966666666666668,-5.453333333333333,-5.9399999999999995,-4.483333333333333,-7.693333333333333,-7.35,,-3.3933333333333335,-6.733333333333333,,-3.7866666666666666,,-4.4366666666666665,-6.633333333333333,-7.576666666666666,-1.2533333333333334,-3.54,-2.9966666666666666,-7.2,-1.5,-5.13,,-5.046666666666667,-1.09,-2.1066666666666665,-5.126666666666667,-7.056666666666667,-1.9266666666666667,-2.8433333333333333,-4.336666666666667,-6.966666666666667,-1.21,-7.3966666666666665,-2.5366666666666666,-7.98,-1.0266666666666666,-5.096666666666667,-2.0,-7.963333333333333,-7.736666666666666,-6.913333333333333,-7.01,-3.1566666666666667,-1.15,-7.523333333333333,-1.9766666666666666,-7.8,-6.233333333333333,-1.34,-5.1033333333333335,-1.17,,-2.02
2024-11-05,,-2.5166666666666666,-4.253333333333333,-6.673333333333334,-1.8566666666666667,-1.75,,-1.3266666666666667,-6.08,-1.56,-6.89,,-5.586666666666667,-4.116666666666666,-7.3133333333333335,,-2.7533333333333334,-1.0533333333333332,-3.263333333333333,-1.3433333333333333,-5.716666666666667,-6.1033333333333335,-4.376666666666667,-2.7933333333333334,-3.243333333333333,-6.816666666666666,-4.49,-5.276666666666666,-5.683333333333334,,-1.7266666666666666,-1.8766666666666667,-1.2133333333333334,-1.9633333333333334,-5.35,-7.156666666666666,,-7.82,-5.626666666666667,-4.616666666666667,,-4.066666666666666,-2.21,-3.76,-1.6333333333333333,-6.283333333333333,-1.6966666666666668,-3.8833333333333333,-1.6466666666666665,,-2.55,-1.4033333333333333,-2.5633333333333335,-1.8133333333333335,-3.0366666666666666,-3.84,-1.9533333333333334,-7.983333333333333,-1.17,-2.6433333333333335,-5.903333333333333,-6.923333333333334,-5.773333333333333,-1.1933333333333334,-4.653333333333333,-5.273333333333333,-4.016666666666667,-4.433333333333334,-3.336666666666667,-5.8100000000000005,-4.866666666666667,-7.843333333333334,-5.736666666666666,-2.8,-4.95,-4.15,-1.03,-7.946666666666666,-7.86,,-3.8533333333333335,-7.39,-3.0,-7.956666666666667,-3.1,-7.87,-2.23,-1.12,-1.05,-2.006666666666667,-1.16,-4.033333333333333,-1.52,-2.3666666666666667,-4.226666666666667,-7.26,-1.2033333333333334,-3.0733333333333333,-3.413333333333333,-1.2933333333333334,-2.0566666666666666,-1.27,-3.993333333333333,-4.3,-7.06,-4.023333333333333,-7.003333333333333,-4.07,-2.8233333333333333,,-2.19,-5.256666666666667,-4.043333333333333,-1.44,-2.36,-7.71,-1.51,-1.5566666666666666,-2.4966666666666666,,,,-3.34,-1.43,-1.6866666666666665,-7.926666666666667,-7.8966666666666665,-6.25,-6.553333333333334,-6.67,-4.536666666666667,-1.7966666666666666,-1.8866666666666667,-6.476666666666667,-1.3466666666666667,-1.97,-5.656666666666666,-6.333333333333333,-2.1466666666666665,-2.7333333333333334,-7.933333333333334,,-1.8333333333333335,-7.59,-7.1866666666666665,-2.236666666666667,-5.196666666666666,-2.3833333333333333,-1.3233333333333333,-1.4466666666666668,-4.57,-7.3933333333333335,-7.503333333333333,-7.29,-7.966666666666667,-1.7633333333333332,,-3.7233333333333336,-1.0133333333333334,-6.166666666666667,,-1.9100000000000001,-1.8633333333333333,-6.303333333333334,-1.1633333333333333,-7.713333333333333,-5.09,-2.5966666666666667,-7.153333333333333,-1.9066666666666667,-1.24,-7.98,-6.083333333333333,-1.92,,-7.296666666666667,-6.99,-3.4266666666666667,-1.13,-3.7666666666666666,-1.45,-1.9433333333333334,,-1.6366666666666667,-3.64,,-3.62,-4.41,-6.223333333333334,-1.77,-1.7433333333333332,-3.48,-6.463333333333333,,,-4.4366666666666665,-2.79,-1.7466666666666666,,-4.306666666666667,-2.14,,-6.493333333333333,-1.1833333333333333,-7.836666666666667,,,-2.513333333333333,-1.78,-7.58,,-7.826666666666666,-1.37,,-7.233333333333333,,-1.4666666666666668,-2.473333333333333,-2.873333333333333,-6.72,,-1.5766666666666667,-4.286666666666667,-2.1333333333333333,-7.176666666666667,-4.693333333333333,-1.65,-2.2666666666666666,-1.2466666666666666,-5.406666666666666,,,-2.9,-5.126666666666667,,-1.1733333333333333,-7.47,-2.68,-7.703333333333333,-5.02,,-6.583333333333333,,,-3.623333333333333,,-3.9166666666666665,-2.63,-1.4,-2.9366666666666665,-3.61,-7.783333333333333,-7.88,,-1.4433333333333334,-5.7,,-7.806666666666667,,-1.3633333333333333,-1.54,-6.486666666666666,-1.3166666666666667,-2.506666666666667,-1.9866666666666668,-4.1433333333333335,-2.3533333333333335,-6.076666666666666,,-4.046666666666667,-1.1066666666666667,-1.0933333333333333,-7.096666666666667,-7.0633333333333335,-1.9133333333333333,-1.8933333333333333,-1.2166666666666668,-7.93,-1.2066666666666666,-7.846666666666667,-1.6,-7.976666666666667,-1.04,-4.086666666666667,-1.9966666666666666,-7.973333333333334,-7.9399999999999995,-7.83,-6.01,-2.1366666666666667,-1.2,-6.3966666666666665,-1.96,-7.28,-5.11,-1.31,-6.113333333333333,-2.18,,-1.0266666666666666
2024-11-06,,-2.35,-3.2733333333333334,-6.523333333333333,-5.766666666666667,-1.67,,-1.2466666666666666,-7.05,-1.5066666666666668,-5.87,,-7.706666666666667,-6.206666666666667,-7.9366666666666665,-2.5533333333333332,-1.78,-2.02,-7.803333333333334,-4.243333333333333,-7.54,-1.12,-4.8133333333333335,-5.8100000000000005,-7.18,-5.83,-3.37,-6.703333333333333,-5.5600000000000005,,-2.5733333333333333,-1.8466666666666667,-2.2866666666666666,-4.9,-3.2666666666666666,-6.173333333333334,,-7.776666666666666,-6.676666666666667,-1.6066666666666667,,-3.08,-1.5866666666666667,-2.783333333333333,-1.1866666666666668,-7.213333333333333,-7.76,-3.8566666666666665,-1.6333333333333333,,-2.5933333333333333,-3.36,-5.423333333333334,-1.7366666666666668,-2.086666666666667,-6.903333333333333,-2.913333333333333,-7.993333333333333,-6.093333333333334,-3.74,-5.6899999999999995,-5.91,-4.84,-2.1333333333333333,-3.5566666666666666,-6.24,-5.04,-7.55,-5.26,-7.743333333333333,-3.8633333333333333,-7.806666666666667,-7.6866666666666665,-2.82,-6.933333333333334,-4.113333333333333,-1.03,-7.956666666666667,-7.63,,-4.8533333333333335,-7.48,-2.0,-2.96,-1.11,-7.923333333333334,-1.1766666666666667,-1.0966666666666667,-1.0566666666666666,-2.0033333333333334,-3.14,-1.0433333333333334,-1.5766666666666667,-2.73,-4.163333333333333,-7.336666666666667,-1.3766666666666667,-6.06,-1.3633333333333333,-4.236666666666666,-5.076666666666666,-1.97,-4.986666666666666,-3.3333333333333335,-7.75,-3.006666666666667,-7.016666666666667,-3.9466666666666668,-1.9433333333333334,,-3.25,-6.476666666666667,-2.0366666666666666,-2.33,-1.4633333333333334,-7.61,-1.3566666666666667,-2.44,-3.3666666666666667,,,,-4.23,-1.3266666666666667,-2.533333333333333,-7.916666666666667,-7.823333333333333,-6.373333333333333,-1.4533333333333334,-4.566666666666666,-3.4466666666666668,-1.7233333333333334,-1.8599999999999999,-7.28,-1.3066666666666666,-1.9633333333333334,-4.49,-1.85,-3.1466666666666665,-7.536666666666667,-7.8933333333333335,,-2.7533333333333334,-7.516666666666667,-6.153333333333333,-1.6400000000000001,-6.653333333333333,-1.5699999999999998,-1.45,-1.6833333333333333,-6.6433333333333335,-6.496666666666667,-6.656666666666666,-7.926666666666667,-7.883333333333333,-1.4266666666666667,,-4.6466666666666665,-1.98,-6.1433333333333335,,-1.8966666666666665,-2.7466666666666666,-5.223333333333334,-7.3133333333333335,-7.623333333333333,-7.066666666666666,-7.51,-6.1,-4.8,-1.19,-7.973333333333334,-7.053333333333334,-4.976666666666667,,-5.2,-5.99,-2.4699999999999998,-1.13,-2.7133333333333334,-1.4033333333333333,-6.89,,-2.486666666666667,,,-7.53,-4.29,-7.203333333333333,-2.68,-1.6933333333333334,-2.493333333333333,-1.6600000000000001,,,-5.196666666666666,-5.79,-1.7633333333333332,,-6.303333333333334,-2.6033333333333335,,-7.406666666666666,-2.1566666666666667,-7.796666666666667,,,-3.5266666666666664,-1.8266666666666667,-7.346666666666667,,-7.77,-1.3166666666666667,,-7.513333333333334,,-7.343333333333334,-3.836666666666667,-1.8433333333333333,,,-2.4433333333333334,-3.2333333333333334,-4.126666666666667,-7.15,-5.726666666666667,-5.5,-4.696666666666666,-2.276666666666667,-7.296666666666667,,,-1.88,-4.4366666666666665,,-1.16,-6.323333333333333,-3.6,-7.7,-4.013333333333334,,-7.666666666666667,,,-3.5633333333333335,,-7.17,-3.4833333333333334,-2.31,-1.8733333333333333,-2.59,-7.816666666666666,-7.92,,-1.5466666666666666,-2.58,,-7.756666666666667,,-7.256666666666667,-2.4,-7.383333333333334,-3.65,-2.41,-1.9833333333333334,-1.1166666666666667,-4.716666666666667,-7.033333333333333,,-4.026666666666666,-2.1233333333333335,-6.083333333333333,-6.07,-7.09,-1.8866666666666667,-1.94,-1.1366666666666667,-6.733333333333333,-1.27,-7.95,-1.5966666666666667,-6.93,-1.0466666666666666,-6.073333333333333,-1.9966666666666666,-5.966666666666667,-7.953333333333333,-5.773333333333333,-5.183333333333334,-1.1066666666666667,-2.71,-7.21,-1.01,-6.22,-4.023333333333333,-1.34,-7.1033333333333335,-3.216666666666667,,-1.2266666666666666
2024-11-07,,-1.3466666666666667,-1.5,-7.413333333333333,-1.4766666666666666,-1.5333333333333332,,-5.24,-6.023333333333333,-1.45,-2.7533333333333334,,-7.763333333333334,-4.8933333333333335,-6.973333333333334,-2.513333333333333,-1.6533333333333333,-2.013333333333333,-6.873333333333333,-2.1866666666666665,-4.366666666666666,-1.2066666666666666,-2.76,-7.736666666666666,-6.323333333333333,-7.733333333333333,-1.3433333333333333,-7.906666666666666,-7.466666666666667,,-3.4433333333333334,-2.756666666666667,-3.6566666666666667,-1.8033333333333332,-2.1966666666666668,-5.573333333333333,,-7.663333333333333,-6.6066666666666665,-2.586666666666667,,-2.6366666666666667,,-7.706666666666667,-3.0633333333333335,-5.333333333333333,-6.6466666666666665,-3.8133333333333335,-1.5266666666666666,,-1.5966666666666667,-5.14,-5.32,-1.6666666666666665,-1.8833333333333333,-3.9166666666666665,-3.79,-7.993333333333333,-5.05,-2.6966666666666668,-6.1466666666666665,-3.8633333333333333,-1.7166666666666668,-7.026666666666666,-1.44,-7.363333333333333,-2.66,-6.496666666666667,-4.376666666666667,-7.48,-3.8333333333333335,-7.7,-7.6433333333333335,-1.8233333333333333,-5.9,-2.13,-1.0666666666666667,-7.956666666666667,-7.053333333333334,,-3.8166666666666664,-7.6033333333333335,-2.0,-2.93,-2.2266666666666666,-7.933333333333334,-2.2133333333333334,-1.5533333333333332,-2.08,-1.0166666666666666,-3.11,-1.12,-4.543333333333333,-1.78,-6.09,-4.63,-1.81,-3.4333333333333336,-2.43,-1.3033333333333332,-4.74,-1.97,-7.976666666666667,-2.486666666666667,-7.9399999999999995,-1.0033333333333334,-6.8,-3.98,-1.92,-6.846666666666667,-1.51,-7.796666666666667,-1.69,-2.263333333333333,-4.59,-6.46,-1.22,-2.2800000000000002,-1.2533333333333334,,,,-3.15,-1.21,-2.39,-7.913333333333333,-6.65,-4.55,-1.4033333333333333,-5.47,-2.3166666666666664,-1.5933333333333333,-1.7933333333333334,-5.16,-3.336666666666667,-1.9266666666666667,-4.36,-2.89,-3.1066666666666665,-6.3966666666666665,-7.83,,-1.62,-7.406666666666666,-4.1,-1.6833333333333333,-7.73,-1.6166666666666667,-1.5633333333333335,-1.5666666666666667,-7.5600000000000005,-7.473333333333334,-5.583333333333333,-7.96,-7.623333333333333,-2.216666666666667,,-5.54,-2.9966666666666666,-5.04,,-1.87,-1.58,-4.306666666666667,-6.8566666666666665,-7.49,-1.0466666666666666,-6.386666666666667,-2.033333333333333,-6.516666666666667,-1.2733333333333334,-7.8966666666666665,-6.043333333333333,-6.966666666666667,,-4.17,-4.986666666666666,-1.4933333333333334,-1.1033333333333333,-1.6133333333333333,-1.2233333333333334,-7.836666666666667,,-2.296666666666667,,,-5.4,-5.183333333333334,-7.136666666666667,-2.38,-1.6266666666666667,-5.426666666666667,-1.7033333333333334,,,-1.0966666666666667,-7.82,-2.7199999999999998,,-3.1566666666666667,-1.8266666666666667,,-6.326666666666666,-1.0866666666666667,-7.713333333333333,,-7.256666666666667,-4.463333333333333,-1.7766666666666666,-6.116666666666666,,-7.633333333333333,-1.33,,-7.726666666666667,,-5.2,-4.88,-4.693333333333333,,,-1.2666666666666666,-3.27,-4.126666666666667,-5.083333333333333,-6.673333333333334,-3.3733333333333335,-1.8399999999999999,-3.42,-7.18,,,-1.85,-1.8599999999999999,,-1.1233333333333333,-5.203333333333333,-4.456666666666667,-7.676666666666667,-4.01,,-7.57,,,-2.4366666666666665,,-1.02,-4.3566666666666665,-1.19,-2.743333333333333,-1.5766666666666667,-7.746666666666667,-7.9366666666666665,,-1.2766666666666666,-1.5066666666666668,,-4.483333333333333,,-6.153333333333333,-1.2366666666666666,-6.286666666666667,-5.77,-1.29,-2.9833333333333334,-1.34,-5.806666666666667,-4.03,,-2.7866666666666666,-2.546666666666667,-6.06,-3.1333333333333333,-6.6866666666666665,-1.8533333333333335,-1.9100000000000001,,-5.723333333333334,-2.6,-7.946666666666666,-1.4466666666666668,-6.64,-1.8766666666666667,-5.283333333333333,-1.99,-7.943333333333333,-7.953333333333333,-3.67,-4.963333333333333,-1.07,-3.8433333333333333,-7.093333333333334,-2.95,-5.073333333333333,-4.006666666666667,-1.71,-7.166666666666667,-2.61,,-1.9233333333333333
2024-11-08,,-5.343333333333334,-1.6566666666666667,-7.333333333333333,-1.2933333333333334,-2.413333333333333,,-5.263333333333334,-7.026666666666666,-3.4433333333333334,-6.666666666666667,,-7.74,-4.9366666666666665,-5.973333333333334,-6.49,-2.5533333333333332,-5.023333333333333,-6.8966666666666665,-4.233333333333333,-7.226666666666667,-3.6733333333333333,-1.7133333333333334,-7.676666666666667,-4.3966666666666665,-7.663333333333333,-3.296666666666667,-7.92,-7.386666666666667,,-4.3933333333333335,-2.7199999999999998,-6.683333333333334,-1.79,-1.22,-1.6966666666666668,,-7.583333333333333,-7.51,-6.5600000000000005,,-1.8333333333333335,,-6.633333333333333,-4.043333333333333,-7.416666666666667,-2.5933333333333333,-2.756666666666667,-7.446666666666666,,-1.58,-1.0766666666666667,-7.27,-3.6133333333333333,-1.9233333333333333,-5.8533333333333335,-2.5566666666666666,-7.993333333333333,-6.07,-5.63,-7.073333333333333,-1.7833333333333332,-1.7233333333333334,-7.01,-1.3733333333333333,-7.403333333333333,-4.5,-6.476666666666667,-7.433333333333334,-7.16,-2.8066666666666666,-7.626666666666667,-7.596666666666667,-6.816666666666666,-7.843333333333334,-4.406666666666666,-1.7733333333333334,-7.946666666666666,-4.013333333333334,,-3.8033333333333332,-7.62,-2.0,-3.9033333333333333,-3.6166666666666667,-5.91,-5.44,-3.7933333333333334,-3.23,-5.586666666666667,-1.4966666666666666,-3.6366666666666667,-5.5633333333333335,-1.7466666666666666,-7.066666666666666,-7.66,-5.846666666666667,-1.78,-3.43,-1.54,-7.866666666666667,-2.96,-6.9399999999999995,-4.566666666666666,-5.953333333333333,-1.02,-6.933333333333334,-5.98,-1.9066666666666667,-6.8133333333333335,-2.283333333333333,-7.83,-1.9433333333333334,-2.216666666666667,-5.61,-6.37,-2.1733333333333333,-3.19,-1.1933333333333334,,,,-2.086666666666667,-2.18,-2.26,-7.8933333333333335,-6.47,-5.573333333333333,-3.3633333333333333,-5.41,-2.2466666666666666,-1.4833333333333334,-1.73,-3.1466666666666665,-5.33,-2.8633333333333333,-7.24,-3.89,-5.21,-5.31,-7.693333333333333,,-1.5466666666666666,-7.323333333333333,-6.1866666666666665,-2.67,-7.826666666666666,-3.6,-1.5899999999999999,-2.55,-6.513333333333334,-5.463333333333333,-7.526666666666666,-7.966666666666667,-4.306666666666667,-3.5033333333333334,,-4.473333333333334,-3.9966666666666666,-5.036666666666667,,-1.8566666666666667,-3.48,-3.486666666666667,-5.873333333333333,-7.453333333333333,-3.0566666666666666,-5.286666666666667,-2.033333333333333,-7.536666666666667,-1.4366666666666665,-6.82,-6.1066666666666665,-7.95,,-3.3466666666666667,-3.9833333333333334,-4.52,-1.53,-1.5433333333333334,-1.0966666666666667,-7.733333333333333,,-4.13,,,-6.28,-7.113333333333333,-7.126666666666667,-3.2133333333333334,-1.5766666666666667,-2.3833333333333333,-1.6866666666666665,,,-1.06,-7.726666666666667,-3.6533333333333333,,-5.09,-4.8100000000000005,,-5.256666666666667,-2.3766666666666665,-7.6433333333333335,,-7.166666666666667,-5.423333333333334,-4.71,-1.0466666666666666,,-7.533333333333333,-2.3166666666666664,,-7.75,,-6.133333333333334,-5.9,-3.64,,,-4.156666666666666,-7.366666666666666,-6.516666666666667,-4.083333333333333,-7.623333333333333,-7.253333333333333,-1.87,-2.466666666666667,-7.1033333333333335,,,-1.76,-2.8833333333333333,,-3.2733333333333334,-5.123333333333333,-5.35,-7.65,-2.03,,-7.493333333333333,,,-3.34,,-1.0066666666666666,-7.243333333333333,-1.15,-4.6066666666666665,-1.5699999999999998,-7.68,-7.916666666666667,-2.08,-4.196666666666666,-4.506666666666667,,-5.276666666666666,,-5.093333333333334,-3.1366666666666667,-5.223333333333334,-6.753333333333333,-1.2066666666666666,-3.9699999999999998,-1.69,-6.823333333333333,-2.3,,-1.9300000000000002,-4.706666666666667,-7.42,-1.5233333333333334,-7.836666666666667,-2.763333333333333,-2.876666666666667,,-7.743333333333333,-3.6466666666666665,-7.926666666666667,-3.3566666666666665,-1.0166666666666666,-1.8599999999999999,-7.766666666666667,-2.99,-7.913333333333333,-7.963333333333333,-2.716666666666667,-3.986666666666667,-2.3533333333333335,-6.85,-5.053333333333334,-4.976666666666667,-4.8,-2.0033333333333334,-2.7866666666666666,-7.7,-1.7033333333333334,,-1.9566666666666666
2024-11-11,,-7.333333333333333,-1.7233333333333334,-7.32,-1.2333333333333334,-3.38,,-4.3533333333333335,-3.0233333333333334,-5.47,-1.5899999999999999,,-7.71,-6.9366666666666665,-6.973333333333334,-1.4533333333333334,-3.533333333333333,-7.043333333333333,-4.91,-2.35,-2.216666666666667,-4.756666666666667,-2.6466666666666665,-7.64,-3.27,-2.6066666666666665,-3.36,-7.913333333333333,-7.376666666666667,,-5.373333333333333,-1.73,-7.703333333333333,-1.8399999999999999,-1.2733333333333334,-2.7066666666666666,,-7.506666666666667,-7.406666666666666,-7.53,,-1.9033333333333333,,-5.666666666666667,-5.053333333333334,-7.343333333333334,-4.54,-1.7333333333333334,-7.413333333333333,,-2.57,-1.1,-1.3033333333333332,-5.556666666666667,-1.92,-6.793333333333333,-5.073333333333333,-7.993333333333333,-4.3133333333333335,-3.6333333333333333,-7.09,-1.7633333333333332,-1.7433333333333332,-5.006666666666667,-1.3900000000000001,-7.496666666666667,-1.02,-5.37,-7.49,-7.056666666666667,-1.8,-6.5633333333333335,-7.566666666666666,-6.826666666666666,-7.83,-2.546666666666667,-1.8733333333333333,-7.953333333333333,-1.01,,-5.803333333333334,-7.613333333333333,-2.0,-3.8633333333333333,-6.663333333333333,-4.8966666666666665,-6.52,-2.8233333333333333,-2.04,-3.44,-2.68,-4.696666666666666,-5.543333333333333,-2.74,-6.086666666666667,-6.736666666666666,-6.86,-1.81,-4.423333333333334,-1.6366666666666667,-6.8933333333333335,-3.9466666666666668,-5.93,-3.56,-2.9433333333333334,-2.0966666666666667,-4.933333333333334,-1.98,-1.9066666666666667,-3.7466666666666666,-7.066666666666666,-7.79,-1.9833333333333334,-7.16,-5.596666666666667,-7.363333333333333,-3.2,-4.163333333333333,-1.2133333333333334,,,,-3.12,-3.183333333333333,-1.22,-6.89,-7.3,-7.476666666666667,-4.366666666666666,-7.326666666666666,,-6.416666666666667,-1.7,,-7.3933333333333335,-2.796666666666667,-7.24,-3.8666666666666667,-7.293333333333333,-4.286666666666667,-7.61,,-3.486666666666667,-7.31,-6.383333333333334,-7.63,-5.783333333333333,-4.576666666666666,-3.586666666666667,-3.4833333333333334,-5.493333333333333,-3.4633333333333334,-7.466666666666667,-7.966666666666667,-3.1566666666666667,-4.6,,-6.4366666666666665,-4.996666666666667,-3.026666666666667,,-1.87,-5.34,-2.5733333333333333,-4.88,-7.443333333333333,-1.06,-4.246666666666667,-4.033333333333333,-7.6433333333333335,-7.526666666666666,-5.766666666666667,-7.46,-7.9399999999999995,,-2.48,-2.9766666666666666,-1.5033333333333334,-1.67,-1.51,-2.08,-4.673333333333334,,-1.1033333333333333,,,-6.21,-7.113333333333333,-7.076666666666666,-1.0833333333333333,-1.5166666666666666,-2.3233333333333333,-1.6766666666666667,,,-1.11,-7.653333333333333,-1.6166666666666667,,-6.046666666666667,-4.816666666666666,,-4.26,-2.5533333333333332,-5.58,,-7.1433333333333335,-6.45,-4.683333333333334,-2.0366666666666666,,-7.473333333333334,-1.3866666666666667,,-7.6899999999999995,,-7.14,-6.9,-2.6566666666666667,,,-5.1466666666666665,-7.433333333333334,-7.3966666666666665,-2.256666666666667,-7.62,-7.23,-2.8333333333333335,-3.5366666666666666,-7.126666666666667,,,-1.6866666666666665,-3.9266666666666667,,-5.426666666666667,-5.176666666666667,-6.296666666666667,-5.6033333333333335,-1.6933333333333334,,-7.456666666666667,,,-4.28,,-1.0133333333333334,-7.223333333333334,-5.196666666666666,-2.513333333333333,-1.5233333333333334,-6.65,-7.883333333333333,-2.07,-4.0633333333333335,-4.5,,-5.1066666666666665,,-5.116666666666666,-5.136666666666667,-7.243333333333333,-7.72,-2.19,-4.97,-2.716666666666667,-7.8133333333333335,-1.6600000000000001,,-1.95,-1.7133333333333334,-6.593333333333334,-1.6233333333333333,-6.8566666666666665,-2.7266666666666666,-4.843333333333334,,-7.76,-4.626666666666667,-7.923333333333334,-4.283333333333333,-2.0033333333333334,-3.82,-6.836666666666667,-4.99,-7.886666666666667,-6.956666666666667,-7.77,-2.986666666666667,-1.5833333333333335,-6.8533333333333335,-4.05,-5.96,-3.9166666666666665,-1.0166666666666666,-1.8066666666666666,-7.786666666666667,-3.7533333333333334,,-1.9633333333333334
2024-11-12,,-7.303333333333334,-2.756666666666667,-7.3133333333333335,-2.2066666666666666,-5.333333333333333,,-4.4366666666666665,-3.0833333333333335,-4.473333333333334,-1.5433333333333334,,-6.73,-1.9433333333333334,-3.9766666666666666,-2.3766666666666665,-1.5533333333333332,-6.283333333333333,-3.9266666666666667,-1.44,-4.216666666666667,-5.77,-1.4433333333333334,-7.586666666666667,-7.093333333333334,-1.5833333333333335,-2.42,-6.916666666666667,-7.386666666666667,,-6.43,-2.7333333333333334,-7.723333333333334,-3.9,-1.33,-1.74,,-1.4266666666666667,-6.36,-7.533333333333333,,-1.9133333333333333,,-4.66,-5.1033333333333335,-2.276666666666667,-5.463333333333333,-1.6866666666666665,-6.28,,-3.58,-3.4566666666666666,-1.3566666666666667,-1.52,-1.9233333333333333,-1.7433333333333332,-6.05,-7.996666666666667,-3.506666666666667,-2.63,-7.086666666666667,-1.8,-1.7666666666666666,-4.013333333333334,-1.4166666666666667,-7.496666666666667,-1.04,-3.3466666666666667,-6.54,-3.046666666666667,-4.796666666666667,-5.53,-7.536666666666667,-7.836666666666667,-7.816666666666666,-1.6633333333333333,-2.91,-7.946666666666666,-2.006666666666667,,-7.83,-7.653333333333333,-2.0,-6.793333333333333,-7.72,-4.873333333333333,-7.6,-1.85,-1.01,-1.5666666666666667,-5.726666666666667,-2.7133333333333334,-7.49,-3.71,-5.37,-4.8133333333333335,-7.88,-3.8066666666666666,-5.423333333333334,-2.6666666666666665,-7.89,-7.96,-4.933333333333334,-1.6066666666666667,-1.9533333333333334,-4.556666666666667,-3.93,-1.98,-3.8533333333333335,-4.716666666666667,-6.076666666666666,-7.776666666666666,-1.9866666666666668,-2.1133333333333333,-5.61,-7.34,-4.236666666666666,-1.1566666666666667,-1.24,,,,-4.1066666666666665,-1.1666666666666667,-1.2,-7.866666666666667,-7.173333333333334,-7.35,-5.366666666666666,-6.27,,-5.343333333333334,-1.6966666666666668,,-7.526666666666666,-4.703333333333333,-7.26,-5.863333333333333,-7.203333333333333,-3.3233333333333333,-7.546666666666667,,-3.513333333333333,-7.29,-3.466666666666667,-6.6433333333333335,-7.783333333333333,-5.59,-1.5766666666666667,-3.3633333333333333,-7.453333333333333,-1.3733333333333333,-5.4,-6.963333333333333,-2.07,-5.68,,-1.38,-5.993333333333333,-1.0233333333333334,,-2.87,-1.2933333333333334,-1.6400000000000001,-3.8933333333333335,-3.4066666666666667,-1.13,,-1.0433333333333334,-5.7,-6.57,-6.78,-5.55,-7.92,,-1.5233333333333334,-2.9699999999999998,-5.45,-2.6933333333333334,-1.5033333333333334,-1.08,-3.65,,-3.0733333333333333,,,-4.14,-7.11,-7.056666666666667,-1.0533333333333332,-1.48,-2.1433333333333335,-1.6466666666666665,,,-1.3833333333333333,-5.6033333333333335,-4.5600000000000005,,-1.0333333333333334,-1.8466666666666667,,-4.273333333333333,-5.616666666666667,-7.516666666666667,,-3.12,-6.433333333333334,-7.623333333333333,-2.03,,-7.413333333333333,-1.4866666666666668,,-7.636666666666667,,-6.136666666666667,-7.876666666666667,-4.633333333333333,,,-7.133333333333334,-7.41,-7.163333333333333,-1.51,-2.5733333333333333,-7.233333333333333,-3.8033333333333332,-6.593333333333334,-7.123333333333333,,,-1.62,-4.9399999999999995,,-4.476666666666667,-5.183333333333334,-7.1866666666666665,-5.5633333333333335,-1.8266666666666667,,-7.316666666666666,,,-1.2133333333333334,,-6.02,-6.23,-3.2666666666666666,-1.46,-1.5,-7.596666666666667,-6.86,-2.06,-1.0366666666666666,-3.4833333333333334,,-1.0666666666666667,,-5.09,-1.1266666666666667,-6.243333333333333,-7.673333333333334,-1.1766666666666667,-5.973333333333334,-5.75,-7.833333333333333,-7.6899999999999995,,-1.9666666666666668,-1.7366666666666668,-3.6766666666666667,-1.6133333333333333,-7.886666666666667,-2.7066666666666666,-6.79,,-6.773333333333333,-5.626666666666667,-7.906666666666666,-5.1466666666666665,-3.0033333333333334,-2.84,-5.8966666666666665,-5.99,-7.823333333333333,-7.9366666666666665,-7.82,-1.9833333333333334,-1.6566666666666667,-7.8100000000000005,-1.0633333333333332,-4.67,-2.95,-1.0166666666666666,-1.8566666666666667,-7.843333333333334,-7.753333333333333,,-1.9566666666666666
2024-11-13,,-7.166666666666667,-2.82,-7.276666666666666,-4.256666666666667,-4.3133333333333335,,-3.49,-3.55,-7.466666666666667,-1.5433333333333334,,-3.68,-1.9333333333333333,-1.9566666666666666,-2.27,-3.586666666666667,-4.483333333333333,-4.926666666666667,-1.4966666666666666,-1.2433333333333334,-7.79,-4.293333333333333,-6.546666666666667,-6.043333333333333,-1.5899999999999999,-1.4766666666666666,-5.843333333333334,-7.373333333333333,-1.3433333333333333,-7.443333333333333,-1.7433333333333332,-6.71,-6.9366666666666665,-1.4,-4.74,,-1.24,-7.1433333333333335,-7.533333333333333,,-1.92,,-3.65,-5.416666666666667,-1.0933333333333333,-5.446666666666666,-3.66,-1.1766666666666667,,-3.6066666666666665,-7.633333333333333,-1.4233333333333333,-5.44,-1.9,-7.666666666666667,-5.05,-8.0,-2.58,-1.6433333333333333,-6.286666666666667,-4.903333333333333,-7.85,-1.0166666666666666,-1.46,-7.53,-1.0533333333333332,-7.226666666666667,-5.57,-1.04,-1.8,-7.3966666666666665,-5.506666666666667,-4.84,-7.8133333333333335,-1.7333333333333334,-1.9300000000000002,-7.943333333333333,-2.013333333333333,,-6.8566666666666665,-7.64,-7.996666666666667,-1.7633333333333332,-7.746666666666667,-7.803333333333334,-6.63,-1.9066666666666667,-2.01,-1.8266666666666667,-7.796666666666667,-1.7166666666666668,-7.463333333333333,-4.693333333333333,-5.516666666666667,-5.873333333333333,-1.8900000000000001,-1.8233333333333333,-7.3566666666666665,-3.7066666666666666,-2.8933333333333335,-7.98,-3.96,-4.6033333333333335,-1.9666666666666668,-5.78,-3.9166666666666665,-1.9633333333333334,-1.7933333333333334,-4.613333333333333,-4.076666666666666,-7.76,-1.99,-1.09,-7.593333333333334,-6.37,-4.296666666666667,-1.2,-1.2666666666666666,,,,-3.1733333333333333,-1.2033333333333334,-1.1833333333333333,-7.83,-5.1033333333333335,-6.083333333333333,-5.386666666666667,-7.086666666666667,,-4.28,-5.683333333333334,,-7.663333333333333,-4.62,-1.2833333333333332,-6.806666666666667,-5.426666666666667,-2.3333333333333335,-5.513333333333334,,-7.523333333333333,-6.273333333333333,-1.4733333333333334,-5.623333333333333,-7.786666666666667,-4.583333333333333,-1.5733333333333333,-4.326666666666666,-1.48,-2.34,-6.163333333333333,-3.953333333333333,-1.1233333333333333,-6.753333333333333,-5.023333333333333,-2.3933333333333335,-6.983333333333333,-1.02,,-3.8633333333333333,-1.08,-1.6766666666666667,-2.88,-6.403333333333333,-1.3,,-1.1333333333333333,-7.77,-5.6466666666666665,-7.846666666666667,-2.5633333333333335,-7.876666666666667,,-2.56,-1.95,-1.4366666666666665,-1.7233333333333334,-1.5033333333333334,-2.1,-2.6166666666666667,,-4.066666666666666,,,-2.12,-6.126666666666667,-7.06,-1.3166666666666667,-1.45,-1.0733333333333333,-1.5966666666666667,,,-1.52,-6.346666666666667,-6.536666666666667,,-1.0266666666666666,-1.8366666666666667,,-2.336666666666667,-6.67,-7.306666666666667,,-1.13,-7.433333333333334,-6.576666666666666,-4.03,,-6.36,-5.54,,-5.493333333333333,,-5.153333333333333,-7.8100000000000005,-1.6533333333333333,,,-6.16,-5.41,-6.046666666666667,-1.6,-5.553333333333334,-6.26,-1.7366666666666668,-7.626666666666667,-6.15,,,-3.5566666666666666,-5.9399999999999995,,-2.5,-1.3233333333333333,-7.11,-5.526666666666666,-1.9100000000000001,,-5.193333333333333,,,-1.17,-2.1133333333333333,-4.056666666666667,-6.263333333333334,-2.35,-1.43,-4.486666666666666,-6.566666666666666,-4.783333333333333,-1.07,-1.0366666666666666,-1.47,,-1.0633333333333332,,-2.1366666666666667,-1.1566666666666667,-5.303333333333334,-7.673333333333334,-1.18,-6.976666666666667,-5.72,-7.816666666666666,-4.75,,-1.97,-3.7,-2.7133333333333334,-1.42,-7.8966666666666665,-4.703333333333333,-7.776666666666666,,-7.6866666666666665,-7.61,-7.87,-5.096666666666667,-4.003333333333333,-4.656666666666666,-4.913333333333333,-7.993333333333333,-7.773333333333333,-5.866666666666667,-7.8533333333333335,-1.9866666666666668,-1.69,-4.726666666666667,-2.1066666666666665,-6.006666666666667,-1.9733333333333334,-1.0333333333333334,-6.86,-7.886666666666667,-7.756666666666667,,-2.9466666666666668
2024-11-14,,-6.153333333333333,-3.85,-6.276666666666666,-5.286666666666667,-7.3133333333333335,,-4.62,-1.6800000000000002,-7.446666666666666,-2.49,,-6.656666666666666,-1.8633333333333333,-2.91,-1.1633333333333333,-6.633333333333333,-3.533333333333333,-4.923333333333334,-2.5366666666666666,-2.296666666666667,-7.803333333333334,-4.053333333333334,-7.506666666666667,-4.04,-2.59,-2.513333333333333,-4.7,-7.373333333333333,-1.38,-7.46,-2.756666666666667,-7.73,-7.963333333333333,-1.4366666666666665,-1.7866666666666666,,-2.14,-7.133333333333334,-7.5600000000000005,,-2.913333333333333,,-2.67,-7.5,-1.1266666666666667,-4.0633333333333335,-5.573333333333333,-2.1433333333333335,,-5.64,-6.773333333333333,-3.473333333333333,-6.333333333333333,-1.8433333333333333,-7.596666666666667,-7.06,-8.0,-6.6433333333333335,-2.663333333333333,-7.2,-5.943333333333333,-6.886666666666667,-3.05,,-7.616666666666667,-2.0033333333333334,-7.156666666666666,-4.61,-2.08,-2.82,-7.11,-7.47,-6.86,-7.816666666666666,-1.8766666666666667,-2.953333333333333,-7.946666666666666,-4.006666666666667,,-7.8533333333333335,-7.636666666666667,-6.996666666666667,-2.71,-7.8,-7.723333333333334,-7.666666666666667,-2.94,-2.0166666666666666,-3.8966666666666665,-7.88,-2.703333333333333,-7.253333333333333,-5.726666666666667,-6.613333333333333,-7.916666666666667,-4.883333333333333,-5.8133333333333335,-7.17,-7.763333333333334,-3.836666666666667,-7.983333333333333,-2.9766666666666666,-6.57,-3.966666666666667,-5.906666666666666,-3.8266666666666667,-3.93,-4.75,-4.066666666666666,-5.113333333333333,-7.72,-1.99,-1.1366666666666667,-7.586666666666667,-7.4,-3.4033333333333333,-6.28,-3.3433333333333333,,,,-4.32,-1.3033333333333332,-3.203333333333333,-6.776666666666666,-1.1833333333333333,-4.07,-7.406666666666666,-7.1033333333333335,,-3.2066666666666666,-4.706666666666667,,-7.783333333333333,-6.416666666666667,-4.366666666666666,-7.796666666666667,-1.53,-2.3533333333333335,-6.413333333333333,,-6.556666666666667,-7.273333333333333,-5.466666666666667,-4.6,-7.716666666666667,-7.6066666666666665,-1.5933333333333333,-6.12,-2.4766666666666666,-1.1733333333333333,-2.0966666666666667,-1.95,-2.1,-7.8100000000000005,-3.033333333333333,-3.41,-7.8933333333333335,-1.0266666666666666,,-4.84,-4.086666666666667,-1.7433333333333332,-1.8566666666666667,-6.3933333333333335,-1.43,,-1.5033333333333334,-7.83,-4.696666666666666,-7.87,-7.566666666666666,-7.65,,-1.5766666666666667,-1.9266666666666667,-7.39,-2.7666666666666666,-1.5266666666666666,-1.2666666666666666,-7.626666666666667,,-2.13,,,-1.1866666666666668,-5.283333333333333,-5.09,-6.54,-1.4566666666666666,-1.0833333333333333,-2.55,,-4.496666666666667,-2.58,,-7.523333333333333,,-1.0366666666666666,-2.8333333333333335,-5.216666666666667,-1.4533333333333334,-7.673333333333334,-6.1066666666666665,,,-7.443333333333333,-3.5433333333333334,-5.043333333333333,,-7.25,-6.6033333333333335,,-4.076666666666666,,-4.243333333333333,-6.733333333333333,-1.7133333333333334,,,-5.27,-7.31,-4.013333333333334,-2.6933333333333334,-7.546666666666667,,-1.63,-7.653333333333333,-4.236666666666666,-2.223333333333333,,-2.4633333333333334,-6.96,,-6.516666666666667,-1.4333333333333333,-1.15,-5.553333333333334,-2.9366666666666665,,-7.1466666666666665,,,-1.26,-2.1766666666666667,-4.426666666666667,-7.3566666666666665,-4.42,-2.34,-2.4833333333333334,-6.583333333333333,-6.676666666666667,-1.1233333333333333,-3.0233333333333334,-4.44,,-3.0933333333333333,,-4.196666666666666,-1.2633333333333332,-4.383333333333334,-7.736666666666666,-1.2466666666666666,-7.973333333333334,-5.683333333333334,-7.806666666666667,-6.79,,-1.97,-4.6899999999999995,-2.7466666666666666,-1.02,-6.866666666666667,-2.76,-7.753333333333333,,-3.6866666666666665,-7.623333333333333,-7.793333333333333,-6.116666666666666,-5.046666666666667,-6.073333333333333,-3.92,-7.993333333333333,-6.323333333333333,-7.01,-5.823333333333333,-1.9866666666666668,-2.74,-7.5633333333333335,-3.2266666666666666,-6.903333333333333,-2.98,-2.03,-7.846666666666667,-7.89,-7.77,,-1.9333333333333333
2024-11-15,-1.49,-6.19,-1.8833333333333333,-4.3,-5.33,-7.296666666666667,,-3.7800000000000002,-4.836666666666667,-6.496666666666667,-1.2166666666666668,,-7.6899999999999995,-1.8599999999999999,-4.703333333333333,-2.18,-7.713333333333333,-6.6066666666666665,-7.923333333333334,-1.5733333333333333,-2.3566666666666665,-7.653333333333333,-6.033333333333333,-7.3933333333333335,-3.066666666666667,-6.61,-1.58,-5.593333333333334,-7.323333333333333,-3.4433333333333334,-7.536666666666667,-6.706666666666667,-7.796666666666667,-7.956666666666667,-1.52,-1.8633333333333333,,-4.1466666666666665,-7.163333333333333,-7.59,,-3.876666666666667,,-1.6633333333333333,-7.36,-3.183333333333333,-7.026666666666666,-6.113333333333333,-3.17,,-6.746666666666667,-5.8933333333333335,-1.5433333333333334,-6.23,-1.87,-5.386666666666667,-7.1,-7.996666666666667,-5.733333333333333,-1.7166666666666668,-7.156666666666666,-6.963333333333333,-5.903333333333333,-5.13,,-6.723333333333334,-3.01,-7.203333333333333,-3.67,-6.2,-1.8566666666666667,-7.076666666666666,-6.27,-7.88,-7.72,-2.9366666666666665,-6.933333333333334,-7.71,-5.046666666666667,,-7.843333333333334,-7.68,-6.0,-3.5633333333333335,-7.84,-5.123333333333333,-7.763333333333334,-3.9466666666666668,-4.043333333333333,-6.9399999999999995,-7.91,-5.206666666666667,-7.11,-6.783333333333333,-2.6966666666666668,-7.943333333333333,-1.8733333333333333,-6.73,-7.176666666666667,-7.753333333333333,-6.623333333333333,-4.983333333333333,-1.9733333333333334,-6.233333333333333,-5.916666666666667,-7.966666666666667,-4.053333333333334,-4.05,-7.306666666666667,-5.02,-7.12,-7.683333333333334,-2.99,-6.21,-7.65,-7.4,,-4.466666666666667,-2.4066666666666667,,,,-6.47,-1.4933333333333334,-4.3966666666666665,-5.693333333333333,-1.3266666666666667,-3.1433333333333335,-7.453333333333333,-7.14,,-3.256666666666667,-7.74,,-7.906666666666666,-7.086666666666667,-3.5,-7.83,-2.6,-6.37,-7.166666666666667,,-1.6133333333333333,-2.34,-2.54,-3.5833333333333335,-7.503333333333333,-7.666666666666667,-4.66,-7.126666666666667,-4.283333333333333,-1.1733333333333333,,-1.92,-1.06,-7.846666666666667,-2.0833333333333335,-5.523333333333333,-7.003333333333333,-2.08,,-4.85,-7.136666666666667,-1.8199999999999998,-1.8900000000000001,-4.38,-1.5699999999999998,,-2.736666666666667,-4.886666666666667,-3.8,-7.833333333333333,-6.553333333333334,-7.016666666666667,,-1.6433333333333333,-2.8966666666666665,-6.266666666666667,-2.8033333333333332,-2.55,-1.5466666666666666,-1.6733333333333333,,-6.196666666666666,,,-1.3666666666666667,-7.526666666666666,-5.15,-6.826666666666666,-3.4266666666666667,-1.1533333333333333,-3.3633333333333333,,-1.6033333333333335,-3.6166666666666667,,-7.293333333333333,,-1.1166666666666667,-3.81,-3.3766666666666665,-1.5966666666666667,-7.636666666666667,-7.09,,,-7.516666666666667,-5.31,-6.1033333333333335,,-6.243333333333333,-2.7,,-6.0633333333333335,,,-7.423333333333334,-1.8233333333333333,,,-2.4366666666666665,-6.28,-7.036666666666667,-3.8133333333333335,-7.446666666666666,,-7.193333333333333,-7.776666666666666,-3.4166666666666665,-1.32,,-4.22,-2.93,,-1.5666666666666667,-1.5866666666666667,-7.213333333333333,-5.6866666666666665,-4.926666666666667,,-5.223333333333334,,,-1.5133333333333332,-1.29,-4.626666666666667,-2.4633333333333334,-4.53,-3.2266666666666666,-1.51,-7.6466666666666665,-7.26,-1.24,-2.07,-3.3333333333333335,,-3.1866666666666665,,-1.3733333333333333,-1.4333333333333333,-5.45,-7.806666666666667,-3.3833333333333333,-7.953333333333333,-3.6566666666666667,-7.726666666666667,-1.7866666666666666,,-1.97,-1.7666666666666666,-7.773333333333333,-1.0133333333333334,-7.756666666666667,-2.79,-7.64,,-3.263333333333333,-7.633333333333333,-7.093333333333334,-4.16,-6.816666666666666,-6.096666666666667,-2.913333333333333,-7.986666666666666,-5.023333333333333,-7.006666666666667,-4.76,-1.9933333333333332,-4.743333333333333,-6.056666666666667,-4.286666666666667,-7.98,-2.9766666666666666,-3.04,-7.8533333333333335,-5.9,-6.793333333333333,,-6.77
2024-11-18,-2.736666666666667,-4.36,-2.9033333333333333,-3.5433333333333334,-7.503333333333333,-1.4833333333333334,,-5.906666666666666,-6.9,-6.53,-2.22,,-6.49,-3.1733333333333333,-7.02,-6.323333333333333,-5.82,-7.52,-6.916666666666667,-1.5966666666666667,-4.556666666666667,-7.1433333333333335,-7.1033333333333335,-7.366666666666666,-2.1866666666666665,-3.37,-1.67,-7.083333333333333,-5.456666666666667,-2.623333333333333,-7.526666666666666,-7.253333333333333,-6.843333333333334,-7.933333333333334,-1.63,-4.89,,-4.27,-7.276666666666666,-7.46,,-4.13,,-1.4066666666666667,-1.33,-5.3566666666666665,-7.0633333333333335,-5.12,-4.336666666666667,,-7.826666666666666,-4.9399999999999995,-2.626666666666667,-7.293333333333333,-2.86,-2.223333333333333,-7.18,-7.956666666666667,-3.7333333333333334,-3.5833333333333335,-6.233333333333333,-7.966666666666667,-4.873333333333333,-7.206666666666667,,-6.776666666666666,-7.013333333333334,-7.31,-2.6333333333333333,-5.443333333333333,-7.8533333333333335,-5.133333333333334,-5.34,-7.84,-6.07,-3.9766666666666666,-6.6,-5.036666666666667,-7.163333333333333,,-7.193333333333333,-7.43,-4.913333333333333,-2.2,-7.653333333333333,-5.073333333333333,-7.823333333333333,-4.9366666666666665,-5.06,-6.506666666666667,-7.923333333333334,-7.05,-7.216666666666667,-7.786666666666667,-2.4633333333333334,-6.96,-3.17,-7.11,-7.266666666666667,-7.4,-7.046666666666667,-3.99,-1.9833333333333334,-7.136666666666667,-7.023333333333333,-7.963333333333333,-5.016666666666667,-6.006666666666667,-7.09,-6.04,-7.16,-7.256666666666667,-1.9933333333333332,-5.51,-6.8133333333333335,-6.57,,-3.7733333333333334,-2.66,,,-3.62,-5.7,-2.763333333333333,-3.6966666666666668,-6.21,-2.4966666666666666,-2.3833333333333333,-1.55,-6.283333333333333,,-1.4533333333333334,-4.5633333333333335,,-7.97,-7.123333333333333,-2.68,-7.876666666666667,-7.766666666666667,-7.473333333333334,-7.243333333333333,,-1.5166666666666666,-1.5366666666666666,-1.5466666666666666,-2.263333333333333,-6.14,-6.656666666666666,-7.8,-7.246666666666667,-7.373333333333333,-2.3766666666666665,,-2.203333333333333,-1.1133333333333333,-7.64,-7.29,-7.673333333333334,-7.003333333333333,-3.3033333333333332,,-5.39,-5.343333333333334,-1.8833333333333333,-1.8966666666666665,-2.58,-3.54,,-6.88,-6.926666666666667,-2.92,-7.19,-7.326666666666666,-7.03,-4.636666666666667,-1.78,-1.08,-7.386666666666667,-4.77,-2.4766666666666666,-2.83,-2.7133333333333334,,-5.523333333333333,,,-1.7033333333333334,-7.803333333333334,-2.3633333333333333,-5.95,-5.48,-1.4266666666666667,-7.296666666666667,,-2.8166666666666664,-7.35,,-7.286666666666667,,-2.7933333333333334,-2.1766666666666667,-1.6833333333333333,-1.85,-7.306666666666667,-4.196666666666666,,,-7.806666666666667,-1.3166666666666667,-7.423333333333334,,-5.416666666666667,-3.8633333333333333,,-2.1466666666666665,,,-7.116666666666666,-3.93,,,-1.7433333333333332,-5.446666666666666,-6.153333333333333,-3.91,-6.3933333333333335,,-1.2133333333333334,-7.886666666666667,-2.7233333333333336,-1.6166666666666667,,-6.273333333333333,-4.8933333333333335,,-2.6433333333333335,-1.8333333333333335,-6.5,-6.846666666666667,-1.9433333333333334,,-2.486666666666667,,,-2.783333333333333,-2.5933333333333333,-7.866666666666667,-3.65,-6.6866666666666665,-4.333333333333333,-2.41,-7.756666666666667,-7.096666666666667,-2.73,-1.2266666666666666,-4.413333333333333,,-3.493333333333333,,-1.7166666666666668,-2.7533333333333334,-2.6066666666666665,-7.8566666666666665,-4.693333333333333,-7.166666666666667,-2.26,-7.1066666666666665,-2.45,-3.38,-2.3,-2.61,-7.3533333333333335,-2.026666666666667,-6.056666666666667,-1.6466666666666665,-7.15,,-1.0766666666666667,-7.42,-7.033333333333333,-1.3466666666666667,-7.946666666666666,-5.086666666666667,-1.24,-7.98,-4.043333333333333,-5.01,-3.1266666666666665,-1.9966666666666666,-7.3966666666666665,-5.093333333333334,-2.4333333333333336,-8.0,-4.986666666666666,-3.1,-7.183333333333334,-5.836666666666667,-7.403333333333333,,-6.053333333333334
2024-11-19,-1.8266666666666667,-2.506666666666667,-7.433333333333334,-2.6833333333333336,-7.633333333333333,-1.6266666666666667,,-5.953333333333333,-4.726666666666667,-1.6566666666666667,-3.296666666666667,,-6.423333333333334,-4.1033333333333335,-6.02,-7.426666666666667,-6.8100000000000005,-7.483333333333333,-5.34,-7.6066666666666665,-5.693333333333333,-7.16,-7.19,-7.42,-1.3,-1.3866666666666667,-5.7,-6.09,-7.586666666666667,-5.73,-7.55,-2.2133333333333334,-7.57,-6.173333333333334,-3.7233333333333336,-6.6033333333333335,,-6.38,-6.403333333333333,-6.51,-1.6866666666666665,-5.083333333333333,,-1.3933333333333333,-2.37,-6.46,-1.1433333333333333,-3.183333333333333,-5.496666666666667,,-7.616666666666667,-5.97,-3.716666666666667,-7.376666666666667,-5.323333333333333,-4.256666666666667,-6.243333333333333,-5.01,-7.48,-1.4533333333333334,-7.32,-6.956666666666667,-3.3666666666666667,-7.24,,-4.523333333333333,-7.023333333333333,-5.456666666666667,-5.516666666666667,-4.6466666666666665,-6.533333333333333,-7.203333333333333,-1.45,-6.373333333333333,-5.1,-4.983333333333333,-4.093333333333334,-3.06,-7.23,,-6.17,-7.4,-3.013333333333333,-3.2266666666666666,-6.3133333333333335,-3.1133333333333333,-7.566666666666666,-5.473333333333334,-6.126666666666667,-7.04,-6.3966666666666665,-1.07,-5.33,-6.47,-1.4133333333333333,-7.976666666666667,-1.0966666666666667,-7.12,-7.3566666666666665,-1.27,-4.046666666666667,-2.9733333333333336,-1.9866666666666668,-1.1933333333333334,-7.016666666666667,-7.9399999999999995,-2.03,-7.006666666666667,-6.13,-4.08,-7.196666666666666,-7.25,-1.15,-1.7466666666666666,-7.713333333333333,-7.68,,-1.9133333333333333,-2.88,,,-4.736666666666666,-7.773333333333333,-5.85,-2.8666666666666667,-3.21,-1.5933333333333333,-1.5833333333333335,-4.6433333333333335,-6.416666666666667,,-1.6133333333333333,-3.4633333333333334,,-7.99,-1.1866666666666668,-2.796666666666667,-7.67,-7.446666666666666,-5.556666666666667,-7.31,-6.62,-7.503333333333333,-1.6766666666666667,-7.623333333333333,-1.2766666666666666,,-7.53,-5.756666666666667,-7.36,-7.466666666666667,-1.5133333333333332,,-1.1333333333333333,-1.2,-6.263333333333334,-6.536666666666667,,-7.003333333333333,-4.573333333333333,,-4.22,-6.493333333333333,-1.65,-2.49,-4.703333333333333,-3.64,,-2.9266666666666667,-5.933333333333334,-1.9366666666666665,-7.1466666666666665,-7.3533333333333335,-6.05,-6.763333333333334,-1.7833333333333332,-1.0366666666666666,-4.476666666666667,-7.39,-2.546666666666667,-4.92,-6.526666666666666,,-7.733333333333333,,,-3.8333333333333335,-7.903333333333333,-7.5633333333333335,-4.98,-6.576666666666666,-1.72,-4.336666666666667,,-7.883333333333333,-7.363333333333333,,-6.333333333333333,,-6.95,-3.163333333333333,-1.8766666666666667,-1.9233333333333333,-7.26,-4.29,,,-7.9,-2.3833333333333333,-7.696666666666666,,-4.54,-5.91,,-3.216666666666667,,,-7.156666666666666,-1.96,,-3.83,-2.8566666666666665,-1.5966666666666667,-6.266666666666667,-1.9433333333333334,-4.486666666666666,,-2.2466666666666666,-7.916666666666667,-3.8466666666666667,-2.7766666666666664,,-7.35,-4.5,,-3.6533333333333333,-1.9066666666666667,-5.666666666666667,-7.886666666666667,-1.9466666666666668,,-4.673333333333334,,,-5.8933333333333335,-3.77,-6.963333333333333,-5.766666666666667,-6.75,-6.4366666666666665,-3.44,-1.6366666666666667,-7.123333333333333,-4.8966666666666665,-2.4433333333333334,-2.52,,-6.6899999999999995,,-2.7933333333333334,-4.873333333333333,-1.71,-7.406666666666666,-2.8433333333333333,-7.056666666666667,-3.2333333333333334,-7.1066666666666665,-2.283333333333333,-4.316666666666666,-1.0733333333333333,-6.326666666666666,-7.236666666666666,-2.066666666666667,-7.0633333333333335,-1.43,-6.18,,-2.086666666666667,-4.41,-3.0433333333333334,-1.5533333333333332,-7.996666666666667,-3.3033333333333332,-1.11,-7.033333333333333,-3.0766666666666667,-4.026666666666666,-2.1166666666666667,-1.2233333333333334,-6.306666666666667,-5.153333333333333,-3.56,-8.0,-5.993333333333333,-7.176666666666667,-7.14,-3.2933333333333334,-7.28,,-4.053333333333334
2024-11-20,-1.8466666666666667,-1.5633333333333335,-1.32,-1.72,-7.6466666666666665,-1.65,-5.673333333333334,-4.963333333333333,-7.4,-1.7,-1.37,,-4.463333333333333,-2.11,-5.026666666666666,-6.483333333333333,-1.78,-7.446666666666666,-4.34,-7.6,-7.726666666666667,-7.156666666666666,-5.25,-5.46,-3.3533333333333335,-1.47,-4.706666666666667,-5.09,-7.61,-7.723333333333334,-7.576666666666666,-1.2166666666666668,-5.64,-4.113333333333333,-3.7766666666666664,-5.4366666666666665,,-6.456666666666667,-5.453333333333333,-6.546666666666667,-5.683333333333334,-6.076666666666666,,-1.3866666666666667,-1.3933333333333333,-1.48,-1.1766666666666667,-6.196666666666666,-6.566666666666666,-7.38,-6.54,-2.96,-5.75,-5.416666666666667,-7.246666666666667,-2.2933333333333334,-6.263333333333334,-1.01,-6.43,-1.4233333333333333,-7.366666666666666,-5.953333333333333,-2.44,-7.266666666666667,,-4.49,-7.036666666666667,-2.533333333333333,-2.5233333333333334,-4.623333333333333,-4.503333333333333,-3.236666666666667,,-7.326666666666666,-4.16,-4.946666666666666,-7.06,-1.1,-7.276666666666666,-1.8399999999999999,-7.163333333333333,-5.413333333333333,-2.006666666666667,-3.283333333333333,-5.303333333333334,-2.1533333333333333,-6.513333333333334,-7.183333333333334,-7.096666666666667,-6.04,-7.223333333333334,-2.1066666666666665,-2.4766666666666666,-7.473333333333334,-2.3733333333333335,-6.973333333333334,-2.086666666666667,-5.136666666666667,-7.426666666666667,-1.2433333333333334,-2.066666666666667,-1.1266666666666667,-1.7333333333333334,-1.2066666666666666,-6.02,-7.193333333333333,-5.043333333333333,-6.013333333333334,-4.15,-1.1333333333333333,-4.21,-6.29,-1.03,,-3.663333333333333,-4.703333333333333,,-1.95,-7.92,,,-5.746666666666667,-7.753333333333333,-6.876666666666667,-2.9266666666666667,-2.24,-3.5433333333333334,-1.5933333333333333,-6.656666666666666,-1.51,,-1.6433333333333333,-1.42,,-7.99,-2.2266666666666666,-2.836666666666667,-7.493333333333333,-7.35,-4.556666666666667,-6.383333333333334,,-6.553333333333334,-4.713333333333333,-6.583333333333333,-1.41,,-6.53,-3.6933333333333334,-7.466666666666667,-6.526666666666666,-7.5600000000000005,,-3.1233333333333335,-2.203333333333333,-3.22,-7.71,,-7.003333333333333,-5.756666666666667,,-5.1866666666666665,-7.57,-1.5066666666666668,-1.3433333333333333,-2.74,-5.6033333333333335,,-7.773333333333333,-7.6066666666666665,-1.9433333333333334,-7.12,-3.4066666666666667,-5.08,-2.783333333333333,-2.73,-1.0333333333333334,-7.516666666666667,-5.336666666666667,-3.586666666666667,-7.93,-1.4966666666666666,,-6.796666666666667,,,-7.86,-7.843333333333334,-6.666666666666667,-1.9866666666666668,-6.58,-1.9233333333333333,-7.363333333333333,,-7.826666666666666,-7.36,,-7.3566666666666665,,-5.98,-4.18,-1.94,-1.9333333333333333,-6.28,-6.346666666666667,,,-6.916666666666667,-5.403333333333333,-7.833333333333333,,-6.59,-7.873333333333333,,-7.253333333333333,,,-5.1466666666666665,-1.97,,-1.85,-1.8833333333333333,-1.6366666666666667,,-1.9666666666666668,-5.52,,-7.26,-7.716666666666667,-1.8966666666666665,-5.793333333333333,,-1.3966666666666667,-5.316666666666666,,-4.66,-1.9100000000000001,-4.6899999999999995,-6.67,-1.9,,-5.736666666666666,,,-7.863333333333333,-1.8,-7.976666666666667,-7.79,-6.766666666666667,-7.5,-7.433333333333334,-2.5366666666666666,-1.1433333333333333,-3.9366666666666665,-3.63,-1.55,,-4.77,,-1.8166666666666667,-7.913333333333333,-3.6966666666666668,-6.273333333333333,-7.89,-7.07,-3.2133333333333334,-6.13,-3.296666666666667,-6.3133333333333335,-4.053333333333334,-5.31,-1.23,-1.1033333333333333,-7.0633333333333335,-1.3766666666666667,-7.19,,-7.073333333333333,-2.4433333333333334,-7.05,-2.6533333333333333,-7.996666666666667,-7.613333333333333,-1.0833333333333333,-7.016666666666667,-3.0933333333333333,-1.0466666666666666,-1.1166666666666667,-2.0233333333333334,-5.333333333333333,-1.1666666666666667,-1.5966666666666667,-7.0,-6.993333333333333,-6.233333333333333,-6.14,-7.27,-6.286666666666667,,-4.056666666666667
2024-11-21,-3.8666666666666667,-2.59,-1.28,-2.743333333333333,-5.626666666666667,-1.67,-1.6666666666666665,-7.783333333333333,-7.293333333333333,-2.77,-1.44,,-3.4833333333333334,-1.0933333333333333,-5.033333333333333,-6.493333333333333,-2.7466666666666666,-6.373333333333333,-3.3966666666666665,-6.61,-7.696666666666666,-3.16,-5.303333333333334,-7.466666666666667,-1.4233333333333333,-1.5166666666666666,-4.723333333333334,-1.08,-7.62,-6.7,-6.57,-1.2133333333333334,-3.873333333333333,-3.1033333333333335,-2.8066666666666666,-6.326666666666666,,-7.486666666666666,-5.46,-4.586666666666667,-2.6766666666666667,-6.0633333333333335,,-1.4133333333333333,-2.4166666666666665,-5.443333333333333,-2.1866666666666665,-2.2266666666666666,-7.593333333333334,-7.176666666666667,-7.453333333333333,-1.5466666666666666,-6.766666666666667,-7.41,-6.173333333333334,-1.3233333333333333,-7.24,-2.01,-6.386666666666667,-2.36,-7.433333333333334,-1.9666666666666668,-1.6166666666666667,-6.25,,-3.43,-6.04,-3.58,-5.523333333333333,-4.583333333333333,-4.713333333333333,-1.27,,-6.403333333333333,-3.3066666666666666,-7.3533333333333335,-7.043333333333333,-4.19,-7.23,-1.8599999999999999,-4.163333333333333,-7.3933333333333335,-1.0066666666666666,-5.34,-7.29,-1.22,-7.473333333333334,-7.14,-7.09,-5.026666666666666,-7.18,-3.15,-4.5633333333333335,-7.48,-3.32,-5.976666666666667,-1.07,-7.13,-5.446666666666666,-3.2066666666666666,-1.0666666666666667,-1.0766666666666667,-1.6066666666666667,-5.223333333333334,-6.03,-7.11,-7.046666666666667,-7.016666666666667,-1.1666666666666667,-7.156666666666666,-3.3466666666666667,-7.286666666666667,-1.02,,-6.576666666666666,-7.703333333333333,,-2.953333333333333,-7.933333333333334,,,-5.72,-6.733333333333333,-1.87,-7.9366666666666665,-1.2666666666666666,-5.506666666666667,-4.536666666666667,-7.6466666666666665,-2.5300000000000002,,-3.66,-2.3666666666666667,,-7.996666666666667,-3.26,-7.843333333333334,-7.35,-4.33,-3.533333333333333,-5.45,,-7.596666666666667,-6.6866666666666665,-5.476666666666667,-1.6633333333333333,,-7.51,-5.656666666666666,-7.5,-6.54,-3.6366666666666667,,-6.113333333333333,-3.2333333333333334,-7.183333333333334,-5.8533333333333335,,-7.003333333333333,-6.89,-2.203333333333333,-7.1466666666666665,,-1.4066666666666667,-1.2733333333333334,-7.756666666666667,-7.55,,-7.573333333333333,-7.49,-1.8399999999999999,-7.1066666666666665,-2.4,-4.1,-1.7866666666666666,-2.69,-4.023333333333333,-6.543333333333333,-6.3,-2.6533333333333333,-6.93,-2.4633333333333334,,-4.92,,,-7.836666666666667,-7.773333333333333,-1.8566666666666667,-1.97,-5.613333333333333,-3.96,-5.39,,-5.803333333333334,-7.38,,-7.376666666666667,,-4.983333333333333,-7.243333333333333,-1.9433333333333334,-1.9100000000000001,-7.256666666666667,-7.3566666666666665,,,-2.9266666666666667,-6.4366666666666665,-7.9399999999999995,,-7.6033333333333335,-6.826666666666666,,-7.246666666666667,,,-7.1433333333333335,-1.9466666666666668,,-6.833333333333333,-1.8866666666666667,-7.64,,-7.963333333333333,-3.5566666666666666,,-6.263333333333334,-5.503333333333333,-1.8966666666666665,-4.796666666666667,,-1.42,-7.3133333333333335,,-5.71,-4.8133333333333335,-3.6933333333333334,-7.553333333333334,-1.9866666666666668,,-6.736666666666666,,,-6.793333333333333,-1.8166666666666667,-5.98,,-7.726666666666667,-7.52,-6.383333333333334,-3.5266666666666664,-3.1366666666666667,-4.95,-3.7533333333333334,-1.56,,-7.74,,-1.88,-6.923333333333334,-5.68,-5.21,-7.903333333333333,-7.116666666666666,-3.236666666666667,-6.126666666666667,-7.333333333333333,-4.283333333333333,-2.0566666666666666,-6.296666666666667,-2.2533333333333334,-6.133333333333334,-5.053333333333334,-1.4566666666666666,-7.216666666666667,,-6.086666666666667,-1.47,-7.05,,-7.99,-1.9566666666666666,-1.0733333333333333,-6.013333333333334,-3.0833333333333335,-1.0966666666666667,-1.12,-3.0366666666666666,-4.343333333333334,-3.1533333333333333,-2.6333333333333333,-7.0,-7.973333333333334,-5.31,-7.123333333333333,-7.196666666666666,-5.276666666666666,,-2.06
2024-11-22,-4.796666666666667,-2.5766666666666667,-2.216666666666667,-1.75,-5.613333333333333,-2.6933333333333334,-2.68,-7.633333333333333,-6.27,-3.81,-2.4699999999999998,,-2.43,-2.0566666666666666,-4.023333333333333,-7.483333333333333,-3.61,-5.3,-2.236666666666667,-5.5633333333333335,-7.71,-3.1466666666666665,-3.3033333333333332,-6.4366666666666665,-1.4233333333333333,-2.5566666666666666,-7.7,-2.0633333333333335,-6.616666666666667,-6.676666666666667,-5.54,-2.2133333333333334,-2.913333333333333,-1.1066666666666667,-4.833333333333333,-7.25,,-7.486666666666666,-3.4333333333333336,-6.596666666666667,-3.6866666666666665,-7.076666666666666,,-1.3966666666666667,-3.4033333333333333,-5.383333333333334,-3.19,-3.2533333333333334,-7.543333333333333,-7.163333333333333,-7.42,-1.49,-7.823333333333333,-7.406666666666666,-5.136666666666667,-2.3433333333333333,-7.206666666666667,-1.0066666666666666,-3.3633333333333333,-3.34,-7.453333333333333,-1.9866666666666668,-1.9733333333333334,-6.243333333333333,,-2.4766666666666666,-5.03,-2.5833333333333335,-1.5066666666666668,-4.526666666666666,-3.9633333333333334,-2.263333333333333,,-5.6,-3.67,-6.296666666666667,-6.04,-1.95,-7.2,-2.8633333333333333,-5.17,-6.376666666666667,-1.0133333333333334,-5.473333333333334,-6.276666666666666,-2.38,-6.4,-7.09,-7.083333333333333,-4.033333333333333,-6.15,-4.226666666666667,-4.53,-5.65,-3.283333333333333,-5.976666666666667,-2.086666666666667,-7.1433333333333335,-3.4266666666666667,-4.193333333333333,-2.0933333333333333,-3.046666666666667,-1.3599999999999999,-6.233333333333333,-5.036666666666667,-7.073333333333333,-7.096666666666667,-7.016666666666667,-2.1733333333333333,-6.16,-3.94,-7.273333333333333,-1.0266666666666666,,-7.443333333333333,,,-3.9166666666666665,-7.906666666666666,,,-7.716666666666667,-6.73,-7.8533333333333335,-6.93,-1.2866666666666666,-7.456666666666667,-2.413333333333333,-7.62,-3.5233333333333334,,-3.6466666666666665,-3.2933333333333334,,-4.99,-4.306666666666667,-6.886666666666667,-6.23,-4.28,-1.51,-4.513333333333334,,-6.59,-6.733333333333333,-4.336666666666667,-1.9433333333333334,,-6.466666666666667,-6.593333333333334,-6.503333333333333,-6.553333333333334,-6.63,,-7.066666666666666,-5.246666666666667,-7.18,-4.923333333333334,,-6.003333333333333,-7.933333333333334,-2.223333333333333,-7.13,,-2.44,-3.1966666666666668,-7.763333333333334,-7.496666666666667,,-5.566666666666666,-7.416666666666667,-1.5866666666666667,-7.1033333333333335,-1.3733333333333333,-3.1166666666666667,-2.8066666666666666,-4.706666666666667,-5.02,-4.573333333333333,-5.333333333333333,-2.7733333333333334,-6.89,-3.41,,-5.91,,,-7.83,-6.663333333333333,-2.9266666666666667,-1.6066666666666667,-5.623333333333333,-4.953333333333333,-5.39,,-7.8133333333333335,-6.366666666666666,,-6.37,-3.3133333333333335,-6.98,-7.33,-1.9366666666666665,-1.8166666666666667,-7.266666666666667,-7.326666666666666,,,-2.7533333333333334,-7.46,-7.9,,-6.58,-7.74,,-6.1866666666666665,,,-5.126666666666667,-1.9566666666666666,,-7.77,-2.8666666666666667,-7.666666666666667,,-6.97,-3.546666666666667,,-5.183333333333334,-6.346666666666667,-2.873333333333333,-4.776666666666666,,-3.3933333333333335,-7.533333333333333,,-6.656666666666666,,-2.6433333333333335,-7.6033333333333335,-1.7666666666666666,,-5.66,,,-6.736666666666666,-3.8433333333333333,-6.983333333333333,,-6.703333333333333,-7.5,-5.3533333333333335,-4.52,-3.1233333333333335,-7.92,-5.87,-2.56,,-7.64,,-2.88,-6.8933333333333335,-4.683333333333334,-4.176666666666667,-7.883333333333333,-7.26,-6.203333333333333,-5.12,-7.316666666666666,-5.22,-4.06,-7.29,-3.3866666666666667,-7.153333333333333,-4.043333333333333,-1.7566666666666668,-7.256666666666667,,-5.1,-1.45,-6.053333333333334,,-7.946666666666666,-4.966666666666667,-1.07,-6.01,-1.08,-3.24,-1.11,-4.996666666666667,-3.3566666666666665,-3.1333333333333333,-5.6899999999999995,-8.0,-7.96,-4.31,-6.113333333333333,-7.166666666666667,-5.32,-7.35,-2.05
2024-11-25,-5.693333333333333,-2.59,-3.2066666666666666,-1.81,-6.633333333333333,-4.773333333333333,-3.703333333333333,-6.613333333333333,-5.29,-5.776666666666666,-2.4966666666666666,,-4.323333333333333,-3.07,-6.023333333333333,-7.486666666666666,-5.523333333333333,-7.27,-1.2,-4.5600000000000005,-7.736666666666666,-3.1366666666666667,-1.34,-5.44,-1.4466666666666668,-1.5699999999999998,-1.6866666666666665,-3.0733333333333333,-5.626666666666667,-5.726666666666667,-4.55,-4.216666666666667,-2.9033333333333333,-2.11,-7.836666666666667,-5.226666666666667,,-6.533333333333333,-7.426666666666667,-1.6099999999999999,-5.696666666666666,-7.086666666666667,,-2.5733333333333333,-4.413333333333333,-7.36,-4.203333333333333,-7.26,-7.596666666666667,-7.236666666666666,-7.4,-1.4166666666666667,-7.816666666666666,-7.423333333333334,-4.123333333333333,-1.4533333333333334,-5.246666666666667,-2.006666666666667,-2.35,-4.316666666666666,-6.49,-3.99,-1.9733333333333334,-6.233333333333333,,-5.516666666666667,-4.03,-1.5766666666666667,-1.5133333333333332,-5.48,-2.98,-7.283333333333333,,-4.96,-5.663333333333333,-7.293333333333333,-5.04,-3.8633333333333333,-7.1866666666666665,-2.87,-1.23,-7.363333333333333,-1.02,-6.47,-4.273333333333333,-1.6,-7.403333333333333,-7.056666666666667,-6.083333333333333,-3.026666666666667,-7.153333333333333,-5.37,-5.406666666666666,-7.926666666666667,-5.256666666666667,-3.9633333333333334,-3.0933333333333333,-7.14,-1.43,-5.196666666666666,-4.096666666666667,-1.06,-1.16,-7.24,-5.033333333333333,-5.0633333333333335,-6.1066666666666665,-7.016666666666667,-3.25,-7.193333333333333,-1.9933333333333332,-7.286666666666667,-3.0366666666666666,,-5.383333333333334,,,-2.9066666666666667,-4.89,,-1.8466666666666667,-7.713333333333333,-6.72,-6.8933333333333335,-5.9399999999999995,-1.3066666666666666,-6.443333333333333,-1.3466666666666667,-5.66,-2.54,,-5.636666666666667,-5.253333333333333,,-3.9833333333333334,-5.4366666666666665,-1.9100000000000001,-4.17,-2.276666666666667,-1.5466666666666666,-3.5533333333333332,,-4.58,-7.743333333333333,-3.2800000000000002,-1.97,,-7.45,-7.526666666666666,-5.493333333333333,-6.556666666666667,-6.543333333333333,,-7.043333333333333,-4.266666666666667,-7.183333333333334,-2.9366666666666665,,-4.003333333333333,-7.93,-3.22,-5.1,,-3.52,-1.19,-7.793333333333333,-7.3566666666666665,,-4.51,-6.366666666666666,-1.6066666666666667,-6.09,-1.3866666666666667,-2.1433333333333335,-3.796666666666667,-4.6899999999999995,-6.013333333333334,-3.586666666666667,-6.433333333333334,-3.6833333333333336,-7.8566666666666665,-1.42,-6.223333333333334,-7.916666666666667,,,-5.806666666666667,-5.6033333333333335,-2.9466666666666668,-1.5933333333333333,-6.616666666666667,-3.953333333333333,-5.3966666666666665,,-7.8533333333333335,-3.3933333333333335,,-5.373333333333333,-5.31,-7.95,-7.5633333333333335,-1.9433333333333334,-4.716666666666667,-6.263333333333334,-7.333333333333333,,,-1.65,-7.463333333333333,-7.88,,-5.583333333333333,-1.7533333333333334,,-6.163333333333333,,,-4.126666666666667,-7.976666666666667,,-7.706666666666667,-3.873333333333333,-7.68,,-3.966666666666667,-4.67,,-4.166666666666667,-3.3266666666666667,-3.876666666666667,-4.763333333333334,,-4.39,-7.8,,-7.6433333333333335,,-1.6533333333333333,-7.733333333333333,-1.3033333333333332,,-2.6466666666666665,,,-5.746666666666667,-3.86,-7.913333333333333,,-5.723333333333334,-6.5,-6.38,-5.456666666666667,-2.1466666666666665,-6.923333333333334,-6.826666666666666,-3.5666666666666664,,-7.623333333333333,-5.82,-3.8333333333333335,-5.9,-4.71,-4.176666666666667,-7.883333333333333,-5.933333333333334,-7.21,-7.113333333333333,-5.343333333333334,-7.213333333333333,-7.08,-7.3133333333333335,-4.766666666666667,-7.243333333333333,-3.046666666666667,-1.9566666666666666,-5.296666666666667,,-4.156666666666666,-1.4666666666666668,-5.066666666666666,,-7.13,-1.32,-1.0766666666666667,-7.01,-1.0533333333333332,-4.18,-1.12,-5.996666666666667,-3.336666666666667,-7.133333333333334,-6.756666666666667,-8.0,-7.506666666666667,-3.3533333333333335,-1.1033333333333333,-7.15,-3.33,-6.376666666666667,-1.05
2024-11-26,-6.6466666666666665,-1.6133333333333333,-6.22,-1.8833333333333333,-2.663333333333333,-6.793333333333333,-3.7333333333333334,-5.616666666666667,-2.3266666666666667,-6.673333333333334,-5.4366666666666665,,-1.23,-4.0633333333333335,-3.026666666666667,,-7.47,-6.25,-1.1166666666666667,-3.546666666666667,-4.756666666666667,-1.15,-1.3633333333333333,-4.45,-1.4666666666666668,-2.5,-2.6866666666666665,-2.0733333333333333,-5.65,-3.7766666666666664,-3.55,-1.2633333333333332,-1.67,-7.1433333333333335,-7.8133333333333335,-2.216666666666667,,-6.656666666666666,-6.44,-1.6066666666666667,-3.71,-5.093333333333334,,-3.63,-5.483333333333333,-3.3733333333333335,-5.236666666666666,-7.28,-7.703333333333333,-7.243333333333333,-4.38,-1.3599999999999999,-7.846666666666667,-6.443333333333333,-3.1266666666666665,-1.7966666666666666,-1.35,-3.006666666666667,-1.3666666666666667,-4.316666666666666,-4.66,-4.973333333333334,-1.94,-3.2733333333333334,,-6.59,-3.0366666666666666,-6.536666666666667,-1.54,-4.453333333333333,-3.986666666666667,-5.3,,-1.9633333333333334,-7.336666666666667,-7.256666666666667,-4.033333333333333,-5.193333333333333,-5.213333333333333,-1.8333333333333335,-2.223333333333333,-3.3866666666666667,-1.07,-6.473333333333334,-1.33,-5.5600000000000005,-6.3966666666666665,-7.043333333333333,-5.086666666666667,-2.0166666666666666,-4.18,-5.31,-2.3533333333333335,-6.956666666666667,-2.2666666666666666,-2.87,-4.156666666666666,-7.1466666666666665,-1.4566666666666666,-4.206666666666667,-2.1233333333333335,-4.053333333333334,-1.08,-5.253333333333333,-2.04,-4.06,-5.14,-4.013333333333334,-4.27,-5.196666666666666,-1.9933333333333332,-6.29,-1.09,,-4.37,,,-1.8566666666666667,-3.8666666666666667,,-2.83,-7.713333333333333,-7.696666666666666,-1.9033333333333333,-5.946666666666666,-1.3033333333333332,-7.423333333333334,-1.34,-5.706666666666667,-3.5733333333333333,,-2.6366666666666667,-6.233333333333333,,-7.983333333333333,-6.556666666666667,-2.9266666666666667,-3.1766666666666667,-1.2966666666666666,-1.58,-2.5766666666666667,,-7.52,,-2.276666666666667,-1.96,,-6.46,-7.486666666666666,-4.48,-1.5433333333333334,-1.4266666666666667,,-7.023333333333333,-4.376666666666667,-2.1866666666666665,-1.9166666666666665,,-3.0033333333333334,-7.85,-1.2266666666666666,-1.1066666666666667,,-3.7233333333333336,-2.21,-4.806666666666667,-6.3566666666666665,,-2.4966666666666666,-4.446666666666666,-2.69,-7.1,-1.3833333333333333,-1.1833333333333333,-4.77,-6.64,-6.01,-2.623333333333333,-6.523333333333333,-5.61,-4.803333333333334,-2.4766666666666666,-4.246666666666667,-7.843333333333334,,,-4.8,-2.586666666666667,-4.9366666666666665,-1.8966666666666665,-3.5933333333333333,-3.9433333333333334,-1.4033333333333333,,-7.92,-2.4633333333333334,,-4.4,-6.3133333333333335,-1.7,-7.406666666666666,-2.95,-3.6433333333333335,-3.26,-2.39,,,-1.6033333333333335,-5.51,-7.79,,-4.626666666666667,-2.7266666666666666,,-4.17,,,-7.12,-7.99,,-7.68,-4.886666666666667,-6.683333333333334,,-3.966666666666667,-5.786666666666667,,-3.1666666666666665,-6.343333333333334,-4.89,-3.76,,-5.3933333333333335,-7.42,,-7.596666666666667,,-1.6533333333333333,-7.953333333333333,-1.1533333333333333,,-2.6,,,-1.78,-5.8533333333333335,-4.53,,-5.72,-4.533333333333333,-3.4166666666666665,-6.43,-2.1733333333333333,-7.91,-6.753333333333333,-3.57,,-7.553333333333334,-4.86,-7.736666666666666,-4.913333333333333,,-2.203333333333333,-5.88,-7.98,-7.2,-1.13,-6.333333333333333,-6.24,-7.083333333333333,-7.346666666666667,-5.933333333333334,-5.306666666666667,-7.03,-2.9699999999999998,-5.283333333333333,,-3.413333333333333,-1.9233333333333333,-4.066666666666666,,-7.056666666666667,-4.163333333333333,-1.0766666666666667,-2.02,-1.0466666666666666,-1.1033333333333333,-1.16,-5.996666666666667,-5.32,-6.136666666666667,-7.816666666666666,-3.0,-7.096666666666667,-2.493333333333333,-1.1133333333333333,-7.133333333333334,-2.2933333333333334,-5.49,-4.05
2024-11-27,-7.6433333333333335,-7.64,-5.223333333333334,-3.8966666666666665,-1.6966666666666668,-7.8133333333333335,-3.756666666666667,-4.713333333333333,-1.41,-6.5600000000000005,-5.42,-2.9033333333333333,-1.1966666666666668,-5.073333333333333,-1.04,,-7.3933333333333335,-5.29,-1.0966666666666667,-2.5433333333333334,-2.7766666666666664,-1.1333333333333333,-2.3433333333333333,-3.473333333333333,-1.4333333333333333,-2.44,-7.616666666666667,-1.0933333333333333,-2.6533333333333333,-1.8166666666666667,-2.5566666666666666,-1.2666666666666666,-1.5899999999999999,-6.15,-7.746666666666667,-7.23,,-6.863333333333333,-1.46,-1.5733333333333333,-1.71,-5.11,,-7.546666666666667,-6.516666666666667,-3.3833333333333333,-4.253333333333333,-7.236666666666666,-7.906666666666666,-6.213333333333333,-1.3633333333333333,-1.3733333333333333,-6.83,-3.493333333333333,-2.14,-1.87,-4.416666666666667,-4.006666666666667,-6.34,-5.3133333333333335,-2.74,-4.926666666666667,-4.49,-2.35,,-7.67,-3.05,-6.503333333333333,-2.5533333333333332,-2.4766666666666666,-3.9833333333333334,-4.3,,-1.73,-6.156666666666666,-6.246666666666667,-2.0566666666666666,-3.0833333333333335,-2.36,-2.7933333333333334,-2.216666666666667,-2.4,-1.9866666666666668,-6.423333333333334,-1.37,-4.386666666666667,-2.4033333333333333,-6.043333333333333,-4.1033333333333335,-1.0166666666666666,-3.183333333333333,-7.283333333333333,-2.3266666666666667,-5.953333333333333,-1.3166666666666667,-2.413333333333333,-3.163333333333333,-4.12,-3.4433333333333334,-6.21,-1.13,-4.03,-1.0333333333333334,-3.276666666666667,-1.06,-3.0633333333333335,-4.136666666666667,-3.02,-4.26,-3.19,-2.9966666666666666,-7.303333333333334,-1.1733333333333333,,-1.33,,,-1.8233333333333333,,,-1.8033333333333332,-7.703333333333333,-5.693333333333333,-3.8933333333333335,-3.9433333333333334,-1.2866666666666666,-6.453333333333333,-1.3233333333333333,-3.75,-3.6566666666666667,,-2.6333333333333333,-5.25,,-7.973333333333334,-7.583333333333333,-3.92,-2.1866666666666665,-1.3366666666666667,-1.7166666666666668,-1.6033333333333335,,-4.463333333333333,,-1.28,-2.95,,-5.526666666666666,-5.466666666666667,-4.4366666666666665,-1.55,-3.3533333333333335,,-6.01,-3.4066666666666667,-1.1933333333333334,-1.7833333333333332,,-2.0033333333333334,-7.626666666666667,-1.22,-1.1066666666666667,,-1.8533333333333335,-3.2333333333333334,,-5.366666666666666,,-2.5633333333333335,-7.47,-7.736666666666666,-6.123333333333333,-2.38,-1.2066666666666666,-2.7533333333333334,-6.58,-4.013333333333334,-1.62,-4.61,-1.5066666666666668,-3.7,-3.54,-2.256666666666667,-6.773333333333333,,,-1.8,-1.6666666666666665,-4.9,-1.9633333333333334,-1.5933333333333333,-7.923333333333334,-1.3966666666666667,,-6.9366666666666665,-1.52,,-2.4266666666666667,-7.306666666666667,-2.513333333333333,-6.31,-3.9466666666666668,-6.613333333333333,-1.27,-1.4566666666666666,,,-1.5666666666666667,-2.4966666666666666,-5.68,,-3.65,-3.66,,-2.1666666666666665,-2.7266666666666666,,-6.113333333333333,-5.99,,-7.663333333333333,-5.883333333333333,-1.69,,-5.956666666666667,-7.93,,-2.16,-1.3333333333333333,-5.876666666666667,,,-6.39,-3.32,,-6.53,,-1.6733333333333333,-6.966666666666667,-1.09,-3.5,-7.57,,,-1.8466666666666667,-5.836666666666667,-1.3566666666666667,,-5.706666666666667,-3.5966666666666667,-2.486666666666667,-7.43,-1.18,-7.786666666666667,-7.676666666666667,-2.6066666666666665,,-2.5233333333333334,-3.873333333333333,-1.6233333333333333,-3.913333333333333,,-1.2033333333333334,-3.88,-5.976666666666667,-7.17,-1.1533333333333333,-7.273333333333333,-4.293333333333333,-6.08,-7.346666666666667,-6.82,-4.48,-6.026666666666666,-2.96,-6.24,,-2.9699999999999998,-1.98,-3.0766666666666667,,-6.053333333333334,-1.0866666666666667,-3.1,-1.0233333333333334,-2.0366666666666666,-1.07,-1.1766666666666667,-6.993333333333333,-6.296666666666667,-5.1466666666666665,-5.843333333333334,-3.0,-6.066666666666666,-1.4833333333333334,-1.1433333333333333,-6.126666666666667,-1.2,-4.576666666666666,-3.046666666666667
2024-11-28,-7.64,-6.6466666666666665,-7.23,-2.9,-2.71,-7.8100000000000005,-6.746666666666667,-3.85,-2.3733333333333335,-7.49,-6.41,-3.9266666666666667,-2.17,-6.083333333333333,-1.07,,-7.363333333333333,-4.323333333333333,-1.0733333333333333,-1.5233333333333334,-4.766666666666667,-1.1666666666666667,-3.3666666666666667,-7.503333333333333,-2.3933333333333335,-5.3966666666666665,-7.576666666666666,-1.0966666666666667,-1.6566666666666667,-1.8533333333333335,-1.54,-1.29,-1.8733333333333333,-5.1433333333333335,-7.7,-7.25,,-5.9399999999999995,-1.46,-4.5633333333333335,-2.6833333333333336,-4.123333333333333,,-6.65,-7.566666666666666,-2.453333333333333,-5.306666666666667,-5.256666666666667,-7.9366666666666665,-7.203333333333333,-3.336666666666667,-1.38,-7.796666666666667,-5.526666666666666,-1.15,-2.913333333333333,-5.443333333333333,-7.006666666666667,-7.326666666666666,-7.316666666666666,-1.9100000000000001,-4.623333333333333,-4.246666666666667,-2.413333333333333,,-7.82,-1.0366666666666666,-5.42,-1.5733333333333333,-3.5,-7.973333333333334,-5.286666666666667,,-1.3866666666666667,-7.1,-7.236666666666666,-2.066666666666667,-5.033333333333333,-2.6966666666666668,-3.7333333333333334,-4.226666666666667,-4.426666666666667,-1.9966666666666666,-7.4,-2.4766666666666666,-6.333333333333333,-7.45,-5.053333333333334,-7.116666666666666,-1.0133333333333334,-3.2133333333333334,-4.3566666666666665,-1.3599999999999999,-5.966666666666667,-3.3766666666666665,-1.2966666666666666,-7.193333333333333,-5.11,-3.466666666666667,-7.22,-7.133333333333334,-7.02,-5.04,-6.31,-1.0633333333333332,-1.0933333333333333,-3.1033333333333335,-3.026666666666667,-7.283333333333333,-2.1966666666666668,-3.993333333333333,-6.346666666666667,-1.9566666666666666,,-2.3133333333333335,,,-3.8133333333333335,,-6.713333333333333,-1.7766666666666666,-6.6866666666666665,-4.68,-3.88,-2.9333333333333336,-2.26,-7.48,-2.32,-1.7566666666666668,-3.7266666666666666,,-1.6366666666666667,-7.253333333333333,,-7.953333333333333,-7.51,-2.9066666666666667,-2.1866666666666665,-3.37,-1.92,-2.6433333333333335,,-1.4566666666666666,,-1.2933333333333334,-1.96,,-4.6033333333333335,-4.473333333333334,-2.4066666666666667,-3.5433333333333334,-5.263333333333334,,-7.01,-1.6099999999999999,-7.183333333333334,-1.5966666666666667,,-1.0033333333333334,-7.4366666666666665,-1.2733333333333334,-1.1066666666666667,,-7.87,-4.3,,-7.423333333333334,,-2.4699999999999998,-6.716666666666667,-6.833333333333333,-5.126666666666667,-2.3833333333333333,-1.2233333333333334,-7.72,-7.513333333333334,-6.016666666666667,-2.5933333333333333,-1.56,-2.4033333333333333,-5.6066666666666665,-6.57,-2.276666666666667,-7.73,,,-2.79,-1.7733333333333334,-1.76,-1.98,-6.63,-7.846666666666667,-2.39,-7.836666666666667,-2.93,-1.6266666666666667,,-2.4833333333333334,-7.303333333333334,-3.4966666666666666,-7.21,-3.9433333333333334,-7.556666666666667,-2.24,-1.5866666666666667,,,-2.5533333333333332,-6.44,-7.67,-4.916666666666667,-2.69,-4.59,,-2.1766666666666667,-3.7533333333333334,,-5.113333333333333,-6.976666666666667,,-7.633333333333333,-6.876666666666667,-2.6666666666666665,,-7.95,-6.963333333333333,,-1.16,-2.34,-6.863333333333333,,,-7.416666666666667,-7.156666666666666,,-7.486666666666666,,-1.6633333333333333,-5.97,-2.09,-1.5066666666666668,-6.53,,,-3.9033333333333333,-1.7933333333333334,-7.28,,-3.6733333333333333,-1.6600000000000001,-2.55,-7.463333333333333,-7.206666666666667,-7.703333333333333,-7.583333333333333,-1.6166666666666667,,-3.4466666666666668,-7.883333333333333,-2.52,-1.8900000000000001,,-3.2333333333333334,-1.8866666666666667,-3.99,-7.1466666666666665,-3.1533333333333333,-1.2666666666666666,-5.343333333333334,-2.08,-7.33,-7.493333333333333,-4.803333333333334,-5.023333333333333,-7.946666666666666,-7.216666666666667,,-2.9833333333333334,-1.9866666666666668,-1.0866666666666667,,-6.046666666666667,-6.056666666666667,-1.13,-7.043333333333333,-2.03,-1.0766666666666667,-2.2,-7.18,-6.27,-4.14,-7.866666666666667,-3.0,-7.06,-1.83,-3.1733333333333333,-7.136666666666667,-1.1633333333333333,-2.8266666666666667,-1.05
2024-11-29,-6.636666666666667,-5.66,-6.23,-1.8533333333333335,-1.67,-6.74,-6.723333333333334,-1.8966666666666665,-2.3033333333333332,-7.406666666666666,-6.37,-2.9033333333333333,-1.1433333333333333,-7.083333333333333,-1.1333333333333333,,-5.276666666666666,-3.4033333333333333,-1.0466666666666666,-1.4833333333333334,-1.7266666666666666,-1.2233333333333334,-4.43,-6.52,-1.3733333333333333,-6.273333333333333,-6.49,-1.1133333333333333,-1.62,-1.8566666666666667,-2.533333333333333,-1.3466666666666667,-1.9666666666666668,-4.173333333333334,-3.5766666666666667,-7.193333333333333,,-2.9433333333333334,-1.4366666666666665,-5.553333333333334,-2.6133333333333333,-2.1766666666666667,,-5.386666666666667,-7.626666666666667,-1.5899999999999999,-5.34,-3.243333333333333,-6.9366666666666665,-6.366666666666666,-2.32,-2.716666666666667,-6.76,-1.5966666666666667,-1.2,-1.8,-7.326666666666666,-7.006666666666667,-3.3233333333333333,-5.31,-1.9266666666666667,-5.38,-4.1066666666666665,-1.8399999999999999,,-5.906666666666666,-1.0133333333333334,-2.2800000000000002,-7.633333333333333,-1.5,-5.956666666666667,,,-1.1366666666666667,-6.066666666666666,-6.266666666666667,-1.07,-3.02,-1.95,-3.6466666666666665,-3.1866666666666665,-2.466666666666667,-2.9966666666666666,-7.713333333333333,-2.68,-5.46,-5.47,-4.056666666666667,-6.12,-1.0166666666666666,-1.25,-4.89,-1.6166666666666667,-4.953333333333333,-1.5133333333333332,-1.1633333333333333,-6.35,-4.1,-3.44,-7.263333333333334,-3.2066666666666666,-7.023333333333333,-4.026666666666666,-2.3933333333333335,-1.0433333333333334,-1.0866666666666667,-2.09,-1.0766666666666667,-6.216666666666667,-1.22,-4.993333333333333,-5.446666666666666,-1.98,,-3.27,,,-4.833333333333333,,-5.663333333333333,-1.72,-5.6033333333333335,-7.61,-5.82,-2.9,-3.3166666666666664,-6.473333333333334,-2.3133333333333335,-1.71,-5.8133333333333335,,-2.6566666666666667,-7.343333333333334,,-4.673333333333334,-7.3966666666666665,-5.836666666666667,-2.2133333333333334,-3.3766666666666665,-1.9100000000000001,-1.7633333333333332,,-2.4433333333333334,,-1.2366666666666666,-2.9633333333333334,,-3.8066666666666666,-3.4566666666666666,-1.33,-3.51,-7.196666666666666,,-6.01,-1.8866666666666667,-6.183333333333334,-1.4333333333333333,,-1.0033333333333334,-6.283333333333333,-1.56,-1.1033333333333333,,-6.916666666666667,-4.706666666666667,,-7.55,,-1.4266666666666667,-5.933333333333334,-5.773333333333333,-2.14,-1.3333333333333333,-1.2933333333333334,-6.6433333333333335,-7.383333333333334,-5.05,-1.6066666666666667,-1.48,-1.3366666666666667,-4.526666666666666,-7.65,-1.3900000000000001,-4.693333333333333,-2.7,,-3.7766666666666664,-1.8733333333333333,-2.54,-2.9766666666666666,-2.743333333333333,-5.78,-2.4166666666666665,-7.816666666666666,-1.8933333333333333,-1.7933333333333334,,-1.5433333333333334,-7.3566666666666665,-4.453333333333333,-7.096666666666667,-7.92,-7.486666666666666,-1.21,-1.79,,,-3.493333333333333,-6.413333333333333,-7.593333333333334,-4.863333333333333,-1.6866666666666665,-5.503333333333333,,-2.18,-1.7666666666666666,,-3.1233333333333335,-3.9466666666666668,,-6.573333333333333,-7.826666666666666,-3.57,,-7.923333333333334,-6.96,,-1.1666666666666667,,-7.823333333333333,,,-7.463333333333333,-3.08,,-6.41,,,-5.97,-1.0533333333333332,-1.4766666666666666,-1.45,,,-3.8833333333333333,-2.736666666666667,-6.246666666666667,,-1.53,-2.73,-1.6966666666666668,-7.586666666666667,-6.256666666666667,-7.506666666666667,-6.496666666666667,-2.6533333333333333,,-1.3533333333333333,-7.85,-2.4233333333333333,-1.8433333333333333,,-2.296666666666667,-2.86,-1.99,-7.11,-2.1533333333333333,-2.3,-4.523333333333333,-1.0733333333333333,-6.42,-7.4,-2.9733333333333336,-4.03,-5.88,-3.17,,-1.9866666666666668,-1.9833333333333334,-1.0933333333333333,,-4.036666666666667,-5.04,-2.3066666666666666,-6.286666666666667,-3.0633333333333335,-1.16,-1.19,-7.156666666666666,-1.24,-3.13,-7.866666666666667,-2.0,-4.033333333333333,-1.94,-3.203333333333333,,-1.1166666666666667,-1.9133333333333333,-1.06
2024-12-02,-7.53,-4.613333333333333,-5.236666666666666,-1.7633333333333332,-1.5733333333333333,-5.626666666666667,-5.62,-1.8599999999999999,-5.163333333333333,-7.343333333333334,-7.3133333333333335,-5.8533333333333335,-5.116666666666666,-5.11,-1.22,,-4.24,-2.5533333333333332,-1.04,-1.3833333333333333,-1.6233333333333333,-7.61,-4.526666666666666,-3.5766666666666667,-4.27,-1.1866666666666668,-5.403333333333333,-7.233333333333333,-1.4933333333333334,-2.82,-3.586666666666667,-1.4333333333333333,-1.9633333333333334,-3.256666666666667,-6.3966666666666665,-7.086666666666667,,-1.9233333333333333,-1.3466666666666667,-3.5166666666666666,-1.45,-1.3933333333333333,-6.173333333333334,-5.223333333333334,-7.523333333333333,-3.76,-6.36,-7.28,-1.8966666666666665,-7.886666666666667,-1.29,-3.93,-7.6,-1.6333333333333333,-1.37,-1.2666666666666666,-4.156666666666666,-7.003333333333333,-1.2966666666666666,-2.31,-1.8433333333333333,-2.3533333333333335,-1.0566666666666666,-1.9366666666666665,,-7.866666666666667,-1.01,-1.17,-5.58,-2.4833333333333334,-7.89,,,-1.0633333333333332,-6.046666666666667,-5.48,-1.13,-2.013333333333333,-1.9666666666666668,-2.466666666666667,-1.19,-1.5366666666666666,-1.9966666666666666,-6.873333333333333,-1.7466666666666666,-3.94,-1.43,-2.0533333333333332,-5.1033333333333335,-1.0366666666666666,-7.286666666666667,-4.953333333333333,-1.87,-3.9066666666666667,-2.85,-1.0966666666666667,-7.47,-3.1233333333333335,-2.3666666666666667,-7.546666666666667,-2.8266666666666667,-7.026666666666666,-2.0166666666666666,-1.5433333333333334,-1.0233333333333334,-1.0733333333333333,-1.2133333333333334,-1.9566666666666666,-1.16,-1.3866666666666667,-3.993333333333333,-4.793333333333333,-1.98,,-4.333333333333333,,,-6.783333333333333,,-1.54,-4.66,-4.426666666666667,-5.486666666666666,-7.6899999999999995,-6.806666666666667,-1.46,-7.4366666666666665,-4.283333333333333,-1.7066666666666666,-5.803333333333334,,-3.6033333333333335,-7.773333333333333,,-3.3266666666666667,-7.273333333333333,-5.723333333333334,-1.2166666666666668,-4.41,-1.8833333333333333,-1.8166666666666667,,-1.4233333333333333,,-1.1966666666666668,-5.943333333333333,,-3.8333333333333335,-2.4,-1.2466666666666666,-1.4633333333333334,-7.1066666666666665,,-7.006666666666667,-7.84,-5.166666666666667,-1.3,,-1.02,-5.176666666666667,-1.9166666666666665,-2.1333333333333333,,,-4.926666666666667,,-1.72,,-1.34,-4.913333333333333,-4.6866666666666665,-1.09,-1.3166666666666667,-1.6833333333333333,-3.506666666666667,-7.226666666666667,-2.06,-1.5033333333333334,-3.5,-1.2533333333333334,-1.44,-7.653333333333333,-5.5600000000000005,-3.7266666666666666,-3.5566666666666666,,-4.64,-2.8466666666666667,-3.39,-3.9699999999999998,-1.78,-7.453333333333333,-2.3733333333333335,-7.73,-2.81,-3.6966666666666668,,-1.6766666666666667,-6.3566666666666665,-5.26,-6.066666666666666,-7.83,-7.38,-1.1533333333333333,-1.8366666666666667,,,-4.416666666666667,-2.3233333333333333,-7.406666666666666,-6.743333333333333,-1.6666666666666665,,,-1.2,-7.716666666666667,,-1.1400000000000001,-2.8,,-5.456666666666667,-7.713333333333333,-4.413333333333333,,-6.65,-7.95,,-1.2066666666666666,,-7.703333333333333,,,-7.533333333333333,-1.1,,-2.33,,,-5.92,-1.03,-1.42,-1.3366666666666667,,,-5.823333333333333,-3.59,-5.203333333333333,,-1.3633333333333333,-2.7666666666666666,-1.7966666666666666,-7.753333333333333,-5.8933333333333335,-5.306666666666667,-7.376666666666667,-3.6566666666666667,,-1.25,-7.75,-1.3033333333333332,-3.7333333333333334,,-2.6066666666666665,-3.7766666666666664,-7.99,-7.113333333333333,-1.1933333333333334,-1.63,-2.9,-1.12,-5.863333333333333,-7.32,-1.9733333333333334,-3.0433333333333334,-6.68,-1.1266666666666667,-2.88,-1.9866666666666668,-3.9766666666666666,-1.0933333333333333,,-1.0333333333333334,-3.05,-3.9466666666666668,-5.983333333333333,-3.9033333333333333,-2.96,-1.15,-7.1433333333333335,-1.21,-2.1366666666666667,-7.77,-8.0,-3.07,-1.9100000000000001,-3.5966666666666667,,-1.0833333333333333,-2.876666666666667,-1.0766666666666667
2024-12-03,-7.433333333333334,-3.5833333333333335,-5.266666666666667,-3.5966666666666667,-3.4433333333333334,,-7.48,-2.8033333333333332,-6.07,-7.283333333333333,-7.236666666666666,-6.783333333333333,-6.113333333333333,-7.116666666666666,-2.0966666666666667,,-4.213333333333333,-1.7,-1.0466666666666666,-1.29,-2.453333333333333,-6.84,-6.576666666666666,,-2.2466666666666666,-2.1,-4.413333333333333,-7.726666666666667,-5.3966666666666665,-4.733333333333333,-4.743333333333333,-2.6133333333333333,-3.9633333333333334,-3.54,-7.256666666666667,-7.06,,-7.886666666666667,,-1.55,-1.3033333333333332,-2.8333333333333335,-4.68,-5.14,-7.536666666666667,-6.73,-7.533333333333333,-7.426666666666667,-1.8466666666666667,-6.913333333333333,-2.243333333333333,-4.91,-7.366666666666666,-2.6933333333333334,-1.8,-2.16,-6.09,-7.003333333333333,-1.33,-6.223333333333334,-3.7866666666666666,-7.51,-4.036666666666667,-2.9233333333333333,,-7.826666666666666,-1.02,-4.123333333333333,-5.573333333333333,-5.403333333333333,-7.656666666666666,,,-1.04,-4.033333333333333,-4.746666666666667,-2.24,-5.013333333333334,-3.953333333333333,-2.3,-5.26,-2.6033333333333335,-1.9966666666666666,-1.8900000000000001,-4.723333333333334,-6.95,-2.3866666666666667,-1.08,-4.6433333333333335,-1.0633333333333332,-6.61,-7.96,-3.876666666666667,-6.843333333333334,-7.866666666666667,-1.0866666666666667,-7.736666666666666,-6.41,-2.32,-7.776666666666666,-6.8966666666666665,-7.026666666666666,-1.0233333333333334,-1.7666666666666666,-2.01,-5.073333333333333,-1.77,-2.98,-2.11,-1.83,-6.973333333333334,-3.85,-1.9933333333333332,,-5.653333333333333,,,-7.6866666666666665,,-1.3933333333333333,-7.556666666666667,-3.2800000000000002,-1.3233333333333333,-2.44,-7.553333333333334,-5.753333333333333,-6.27,-4.273333333333333,-1.6266666666666667,-7.74,,-4.64,-1.8566666666666667,,-2.3466666666666667,-7.326666666666666,-7.476666666666667,-1.3333333333333333,-6.473333333333334,-2.8533333333333335,-1.78,,-2.5033333333333334,,-1.15,-7.883333333333333,,-1.7933333333333334,-1.47,-2.1966666666666668,-2.39,-6.076666666666666,,-7.006666666666667,-1.8633333333333333,-4.276666666666666,-1.1766666666666667,,-3.9466666666666668,-1.1033333333333333,-7.93,-5.76,,,-1.9266666666666667,,-1.7566666666666668,,-1.2066666666666666,-4.9,-3.69,-2.05,-1.3066666666666666,-1.6666666666666665,-1.35,-6.12,-7.056666666666667,-1.4466666666666668,-4.513333333333334,-1.19,-1.49,-7.57,-6.72,-1.7166666666666668,-4.363333333333333,,-4.376666666666667,-1.7966666666666666,-4.336666666666667,-4.9366666666666665,-7.66,-7.17,-7.3533333333333335,-6.5633333333333335,-2.59,-5.633333333333333,,-7.696666666666666,-7.34,-6.126666666666667,-6.043333333333333,-7.616666666666667,-7.296666666666667,-2.1066666666666665,-1.8233333333333333,,,-5.463333333333333,-7.226666666666667,-6.42,-6.516666666666667,,,,-1.3433333333333333,-6.5600000000000005,,-1.7066666666666666,-1.2333333333333334,,-4.373333333333333,-7.483333333333333,-5.263333333333334,,-2.18,-5.933333333333334,,-1.5,,-7.523333333333333,,,-5.67,-7.593333333333334,,-2.2533333333333334,,,-7.8100000000000005,-2.0166666666666666,-1.5466666666666666,,,,-4.71,-5.383333333333334,-7.2,,-1.1933333333333334,-4.663333333333333,-1.7733333333333334,-7.75,-4.943333333333333,-3.1566666666666667,-7.216666666666667,-7.586666666666667,,-2.203333333333333,-4.52,-2.21,-3.5266666666666664,,-3.836666666666667,-2.6066666666666665,-6.983333333333333,-1.1433333333333333,-1.79,-1.8599999999999999,-1.9166666666666665,-2.6833333333333336,-4.906666666666666,-7.806666666666667,-1.97,-2.066666666666667,-6.22,-2.1333333333333333,-3.8133333333333335,-2.986666666666667,-4.9399999999999995,-1.0933333333333333,,-2.03,-1.8166666666666667,-7.956666666666667,-4.99,-5.976666666666667,-3.966666666666667,-2.13,-7.293333333333333,-2.1733333333333333,-2.31,-7.65,-7.0,-7.92,-2.8933333333333335,-6.88,,-2.0833333333333335,-3.873333333333333,-2.1366666666666667
2024-12-04,-3.4066666666666667,-2.533333333333333,-5.28,-6.433333333333334,-6.343333333333334,,-7.3933333333333335,-3.6866666666666665,-6.09,-7.443333333333333,-7.213333333333333,-7.623333333333333,-7.156666666666666,-7.423333333333334,-3.07,,-4.23,-1.7866666666666666,-2.1033333333333335,-1.2733333333333334,-3.3066666666666666,-5.766666666666667,-7.35,,-5.503333333333333,-3.0966666666666667,-3.51,-7.82,-5.323333333333333,-6.6066666666666665,-5.796666666666667,-7.53,-4.926666666666667,-7.19,-2.183333333333333,-4.043333333333333,,-6.806666666666667,,-2.546666666666667,-1.26,-3.89,-3.873333333333333,-5.08,-7.38,-7.673333333333334,-7.506666666666667,-7.466666666666667,-1.7766666666666666,-5.9,-3.236666666666667,-5.876666666666667,-7.24,-3.65,-1.81,-4.136666666666667,-7.0633333333333335,-7.003333333333333,-1.54,-7.18,-5.446666666666666,-7.1866666666666665,-4.04,-3.9066666666666667,,-7.64,-3.0533333333333332,-3.1333333333333333,-4.45,-7.416666666666667,-7.086666666666667,,,-1.03,-3.0366666666666666,-3.5633333333333335,-3.6133333333333333,-7.016666666666667,-4.933333333333334,-2.243333333333333,-7.296666666666667,-4.6,-3.9966666666666666,-1.88,-6.58,-1.96,-1.22,-7.833333333333333,-3.6566666666666667,-4.83,-5.76,-7.9366666666666665,-5.816666666666666,-7.496666666666667,-7.84,-3.066666666666667,-7.276666666666666,-7.736666666666666,-7.326666666666666,-7.77,-5.956666666666667,-6.11,-6.02,-2.7466666666666666,-3.013333333333333,-7.05,-1.95,-1.9833333333333334,-3.0766666666666667,-1.8266666666666667,-7.943333333333333,-2.8666666666666667,-5.993333333333333,,-6.696666666666666,,,-5.633333333333333,,-4.3533333333333335,-7.526666666666666,-2.2466666666666666,-1.3566666666666667,-3.29,-7.203333333333333,-7.803333333333334,-7.15,-6.483333333333333,-2.59,-7.666666666666667,,-5.61,-2.87,,-2.5533333333333332,-7.6466666666666665,-7.25,-1.8433333333333333,-7.586666666666667,-3.763333333333333,-1.7033333333333334,,-5.5,,-1.1400000000000001,-7.783333333333333,,-2.716666666666667,-1.5733333333333333,-2.2666666666666666,-3.36,-7.093333333333334,,-7.006666666666667,-2.8,-3.75,-2.1666666666666665,,-3.9766666666666666,-4.12,-6.91,-6.863333333333333,,,-4.916666666666667,,-1.7433333333333332,,-1.41,-5.86,-2.626666666666667,-2.026666666666667,-3.4566666666666666,-2.1733333333333333,,-4.123333333333333,-7.056666666666667,-2.4699999999999998,-5.336666666666667,-2.163333333333333,-1.6933333333333334,-7.6033333333333335,-7.653333333333333,-1.7333333333333334,-5.283333333333333,,-7.223333333333334,-1.7266666666666666,-5.6899999999999995,-5.913333333333333,-7.5600000000000005,-2.1133333333333333,-6.57,-4.49,-7.373333333333333,-6.39,,-6.68,-7.583333333333333,-7.34,-4.046666666666667,-7.216666666666667,-7.3,-3.1266666666666665,-2.756666666666667,,,-7.536666666666667,-6.2,-5.706666666666667,-5.523333333333333,,,,-2.7,-7.513333333333334,,-1.8366666666666667,-4.1,,-3.413333333333333,-7.333333333333333,-6.193333333333333,,-3.1066666666666665,-7.8933333333333335,,-1.74,,-7.453333333333333,,,-7.676666666666667,-6.8966666666666665,-7.8566666666666665,-3.4266666666666667,,,-7.62,-3.01,-1.6166666666666667,,,,-4.6433333333333335,-6.44,-6.226666666666667,,-1.1466666666666667,-5.463333333333333,-1.78,-6.72,-5.9399999999999995,-2.16,-4.196666666666666,-7.67,,-6.27,-3.42,-1.2333333333333334,-1.4033333333333333,,-5.8533333333333335,-1.5666666666666667,-5.946666666666666,-2.663333333333333,-3.8833333333333333,-5.85,-2.93,-4.92,-5.903333333333333,-7.923333333333334,-2.9633333333333334,-1.4766666666666666,-7.073333333333333,-3.1766666666666667,-4.63,-1.98,-7.73,-1.52,,-3.06,-1.97,-7.953333333333333,-6.986666666666666,-1.99,-5.966666666666667,-1.48,-1.0233333333333334,-3.3766666666666665,-1.7933333333333334,-6.516666666666667,-6.0,-6.973333333333334,-2.7733333333333334,-7.846666666666667,,-4.083333333333333,-4.8133333333333335,-4.79
2024-12-05,-2.4433333333333334,-7.476666666666667,-2.3266666666666667,-7.3566666666666665,,,-6.413333333333333,-2.5966666666666667,-5.496666666666667,-7.576666666666666,-7.1466666666666665,-7.5,-7.166666666666667,-7.1066666666666665,-4.03,,-1.4333333333333333,-7.82,-3.2266666666666666,-1.38,-1.32,-4.68,-7.223333333333334,,-6.4366666666666665,-3.0966666666666667,-2.6033333333333335,-1.5233333333333334,-7.296666666666667,-1.5466666666666666,-3.84,-6.4,-1.8866666666666667,-6.136666666666667,-7.253333333333333,-4.05,,-7.703333333333333,,-2.51,-1.41,-2.876666666666667,-1.9166666666666665,-2.07,-6.29,-7.6066666666666665,-6.583333333333333,-4.486666666666666,-2.7133333333333334,-4.923333333333334,-3.3433333333333333,-6.8533333333333335,-7.246666666666667,-6.633333333333333,-1.74,-7.11,-7.0633333333333335,-7.003333333333333,-1.6099999999999999,-7.176666666666667,-2.13,-1.0833333333333333,-7.046666666666667,-7.903333333333333,,-7.58,-2.44,-1.19,-3.263333333333333,-6.346666666666667,-7.053333333333334,,,-1.0366666666666666,-7.033333333333333,-2.2,-1.7366666666666668,-7.013333333333334,-7.92,-6.366666666666666,-7.22,-1.5566666666666666,-4.996666666666667,-2.87,-2.33,-1.9633333333333334,-1.17,-6.8933333333333335,-2.14,-3.953333333333333,-4.776666666666666,-7.91,-4.76,-6.203333333333333,-7.85,-1.09,-5.1033333333333335,-6.796666666666667,-7.333333333333333,-6.783333333333333,-1.97,-5.056666666666667,-6.02,-1.75,-5.016666666666667,-6.043333333333333,-1.9766666666666666,-1.9666666666666668,-3.066666666666667,-1.8,-7.843333333333334,-1.8666666666666667,-1.9933333333333332,,-7.73,,,-7.62,,-5.416666666666667,-7.566666666666666,-1.4233333333333333,-2.466666666666667,-4.303333333333334,-5.196666666666666,-6.8133333333333335,-7.123333333333333,-6.653333333333333,-2.6566666666666667,-7.57,,-6.65,-3.86,,-2.626666666666667,-7.726666666666667,-6.25,-1.9266666666666667,-7.6866666666666665,-3.743333333333333,-1.71,,-6.3133333333333335,,-1.2133333333333334,-7.21,,-2.6133333333333333,-2.6166666666666667,-2.493333333333333,-3.43,-7.116666666666666,,-7.006666666666667,-1.7,-2.8333333333333335,-4.256666666666667,,-1.1266666666666667,-5.15,-5.913333333333333,-6.883333333333333,,,-1.8966666666666665,,-2.7466666666666666,-7.763333333333334,-2.54,-6.803333333333334,-1.5433333333333334,-1.0233333333333334,-1.5533333333333332,-2.12,,-4.156666666666666,-7.026666666666666,-1.53,-3.3233333333333333,-5.24,-7.793333333333333,-6.666666666666667,-5.6899999999999995,-1.8233333333333333,-6.31,,-6.23,-2.7233333333333336,-6.8100000000000005,-7.9,-5.47,-7.093333333333334,-5.683333333333334,-6.473333333333334,-7.306666666666667,-5.193333333333333,,-5.706666666666667,-5.6466666666666665,-7.806666666666667,-2.0733333333333333,-6.163333333333333,-7.386666666666667,-1.2866666666666666,-4.673333333333334,,,-7.64,-5.34,-7.836666666666667,-3.59,,,-4.406666666666666,-1.7566666666666668,-7.483333333333333,,,-2.086666666666667,,-1.5033333333333334,-7.383333333333334,-7.27,,-4.076666666666666,-7.863333333333333,,-2.7800000000000002,,-7.49,,,-7.696666666666666,-3.9433333333333334,-6.816666666666666,-5.663333333333333,,,-7.513333333333334,-4.01,-1.6933333333333334,,,,-7.676666666666667,,-6.236666666666666,,-3.2066666666666666,-6.216666666666667,-1.7866666666666666,-5.72,-2.94,-2.3966666666666665,-5.233333333333333,-6.716666666666667,,-7.6,-2.48,-1.5066666666666668,-1.3933333333333333,,-3.873333333333333,-1.6366666666666667,-4.153333333333333,-3.7666666666666666,-1.9066666666666667,-3.8266666666666667,-1.9300000000000002,-3.9366666666666665,-1.9333333333333333,-7.946666666666666,-1.96,-1.77,-6.06,-1.2666666666666666,-5.1866666666666665,-1.9733333333333334,-1.08,-1.63,,-1.1733333333333333,-3.986666666666667,-7.95,-3.9566666666666666,-2.9833333333333334,-3.98,-4.6433333333333335,-2.1133333333333333,-1.5366666666666666,-1.8566666666666667,-2.46,-5.0,-5.99,-1.2766666666666666,-7.79,,-4.16,-5.773333333333333,-1.6233333333333333
2024-12-06,-2.54,-6.446666666666666,-1.2966666666666666,-6.306666666666667,,,-5.416666666666667,-1.4833333333333334,-3.8633333333333333,-6.61,-4.133333333333334,-7.25,-4.256666666666667,-7.096666666666667,-3.0233333333333334,,-1.3833333333333333,-6.82,-3.243333333333333,-2.4966666666666666,-1.29,-4.24,-7.17,,-7.33,-4.136666666666667,-1.6233333333333333,-2.2133333333333334,-4.26,-1.3933333333333333,-6.85,-2.22,-1.8233333333333333,-5.166666666666667,-4.32,-1.06,,-4.333333333333333,,-4.456666666666667,-3.4699999999999998,-3.8433333333333333,-1.9233333333333333,-1.0833333333333333,-7.203333333333333,-6.633333333333333,-5.513333333333334,-3.756666666666667,-5.5600000000000005,-3.9266666666666667,-4.566666666666666,-7.786666666666667,-6.223333333333334,-1.58,-1.5933333333333333,-4.1433333333333335,-6.066666666666666,-7.003333333333333,-6.6,-6.28,-5.09,-1.0533333333333332,-6.05,-5.883333333333333,,-5.553333333333334,-1.1733333333333333,-1.2633333333333332,-2.18,-5.233333333333333,-6.04,,,-1.0366666666666666,-6.043333333333333,-1.5166666666666666,-1.5033333333333334,-5.013333333333334,-6.89,-5.46,-6.3533333333333335,-1.4666666666666668,-2.0,-1.8666666666666667,-3.3966666666666665,-2.953333333333333,-1.1633333333333333,-7.913333333333333,-1.1066666666666667,-1.9666666666666668,-7.773333333333333,-6.9,-4.676666666666667,-4.196666666666666,-6.83,-5.093333333333334,-3.11,-2.7666666666666666,-7.283333333333333,-5.76,-1.98,-4.8100000000000005,-4.02,-2.8033333333333332,-4.016666666666667,-6.076666666666666,-1.9833333333333334,-1.9066666666666667,-4.08,-1.6266666666666667,-7.086666666666667,-1.8466666666666667,-5.986666666666666,,-7.683333333333334,,,-6.65,,-3.4233333333333333,-6.596666666666667,-1.5366666666666666,-1.4933333333333334,-4.35,-4.226666666666667,-5.793333333333333,-3.1266666666666665,-7.78,-1.6366666666666667,-6.48,,-5.656666666666666,-4.796666666666667,,-4.543333333333333,-7.723333333333334,-6.27,-4.96,-7.5633333333333335,-4.726666666666667,-1.8,,-7.2,,-2.276666666666667,-7.1,,-1.4433333333333334,-2.586666666666667,-1.5733333333333333,-3.39,-6.19,,-1.0066666666666666,-3.1766666666666667,-5.836666666666667,-3.336666666666667,,-1.5233333333333334,-2.1866666666666665,-4.903333333333333,-1.8599999999999999,,,-2.87,,-7.63,-7.753333333333333,-2.716666666666667,-5.37,-1.43,-7.026666666666666,-2.3433333333333333,-4.07,,-2.23,-6.033333333333333,-1.6066666666666667,-1.21,-4.266666666666667,-7.8133333333333335,-6.673333333333334,-1.6633333333333333,-1.8333333333333335,-7.3133333333333335,,-5.273333333333333,-3.7133333333333334,-7.84,-7.92,-4.53,-7.12,-3.7333333333333334,-3.49,,-6.15,,-4.71,-4.7,-7.91,-1.16,-5.193333333333333,-6.51,-6.45,-3.3733333333333335,,,-7.66,-4.463333333333333,-7.88,-7.6433333333333335,,,-5.453333333333333,-1.8266666666666667,-6.546666666666667,,,-1.13,,-1.5699999999999998,-7.4366666666666665,-7.286666666666667,,-3.14,-1.7766666666666666,,-2.8566666666666665,,-7.55,,,-6.74,-2.9566666666666666,-5.68,-4.72,,,-5.6466666666666665,-4.01,-1.7366666666666668,,,,-6.696666666666666,,-4.113333333333333,,-1.2166666666666668,-7.156666666666666,-1.77,-4.73,-1.8966666666666665,-1.67,-2.2466666666666666,-4.743333333333333,,-5.693333333333333,-1.5766666666666667,-2.6666666666666665,-2.4,,-1.8733333333333333,-1.7066666666666666,-3.03,-1.7833333333333332,-2.9433333333333334,-7.763333333333334,-3.9166666666666665,-1.9300000000000002,-2.9333333333333336,-6.97,-2.94,-1.69,-3.0566666666666666,-1.3766666666666667,-6.116666666666666,-1.95,-5.046666666666667,-1.8066666666666666,,-1.79,-7.993333333333333,-7.946666666666666,-1.8933333333333333,-3.9766666666666666,-3.9733333333333336,-5.473333333333334,-3.9633333333333334,-1.6533333333333333,-1.8533333333333335,-2.413333333333333,-4.996666666666667,-4.99,-3.0733333333333333,-6.303333333333334,,-4.616666666666667,-6.6033333333333335,-1.38
2024-12-09,-1.5766666666666667,-5.34,-7.32,-6.3133333333333335,,,-5.4366666666666665,-1.3966666666666667,-2.9366666666666665,-1.63,-1.1233333333333333,-6.25,-7.466666666666667,-5.163333333333333,-3.026666666666667,,-1.49,-5.803333333333334,-4.15,-3.586666666666667,-4.316666666666666,-2.13,-7.193333333333333,,-7.1866666666666665,-6.18,-1.6233333333333333,-4.136666666666667,-7.26,-2.3233333333333333,-6.873333333333333,-6.23,-3.6466666666666665,-5.24,-6.413333333333333,-2.1066666666666665,,-4.153333333333333,,-5.47,-5.416666666666667,-5.78,-1.9333333333333333,-2.11,-7.19,-2.66,-5.293333333333333,-4.816666666666666,-6.27,-2.95,-5.723333333333334,-6.766666666666667,-5.283333333333333,-4.38,-3.1733333333333333,-7.086666666666667,-5.096666666666667,-7.003333333333333,-6.67,-5.76,-7.073333333333333,-3.046666666666667,-6.083333333333333,-7.836666666666667,-3.276666666666667,-7.583333333333333,-1.2066666666666666,-1.3066666666666666,-1.2,-4.266666666666667,-5.05,,,-1.0566666666666666,-7.84,-1.8,-5.253333333333333,-4.023333333333333,-7.83,-1.5166666666666666,-5.763333333333334,-4.456666666666667,-7.0,-1.8666666666666667,-6.666666666666667,-3.9433333333333334,-2.1966666666666668,-6.916666666666667,-1.0333333333333334,-2.913333333333333,-6.556666666666667,-4.9,-4.793333333333333,-3.7,-6.8100000000000005,-7.1033333333333335,-5.1433333333333335,-1.88,-7.223333333333334,-3.7866666666666666,-7.98,-3.96,-1.0133333333333334,-3.9033333333333333,-5.02,-7.28,-1.9933333333333332,-3.12,-1.1166666666666667,-3.203333333333333,-7.06,-1.8066666666666666,-7.8533333333333335,,-7.65,,,-5.656666666666666,,-3.44,-4.6,-1.58,-1.5233333333333334,-3.4333333333333336,-3.5300000000000002,-7.776666666666666,-7.1466666666666665,-3.8433333333333333,-5.636666666666667,-7.273333333333333,,-7.59,-5.713333333333333,,-3.3333333333333335,-7.573333333333333,-5.4,-6.963333333333333,-7.336666666666667,-5.753333333333333,-4.85,,-6.233333333333333,,-3.3466666666666667,-7.1,,-1.31,-3.6033333333333335,-1.6133333333333333,-6.39,-1.2966666666666666,,-2.006666666666667,-1.0766666666666667,-5.826666666666666,-4.54,,-7.036666666666667,-2.4033333333333333,-3.8933333333333335,-4.716666666666667,,,-3.8566666666666665,,-6.256666666666667,-7.62,-1.7833333333333332,-4.093333333333334,-1.3666666666666667,-6.03,-3.216666666666667,-5.0633333333333335,,-1.4233333333333333,-2.04,-3.5633333333333335,-7.243333333333333,-3.3033333333333332,-6.833333333333333,-7.593333333333334,-2.263333333333333,-1.8466666666666667,-7.363333333333333,,-4.43,-5.68,-6.863333333333333,-5.92,-7.536666666666667,-5.226666666666667,-4.74,-1.5033333333333334,,-7.126666666666667,-7.35,-4.663333333333333,-7.703333333333333,-7.9399999999999995,-1.9100000000000001,-3.4633333333333334,-5.483333333333333,-7.496666666666667,-6.16,,,-7.6066666666666665,-3.42,-6.8966666666666665,-6.693333333333333,,,-5.51,-5.86,-5.57,,,-3.17,,-1.55,-6.526666666666666,-7.406666666666666,,-5.22,-2.513333333333333,,-2.8833333333333333,,-7.566666666666666,,,-7.743333333333333,-5.953333333333333,-4.213333333333333,-6.746666666666667,,,-4.82,-6.01,-3.6733333333333333,,-1.7366666666666668,,-5.706666666666667,,-1.07,,-1.3266666666666667,-7.183333333333334,-2.7266666666666666,-7.71,-2.6766666666666667,-2.75,-1.5333333333333332,-7.756666666666667,,-7.6866666666666665,-2.626666666666667,-3.7199999999999998,-1.4466666666666668,,-1.8866666666666667,-1.7333333333333334,-2.0166666666666666,-2.87,-3.9733333333333336,-7.616666666666667,-1.8766666666666667,-5.93,-1.9266666666666667,-5.966666666666667,-4.79,-1.5966666666666667,-5.08,-1.5533333333333332,-6.09,-1.9233333333333333,-7.043333333333333,-2.8133333333333335,,-2.6533333333333333,-1.99,-7.946666666666666,-1.2866666666666666,-6.976666666666667,-7.97,-5.64,-4.996666666666667,-2.69,-1.9066666666666667,-3.33,-4.986666666666666,-3.9833333333333334,-7.053333333333334,-7.133333333333334,,-7.773333333333333,-7.166666666666667,-2.21
2024-12-10,-4.6066666666666665,-4.306666666666667,-6.473333333333334,-6.283333333333333,,,-4.42,-2.3433333333333333,-4.95,-2.5300000000000002,-2.0933333333333333,-7.196666666666666,-7.653333333333333,-5.933333333333334,-4.676666666666667,,-2.51,-3.76,-6.49,-4.613333333333333,-1.2866666666666666,-1.0833333333333333,-7.15,,-7.16,-7.203333333333333,-1.55,-4.87,-6.23,-5.293333333333333,-7.796666666666667,-7.236666666666666,-5.24,-3.56,-7.406666666666666,-1.12,-2.223333333333333,-3.1133333333333333,,-7.486666666666666,-6.383333333333334,-6.336666666666667,-1.9066666666666667,-3.1233333333333335,-7.133333333333334,-1.7333333333333334,-5.263333333333334,-3.8066666666666666,-7.156666666666666,-1.9566666666666666,-7.75,-7.783333333333333,-4.25,-7.45,-4.253333333333333,-6.116666666666666,-5.233333333333333,-7.003333333333333,-5.713333333333333,-5.85,-7.06,-4.033333333333333,-4.1066666666666665,-7.8100000000000005,-3.26,-7.693333333333333,-1.9300000000000002,-2.5,-2.1733333333333333,-3.216666666666667,-4.05,,,-2.11,-6.9366666666666665,-2.8833333333333333,-6.6033333333333335,-4.03,-7.793333333333333,-5.426666666666667,-4.83,-7.626666666666667,-8.0,-2.84,-6.763333333333334,-4.92,-3.1766666666666667,-5.756666666666667,-1.0266666666666666,-3.0766666666666667,-5.206666666666667,-2.8933333333333335,-5.816666666666666,-3.8533333333333335,-4.786666666666667,-6.1,-3.65,-4.916666666666667,-7.1866666666666665,-3.8,-6.973333333333334,-2.986666666666667,-2.0166666666666666,-4.903333333333333,-6.066666666666666,-7.866666666666667,-2.99,-4.963333333333333,-3.19,-4.636666666666667,-7.08,-1.7666666666666666,-5.8566666666666665,,-7.6899999999999995,,,-5.59,,-4.333333333333333,-4.533333333333333,-1.5366666666666666,-3.3966666666666665,-6.35,-1.6800000000000002,-7.776666666666666,-6.136666666666667,-7.86,-6.556666666666667,-7.21,,-7.543333333333333,-6.5633333333333335,,-7.29,-7.266666666666667,-7.476666666666667,-7.943333333333333,-7.276666666666666,-7.74,-6.833333333333333,,-7.2,,-4.443333333333333,-7.056666666666667,,-1.28,-5.62,-3.6,-7.36,-2.413333333333333,-3.79,-2.01,-2.0433333333333334,-3.6466666666666665,-7.526666666666666,,-6.993333333333333,-3.5233333333333334,-2.8466666666666667,-4.18,,,-5.9,,-6.1433333333333335,-6.366666666666666,-3.8033333333333332,-3.0366666666666666,-1.43,-5.023333333333333,-3.506666666666667,-6.07,,-2.453333333333333,-4.88,-4.553333333333334,-6.243333333333333,-5.423333333333334,-7.746666666666667,-7.663333333333333,-3.14,-3.7533333333333334,-7.3,,-7.48,-6.58,-7.773333333333333,-7.78,-6.52,-4.513333333333334,-4.77,-2.3866666666666667,,-7.09,-5.836666666666667,-2.6566666666666667,-4.736666666666666,-7.923333333333334,-4.953333333333333,-2.7066666666666666,-4.346666666666667,-7.573333333333333,-7.126666666666667,,,-7.47,-2.493333333333333,-5.8133333333333335,,,,-7.446666666666666,-7.8966666666666665,-4.586666666666667,-4.34,,-7.376666666666667,,-1.4633333333333334,-5.46,-7.37,,-5.273333333333333,-3.2133333333333334,,-2.91,,-7.503333333333333,,,-7.743333333333333,-1.94,-3.1666666666666665,-5.696666666666666,,,-6.843333333333334,-7.02,-5.566666666666666,,-2.6733333333333333,,-6.63,,-2.0533333333333332,,-3.296666666666667,-7.17,-4.583333333333333,-7.703333333333333,-3.73,-1.6866666666666665,-2.5966666666666667,-7.6433333333333335,,-7.623333333333333,-1.5699999999999998,-5.666666666666667,-7.3933333333333335,,-2.876666666666667,-1.7,-1.0133333333333334,-3.89,-4.98,-7.71,-1.8199999999999998,-6.726666666666667,-2.9266666666666667,-6.946666666666666,-6.373333333333333,-1.5933333333333333,-5.073333333333333,-2.67,-7.0633333333333335,-2.8633333333333333,-7.046666666666667,-3.183333333333333,,-4.226666666666667,-1.9833333333333334,-7.913333333333333,-1.8266666666666667,-6.966666666666667,-7.96,-7.66,-3.9966666666666666,-3.7233333333333336,-3.873333333333333,-4.246666666666667,-4.006666666666667,-2.9766666666666666,-7.04,-7.54,,-3.8233333333333333,-7.096666666666667,-2.163333333333333
2024-12-11,-6.596666666666667,-3.3,-7.52,-3.2533333333333334,,,-1.3966666666666667,-2.3533333333333335,-3.9466666666666668,-2.493333333333333,-3.1166666666666667,-7.206666666666667,-4.726666666666667,-4.95,-3.96,,-1.5233333333333334,-3.763333333333333,-4.6899999999999995,-5.626666666666667,-1.2666666666666666,-1.08,-6.16,,-6.296666666666667,-1.2166666666666668,-1.49,-4.923333333333334,-3.25,-6.3133333333333335,-7.74,-4.236666666666666,-1.1133333333333333,-2.6466666666666665,-5.473333333333334,-2.3566666666666665,-1.2233333333333334,-1.0966666666666667,,-7.573333333333333,-7.246666666666667,-5.263333333333334,-1.85,-1.1266666666666667,-5.1066666666666665,-3.7066666666666666,-6.1466666666666665,-7.806666666666667,-6.12,-1.9333333333333333,-7.766666666666667,-7.826666666666666,-3.276666666666667,-6.526666666666666,-3.4966666666666666,-7.55,-7.64,-7.006666666666667,-7.693333333333333,-6.88,-7.05,-4.033333333333333,-3.1333333333333333,-6.83,-1.26,-4.673333333333334,-4.9366666666666665,-1.5933333333333333,-1.1733333333333333,-2.21,-3.0533333333333332,,,-1.3366666666666667,-5.963333333333333,-3.89,-2.5766666666666667,-6.403333333333333,-3.836666666666667,-1.3633333333333333,-4.8133333333333335,-3.6666666666666665,-7.976666666666667,-7.8,-3.7933333333333334,-5.833333333333333,-7.17,-4.656666666666666,-4.023333333333333,-1.0166666666666666,-4.11,-1.8833333333333333,,-6.873333333333333,-3.7800000000000002,-7.086666666666667,-1.81,-4.943333333333333,-5.196666666666666,-7.786666666666667,-5.966666666666667,-1.9933333333333332,-1.02,-5.9,-7.876666666666667,-5.92,-1.9833333333333334,-4.986666666666666,-7.29,-5.75,-7.773333333333333,-1.77,-1.67,,-7.7,,,-5.506666666666667,,-4.326666666666666,-2.513333333333333,-1.5166666666666666,-3.3466666666666667,-1.32,-5.713333333333333,-1.7366666666666668,-1.1533333333333333,-7.863333333333333,-5.416666666666667,-6.1866666666666665,,-7.51,-7.546666666666667,,-6.213333333333333,-4.166666666666667,,-6.913333333333333,-7.176666666666667,-7.72,-7.8533333333333335,,-7.36,,-4.466666666666667,-7.046666666666667,,-1.3766666666666667,-6.66,-2.6433333333333335,-6.37,-3.48,-2.79,-7.013333333333334,-7.03,-2.3833333333333333,-5.59,,-5.996666666666667,-2.6533333333333333,-1.7766666666666666,-1.07,,,-6.926666666666667,,-4.316666666666666,-7.18,-1.8033333333333332,-1.0266666666666666,-1.5633333333333335,-4.036666666666667,-3.7466666666666666,-6.073333333333333,,-2.56,-2.9566666666666666,-4.486666666666666,-5.306666666666667,-3.4833333333333334,-1.6066666666666667,-6.723333333333334,-4.066666666666666,-7.636666666666667,-7.226666666666667,,-7.556666666666667,-7.443333333333333,-6.703333333333333,-7.366666666666666,-5.583333333333333,-3.65,-1.7433333333333332,,,-5.09,-7.87,-1.6866666666666665,-1.71,-7.903333333333333,-2.9699999999999998,-2.73,-3.27,-5.41,-6.13,,,-6.286666666666667,-1.4633333333333334,-3.76,,,,-7.43,-7.886666666666667,-2.5666666666666664,-5.34,,-1.42,,-1.3866666666666667,-5.45,-7.476666666666667,,-5.613333333333333,-4.163333333333333,,-7.8933333333333335,,-7.446666666666666,,,-7.716666666666667,-2.8166666666666664,-1.1400000000000001,-6.676666666666667,,,-2.82,-7.24,-1.3933333333333333,,-3.586666666666667,,-7.503333333333333,,-1.04,,-3.31,-7.193333333333333,-1.4066666666666667,-5.633333333333333,-2.756666666666667,-1.6166666666666667,-1.6800000000000002,-7.53,,-5.536666666666667,-3.5,-7.6,-7.373333333333333,,-4.84,-2.57,-2.01,-4.916666666666667,-4.98,-7.783333333333333,-2.8233333333333333,-7.1033333333333335,-5.93,-6.91,-7.623333333333333,-1.7533333333333334,-5.06,-1.6833333333333333,-6.0633333333333335,-1.9066666666666667,-6.056666666666667,-4.083333333333333,,-2.0933333333333333,-3.99,-6.866666666666667,-1.1566666666666667,-5.9399999999999995,-7.8966666666666665,-1.6966666666666668,-6.0,-1.7333333333333334,-1.8433333333333333,-1.19,-1.0033333333333334,-1.9533333333333334,-5.043333333333333,-5.796666666666667,,-7.846666666666667,-7.076666666666666,-1.1366666666666667
2024-12-12,-6.6066666666666665,-1.24,-7.49,,,,-1.3633333333333333,-2.3866666666666667,-7.95,-2.4766666666666666,-4.27,-7.263333333333334,-1.8033333333333332,-2.9699999999999998,-2.9833333333333334,,-2.623333333333333,-1.7833333333333332,-7.496666666666667,-6.626666666666667,-1.29,-1.1533333333333333,-5.43,,-5.68,-2.19,-1.4166666666666667,-3.94,-2.46,-7.366666666666666,-7.716666666666667,-1.3133333333333335,-1.1,-6.403333333333333,-6.523333333333333,-3.69,-1.28,-5.1066666666666665,,-6.61,-7.206666666666667,-4.22,-1.81,-2.1366666666666667,-1.1166666666666667,-2.6366666666666667,-5.123333333333333,-6.786666666666667,-4.13,-1.92,-7.736666666666666,-7.866666666666667,,-4.583333333333333,-2.6666666666666665,-6.77,-5.753333333333333,-6.006666666666667,-7.653333333333333,-7.886666666666667,-6.0633333333333335,-5.043333333333333,-2.1333333333333333,-5.84,-1.38,-1.62,-1.9466666666666668,-7.586666666666667,-1.37,-1.34,-2.07,,,-4.526666666666666,-4.96,-1.9,-1.54,-2.8933333333333335,-1.8533333333333335,-4.276666666666666,-2.743333333333333,-7.6433333333333335,-6.01,-6.74,-7.773333333333333,-6.65,-5.16,-4.286666666666667,-1.03,-1.0166666666666666,-3.086666666666667,-2.79,,-7.873333333333333,-2.7766666666666664,-7.093333333333334,-1.85,-5.973333333333334,-2.3266666666666667,-7.76,-4.903333333333333,-1.99,-1.0266666666666666,-6.883333333333333,-4.943333333333333,-2.9266666666666667,-3.966666666666667,-4.986666666666666,-6.58,-6.816666666666666,-6.923333333333334,-1.8066666666666666,-2.73,,-7.7,,,-2.4266666666666667,,-4.383333333333334,-2.4366666666666665,-1.51,-4.423333333333334,-1.3,-7.713333333333333,-2.6966666666666668,-1.1666666666666667,-7.87,-7.226666666666667,-7.193333333333333,,-5.466666666666667,-6.613333333333333,,-6.12,-4.126666666666667,,-6.91,-6.173333333333334,-1.6866666666666665,-6.82,,-7.513333333333334,,-4.463333333333333,-6.046666666666667,-5.823333333333333,-1.55,-7.726666666666667,-1.6600000000000001,-5.4,-1.4733333333333334,-1.8133333333333335,-6.023333333333333,-3.04,-1.1466666666666667,-1.6400000000000001,,-4.996666666666667,-1.7233333333333334,-1.6733333333333333,-5.056666666666667,,,-6.953333333333333,,-3.75,-6.14,-1.7966666666666666,-1.0366666666666666,-1.6166666666666667,-3.05,-3.8266666666666667,-5.57,,,-1.9766666666666666,-1.4333333333333333,-4.45,-7.52,-1.5066666666666668,-4.756666666666667,-4.073333333333333,-6.556666666666667,-7.233333333333333,,-6.59,-7.32,-2.6466666666666665,-6.156666666666666,-4.5633333333333335,-2.6833333333333336,-1.7333333333333334,,,-2.11,-7.88,-1.7066666666666666,-1.67,-7.89,-5.963333333333333,-7.766666666666667,-2.21,-1.2566666666666666,-5.163333333333333,,,-7.1866666666666665,-1.4466666666666668,-2.703333333333333,,,,-5.3933333333333335,-6.863333333333333,-1.5433333333333334,-5.316666666666666,,-2.18,-5.31,-2.25,-3.4433333333333334,-7.53,,-2.6333333333333333,-5.223333333333334,,-5.8566666666666665,,-6.3533333333333335,,,-6.656666666666666,-3.493333333333333,-1.33,-7.663333333333333,,,-1.7933333333333334,-7.916666666666667,-5.203333333333333,,-1.5166666666666666,,-6.41,,-4.053333333333334,,-7.346666666666667,-7.483333333333333,-1.2466666666666666,-4.553333333333334,-1.8366666666666667,-4.573333333333333,-1.6933333333333334,-6.413333333333333,,-4.566666666666666,-1.4566666666666666,-7.5,-6.3566666666666665,,-1.78,-2.2933333333333334,-1.0133333333333334,-5.9366666666666665,-6.98,-7.846666666666667,-3.8433333333333333,-7.033333333333333,-5.933333333333334,-7.86,-7.72,-2.763333333333333,-2.08,-7.576666666666666,-7.1033333333333335,-1.9300000000000002,-5.196666666666666,,,-5.066666666666666,-4.993333333333333,-7.746666666666667,-1.02,-7.913333333333333,-6.3966666666666665,-2.6766666666666667,-8.0,-2.71,-1.83,-2.17,-1.0033333333333334,-1.9066666666666667,-6.076666666666666,-4.8966666666666665,,-6.833333333333333,-6.09,-6.083333333333333
2024-12-13,-7.58,-2.2866666666666666,-6.266666666666667,,,,-2.3966666666666665,-6.37,-7.953333333333333,-5.403333333333333,-5.51,-4.456666666666667,-1.8366666666666667,-3.966666666666667,-4.99,,-3.6533333333333333,-2.8033333333333332,-6.1033333333333335,-7.626666666666667,-2.41,-1.7133333333333334,-4.6433333333333335,,-4.8100000000000005,-3.1566666666666667,-1.3166666666666667,-5.96,-1.5699999999999998,-7.443333333333333,-7.706666666666667,-2.3833333333333333,-2.0933333333333333,-6.196666666666666,-5.553333333333334,-4.793333333333333,-1.2966666666666666,-5.133333333333334,,-7.62,-5.293333333333333,-7.463333333333333,-2.6133333333333333,-3.1733333333333333,-3.1466666666666665,-5.526666666666666,-7.123333333333333,-5.826666666666666,-7.166666666666667,-1.88,-7.72,-7.883333333333333,,-3.63,-2.6766666666666667,-5.9,-1.8066666666666666,-6.006666666666667,-6.723333333333334,-6.86,-6.073333333333333,-7.046666666666667,-1.1433333333333333,-4.85,-2.413333333333333,-1.6800000000000002,-1.92,-6.5,-1.5833333333333335,-1.3133333333333335,-3.09,,-6.26,-6.236666666666666,-3.8933333333333335,-2.8866666666666667,-1.7,-4.843333333333334,-1.8900000000000001,-6.256666666666667,-1.13,-6.64,-7.003333333333333,-6.6,-7.636666666666667,-7.113333333333333,-5.14,-2.756666666666667,-1.0333333333333334,-2.0166666666666666,-2.06,-1.1066666666666667,,-5.8533333333333335,-1.77,-6.076666666666666,-2.8566666666666665,-5.98,-2.56,-7.683333333333334,-3.1366666666666667,-1.9866666666666668,-1.0266666666666666,-7.8,-5.97,-1.9266666666666667,-5.916666666666667,-7.983333333333333,-7.66,-7.87,-7.943333333333333,-2.8233333333333333,-3.913333333333333,,-7.733333333333333,,,-4.3533333333333335,,-6.493333333333333,-1.34,-1.52,-4.483333333333333,-2.3033333333333332,-7.726666666666667,-3.6466666666666665,-2.203333333333333,-5.846666666666667,-7.2,-7.22,,-7.45,-7.716666666666667,,-4.153333333333333,-4.126666666666667,,-4.9366666666666665,-5.16,-2.6033333333333335,-3.8166666666666664,,-7.516666666666667,,-7.496666666666667,-5.03,-5.903333333333333,-3.6733333333333333,-7.763333333333334,-2.6566666666666667,-5.38,-2.3666666666666667,-1.7833333333333332,-6.023333333333333,-4.036666666666667,-1.19,-7.616666666666667,,-4.0,-1.71,-1.2766666666666666,-7.053333333333334,,,-3.9733333333333336,,-7.84,-1.1633333333333333,-4.73,-2.04,-1.6066666666666667,-5.066666666666666,-2.9066666666666667,-4.796666666666667,,,-2.9766666666666666,-6.43,-3.49,-7.506666666666667,-7.376666666666667,-7.78,-5.083333333333333,-5.566666666666666,-7.25,,-5.596666666666667,-7.326666666666666,-3.5733333333333333,-5.59,-3.533333333333333,-1.6099999999999999,-3.736666666666667,,,-3.12,-7.876666666666667,-1.7533333333333334,-1.6333333333333333,-7.863333333333333,-7.946666666666666,-6.75,-1.2133333333333334,-2.17,-4.27,,,-7.1866666666666665,-1.46,-3.703333333333333,,,,,-6.79,-1.5433333333333334,-6.336666666666667,,-3.15,-7.363333333333333,-3.223333333333333,-2.48,-6.523333333333333,-4.65,-3.6966666666666668,-6.47,,-3.743333333333333,,-7.3,,,-6.576666666666666,-7.0633333333333335,-1.7766666666666666,-7.666666666666667,,,-2.623333333333333,-7.956666666666667,-7.21,,-1.4366666666666665,,-7.32,,-1.07,,-7.343333333333334,-7.693333333333333,-4.243333333333333,-5.423333333333334,-3.91,-3.4333333333333336,-2.6866666666666665,-7.35,,-5.593333333333334,-1.4766666666666666,-7.31,-7.42,,-2.663333333333333,-4.183333333333334,-1.0133333333333334,-6.933333333333334,-1.9633333333333334,-7.8133333333333335,-7.873333333333333,-7.02,-7.95,-7.746666666666667,-7.83,-3.7733333333333334,-3.086666666666667,-7.206666666666667,-7.11,-2.94,-1.7866666666666666,,,-6.056666666666667,-5.993333333333333,-7.74,-1.01,-1.76,-3.0433333333333334,-3.283333333333333,-6.996666666666667,-3.69,-6.766666666666667,-3.1766666666666667,-1.8966666666666665,-1.4666666666666668,-6.1,-4.923333333333334,,-7.833333333333333,-6.096666666666667,-7.05
2024-12-16,-6.65,-3.336666666666667,-3.3533333333333335,,,,-3.513333333333333,-7.386666666666667,-7.95,-6.373333333333333,-6.39,-5.61,-1.9066666666666667,-5.66,-7.983333333333333,,-6.6899999999999995,-1.8366666666666667,-5.053333333333334,-5.706666666666667,-3.5966666666666667,-1.5533333333333332,-5.716666666666667,,-3.8666666666666667,-5.206666666666667,-2.4033333333333333,-6.92,-1.7366666666666668,-7.526666666666666,-7.816666666666666,-3.5566666666666666,-4.13,-2.183333333333333,-2.7133333333333334,-5.873333333333333,-1.4266666666666667,-7.223333333333334,,-7.7,-4.42,-7.49,-5.213333333333333,-4.22,-5.236666666666666,-6.243333333333333,-7.116666666666666,-7.886666666666667,-6.32,-1.2533333333333334,-7.666666666666667,-7.91,,-3.45,-4.176666666666667,-6.953333333333333,-1.76,-7.006666666666667,-5.696666666666666,-7.8133333333333335,-6.163333333333333,-7.076666666666666,-1.1233333333333333,-3.84,-3.43,-5.593333333333334,-5.056666666666667,-5.343333333333334,-2.6833333333333336,-1.34,-2.1366666666666667,,-6.3133333333333335,-7.153333333333333,-2.0966666666666667,-1.8599999999999999,-1.88,-6.073333333333333,-1.9333333333333333,-7.486666666666666,-7.086666666666667,-5.37,-7.003333333333333,-6.1433333333333335,-7.216666666666667,-7.07,-6.173333333333334,-1.8433333333333333,-3.046666666666667,-4.036666666666667,-1.0833333333333333,-4.066666666666666,,-1.8566666666666667,-1.7933333333333334,-1.11,-3.59,-7.99,-3.7199999999999998,-6.473333333333334,-2.03,-1.9766666666666666,-2.033333333333333,-7.676666666666667,-6.846666666666667,-4.923333333333334,-7.08,-7.966666666666667,-7.256666666666667,-7.773333333333333,-7.963333333333333,-3.8233333333333333,-4.04,,-7.75,,,-1.5633333333333335,,-7.703333333333333,-1.4366666666666665,-2.6866666666666665,-6.693333333333333,-3.52,-6.733333333333333,-4.226666666666667,-4.28,-4.833333333333333,-7.303333333333334,-7.296666666666667,,-7.46,-7.726666666666667,-5.29,-3.3066666666666666,-4.1866666666666665,,-6.97,-6.196666666666666,-5.543333333333333,-2.89,,-7.433333333333334,,-7.523333333333333,-4.06,-3.9,-6.763333333333334,-7.8533333333333335,-3.6066666666666665,-7.366666666666666,-5.27,-1.7966666666666666,-4.026666666666666,-6.0633333333333335,-1.2466666666666666,-7.656666666666666,,-5.986666666666666,-2.6033333333333335,-1.1566666666666667,-4.1033333333333335,-3.36,,-1.98,,-5.926666666666667,-1.33,-7.286666666666667,-3.09,-3.68,-2.1133333333333333,-3.94,-3.8933333333333335,,,-5.78,-7.416666666666667,-2.3966666666666665,-7.506666666666667,-6.67,-7.82,-7.133333333333334,-4.83,-6.443333333333333,,-3.7233333333333336,-7.496666666666667,-2.73,-4.943333333333333,-2.4766666666666666,-7.44,-4.536666666666667,,,-4.203333333333333,-7.783333333333333,-2.79,-1.26,-4.903333333333333,-7.863333333333333,-5.743333333333333,-1.35,-3.2,-3.3233333333333333,-4.47,,-7.276666666666666,-1.3833333333333333,-1.7566666666666668,,,,,-7.24,-1.6266666666666667,-6.54,,-5.166666666666667,-7.463333333333333,-4.346666666666667,-2.6733333333333333,-5.573333333333333,-5.18,-1.77,-7.616666666666667,,-3.15,,-6.446666666666666,,,-6.3,-6.05,-1.8966666666666665,-7.746666666666667,,,-4.21,-7.946666666666666,-7.283333333333333,,,,-6.583333333333333,,-3.1066666666666665,,-7.453333333333333,-7.8100000000000005,-3.3633333333333333,-7.266666666666667,-1.9366666666666665,-1.3766666666666667,-4.57,-6.38,,-2.7766666666666664,-1.6633333333333333,-7.466666666666667,-6.636666666666667,,-5.233333333333333,-4.25,-1.0166666666666666,-7.913333333333333,-1.96,-2.8033333333333332,-7.87,-1.02,-7.956666666666667,-7.23,-7.85,-2.8266666666666667,-6.12,-7.17,-7.193333333333333,-3.9166666666666665,-2.876666666666667,,-7.333333333333333,-7.1466666666666665,-7.0,-3.8,-3.01,-2.1,-1.0133333333333334,-5.126666666666667,-7.993333333333333,-4.263333333333334,-7.753333333333333,-4.273333333333333,-1.9966666666666666,-2.0433333333333334,-6.14,-3.93,,-7.74,-7.16,-7.023333333333333
2024-12-17,-3.66,-4.383333333333334,-1.92,,,,-1.5766666666666667,-7.42,-4.923333333333334,-7.4366666666666665,-6.323333333333333,-2.716666666666667,-1.9433333333333334,-7.06,-7.963333333333333,,-6.733333333333333,-1.8599999999999999,-1.05,-4.73,-4.72,-1.3433333333333333,-7.713333333333333,,,-4.226666666666667,-2.486666666666667,-1.27,-3.8066666666666666,-7.516666666666667,-5.873333333333333,-4.836666666666667,-1.1766666666666667,-1.2166666666666668,-1.7833333333333332,-6.906666666666666,-1.52,-7.293333333333333,,-7.76,-3.57,-3.3866666666666667,-3.2133333333333334,-4.276666666666666,-7.296666666666667,-4.26,-7.15,-5.8966666666666665,-5.466666666666667,-1.1266666666666667,-7.51,-5.88,,-6.336666666666667,-1.1533333333333333,-4.96,-1.5233333333333334,-3.01,-4.54,-4.476666666666667,-7.236666666666666,-7.096666666666667,-1.13,-2.8233333333333333,-1.4833333333333334,-6.426666666666667,-3.1033333333333335,-4.363333333333333,-3.6333333333333333,-1.4966666666666666,-1.21,,-5.376666666666667,-1.12,-1.0366666666666666,-2.77,-3.9733333333333336,-2.0566666666666666,-1.95,-5.68,-6.1,-4.316666666666666,-5.003333333333333,-3.1333333333333333,-1.18,-6.076666666666666,-7.183333333333334,-1.75,-2.07,-2.1566666666666667,-1.0933333333333333,-5.0633333333333335,,-2.84,-1.8166666666666667,-1.1466666666666667,-4.163333333333333,-7.99,-5.746666666666667,-4.6066666666666665,-1.02,-1.9766666666666666,-4.043333333333333,-7.28,-1.0866666666666667,-2.67,-4.033333333333333,-6.08,-3.2666666666666666,-7.263333333333334,-7.9399999999999995,-1.63,-5.026666666666666,,-7.673333333333334,,,-7.683333333333334,,-5.8133333333333335,-1.5366666666666666,-1.7966666666666666,-1.83,-4.656666666666666,-2.6533333333333333,-5.233333333333333,-4.35,-3.7733333333333334,-6.423333333333334,-7.31,,,-7.456666666666667,-2.37,-2.703333333333333,-1.23,,-3.966666666666667,-3.3333333333333335,-1.48,-1.9466666666666668,,-5.38,,-7.58,-3.0833333333333335,-2.93,-1.81,-7.89,-3.4466666666666668,-7.41,-5.326666666666666,-1.7766666666666666,-3.03,-2.09,-1.2833333333333332,,,-3.993333333333333,-3.3133333333333335,-1.1733333333333333,-3.1866666666666665,-1.3066666666666666,,-1.98,,-3.9566666666666666,-1.7433333333333332,-7.256666666666667,-4.113333333333333,-3.82,-1.19,-4.9366666666666665,-6.953333333333333,,,-1.0533333333333332,-5.5,-1.3533333333333333,-5.55,-5.8533333333333335,-6.826666666666666,-2.22,-3.913333333333333,-7.583333333333333,,-2.8033333333333332,-6.64,-2.87,-3.9699999999999998,-1.45,-6.416666666666667,-2.4066666666666667,,,-7.24,-7.3566666666666665,-1.78,-1.2733333333333334,-2.9166666666666665,-3.1233333333333335,-6.526666666666666,-1.4633333333333334,-3.25,-2.32,-3.473333333333333,,-7.373333333333333,-1.44,-2.85,,,,,-3.16,-1.7233333333333334,-3.6866666666666665,,-2.17,,-1.4533333333333334,-3.7933333333333334,-7.493333333333333,-3.1433333333333335,-5.74,-7.513333333333334,,-1.11,,-3.61,,,-5.303333333333334,-7.066666666666666,-2.91,-7.79,,,-1.1966666666666668,-7.863333333333333,-6.366666666666666,,,,-3.7866666666666666,,-1.1366666666666667,,-6.5600000000000005,-7.876666666666667,-4.573333333333333,-1.3,-7.933333333333334,-1.4,-3.3966666666666665,-7.47,,-1.8866666666666667,-1.8,-6.706666666666667,-4.766666666666667,,-2.223333333333333,-7.34,-1.0466666666666666,-7.53,-1.8833333333333333,-5.3933333333333335,-1.8466666666666667,-2.04,-7.8933333333333335,-4.193333333333333,-7.403333333333333,-1.3599999999999999,-2.203333333333333,-4.14,-6.253333333333333,-1.29,-2.9266666666666667,,-6.433333333333334,-7.65,-8.0,-5.506666666666667,-7.006666666666667,-3.0733333333333333,-2.013333333333333,-2.1166666666666667,-7.983333333333333,-4.243333333333333,-7.8566666666666665,-7.346666666666667,-1.9966666666666666,-1.0166666666666666,-7.166666666666667,-4.566666666666666,,-7.286666666666667,-7.2,-6.023333333333333
2024-12-18,-3.66,-1.4433333333333334,-1.9633333333333334,,,,-1.63,-7.416666666666667,-3.716666666666667,-1.48,-1.33,-2.6866666666666665,-1.9533333333333334,-7.023333333333333,-7.0633333333333335,,-3.5966666666666667,-1.8733333333333333,-4.06,-3.6966666666666668,-5.776666666666666,-1.2533333333333334,-5.483333333333333,,,-7.276666666666666,-2.5633333333333335,-1.1,-2.783333333333333,-7.54,-5.9,-7.8966666666666665,-1.23,-1.27,-1.8199999999999998,-7.883333333333333,-1.79,-7.373333333333333,,-7.8100000000000005,-2.703333333333333,-1.45,-7.213333333333333,-7.323333333333333,-7.366666666666666,-2.31,-7.17,-3.8866666666666667,-4.573333333333333,-2.11,-6.513333333333334,-4.68,,-7.336666666666667,-1.1566666666666667,-5.97,-2.34,-1.01,-3.49,-3.4066666666666667,-7.29,-6.113333333333333,-1.1266666666666667,-1.4666666666666668,-1.51,-7.383333333333334,-1.4033333333333333,-3.4266666666666667,-6.42,-2.5233333333333334,-7.283333333333333,,-2.4766666666666666,-2.1166666666666667,-4.033333333333333,-2.3066666666666666,-1.9866666666666668,-4.053333333333334,-3.9466666666666668,-4.803333333333334,-5.136666666666667,-3.3433333333333333,-7.003333333333333,-7.153333333333333,-2.183333333333333,-7.096666666666667,-7.206666666666667,-1.9366666666666665,-1.0833333333333333,-3.1033333333333335,-2.1466666666666665,-1.0733333333333333,,-7.736666666666666,-1.7733333333333334,-1.2266666666666666,-6.1066666666666665,-4.983333333333333,-7.62,-6.746666666666667,,-1.9733333333333334,-6.036666666666667,-5.26,-2.026666666666667,-5.173333333333334,-6.043333333333333,-7.013333333333334,-3.203333333333333,-7.1433333333333335,-5.743333333333333,-1.3633333333333333,-6.04,,-7.446666666666666,,,-6.786666666666667,,-7.84,-1.71,-2.8433333333333333,-1.8566666666666667,-5.766666666666667,-7.53,-6.243333333333333,-3.4366666666666665,-2.6466666666666665,-5.533333333333333,-7.36,,,-6.35,-1.4866666666666668,-1.9266666666666667,-1.3,,-7.966666666666667,-1.7933333333333334,-1.52,-4.96,,-7.3933333333333335,,-7.6,-2.12,-1.9133333333333333,-1.7233333333333334,-7.906666666666666,-7.4,-6.453333333333333,-7.433333333333334,-1.56,-1.0466666666666666,-1.13,-1.3766666666666667,,,-1.99,-3.296666666666667,-1.1966666666666668,-1.2933333333333334,-2.3166666666666664,,-3.9766666666666666,,-1.9566666666666666,-1.8666666666666667,-7.266666666666667,-5.166666666666667,-5.89,-3.25,-7.91,-4.95,,,-1.0166666666666666,,-1.37,-3.6533333333333333,-4.92,-7.78,-1.2633333333333332,-2.9433333333333334,-6.673333333333334,,-1.8366666666666667,-6.74,-2.9166666666666665,-2.98,-1.4633333333333334,-6.41,-1.4133333333333333,,,-7.28,-7.236666666666666,-2.5166666666666666,-7.303333333333334,-1.9300000000000002,-7.093333333333334,-7.43,-1.5833333333333335,-5.286666666666667,-1.3466666666666667,-2.55,,-5.553333333333334,-1.47,-3.876666666666667,,,,,-7.16,-1.7266666666666666,-4.8,,-7.2,,-1.5766666666666667,-4.85,-3.506666666666667,-1.1766666666666667,-4.67,-7.38,,-1.1233333333333333,,-2.7199999999999998,,,-2.3566666666666665,-6.076666666666666,-7.863333333333333,-3.77,,,-2.21,-6.24,-5.556666666666667,,,,-1.8533333333333335,,-2.18,,-5.663333333333333,-5.903333333333333,-6.6433333333333335,-2.3533333333333335,-7.833333333333333,-1.46,-2.3966666666666665,-1.5266666666666666,,-1.9333333333333333,-1.8599999999999999,-1.8233333333333333,-1.8266666666666667,,-6.233333333333333,-7.503333333333333,-1.07,-7.193333333333333,-1.3866666666666667,-3.3333333333333335,-2.65,-3.08,-7.3133333333333335,-3.216666666666667,-6.273333333333333,-1.58,-6.256666666666667,-7.163333333333333,-5.326666666666666,-6.09,-1.9233333333333333,,-6.473333333333334,-7.683333333333334,-5.996666666666667,-1.5,-6.006666666666667,-2.066666666666667,-1.03,-7.14,-7.086666666666667,-6.246666666666667,-7.87,-7.44,-3.0,-1.02,-7.1866666666666665,-5.133333333333334,,-6.22,-7.223333333333334,-5.056666666666667
2024-12-19,,-2.4466666666666668,-1.9766666666666666,,,,-3.67,-7.39,-2.6566666666666667,-1.4966666666666666,-1.3133333333333335,-1.6166666666666667,-1.9533333333333334,-5.023333333333333,-6.01,-1.5333333333333332,-7.52,-1.8900000000000001,-1.06,-5.64,-6.786666666666667,-1.2,-6.366666666666666,,,-6.336666666666667,-3.5666666666666664,-7.07,-5.663333333333333,-2.5266666666666664,-4.903333333333333,-7.9366666666666665,-1.25,-1.87,-2.7933333333333334,-7.746666666666667,-2.83,-5.423333333333334,,-7.803333333333334,-4.706666666666667,-4.866666666666667,-6.253333333333333,-4.333333333333333,-5.406666666666666,-7.303333333333334,-7.193333333333333,-1.8966666666666665,-3.59,-3.1333333333333333,-5.54,-2.5933333333333333,,-7.32,-2.163333333333333,-1.9666666666666668,-1.2766666666666666,-1.04,-1.3633333333333333,-1.3933333333333333,-7.3,-5.12,-1.1166666666666667,-1.5433333333333334,-2.49,-6.3566666666666665,-1.9466666666666668,-3.453333333333333,-7.35,-6.546666666666667,-6.273333333333333,,-7.506666666666667,-6.113333333333333,-1.0433333333333334,-2.2466666666666666,-2.986666666666667,-7.046666666666667,-2.95,-7.806666666666667,-4.1866666666666665,-2.34,-6.003333333333333,-4.166666666666667,-3.183333333333333,-7.11,-4.236666666666666,-1.96,-7.09,-1.1466666666666667,-1.1766666666666667,-2.0833333333333335,,-1.45,-1.8333333333333335,-1.28,-5.1033333333333335,-2.98,-6.516666666666667,-4.92,,-1.9633333333333334,-4.033333333333333,-4.233333333333333,-1.0166666666666666,-4.096666666666667,-6.053333333333334,-1.0133333333333334,-1.16,-7.086666666666667,-6.41,-4.296666666666667,-7.036666666666667,,-7.326666666666666,,,-7.796666666666667,,-7.8,-2.7733333333333334,-1.8433333333333333,-7.85,-1.79,-7.493333333333333,-6.266666666666667,,-3.756666666666667,-4.6466666666666665,-6.373333333333333,,,-5.42,-1.5133333333333332,-2.913333333333333,-7.33,,-7.8933333333333335,-1.9066666666666667,-1.53,-1.97,,-7.3966666666666665,,-7.57,-1.19,-2.626666666666667,-1.5766666666666667,-7.88,-7.376666666666667,-7.48,-6.5600000000000005,-1.4833333333333334,-1.05,-2.1733333333333333,-1.4566666666666666,,,-1.99,-1.2633333333333332,-1.2133333333333334,-3.4033333333333333,-3.26,,-3.9566666666666666,,-1.9733333333333334,-2.8866666666666667,-6.306666666666667,-7.206666666666667,-5.9,-1.29,-7.503333333333333,-3.9333333333333336,,,-2.02,,-1.5233333333333334,-4.666666666666667,-3.9233333333333333,-7.72,-1.3166666666666667,-1.9433333333333334,-6.713333333333333,,-1.8399999999999999,-3.77,-2.9166666666666665,-1.9833333333333334,-1.4633333333333334,-3.43,-1.4133333333333333,,,-5.293333333333333,-7.14,-1.44,-7.283333333333333,-1.9100000000000001,-3.08,-2.3866666666666667,-1.6733333333333333,-4.37,-1.3466666666666667,-1.6800000000000002,,-4.653333333333333,-2.4699999999999998,-4.876666666666667,,,,,-1.1566666666666667,-1.7,-1.8133333333333335,,-6.23,,-1.6099999999999999,-5.86,-7.51,-7.203333333333333,-1.5966666666666667,-4.31,,-1.1433333333333333,,-7.75,,,-1.3833333333333333,-5.093333333333334,-6.426666666666667,-4.703333333333333,,,-2.223333333333333,-6.15,-4.636666666666667,,,,-7.863333333333333,,-3.18,,-5.716666666666667,-7.8566666666666665,-7.6433333333333335,-2.38,-1.3233333333333333,-4.486666666666666,-1.4,-2.55,,-1.9266666666666667,-5.873333333333333,,-3.8266666666666667,-2.7666666666666666,-7.226666666666667,-7.58,-2.1533333333333333,-7.13,-2.2866666666666666,-2.4366666666666665,-1.46,-4.123333333333333,-7.1066666666666665,-2.243333333333333,-5.24,-1.9300000000000002,-1.27,-2.17,-7.3533333333333335,-7.0633333333333335,-1.7433333333333332,,-2.5,-7.6033333333333335,-7.993333333333333,-1.5366666666666666,-5.006666666666667,-5.1,-3.066666666666667,-7.136666666666667,-6.03,-7.256666666666667,-7.726666666666667,-6.466666666666667,-4.0,-2.026666666666667,-7.196666666666666,-6.076666666666666,,-2.216666666666667,-7.22,-3.0733333333333333
2024-12-20,,-3.39,-1.98,,,,-3.65,-7.336666666666667,-3.743333333333333,-4.49,-2.3033333333333332,-2.5,-1.9466666666666668,-4.016666666666667,-6.006666666666667,-4.543333333333333,,-3.91,-2.046666666666667,-5.576666666666666,-7.776666666666666,-1.17,-4.36,,,-5.38,-6.536666666666667,-7.056666666666667,-1.55,-2.486666666666667,-1.8966666666666665,-5.95,-2.2466666666666666,-1.96,-3.716666666666667,-7.8566666666666665,-1.8599999999999999,-1.4133333333333333,,-7.873333333333333,-1.6766666666666667,-5.9366666666666665,-7.253333333333333,-6.373333333333333,-1.4066666666666667,-7.273333333333333,-4.203333333333333,-1.9300000000000002,-2.5933333333333333,-4.163333333333333,-3.5966666666666667,-1.88,,-7.276666666666666,-2.18,-7.9399999999999995,-4.26,-1.9766666666666666,-1.34,-2.45,-6.28,-4.1033333333333335,-1.0933333333333333,-1.85,-3.453333333333333,-1.3866666666666667,-2.9733333333333336,-3.4433333333333334,-7.31,-7.556666666666667,-5.256666666666667,,-6.523333333333333,-4.09,-1.04,-2.3,-3.993333333333333,-6.036666666666667,-5.943333333333333,-7.793333333333333,-3.183333333333333,-1.3166666666666667,-2.0033333333333334,-1.16,-4.153333333333333,-5.13,-1.2366666666666666,-1.97,-6.083333333333333,-1.7366666666666668,-1.1766666666666667,,,-2.41,-1.8766666666666667,-1.3266666666666667,-5.1,-1.9666666666666668,-6.433333333333334,-7.933333333333334,,-2.4833333333333334,-6.033333333333333,-3.1866666666666665,-1.02,-7.086666666666667,-7.073333333333333,-2.013333333333333,-1.1233333333333333,-7.0633333333333335,-5.3533333333333335,-3.25,-7.053333333333334,,-4.24,,-6.68,-3.79,,-7.726666666666667,-4.763333333333334,-2.8066666666666666,-7.783333333333333,-4.773333333333333,-6.47,-7.283333333333333,,-1.7966666666666666,-1.7233333333333334,-6.3566666666666665,,,-4.786666666666667,-2.5266666666666664,-1.8933333333333333,-7.35,,-5.333333333333333,-1.9166666666666665,-6.51,-1.9533333333333334,,-7.4,,-7.533333333333333,-1.2133333333333334,-2.5166666666666666,-1.58,-4.846666666666667,-6.33,-7.493333333333333,-6.75,-2.4366666666666665,-1.06,-3.1366666666666667,-1.7666666666666666,,,-7.99,-4.21,-1.2233333333333334,-3.8333333333333335,-5.193333333333333,,-4.863333333333333,-3.5733333333333333,-1.9566666666666666,-1.87,-6.306666666666667,-1.1566666666666667,-5.9,-1.4566666666666666,-6.3133333333333335,-2.92,,,-1.03,,-1.8433333333333333,-7.613333333333333,-2.9033333333333333,-7.693333333333333,-1.3433333333333333,-1.9233333333333333,,,-1.8399999999999999,-1.7533333333333334,-1.9066666666666667,-1.9833333333333334,-1.46,-3.3766666666666665,-1.4166666666666667,,,-5.27,-7.113333333333333,-1.4033333333333333,-6.323333333333333,-2.54,-1.07,-2.3666666666666667,-1.6600000000000001,-1.6099999999999999,-5.293333333333333,-1.74,,-4.6866666666666665,-3.473333333333333,-5.6033333333333335,,,,,-7.12,-2.6333333333333333,-1.8166666666666667,,-5.233333333333333,,-2.626666666666667,-6.8533333333333335,-6.48,-7.15,-5.53,-5.216666666666667,,-2.1433333333333335,,-3.7333333333333334,-7.64,,-1.43,-4.116666666666666,-5.226666666666667,-7.506666666666667,,,-2.1966666666666668,-7.173333333333334,-5.673333333333334,,,,-2.8033333333333332,,-6.126666666666667,,-6.6899999999999995,-7.826666666666666,-6.6066666666666665,-2.4233333333333333,-6.1466666666666665,-5.42,-2.37,-3.56,,-2.913333333333333,-5.866666666666667,,-2.8133333333333335,-1.77,-6.19,-7.59,-3.6,-7.11,-2.2066666666666666,-5.566666666666666,-4.3966666666666665,-5.286666666666667,-7.066666666666666,-1.3466666666666667,-4.296666666666667,-1.9633333333333334,-1.2666666666666666,-1.1333333333333333,-4.383333333333334,-1.0433333333333334,-2.7133333333333334,,-1.4666666666666668,-7.32,-6.986666666666666,-1.8866666666666667,-4.01,-6.23,-4.463333333333333,-7.096666666666667,-5.023333333333333,-6.243333333333333,-7.476666666666667,-7.426666666666667,-5.0,-3.026666666666667,-7.14,-1.05,,-1.2,-7.166666666666667,-1.8366666666666667
2024-12-23,,-4.34113712374582,-1.979933110367893,,,,-7.648829431438127,-7.290969899665551,-3.859531772575251,-6.622073578595318,-4.294314381270903,-2.4414715719063547,-1.9297658862876255,-3.0234113712374584,-7.003344481605351,-5.551839464882943,,-4.8996655518394645,-3.0468227424749164,-1.5351170568561874,-7.752508361204013,-2.1438127090301005,-3.3377926421404682,,,-4.454849498327759,-7.505016722408027,-6.050167224080267,-2.5016722408026757,-1.4749163879598663,-7.8561872909699,-4.94314381270903,-4.274247491638796,-2.9698996655518393,-4.595317725752508,-7.879598662207358,-1.8528428093645486,-2.4147157190635453,,-7.8762541806020065,-1.6722408026755853,-4.956521739130435,-6.250836120401337,-1.4481605351170568,-1.4247491638795986,-6.327759197324415,-3.3010033444816056,-1.9498327759197325,-1.588628762541806,-5.247491638795987,-3.6521739130434785,-1.8929765886287626,,-6.277591973244147,-4.20066889632107,-6.919732441471572,-3.3478260869565215,-3.9899665551839467,-1.3444816053511706,-7.518394648829432,-7.264214046822742,-3.1070234113712374,-2.100334448160535,-1.8294314381270902,-3.451505016722408,-3.411371237458194,-1.959866220735786,-2.4180602006688963,-7.317725752508361,-6.568561872909699,-4.2842809364548495,,-5.5719063545150505,-7.096989966555184,-1.0535117056856187,-5.334448160535117,-4.993311036789297,-6.030100334448161,-1.9230769230769231,-6.74247491638796,-2.1739130434782608,-1.3043478260869565,-1.0100334448160535,-1.1973244147157192,-5.170568561872909,-5.137123745819398,-2.25752508361204,-7.973244147157191,-5.083612040133779,-1.9364548494983278,-1.351170568561873,,,-3.331103678929766,-2.8662207357859533,-3.431438127090301,-5.117056856187291,-1.9632107023411371,-5.39799331103679,-6.906354515050167,,-4.063545150501672,-6.033444816053512,-2.1939799331103678,-2.0267558528428093,-6.076923076923077,-6.127090301003345,-1.0133779264214047,-1.1337792642140467,-7.0602006688963215,-1.5652173913043477,-5.2274247491638794,-7.157190635451505,,-2.234113712374582,,-1.6187290969899666,-1.7759197324414715,,-6.625418060200669,-5.769230769230769,-3.749163879598662,-6.645484949832776,-6.745819397993311,-5.48494983277592,-6.297658862876254,,-1.8428093645484949,-1.725752508361204,-7.357859531772576,,,-7.896321070234114,-2.5250836120401337,-1.8361204013377925,-6.361204013377926,,-6.093645484949833,-1.9130434782608696,-6.511705685618729,-7.926421404682275,,-6.394648829431438,,-6.488294314381271,-2.2240802675585285,-1.3645484949832776,-6.578595317725752,-4.785953177257525,-5.3076923076923075,-5.521739130434782,-4.826086956521739,-2.4347826086956523,-2.0702341137123748,-5.1404682274247495,-2.8896321070234112,,,-6.9397993311036785,-5.217391304347826,-3.230769230769231,-4.916387959866221,-7.183946488294314,,-4.4280936454849495,-4.538461538461538,-1.9464882943143813,-1.7892976588628762,-4.374581939799331,-1.1672240802675584,-2.862876254180602,-1.6153846153846154,-7.2207357859531776,-1.8695652173913042,,,-2.020066889632107,,-1.8829431438127089,-6.591973244147157,-1.8327759197324416,-5.668896321070234,-3.3545150501672243,-1.9096989966555182,,,-1.819397993311037,-1.7725752508361206,-2.8862876254180603,-1.9765886287625418,-1.468227424749164,-1.3846153846153846,-1.4448160535117056,,,-3.2675585284280935,-7.130434782608695,-3.367892976588629,-5.377926421404682,-1.2809364548494984,-7.073578595317726,-1.4080267558528428,-1.7157190635451505,-1.7926421404682276,-4.260869565217392,-2.809364548494983,-2.7391304347826084,-2.7357859531772575,-4.478260869565218,-6.287625418060201,,,,,-6.147157190635451,-3.6020066889632107,-1.8060200668896322,,-4.240802675585284,,-4.65551839464883,-7.812709030100335,-5.491638795986622,-5.1638795986622075,-2.531772575250836,-7.1806020066889635,,-1.1772575250836121,,-3.709030100334448,-6.65886287625418,,-1.4983277591973243,-2.1237458193979935,-4.187290969899665,-7.381270903010034,,,-3.210702341137124,-6.765886287625418,-3.719063545150502,,,,-2.6956521739130435,,-6.103678929765886,,-2.665551839464883,-7.7558528428093645,-3.5150501672240804,-3.4949832775919734,-7.090301003344481,-2.321070234113712,-3.391304347826087,-4.548494983277592,,-2.849498327759197,-6.839464882943144,,-1.7826086956521738,-1.7324414715719063,-1.1906354515050168,-6.581939799331104,-4.953177257525084,-7.120401337792642,-5.270903010033445,-6.802675585284281,-4.404682274247492,-6.7792642140468224,-7.05685618729097,-1.4013377926421404,-3.37123745819398,-3.9665551839464883,-3.254180602006689,-2.1538461538461537,-2.4214046822742477,-1.040133779264214,-4.508361204013378,,-1.4615384615384617,-7.080267558528428,-5.237458193979933,-7.933110367892977,-3.036789297658863,-7.6120401337792645,-5.986622073578595,-7.086956521739131,-5.006688963210703,-5.207357859531773,-7.438127090301004,-7.3879598662207355,-7.0,-1.0167224080267558,-2.1103678929765888,-4.043478260869565,,-2.2140468227424748,-7.160535117056856,-1.9832775919732442
2024-12-24,,,-3.976588628762542,,,,-6.645484949832776,-6.290969899665551,-2.903010033444816,-7.789297658862877,-6.381270903010034,-1.3846153846153846,-4.933110367892977,-3.0234113712374584,-6.003344481605351,-5.548494983277592,,-5.923076923076923,-3.05685618729097,-1.491638795986622,-7.735785953177258,-1.1103678929765886,-7.274247491638796,,,-3.5384615384615383,-3.4414715719063547,-5.050167224080267,-1.4180602006688963,-1.414715719063545,-6.769230769230769,-5.94314381270903,-5.287625418060201,-1.979933110367893,-7.478260869565218,-7.892976588628763,-2.6755852842809364,-1.3879598662207357,,-6.8561872909699,-2.672240802675585,-6.953177257525084,-7.25752508361204,-1.5217391304347827,-3.4347826086956523,-4.394648829431438,-1.4247491638795986,-1.9464882943143813,-1.6387959866220736,-6.321070234113712,-1.648829431438127,-1.8896321070234112,,-5.280936454849498,-6.177257525083612,-1.8963210702341136,-2.5819397993311037,-1.9933110367892977,-3.3244147157190636,-4.535117056856187,-2.250836120401338,-2.137123745819398,-2.1137123745819397,-1.8628762541806019,-5.421404682274248,-1.391304347826087,-1.9565217391304348,-1.3612040133779264,-3.334448160535117,-5.7725752508361206,,-2.197324414715719,-3.6187290969899664,-3.1036789297658864,-1.0668896321070234,-1.3277591973244147,-1.9899665551839465,-4.026755852842809,-1.9297658862876255,-4.709030100334449,-7.1438127090301,-1.3377926421404682,-1.060200668896321,-1.3043478260869565,-6.173913043478261,-5.190635451505017,-1.3076923076923077,-6.973244147157191,-4.187290969899665,-4.969899665551839,-1.8327759197324416,,,-4.217391304347826,-1.8461538461538463,-1.468227424749164,-6.107023411371237,-3.936454849498328,-3.367892976588629,-5.879598662207358,,-5.036789297658863,-7.043478260869565,-1.2040133779264215,-3.0334448160535117,-5.096989966555184,-7.153846153846154,-2.0133779264214047,-1.1505016722408028,-5.063545150501672,-1.8494983277591972,-5.20066889632107,-1.919732441471572,-1.8160535117056855,-1.2408026755852843,,-1.568561872909699,-1.7558528428093645,,-4.615384615384615,-3.7525083612040135,-5.6923076923076925,-5.588628762541806,-7.749163879598662,-2.4849498327759196,-7.34448160535117,,-2.8528428093645486,-1.7391304347826086,-6.354515050167224,,,-7.916387959866221,-2.5016722408026757,-1.6989966555183946,-5.3712374581939795,,-4.073578595317726,-2.859531772575251,-6.51505016722408,-7.906354515050167,,-5.3478260869565215,,-3.4448160535117056,-3.2474916387959865,-1.31438127090301,-5.578595317725752,-3.765886287625418,-4.331103678929766,-1.5551839464882944,-3.842809364548495,-1.411371237458194,-3.0936454849498327,-6.193979933110368,-5.88628762541806,,,-5.0200668896321075,-7.210702341137123,-1.234113712374582,-7.909698996655519,-7.1638795986622075,,-5.488294314381271,-5.498327759197324,-1.939799331103679,-2.702341137123746,-3.5418060200668897,-1.1471571906354514,-5.7959866220735785,-2.665551839464883,-7.133779264214047,-1.3979933110367893,,,-2.016722408026756,,-4.866220735785953,-4.5719063545150505,-1.6956521739130435,-4.7324414715719065,-3.3411371237458196,-1.8762541806020065,,,-1.819397993311037,-1.7759197324414715,-3.882943143812709,-1.959866220735786,-1.4481605351170568,-1.4648829431438126,-2.451505016722408,,,-2.270903010033445,-5.224080267558528,-2.351170568561873,-4.454849498327759,-5.1237458193979935,-7.086956521739131,-1.4381270903010033,-1.779264214046823,-1.8695652173913042,-2.260869565217391,-2.8361204013377925,-3.74247491638796,-1.7224080267558528,-5.474916387959866,-7.117056856187291,,,,,-5.214046822742475,-4.6120401337792645,-1.8227424749163879,,-4.237458193979933,,-5.65886287625418,-4.806020066889632,-4.45819397993311,-4.1404682274247495,-4.494983277591973,-7.160535117056856,,-1.2842809364548495,-7.511705685618729,-1.7157190635451505,-1.6421404682274248,,-1.5953177257525084,-1.180602006688963,-3.120401337792642,-4.2675585284280935,,-1.6822742474916388,-3.220735785953177,-3.9264214046822743,-1.6889632107023411,,,,-2.668896321070234,,-6.1003344481605355,,-1.6354515050167224,-5.68561872909699,-1.4615384615384617,-4.622073578595318,-4.083612040133779,-7.230769230769231,-7.404682274247492,-5.525083612040134,,-1.79933110367893,-4.826086956521739,,-1.7826086956521738,-1.705685618729097,-1.2073578595317727,-5.605351170568562,-5.963210702341137,-6.170568561872909,-6.40133779264214,-7.829431438127091,-5.374581939799331,-7.558528428093646,-6.053511705685619,-1.3110367892976589,-1.508361204013378,-6.966555183946488,-2.2441471571906355,-2.1672240802675584,-2.4816053511705687,-2.040133779264214,-4.264214046822742,,-1.431438127090301,-7.076923076923077,-7.030100334448161,-1.9498327759197325,-3.080267558528428,-7.913043478260869,-7.986622073578595,-7.090301003344481,-1.0066889632107023,-4.157190635451505,-6.357859531772576,-5.364548494983278,-8.0,-1.0100334448160535,-1.1270903010033444,-1.0468227424749164,-6.2274247491638794,-7.183946488294314,-6.130434782608695,-2.983277591973244
2024-12-25,,,-2.9665551839464883,,,,-6.6120401337792645,-6.25752508361204,-5.903010033444816,-7.822742474916388,-7.6755852842809364,-7.3076923076923075,-1.919732441471572,-2.0267558528428093,-5.010033444816053,-7.461538461538462,,-7.923076923076923,-5.053511705685619,-3.4414715719063547,-7.608695652173913,-4.093645484949833,-7.254180602006689,,,-2.4983277591973243,-5.374581939799331,-5.040133779264214,-2.3578595317725752,-2.3645484949832776,-1.6020066889632107,-5.926421404682275,-7.3244147157190636,-1.9765886287625418,-7.3712374581939795,-6.906354515050167,-3.3979933110367893,-2.311036789297659,,-7.852842809364549,-3.6555183946488294,-7.9397993311036785,-7.207357859531773,-3.5819397993311037,-4.414715719063545,-3.6421404682274248,-2.6588628762541804,-1.9364548494983278,-2.5785953177257523,-6.2675585284280935,-2.5351170568561874,-1.8695652173913042,,-3.3812709030100336,-7.160535117056856,-2.7859531772575252,-4.7725752508361206,-1.9933110367892977,-2.250836120401338,-2.648829431438127,-1.2408026755852843,-1.1973244147157192,-4.1404682274247495,-1.8662207357859533,-6.391304347826087,-2.327759197324415,-7.963210702341137,-1.2909698996655519,-4.317725752508361,-7.8361204013377925,,-6.157190635451505,-5.638795986622074,-6.110367892976589,-2.080267558528428,-2.177257525083612,,-7.033444816053512,-7.8996655518394645,-1.62876254180602,-6.103678929765886,-1.3444816053511706,-1.9431438127090301,-2.4180602006688963,-7.2207357859531776,-7.187290969899665,-3.3010033444816056,-5.959866220735786,-4.846153846153846,-3.979933110367893,-1.8862876254180603,,,-5.133779264214047,-2.782608695652174,-2.3946488294314383,-7.083612040133779,-4.809364548494983,-2.331103678929766,-4.635451505016722,,-6.030100334448161,-7.046822742474917,-1.1739130434782608,-1.100334448160535,-6.076923076923077,-7.137123745819398,-4.0200668896321075,-3.1939799331103678,-2.0668896321070234,-7.882943143812709,-7.167224080267559,-2.9698996655518393,-1.8327759197324416,-7.3478260869565215,,-2.448160535117057,-1.7190635451505016,,-5.555183946488294,-1.705685618729097,-7.59866220735786,-3.5585284280936453,-7.7324414715719065,-2.4013377926421406,-7.361204013377926,,-1.8729096989966556,-2.585284280936455,-5.31438127090301,,,-6.916387959866221,-6.478260869565218,-1.7625418060200668,-4.304347826086957,,-7.0602006688963215,-3.819397993311037,-7.471571906354515,-5.8561872909699,-2.217391304347826,-4.297658862876254,,-1.451505016722408,-2.351170568561873,-1.1705685618729098,-5.591973244147157,-7.68561872909699,-4.354515050167224,-1.5050167224080266,-4.829431438127091,-3.334448160535117,-4.1237458193979935,-7.337792642140468,-7.8762541806020065,,,-4.006688963210703,-7.2040133779264215,-3.2274247491638794,-7.913043478260869,-7.1638795986622075,-4.538461538461538,-7.816053511705686,-6.4280936454849495,-1.9297658862876255,-3.6622073578595318,-2.7257525083612038,-4.150501672240803,-1.665551839464883,-2.528428093645485,-6.1806020066889635,-1.1839464882943145,,,-4.013377926421405,,-4.862876254180602,-2.729096989966555,-1.551839464882943,-4.789297658862877,-2.3779264214046822,-4.849498327759197,,,-1.79933110367893,-1.779264214046823,-4.892976588628763,-1.9464882943143813,-1.468227424749164,-1.7023411371237458,-6.525083612040134,,,-2.280936454849498,-3.6923076923076925,-1.4381270903010033,-3.6153846153846154,-5.11371237458194,-5.086956521739131,-1.431438127090301,-1.7759197324414715,-3.8896321070234112,-3.2642140468227425,-1.8428093645484949,-4.722408026755852,-1.7123745819397993,-6.494983277591973,-7.090301003344481,,,-4.367892976588629,,-4.518394648829432,-5.622073578595318,-1.7926421404682276,,-2.2140468227424748,,-7.625418060200669,-4.802675585284281,-3.4448160535117056,-3.2240802675585285,,-7.147157190635451,,-1.7090301003344481,-7.424749163879599,-1.6889632107023411,-1.6187290969899666,,-4.739130434782608,-1.2775919732441472,-5.117056856187291,-1.2107023411371238,,-3.678929765886288,-4.2842809364548495,-2.9565217391304346,-1.6822742474916388,,,,-2.74247491638796,,-6.096989966555184,,-7.632107023411371,-7.672240802675585,-4.411371237458194,-6.769230769230769,-5.073578595317726,-6.153846153846154,-7.434782608695652,-6.454849498327759,,-7.749163879598662,-4.812709030100335,,-1.7525083612040135,-1.5953177257525084,-1.2709030100334449,,-6.973244147157191,-7.408026755852843,-7.548494983277592,-6.247491638795987,-7.404682274247492,-7.237458193979933,-7.050167224080267,-1.1438127090301002,-1.2876254180602007,-7.953177257525084,-4.20066889632107,-3.190635451505017,-5.575250836120401,-4.05685618729097,-6.130434782608695,,-2.3846153846153846,-6.063545150501672,-6.023411371237458,-1.9498327759197325,-1.9331103678929766,-7.896321070234114,-7.996655518394649,-7.070234113712375,-2.0033444816053514,-3.1270903010033444,-7.274247491638796,-6.294314381270903,-8.0,-1.0167224080267558,-5.321070234113712,-2.036789297658863,-6.234113712374582,-7.107023411371237,-5.120401337792642,-1.9832775919732442
2024-12-26,,,-1.9565217391304348,,,,-7.605351170568562,-6.250836120401337,-1.9163879598662206,-7.842809364548495,-7.8193979933110365,-7.3478260869565215,-2.8862876254180603,-4.033444816053512,-4.010033444816053,-1.4381270903010033,,-7.9397993311036785,-6.050167224080267,-4.411371237458194,-7.565217391304348,-5.110367892976589,-5.277591973244147,-1.5585284280936453,,-1.431438127090301,-2.3846153846153846,-5.053511705685619,-5.327759197324415,-3.3411371237458196,-1.4983277591973243,-6.923076923076923,-7.361204013377926,-1.9732441471571907,-3.3444816053511706,-7.866220735785953,-4.237458193979933,-7.260869565217392,-4.822742474916388,-7.789297658862877,-3.638795986622074,-7.919732441471572,-6.331103678929766,-7.508361204013378,-5.394648829431438,-2.7759197324414715,-3.7525083612040135,-1.9130434782608696,-5.491638795986622,-7.207357859531773,-2.5551839464882944,-2.809364548494983,,-2.5953177257525084,-6.167224080267559,-3.367892976588629,-7.74247491638796,-1.9899665551839465,-1.2173913043478262,-5.735785953177258,-2.2441471571906355,-1.2006688963210703,-4.157190635451505,-1.859531772575251,-7.404682274247492,-2.2642140468227425,-7.953177257525084,-1.2474916387959867,-2.3143812709030103,-7.849498327759197,,-7.187290969899665,-1.648829431438127,-2.137123745819398,-1.1237458193979932,-3.1337792642140467,,-6.103678929765886,-6.862876254180602,-2.608695652173913,-5.150501672240803,-1.354515050167224,-3.9632107023411374,-1.5418060200668897,-7.2842809364548495,-6.301003344481606,-5.290969899665551,-4.94314381270903,-4.933110367892977,-1.979933110367893,-1.8929765886287626,,,-6.086956521739131,-1.5183946488294313,-7.280936454849498,-4.063545150501672,-4.130434782608695,-1.3377926421404682,-3.334448160535117,,-7.023411371237458,-7.040133779264214,-1.1739130434782608,-5.829431438127091,-5.066889632107023,-7.080267558528428,-6.0200668896321075,-1.254180602006689,-1.0735785953177257,-7.889632107023411,-7.160535117056856,-3.976588628762542,-2.8361204013377925,-7.588628762541806,,-3.4013377926421406,-2.668896321070234,,-6.575250836120401,-3.682274247491639,-7.568561872909699,-4.591973244147157,-7.702341137123746,-4.374581939799331,-6.3712374581939795,,-2.899665551839465,-3.4414715719063547,-4.317725752508361,-5.6287625418060205,,-5.8561872909699,-2.528428093645485,-1.7826086956521738,-3.2675585284280935,,-4.046822742474917,-7.709030100334449,-7.461538461538462,-4.816053511705686,-1.274247491638796,-1.2307692307692308,,-1.6020066889632107,-5.3244147157190636,-2.1471571906354514,-5.494983277591973,-7.632107023411371,-7.464882943143813,-1.5451505016722407,-7.79933110367893,-1.3110367892976589,-7.11371237458194,-7.424749163879599,-6.832775919732441,,,-3.0066889632107023,-6.224080267558528,-1.193979933110368,-7.882943143812709,-7.2040133779264215,-2.351170568561873,-7.879598662207358,-7.408026755852843,-3.936454849498328,-5.615384615384615,-1.7224080267558528,-5.240802675585284,-1.6354515050167224,-1.3043478260869565,-5.297658862876254,-1.180602006688963,,,-7.013377926421405,,-4.872909698996655,-1.8127090301003346,-1.5250836120401337,-7.806020066889632,-5.745819397993311,-4.7959866220735785,,-1.4481605351170568,-3.7725752508361206,-5.759197324414716,-5.903010033444816,-1.9464882943143813,-1.585284280936455,-6.826086956521739,-7.581939799331104,,,-3.2876254180602005,-2.869565217391304,-1.6923076923076923,-1.548494983277592,-7.190635451505017,-4.153846153846154,-1.4448160535117056,-5.749163879598662,-3.8963210702341136,-2.3076923076923075,-7.839464882943144,-5.698996655518394,-2.6588628762541804,-7.561872909698996,-7.090301003344481,,,-5.391304347826087,,-3.802675585284281,-6.678929765886288,-3.729096989966555,,-1.2107023411371238,,-7.618729096989966,-6.762541806020067,-2.4749163879598663,-1.4280936454849498,,-7.197324414715719,,-1.8461538461538463,-7.357859531772576,-3.672240802675585,-4.625418060200669,,-6.7157190635451505,-1.5351170568561874,-1.1438127090301002,-3.220735785953177,,-4.665551839464883,-1.3645484949832776,-1.9698996655518395,-2.6454849498327757,-7.3879598662207355,,,-6.769230769230769,,-7.120401337792642,,-6.6521739130434785,-6.712374581939799,-1.3979933110367893,-1.7859531772575252,-7.076923076923077,-7.214046822742475,-5.642140468227424,-7.421404682274248,,-7.725752508361204,-7.7558528428093645,,-3.705685618729097,-1.5384615384615383,-7.294314381270903,,-7.966555183946488,-7.7324414715719065,-7.45819397993311,-7.1003344481605355,-7.418060200668896,-7.070234113712375,-4.0602006688963215,-7.083612040133779,-1.140468227424749,-6.949832775919733,-6.170568561872909,-1.234113712374582,-7.578595317725752,-3.1070234113712374,-7.093645484949833,,-1.414715719063545,-3.05685618729097,-7.016722408026756,-3.959866220735786,-1.9297658862876255,-7.926421404682275,-7.996655518394649,-7.043478260869565,-3.0033444816053514,-2.117056856187291,-6.183946488294314,-7.25752508361204,-8.0,-2.0267558528428093,-5.765886287625418,-7.036789297658863,-5.177257525083612,-5.096989966555184,-6.127090301003345,-5.986622073578595
2024-12-27,,,-2.9565217391304346,,,,-4.581939799331104,-3.274247491638796,-2.899665551839465,-7.809364548494983,-7.846153846153846,-7.34113712374582,-2.782608695652174,-1.0535117056856187,-1.0100334448160535,-1.4381270903010033,,-7.923076923076923,-6.080267558528428,-5.3244147157190636,-7.464882943143813,-1.180602006688963,-4.488294314381271,-2.6153846153846154,,-1.37123745819398,-5.381270903010034,-6.0602006688963215,-3.311036789297659,-1.2976588628762542,-3.4615384615384617,-7.936454849498328,-6.511705685618729,-3.9698996655518393,-1.31438127090301,-7.7558528428093645,-5.1404682274247495,-6.240802675585284,-2.7926421404682276,-7.702341137123746,-5.575250836120401,-7.889632107023411,-5.7324414715719065,-6.474916387959866,-5.337792642140468,-3.74247491638796,-4.8595317725752505,-2.839464882943144,-6.354515050167224,-7.187290969899665,-2.551839464882943,-4.785953177257525,,-1.7892976588628762,-4.173913043478261,-4.20066889632107,-3.6856187290969897,-2.9899665551839467,-1.2307692307692308,-4.759197324414716,-3.2274247491638794,-1.1672240802675584,-2.160535117056856,-3.8662207357859533,-6.3879598662207355,-2.270903010033445,-7.963210702341137,-4.2441471571906355,-1.3076923076923077,-2.8361204013377925,,-6.247491638795987,-1.605351170568562,-1.1438127090301002,-4.137123745819398,-7.153846153846154,,-4.775919732441472,-6.849498327759197,-2.5217391304347827,-4.294314381270903,-2.361204013377926,-3.9732441471571907,-2.729096989966555,-7.321070234113712,-7.578595317725752,-5.277591973244147,-3.9264214046822743,-3.9331103678929766,-4.983277591973244,-1.8695652173913042,,,-6.076923076923077,-1.374581939799331,-6.177257525083612,-2.0635451505016724,-5.130434782608695,-1.3578595317725752,-2.682274247491639,,-7.016722408026756,-6.036789297658863,-1.120401337792642,-6.94314381270903,-7.05685618729097,-7.043478260869565,-7.023411371237458,-1.2876254180602007,-2.0936454849498327,-1.8762541806020065,-6.147157190635451,-4.976588628762542,-4.816053511705686,-5.678929765886288,,-2.3478260869565215,-4.595317725752508,,,-1.62876254180602,-7.421404682274248,-1.5585284280936453,-7.672240802675585,-3.334448160535117,-5.424749163879599,,-6.892976588628763,-1.3678929765886287,-3.3010033444816056,-1.5618729096989967,,-3.765886287625418,-6.545150501672241,-2.822742474916388,-2.254180602006689,,-6.066889632107023,-6.6923076923076925,-7.40133779264214,-7.826086956521739,-4.290969899665551,-1.1973244147157192,-6.45819397993311,-2.6755852842809364,-6.377926421404682,-4.1003344481605355,-4.404682274247492,-4.525083612040134,-6.568561872909699,-1.6354515050167224,-6.762541806020067,-5.190635451505017,-1.1337792642140467,-7.304347826086957,-7.7725752508361206,,,-4.003344481605351,-4.2207357859531776,-2.2140468227424748,-5.882943143812709,-6.217391304347826,-1.2608695652173914,-7.906354515050167,-7.384615384615385,-1.9297658862876255,-6.555183946488294,-3.632107023411371,-1.2374581939799332,-1.4983277591973243,-1.3177257525083612,-1.57190635451505,-1.625418060200669,,,-7.013377926421405,,-1.9096989966555182,-1.8294314381270902,-1.5016722408026757,-2.802675585284281,-7.872909698996655,-3.6622073578595318,,-1.4548494983277591,-6.749163879598662,-6.752508361204013,-6.896321070234114,-3.919732441471572,-3.705685618729097,-6.832775919732441,-6.622073578595318,,,-6.280936454849498,-1.903010033444816,-1.8127090301003346,-1.5418060200668897,-7.264214046822742,-3.234113712374582,-1.4481605351170568,-6.719063545150502,-6.88628762541806,-1.351170568561873,-7.8193979933110365,-6.695652173913043,-1.5384615384615383,-7.645484949832776,-7.073578595317726,,,-6.434782608695652,,-2.8060200668896322,-7.688963210702341,-6.65886287625418,,-1.2040133779264215,,-6.535117056856187,-7.739130434782608,-7.471571906354515,-2.709030100334448,,-6.25752508361204,,-2.862876254180602,-7.2675585284280935,-4.59866220735786,-7.548494983277592,,-5.725752508361204,-1.8428093645484949,-1.1638795986622075,-4.193979933110368,,-1.6555183946488294,-2.591973244147157,-1.959866220735786,-7.528428093645485,,,,-6.7792642140468224,,-7.107023411371237,,-5.642140468227424,-3.769230769230769,-1.394648829431438,-2.79933110367893,-6.090301003344481,-7.207357859531773,-6.618729096989966,-7.4280936454849495,,,-7.712374581939799,,-4.665551839464883,-1.4849498327759196,-6.327759197324415,,-7.953177257525084,-5.722408026755852,-7.183946488294314,-7.050167224080267,-7.331103678929766,-7.040133779264214,-7.096989966555184,-6.046822742474917,-1.1103678929765886,-5.949832775919733,-6.157190635451505,-1.2508361204013378,-7.39799331103679,-5.7157190635451505,-6.083612040133779,,-2.391304347826087,-3.1137123745819397,-6.026755852842809,-4.966555183946488,-1.9464882943143813,-7.9397993311036785,-7.996655518394649,-2.0301003344481607,-4.006688963210703,-1.117056856187291,-1.1237458193979932,-6.210702341137123,-6.0,-4.070234113712375,-3.8528428093645486,-7.033444816053512,-1.1705685618729098,,-5.103678929765886,-2.9866220735785953
2024-12-30,,,-1.9665551839464883,,-1.5250836120401337,,-2.585284280936455,-2.2675585284280935,-2.8729096989966556,-6.769230769230769,-6.822742474916388,-5.384615384615385,-3.7157190635451505,-1.0568561872909699,-1.0066889632107023,-1.411371237458194,,-5.909698996655519,-7.230769230769231,-6.25752508361204,-6.448160535117057,-2.5652173913043477,-1.8026755852842808,-3.6923076923076925,,-1.2809364548494984,-7.418060200668896,-1.0635451505016722,-4.301003344481606,-7.247491638795987,-5.528428093645485,-7.94314381270903,-7.535117056856187,-7.956521739130435,-1.351170568561873,-7.327759197324415,-6.11371237458194,-6.214046822742475,-1.745819397993311,,-3.4782608695652173,-7.839464882943144,-4.809364548494983,-5.424749163879599,-7.297658862876254,-1.7424749163879598,-5.892976588628763,-1.531772575250836,-5.270903010033445,-6.197324414715719,-1.6020066889632107,-4.739130434782608,,-1.8127090301003346,-6.2441471571906355,-5.207357859531773,-1.645484949832776,-1.9899665551839465,-7.250836120401337,-1.7357859531772575,-7.1806020066889635,-1.1270903010033444,-2.150501672240803,-1.859531772575251,-5.3879598662207355,-5.264214046822742,-7.949832775919733,-1.31438127090301,-2.391304347826087,-1.8294314381270902,,-6.177257525083612,-1.6688963210702341,-1.1538461538461537,-2.4046822742474916,-6.173913043478261,,-1.8662207357859533,-4.7959866220735785,-1.488294314381271,-3.8327759197324416,-5.3076923076923075,-2.9732441471571907,-3.779264214046823,-7.334448160535117,-7.775919732441472,-6.237458193979933,-2.882943143812709,-1.8695652173913042,-6.983277591973244,-6.762541806020067,,,-7.070234113712375,-1.3177257525083612,-6.137123745819398,-2.0535117056856187,-4.451505016722408,-2.3478260869565215,-1.79933110367893,,-6.023411371237458,-5.050167224080267,-1.100334448160535,-7.963210702341137,-7.043478260869565,-6.033444816053512,-7.010033444816053,-1.2876254180602007,-3.0903010033444818,-1.8762541806020065,-6.1237458193979935,-5.976588628762542,-2.8060200668896322,-5.688963210702341,,-1.3210702341137124,-3.608695652173913,,,-1.5752508361204014,-6.354515050167224,-2.4849498327759196,-6.632107023411371,-1.3043478260869565,-3.491638795986622,,-7.88628762541806,-1.3110367892976589,-2.274247491638796,-1.548494983277592,,-1.5953177257525084,-6.642140468227424,-4.903010033444816,-1.2408026755852843,,-1.0969899665551839,-5.709030100334449,-7.34448160535117,-2.8561872909698995,-1.3678929765886287,-1.1705685618729098,-5.468227424749164,-4.698996655518394,-7.3712374581939795,-2.060200668896321,-3.3946488294314383,-4.441471571906354,-5.638795986622074,-1.6956521739130435,-5.705685618729097,-4.157190635451505,-2.130434782608696,-6.1438127090301,-7.558528428093646,,,-1.0033444816053512,-7.2207357859531776,-7.234113712374582,-5.923076923076923,-5.190635451505017,-2.1672240802675584,-6.916387959866221,-7.364548494983278,-1.9331103678929766,-7.498327759197324,-1.3779264214046822,-1.193979933110368,-1.568561872909699,-1.294314381270903,-4.789297658862877,-3.8461538461538463,,,-7.016722408026756,,-2.9264214046822743,-1.8494983277591972,-1.5618729096989967,-1.7658862876254182,-7.906354515050167,-7.51505016722408,,-7.45819397993311,-7.729096989966555,-7.7324414715719065,-7.8996655518394645,-3.919732441471572,-3.749163879598662,-5.8361204013377925,-5.648829431438127,,,-7.254180602006689,-1.9130434782608696,-1.8428093645484949,-1.431438127090301,-6.672240802675585,-2.6555183946488294,-7.381270903010034,-6.678929765886288,-7.852842809364549,-2.331103678929766,-6.8193979933110365,-7.682274247491639,-1.4816053511705687,-7.6755852842809364,-7.083612040133779,,,-3.551839464882943,,-1.7826086956521738,-7.702341137123746,-7.618729096989966,-7.889632107023411,-1.2006688963210703,,-4.518394648829432,-7.719063545150502,-6.494983277591973,-3.8160535117056855,,-1.2775919732441472,,-2.862876254180602,-7.183946488294314,-4.578595317725752,-4.54180602006689,,-5.665551839464883,-1.8260869565217392,-2.2040133779264215,-3.2274247491638794,,-1.625418060200669,-1.725752508361204,-4.953177257525084,-6.464882943143813,,,,-6.785953177257525,-6.7558528428093645,-7.103678929765886,,-4.6120401337792645,-1.7926421404682276,-1.471571906354515,-3.759197324414716,-6.093645484949833,-6.290969899665551,-4.591973244147157,-7.461538461538462,,,-5.65886287625418,,-4.622073578595318,-2.4548494983277593,-5.357859531772576,,-1.9364548494983278,-5.501672240802676,-7.160535117056856,-7.026755852842809,-6.210702341137123,-6.040133779264214,-7.147157190635451,-5.036789297658863,-1.0869565217391304,-3.959866220735786,-7.133779264214047,-1.2608695652173914,-6.2842809364548495,-7.662207357859532,-7.080267558528428,,-6.361204013377926,-3.3377926421404682,-4.120401337792642,-5.969899665551839,-1.9464882943143813,-7.9397993311036785,-3.9966555183946486,-1.0301003344481605,-5.013377926421405,-2.1103678929765888,-2.117056856187291,-7.1638795986622075,-5.0,-6.1404682274247495,-7.7725752508361206,-7.046822742474917,-1.2173913043478262,,-4.076923076923077,-1.9866220735785953
2024-12-31,,,-1.9866220735785953,,-2.5551839464882944,,-1.6153846153846154,-3.327759197324415,-1.839464882943144,-7.769230769230769,-7.7959866220735785,-3.59866220735786,-5.508361204013378,,-1.0133779264214047,-2.4381270903010033,,-7.892976588628763,-7.377926421404682,-7.2441471571906355,-7.511705685618729,-3.7157190635451505,-1.9063545150501673,-6.74247491638796,,-1.3076923076923077,-6.501672240802676,-1.0735785953177257,-5.34113712374582,-7.254180602006689,-5.581939799331104,-6.946488294314381,-7.270903010033445,-7.969899665551839,,-7.1237458193979935,-7.110367892976589,-4.3244147157190636,-1.7357859531772575,,-4.498327759197324,-7.234113712374582,-3.859531772575251,-5.391304347826087,-7.2842809364548495,-1.7658862876254182,-6.896321070234114,-1.3010033444816054,-7.277591973244147,-7.153846153846154,-1.5384615384615383,-6.3879598662207355,,-1.7892976588628762,-5.54180602006689,-6.381270903010034,-6.521739130434782,-2.936454849498328,-6.297658862876254,-2.638795986622074,-6.197324414715719,-1.1137123745819397,-5.160535117056856,-4.79933110367893,-6.471571906354515,-6.2675585284280935,-7.852842809364549,-6.468227424749164,-4.505016722408027,-5.869565217391305,,-4.2274247491638794,-2.709030100334448,-2.1638795986622075,-1.411371237458194,-5.224080267558528,,-1.4849498327759196,-6.605351170568562,-2.5351170568561874,-2.9264214046822743,-7.274247491638796,-3.117056856187291,-4.812709030100335,-7.240802675585284,-7.792642140468227,-7.237458193979933,-1.1772575250836121,-1.3210702341137124,-7.973244147157191,-5.454849498327759,,,-7.086956521739131,-4.351170568561873,-4.137123745819398,-3.05685618729097,-4.190635451505017,-3.3846153846153846,-1.8494983277591972,,-5.040133779264214,-5.066889632107023,-1.0903010033444815,-4.976588628762542,-6.043478260869565,-6.0200668896321075,-7.003344481605351,-4.264214046822742,-4.076923076923077,-1.919732441471572,-6.130434782608695,-6.916387959866221,-7.809364548494983,-3.548494983277592,,-2.3545150501672243,-1.68561872909699,,,-7.588628762541806,,-3.4247491638795986,-5.672240802675585,-2.3645484949832776,-5.414715719063545,,-2.882943143812709,-3.3444816053511706,-1.3110367892976589,-3.551839464882943,,-1.3177257525083612,-7.725752508361204,-3.9297658862876252,-1.2876254180602007,,-1.1672240802675584,-4.745819397993311,-4.374581939799331,-2.8361204013377925,-1.5652173913043477,-1.180602006688963,-6.558528428093646,-4.6755852842809364,-6.334448160535117,-3.0635451505016724,-5.337792642140468,-1.5183946488294313,-4.662207357859532,-1.7625418060200668,-2.6956521739130435,-7.187290969899665,-3.060200668896321,-5.107023411371237,-7.170568561872909,,-1.488294314381271,-1.0066889632107023,-7.25752508361204,-7.20066889632107,-7.959866220735786,-7.230769230769231,-3.157190635451505,-7.956521739130435,-7.408026755852843,-1.9431438127090301,-7.491638795986622,-1.3478260869565217,-2.2140468227424748,-1.6321070234113713,-1.8762541806020065,-1.8294314381270902,-1.9096989966555182,,,-5.010033444816053,,-3.939799331103679,-7.862876254180602,-2.6421404682274248,-1.8026755852842808,-6.913043478260869,-6.444816053511706,,-6.45819397993311,-1.7759197324414715,-7.759197324414716,-7.889632107023411,-3.9498327759197327,-6.785953177257525,-7.879598662207358,-7.65551839464883,,-7.635451505016722,-6.247491638795987,-1.9331103678929766,-2.8260869565217392,-1.294314381270903,-5.846153846153846,-2.8060200668896322,-7.431438127090301,-6.678929765886288,-6.729096989966555,-3.3578595317725752,-7.832775919732441,-7.705685618729097,-2.4347826086956523,-7.722408026755852,-7.1438127090301,,,-2.6454849498327757,,-1.7023411371237458,-7.739130434782608,-4.65886287625418,-7.872909698996655,-1.2073578595317727,,-6.531772575250836,-5.7324414715719065,-5.578595317725752,-4.866220735785953,,-2.361204013377926,,-4.8561872909699,-6.193979933110368,-4.618729096989966,-6.585284280936455,,-6.568561872909699,-2.6989966555183944,-1.2173913043478262,-6.290969899665551,,-1.6889632107023411,-2.682274247491639,-4.903010033444816,-5.404682274247492,,,,-4.8193979933110365,-7.7792642140468224,-7.093645484949833,,-3.62876254180602,-1.8428093645484949,-2.5618729096989967,-6.752508361204013,-6.096989966555184,-3.4180602006688963,-6.5719063545150505,-7.494983277591973,,,,,-4.668896321070234,-3.5150501672240804,-4.260869565217392,,-2.1270903010033444,-5.150501672240803,-7.133779264214047,-7.033444816053512,-6.183946488294314,-7.026755852842809,-5.40133779264214,-4.030100334448161,-3.0836120401337794,-4.983277591973244,-7.147157190635451,-2.280936454849498,-7.210702341137123,-4.712374581939799,-6.1003344481605355,,-7.394648829431438,-3.8862876254180603,-2.9531772575250836,-6.963210702341137,-1.2207357859531773,-7.966555183946488,-5.996655518394649,-2.0468227424749164,-6.023411371237458,-2.140468227424749,-1.3979933110367893,-7.173913043478261,-4.0,-6.120401337792642,-7.448160535117057,-6.050167224080267,-3.331103678929766,,-1.0702341137123745,-2.9899665551839467
